DateTime,SM FT OPF,SM GF,SM KV OPF,SM NPI,SM TLO,IB GF,IB NPI,IB OPF
2024-04-25 06:00:00,0,2.11,0,1.551475746,4.22,0,2.5,64.18
2024-04-25 06:30:00,0,2.11,0,1.579098574,4.22,0,2.5,64.18
2024-04-25 07:00:00,0,2.11,0,1.604024891,4.22,0,2.5,64.18
2024-04-25 07:30:00,0,2.11,0,1.60360469,4.22,0,2.5,64.18
2024-04-25 08:00:00,0,2.11,0,1.590871318,3.06,0,2.5,64.18
2024-04-25 08:30:00,0,2.11,0,1.575151306,3.06,0,2.5,64.18
2024-04-25 09:00:00,0,2.11,0,1.569054689,4.18,0,2.5,64.18
2024-04-25 09:30:00,0,2.11,0,1.622995257,4.18,0,2.5,64.18
2024-04-25 10:00:00,0,2.11,0,1.701549111,4.18,0,2.5,64.18
2024-04-25 10:30:00,0,2.11,0,1.765619228,4.18,0,2.5,64.18
2024-04-25 11:00:00,0,2.11,0,1.821005452,3.13,0,2.5,64.18
2024-04-25 11:30:00,0,2.11,0,1.868683334,3.13,0,2.5,64.18
2024-04-25 12:00:00,0,2.11,0,1.907330252,2.47,0,2.5,64.18
2024-04-25 12:30:00,0,2.11,0,1.940669208,2.47,0,2.5,64.18
2024-04-25 13:00:00,0,2.11,0,1.984339645,2.7,0,2.5,64.18
2024-04-25 13:30:00,0,2.11,0,2.035393849,2.7,0,2.5,64.18
2024-04-25 14:00:00,0,2.11,0,2.106383768,2.7,0,2.5,64.18
2024-04-25 14:30:00,0,2.11,0,2.153437526,2.7,0,2.5,64.18
2024-04-25 15:00:00,0,2.11,0,2.183681823,2.7,0,2.5,64.18
2024-04-25 15:30:00,0,2.11,0,2.236712739,2.7,0,2.5,64.18
2024-04-25 16:00:00,0,2.11,0,2.237097171,2.7,0,2.5,64.18
2024-04-25 16:30:00,0,2.11,0,2.172729896,2.7,0,2.5,64.18
2024-04-25 17:00:00,0,2.11,0,2.124139586,2.7,0,2.5,64.18
2024-04-25 17:30:00,0,2.11,0,2.170551648,2.7,0,2.5,64.18
2024-04-25 18:00:00,0,2.11,0,2.295091265,2.58,0,2.5,64.18
2024-04-25 18:30:00,0,2.11,0,2.381219689,2.58,0,2.5,64.18
2024-04-25 19:00:00,0,2.11,0,2.416883376,3.58,0,2.5,64.18
2024-04-25 19:30:00,0,2.11,0,2.321799791,3.58,0,2.5,64.18
2024-04-25 20:00:00,0,2.11,0,2.129509785,3.92,0,2.5,64.18
2024-04-25 20:30:00,0,2.11,0,1.924578597,3.92,0,2.5,64.18
2024-04-25 21:00:00,0,2.11,0,1.751889474,3.92,0,2.5,64.18
2024-04-25 21:30:00,0,2.11,0,1.652290991,3.92,0,2.5,64.18
2024-04-25 22:00:00,0,2.11,0,1.56668959,2.19,0,2.5,64.18
2024-04-25 22:30:00,0,2.11,0,1.490124064,2.19,0,2.5,64.18
2024-04-25 23:00:00,0,2.11,0,1.429553122,3.72,0,2.5,64.18
2024-04-25 23:30:00,0,2.11,0,1.386478625,3.72,0,2.5,64.18
2024-04-26 00:00:00,0,2.11,0,1.341910873,3.82,0,2.5,64.18
2024-04-26 00:30:00,0,2.11,0,1.312101481,3.82,0,2.5,64.18
2024-04-26 01:00:00,0,2.11,0,1.294975884,3.82,0,2.5,64.18
2024-04-26 01:30:00,0,2.11,0,1.278273566,3.82,0,2.5,64.18
2024-04-26 02:00:00,0,2.11,0,1.271174187,3.74,0,2.5,64.18
2024-04-26 02:30:00,0,2.11,0,1.273272693,3.74,0,2.5,64.18
2024-04-26 03:00:00,0,2.11,0,1.285008049,3.91,0,2.5,64.18
2024-04-26 03:30:00,0,2.11,0,1.368127005,3.91,0,2.5,64.18
2024-04-26 04:00:00,0,2.11,0,1.508964519,3.91,0,2.5,64.18
2024-04-26 04:30:00,0,2.11,0,1.567713938,3.91,0,2.5,64.18
2024-04-26 05:00:00,0,2.11,0,1.52901291,3.57,0,2.5,64.18
2024-04-26 05:30:00,0,2.11,0,1.503276896,3.57,0,2.5,64.18
2024-04-26 06:00:00,0,2.11,0,1.542660543,3.91,0,2.5,64.18
2024-04-26 06:30:00,0,2.11,0,1.570126423,3.91,0,2.5,64.18
2024-04-26 07:00:00,0,2.11,0,1.594911113,3.91,0,2.5,64.18
2024-04-26 07:30:00,0,2.11,0,1.5944933,3.91,0,2.5,64.18
2024-04-26 08:00:00,0,2.11,0,1.581832277,3.72,0,2.5,64.18
2024-04-26 08:30:00,0,2.11,0,1.566201582,3.72,0,2.5,64.18
2024-04-26 09:00:00,0,2.11,0,1.560139606,3.91,0,2.5,64.18
2024-04-26 09:30:00,0,2.11,0,1.613773693,3.91,0,2.5,64.18
2024-04-26 10:00:00,0,2.11,0,1.691881218,3.91,0,2.5,64.18
2024-04-26 10:30:00,0,2.11,0,1.755587301,3.91,0,2.5,64.18
2024-04-26 11:00:00,0,2.11,0,1.810658831,3.87,0,2.5,64.18
2024-04-26 11:30:00,0,2.11,0,1.858065815,3.87,0,2.5,64.18
2024-04-26 12:00:00,0,2.11,0,1.896493149,3.91,0,2.5,64.18
2024-04-26 12:30:00,0,2.11,0,1.929642678,3.91,0,2.5,64.18
2024-04-26 13:00:00,0,2.11,0,1.973064988,3.91,0,2.5,64.18
2024-04-26 13:30:00,0,2.11,0,2.023829111,3.91,0,2.5,64.18
2024-04-26 14:00:00,0,2.11,0,2.094415678,3.72,0,2.5,64.18
2024-04-26 14:30:00,0,2.11,0,2.141202085,3.72,0,2.5,64.18
2024-04-26 15:00:00,0,2.11,0,2.17127454,3.61,0,2.5,64.18
2024-04-26 15:30:00,0,2.11,0,2.224004144,3.61,0,2.5,64.18
2024-04-26 16:00:00,0,2.11,0,2.224386391,3.91,0,2.5,64.18
2024-04-26 16:30:00,0,2.11,0,2.16038484,3.91,0,2.5,64.18
2024-04-26 17:00:00,0,2.11,0,2.112070611,3.91,0,2.5,64.18
2024-04-26 17:30:00,0,2.11,0,2.158218968,3.91,0,2.5,64.18
2024-04-26 18:00:00,0,2.11,0,2.282050973,3.53,0,2.5,64.18
2024-04-26 18:30:00,0,2.11,0,2.367690032,3.53,0,2.5,64.18
2024-04-26 19:00:00,0,2.11,0,2.403151084,3.91,0,2.5,64.18
2024-04-26 19:30:00,0,2.11,0,2.308607746,3.91,0,2.5,64.18
2024-04-26 20:00:00,0,2.11,0,2.117410298,3.91,0,2.5,64.18
2024-04-26 20:30:00,0,2.11,0,1.913643492,3.91,0,2.5,64.18
2024-04-26 21:00:00,0,2.11,0,1.741935557,3.42,0,2.5,64.18
2024-04-26 21:30:00,0,2.11,0,1.642902974,3.42,0,2.5,64.18
2024-04-26 22:00:00,0,2.11,0,1.557787944,3.91,0,2.5,64.18
2024-04-26 22:30:00,0,2.11,0,1.48165745,3.91,0,2.5,64.18
2024-04-26 23:00:00,0,2.11,0,1.421430661,3.91,0,2.5,64.18
2024-04-26 23:30:00,0,2.11,0,1.378600905,3.91,0,2.5,64.18
2024-04-27 00:00:00,0,2.11,0,1.334242811,3.57,0,2.5,64.18
2024-04-27 00:30:00,0,2.11,0,1.304603758,3.57,0,2.5,64.18
2024-04-27 01:00:00,0,2.11,0,1.287576021,3.91,0,2.5,64.18
2024-04-27 01:30:00,0,2.11,0,1.270969145,3.91,0,2.5,64.18
2024-04-27 02:00:00,0,2.11,0,1.263910334,3.91,0,2.5,64.18
2024-04-27 02:30:00,0,2.11,0,1.265996849,3.91,0,2.5,64.18
2024-04-27 03:00:00,0,2.11,0,1.277665146,3.91,0,2.5,64.18
2024-04-27 03:30:00,0,2.11,0,1.360309136,3.91,0,2.5,64.18
2024-04-27 04:00:00,0,2.11,0,1.500341865,3.42,0,2.5,64.18
2024-04-27 04:30:00,0,2.11,0,1.558755573,3.42,0,2.5,64.18
2024-04-27 05:00:00,0,2.11,0,1.520275693,3.91,0,2.5,64.18
2024-04-27 05:30:00,0,2.11,0,1.494686742,3.91,0,2.5,64.18
2024-04-27 06:00:00,0,2.11,0,1.53384534,3.91,0,2.5,64.18
2024-04-27 06:30:00,0,2.11,0,1.561154272,3.91,0,2.5,64.18
2024-04-27 07:00:00,0,2.11,0,1.585797335,3.53,0,2.5,64.18
2024-04-27 07:30:00,0,2.11,0,1.585381909,3.53,0,2.5,64.18
2024-04-27 08:00:00,0,2.11,0,1.572793235,3.91,0,2.5,64.18
2024-04-27 08:30:00,0,2.11,0,1.557251859,3.91,0,2.5,64.18
2024-04-27 09:00:00,0,2.11,0,1.551224522,3.91,0,2.5,64.18
2024-04-27 09:30:00,0,2.11,0,1.604552129,3.91,0,2.5,64.18
2024-04-27 10:00:00,0,2.11,0,1.682213326,3.12,0,2.5,64.18
2024-04-27 10:30:00,0,2.11,0,1.745555373,3.12,0,2.5,64.18
2024-04-27 11:00:00,0,2.11,0,1.800312209,0.0,0,2.5,64.18
2024-04-27 11:30:00,0,2.11,0,1.847448296,0.0,0,2.5,64.18
2024-04-27 12:00:00,0,2.11,0,1.885656045,3.73,0,2.5,64.18
2024-04-27 12:30:00,0,2.11,0,1.918616149,3.73,0,2.5,64.18
2024-04-27 13:00:00,0,2.11,0,1.961790331,3.73,0,2.5,64.18
2024-04-27 13:30:00,0,2.11,0,2.012264373,3.73,0,2.5,64.18
2024-04-27 14:00:00,0,2.11,0,2.082447589,3.73,0,2.5,64.18
2024-04-27 14:30:00,0,2.11,0,2.128966645,3.73,0,2.5,64.18
2024-04-27 15:00:00,0,2.11,0,2.158867257,3.73,0,2.5,64.18
2024-04-27 15:30:00,0,2.11,0,2.211295549,3.73,0,2.5,64.18
2024-04-27 16:00:00,0,2.11,0,2.211675612,3.73,0,2.5,64.18
2024-04-27 16:30:00,0,2.11,0,2.148039784,3.73,0,2.5,64.18
2024-04-27 17:00:00,0,2.11,0,2.100001637,3.73,0,2.5,64.18
2024-04-27 17:30:00,0,2.11,0,2.145886288,3.73,0,2.5,64.18
2024-04-27 18:00:00,0,2.11,0,2.269010682,3.73,0,2.5,64.18
2024-04-27 18:30:00,0,2.11,0,2.354160375,3.73,0,2.5,64.18
2024-04-27 19:00:00,0,2.11,0,2.389418793,3.73,0,2.5,64.18
2024-04-27 19:30:00,0,2.11,0,2.295415702,3.73,0,2.5,64.18
2024-04-27 20:00:00,0,2.11,0,2.10531081,3.73,0,2.5,64.18
2024-04-27 20:30:00,0,2.11,0,1.902708386,3.73,0,2.5,64.18
2024-04-27 21:00:00,0,2.11,0,1.73198164,3.73,0,2.5,64.18
2024-04-27 21:30:00,0,2.11,0,1.633514957,3.73,0,2.5,64.18
2024-04-27 22:00:00,0,2.11,0,1.548886299,3.73,0,2.5,64.18
2024-04-27 22:30:00,0,2.11,0,1.473190836,3.73,0,2.5,64.18
2024-04-27 23:00:00,0,2.11,0,1.4133082,3.73,0,2.5,64.18
2024-04-27 23:30:00,0,2.11,0,1.370723186,3.73,0,2.5,64.18
2024-04-28 00:00:00,0,2.11,0,1.326574749,3.73,0,2.5,64.18
2024-04-28 00:30:00,0,2.11,0,1.297106036,3.73,0,2.5,64.18
2024-04-28 01:00:00,0,2.11,0,1.280176159,3.73,0,2.5,64.18
2024-04-28 01:30:00,0,2.11,0,1.263664725,3.73,0,2.5,64.18
2024-04-28 02:00:00,0,2.11,0,1.256646482,3.73,0,2.5,64.18
2024-04-28 02:30:00,0,2.11,0,1.258721005,3.73,0,2.5,64.18
2024-04-28 03:00:00,0,2.11,0,1.270322242,3.73,0,2.5,64.18
2024-04-28 03:30:00,0,2.11,0,1.352491268,3.73,0,2.5,64.18
2024-04-28 04:00:00,0,2.11,0,1.49171921,3.73,0,2.5,64.18
2024-04-28 04:30:00,0,2.11,0,1.549797207,3.73,0,2.5,64.18
2024-04-28 05:00:00,0,2.11,0,1.511538476,3.73,0,2.5,64.18
2024-04-28 05:30:00,0,2.11,0,1.486096589,3.73,0,2.5,64.18
2024-04-28 06:00:00,0,2.11,0,1.525030137,3.43,0,2.5,64.18
2024-04-28 06:30:00,0,2.11,0,1.552182121,3.43,0,2.5,64.18
2024-04-28 07:00:00,0,2.11,0,1.576683557,3.43,0,2.5,64.18
2024-04-28 07:30:00,0,2.11,0,1.576270519,3.43,0,2.5,64.18
2024-04-28 08:00:00,0,2.11,0,1.563754193,3.43,0,2.5,64.18
2024-04-28 08:30:00,0,2.11,0,1.548302136,3.43,0,2.5,64.18
2024-04-28 09:00:00,0,2.11,0,1.542309439,3.43,0,2.5,64.18
2024-04-28 09:30:00,0,2.11,0,1.595330565,3.43,0,2.5,64.18
2024-04-28 10:00:00,0,2.11,0,1.672545433,3.43,0,2.5,64.18
2024-04-28 10:30:00,0,2.11,0,1.735523446,3.43,0,2.5,64.18
2024-04-28 11:00:00,0,2.11,0,1.789965587,3.43,0,2.5,64.18
2024-04-28 11:30:00,0,2.11,0,1.836830777,3.43,0,2.5,64.18
2024-04-28 12:00:00,0,2.11,0,1.874818941,3.43,0,2.5,64.18
2024-04-28 12:30:00,0,2.11,0,1.907589619,3.43,0,2.5,64.18
2024-04-28 13:00:00,0,2.11,0,1.950515674,3.43,0,2.5,64.18
2024-04-28 13:30:00,0,2.11,0,2.000699635,3.43,0,2.5,64.18
2024-04-28 14:00:00,0,2.11,0,2.070479499,3.43,0,2.5,64.18
2024-04-28 14:30:00,0,2.11,0,2.116731204,3.43,0,2.5,64.18
2024-04-28 15:00:00,0,2.11,0,2.146459974,3.43,0,2.5,64.18
2024-04-28 15:30:00,0,2.11,0,2.198586954,3.43,0,2.5,64.18
2024-04-28 16:00:00,0,2.11,0,2.198964832,3.43,0,2.5,64.18
2024-04-28 16:30:00,0,2.11,0,2.135694727,3.43,0,2.5,64.18
2024-04-28 17:00:00,0,2.11,0,2.087932662,3.43,0,2.5,64.18
2024-04-28 17:30:00,0,2.11,0,2.133553608,3.43,0,2.5,64.18
2024-04-28 18:00:00,0,2.11,0,2.255970391,3.43,0,2.5,64.18
2024-04-28 18:30:00,0,2.11,0,2.340630717,3.43,0,2.5,64.18
2024-04-28 19:00:00,0,2.11,0,2.375686501,3.43,0,2.5,64.18
2024-04-28 19:30:00,0,2.11,0,2.282223658,3.43,0,2.5,64.18
2024-04-28 20:00:00,0,2.11,0,2.093211323,3.43,0,2.5,64.18
2024-04-28 20:30:00,0,2.11,0,1.89177328,3.43,0,2.5,64.18
2024-04-28 21:00:00,0,2.11,0,1.722027722,3.43,0,2.5,64.18
2024-04-28 21:30:00,0,2.11,0,1.62412694,3.43,0,2.5,64.18
2024-04-28 22:00:00,0,2.11,0,1.539984653,3.43,0,2.5,64.18
2024-04-28 22:30:00,0,2.11,0,1.464724222,3.43,0,2.5,64.18
2024-04-28 23:00:00,0,2.11,0,1.405185739,3.43,0,2.5,64.18
2024-04-28 23:30:00,0,2.11,0,1.362845466,3.43,0,2.5,64.18
2024-04-29 00:00:00,0,2.11,0,1.318906687,3.43,0,2.5,64.18
2024-04-29 00:30:00,0,2.11,0,1.289608313,3.43,0,2.5,64.18
2024-04-29 01:00:00,0,2.11,0,1.272776297,3.43,0,2.5,64.18
2024-04-29 01:30:00,0,2.11,0,1.256360304,3.43,0,2.5,64.18
2024-04-29 02:00:00,0,2.11,0,1.249382629,3.43,0,2.5,64.18
2024-04-29 02:30:00,0,2.11,0,1.251445161,3.43,0,2.5,64.18
2024-04-29 03:00:00,0,2.11,0,1.262979339,3.43,0,2.5,64.18
2024-04-29 03:30:00,0,2.11,0,1.344673399,3.43,0,2.5,64.18
2024-04-29 04:00:00,0,2.11,0,1.483096556,3.43,0,2.5,64.18
2024-04-29 04:30:00,0,2.11,0,1.540838842,3.43,0,2.5,64.18
2024-04-29 05:00:00,0,2.11,0,1.50280126,3.43,0,2.5,64.18
2024-04-29 05:30:00,0,2.11,0,1.477506435,3.43,0,2.5,64.18
2024-04-29 06:00:00,0,2.11,0,1.516214934,3.73,0,2.5,64.18
2024-04-29 06:30:00,0,2.11,0,1.54320997,3.73,0,2.5,64.18
2024-04-29 07:00:00,0,2.11,0,1.567569779,3.73,0,2.5,64.18
2024-04-29 07:30:00,0,2.11,0,1.567159129,3.73,0,2.5,64.18
2024-04-29 08:00:00,0,2.11,0,1.554715152,3.73,0,2.5,64.18
2024-04-29 08:30:00,0,2.11,0,1.539352412,3.73,0,2.5,64.18
2024-04-29 09:00:00,0,2.11,0,1.533394355,3.73,0,2.5,64.18
2024-04-29 09:30:00,0,2.11,0,1.586109001,3.73,0,2.5,64.18
2024-04-29 10:00:00,0,2.11,0,1.66287754,3.73,0,2.5,64.18
2024-04-29 10:30:00,0,2.11,0,1.725491519,3.73,0,2.5,64.18
2024-04-29 11:00:00,0,2.11,0,1.779618965,3.73,0,2.5,64.18
2024-04-29 11:30:00,0,2.11,0,1.826213258,3.73,0,2.5,64.18
2024-04-29 12:00:00,0,2.11,0,1.863981838,3.73,0,2.5,64.18
2024-04-29 12:30:00,0,2.11,0,1.896563089,3.73,0,2.5,64.18
2024-04-29 13:00:00,0,2.11,0,1.939241016,3.73,0,2.5,64.18
2024-04-29 13:30:00,0,2.11,0,1.989134898,3.73,0,2.5,64.18
2024-04-29 14:00:00,0,2.11,0,2.058511409,3.73,0,2.5,64.18
2024-04-29 14:30:00,0,2.11,0,2.104495764,3.73,0,2.5,64.18
2024-04-29 15:00:00,0,2.11,0,2.134052691,3.73,0,2.5,64.18
2024-04-29 15:30:00,0,2.11,0,2.185878358,3.73,0,2.5,64.18
2024-04-29 16:00:00,0,2.11,0,2.186254053,3.73,0,2.5,64.18
2024-04-29 16:30:00,0,2.11,0,2.123349671,3.73,0,2.5,64.18
2024-04-29 17:00:00,0,2.11,0,2.075863687,3.73,0,2.5,64.18
2024-04-29 17:30:00,0,2.11,0,2.121220928,3.73,0,2.5,64.18
2024-04-29 18:00:00,0,2.11,0,2.2429301,3.73,0,2.5,64.18
2024-04-29 18:30:00,0,2.11,0,2.32710106,3.73,0,2.5,64.18
2024-04-29 19:00:00,0,2.11,0,2.361954209,3.73,0,2.5,64.18
2024-04-29 19:30:00,0,2.11,0,2.269031614,3.73,0,2.5,64.18
2024-04-29 20:00:00,0,2.11,0,2.081111836,3.73,0,2.5,64.18
2024-04-29 20:30:00,0,2.11,0,1.880838175,3.73,0,2.5,64.18
2024-04-29 21:00:00,0,2.11,0,1.712073805,3.73,0,2.5,64.18
2024-04-29 21:30:00,0,2.11,0,1.614738923,3.73,0,2.5,64.18
2024-04-29 22:00:00,0,2.11,0,1.531083008,3.73,0,2.5,64.18
2024-04-29 22:30:00,0,2.11,0,1.456257608,3.73,0,2.5,64.18
2024-04-29 23:00:00,0,2.11,0,1.397063278,3.73,0,2.5,64.18
2024-04-29 23:30:00,0,2.11,0,1.354967747,3.73,0,2.5,64.18
2024-04-30 00:00:00,0,2.11,0,1.311238625,3.73,0,2.5,64.18
2024-04-30 00:30:00,0,2.11,0,1.28211059,3.73,0,2.5,64.18
2024-04-30 01:00:00,0,2.11,0,1.265376435,3.73,0,2.5,64.18
2024-04-30 01:30:00,0,2.11,0,1.249055884,3.73,0,2.5,64.18
2024-04-30 02:00:00,0,2.11,0,1.242118777,3.73,0,2.5,64.18
2024-04-30 02:30:00,0,2.11,0,1.244169317,3.73,0,2.5,64.18
2024-04-30 03:00:00,0,2.11,0,1.255636436,3.73,0,2.5,64.18
2024-04-30 03:30:00,0,2.11,0,1.336855531,3.73,0,2.5,64.18
2024-04-30 04:00:00,0,2.11,0,1.474473901,3.73,0,2.5,64.18
2024-04-30 04:30:00,0,2.11,0,1.531880476,3.73,0,2.5,64.18
2024-04-30 05:00:00,0,2.11,0,1.494064043,3.73,0,2.5,64.18
2024-04-30 05:30:00,0,2.11,0,1.468916281,3.73,0,2.5,64.18
2024-04-30 06:00:00,0,2.11,0,1.507399731,3.43,0,2.5,64.18
2024-04-30 06:30:00,0,2.11,0,1.534237819,3.43,0,2.5,64.18
2024-04-30 07:00:00,0,2.11,0,1.558456002,3.43,0,2.5,64.18
2024-04-30 07:30:00,0,2.11,0,1.558047739,3.43,0,2.5,64.18
2024-04-30 08:00:00,0,2.11,0,1.54567611,3.43,0,2.5,64.18
2024-04-30 08:30:00,0,2.11,0,1.530402689,3.43,0,2.5,64.18
2024-04-30 09:00:00,0,2.11,0,1.524479272,3.43,0,2.5,64.18
2024-04-30 09:30:00,0,2.11,0,1.576887437,3.43,0,2.5,64.18
2024-04-30 10:00:00,0,2.11,0,1.653209648,3.43,0,2.5,64.18
2024-04-30 10:30:00,0,2.11,0,1.715459591,3.43,0,2.5,64.18
2024-04-30 11:00:00,0,2.11,0,1.769272343,3.43,0,2.5,64.18
2024-04-30 11:30:00,0,2.11,0,1.81559574,3.43,0,2.5,64.18
2024-04-30 12:00:00,0,2.11,0,1.853144734,3.43,0,2.5,64.18
2024-04-30 12:30:00,0,2.11,0,1.88553656,3.43,0,2.5,64.18
2024-04-30 13:00:00,0,2.11,0,1.927966359,3.43,0,2.5,64.18
2024-04-30 13:30:00,0,2.11,0,1.97757016,3.43,0,2.5,64.18
2024-04-30 14:00:00,0,2.11,0,2.04654332,3.43,0,2.5,64.18
2024-04-30 14:30:00,0,2.11,0,2.092260323,3.43,0,2.5,64.18
2024-04-30 15:00:00,0,2.11,0,2.121645408,3.43,0,2.5,64.18
2024-04-30 15:30:00,0,2.11,0,2.173169763,3.43,0,2.5,64.18
2024-04-30 16:00:00,0,2.11,0,2.173543274,3.43,0,2.5,64.18
2024-04-30 16:30:00,0,2.11,0,2.111004615,3.43,0,2.5,64.18
2024-04-30 17:00:00,0,2.11,0,2.063794712,3.43,0,2.5,64.18
2024-04-30 17:30:00,0,2.11,0,2.108888248,3.43,0,2.5,64.18
2024-04-30 18:00:00,0,2.11,0,2.229889808,3.43,0,2.5,64.18
2024-04-30 18:30:00,0,2.11,0,2.313571403,3.43,0,2.5,64.18
2024-04-30 19:00:00,0,2.11,0,2.348221917,3.43,0,2.5,64.18
2024-04-30 19:30:00,0,2.11,0,2.255839569,3.43,0,2.5,64.18
2024-04-30 20:00:00,0,2.11,0,2.069012348,3.43,0,2.5,64.18
2024-04-30 20:30:00,0,2.11,0,1.869903069,3.43,0,2.5,64.18
2024-04-30 21:00:00,0,2.11,0,1.702119887,3.43,0,2.5,64.18
2024-04-30 21:30:00,0,2.11,0,1.605350906,3.43,0,2.5,64.18
2024-04-30 22:00:00,0,2.11,0,1.522181363,3.43,0,2.5,64.18
2024-04-30 22:30:00,0,2.11,0,1.447790994,3.43,0,2.5,64.18
2024-04-30 23:00:00,0,2.11,0,1.388940817,3.43,0,2.5,64.18
2024-04-30 23:30:00,0,2.11,0,1.347090027,3.43,0,2.5,64.18
2024-05-01 00:00:00,0,2.11,0,1.303570563,3.43,0,2.5,64.18
2024-05-01 00:30:00,0,2.11,0,1.274612867,3.43,0,2.5,64.18
2024-05-01 01:00:00,0,2.11,0,1.257976573,3.43,0,2.5,64.18
2024-05-01 01:30:00,0,2.11,0,1.241751464,3.43,0,2.5,64.18
2024-05-01 02:00:00,0,2.11,0,1.234854924,3.43,0,2.5,64.18
2024-05-01 02:30:00,0,2.11,0,1.236893473,3.43,0,2.5,64.18
2024-05-01 03:00:00,0,2.11,0,1.248293533,3.43,0,2.5,64.18
2024-05-01 03:30:00,0,2.11,0,1.329037662,3.43,0,2.5,64.18
2024-05-01 04:00:00,0,2.11,0,1.465851247,3.43,0,2.5,64.18
2024-05-01 04:30:00,0,2.11,0,1.522922111,3.43,0,2.5,64.18
2024-05-01 05:00:00,0,2.11,0,1.485326826,3.43,0,2.5,64.18
2024-05-01 05:30:00,0,2.11,0,1.460326128,3.43,0,2.5,64.18
2024-05-01 06:00:00,0,2.11,0,1.498584528,3.43,0,2.5,69.5
2024-05-01 06:30:00,0,2.11,0,1.525265668,3.43,0,2.5,69.5
2024-05-01 07:00:00,0,2.11,0,1.549342224,3.43,0,2.5,69.5
2024-05-01 07:30:00,0,2.11,0,1.548936348,3.43,0,2.5,69.5
2024-05-01 08:00:00,0,2.11,0,1.536637069,3.43,0,2.5,69.5
2024-05-01 08:30:00,0,2.11,0,1.521452966,3.43,0,2.5,69.5
2024-05-01 09:00:00,0,2.11,0,1.515564188,3.43,0,2.5,69.5
2024-05-01 09:30:00,0,2.11,0,1.567665873,3.43,0,2.5,69.5
2024-05-01 10:00:00,0,2.11,0,1.643541755,3.43,0,2.5,69.5
2024-05-01 10:30:00,0,2.11,0,1.705427664,3.43,0,2.5,69.5
2024-05-01 11:00:00,0,2.11,0,1.758925721,3.43,0,2.5,69.5
2024-05-01 11:30:00,0,2.11,0,1.804978221,3.43,0,2.5,69.5
2024-05-01 12:00:00,0,2.11,0,1.84230763,3.43,0,2.5,69.5
2024-05-01 12:30:00,0,2.11,0,1.87451003,3.43,0,2.5,69.5
2024-05-01 13:00:00,0,2.11,0,1.916691702,3.43,0,2.5,69.5
2024-05-01 13:30:00,0,2.11,0,1.966005422,3.43,0,2.5,69.5
2024-05-01 14:00:00,0,2.11,0,2.03457523,3.43,0,2.5,69.5
2024-05-01 14:30:00,0,2.11,0,2.080024883,3.43,0,2.5,69.5
2024-05-01 15:00:00,0,2.11,0,2.109238125,3.43,0,2.5,69.5
2024-05-01 15:30:00,0,2.11,0,2.160461168,3.43,0,2.5,69.5
2024-05-01 16:00:00,0,2.11,0,2.160832494,3.43,0,2.5,69.5
2024-05-01 16:30:00,0,2.11,0,2.098659559,3.43,0,2.5,69.5
2024-05-01 17:00:00,0,2.11,0,2.051725737,3.43,0,2.5,69.5
2024-05-01 17:30:00,0,2.11,0,2.096555569,3.43,0,2.5,69.5
2024-05-01 18:00:00,0,2.11,0,2.216849517,3.43,0,2.5,69.5
2024-05-01 18:30:00,0,2.11,0,2.300041745,3.43,0,2.5,69.5
2024-05-01 19:00:00,0,2.11,0,2.334489625,3.43,0,2.5,69.5
2024-05-01 19:30:00,0,2.11,0,2.242647525,3.43,0,2.5,69.5
2024-05-01 20:00:00,0,2.11,0,2.056912861,3.43,0,2.5,69.5
2024-05-01 20:30:00,0,2.11,0,1.858967963,3.43,0,2.5,69.5
2024-05-01 21:00:00,0,2.11,0,1.69216597,3.43,0,2.5,69.5
2024-05-01 21:30:00,0,2.11,0,1.595962889,3.43,0,2.5,69.5
2024-05-01 22:00:00,0,2.11,0,1.513279717,3.43,0,2.5,69.5
2024-05-01 22:30:00,0,2.11,0,1.43932438,3.43,0,2.5,69.5
2024-05-01 23:00:00,0,2.11,0,1.380818356,3.43,0,2.5,69.5
2024-05-01 23:30:00,0,2.11,0,1.339212308,3.43,0,2.5,69.5
2024-05-02 00:00:00,0,2.11,0,1.295902501,3.43,0,2.5,69.5
2024-05-02 00:30:00,0,2.11,0,1.267115145,3.43,0,2.5,69.5
2024-05-02 01:00:00,0,2.11,0,1.25057671,3.43,0,2.5,69.5
2024-05-02 01:30:00,0,2.11,0,1.234447043,3.43,0,2.5,69.5
2024-05-02 02:00:00,0,2.11,0,1.227591072,3.43,0,2.5,69.5
2024-05-02 02:30:00,0,2.11,0,1.229617629,3.43,0,2.5,69.5
2024-05-02 03:00:00,0,2.11,0,1.24095063,3.43,0,2.5,69.5
2024-05-02 03:30:00,0,2.11,0,1.321219793,3.43,0,2.5,69.5
2024-05-02 04:00:00,0,2.11,0,1.457228593,3.43,0,2.5,69.5
2024-05-02 04:30:00,0,2.11,0,1.513963746,3.43,0,2.5,69.5
2024-05-02 05:00:00,0,2.11,0,1.47658961,3.43,0,2.5,69.5
2024-05-02 05:30:00,0,2.11,0,1.451735974,3.43,0,2.5,69.5
2024-05-02 06:00:00,0,2.11,0,1.489769325,3.43,0,2.5,69.5
2024-05-02 06:30:00,0,2.11,0,1.516293517,3.43,0,2.5,69.5
2024-05-02 07:00:00,0,2.11,0,1.540228446,3.43,0,2.5,69.5
2024-05-02 07:30:00,0,2.11,0,1.539824958,3.43,0,2.5,69.5
2024-05-02 08:00:00,0,2.11,0,1.527598027,3.43,0,2.5,69.5
2024-05-02 08:30:00,0,2.11,0,1.512503242,3.43,0,2.5,69.5
2024-05-02 09:00:00,0,2.11,0,1.506649105,3.43,0,2.5,69.5
2024-05-02 09:30:00,0,2.11,0,1.558444309,3.43,0,2.5,69.5
2024-05-02 10:00:00,0,2.11,0,1.633873862,3.43,0,2.5,69.5
2024-05-02 10:30:00,0,2.11,0,1.695395736,3.43,0,2.5,69.5
2024-05-02 11:00:00,0,2.11,0,1.748579099,3.43,0,2.5,69.5
2024-05-02 11:30:00,0,2.11,0,1.794360702,3.43,0,2.5,69.5
2024-05-02 12:00:00,0,2.11,0,1.831470526,3.43,0,2.5,69.5
2024-05-02 12:30:00,0,2.11,0,1.863483501,3.43,0,2.5,69.5
2024-05-02 13:00:00,0,2.11,0,1.905417045,3.43,0,2.5,69.5
2024-05-02 13:30:00,0,2.11,0,1.954440684,3.43,0,2.5,69.5
2024-05-02 14:00:00,0,2.11,0,2.022607141,3.43,0,2.5,69.5
2024-05-02 14:30:00,0,2.11,0,2.067789442,3.43,0,2.5,69.5
2024-05-02 15:00:00,0,2.11,0,2.096830842,3.43,0,2.5,69.5
2024-05-02 15:30:00,0,2.11,0,2.147752573,3.43,0,2.5,69.5
2024-05-02 16:00:00,0,2.11,0,2.148121715,3.43,0,2.5,69.5
2024-05-02 16:30:00,0,2.11,0,2.086314502,3.43,0,2.5,69.5
2024-05-02 17:00:00,0,2.11,0,2.039656762,3.43,0,2.5,69.5
2024-05-02 17:30:00,0,2.11,0,2.084222889,3.43,0,2.5,69.5
2024-05-02 18:00:00,0,2.11,0,2.203809226,3.43,0,2.5,69.5
2024-05-02 18:30:00,0,2.11,0,2.286512088,3.43,0,2.5,69.5
2024-05-02 19:00:00,0,2.11,0,2.320757333,3.43,0,2.5,69.5
2024-05-02 19:30:00,0,2.11,0,2.229455481,3.43,0,2.5,69.5
2024-05-02 20:00:00,0,2.11,0,2.044813373,3.43,0,2.5,69.5
2024-05-02 20:30:00,0,2.11,0,1.848032858,3.43,0,2.5,69.5
2024-05-02 21:00:00,0,2.11,0,1.682212052,3.43,0,2.5,69.5
2024-05-02 21:30:00,0,2.11,0,1.586574872,3.43,0,2.5,69.5
2024-05-02 22:00:00,0,2.11,0,1.504378072,3.43,0,2.5,69.5
2024-05-02 22:30:00,0,2.11,0,1.430857766,3.43,0,2.5,69.5
2024-05-02 23:00:00,0,2.11,0,1.372695895,3.43,0,2.5,69.5
2024-05-02 23:30:00,0,2.11,0,1.331334589,3.43,0,2.5,69.5
2024-05-03 00:00:00,0,2.11,0,1.288234438,3.43,0,2.5,69.5
2024-05-03 00:30:00,0,2.11,0,1.259617422,3.43,0,2.5,69.5
2024-05-03 01:00:00,0,2.11,0,1.243176848,3.43,0,2.5,69.5
2024-05-03 01:30:00,0,2.11,0,1.227142623,3.43,0,2.5,69.5
2024-05-03 02:00:00,0,2.11,0,1.220327219,3.43,0,2.5,69.5
2024-05-03 02:30:00,0,2.11,0,1.222341785,3.43,0,2.5,69.5
2024-05-03 03:00:00,0,2.11,0,1.233607727,3.43,0,2.5,69.5
2024-05-03 03:30:00,0,2.11,0,1.313401925,3.43,0,2.5,69.5
2024-05-03 04:00:00,0,2.11,0,1.448605938,3.43,0,2.5,69.5
2024-05-03 04:30:00,0,2.11,0,1.50500538,3.43,0,2.5,69.5
2024-05-03 05:00:00,0,2.11,0,1.467852393,3.43,0,2.5,69.5
2024-05-03 05:30:00,0,2.11,0,1.44314582,3.43,0,2.5,69.5
2024-05-03 06:00:00,0,2.11,0,1.480954121,3.14,0,2.5,69.5
2024-05-03 06:30:00,0,2.11,0,1.507321366,3.14,0,2.5,69.5
2024-05-03 07:00:00,0,2.11,0,1.531114668,3.14,0,2.5,69.5
2024-05-03 07:30:00,0,2.11,0,1.530713568,3.14,0,2.5,69.5
2024-05-03 08:00:00,0,2.11,0,1.518558985,3.14,0,2.5,69.5
2024-05-03 08:30:00,0,2.11,0,1.503553519,3.14,0,2.5,69.5
2024-05-03 09:00:00,0,2.11,0,1.497734021,3.14,0,2.5,69.5
2024-05-03 09:30:00,0,2.11,0,1.549222745,3.14,0,2.5,69.5
2024-05-03 10:00:00,0,2.11,0,1.62420597,3.14,0,2.5,69.5
2024-05-03 10:30:00,0,2.11,0,1.685363809,3.14,0,2.5,69.5
2024-05-03 11:00:00,0,2.11,0,1.738232477,3.14,0,2.5,69.5
2024-05-03 11:30:00,0,2.11,0,1.783743183,3.14,0,2.5,69.5
2024-05-03 12:00:00,0,2.11,0,1.820633423,3.14,0,2.5,69.5
2024-05-03 12:30:00,0,2.11,0,1.852456971,3.14,0,2.5,69.5
2024-05-03 13:00:00,0,2.11,0,1.894142388,3.14,0,2.5,69.5
2024-05-03 13:30:00,0,2.11,0,1.942875946,3.14,0,2.5,69.5
2024-05-03 14:00:00,0,2.11,0,2.010639051,3.14,0,2.5,69.5
2024-05-03 14:30:00,0,2.11,0,2.055554002,3.14,0,2.5,69.5
2024-05-03 15:00:00,0,2.11,0,2.084423559,3.14,0,2.5,69.5
2024-05-03 15:30:00,0,2.11,0,2.135043978,3.14,0,2.5,69.5
2024-05-03 16:00:00,0,2.11,0,2.135410936,3.14,0,2.5,69.5
2024-05-03 16:30:00,0,2.11,0,2.073969446,3.14,0,2.5,69.5
2024-05-03 17:00:00,0,2.11,0,2.027587787,3.14,0,2.5,69.5
2024-05-03 17:30:00,0,2.11,0,2.071890209,3.14,0,2.5,69.5
2024-05-03 18:00:00,0,2.11,0,2.190768934,3.14,0,2.5,69.5
2024-05-03 18:30:00,0,2.11,0,2.272982431,3.14,0,2.5,69.5
2024-05-03 19:00:00,0,2.11,0,2.307025041,3.14,0,2.5,69.5
2024-05-03 19:30:00,0,2.11,0,2.216263436,3.14,0,2.5,69.5
2024-05-03 20:00:00,0,2.11,0,2.032713886,3.14,0,2.5,69.5
2024-05-03 20:30:00,0,2.11,0,1.837097752,3.14,0,2.5,69.5
2024-05-03 21:00:00,0,2.11,0,1.672258135,3.14,0,2.5,69.5
2024-05-03 21:30:00,0,2.11,0,1.577186855,3.14,0,2.5,69.5
2024-05-03 22:00:00,0,2.11,0,1.495476426,3.14,0,2.5,69.5
2024-05-03 22:30:00,0,2.11,0,1.422391152,3.14,0,2.5,69.5
2024-05-03 23:00:00,0,2.11,0,1.364573434,3.14,0,2.5,69.5
2024-05-03 23:30:00,0,2.11,0,1.323456869,3.14,0,2.5,69.5
2024-05-04 00:00:00,0,2.11,0,1.288234438,3.14,0,2.5,69.5
2024-05-04 00:30:00,0,2.11,0,1.259617422,3.14,0,2.5,69.5
2024-05-04 01:00:00,0,2.11,0,1.243176848,3.14,0,2.5,69.5
2024-05-04 01:30:00,0,2.11,0,1.227142623,3.14,0,2.5,69.5
2024-05-04 02:00:00,0,2.11,0,1.220327219,3.14,0,2.5,69.5
2024-05-04 02:30:00,0,2.11,0,1.222341785,3.14,0,2.5,69.5
2024-05-04 03:00:00,0,2.11,0,1.233607727,3.14,0,2.5,69.5
2024-05-04 03:30:00,0,2.11,0,1.313401925,3.14,0,2.5,69.5
2024-05-04 04:00:00,0,2.11,0,1.448605938,3.14,0,2.5,69.5
2024-05-04 04:30:00,0,2.11,0,1.50500538,3.14,0,2.5,69.5
2024-05-04 05:00:00,0,2.11,0,1.467852393,3.14,0,2.5,69.5
2024-05-04 05:30:00,0,2.11,0,1.44314582,3.14,0,2.5,69.5
2024-05-04 06:00:00,0,2.11,0,1.480954121,3.14,0,2.5,69.5
2024-05-04 06:30:00,0,2.11,0,1.507321366,3.14,0,2.5,69.5
2024-05-04 07:00:00,0,2.11,0,1.531114668,3.14,0,2.5,69.5
2024-05-04 07:30:00,0,2.11,0,1.530713568,3.14,0,2.5,69.5
2024-05-04 08:00:00,0,2.11,0,1.518558985,3.14,0,2.5,69.5
2024-05-04 08:30:00,0,2.11,0,1.503553519,3.14,0,2.5,69.5
2024-05-04 09:00:00,0,2.11,0,1.497734021,3.14,0,2.5,69.5
2024-05-04 09:30:00,0,2.11,0,1.549222745,3.14,0,2.5,69.5
2024-05-04 10:00:00,0,2.11,0,1.62420597,3.14,0,2.5,69.5
2024-05-04 10:30:00,0,2.11,0,1.685363809,3.14,0,2.5,69.5
2024-05-04 11:00:00,0,2.11,0,1.738232477,3.14,0,2.5,69.5
2024-05-04 11:30:00,0,2.11,0,1.783743183,3.14,0,2.5,69.5
2024-05-04 12:00:00,0,2.11,0,1.820633423,3.14,0,2.5,69.5
2024-05-04 12:30:00,0,2.11,0,1.852456971,3.14,0,2.5,69.5
2024-05-04 13:00:00,0,2.11,0,1.894142388,3.14,0,2.5,69.5
2024-05-04 13:30:00,0,2.11,0,1.942875946,3.14,0,2.5,69.5
2024-05-04 14:00:00,0,2.11,0,2.010639051,3.14,0,2.5,69.5
2024-05-04 14:30:00,0,2.11,0,2.055554002,3.14,0,2.5,69.5
2024-05-04 15:00:00,0,2.11,0,2.084423559,3.14,0,2.5,69.5
2024-05-04 15:30:00,0,2.11,0,2.135043978,3.14,0,2.5,69.5
2024-05-04 16:00:00,0,2.11,0,2.135410936,3.14,0,2.5,69.5
2024-05-04 16:30:00,0,2.11,0,2.073969446,3.14,0,2.5,69.5
2024-05-04 17:00:00,0,2.11,0,2.027587787,3.14,0,2.5,69.5
2024-05-04 17:30:00,0,2.11,0,2.071890209,3.14,0,2.5,69.5
2024-05-04 18:00:00,0,2.11,0,2.190768934,3.14,0,2.5,69.5
2024-05-04 18:30:00,0,2.11,0,2.272982431,3.14,0,2.5,69.5
2024-05-04 19:00:00,0,2.11,0,2.307025041,3.14,0,2.5,69.5
2024-05-04 19:30:00,0,2.11,0,2.216263436,3.14,0,2.5,69.5
2024-05-04 20:00:00,0,2.11,0,2.032713886,3.14,0,2.5,69.5
2024-05-04 20:30:00,0,2.11,0,1.837097752,3.14,0,2.5,69.5
2024-05-04 21:00:00,0,2.11,0,1.672258135,3.14,0,2.5,69.5
2024-05-04 21:30:00,0,2.11,0,1.577186855,3.14,0,2.5,69.5
2024-05-04 22:00:00,0,2.11,0,1.495476426,3.14,0,2.5,69.5
2024-05-04 22:30:00,0,2.11,0,1.422391152,3.14,0,2.5,69.5
2024-05-04 23:00:00,0,2.11,0,1.364573434,3.14,0,2.5,69.5
2024-05-04 23:30:00,0,2.11,0,1.323456869,3.14,0,2.5,69.5
2024-05-05 00:00:00,0,2.11,0,1.280566376,3.14,0,2.5,69.5
2024-05-05 00:30:00,0,2.11,0,1.252119699,3.14,0,2.5,69.5
2024-05-05 01:00:00,0,2.11,0,1.235776986,3.14,0,2.5,69.5
2024-05-05 01:30:00,0,2.11,0,1.219838203,3.14,0,2.5,69.5
2024-05-05 02:00:00,0,2.11,0,1.213063367,3.14,0,2.5,69.5
2024-05-05 02:30:00,0,2.11,0,1.215065941,3.14,0,2.5,69.5
2024-05-05 03:00:00,0,2.11,0,1.226264824,3.14,0,2.5,69.5
2024-05-05 03:30:00,0,2.11,0,1.305584056,3.14,0,2.5,69.5
2024-05-05 04:00:00,0,2.11,0,1.439983284,3.14,0,2.5,69.5
2024-05-05 04:30:00,0,2.11,0,1.496047015,3.14,0,2.5,69.5
2024-05-05 05:00:00,0,2.11,0,1.459115177,3.14,0,2.5,69.5
2024-05-05 05:30:00,0,2.11,0,1.434555667,3.14,0,2.5,69.5
2024-05-05 06:00:00,0,2.11,0,1.472138918,3.14,0,2.5,69.5
2024-05-05 06:30:00,0,2.11,0,1.498349215,3.14,0,2.5,69.5
2024-05-05 07:00:00,0,2.11,0,1.52200089,3.14,0,2.5,69.5
2024-05-05 07:30:00,0,2.11,0,1.521602177,3.14,0,2.5,69.5
2024-05-05 08:00:00,0,2.11,0,1.509519944,3.14,0,2.5,69.5
2024-05-05 08:30:00,0,2.11,0,1.494603796,3.14,0,2.5,69.5
2024-05-05 09:00:00,0,2.11,0,1.488818938,3.14,0,2.5,69.5
2024-05-05 09:30:00,0,2.11,0,1.540001181,3.14,0,2.5,69.5
2024-05-05 10:00:00,0,2.11,0,1.614538077,3.14,0,2.5,69.5
2024-05-05 10:30:00,0,2.11,0,1.675331881,3.14,0,2.5,69.5
2024-05-05 11:00:00,0,2.11,0,1.727885855,3.14,0,2.5,69.5
2024-05-05 11:30:00,0,2.11,0,1.773125664,3.14,0,2.5,69.5
2024-05-05 12:00:00,0,2.11,0,1.809796319,3.14,0,2.5,69.5
2024-05-05 12:30:00,0,2.11,0,1.841430441,3.14,0,2.5,69.5
2024-05-05 13:00:00,0,2.11,0,1.882867731,3.14,0,2.5,69.5
2024-05-05 13:30:00,0,2.11,0,1.931311209,3.14,0,2.5,69.5
2024-05-05 14:00:00,0,2.11,0,1.998670961,3.14,0,2.5,69.5
2024-05-05 14:30:00,0,2.11,0,2.043318561,3.14,0,2.5,69.5
2024-05-05 15:00:00,0,2.11,0,2.072016276,3.14,0,2.5,69.5
2024-05-05 15:30:00,0,2.11,0,2.122335383,3.14,0,2.5,69.5
2024-05-05 16:00:00,0,2.11,0,2.122700156,3.14,0,2.5,69.5
2024-05-05 16:30:00,0,2.11,0,2.06162439,3.14,0,2.5,69.5
2024-05-05 17:00:00,0,2.11,0,2.015518812,3.14,0,2.5,69.5
2024-05-05 17:30:00,0,2.11,0,2.059557529,3.14,0,2.5,69.5
2024-05-05 18:00:00,0,2.11,0,2.177728643,3.14,0,2.5,69.5
2024-05-05 18:30:00,0,2.11,0,2.259452773,3.14,0,2.5,69.5
2024-05-05 19:00:00,0,2.11,0,2.293292749,3.14,0,2.5,69.5
2024-05-05 19:30:00,0,2.11,0,2.203071392,3.14,0,2.5,69.5
2024-05-05 20:00:00,0,2.11,0,2.020614399,3.14,0,2.5,69.5
2024-05-05 20:30:00,0,2.11,0,1.826162646,3.14,0,2.5,69.5
2024-05-05 21:00:00,0,2.11,0,1.662304217,3.14,0,2.5,69.5
2024-05-05 21:30:00,0,2.11,0,1.567798838,3.14,0,2.5,69.5
2024-05-05 22:00:00,0,2.11,0,1.486574781,3.14,0,2.5,69.5
2024-05-05 22:30:00,0,2.11,0,1.413924538,3.14,0,2.5,69.5
2024-05-05 23:00:00,0,2.11,0,1.356450973,3.14,0,2.5,69.5
2024-05-05 23:30:00,0,2.11,0,1.31557915,3.14,0,2.5,69.5
2024-05-06 00:00:00,0,2.11,0,1.272898314,3.14,0,2.5,69.5
2024-05-06 00:30:00,0,2.11,0,1.244621976,3.14,0,2.5,69.5
2024-05-06 01:00:00,0,2.11,0,1.228377124,3.14,0,2.5,69.5
2024-05-06 01:30:00,0,2.11,0,1.212533782,3.14,0,2.5,69.5
2024-05-06 02:00:00,0,2.11,0,1.205799514,3.14,0,2.5,69.5
2024-05-06 02:30:00,0,2.11,0,1.207790097,3.14,0,2.5,69.5
2024-05-06 03:00:00,0,2.11,0,1.218921921,3.14,0,2.5,69.5
2024-05-06 03:30:00,0,2.11,0,1.297766188,3.14,0,2.5,69.5
2024-05-06 04:00:00,0,2.11,0,1.431360629,3.14,0,2.5,69.5
2024-05-06 04:30:00,0,2.11,0,1.48708865,3.14,0,2.5,69.5
2024-05-06 05:00:00,0,2.11,0,1.45037796,3.14,0,2.5,69.5
2024-05-06 05:30:00,0,2.11,0,1.425965513,3.14,0,2.5,69.5
2024-05-06 06:00:00,0,2.11,0,1.463323715,3.14,0,2.5,69.5
2024-05-06 06:30:00,0,2.11,0,1.489377064,3.14,0,2.5,69.5
2024-05-06 07:00:00,0,2.11,0,1.512887113,3.14,0,2.5,69.5
2024-05-06 07:30:00,0,2.11,0,1.512490787,3.14,0,2.5,69.5
2024-05-06 08:00:00,0,2.11,0,1.500480902,3.14,0,2.5,69.5
2024-05-06 08:30:00,0,2.11,0,1.485654072,3.14,0,2.5,69.5
2024-05-06 09:00:00,0,2.11,0,1.479903855,3.14,0,2.5,69.5
2024-05-06 09:30:00,0,2.11,0,1.530779617,3.14,0,2.5,69.5
2024-05-06 10:00:00,0,2.11,0,1.604870184,3.14,0,2.5,69.5
2024-05-06 10:30:00,0,2.11,0,1.665299954,3.14,0,2.5,69.5
2024-05-06 11:00:00,0,2.11,0,1.717539234,3.14,0,2.5,69.5
2024-05-06 11:30:00,0,2.11,0,1.762508145,3.14,0,2.5,69.5
2024-05-06 12:00:00,0,2.11,0,1.798959215,3.14,0,2.5,69.5
2024-05-06 12:30:00,0,2.11,0,1.830403912,3.14,0,2.5,69.5
2024-05-06 13:00:00,0,2.11,0,1.871593074,3.14,0,2.5,69.5
2024-05-06 13:30:00,0,2.11,0,1.919746471,3.14,0,2.5,69.5
2024-05-06 14:00:00,0,2.11,0,1.986702872,3.14,0,2.5,69.5
2024-05-06 14:30:00,0,2.11,0,2.031083121,3.14,0,2.5,69.5
2024-05-06 15:00:00,0,2.11,0,2.059608992,3.14,0,2.5,69.5
2024-05-06 15:30:00,0,2.11,0,2.109626788,3.14,0,2.5,69.5
2024-05-06 16:00:00,0,2.11,0,2.109989377,3.14,0,2.5,69.5
2024-05-06 16:30:00,0,2.11,0,2.049279334,3.14,0,2.5,69.5
2024-05-06 17:00:00,0,2.11,0,2.003449837,3.14,0,2.5,69.5
2024-05-06 17:30:00,0,2.11,0,2.047224849,3.14,0,2.5,69.5
2024-05-06 18:00:00,0,2.11,0,2.164688352,3.14,0,2.5,69.5
2024-05-06 18:30:00,0,2.11,0,2.245923116,3.14,0,2.5,69.5
2024-05-06 19:00:00,0,2.11,0,2.279560457,3.14,0,2.5,69.5
2024-05-06 19:30:00,0,2.11,0,2.189879348,3.14,0,2.5,69.5
2024-05-06 20:00:00,0,2.11,0,2.008514911,3.14,0,2.5,69.5
2024-05-06 20:30:00,0,2.11,0,1.815227541,3.14,0,2.5,69.5
2024-05-06 21:00:00,0,2.11,0,1.6523503,3.14,0,2.5,69.5
2024-05-06 21:30:00,0,2.11,0,1.558410821,3.14,0,2.5,69.5
2024-05-06 22:00:00,0,2.11,0,1.477673136,3.14,0,2.5,69.5
2024-05-06 22:30:00,0,2.11,0,1.405457924,3.14,0,2.5,69.5
2024-05-06 23:00:00,0,2.11,0,1.348328513,3.14,0,2.5,69.5
2024-05-06 23:30:00,0,2.11,0,1.30770143,3.14,0,2.5,69.5
2024-05-07 00:00:00,0,2.11,0,1.265230252,3.14,0,2.5,69.5
2024-05-07 00:30:00,0,2.11,0,1.237124254,3.14,0,2.5,69.5
2024-05-07 01:00:00,0,2.11,0,1.220977262,3.14,0,2.5,69.5
2024-05-07 01:30:00,0,2.11,0,1.205229362,3.14,0,2.5,69.5
2024-05-07 02:00:00,0,2.11,0,1.198535662,3.14,0,2.5,69.5
2024-05-07 02:30:00,0,2.11,0,1.200514253,3.14,0,2.5,69.5
2024-05-07 03:00:00,0,2.11,0,1.211579017,3.14,0,2.5,69.5
2024-05-07 03:30:00,0,2.11,0,1.289948319,3.14,0,2.5,69.5
2024-05-07 04:00:00,0,2.11,0,1.422737975,3.14,0,2.5,69.5
2024-05-07 04:30:00,0,2.11,0,1.478130284,3.14,0,2.5,69.5
2024-05-07 05:00:00,0,2.11,0,1.441640743,3.14,0,2.5,69.5
2024-05-07 05:30:00,0,2.11,0,1.417375359,3.14,0,2.5,69.5
2024-05-07 06:00:00,0,2.11,0,1.454508512,3.14,0,2.5,69.5
2024-05-07 06:30:00,0,2.11,0,1.480404913,3.14,0,2.5,69.5
2024-05-07 07:00:00,0,2.11,0,1.503773335,3.14,0,2.5,69.5
2024-05-07 07:30:00,0,2.11,0,1.503379397,3.14,0,2.5,69.5
2024-05-07 08:00:00,0,2.11,0,1.491441861,3.14,0,2.5,69.5
2024-05-07 08:30:00,0,2.11,0,1.476704349,3.14,0,2.5,69.5
2024-05-07 09:00:00,0,2.11,0,1.470988771,3.14,0,2.5,69.5
2024-05-07 09:30:00,0,2.11,0,1.521558053,3.14,0,2.5,69.5
2024-05-07 10:00:00,0,2.11,0,1.595202292,3.14,0,2.5,69.5
2024-05-07 10:30:00,0,2.11,0,1.655268027,3.14,0,2.5,69.5
2024-05-07 11:00:00,0,2.11,0,1.707192612,3.14,0,2.5,69.5
2024-05-07 11:30:00,0,2.11,0,1.751890626,3.14,0,2.5,69.5
2024-05-07 12:00:00,0,2.11,0,1.788122112,3.14,0,2.5,69.5
2024-05-07 12:30:00,0,2.11,0,1.819377382,3.14,0,2.5,69.5
2024-05-07 13:00:00,0,2.11,0,1.860318417,3.14,0,2.5,69.5
2024-05-07 13:30:00,0,2.11,0,1.908181733,3.14,0,2.5,69.5
2024-05-07 14:00:00,0,2.11,0,1.974734782,3.14,0,2.5,69.5
2024-05-07 14:30:00,0,2.11,0,2.01884768,3.14,0,2.5,69.5
2024-05-07 15:00:00,0,2.11,0,2.047201709,3.14,0,2.5,69.5
2024-05-07 15:30:00,0,2.11,0,2.096918193,3.14,0,2.5,69.5
2024-05-07 16:00:00,0,2.11,0,2.097278597,3.14,0,2.5,69.5
2024-05-07 16:30:00,0,2.11,0,2.036934277,3.14,0,2.5,69.5
2024-05-07 17:00:00,0,2.11,0,1.991380862,3.14,0,2.5,69.5
2024-05-07 17:30:00,0,2.11,0,2.03489217,3.14,0,2.5,69.5
2024-05-07 18:00:00,0,2.11,0,2.151648061,3.14,0,2.5,69.5
2024-05-07 18:30:00,0,2.11,0,2.232393459,3.14,0,2.5,69.5
2024-05-07 19:00:00,0,2.11,0,2.265828165,3.14,0,2.5,69.5
2024-05-07 19:30:00,0,2.11,0,2.176687304,3.14,0,2.5,69.5
2024-05-07 20:00:00,0,2.11,0,1.996415424,3.14,0,2.5,69.5
2024-05-07 20:30:00,0,2.11,0,1.804292435,3.14,0,2.5,69.5
2024-05-07 21:00:00,0,2.11,0,1.642396382,3.14,0,2.5,69.5
2024-05-07 21:30:00,0,2.11,0,1.549022804,3.14,0,2.5,69.5
2024-05-07 22:00:00,0,2.11,0,1.46877149,3.14,0,2.5,69.5
2024-05-07 22:30:00,0,2.11,0,1.39699131,3.14,0,2.5,69.5
2024-05-07 23:00:00,0,2.11,0,1.340206052,3.14,0,2.5,69.5
2024-05-07 23:30:00,0,2.11,0,1.299823711,3.14,0,2.5,69.5
2024-05-08 00:00:00,0,2.11,0,1.25756219,3.14,0,2.5,69.5
2024-05-08 00:30:00,0,2.11,0,1.229626531,3.14,0,2.5,69.5
2024-05-08 01:00:00,0,2.11,0,1.213577399,3.14,0,2.5,69.5
2024-05-08 01:30:00,0,2.11,0,1.197924941,3.14,0,2.5,69.5
2024-05-08 02:00:00,0,2.11,0,1.191271809,3.14,0,2.5,69.5
2024-05-08 02:30:00,0,2.11,0,1.193238409,3.14,0,2.5,69.5
2024-05-08 03:00:00,0,2.11,0,1.204236114,3.14,0,2.5,69.5
2024-05-08 03:30:00,0,2.11,0,1.28213045,3.14,0,2.5,69.5
2024-05-08 04:00:00,0,2.11,0,1.414115321,3.14,0,2.5,69.5
2024-05-08 04:30:00,0,2.11,0,1.469171919,3.14,0,2.5,69.5
2024-05-08 05:00:00,0,2.11,0,1.432903527,3.14,0,2.5,69.5
2024-05-08 05:30:00,0,2.11,0,1.408785206,3.14,0,2.5,69.5
2024-05-08 06:00:00,0,2.11,0,1.445693309,3.39,0,2.5,69.5
2024-05-08 06:30:00,0,2.11,0,1.471432762,3.39,0,2.5,69.5
2024-05-08 07:00:00,0,2.11,0,1.494659557,3.39,0,2.5,69.5
2024-05-08 07:30:00,0,2.11,0,1.494268007,3.39,0,2.5,69.5
2024-05-08 08:00:00,0,2.11,0,1.482402819,3.39,0,2.5,69.5
2024-05-08 08:30:00,0,2.11,0,1.467754626,3.39,0,2.5,69.5
2024-05-08 09:00:00,0,2.11,0,1.462073688,3.39,0,2.5,69.5
2024-05-08 09:30:00,0,2.11,0,1.512336489,3.39,0,2.5,69.5
2024-05-08 10:00:00,0,2.11,0,1.585534399,3.39,0,2.5,69.5
2024-05-08 10:30:00,0,2.11,0,1.645236099,3.39,0,2.5,69.5
2024-05-08 11:00:00,0,2.11,0,1.69684599,3.39,0,2.5,69.5
2024-05-08 11:30:00,0,2.11,0,1.741273107,3.39,0,2.5,69.5
2024-05-08 12:00:00,0,2.11,0,1.777285008,3.39,0,2.5,69.5
2024-05-08 12:30:00,0,2.11,0,1.808350853,3.39,0,2.5,69.5
2024-05-08 13:00:00,0,2.11,0,1.84904376,3.39,0,2.5,69.5
2024-05-08 13:30:00,0,2.11,0,1.896616995,3.39,0,2.5,69.5
2024-05-08 14:00:00,0,2.11,0,1.962766693,3.39,0,2.5,69.5
2024-05-08 14:30:00,0,2.11,0,2.00661224,3.39,0,2.5,69.5
2024-05-08 15:00:00,0,2.11,0,2.034794426,3.39,0,2.5,69.5
2024-05-08 15:30:00,0,2.11,0,2.084209598,3.39,0,2.5,69.5
2024-05-08 16:00:00,0,2.11,0,2.084567818,3.39,0,2.5,69.5
2024-05-08 16:30:00,0,2.11,0,2.024589221,3.39,0,2.5,69.5
2024-05-08 17:00:00,0,2.11,0,1.979311887,3.39,0,2.5,69.5
2024-05-08 17:30:00,0,2.11,0,2.02255949,3.39,0,2.5,69.5
2024-05-08 18:00:00,0,2.11,0,2.138607769,3.39,0,2.5,69.5
2024-05-08 18:30:00,0,2.11,0,2.218863801,3.39,0,2.5,69.5
2024-05-08 19:00:00,0,2.11,0,2.252095873,3.39,0,2.5,69.5
2024-05-08 19:30:00,0,2.11,0,2.163495259,3.39,0,2.5,69.5
2024-05-08 20:00:00,0,2.11,0,1.984315936,3.39,0,2.5,69.5
2024-05-08 20:30:00,0,2.11,0,1.793357329,3.39,0,2.5,69.5
2024-05-08 21:00:00,0,2.11,0,1.632442465,3.39,0,2.5,69.5
2024-05-08 21:30:00,0,2.11,0,1.539634787,3.39,0,2.5,69.5
2024-05-08 22:00:00,0,2.11,0,1.459869845,3.39,0,2.5,69.5
2024-05-08 22:30:00,0,2.11,0,1.388524696,3.39,0,2.5,69.5
2024-05-08 23:00:00,0,2.11,0,1.332083591,3.39,0,2.5,69.5
2024-05-08 23:30:00,0,2.11,0,1.291945991,3.39,0,2.5,69.5
2024-05-09 00:00:00,0,2.11,0,1.249894128,3.39,0,2.5,69.5
2024-05-09 00:30:00,0,2.11,0,1.222128808,3.39,0,2.5,69.5
2024-05-09 01:00:00,0,2.11,0,1.206177537,3.39,0,2.5,69.5
2024-05-09 01:30:00,0,2.11,0,1.190620521,3.39,0,2.5,69.5
2024-05-09 02:00:00,0,2.11,0,1.184007957,3.39,0,2.5,69.5
2024-05-09 02:30:00,0,2.11,0,1.185962565,3.39,0,2.5,69.5
2024-05-09 03:00:00,0,2.11,0,1.196893211,3.39,0,2.5,69.5
2024-05-09 03:30:00,0,2.11,0,1.274312582,3.39,0,2.5,69.5
2024-05-09 04:00:00,0,2.11,0,1.405492666,3.39,0,2.5,69.5
2024-05-09 04:30:00,0,2.11,0,1.460213554,3.39,0,2.5,69.5
2024-05-09 05:00:00,0,2.11,0,1.42416631,3.39,0,2.5,69.5
2024-05-09 05:30:00,0,2.11,0,1.400195052,3.39,0,2.5,69.5
2024-05-09 06:00:00,0,2.11,0,1.436878106,3.39,0,2.5,69.5
2024-05-09 06:30:00,0,2.11,0,1.462460611,3.39,0,2.5,69.5
2024-05-09 07:00:00,0,2.11,0,1.485545779,3.39,0,2.5,69.5
2024-05-09 07:30:00,0,2.11,0,1.485156616,3.39,0,2.5,69.5
2024-05-09 08:00:00,0,2.11,0,1.473363778,3.39,0,2.5,69.5
2024-05-09 08:30:00,0,2.11,0,1.458804902,3.39,0,2.5,69.5
2024-05-09 09:00:00,0,2.11,0,1.453158604,3.39,0,2.5,69.5
2024-05-09 09:30:00,0,2.11,0,1.503114925,3.39,0,2.5,69.5
2024-05-09 10:00:00,0,2.11,0,1.575866506,3.39,0,2.5,69.5
2024-05-09 10:30:00,0,2.11,0,1.635204172,3.39,0,2.5,69.5
2024-05-09 11:00:00,0,2.11,0,1.686499368,3.39,0,2.5,69.5
2024-05-09 11:30:00,0,2.11,0,1.730655588,3.39,0,2.5,69.5
2024-05-09 12:00:00,0,2.11,0,1.766447904,3.39,0,2.5,69.5
2024-05-09 12:30:00,0,2.11,0,1.797324323,3.39,0,2.5,69.5
2024-05-09 13:00:00,0,2.11,0,1.837769103,3.39,0,2.5,69.5
2024-05-09 13:30:00,0,2.11,0,1.885052258,3.39,0,2.5,69.5
2024-05-09 14:00:00,0,2.11,0,1.950798603,3.39,0,2.5,69.5
2024-05-09 14:30:00,0,2.11,0,1.994376799,3.39,0,2.5,69.5
2024-05-09 15:00:00,0,2.11,0,2.022387143,3.39,0,2.5,69.5
2024-05-09 15:30:00,0,2.11,0,2.071501002,3.39,0,2.5,69.5
2024-05-09 16:00:00,0,2.11,0,2.071857039,3.39,0,2.5,69.5
2024-05-09 16:30:00,0,2.11,0,2.012244165,3.39,0,2.5,69.5
2024-05-09 17:00:00,0,2.11,0,1.967242912,3.39,0,2.5,69.5
2024-05-09 17:30:00,0,2.11,0,2.01022681,3.39,0,2.5,69.5
2024-05-09 18:00:00,0,2.11,0,2.125567478,3.39,0,2.5,69.5
2024-05-09 18:30:00,0,2.11,0,2.205334144,3.39,0,2.5,69.5
2024-05-09 19:00:00,0,2.11,0,2.238363582,3.39,0,2.5,69.5
2024-05-09 19:30:00,0,2.11,0,2.150303215,3.39,0,2.5,69.5
2024-05-09 20:00:00,0,2.11,0,1.972216449,3.39,0,2.5,69.5
2024-05-09 20:30:00,0,2.11,0,1.782422224,3.39,0,2.5,69.5
2024-05-09 21:00:00,0,2.11,0,1.622488547,3.39,0,2.5,69.5
2024-05-09 21:30:00,0,2.11,0,1.53024677,3.39,0,2.5,69.5
2024-05-09 22:00:00,0,2.11,0,1.450968199,3.39,0,2.5,69.5
2024-05-09 22:30:00,0,2.11,0,1.380058082,3.39,0,2.5,69.5
2024-05-09 23:00:00,0,2.11,0,1.32396113,3.39,0,2.5,69.5
2024-05-09 23:30:00,0,2.11,0,1.284068272,3.39,0,2.5,69.5
2024-05-10 00:00:00,0,2.11,0,1.249894128,3.39,0,2.5,69.5
2024-05-10 00:30:00,0,2.11,0,1.222128808,3.39,0,2.5,69.5
2024-05-10 01:00:00,0,2.11,0,1.206177537,3.39,0,2.5,69.5
2024-05-10 01:30:00,0,2.11,0,1.190620521,3.39,0,2.5,69.5
2024-05-10 02:00:00,0,2.11,0,1.184007957,3.39,0,2.5,69.5
2024-05-10 02:30:00,0,2.11,0,1.185962565,3.39,0,2.5,69.5
2024-05-10 03:00:00,0,2.11,0,1.196893211,3.39,0,2.5,69.5
2024-05-10 03:30:00,0,2.11,0,1.274312582,3.39,0,2.5,69.5
2024-05-10 04:00:00,0,2.11,0,1.405492666,3.39,0,2.5,69.5
2024-05-10 04:30:00,0,2.11,0,1.460213554,3.39,0,2.5,69.5
2024-05-10 05:00:00,0,2.11,0,1.42416631,3.39,0,2.5,69.5
2024-05-10 05:30:00,0,2.11,0,1.400195052,3.39,0,2.5,69.5
2024-05-10 06:00:00,0,2.11,0,1.436878106,3.39,0,2.5,69.5
2024-05-10 06:30:00,0,2.11,0,1.462460611,3.39,0,2.5,69.5
2024-05-10 07:00:00,0,2.11,0,1.485545779,3.39,0,2.5,69.5
2024-05-10 07:30:00,0,2.11,0,1.485156616,3.39,0,2.5,69.5
2024-05-10 08:00:00,0,2.11,0,1.473363778,3.39,0,2.5,69.5
2024-05-10 08:30:00,0,2.11,0,1.458804902,3.39,0,2.5,69.5
2024-05-10 09:00:00,0,2.11,0,1.453158604,3.39,0,2.5,69.5
2024-05-10 09:30:00,0,2.11,0,1.503114925,3.39,0,2.5,69.5
2024-05-10 10:00:00,0,2.11,0,1.575866506,3.39,0,2.5,69.5
2024-05-10 10:30:00,0,2.11,0,1.635204172,3.39,0,2.5,69.5
2024-05-10 11:00:00,0,2.11,0,1.686499368,3.39,0,2.5,69.5
2024-05-10 11:30:00,0,2.11,0,1.730655588,3.39,0,2.5,69.5
2024-05-10 12:00:00,0,2.11,0,1.766447904,3.39,0,2.5,69.5
2024-05-10 12:30:00,0,2.11,0,1.797324323,3.39,0,2.5,69.5
2024-05-10 13:00:00,0,2.11,0,1.837769103,3.39,0,2.5,69.5
2024-05-10 13:30:00,0,2.11,0,1.885052258,3.39,0,2.5,69.5
2024-05-10 14:00:00,0,2.11,0,1.950798603,3.39,0,2.5,69.5
2024-05-10 14:30:00,0,2.11,0,1.994376799,3.39,0,2.5,69.5
2024-05-10 15:00:00,0,2.11,0,2.022387143,3.39,0,2.5,69.5
2024-05-10 15:30:00,0,2.11,0,2.071501002,3.39,0,2.5,69.5
2024-05-10 16:00:00,0,2.11,0,2.071857039,3.39,0,2.5,69.5
2024-05-10 16:30:00,0,2.11,0,2.012244165,3.39,0,2.5,69.5
2024-05-10 17:00:00,0,2.11,0,1.967242912,3.39,0,2.5,69.5
2024-05-10 17:30:00,0,2.11,0,2.01022681,3.39,0,2.5,69.5
2024-05-10 18:00:00,0,2.11,0,2.125567478,3.39,0,2.5,69.5
2024-05-10 18:30:00,0,2.11,0,2.205334144,3.39,0,2.5,69.5
2024-05-10 19:00:00,0,2.11,0,2.238363582,3.39,0,2.5,69.5
2024-05-10 19:30:00,0,2.11,0,2.150303215,3.39,0,2.5,69.5
2024-05-10 20:00:00,0,2.11,0,1.972216449,3.39,0,2.5,69.5
2024-05-10 20:30:00,0,2.11,0,1.782422224,3.39,0,2.5,69.5
2024-05-10 21:00:00,0,2.11,0,1.622488547,3.39,0,2.5,69.5
2024-05-10 21:30:00,0,2.11,0,1.53024677,3.39,0,2.5,69.5
2024-05-10 22:00:00,0,2.11,0,1.450968199,3.39,0,2.5,69.5
2024-05-10 22:30:00,0,2.11,0,1.380058082,3.39,0,2.5,69.5
2024-05-10 23:00:00,0,2.11,0,1.32396113,3.39,0,2.5,69.5
2024-05-10 23:30:00,0,2.11,0,1.284068272,3.39,0,2.5,69.5
2024-05-11 00:00:00,0,2.11,0,1.242226066,3.39,0,2.5,69.5
2024-05-11 00:30:00,0,2.11,0,1.214631085,3.39,0,2.5,69.5
2024-05-11 01:00:00,0,2.11,0,1.198777675,3.39,0,2.5,69.5
2024-05-11 01:30:00,0,2.11,0,1.183316101,3.39,0,2.5,69.5
2024-05-11 02:00:00,0,2.11,0,1.176744104,3.39,0,2.5,69.5
2024-05-11 02:30:00,0,2.11,0,1.178686721,3.39,0,2.5,69.5
2024-05-11 03:00:00,0,2.11,0,1.189550308,3.39,0,2.5,69.5
2024-05-11 03:30:00,0,2.11,0,1.266494713,3.39,0,2.5,69.5
2024-05-11 04:00:00,0,2.11,0,1.396870012,3.39,0,2.5,69.5
2024-05-11 04:30:00,0,2.11,0,1.451255188,3.39,0,2.5,69.5
2024-05-11 05:00:00,0,2.11,0,1.415429093,3.39,0,2.5,69.5
2024-05-11 05:30:00,0,2.11,0,1.391604898,3.39,0,2.5,69.5
2024-05-11 06:00:00,0,2.11,0,1.428062903,2.81,0,2.5,69.5
2024-05-11 06:30:00,0,2.11,0,1.45348846,2.81,0,2.5,69.5
2024-05-11 07:00:00,0,2.11,0,1.476432002,2.81,0,2.5,69.5
2024-05-11 07:30:00,0,2.11,0,1.476045226,2.81,0,2.5,69.5
2024-05-11 08:00:00,0,2.11,0,1.464324736,2.81,0,2.5,69.5
2024-05-11 08:30:00,0,2.11,0,1.449855179,2.81,0,2.5,69.5
2024-05-11 09:00:00,0,2.11,0,1.444243521,2.81,0,2.5,69.5
2024-05-11 09:30:00,0,2.11,0,1.493893361,2.81,0,2.5,69.5
2024-05-11 10:00:00,0,2.11,0,1.566198614,2.81,0,2.5,69.5
2024-05-11 10:30:00,0,2.11,0,1.625172244,2.81,0,2.5,69.5
2024-05-11 11:00:00,0,2.11,0,1.676152746,2.81,0,2.5,69.5
2024-05-11 11:30:00,0,2.11,0,1.720038069,2.81,0,2.5,69.5
2024-05-11 12:00:00,0,2.11,0,1.7556108,2.81,0,2.5,69.5
2024-05-11 12:30:00,0,2.11,0,1.786297794,2.81,0,2.5,69.5
2024-05-11 13:00:00,0,2.11,0,1.826494446,2.81,0,2.5,69.5
2024-05-11 13:30:00,0,2.11,0,1.87348752,2.81,0,2.5,69.5
2024-05-11 14:00:00,0,2.11,0,1.938830514,2.81,0,2.5,69.5
2024-05-11 14:30:00,0,2.11,0,1.982141359,2.81,0,2.5,69.5
2024-05-11 15:00:00,0,2.11,0,2.00997986,2.81,0,2.5,69.5
2024-05-11 15:30:00,0,2.11,0,2.058792407,2.81,0,2.5,69.5
2024-05-11 16:00:00,0,2.11,0,2.059146259,2.81,0,2.5,69.5
2024-05-11 16:30:00,0,2.11,0,1.999899109,2.81,0,2.5,69.5
2024-05-11 17:00:00,0,2.11,0,1.955173937,2.81,0,2.5,69.5
2024-05-11 17:30:00,0,2.11,0,1.99789413,2.81,0,2.5,69.5
2024-05-11 18:00:00,0,2.11,0,2.112527187,2.81,0,2.5,69.5
2024-05-11 18:30:00,0,2.11,0,2.191804487,2.81,0,2.5,69.5
2024-05-11 19:00:00,0,2.11,0,2.22463129,2.81,0,2.5,69.5
2024-05-11 19:30:00,0,2.11,0,2.137111171,2.81,0,2.5,69.5
2024-05-11 20:00:00,0,2.11,0,1.960116961,2.81,0,2.5,69.5
2024-05-11 20:30:00,0,2.11,0,1.771487118,2.81,0,2.5,69.5
2024-05-11 21:00:00,0,2.11,0,1.61253463,2.81,0,2.5,69.5
2024-05-11 21:30:00,0,2.11,0,1.520858753,2.81,0,2.5,69.5
2024-05-11 22:00:00,0,2.11,0,1.442066554,2.81,0,2.5,69.5
2024-05-11 22:30:00,0,2.11,0,1.371591468,2.81,0,2.5,69.5
2024-05-11 23:00:00,0,2.11,0,1.315838669,2.81,0,2.5,69.5
2024-05-11 23:30:00,0,2.11,0,1.276190552,2.81,0,2.5,69.5
2024-05-12 00:00:00,0,2.11,0,1.234558003,2.81,0,2.5,69.5
2024-05-12 00:30:00,0,2.11,0,1.207133363,2.81,0,2.5,69.5
2024-05-12 01:00:00,0,2.11,0,1.191377813,2.81,0,2.5,69.5
2024-05-12 01:30:00,0,2.11,0,1.17601168,2.81,0,2.5,69.5
2024-05-12 02:00:00,0,2.11,0,1.169480252,2.81,0,2.5,69.5
2024-05-12 02:30:00,0,2.11,0,1.171410877,2.81,0,2.5,69.5
2024-05-12 03:00:00,0,2.11,0,1.182207405,2.81,0,2.5,69.5
2024-05-12 03:30:00,0,2.11,0,1.258676845,2.81,0,2.5,69.5
2024-05-12 04:00:00,0,2.11,0,1.388247357,2.81,0,2.5,69.5
2024-05-12 04:30:00,0,2.11,0,1.442296823,2.81,0,2.5,69.5
2024-05-12 05:00:00,0,2.11,0,1.406691877,2.81,0,2.5,69.5
2024-05-12 05:30:00,0,2.11,0,1.383014744,2.81,0,2.5,69.5
2024-05-12 06:00:00,0,2.11,0,1.4192477,3.24,0,2.5,69.5
2024-05-12 06:30:00,0,2.11,0,1.444516309,3.24,0,2.5,69.5
2024-05-12 07:00:00,0,2.11,0,1.467318224,3.24,0,2.5,69.5
2024-05-12 07:30:00,0,2.11,0,1.466933836,3.24,0,2.5,69.5
2024-05-12 08:00:00,0,2.11,0,1.455285694,3.24,0,2.5,69.5
2024-05-12 08:30:00,0,2.11,0,1.440905456,3.24,0,2.5,69.5
2024-05-12 09:00:00,0,2.11,0,1.435328437,3.24,0,2.5,69.5
2024-05-12 09:30:00,0,2.11,0,1.484671797,3.24,0,2.5,69.5
2024-05-12 10:00:00,0,2.11,0,1.556530721,3.24,0,2.5,69.5
2024-05-12 10:30:00,0,2.11,0,1.615140317,3.24,0,2.5,69.5
2024-05-12 11:00:00,0,2.11,0,1.665806124,3.24,0,2.5,69.5
2024-05-12 11:30:00,0,2.11,0,1.70942055,3.24,0,2.5,69.5
2024-05-12 12:00:00,0,2.11,0,1.744773697,3.24,0,2.5,69.5
2024-05-12 12:30:00,0,2.11,0,1.775271264,3.24,0,2.5,69.5
2024-05-12 13:00:00,0,2.11,0,1.815219789,3.24,0,2.5,69.5
2024-05-12 13:30:00,0,2.11,0,1.861922782,3.24,0,2.5,69.5
2024-05-12 14:00:00,0,2.11,0,1.926862424,3.24,0,2.5,69.5
2024-05-12 14:30:00,0,2.11,0,1.969905918,3.24,0,2.5,69.5
2024-05-12 15:00:00,0,2.11,0,1.997572577,3.24,0,2.5,69.5
2024-05-12 15:30:00,0,2.11,0,2.046083812,3.24,0,2.5,69.5
2024-05-12 16:00:00,0,2.11,0,2.04643548,3.24,0,2.5,69.5
2024-05-12 16:30:00,0,2.11,0,1.987554053,3.24,0,2.5,69.5
2024-05-12 17:00:00,0,2.11,0,1.943104963,3.24,0,2.5,69.5
2024-05-12 17:30:00,0,2.11,0,1.98556145,3.24,0,2.5,69.5
2024-05-12 18:00:00,0,2.11,0,2.099486896,3.24,0,2.5,69.5
2024-05-12 18:30:00,0,2.11,0,2.178274829,3.24,0,2.5,69.5
2024-05-12 19:00:00,0,2.11,0,2.210898998,3.24,0,2.5,69.5
2024-05-12 19:30:00,0,2.11,0,2.123919127,3.24,0,2.5,69.5
2024-05-12 20:00:00,0,2.11,0,1.948017474,3.24,0,2.5,69.5
2024-05-12 20:30:00,0,2.11,0,1.760552012,3.24,0,2.5,69.5
2024-05-12 21:00:00,0,2.11,0,1.602580712,3.24,0,2.5,69.5
2024-05-12 21:30:00,0,2.11,0,1.511470736,3.24,0,2.5,69.5
2024-05-12 22:00:00,0,2.11,0,1.433164909,3.24,0,2.5,69.5
2024-05-12 22:30:00,0,2.11,0,1.363124854,3.24,0,2.5,69.5
2024-05-12 23:00:00,0,2.11,0,1.307716208,3.24,0,2.5,69.5
2024-05-12 23:30:00,0,2.11,0,1.268312833,3.24,0,2.5,69.5
2024-05-13 00:00:00,0,2.11,0,1.226889941,3.24,0,2.5,69.5
2024-05-13 00:30:00,0,2.11,0,1.19963564,3.24,0,2.5,69.5
2024-05-13 01:00:00,0,2.11,0,1.183977951,3.24,0,2.5,69.5
2024-05-13 01:30:00,0,2.11,0,1.16870726,3.24,0,2.5,69.5
2024-05-13 02:00:00,0,2.11,0,1.162216399,3.24,0,2.5,69.5
2024-05-13 02:30:00,0,2.11,0,1.164135034,3.24,0,2.5,69.5
2024-05-13 03:00:00,0,2.11,0,1.174864502,3.24,0,2.5,69.5
2024-05-13 03:30:00,0,2.11,0,1.250858976,3.24,0,2.5,69.5
2024-05-13 04:00:00,0,2.11,0,1.379624703,3.24,0,2.5,69.5
2024-05-13 04:30:00,0,2.11,0,1.433338458,3.24,0,2.5,69.5
2024-05-13 05:00:00,0,2.11,0,1.39795466,3.24,0,2.5,69.5
2024-05-13 05:30:00,0,2.11,0,1.374424591,3.24,0,2.5,69.5
2024-05-13 06:00:00,0,2.11,0,1.410432497,3.1,0,2.5,69.5
2024-05-13 06:30:00,0,2.11,0,1.435544158,3.1,0,2.5,69.5
2024-05-13 07:00:00,0,2.11,0,1.458204446,3.1,0,2.5,69.5
2024-05-13 07:30:00,0,2.11,0,1.457822445,3.1,0,2.5,69.5
2024-05-13 08:00:00,0,2.11,0,1.446246653,3.1,0,2.5,69.5
2024-05-13 08:30:00,0,2.11,0,1.431955732,3.1,0,2.5,69.5
2024-05-13 09:00:00,0,2.11,0,1.426413354,3.1,0,2.5,69.5
2024-05-13 09:30:00,0,2.11,0,1.475450233,3.1,0,2.5,69.5
2024-05-13 10:00:00,0,2.11,0,1.546862828,3.1,0,2.5,69.5
2024-05-13 10:30:00,0,2.11,0,1.605108389,3.1,0,2.5,69.5
2024-05-13 11:00:00,0,2.11,0,1.655459502,3.1,0,2.5,69.5
2024-05-13 11:30:00,0,2.11,0,1.698803031,3.1,0,2.5,69.5
2024-05-13 12:00:00,0,2.11,0,1.733936593,3.1,0,2.5,69.5
2024-05-13 12:30:00,0,2.11,0,1.764244734,3.1,0,2.5,69.5
2024-05-13 13:00:00,0,2.11,0,1.803945132,3.1,0,2.5,69.5
2024-05-13 13:30:00,0,2.11,0,1.850358044,3.1,0,2.5,69.5
2024-05-13 14:00:00,0,2.11,0,1.914894334,3.1,0,2.5,69.5
2024-05-13 14:30:00,0,2.11,0,1.957670478,3.1,0,2.5,69.5
2024-05-13 15:00:00,0,2.11,0,1.985165294,3.1,0,2.5,69.5
2024-05-13 15:30:00,0,2.11,0,2.033375217,3.1,0,2.5,69.5
2024-05-13 16:00:00,0,2.11,0,2.033724701,3.1,0,2.5,69.5
2024-05-13 16:30:00,0,2.11,0,1.975208996,3.1,0,2.5,69.5
2024-05-13 17:00:00,0,2.11,0,1.931035988,3.1,0,2.5,69.5
2024-05-13 17:30:00,0,2.11,0,1.97322877,3.1,0,2.5,69.5
2024-05-13 18:00:00,0,2.11,0,2.086446604,3.1,0,2.5,69.5
2024-05-13 18:30:00,0,2.11,0,2.164745172,3.1,0,2.5,69.5
2024-05-13 19:00:00,0,2.11,0,2.197166706,3.1,0,2.5,69.5
2024-05-13 19:30:00,0,2.11,0,2.110727082,3.1,0,2.5,69.5
2024-05-13 20:00:00,0,2.11,0,1.935917987,3.1,0,2.5,69.5
2024-05-13 20:30:00,0,2.11,0,1.749616907,3.1,0,2.5,69.5
2024-05-13 21:00:00,0,2.11,0,1.592626795,3.1,0,2.5,69.5
2024-05-13 21:30:00,0,2.11,0,1.502082719,3.1,0,2.5,69.5
2024-05-13 22:00:00,0,2.11,0,1.424263263,3.1,0,2.5,69.5
2024-05-13 22:30:00,0,2.11,0,1.35465824,3.1,0,2.5,69.5
2024-05-13 23:00:00,0,2.11,0,1.299593747,3.1,0,2.5,69.5
2024-05-13 23:30:00,0,2.11,0,1.260435113,3.1,0,2.5,69.5
2024-05-14 00:00:00,0,2.11,0,1.219221879,3.1,0,2.5,69.5
2024-05-14 00:30:00,0,2.11,0,1.192137917,3.1,0,2.5,69.5
2024-05-14 01:00:00,0,2.11,0,1.176578088,3.1,0,2.5,69.5
2024-05-14 01:30:00,0,2.11,0,1.16140284,3.1,0,2.5,69.5
2024-05-14 02:00:00,0,2.11,0,1.154952547,3.1,0,2.5,69.5
2024-05-14 02:30:00,0,2.11,0,1.15685919,3.1,0,2.5,69.5
2024-05-14 03:00:00,0,2.11,0,1.167521599,3.1,0,2.5,69.5
2024-05-14 03:30:00,0,2.11,0,1.243041107,3.1,0,2.5,69.5
2024-05-14 04:00:00,0,2.11,0,1.371002049,3.1,0,2.5,69.5
2024-05-14 04:30:00,0,2.11,0,1.424380092,3.1,0,2.5,69.5
2024-05-14 05:00:00,0,2.11,0,1.389217444,3.1,0,2.5,69.5
2024-05-14 05:30:00,0,2.11,0,1.365834437,3.1,0,2.5,69.5
2024-05-14 06:00:00,0,2.11,0,1.401617293,3.1,0,2.5,69.5
2024-05-14 06:30:00,0,2.11,0,1.426572007,3.1,0,2.5,69.5
2024-05-14 07:00:00,0,2.11,0,1.449090668,3.1,0,2.5,69.5
2024-05-14 07:30:00,0,2.11,0,1.448711055,3.1,0,2.5,69.5
2024-05-14 08:00:00,0,2.11,0,1.437207611,3.1,0,2.5,69.5
2024-05-14 08:30:00,0,2.11,0,1.423006009,3.1,0,2.5,69.5
2024-05-14 09:00:00,0,2.11,0,1.41749827,3.1,0,2.5,69.5
2024-05-14 09:30:00,0,2.11,0,1.466228669,3.1,0,2.5,69.5
2024-05-14 10:00:00,0,2.11,0,1.537194936,3.1,0,2.5,69.5
2024-05-14 10:30:00,0,2.11,0,1.595076462,3.1,0,2.5,69.5
2024-05-14 11:00:00,0,2.11,0,1.64511288,3.1,0,2.5,69.5
2024-05-14 11:30:00,0,2.11,0,1.688185512,3.1,0,2.5,69.5
2024-05-14 12:00:00,0,2.11,0,1.723099489,3.1,0,2.5,69.5
2024-05-14 12:30:00,0,2.11,0,1.753218205,3.1,0,2.5,69.5
2024-05-14 13:00:00,0,2.11,0,1.792670475,3.1,0,2.5,69.5
2024-05-14 13:30:00,0,2.11,0,1.838793306,3.1,0,2.5,69.5
2024-05-14 14:00:00,0,2.11,0,1.902926245,3.1,0,2.5,69.5
2024-05-14 14:30:00,0,2.11,0,1.945435037,3.1,0,2.5,69.5
2024-05-14 15:00:00,0,2.11,0,1.972758011,3.1,0,2.5,69.5
2024-05-14 15:30:00,0,2.11,0,2.020666622,3.1,0,2.5,69.5
2024-05-14 16:00:00,0,2.11,0,2.021013921,3.1,0,2.5,69.5
2024-05-14 16:30:00,0,2.11,0,1.96286394,3.1,0,2.5,69.5
2024-05-14 17:00:00,0,2.11,0,1.918967013,3.1,0,2.5,69.5
2024-05-14 17:30:00,0,2.11,0,1.960896091,3.1,0,2.5,69.5
2024-05-14 18:00:00,0,2.11,0,2.073406313,3.1,0,2.5,69.5
2024-05-14 18:30:00,0,2.11,0,2.151215515,3.1,0,2.5,69.5
2024-05-14 19:00:00,0,2.11,0,2.183434414,3.1,0,2.5,69.5
2024-05-14 19:30:00,0,2.11,0,2.097535038,3.1,0,2.5,69.5
2024-05-14 20:00:00,0,2.11,0,1.923818499,3.1,0,2.5,69.5
2024-05-14 20:30:00,0,2.11,0,1.738681801,3.1,0,2.5,69.5
2024-05-14 21:00:00,0,2.11,0,1.582672878,3.1,0,2.5,69.5
2024-05-14 21:30:00,0,2.11,0,1.492694702,3.1,0,2.5,69.5
2024-05-14 22:00:00,0,2.11,0,1.415361618,3.1,0,2.5,69.5
2024-05-14 22:30:00,0,2.11,0,1.346191626,3.1,0,2.5,69.5
2024-05-14 23:00:00,0,2.11,0,1.291471286,3.1,0,2.5,69.5
2024-05-14 23:30:00,0,2.11,0,1.252557394,3.1,0,2.5,69.5
2024-05-15 00:00:00,0,2.11,0,1.219221879,3.1,0,2.5,69.5
2024-05-15 00:30:00,0,2.11,0,1.192137917,3.1,0,2.5,69.5
2024-05-15 01:00:00,0,2.11,0,1.176578088,3.1,0,2.5,69.5
2024-05-15 01:30:00,0,2.11,0,1.16140284,3.1,0,2.5,69.5
2024-05-15 02:00:00,0,2.11,0,1.154952547,3.1,0,2.5,69.5
2024-05-15 02:30:00,0,2.11,0,1.15685919,3.1,0,2.5,69.5
2024-05-15 03:00:00,0,2.11,0,1.167521599,3.1,0,2.5,69.5
2024-05-15 03:30:00,0,2.11,0,1.243041107,3.1,0,2.5,69.5
2024-05-15 04:00:00,0,2.11,0,1.371002049,3.1,0,2.5,69.5
2024-05-15 04:30:00,0,2.11,0,1.424380092,3.1,0,2.5,69.5
2024-05-15 05:00:00,0,2.11,0,1.389217444,3.1,0,2.5,69.5
2024-05-15 05:30:00,0,2.11,0,1.365834437,3.1,0,2.5,69.5
2024-05-15 06:00:00,0,2.11,0,1.401617293,3.67,0,2.5,69.5
2024-05-15 06:30:00,0,2.11,0,1.426572007,3.67,0,2.5,69.5
2024-05-15 07:00:00,0,2.11,0,1.449090668,3.67,0,2.5,69.5
2024-05-15 07:30:00,0,2.11,0,1.448711055,3.67,0,2.5,69.5
2024-05-15 08:00:00,0,2.11,0,1.437207611,3.67,0,2.5,69.5
2024-05-15 08:30:00,0,2.11,0,1.423006009,3.67,0,2.5,69.5
2024-05-15 09:00:00,0,2.11,0,1.41749827,3.67,0,2.5,69.5
2024-05-15 09:30:00,0,2.11,0,1.466228669,3.67,0,2.5,69.5
2024-05-15 10:00:00,0,2.11,0,1.537194936,3.67,0,2.5,69.5
2024-05-15 10:30:00,0,2.11,0,1.595076462,3.67,0,2.5,69.5
2024-05-15 11:00:00,0,2.11,0,1.64511288,3.67,0,2.5,69.5
2024-05-15 11:30:00,0,2.11,0,1.688185512,3.67,0,2.5,69.5
2024-05-15 12:00:00,0,2.11,0,1.723099489,3.67,0,2.5,69.5
2024-05-15 12:30:00,0,2.11,0,1.753218205,3.67,0,2.5,69.5
2024-05-15 13:00:00,0,2.11,0,1.792670475,3.67,0,2.5,69.5
2024-05-15 13:30:00,0,2.11,0,1.838793306,3.67,0,2.5,69.5
2024-05-15 14:00:00,0,2.11,0,1.902926245,3.67,0,2.5,69.5
2024-05-15 14:30:00,0,2.11,0,1.945435037,3.67,0,2.5,69.5
2024-05-15 15:00:00,0,2.11,0,1.972758011,3.67,0,2.5,69.5
2024-05-15 15:30:00,0,2.11,0,2.020666622,3.67,0,2.5,69.5
2024-05-15 16:00:00,0,2.11,0,2.021013921,3.67,0,2.5,69.5
2024-05-15 16:30:00,0,2.11,0,1.96286394,3.67,0,2.5,69.5
2024-05-15 17:00:00,0,2.11,0,1.918967013,3.67,0,2.5,69.5
2024-05-15 17:30:00,0,2.11,0,1.960896091,3.67,0,2.5,69.5
2024-05-15 18:00:00,0,2.11,0,2.073406313,3.67,0,2.5,69.5
2024-05-15 18:30:00,0,2.11,0,2.151215515,3.67,0,2.5,69.5
2024-05-15 19:00:00,0,2.11,0,2.183434414,3.67,0,2.5,69.5
2024-05-15 19:30:00,0,2.11,0,2.097535038,3.67,0,2.5,69.5
2024-05-15 20:00:00,0,2.11,0,1.923818499,3.67,0,2.5,69.5
2024-05-15 20:30:00,0,2.11,0,1.738681801,3.67,0,2.5,69.5
2024-05-15 21:00:00,0,2.11,0,1.582672878,3.67,0,2.5,69.5
2024-05-15 21:30:00,0,2.11,0,1.492694702,3.67,0,2.5,69.5
2024-05-15 22:00:00,0,2.11,0,1.415361618,3.67,0,2.5,69.5
2024-05-15 22:30:00,0,2.11,0,1.346191626,3.67,0,2.5,69.5
2024-05-15 23:00:00,0,2.11,0,1.291471286,3.67,0,2.5,69.5
2024-05-15 23:30:00,0,2.11,0,1.252557394,3.67,0,2.5,69.5
2024-05-16 00:00:00,0,2.11,0,1.211553817,3.67,0,2.5,69.5
2024-05-16 00:30:00,0,2.11,0,1.184640194,3.67,0,2.5,69.5
2024-05-16 01:00:00,0,2.11,0,1.169178226,3.67,0,2.5,69.5
2024-05-16 01:30:00,0,2.11,0,1.154098419,3.67,0,2.5,69.5
2024-05-16 02:00:00,0,2.11,0,1.147688694,3.67,0,2.5,69.5
2024-05-16 02:30:00,0,2.11,0,1.149583346,3.67,0,2.5,69.5
2024-05-16 03:00:00,0,2.11,0,1.160178695,3.67,0,2.5,69.5
2024-05-16 03:30:00,0,2.11,0,1.235223239,3.67,0,2.5,69.5
2024-05-16 04:00:00,0,2.11,0,1.362379394,3.67,0,2.5,69.5
2024-05-16 04:30:00,0,2.11,0,1.415421727,3.67,0,2.5,69.5
2024-05-16 05:00:00,0,2.11,0,1.380480227,3.67,0,2.5,69.5
2024-05-16 05:30:00,0,2.11,0,1.357244283,3.67,0,2.5,69.5
2024-05-16 06:00:00,0,2.11,0,1.39280209,3.67,0,2.5,69.5
2024-05-16 06:30:00,0,2.11,0,1.417599856,3.67,0,2.5,69.5
2024-05-16 07:00:00,0,2.11,0,1.43997689,3.67,0,2.5,69.5
2024-05-16 07:30:00,0,2.11,0,1.439599665,3.67,0,2.5,69.5
2024-05-16 08:00:00,0,2.11,0,1.42816857,3.67,0,2.5,69.5
2024-05-16 08:30:00,0,2.11,0,1.414056286,3.67,0,2.5,69.5
2024-05-16 09:00:00,0,2.11,0,1.408583187,3.67,0,2.5,69.5
2024-05-16 09:30:00,0,2.11,0,1.457007105,3.67,0,2.5,69.5
2024-05-16 10:00:00,0,2.11,0,1.527527043,3.67,0,2.5,69.5
2024-05-16 10:30:00,0,2.11,0,1.585044534,3.67,0,2.5,69.5
2024-05-16 11:00:00,0,2.11,0,1.634766258,3.67,0,2.5,69.5
2024-05-16 11:30:00,0,2.11,0,1.677567993,3.67,0,2.5,69.5
2024-05-16 12:00:00,0,2.11,0,1.712262386,3.67,0,2.5,69.5
2024-05-16 12:30:00,0,2.11,0,1.742191675,3.67,0,2.5,69.5
2024-05-16 13:00:00,0,2.11,0,1.781395817,3.67,0,2.5,69.5
2024-05-16 13:30:00,0,2.11,0,1.827228569,3.67,0,2.5,69.5
2024-05-16 14:00:00,0,2.11,0,1.890958155,3.67,0,2.5,69.5
2024-05-16 14:30:00,0,2.11,0,1.933199597,3.67,0,2.5,69.5
2024-05-16 15:00:00,0,2.11,0,1.960350728,3.67,0,2.5,69.5
2024-05-16 15:30:00,0,2.11,0,2.007958027,3.67,0,2.5,69.5
2024-05-16 16:00:00,0,2.11,0,2.008303142,3.67,0,2.5,69.5
2024-05-16 16:30:00,0,2.11,0,1.950518884,3.67,0,2.5,69.5
2024-05-16 17:00:00,0,2.11,0,1.906898038,3.67,0,2.5,69.5
2024-05-16 17:30:00,0,2.11,0,1.948563411,3.67,0,2.5,69.5
2024-05-16 18:00:00,0,2.11,0,2.060366022,3.67,0,2.5,69.5
2024-05-16 18:30:00,0,2.11,0,2.137685857,3.67,0,2.5,69.5
2024-05-16 19:00:00,0,2.11,0,2.169702122,3.67,0,2.5,69.5
2024-05-16 19:30:00,0,2.11,0,2.084342994,3.67,0,2.5,69.5
2024-05-16 20:00:00,0,2.11,0,1.911719012,3.67,0,2.5,69.5
2024-05-16 20:30:00,0,2.11,0,1.727746695,3.67,0,2.5,69.5
2024-05-16 21:00:00,0,2.11,0,1.57271896,3.67,0,2.5,69.5
2024-05-16 21:30:00,0,2.11,0,1.483306685,3.67,0,2.5,69.5
2024-05-16 22:00:00,0,2.11,0,1.406459972,3.67,0,2.5,69.5
2024-05-16 22:30:00,0,2.11,0,1.337725012,3.67,0,2.5,69.5
2024-05-16 23:00:00,0,2.11,0,1.283348825,3.67,0,2.5,69.5
2024-05-16 23:30:00,0,2.11,0,1.244679675,3.67,0,2.5,69.5
2024-05-17 00:00:00,0,2.11,0,1.203885755,3.67,0,2.5,69.5
2024-05-17 00:30:00,0,2.11,0,1.177142472,3.67,0,2.5,69.5
2024-05-17 01:00:00,0,2.11,0,1.161778364,3.67,0,2.5,69.5
2024-05-17 01:30:00,0,2.11,0,1.146793999,3.67,0,2.5,69.5
2024-05-17 02:00:00,0,2.11,0,1.140424842,3.67,0,2.5,69.5
2024-05-17 02:30:00,0,2.11,0,1.142307502,3.67,0,2.5,69.5
2024-05-17 03:00:00,0,2.11,0,1.152835792,3.67,0,2.5,69.5
2024-05-17 03:30:00,0,2.11,0,1.22740537,3.67,0,2.5,69.5
2024-05-17 04:00:00,0,2.11,0,1.35375674,3.67,0,2.5,69.5
2024-05-17 04:30:00,0,2.11,0,1.406463361,3.67,0,2.5,69.5
2024-05-17 05:00:00,0,2.11,0,1.37174301,3.67,0,2.5,69.5
2024-05-17 05:30:00,0,2.11,0,1.34865413,3.67,0,2.5,69.5
2024-05-17 06:00:00,0,2.11,0,1.383986887,3.67,0,2.5,69.5
2024-05-17 06:30:00,0,2.11,0,1.408627705,3.67,0,2.5,69.5
2024-05-17 07:00:00,0,2.11,0,1.430863113,3.67,0,2.5,69.5
2024-05-17 07:30:00,0,2.11,0,1.430488275,3.67,0,2.5,69.5
2024-05-17 08:00:00,0,2.11,0,1.419129528,3.67,0,2.5,69.5
2024-05-17 08:30:00,0,2.11,0,1.405106562,3.67,0,2.5,69.5
2024-05-17 09:00:00,0,2.11,0,1.399668103,3.67,0,2.5,69.5
2024-05-17 09:30:00,0,2.11,0,1.447785541,3.67,0,2.5,69.5
2024-05-17 10:00:00,0,2.11,0,1.51785915,3.67,0,2.5,69.5
2024-05-17 10:30:00,0,2.11,0,1.575012607,3.67,0,2.5,69.5
2024-05-17 11:00:00,0,2.11,0,1.624419637,3.67,0,2.5,69.5
2024-05-17 11:30:00,0,2.11,0,1.666950474,3.67,0,2.5,69.5
2024-05-17 12:00:00,0,2.11,0,1.701425282,3.67,0,2.5,69.5
2024-05-17 12:30:00,0,2.11,0,1.731165146,3.67,0,2.5,69.5
2024-05-17 13:00:00,0,2.11,0,1.77012116,3.67,0,2.5,69.5
2024-05-17 13:30:00,0,2.11,0,1.815663831,3.67,0,2.5,69.5
2024-05-17 14:00:00,0,2.11,0,1.878990066,3.67,0,2.5,69.5
2024-05-17 14:30:00,0,2.11,0,1.920964156,3.67,0,2.5,69.5
2024-05-17 15:00:00,0,2.11,0,1.947943445,3.67,0,2.5,69.5
2024-05-17 15:30:00,0,2.11,0,1.995249432,3.67,0,2.5,69.5
2024-05-17 16:00:00,0,2.11,0,1.995592362,3.67,0,2.5,69.5
2024-05-17 16:30:00,0,2.11,0,1.938173828,3.67,0,2.5,69.5
2024-05-17 17:00:00,0,2.11,0,1.894829063,3.67,0,2.5,69.5
2024-05-17 17:30:00,0,2.11,0,1.936230731,3.67,0,2.5,69.5
2024-05-17 18:00:00,0,2.11,0,2.04732573,3.67,0,2.5,69.5
2024-05-17 18:30:00,0,2.11,0,2.1241562,3.67,0,2.5,69.5
2024-05-17 19:00:00,0,2.11,0,2.15596983,3.67,0,2.5,69.5
2024-05-17 19:30:00,0,2.11,0,2.07115095,3.67,0,2.5,69.5
2024-05-17 20:00:00,0,2.11,0,1.899619524,3.67,0,2.5,69.5
2024-05-17 20:30:00,0,2.11,0,1.71681159,3.67,0,2.5,69.5
2024-05-17 21:00:00,0,2.11,0,1.562765043,3.67,0,2.5,69.5
2024-05-17 21:30:00,0,2.11,0,1.473918668,3.67,0,2.5,69.5
2024-05-17 22:00:00,0,2.11,0,1.397558327,3.67,0,2.5,69.5
2024-05-17 22:30:00,0,2.11,0,1.329258398,3.67,0,2.5,69.5
2024-05-17 23:00:00,0,2.11,0,1.275226364,3.67,0,2.5,69.5
2024-05-17 23:30:00,0,2.11,0,1.236801955,3.67,0,2.5,69.5
2024-05-18 00:00:00,0,2.11,0,1.203885755,3.67,0,2.5,69.5
2024-05-18 00:30:00,0,2.11,0,1.177142472,3.67,0,2.5,69.5
2024-05-18 01:00:00,0,2.11,0,1.161778364,3.67,0,2.5,69.5
2024-05-18 01:30:00,0,2.11,0,1.146793999,3.67,0,2.5,69.5
2024-05-18 02:00:00,0,2.11,0,1.140424842,3.67,0,2.5,69.5
2024-05-18 02:30:00,0,2.11,0,1.142307502,3.67,0,2.5,69.5
2024-05-18 03:00:00,0,2.11,0,1.152835792,3.67,0,2.5,69.5
2024-05-18 03:30:00,0,2.11,0,1.22740537,3.67,0,2.5,69.5
2024-05-18 04:00:00,0,2.11,0,1.35375674,3.67,0,2.5,69.5
2024-05-18 04:30:00,0,2.11,0,1.406463361,3.67,0,2.5,69.5
2024-05-18 05:00:00,0,2.11,0,1.37174301,3.67,0,2.5,69.5
2024-05-18 05:30:00,0,2.11,0,1.34865413,3.67,0,2.5,69.5
2024-05-18 06:00:00,0,2.11,0,1.383986887,3.67,0,2.5,69.5
2024-05-18 06:30:00,0,2.11,0,1.408627705,3.67,0,2.5,69.5
2024-05-18 07:00:00,0,2.11,0,1.430863113,3.67,0,2.5,69.5
2024-05-18 07:30:00,0,2.11,0,1.430488275,3.67,0,2.5,69.5
2024-05-18 08:00:00,0,2.11,0,1.419129528,3.67,0,2.5,69.5
2024-05-18 08:30:00,0,2.11,0,1.405106562,3.67,0,2.5,69.5
2024-05-18 09:00:00,0,2.11,0,1.399668103,3.67,0,2.5,69.5
2024-05-18 09:30:00,0,2.11,0,1.447785541,3.67,0,2.5,69.5
2024-05-18 10:00:00,0,2.11,0,1.51785915,3.67,0,2.5,69.5
2024-05-18 10:30:00,0,2.11,0,1.575012607,3.67,0,2.5,69.5
2024-05-18 11:00:00,0,2.11,0,1.624419637,3.67,0,2.5,69.5
2024-05-18 11:30:00,0,2.11,0,1.666950474,3.67,0,2.5,69.5
2024-05-18 12:00:00,0,2.11,0,1.701425282,3.67,0,2.5,69.5
2024-05-18 12:30:00,0,2.11,0,1.731165146,3.67,0,2.5,69.5
2024-05-18 13:00:00,0,2.11,0,1.77012116,3.67,0,2.5,69.5
2024-05-18 13:30:00,0,2.11,0,1.815663831,3.67,0,2.5,69.5
2024-05-18 14:00:00,0,2.11,0,1.878990066,3.67,0,2.5,69.5
2024-05-18 14:30:00,0,2.11,0,1.920964156,3.67,0,2.5,69.5
2024-05-18 15:00:00,0,2.11,0,1.947943445,3.67,0,2.5,69.5
2024-05-18 15:30:00,0,2.11,0,1.995249432,3.67,0,2.5,69.5
2024-05-18 16:00:00,0,2.11,0,1.995592362,3.67,0,2.5,69.5
2024-05-18 16:30:00,0,2.11,0,1.938173828,3.67,0,2.5,69.5
2024-05-18 17:00:00,0,2.11,0,1.894829063,3.67,0,2.5,69.5
2024-05-18 17:30:00,0,2.11,0,1.936230731,3.67,0,2.5,69.5
2024-05-18 18:00:00,0,2.11,0,2.04732573,3.67,0,2.5,69.5
2024-05-18 18:30:00,0,2.11,0,2.1241562,3.67,0,2.5,69.5
2024-05-18 19:00:00,0,2.11,0,2.15596983,3.67,0,2.5,69.5
2024-05-18 19:30:00,0,2.11,0,2.07115095,3.67,0,2.5,69.5
2024-05-18 20:00:00,0,2.11,0,1.899619524,3.67,0,2.5,69.5
2024-05-18 20:30:00,0,2.11,0,1.71681159,3.67,0,2.5,69.5
2024-05-18 21:00:00,0,2.11,0,1.562765043,3.67,0,2.5,69.5
2024-05-18 21:30:00,0,2.11,0,1.473918668,3.67,0,2.5,69.5
2024-05-18 22:00:00,0,2.11,0,1.397558327,3.67,0,2.5,69.5
2024-05-18 22:30:00,0,2.11,0,1.329258398,3.67,0,2.5,69.5
2024-05-18 23:00:00,0,2.11,0,1.275226364,3.67,0,2.5,69.5
2024-05-18 23:30:00,0,2.11,0,1.236801955,3.67,0,2.5,69.5
2024-05-19 00:00:00,0,2.11,0,1.196217693,3.67,0,2.5,69.5
2024-05-19 00:30:00,0,2.11,0,1.169644749,3.67,0,2.5,69.5
2024-05-19 01:00:00,0,2.11,0,1.154378502,3.67,0,2.5,69.5
2024-05-19 01:30:00,0,2.11,0,1.139489578,3.67,0,2.5,69.5
2024-05-19 02:00:00,0,2.11,0,1.133160989,3.67,0,2.5,69.5
2024-05-19 02:30:00,0,2.11,0,1.135031658,3.67,0,2.5,69.5
2024-05-19 03:00:00,0,2.11,0,1.145492889,3.67,0,2.5,69.5
2024-05-19 03:30:00,0,2.11,0,1.219587502,3.67,0,2.5,69.5
2024-05-19 04:00:00,0,2.11,0,1.345134085,3.67,0,2.5,69.5
2024-05-19 04:30:00,0,2.11,0,1.397504996,3.67,0,2.5,69.5
2024-05-19 05:00:00,0,2.11,0,1.363005794,3.67,0,2.5,69.5
2024-05-19 05:30:00,0,2.11,0,1.340063976,3.67,0,2.5,69.5
2024-05-19 06:00:00,0,2.11,0,1.375171684,3.67,0,2.5,69.5
2024-05-19 06:30:00,0,2.11,0,1.399655554,3.67,0,2.5,69.5
2024-05-19 07:00:00,0,2.11,0,1.421749335,3.67,0,2.5,69.5
2024-05-19 07:30:00,0,2.11,0,1.421376884,3.67,0,2.5,69.5
2024-05-19 08:00:00,0,2.11,0,1.410090486,3.67,0,2.5,69.5
2024-05-19 08:30:00,0,2.11,0,1.396156839,3.67,0,2.5,69.5
2024-05-19 09:00:00,0,2.11,0,1.39075302,3.67,0,2.5,69.5
2024-05-19 09:30:00,0,2.11,0,1.438563977,3.67,0,2.5,69.5
2024-05-19 10:00:00,0,2.11,0,1.508191258,3.67,0,2.5,69.5
2024-05-19 10:30:00,0,2.11,0,1.56498068,3.67,0,2.5,69.5
2024-05-19 11:00:00,0,2.11,0,1.614073015,3.67,0,2.5,69.5
2024-05-19 11:30:00,0,2.11,0,1.656332955,3.67,0,2.5,69.5
2024-05-19 12:00:00,0,2.11,0,1.690588178,3.67,0,2.5,69.5
2024-05-19 12:30:00,0,2.11,0,1.720138616,3.67,0,2.5,69.5
2024-05-19 13:00:00,0,2.11,0,1.758846503,3.67,0,2.5,69.5
2024-05-19 13:30:00,0,2.11,0,1.804099093,3.67,0,2.5,69.5
2024-05-19 14:00:00,0,2.11,0,1.867021976,3.67,0,2.5,69.5
2024-05-19 14:30:00,0,2.11,0,1.908728716,3.67,0,2.5,69.5
2024-05-19 15:00:00,0,2.11,0,1.935536162,3.67,0,2.5,69.5
2024-05-19 15:30:00,0,2.11,0,1.982540837,3.67,0,2.5,69.5
2024-05-19 16:00:00,0,2.11,0,1.982881583,3.67,0,2.5,69.5
2024-05-19 16:30:00,0,2.11,0,1.925828771,3.67,0,2.5,69.5
2024-05-19 17:00:00,0,2.11,0,1.882760088,3.67,0,2.5,69.5
2024-05-19 17:30:00,0,2.11,0,1.923898051,3.67,0,2.5,69.5
2024-05-19 18:00:00,0,2.11,0,2.034285439,3.67,0,2.5,69.5
2024-05-19 18:30:00,0,2.11,0,2.110626543,3.67,0,2.5,69.5
2024-05-19 19:00:00,0,2.11,0,2.142237538,3.67,0,2.5,69.5
2024-05-19 19:30:00,0,2.11,0,2.057958905,3.67,0,2.5,69.5
2024-05-19 20:00:00,0,2.11,0,1.887520037,3.67,0,2.5,69.5
2024-05-19 20:30:00,0,2.11,0,1.705876484,3.67,0,2.5,69.5
2024-05-19 21:00:00,0,2.11,0,1.552811125,3.67,0,2.5,69.5
2024-05-19 21:30:00,0,2.11,0,1.464530651,3.67,0,2.5,69.5
2024-05-19 22:00:00,0,2.11,0,1.388656682,3.67,0,2.5,69.5
2024-05-19 22:30:00,0,2.11,0,1.320791784,3.67,0,2.5,69.5
2024-05-19 23:00:00,0,2.11,0,1.267103903,3.67,0,2.5,69.5
2024-05-19 23:30:00,0,2.11,0,1.228924236,3.67,0,2.5,69.5
2024-05-20 00:00:00,0,2.11,0,1.188549631,3.67,0,2.5,69.5
2024-05-20 00:30:00,0,2.11,0,1.162147026,3.67,0,2.5,69.5
2024-05-20 01:00:00,0,2.11,0,1.14697864,3.67,0,2.5,69.5
2024-05-20 01:30:00,0,2.11,0,1.132185158,3.67,0,2.5,69.5
2024-05-20 02:00:00,0,2.11,0,1.125897137,3.67,0,2.5,69.5
2024-05-20 02:30:00,0,2.11,0,1.127755814,3.67,0,2.5,69.5
2024-05-20 03:00:00,0,2.11,0,1.138149986,3.67,0,2.5,69.5
2024-05-20 03:30:00,0,2.11,0,1.211769633,3.67,0,2.5,69.5
2024-05-20 04:00:00,0,2.11,0,1.336511431,3.67,0,2.5,69.5
2024-05-20 04:30:00,0,2.11,0,1.388546631,3.67,0,2.5,69.5
2024-05-20 05:00:00,0,2.11,0,1.354268577,3.67,0,2.5,69.5
2024-05-20 05:30:00,0,2.11,0,1.331473822,3.67,0,2.5,69.5
2024-05-20 06:00:00,0,2.11,0,1.366356481,3.67,0,2.5,69.5
2024-05-20 06:30:00,0,2.11,0,1.390683403,3.67,0,2.5,69.5
2024-05-20 07:00:00,0,2.11,0,1.412635557,3.67,0,2.5,69.5
2024-05-20 07:30:00,0,2.11,0,1.412265494,3.67,0,2.5,69.5
2024-05-20 08:00:00,0,2.11,0,1.401051445,3.67,0,2.5,69.5
2024-05-20 08:30:00,0,2.11,0,1.387207116,3.67,0,2.5,69.5
2024-05-20 09:00:00,0,2.11,0,1.381837936,3.67,0,2.5,69.5
2024-05-20 09:30:00,0,2.11,0,1.429342413,3.67,0,2.5,69.5
2024-05-20 10:00:00,0,2.11,0,1.498523365,3.67,0,2.5,69.5
2024-05-20 10:30:00,0,2.11,0,1.554948752,3.67,0,2.5,69.5
2024-05-20 11:00:00,0,2.11,0,1.603726393,3.67,0,2.5,69.5
2024-05-20 11:30:00,0,2.11,0,1.645715436,3.67,0,2.5,69.5
2024-05-20 12:00:00,0,2.11,0,1.679751075,3.67,0,2.5,69.5
2024-05-20 12:30:00,0,2.11,0,1.709112086,3.67,0,2.5,69.5
2024-05-20 13:00:00,0,2.11,0,1.747571846,3.67,0,2.5,69.5
2024-05-20 13:30:00,0,2.11,0,1.792534355,3.67,0,2.5,69.5
2024-05-20 14:00:00,0,2.11,0,1.855053886,3.67,0,2.5,69.5
2024-05-20 14:30:00,0,2.11,0,1.896493275,3.67,0,2.5,69.5
2024-05-20 15:00:00,0,2.11,0,1.923128878,3.67,0,2.5,69.5
2024-05-20 15:30:00,0,2.11,0,1.969832242,3.67,0,2.5,69.5
2024-05-20 16:00:00,0,2.11,0,1.970170804,3.67,0,2.5,69.5
2024-05-20 16:30:00,0,2.11,0,1.913483715,3.67,0,2.5,69.5
2024-05-20 17:00:00,0,2.11,0,1.870691113,3.67,0,2.5,69.5
2024-05-20 17:30:00,0,2.11,0,1.911565371,3.67,0,2.5,69.5
2024-05-20 18:00:00,0,2.11,0,2.021245148,3.67,0,2.5,69.5
2024-05-20 18:30:00,0,2.11,0,2.097096885,3.67,0,2.5,69.5
2024-05-20 19:00:00,0,2.11,0,2.128505246,3.67,0,2.5,69.5
2024-05-20 19:30:00,0,2.11,0,2.044766861,3.67,0,2.5,69.5
2024-05-20 20:00:00,0,2.11,0,1.87542055,3.67,0,2.5,69.5
2024-05-20 20:30:00,0,2.11,0,1.694941378,3.67,0,2.5,69.5
2024-05-20 21:00:00,0,2.11,0,1.542857208,3.67,0,2.5,69.5
2024-05-20 21:30:00,0,2.11,0,1.455142634,3.67,0,2.5,69.5
2024-05-20 22:00:00,0,2.11,0,1.379755036,3.67,0,2.5,69.5
2024-05-20 22:30:00,0,2.11,0,1.31232517,3.67,0,2.5,69.5
2024-05-20 23:00:00,0,2.11,0,1.258981442,3.67,0,2.5,69.5
2024-05-20 23:30:00,0,2.11,0,1.221046516,3.67,0,2.5,69.5
2024-05-21 00:00:00,0,2.11,0,1.180881569,3.67,0,2.5,69.5
2024-05-21 00:30:00,0,2.11,0,1.154649303,3.67,0,2.5,69.5
2024-05-21 01:00:00,0,2.11,0,1.139578778,3.67,0,2.5,69.5
2024-05-21 01:30:00,0,2.11,0,1.124880738,3.67,0,2.5,69.5
2024-05-21 02:00:00,0,2.11,0,1.118633284,3.67,0,2.5,69.5
2024-05-21 02:30:00,0,2.11,0,1.12047997,3.67,0,2.5,69.5
2024-05-21 03:00:00,0,2.11,0,1.130807083,3.67,0,2.5,69.5
2024-05-21 03:30:00,0,2.11,0,1.203951764,3.67,0,2.5,69.5
2024-05-21 04:00:00,0,2.11,0,1.327888777,3.67,0,2.5,69.5
2024-05-21 04:30:00,0,2.11,0,1.379588265,3.67,0,2.5,69.5
2024-05-21 05:00:00,0,2.11,0,1.34553136,3.67,0,2.5,69.5
2024-05-21 05:30:00,0,2.11,0,1.322883669,3.67,0,2.5,69.5
2024-05-21 06:00:00,0,2.11,0,1.357541278,3.71,0,2.5,69.5
2024-05-21 06:30:00,0,2.11,0,1.381711252,3.71,0,2.5,69.5
2024-05-21 07:00:00,0,2.11,0,1.403521779,3.71,0,2.5,69.5
2024-05-21 07:30:00,0,2.11,0,1.403154104,3.71,0,2.5,69.5
2024-05-21 08:00:00,0,2.11,0,1.392012403,3.71,0,2.5,69.5
2024-05-21 08:30:00,0,2.11,0,1.378257392,3.71,0,2.5,69.5
2024-05-21 09:00:00,0,2.11,0,1.372922853,3.71,0,2.5,69.5
2024-05-21 09:30:00,0,2.11,0,1.42012085,3.71,0,2.5,69.5
2024-05-21 10:00:00,0,2.11,0,1.488855472,3.71,0,2.5,69.5
2024-05-21 10:30:00,0,2.11,0,1.544916825,3.71,0,2.5,69.5
2024-05-21 11:00:00,0,2.11,0,1.593379771,3.71,0,2.5,69.5
2024-05-21 11:30:00,0,2.11,0,1.635097917,3.71,0,2.5,69.5
2024-05-21 12:00:00,0,2.11,0,1.668913971,3.71,0,2.5,69.5
2024-05-21 12:30:00,0,2.11,0,1.698085557,3.71,0,2.5,69.5
2024-05-21 13:00:00,0,2.11,0,1.736297189,3.71,0,2.5,69.5
2024-05-21 13:30:00,0,2.11,0,1.780969618,3.71,0,2.5,69.5
2024-05-21 14:00:00,0,2.11,0,1.843085797,3.71,0,2.5,69.5
2024-05-21 14:30:00,0,2.11,0,1.884257835,3.71,0,2.5,69.5
2024-05-21 15:00:00,0,2.11,0,1.910721595,3.71,0,2.5,69.5
2024-05-21 15:30:00,0,2.11,0,1.957123647,3.71,0,2.5,69.5
2024-05-21 16:00:00,0,2.11,0,1.957460024,3.71,0,2.5,69.5
2024-05-21 16:30:00,0,2.11,0,1.901138659,3.71,0,2.5,69.5
2024-05-21 17:00:00,0,2.11,0,1.858622138,3.71,0,2.5,69.5
2024-05-21 17:30:00,0,2.11,0,1.899232692,3.71,0,2.5,69.5
2024-05-21 18:00:00,0,2.11,0,2.008204857,3.71,0,2.5,69.5
2024-05-21 18:30:00,0,2.11,0,2.083567228,3.71,0,2.5,69.5
2024-05-21 19:00:00,0,2.11,0,2.114772954,3.71,0,2.5,69.5
2024-05-21 19:30:00,0,2.11,0,2.031574817,3.71,0,2.5,69.5
2024-05-21 20:00:00,0,2.11,0,1.863321062,3.71,0,2.5,69.5
2024-05-21 20:30:00,0,2.11,0,1.684006273,3.71,0,2.5,69.5
2024-05-21 21:00:00,0,2.11,0,1.53290329,3.71,0,2.5,69.5
2024-05-21 21:30:00,0,2.11,0,1.445754617,3.71,0,2.5,69.5
2024-05-21 22:00:00,0,2.11,0,1.370853391,3.71,0,2.5,69.5
2024-05-21 22:30:00,0,2.11,0,1.303858556,3.71,0,2.5,69.5
2024-05-21 23:00:00,0,2.11,0,1.250858981,3.71,0,2.5,69.5
2024-05-21 23:30:00,0,2.11,0,1.213168797,3.71,0,2.5,69.5
2024-05-22 00:00:00,0,2.11,0,1.180881569,3.71,0,2.5,69.5
2024-05-22 00:30:00,0,2.11,0,1.154649303,3.71,0,2.5,69.5
2024-05-22 01:00:00,0,2.11,0,1.139578778,3.71,0,2.5,69.5
2024-05-22 01:30:00,0,2.11,0,1.124880738,3.71,0,2.5,69.5
2024-05-22 02:00:00,0,2.11,0,1.118633284,3.71,0,2.5,69.5
2024-05-22 02:30:00,0,2.11,0,1.12047997,3.71,0,2.5,69.5
2024-05-22 03:00:00,0,2.11,0,1.130807083,3.71,0,2.5,69.5
2024-05-22 03:30:00,0,2.11,0,1.203951764,3.71,0,2.5,69.5
2024-05-22 04:00:00,0,2.11,0,1.327888777,3.71,0,2.5,69.5
2024-05-22 04:30:00,0,2.11,0,1.379588265,3.71,0,2.5,69.5
2024-05-22 05:00:00,0,2.11,0,1.34553136,3.71,0,2.5,69.5
2024-05-22 05:30:00,0,2.11,0,1.322883669,3.71,0,2.5,69.5
2024-05-22 06:00:00,0,2.11,0,1.357541278,0.0,0,2.5,69.5
2024-05-22 06:30:00,0,2.11,0,1.381711252,0.0,0,2.5,69.5
2024-05-22 07:00:00,0,2.11,0,1.403521779,0.0,0,2.5,69.5
2024-05-22 07:30:00,0,2.11,0,1.403154104,0.0,0,2.5,69.5
2024-05-22 08:00:00,0,2.11,0,1.392012403,0.0,0,2.5,69.5
2024-05-22 08:30:00,0,2.11,0,1.378257392,0.0,0,2.5,69.5
2024-05-22 09:00:00,0,2.11,0,1.372922853,0.0,0,2.5,69.5
2024-05-22 09:30:00,0,2.11,0,1.42012085,0.0,0,2.5,69.5
2024-05-22 10:00:00,0,2.11,0,1.488855472,0.0,0,2.5,69.5
2024-05-22 10:30:00,0,2.11,0,1.544916825,0.0,0,2.5,69.5
2024-05-22 11:00:00,0,2.11,0,1.593379771,0.0,0,2.5,69.5
2024-05-22 11:30:00,0,2.11,0,1.635097917,0.0,0,2.5,69.5
2024-05-22 12:00:00,0,2.11,0,1.668913971,0.0,0,2.5,69.5
2024-05-22 12:30:00,0,2.11,0,1.698085557,0.0,0,2.5,69.5
2024-05-22 13:00:00,0,2.11,0,1.736297189,0.0,0,2.5,69.5
2024-05-22 13:30:00,0,2.11,0,1.780969618,0.0,0,2.5,69.5
2024-05-22 14:00:00,0,2.11,0,1.843085797,0.0,0,2.5,69.5
2024-05-22 14:30:00,0,2.11,0,1.884257835,0.0,0,2.5,69.5
2024-05-22 15:00:00,0,2.11,0,1.910721595,0.0,0,2.5,69.5
2024-05-22 15:30:00,0,2.11,0,1.957123647,0.0,0,2.5,69.5
2024-05-22 16:00:00,0,2.11,0,1.957460024,0.0,0,2.5,69.5
2024-05-22 16:30:00,0,2.11,0,1.901138659,0.0,0,2.5,69.5
2024-05-22 17:00:00,0,2.11,0,1.858622138,0.0,0,2.5,69.5
2024-05-22 17:30:00,0,2.11,0,1.899232692,0.0,0,2.5,69.5
2024-05-22 18:00:00,0,2.11,0,2.008204857,0.0,0,2.5,69.5
2024-05-22 18:30:00,0,2.11,0,2.083567228,0.0,0,2.5,69.5
2024-05-22 19:00:00,0,2.11,0,2.114772954,0.0,0,2.5,69.5
2024-05-22 19:30:00,0,2.11,0,2.031574817,0.0,0,2.5,69.5
2024-05-22 20:00:00,0,2.11,0,1.863321062,0.0,0,2.5,69.5
2024-05-22 20:30:00,0,2.11,0,1.684006273,0.0,0,2.5,69.5
2024-05-22 21:00:00,0,2.11,0,1.53290329,0.0,0,2.5,69.5
2024-05-22 21:30:00,0,2.11,0,1.445754617,0.0,0,2.5,69.5
2024-05-22 22:00:00,0,2.11,0,1.370853391,0.0,0,2.5,69.5
2024-05-22 22:30:00,0,2.11,0,1.303858556,0.0,0,2.5,69.5
2024-05-22 23:00:00,0,2.11,0,1.250858981,0.0,0,2.5,69.5
2024-05-22 23:30:00,0,2.11,0,1.213168797,0.0,0,2.5,69.5
2024-05-23 00:00:00,0,2.11,0,1.173213506,0.0,0,2.5,69.5
2024-05-23 00:30:00,0,2.11,0,1.147151581,0.0,0,2.5,69.5
2024-05-23 01:00:00,0,2.11,0,1.132178915,0.0,0,2.5,69.5
2024-05-23 01:30:00,0,2.11,0,1.117576317,0.0,0,2.5,69.5
2024-05-23 02:00:00,0,2.11,0,1.111369432,0.0,0,2.5,69.5
2024-05-23 02:30:00,0,2.11,0,1.113204126,0.0,0,2.5,69.5
2024-05-23 03:00:00,0,2.11,0,1.12346418,0.0,0,2.5,69.5
2024-05-23 03:30:00,0,2.11,0,1.196133896,0.0,0,2.5,69.5
2024-05-23 04:00:00,0,2.11,0,1.319266122,0.0,0,2.5,69.5
2024-05-23 04:30:00,0,2.11,0,1.3706299,0.0,0,2.5,69.5
2024-05-23 05:00:00,0,2.11,0,1.336794144,0.0,0,2.5,69.5
2024-05-23 05:30:00,0,2.11,0,1.314293515,0.0,0,2.5,69.5
2024-05-23 06:00:00,0,2.11,0,1.348726075,0.0,0,2.5,69.5
2024-05-23 06:30:00,0,2.11,0,1.372739101,0.0,0,2.5,69.5
2024-05-23 07:00:00,0,2.11,0,1.394408001,0.0,0,2.5,69.5
2024-05-23 07:30:00,0,2.11,0,1.394042714,0.0,0,2.5,69.5
2024-05-23 08:00:00,0,2.11,0,1.382973362,0.0,0,2.5,69.5
2024-05-23 08:30:00,0,2.11,0,1.369307669,0.0,0,2.5,69.5
2024-05-23 09:00:00,0,2.11,0,1.36400777,0.0,0,2.5,69.5
2024-05-23 09:30:00,0,2.11,0,1.410899286,0.0,0,2.5,69.5
2024-05-23 10:00:00,0,2.11,0,1.47918758,0.0,0,2.5,69.5
2024-05-23 10:30:00,0,2.11,0,1.534884897,0.0,0,2.5,69.5
2024-05-23 11:00:00,0,2.11,0,1.583033149,0.0,0,2.5,69.5
2024-05-23 11:30:00,0,2.11,0,1.624480399,0.0,0,2.5,69.5
2024-05-23 12:00:00,0,2.11,0,1.658076867,0.0,0,2.5,69.5
2024-05-23 12:30:00,0,2.11,0,1.687059027,0.0,0,2.5,69.5
2024-05-23 13:00:00,0,2.11,0,1.725022532,0.0,0,2.5,69.5
2024-05-23 13:30:00,0,2.11,0,1.76940488,0.0,0,2.5,69.5
2024-05-23 14:00:00,0,2.11,0,1.831117707,0.0,0,2.5,69.5
2024-05-23 14:30:00,0,2.11,0,1.872022394,0.0,0,2.5,69.5
2024-05-23 15:00:00,0,2.11,0,1.898314312,0.0,0,2.5,69.5
2024-05-23 15:30:00,0,2.11,0,1.944415051,0.0,0,2.5,69.5
2024-05-23 16:00:00,0,2.11,0,1.944749245,0.0,0,2.5,69.5
2024-05-23 16:30:00,0,2.11,0,1.888793603,0.0,0,2.5,69.5
2024-05-23 17:00:00,0,2.11,0,1.846553163,0.0,0,2.5,69.5
2024-05-23 17:30:00,0,2.11,0,1.886900012,0.0,0,2.5,69.5
2024-05-23 18:00:00,0,2.11,0,1.995164565,0.0,0,2.5,69.5
2024-05-23 18:30:00,0,2.11,0,2.070037571,0.0,0,2.5,69.5
2024-05-23 19:00:00,0,2.11,0,2.101040662,0.0,0,2.5,69.5
2024-05-23 19:30:00,0,2.11,0,2.018382773,0.0,0,2.5,69.5
2024-05-23 20:00:00,0,2.11,0,1.851221575,0.0,0,2.5,69.5
2024-05-23 20:30:00,0,2.11,0,1.673071167,0.0,0,2.5,69.5
2024-05-23 21:00:00,0,2.11,0,1.522949373,0.0,0,2.5,69.5
2024-05-23 21:30:00,0,2.11,0,1.4363666,0.0,0,2.5,69.5
2024-05-23 22:00:00,0,2.11,0,1.361951745,0.0,0,2.5,69.5
2024-05-23 22:30:00,0,2.11,0,1.295391942,0.0,0,2.5,69.5
2024-05-23 23:00:00,0,2.11,0,1.242736521,0.0,0,2.5,69.5
2024-05-23 23:30:00,0,2.11,0,1.205291077,0.0,0,2.5,69.5
2024-05-24 00:00:00,0,2.11,0,1.173213506,0.0,0,2.5,69.5
2024-05-24 00:30:00,0,2.11,0,1.147151581,0.0,0,2.5,69.5
2024-05-24 01:00:00,0,2.11,0,1.132178915,0.0,0,2.5,69.5
2024-05-24 01:30:00,0,2.11,0,1.117576317,0.0,0,2.5,69.5
2024-05-24 02:00:00,0,2.11,0,1.111369432,0.0,0,2.5,69.5
2024-05-24 02:30:00,0,2.11,0,1.113204126,0.0,0,2.5,69.5
2024-05-24 03:00:00,0,2.11,0,1.12346418,0.0,0,2.5,69.5
2024-05-24 03:30:00,0,2.11,0,1.196133896,0.0,0,2.5,69.5
2024-05-24 04:00:00,0,2.11,0,1.319266122,0.0,0,2.5,69.5
2024-05-24 04:30:00,0,2.11,0,1.3706299,0.0,0,2.5,69.5
2024-05-24 05:00:00,0,2.11,0,1.336794144,0.0,0,2.5,69.5
2024-05-24 05:30:00,0,2.11,0,1.314293515,0.0,0,2.5,69.5
2024-05-24 06:00:00,0,2.11,0,1.348726075,0.0,0,2.5,69.5
2024-05-24 06:30:00,0,2.11,0,1.372739101,0.0,0,2.5,69.5
2024-05-24 07:00:00,0,2.11,0,1.394408001,0.0,0,2.5,69.5
2024-05-24 07:30:00,0,2.11,0,1.394042714,0.0,0,2.5,69.5
2024-05-24 08:00:00,0,2.11,0,1.382973362,0.0,0,2.5,69.5
2024-05-24 08:30:00,0,2.11,0,1.369307669,0.0,0,2.5,69.5
2024-05-24 09:00:00,0,2.11,0,1.36400777,0.0,0,2.5,69.5
2024-05-24 09:30:00,0,2.11,0,1.410899286,0.0,0,2.5,69.5
2024-05-24 10:00:00,0,2.11,0,1.47918758,0.0,0,2.5,69.5
2024-05-24 10:30:00,0,2.11,0,1.534884897,0.0,0,2.5,69.5
2024-05-24 11:00:00,0,2.11,0,1.583033149,0.0,0,2.5,69.5
2024-05-24 11:30:00,0,2.11,0,1.624480399,0.0,0,2.5,69.5
2024-05-24 12:00:00,0,2.11,0,1.658076867,0.0,0,2.5,69.5
2024-05-24 12:30:00,0,2.11,0,1.687059027,0.0,0,2.5,69.5
2024-05-24 13:00:00,0,2.11,0,1.725022532,0.0,0,2.5,69.5
2024-05-24 13:30:00,0,2.11,0,1.76940488,0.0,0,2.5,69.5
2024-05-24 14:00:00,0,2.11,0,1.831117707,0.0,0,2.5,69.5
2024-05-24 14:30:00,0,2.11,0,1.872022394,0.0,0,2.5,69.5
2024-05-24 15:00:00,0,2.11,0,1.898314312,0.0,0,2.5,69.5
2024-05-24 15:30:00,0,2.11,0,1.944415051,0.0,0,2.5,69.5
2024-05-24 16:00:00,0,2.11,0,1.944749245,0.0,0,2.5,69.5
2024-05-24 16:30:00,0,2.11,0,1.888793603,0.0,0,2.5,69.5
2024-05-24 17:00:00,0,2.11,0,1.846553163,0.0,0,2.5,69.5
2024-05-24 17:30:00,0,2.11,0,1.886900012,0.0,0,2.5,69.5
2024-05-24 18:00:00,0,2.11,0,1.995164565,0.0,0,2.5,69.5
2024-05-24 18:30:00,0,2.11,0,2.070037571,0.0,0,2.5,69.5
2024-05-24 19:00:00,0,2.11,0,2.101040662,0.0,0,2.5,69.5
2024-05-24 19:30:00,0,2.11,0,2.018382773,0.0,0,2.5,69.5
2024-05-24 20:00:00,0,2.11,0,1.851221575,0.0,0,2.5,69.5
2024-05-24 20:30:00,0,2.11,0,1.673071167,0.0,0,2.5,69.5
2024-05-24 21:00:00,0,2.11,0,1.522949373,0.0,0,2.5,69.5
2024-05-24 21:30:00,0,2.11,0,1.4363666,0.0,0,2.5,69.5
2024-05-24 22:00:00,0,2.11,0,1.361951745,0.0,0,2.5,69.5
2024-05-24 22:30:00,0,2.11,0,1.295391942,0.0,0,2.5,69.5
2024-05-24 23:00:00,0,2.11,0,1.242736521,0.0,0,2.5,69.5
2024-05-24 23:30:00,0,2.11,0,1.205291077,0.0,0,2.5,69.5
2024-05-25 00:00:00,0,2.11,0,1.165545444,0.0,0,2.5,69.5
2024-05-25 00:30:00,0,2.11,0,1.139653858,0.0,0,2.5,69.5
2024-05-25 01:00:00,0,2.11,0,1.124779053,0.0,0,2.5,69.5
2024-05-25 01:30:00,0,2.11,0,1.110271897,0.0,0,2.5,69.5
2024-05-25 02:00:00,0,2.11,0,1.104105579,0.0,0,2.5,69.5
2024-05-25 02:30:00,0,2.11,0,1.105928282,0.0,0,2.5,69.5
2024-05-25 03:00:00,0,2.11,0,1.116121277,0.0,0,2.5,69.5
2024-05-25 03:30:00,0,2.11,0,1.188316027,0.0,0,2.5,69.5
2024-05-25 04:00:00,0,2.11,0,1.310643468,0.0,0,2.5,69.5
2024-05-25 04:30:00,0,2.11,0,1.361671535,0.0,0,2.5,69.5
2024-05-25 05:00:00,0,2.11,0,1.328056927,0.0,0,2.5,69.5
2024-05-25 05:30:00,0,2.11,0,1.305703361,0.0,0,2.5,69.5
2024-05-25 06:00:00,0,2.11,0,1.339910872,0.0,0,2.5,69.5
2024-05-25 06:30:00,0,2.11,0,1.36376695,0.0,0,2.5,69.5
2024-05-25 07:00:00,0,2.11,0,1.385294224,0.0,0,2.5,69.5
2024-05-25 07:30:00,0,2.11,0,1.384931323,0.0,0,2.5,69.5
2024-05-25 08:00:00,0,2.11,0,1.37393432,0.0,0,2.5,69.5
2024-05-25 08:30:00,0,2.11,0,1.360357946,0.0,0,2.5,69.5
2024-05-25 09:00:00,0,2.11,0,1.355092686,0.0,0,2.5,69.5
2024-05-25 09:30:00,0,2.11,0,1.401677722,0.0,0,2.5,69.5
2024-05-25 10:00:00,0,2.11,0,1.469519687,0.0,0,2.5,69.5
2024-05-25 10:30:00,0,2.11,0,1.52485297,0.0,0,2.5,69.5
2024-05-25 11:00:00,0,2.11,0,1.572686527,0.0,0,2.5,69.5
2024-05-25 11:30:00,0,2.11,0,1.61386288,0.0,0,2.5,69.5
2024-05-25 12:00:00,0,2.11,0,1.647239763,0.0,0,2.5,69.5
2024-05-25 12:30:00,0,2.11,0,1.676032498,0.0,0,2.5,69.5
2024-05-25 13:00:00,0,2.11,0,1.713747875,0.0,0,2.5,69.5
2024-05-25 13:30:00,0,2.11,0,1.757840142,0.0,0,2.5,69.5
2024-05-25 14:00:00,0,2.11,0,1.819149618,0.0,0,2.5,69.5
2024-05-25 14:30:00,0,2.11,0,1.859786954,0.0,0,2.5,69.5
2024-05-25 15:00:00,0,2.11,0,1.885907029,0.0,0,2.5,69.5
2024-05-25 15:30:00,0,2.11,0,1.931706456,0.0,0,2.5,69.5
2024-05-25 16:00:00,0,2.11,0,1.932038466,0.0,0,2.5,69.5
2024-05-25 16:30:00,0,2.11,0,1.876448547,0.0,0,2.5,69.5
2024-05-25 17:00:00,0,2.11,0,1.834484188,0.0,0,2.5,69.5
2024-05-25 17:30:00,0,2.11,0,1.874567332,0.0,0,2.5,69.5
2024-05-25 18:00:00,0,2.11,0,1.982124274,0.0,0,2.5,69.5
2024-05-25 18:30:00,0,2.11,0,2.056507913,0.0,0,2.5,69.5
2024-05-25 19:00:00,0,2.11,0,2.087308371,0.0,0,2.5,69.5
2024-05-25 19:30:00,0,2.11,0,2.005190728,0.0,0,2.5,69.5
2024-05-25 20:00:00,0,2.11,0,1.839122087,0.0,0,2.5,69.5
2024-05-25 20:30:00,0,2.11,0,1.662136061,0.0,0,2.5,69.5
2024-05-25 21:00:00,0,2.11,0,1.512995455,0.0,0,2.5,69.5
2024-05-25 21:30:00,0,2.11,0,1.426978583,0.0,0,2.5,69.5
2024-05-25 22:00:00,0,2.11,0,1.3530501,0.0,0,2.5,69.5
2024-05-25 22:30:00,0,2.11,0,1.286925328,0.0,0,2.5,69.5
2024-05-25 23:00:00,0,2.11,0,1.23461406,0.0,0,2.5,69.5
2024-05-25 23:30:00,0,2.11,0,1.197413358,0.0,0,2.5,69.5
2024-05-26 00:00:00,0,2.11,0,1.157877382,0.0,0,2.5,69.5
2024-05-26 00:30:00,0,2.11,0,1.132156135,0.0,0,2.5,69.5
2024-05-26 01:00:00,0,2.11,0,1.117379191,0.0,0,2.5,69.5
2024-05-26 01:30:00,0,2.11,0,1.102967477,0.0,0,2.5,69.5
2024-05-26 02:00:00,0,2.11,0,1.096841727,0.0,0,2.5,69.5
2024-05-26 02:30:00,0,2.11,0,1.098652438,0.0,0,2.5,69.5
2024-05-26 03:00:00,0,2.11,0,1.108778373,0.0,0,2.5,69.5
2024-05-26 03:30:00,0,2.11,0,1.180498159,0.0,0,2.5,69.5
2024-05-26 04:00:00,0,2.11,0,1.302020813,0.0,0,2.5,69.5
2024-05-26 04:30:00,0,2.11,0,1.352713169,0.0,0,2.5,69.5
2024-05-26 05:00:00,0,2.11,0,1.319319711,0.0,0,2.5,69.5
2024-05-26 05:30:00,0,2.11,0,1.297113208,0.0,0,2.5,69.5
2024-05-26 06:00:00,0,2.11,0,1.331095669,0.0,0,2.5,69.5
2024-05-26 06:30:00,0,2.11,0,1.354794799,0.0,0,2.5,69.5
2024-05-26 07:00:00,0,2.11,0,1.376180446,0.0,0,2.5,69.5
2024-05-26 07:30:00,0,2.11,0,1.375819933,0.0,0,2.5,69.5
2024-05-26 08:00:00,0,2.11,0,1.364895279,0.0,0,2.5,69.5
2024-05-26 08:30:00,0,2.11,0,1.351408222,0.0,0,2.5,69.5
2024-05-26 09:00:00,0,2.11,0,1.346177603,0.0,0,2.5,69.5
2024-05-26 09:30:00,0,2.11,0,1.392456158,0.0,0,2.5,69.5
2024-05-26 10:00:00,0,2.11,0,1.459851794,0.0,0,2.5,69.5
2024-05-26 10:30:00,0,2.11,0,1.514821042,0.0,0,2.5,69.5
2024-05-26 11:00:00,0,2.11,0,1.562339905,0.0,0,2.5,69.5
2024-05-26 11:30:00,0,2.11,0,1.603245361,0.0,0,2.5,69.5
2024-05-26 12:00:00,0,2.11,0,1.63640266,0.0,0,2.5,69.5
2024-05-26 12:30:00,0,2.11,0,1.665005968,0.0,0,2.5,69.5
2024-05-26 13:00:00,0,2.11,0,1.702473218,0.0,0,2.5,69.5
2024-05-26 13:30:00,0,2.11,0,1.746275404,0.0,0,2.5,69.5
2024-05-26 14:00:00,0,2.11,0,1.807181528,0.0,0,2.5,69.5
2024-05-26 14:30:00,0,2.11,0,1.847551513,0.0,0,2.5,69.5
2024-05-26 15:00:00,0,2.11,0,1.873499746,0.0,0,2.5,69.5
2024-05-26 15:30:00,0,2.11,0,1.918997861,0.0,0,2.5,69.5
2024-05-26 16:00:00,0,2.11,0,1.919327686,0.0,0,2.5,69.5
2024-05-26 16:30:00,0,2.11,0,1.86410349,0.0,0,2.5,69.5
2024-05-26 17:00:00,0,2.11,0,1.822415213,0.0,0,2.5,69.5
2024-05-26 17:30:00,0,2.11,0,1.862234652,0.0,0,2.5,69.5
2024-05-26 18:00:00,0,2.11,0,1.969083983,0.0,0,2.5,69.5
2024-05-26 18:30:00,0,2.11,0,2.042978256,0.0,0,2.5,69.5
2024-05-26 19:00:00,0,2.11,0,2.073576079,0.0,0,2.5,69.5
2024-05-26 19:30:00,0,2.11,0,1.991998684,0.0,0,2.5,69.5
2024-05-26 20:00:00,0,2.11,0,1.8270226,0.0,0,2.5,69.5
2024-05-26 20:30:00,0,2.11,0,1.651200956,0.0,0,2.5,69.5
2024-05-26 21:00:00,0,2.11,0,1.503041538,0.0,0,2.5,69.5
2024-05-26 21:30:00,0,2.11,0,1.417590566,0.0,0,2.5,69.5
2024-05-26 22:00:00,0,2.11,0,1.344148455,0.0,0,2.5,69.5
2024-05-26 22:30:00,0,2.11,0,1.278458714,0.0,0,2.5,69.5
2024-05-26 23:00:00,0,2.11,0,1.226491599,0.0,0,2.5,69.5
2024-05-26 23:30:00,0,2.11,0,1.189535638,0.0,0,2.5,69.5
2024-05-27 00:00:00,0,2.11,0,1.157877382,0.0,0,2.5,69.5
2024-05-27 00:30:00,0,2.11,0,1.132156135,0.0,0,2.5,69.5
2024-05-27 01:00:00,0,2.11,0,1.117379191,0.0,0,2.5,69.5
2024-05-27 01:30:00,0,2.11,0,1.102967477,0.0,0,2.5,69.5
2024-05-27 02:00:00,0,2.11,0,1.096841727,0.0,0,2.5,69.5
2024-05-27 02:30:00,0,2.11,0,1.098652438,0.0,0,2.5,69.5
2024-05-27 03:00:00,0,2.11,0,1.108778373,0.0,0,2.5,69.5
2024-05-27 03:30:00,0,2.11,0,1.180498159,0.0,0,2.5,69.5
2024-05-27 04:00:00,0,2.11,0,1.302020813,0.0,0,2.5,69.5
2024-05-27 04:30:00,0,2.11,0,1.352713169,0.0,0,2.5,69.5
2024-05-27 05:00:00,0,2.11,0,1.319319711,0.0,0,2.5,69.5
2024-05-27 05:30:00,0,2.11,0,1.297113208,0.0,0,2.5,69.5
2024-05-27 06:00:00,0,2.11,0,1.331095669,2.53,0,2.5,69.5
2024-05-27 06:30:00,0,2.11,0,1.354794799,2.53,0,2.5,69.5
2024-05-27 07:00:00,0,2.11,0,1.376180446,2.53,0,2.5,69.5
2024-05-27 07:30:00,0,2.11,0,1.375819933,2.53,0,2.5,69.5
2024-05-27 08:00:00,0,2.11,0,1.364895279,2.53,0,2.5,69.5
2024-05-27 08:30:00,0,2.11,0,1.351408222,2.53,0,2.5,69.5
2024-05-27 09:00:00,0,2.11,0,1.346177603,2.53,0,2.5,69.5
2024-05-27 09:30:00,0,2.11,0,1.392456158,2.53,0,2.5,69.5
2024-05-27 10:00:00,0,2.11,0,1.459851794,2.53,0,2.5,69.5
2024-05-27 10:30:00,0,2.11,0,1.514821042,2.53,0,2.5,69.5
2024-05-27 11:00:00,0,2.11,0,1.562339905,2.53,0,2.5,69.5
2024-05-27 11:30:00,0,2.11,0,1.603245361,2.53,0,2.5,69.5
2024-05-27 12:00:00,0,2.11,0,1.63640266,2.53,0,2.5,69.5
2024-05-27 12:30:00,0,2.11,0,1.665005968,2.53,0,2.5,69.5
2024-05-27 13:00:00,0,2.11,0,1.702473218,2.53,0,2.5,69.5
2024-05-27 13:30:00,0,2.11,0,1.746275404,2.53,0,2.5,69.5
2024-05-27 14:00:00,0,2.11,0,1.807181528,2.53,0,2.5,69.5
2024-05-27 14:30:00,0,2.11,0,1.847551513,2.53,0,2.5,69.5
2024-05-27 15:00:00,0,2.11,0,1.873499746,2.53,0,2.5,69.5
2024-05-27 15:30:00,0,2.11,0,1.918997861,2.53,0,2.5,69.5
2024-05-27 16:00:00,0,2.11,0,1.919327686,2.53,0,2.5,69.5
2024-05-27 16:30:00,0,2.11,0,1.86410349,2.53,0,2.5,69.5
2024-05-27 17:00:00,0,2.11,0,1.822415213,2.53,0,2.5,69.5
2024-05-27 17:30:00,0,2.11,0,1.862234652,2.53,0,2.5,69.5
2024-05-27 18:00:00,0,2.11,0,1.969083983,2.53,0,2.5,69.5
2024-05-27 18:30:00,0,2.11,0,2.042978256,2.53,0,2.5,69.5
2024-05-27 19:00:00,0,2.11,0,2.073576079,2.53,0,2.5,69.5
2024-05-27 19:30:00,0,2.11,0,1.991998684,2.53,0,2.5,69.5
2024-05-27 20:00:00,0,2.11,0,1.8270226,2.53,0,2.5,69.5
2024-05-27 20:30:00,0,2.11,0,1.651200956,2.53,0,2.5,69.5
2024-05-27 21:00:00,0,2.11,0,1.503041538,2.53,0,2.5,69.5
2024-05-27 21:30:00,0,2.11,0,1.417590566,2.53,0,2.5,69.5
2024-05-27 22:00:00,0,2.11,0,1.344148455,2.53,0,2.5,69.5
2024-05-27 22:30:00,0,2.11,0,1.278458714,2.53,0,2.5,69.5
2024-05-27 23:00:00,0,2.11,0,1.226491599,2.53,0,2.5,69.5
2024-05-27 23:30:00,0,2.11,0,1.189535638,2.53,0,2.5,69.5
2024-05-28 00:00:00,0,2.11,0,1.15020932,2.53,0,2.5,69.5
2024-05-28 00:30:00,0,2.11,0,1.124658412,2.53,0,2.5,69.5
2024-05-28 01:00:00,0,2.11,0,1.109979329,2.53,0,2.5,69.5
2024-05-28 01:30:00,0,2.11,0,1.095663056,2.53,0,2.5,69.5
2024-05-28 02:00:00,0,2.11,0,1.089577874,2.53,0,2.5,69.5
2024-05-28 02:30:00,0,2.11,0,1.091376594,2.53,0,2.5,69.5
2024-05-28 03:00:00,0,2.11,0,1.10143547,2.53,0,2.5,69.5
2024-05-28 03:30:00,0,2.11,0,1.17268029,2.53,0,2.5,69.5
2024-05-28 04:00:00,0,2.11,0,1.293398159,2.53,0,2.5,69.5
2024-05-28 04:30:00,0,2.11,0,1.343754804,2.53,0,2.5,69.5
2024-05-28 05:00:00,0,2.11,0,1.310582494,2.53,0,2.5,69.5
2024-05-28 05:30:00,0,2.11,0,1.288523054,2.53,0,2.5,69.5
2024-05-28 06:00:00,0,2.11,0,1.322280466,3.67,0,2.5,69.5
2024-05-28 06:30:00,0,2.11,0,1.345822648,3.67,0,2.5,69.5
2024-05-28 07:00:00,0,2.11,0,1.367066668,3.67,0,2.5,69.5
2024-05-28 07:30:00,0,2.11,0,1.366708543,3.67,0,2.5,69.5
2024-05-28 08:00:00,0,2.11,0,1.355856237,3.67,0,2.5,69.5
2024-05-28 08:30:00,0,2.11,0,1.342458499,3.67,0,2.5,69.5
2024-05-28 09:00:00,0,2.11,0,1.337262519,3.67,0,2.5,69.5
2024-05-28 09:30:00,0,2.11,0,1.383234594,3.67,0,2.5,69.5
2024-05-28 10:00:00,0,2.11,0,1.450183901,3.67,0,2.5,69.5
2024-05-28 10:30:00,0,2.11,0,1.504789115,3.67,0,2.5,69.5
2024-05-28 11:00:00,0,2.11,0,1.551993283,3.67,0,2.5,69.5
2024-05-28 11:30:00,0,2.11,0,1.592627842,3.67,0,2.5,69.5
2024-05-28 12:00:00,0,2.11,0,1.625565556,3.67,0,2.5,69.5
2024-05-28 12:30:00,0,2.11,0,1.653979438,3.67,0,2.5,69.5
2024-05-28 13:00:00,0,2.11,0,1.691198561,3.67,0,2.5,69.5
2024-05-28 13:30:00,0,2.11,0,1.734710666,3.67,0,2.5,69.5
2024-05-28 14:00:00,0,2.11,0,1.795213438,3.67,0,2.5,69.5
2024-05-28 14:30:00,0,2.11,0,1.835316073,3.67,0,2.5,69.5
2024-05-28 15:00:00,0,2.11,0,1.861092463,3.67,0,2.5,69.5
2024-05-28 15:30:00,0,2.11,0,1.906289266,3.67,0,2.5,69.5
2024-05-28 16:00:00,0,2.11,0,1.906616907,3.67,0,2.5,69.5
2024-05-28 16:30:00,0,2.11,0,1.851758434,3.67,0,2.5,69.5
2024-05-28 17:00:00,0,2.11,0,1.810346238,3.67,0,2.5,69.5
2024-05-28 17:30:00,0,2.11,0,1.849901972,3.67,0,2.5,69.5
2024-05-28 18:00:00,0,2.11,0,1.956043691,3.67,0,2.5,69.5
2024-05-28 18:30:00,0,2.11,0,2.029448599,3.67,0,2.5,69.5
2024-05-28 19:00:00,0,2.11,0,2.059843787,3.67,0,2.5,69.5
2024-05-28 19:30:00,0,2.11,0,1.97880664,3.67,0,2.5,69.5
2024-05-28 20:00:00,0,2.11,0,1.814923112,3.67,0,2.5,69.5
2024-05-28 20:30:00,0,2.11,0,1.64026585,3.67,0,2.5,69.5
2024-05-28 21:00:00,0,2.11,0,1.49308762,3.67,0,2.5,69.5
2024-05-28 21:30:00,0,2.11,0,1.408202549,3.67,0,2.5,69.5
2024-05-28 22:00:00,0,2.11,0,1.335246809,3.67,0,2.5,69.5
2024-05-28 22:30:00,0,2.11,0,1.2699921,3.67,0,2.5,69.5
2024-05-28 23:00:00,0,2.11,0,1.218369138,3.67,0,2.5,69.5
2024-05-28 23:30:00,0,2.11,0,1.181657919,3.67,0,2.5,69.5
2024-05-29 00:00:00,0,2.11,0,1.15020932,3.67,0,2.5,69.5
2024-05-29 00:30:00,0,2.11,0,1.124658412,3.67,0,2.5,69.5
2024-05-29 01:00:00,0,2.11,0,1.109979329,3.67,0,2.5,69.5
2024-05-29 01:30:00,0,2.11,0,1.095663056,3.67,0,2.5,69.5
2024-05-29 02:00:00,0,2.11,0,1.089577874,3.67,0,2.5,69.5
2024-05-29 02:30:00,0,2.11,0,1.091376594,3.67,0,2.5,69.5
2024-05-29 03:00:00,0,2.11,0,1.10143547,3.67,0,2.5,69.5
2024-05-29 03:30:00,0,2.11,0,1.17268029,3.67,0,2.5,69.5
2024-05-29 04:00:00,0,2.11,0,1.293398159,3.67,0,2.5,69.5
2024-05-29 04:30:00,0,2.11,0,1.343754804,3.67,0,2.5,69.5
2024-05-29 05:00:00,0,2.11,0,1.310582494,3.67,0,2.5,69.5
2024-05-29 05:30:00,0,2.11,0,1.288523054,3.67,0,2.5,69.5
2024-05-29 06:00:00,0,2.11,0,1.322280466,3.67,0,2.5,69.5
2024-05-29 06:30:00,0,2.11,0,1.345822648,3.67,0,2.5,69.5
2024-05-29 07:00:00,0,2.11,0,1.367066668,3.67,0,2.5,69.5
2024-05-29 07:30:00,0,2.11,0,1.366708543,3.67,0,2.5,69.5
2024-05-29 08:00:00,0,2.11,0,1.355856237,3.67,0,2.5,69.5
2024-05-29 08:30:00,0,2.11,0,1.342458499,3.67,0,2.5,69.5
2024-05-29 09:00:00,0,2.11,0,1.337262519,3.67,0,2.5,69.5
2024-05-29 09:30:00,0,2.11,0,1.383234594,3.67,0,2.5,69.5
2024-05-29 10:00:00,0,2.11,0,1.450183901,3.67,0,2.5,69.5
2024-05-29 10:30:00,0,2.11,0,1.504789115,3.67,0,2.5,69.5
2024-05-29 11:00:00,0,2.11,0,1.551993283,3.67,0,2.5,69.5
2024-05-29 11:30:00,0,2.11,0,1.592627842,3.67,0,2.5,69.5
2024-05-29 12:00:00,0,2.11,0,1.625565556,3.67,0,2.5,69.5
2024-05-29 12:30:00,0,2.11,0,1.653979438,3.67,0,2.5,69.5
2024-05-29 13:00:00,0,2.11,0,1.691198561,3.67,0,2.5,69.5
2024-05-29 13:30:00,0,2.11,0,1.734710666,3.67,0,2.5,69.5
2024-05-29 14:00:00,0,2.11,0,1.795213438,3.67,0,2.5,69.5
2024-05-29 14:30:00,0,2.11,0,1.835316073,3.67,0,2.5,69.5
2024-05-29 15:00:00,0,2.11,0,1.861092463,3.67,0,2.5,69.5
2024-05-29 15:30:00,0,2.11,0,1.906289266,3.67,0,2.5,69.5
2024-05-29 16:00:00,0,2.11,0,1.906616907,3.67,0,2.5,69.5
2024-05-29 16:30:00,0,2.11,0,1.851758434,3.67,0,2.5,69.5
2024-05-29 17:00:00,0,2.11,0,1.810346238,3.67,0,2.5,69.5
2024-05-29 17:30:00,0,2.11,0,1.849901972,3.67,0,2.5,69.5
2024-05-29 18:00:00,0,2.11,0,1.956043691,3.67,0,2.5,69.5
2024-05-29 18:30:00,0,2.11,0,2.029448599,3.67,0,2.5,69.5
2024-05-29 19:00:00,0,2.11,0,2.059843787,3.67,0,2.5,69.5
2024-05-29 19:30:00,0,2.11,0,1.97880664,3.67,0,2.5,69.5
2024-05-29 20:00:00,0,2.11,0,1.814923112,3.67,0,2.5,69.5
2024-05-29 20:30:00,0,2.11,0,1.64026585,3.67,0,2.5,69.5
2024-05-29 21:00:00,0,2.11,0,1.49308762,3.67,0,2.5,69.5
2024-05-29 21:30:00,0,2.11,0,1.408202549,3.67,0,2.5,69.5
2024-05-29 22:00:00,0,2.11,0,1.335246809,3.67,0,2.5,69.5
2024-05-29 22:30:00,0,2.11,0,1.2699921,3.67,0,2.5,69.5
2024-05-29 23:00:00,0,2.11,0,1.218369138,3.67,0,2.5,69.5
2024-05-29 23:30:00,0,2.11,0,1.181657919,3.67,0,2.5,69.5
2024-05-30 00:00:00,0,2.11,0,1.142541258,3.67,0,2.5,69.5
2024-05-30 00:30:00,0,2.11,0,1.11716069,3.67,0,2.5,69.5
2024-05-30 01:00:00,0,2.11,0,1.102579467,3.67,0,2.5,69.5
2024-05-30 01:30:00,0,2.11,0,1.088358636,3.67,0,2.5,69.5
2024-05-30 02:00:00,0,2.11,0,1.082314022,3.67,0,2.5,69.5
2024-05-30 02:30:00,0,2.11,0,1.08410075,3.67,0,2.5,69.5
2024-05-30 03:00:00,0,2.11,0,1.094092567,3.67,0,2.5,69.5
2024-05-30 03:30:00,0,2.11,0,1.164862421,3.67,0,2.5,69.5
2024-05-30 04:00:00,0,2.11,0,1.284775505,3.67,0,2.5,69.5
2024-05-30 04:30:00,0,2.11,0,1.334796439,3.67,0,2.5,69.5
2024-05-30 05:00:00,0,2.11,0,1.301845277,3.67,0,2.5,69.5
2024-05-30 05:30:00,0,2.11,0,1.2799329,3.67,0,2.5,69.5
2024-05-30 06:00:00,0,2.11,0,1.313465262,3.67,0,2.5,69.5
2024-05-30 06:30:00,0,2.11,0,1.336850497,3.67,0,2.5,69.5
2024-05-30 07:00:00,0,2.11,0,1.35795289,3.67,0,2.5,69.5
2024-05-30 07:30:00,0,2.11,0,1.357597152,3.67,0,2.5,69.5
2024-05-30 08:00:00,0,2.11,0,1.346817195,3.67,0,2.5,69.5
2024-05-30 08:30:00,0,2.11,0,1.333508776,3.67,0,2.5,69.5
2024-05-30 09:00:00,0,2.11,0,1.328347436,3.67,0,2.5,69.5
2024-05-30 09:30:00,0,2.11,0,1.37401303,3.67,0,2.5,69.5
2024-05-30 10:00:00,0,2.11,0,1.440516009,3.67,0,2.5,69.5
2024-05-30 10:30:00,0,2.11,0,1.494757188,3.67,0,2.5,69.5
2024-05-30 11:00:00,0,2.11,0,1.541646661,3.67,0,2.5,69.5
2024-05-30 11:30:00,0,2.11,0,1.582010323,3.67,0,2.5,69.5
2024-05-30 12:00:00,0,2.11,0,1.614728452,3.67,0,2.5,69.5
2024-05-30 12:30:00,0,2.11,0,1.642952909,3.67,0,2.5,69.5
2024-05-30 13:00:00,0,2.11,0,1.679923904,3.67,0,2.5,69.5
2024-05-30 13:30:00,0,2.11,0,1.723145929,3.67,0,2.5,69.5
2024-05-30 14:00:00,0,2.11,0,1.783245349,3.67,0,2.5,69.5
2024-05-30 14:30:00,0,2.11,0,1.823080632,3.67,0,2.5,69.5
2024-05-30 15:00:00,0,2.11,0,1.84868518,3.67,0,2.5,69.5
2024-05-30 15:30:00,0,2.11,0,1.893580671,3.67,0,2.5,69.5
2024-05-30 16:00:00,0,2.11,0,1.893906127,3.67,0,2.5,69.5
2024-05-30 16:30:00,0,2.11,0,1.839413378,3.67,0,2.5,69.5
2024-05-30 17:00:00,0,2.11,0,1.798277263,3.67,0,2.5,69.5
2024-05-30 17:30:00,0,2.11,0,1.837569293,3.67,0,2.5,69.5
2024-05-30 18:00:00,0,2.11,0,1.9430034,3.67,0,2.5,69.5
2024-05-30 18:30:00,0,2.11,0,2.015918941,3.67,0,2.5,69.5
2024-05-30 19:00:00,0,2.11,0,2.046111495,3.67,0,2.5,69.5
2024-05-30 19:30:00,0,2.11,0,1.965614595,3.67,0,2.5,69.5
2024-05-30 20:00:00,0,2.11,0,1.802823625,3.67,0,2.5,69.5
2024-05-30 20:30:00,0,2.11,0,1.629330744,3.67,0,2.5,69.5
2024-05-30 21:00:00,0,2.11,0,1.483133703,3.67,0,2.5,69.5
2024-05-30 21:30:00,0,2.11,0,1.398814532,3.67,0,2.5,69.5
2024-05-30 22:00:00,0,2.11,0,1.326345164,3.67,0,2.5,69.5
2024-05-30 22:30:00,0,2.11,0,1.261525486,3.67,0,2.5,69.5
2024-05-30 23:00:00,0,2.11,0,1.210246677,3.67,0,2.5,69.5
2024-05-30 23:30:00,0,2.11,0,1.173780199,3.67,0,2.5,69.5
2024-05-31 00:00:00,0,2.11,0,1.134873196,3.67,0,2.5,69.5
2024-05-31 00:30:00,0,2.11,0,1.109662967,3.67,0,2.5,69.5
2024-05-31 01:00:00,0,2.11,0,1.095179604,3.67,0,2.5,69.5
2024-05-31 01:30:00,0,2.11,0,1.081054215,3.67,0,2.5,69.5
2024-05-31 02:00:00,0,2.11,0,1.075050169,3.67,0,2.5,69.5
2024-05-31 02:30:00,0,2.11,0,1.076824906,3.67,0,2.5,69.5
2024-05-31 03:00:00,0,2.11,0,1.086749664,3.67,0,2.5,69.5
2024-05-31 03:30:00,0,2.11,0,1.157044553,3.67,0,2.5,69.5
2024-05-31 04:00:00,0,2.11,0,1.27615285,3.67,0,2.5,69.5
2024-05-31 04:30:00,0,2.11,0,1.325838073,3.67,0,2.5,69.5
2024-05-31 05:00:00,0,2.11,0,1.293108061,3.67,0,2.5,69.5
2024-05-31 05:30:00,0,2.11,0,1.271342746,3.67,0,2.5,69.5
2024-05-31 06:00:00,0,2.11,0,1.304650059,3.67,0,2.5,69.5
2024-05-31 06:30:00,0,2.11,0,1.327878346,3.67,0,2.5,69.5
2024-05-31 07:00:00,0,2.11,0,1.348839112,3.67,0,2.5,69.5
2024-05-31 07:30:00,0,2.11,0,1.348485762,3.67,0,2.5,69.5
2024-05-31 08:00:00,0,2.11,0,1.337778154,3.67,0,2.5,69.5
2024-05-31 08:30:00,0,2.11,0,1.324559052,3.67,0,2.5,69.5
2024-05-31 09:00:00,0,2.11,0,1.319432352,3.67,0,2.5,69.5
2024-05-31 09:30:00,0,2.11,0,1.364791466,3.67,0,2.5,69.5
2024-05-31 10:00:00,0,2.11,0,1.430848116,3.67,0,2.5,69.5
2024-05-31 10:30:00,0,2.11,0,1.48472526,3.67,0,2.5,69.5
2024-05-31 11:00:00,0,2.11,0,1.53130004,3.67,0,2.5,69.5
2024-05-31 11:30:00,0,2.11,0,1.571392804,3.67,0,2.5,69.5
2024-05-31 12:00:00,0,2.11,0,1.603891349,3.67,0,2.5,69.5
2024-05-31 12:30:00,0,2.11,0,1.631926379,3.67,0,2.5,69.5
2024-05-31 13:00:00,0,2.11,0,1.668649247,3.67,0,2.5,69.5
2024-05-31 13:30:00,0,2.11,0,1.711581191,3.67,0,2.5,69.5
2024-05-31 14:00:00,0,2.11,0,1.771277259,3.67,0,2.5,69.5
2024-05-31 14:30:00,0,2.11,0,1.810845192,3.67,0,2.5,69.5
2024-05-31 15:00:00,0,2.11,0,1.836277897,3.67,0,2.5,69.5
2024-05-31 15:30:00,0,2.11,0,1.880872076,3.67,0,2.5,69.5
2024-05-31 16:00:00,0,2.11,0,1.881195348,3.67,0,2.5,69.5
2024-05-31 16:30:00,0,2.11,0,1.827068322,3.67,0,2.5,69.5
2024-05-31 17:00:00,0,2.11,0,1.786208289,3.67,0,2.5,69.5
2024-05-31 17:30:00,0,2.11,0,1.825236613,3.67,0,2.5,69.5
2024-05-31 18:00:00,0,2.11,0,1.929963109,3.67,0,2.5,69.5
2024-05-31 18:30:00,0,2.11,0,2.002389284,3.67,0,2.5,69.5
2024-05-31 19:00:00,0,2.11,0,2.032379203,3.67,0,2.5,69.5
2024-05-31 19:30:00,0,2.11,0,1.952422551,3.67,0,2.5,69.5
2024-05-31 20:00:00,0,2.11,0,1.790724138,3.67,0,2.5,69.5
2024-05-31 20:30:00,0,2.11,0,1.618395639,3.67,0,2.5,69.5
2024-05-31 21:00:00,0,2.11,0,1.473179785,3.67,0,2.5,69.5
2024-05-31 21:30:00,0,2.11,0,1.389426515,3.67,0,2.5,69.5
2024-05-31 22:00:00,0,2.11,0,1.317443518,3.67,0,2.5,69.5
2024-05-31 22:30:00,0,2.11,0,1.253058872,3.67,0,2.5,69.5
2024-05-31 23:00:00,0,2.11,0,1.202124216,3.67,0,2.5,69.5
2024-05-31 23:30:00,0,2.11,0,1.16590248,3.67,0,2.5,69.5
2024-06-01 00:00:00,0,2.11,0,1.134873196,3.67,0,2.5,69.5
2024-06-01 00:30:00,0,2.11,0,1.109662967,3.67,0,2.5,69.5
2024-06-01 01:00:00,0,2.11,0,1.095179604,3.67,0,2.5,69.5
2024-06-01 01:30:00,0,2.11,0,1.081054215,3.67,0,2.5,69.5
2024-06-01 02:00:00,0,2.11,0,1.075050169,3.67,0,2.5,69.5
2024-06-01 02:30:00,0,2.11,0,1.076824906,3.67,0,2.5,69.5
2024-06-01 03:00:00,0,2.11,0,1.086749664,3.67,0,2.5,69.5
2024-06-01 03:30:00,0,2.11,0,1.157044553,3.67,0,2.5,69.5
2024-06-01 04:00:00,0,2.11,0,1.27615285,3.67,0,2.5,69.5
2024-06-01 04:30:00,0,2.11,0,1.325838073,3.67,0,2.5,69.5
2024-06-01 05:00:00,0,2.11,0,1.293108061,3.67,0,2.5,69.5
2024-06-01 05:30:00,0,2.11,0,1.271342746,3.67,0,2.5,69.5
2024-06-01 06:00:00,0,2.11,0,1.304650059,3.67,0,2.5,92.87
2024-06-01 06:30:00,0,2.11,0,1.327878346,3.67,0,2.5,92.87
2024-06-01 07:00:00,0,2.11,0,1.348839112,3.67,0,2.5,92.87
2024-06-01 07:30:00,0,2.11,0,1.348485762,3.67,0,2.5,92.87
2024-06-01 08:00:00,0,2.11,0,1.337778154,3.67,0,2.5,92.87
2024-06-01 08:30:00,0,2.11,0,1.324559052,3.67,0,2.5,92.87
2024-06-01 09:00:00,0,2.11,0,1.319432352,3.67,0,2.5,92.87
2024-06-01 09:30:00,0,2.11,0,1.364791466,3.67,0,2.5,92.87
2024-06-01 10:00:00,0,2.11,0,1.430848116,3.67,0,2.5,92.87
2024-06-01 10:30:00,0,2.11,0,1.48472526,3.67,0,2.5,92.87
2024-06-01 11:00:00,0,2.11,0,1.53130004,3.67,0,2.5,92.87
2024-06-01 11:30:00,0,2.11,0,1.571392804,3.67,0,2.5,92.87
2024-06-01 12:00:00,0,2.11,0,1.603891349,3.67,0,2.5,92.87
2024-06-01 12:30:00,0,2.11,0,1.631926379,3.67,0,2.5,92.87
2024-06-01 13:00:00,0,2.11,0,1.668649247,3.67,0,2.5,92.87
2024-06-01 13:30:00,0,2.11,0,1.711581191,3.67,0,2.5,92.87
2024-06-01 14:00:00,0,2.11,0,1.771277259,3.67,0,2.5,92.87
2024-06-01 14:30:00,0,2.11,0,1.810845192,3.67,0,2.5,92.87
2024-06-01 15:00:00,0,2.11,0,1.836277897,3.67,0,2.5,92.87
2024-06-01 15:30:00,0,2.11,0,1.880872076,3.67,0,2.5,92.87
2024-06-01 16:00:00,0,2.11,0,1.881195348,3.67,0,2.5,92.87
2024-06-01 16:30:00,0,2.11,0,1.827068322,3.67,0,2.5,92.87
2024-06-01 17:00:00,0,2.11,0,1.786208289,3.67,0,2.5,92.87
2024-06-01 17:30:00,0,2.11,0,1.825236613,3.67,0,2.5,92.87
2024-06-01 18:00:00,0,2.11,0,1.929963109,3.67,0,2.5,92.87
2024-06-01 18:30:00,0,2.11,0,2.002389284,3.67,0,2.5,92.87
2024-06-01 19:00:00,0,2.11,0,2.032379203,3.67,0,2.5,92.87
2024-06-01 19:30:00,0,2.11,0,1.952422551,3.67,0,2.5,92.87
2024-06-01 20:00:00,0,2.11,0,1.790724138,3.67,0,2.5,92.87
2024-06-01 20:30:00,0,2.11,0,1.618395639,3.67,0,2.5,92.87
2024-06-01 21:00:00,0,2.11,0,1.473179785,3.67,0,2.5,92.87
2024-06-01 21:30:00,0,2.11,0,1.389426515,3.67,0,2.5,92.87
2024-06-01 22:00:00,0,2.11,0,1.317443518,3.67,0,2.5,92.87
2024-06-01 22:30:00,0,2.11,0,1.253058872,3.67,0,2.5,92.87
2024-06-01 23:00:00,0,2.11,0,1.202124216,3.67,0,2.5,92.87
2024-06-01 23:30:00,0,2.11,0,1.16590248,3.67,0,2.5,92.87
2024-06-02 00:00:00,0,2.11,0,1.127205134,3.67,0,2.5,92.87
2024-06-02 00:30:00,0,2.11,0,1.102165244,3.67,0,2.5,92.87
2024-06-02 01:00:00,0,2.11,0,1.087779742,3.67,0,2.5,92.87
2024-06-02 01:30:00,0,2.11,0,1.073749795,3.67,0,2.5,92.87
2024-06-02 02:00:00,0,2.11,0,1.067786317,3.67,0,2.5,92.87
2024-06-02 02:30:00,0,2.11,0,1.069549062,3.67,0,2.5,92.87
2024-06-02 03:00:00,0,2.11,0,1.079406761,3.67,0,2.5,92.87
2024-06-02 03:30:00,0,2.11,0,1.149226684,3.67,0,2.5,92.87
2024-06-02 04:00:00,0,2.11,0,1.267530196,3.67,0,2.5,92.87
2024-06-02 04:30:00,0,2.11,0,1.316879708,3.67,0,2.5,92.87
2024-06-02 05:00:00,0,2.11,0,1.284370844,3.67,0,2.5,92.87
2024-06-02 05:30:00,0,2.11,0,1.262752593,3.67,0,2.5,92.87
2024-06-02 06:00:00,0,2.11,0,1.295834856,3.67,0,2.5,92.87
2024-06-02 06:30:00,0,2.11,0,1.318906195,3.67,0,2.5,92.87
2024-06-02 07:00:00,0,2.11,0,1.339725335,3.67,0,2.5,92.87
2024-06-02 07:30:00,0,2.11,0,1.339374372,3.67,0,2.5,92.87
2024-06-02 08:00:00,0,2.11,0,1.328739112,3.67,0,2.5,92.87
2024-06-02 08:30:00,0,2.11,0,1.315609329,3.67,0,2.5,92.87
2024-06-02 09:00:00,0,2.11,0,1.310517269,3.67,0,2.5,92.87
2024-06-02 09:30:00,0,2.11,0,1.355569902,3.67,0,2.5,92.87
2024-06-02 10:00:00,0,2.11,0,1.421180223,3.67,0,2.5,92.87
2024-06-02 10:30:00,0,2.11,0,1.474693333,3.67,0,2.5,92.87
2024-06-02 11:00:00,0,2.11,0,1.520953418,3.67,0,2.5,92.87
2024-06-02 11:30:00,0,2.11,0,1.560775285,3.67,0,2.5,92.87
2024-06-02 12:00:00,0,2.11,0,1.593054245,3.67,0,2.5,92.87
2024-06-02 12:30:00,0,2.11,0,1.62089985,3.67,0,2.5,92.87
2024-06-02 13:00:00,0,2.11,0,1.65737459,3.67,0,2.5,92.87
2024-06-02 13:30:00,0,2.11,0,1.700016453,3.67,0,2.5,92.87
2024-06-02 14:00:00,0,2.11,0,1.75930917,3.67,0,2.5,92.87
2024-06-02 14:30:00,0,2.11,0,1.798609752,3.67,0,2.5,92.87
2024-06-02 15:00:00,0,2.11,0,1.823870614,3.67,0,2.5,92.87
2024-06-02 15:30:00,0,2.11,0,1.868163481,3.67,0,2.5,92.87
2024-06-02 16:00:00,0,2.11,0,1.868484569,3.67,0,2.5,92.87
2024-06-02 16:30:00,0,2.11,0,1.814723265,3.67,0,2.5,92.87
2024-06-02 17:00:00,0,2.11,0,1.774139314,3.67,0,2.5,92.87
2024-06-02 17:30:00,0,2.11,0,1.812903933,3.67,0,2.5,92.87
2024-06-02 18:00:00,0,2.11,0,1.916922818,3.67,0,2.5,92.87
2024-06-02 18:30:00,0,2.11,0,1.988859627,3.67,0,2.5,92.87
2024-06-02 19:00:00,0,2.11,0,2.018646911,3.67,0,2.5,92.87
2024-06-02 19:30:00,0,2.11,0,1.939230507,3.67,0,2.5,92.87
2024-06-02 20:00:00,0,2.11,0,1.77862465,3.67,0,2.5,92.87
2024-06-02 20:30:00,0,2.11,0,1.607460533,3.67,0,2.5,92.87
2024-06-02 21:00:00,0,2.11,0,1.463225868,3.67,0,2.5,92.87
2024-06-02 21:30:00,0,2.11,0,1.380038498,3.67,0,2.5,92.87
2024-06-02 22:00:00,0,2.11,0,1.308541873,3.67,0,2.5,92.87
2024-06-02 22:30:00,0,2.11,0,1.244592258,3.67,0,2.5,92.87
2024-06-02 23:00:00,0,2.11,0,1.194001755,3.67,0,2.5,92.87
2024-06-02 23:30:00,0,2.11,0,1.15802476,3.67,0,2.5,92.87
2024-06-03 00:00:00,0,2.11,0,1.127205134,3.67,0,2.5,92.87
2024-06-03 00:30:00,0,2.11,0,1.102165244,3.67,0,2.5,92.87
2024-06-03 01:00:00,0,2.11,0,1.087779742,3.67,0,2.5,92.87
2024-06-03 01:30:00,0,2.11,0,1.073749795,3.67,0,2.5,92.87
2024-06-03 02:00:00,0,2.11,0,1.067786317,3.67,0,2.5,92.87
2024-06-03 02:30:00,0,2.11,0,1.069549062,3.67,0,2.5,92.87
2024-06-03 03:00:00,0,2.11,0,1.079406761,3.67,0,2.5,92.87
2024-06-03 03:30:00,0,2.11,0,1.149226684,3.67,0,2.5,92.87
2024-06-03 04:00:00,0,2.11,0,1.267530196,3.67,0,2.5,92.87
2024-06-03 04:30:00,0,2.11,0,1.316879708,3.67,0,2.5,92.87
2024-06-03 05:00:00,0,2.11,0,1.284370844,3.67,0,2.5,92.87
2024-06-03 05:30:00,0,2.11,0,1.262752593,3.67,0,2.5,92.87
2024-06-03 06:00:00,0,2.11,0,1.295834856,3.67,0,2.5,92.87
2024-06-03 06:30:00,0,2.11,0,1.318906195,3.67,0,2.5,92.87
2024-06-03 07:00:00,0,2.11,0,1.339725335,3.67,0,2.5,92.87
2024-06-03 07:30:00,0,2.11,0,1.339374372,3.67,0,2.5,92.87
2024-06-03 08:00:00,0,2.11,0,1.328739112,3.67,0,2.5,92.87
2024-06-03 08:30:00,0,2.11,0,1.315609329,3.67,0,2.5,92.87
2024-06-03 09:00:00,0,2.11,0,1.310517269,3.67,0,2.5,92.87
2024-06-03 09:30:00,0,2.11,0,1.355569902,3.67,0,2.5,92.87
2024-06-03 10:00:00,0,2.11,0,1.421180223,3.67,0,2.5,92.87
2024-06-03 10:30:00,0,2.11,0,1.474693333,3.67,0,2.5,92.87
2024-06-03 11:00:00,0,2.11,0,1.520953418,3.67,0,2.5,92.87
2024-06-03 11:30:00,0,2.11,0,1.560775285,3.67,0,2.5,92.87
2024-06-03 12:00:00,0,2.11,0,1.593054245,3.67,0,2.5,92.87
2024-06-03 12:30:00,0,2.11,0,1.62089985,3.67,0,2.5,92.87
2024-06-03 13:00:00,0,2.11,0,1.65737459,3.67,0,2.5,92.87
2024-06-03 13:30:00,0,2.11,0,1.700016453,3.67,0,2.5,92.87
2024-06-03 14:00:00,0,2.11,0,1.75930917,3.67,0,2.5,92.87
2024-06-03 14:30:00,0,2.11,0,1.798609752,3.67,0,2.5,92.87
2024-06-03 15:00:00,0,2.11,0,1.823870614,3.67,0,2.5,92.87
2024-06-03 15:30:00,0,2.11,0,1.868163481,3.67,0,2.5,92.87
2024-06-03 16:00:00,0,2.11,0,1.868484569,3.67,0,2.5,92.87
2024-06-03 16:30:00,0,2.11,0,1.814723265,3.67,0,2.5,92.87
2024-06-03 17:00:00,0,2.11,0,1.774139314,3.67,0,2.5,92.87
2024-06-03 17:30:00,0,2.11,0,1.812903933,3.67,0,2.5,92.87
2024-06-03 18:00:00,0,2.11,0,1.916922818,3.67,0,2.5,92.87
2024-06-03 18:30:00,0,2.11,0,1.988859627,3.67,0,2.5,92.87
2024-06-03 19:00:00,0,2.11,0,2.018646911,3.67,0,2.5,92.87
2024-06-03 19:30:00,0,2.11,0,1.939230507,3.67,0,2.5,92.87
2024-06-03 20:00:00,0,2.11,0,1.77862465,3.67,0,2.5,92.87
2024-06-03 20:30:00,0,2.11,0,1.607460533,3.67,0,2.5,92.87
2024-06-03 21:00:00,0,2.11,0,1.463225868,3.67,0,2.5,92.87
2024-06-03 21:30:00,0,2.11,0,1.380038498,3.67,0,2.5,92.87
2024-06-03 22:00:00,0,2.11,0,1.308541873,3.67,0,2.5,92.87
2024-06-03 22:30:00,0,2.11,0,1.244592258,3.67,0,2.5,92.87
2024-06-03 23:00:00,0,2.11,0,1.194001755,3.67,0,2.5,92.87
2024-06-03 23:30:00,0,2.11,0,1.15802476,3.67,0,2.5,92.87
2024-06-04 00:00:00,0,2.11,0,1.119537071,3.67,0,2.5,92.87
2024-06-04 00:30:00,0,2.11,0,1.094667521,3.67,0,2.5,92.87
2024-06-04 01:00:00,0,2.11,0,1.08037988,3.67,0,2.5,92.87
2024-06-04 01:30:00,0,2.11,0,1.066445375,3.67,0,2.5,92.87
2024-06-04 02:00:00,0,2.11,0,1.060522464,3.67,0,2.5,92.87
2024-06-04 02:30:00,0,2.11,0,1.062273218,3.67,0,2.5,92.87
2024-06-04 03:00:00,0,2.11,0,1.072063858,3.67,0,2.5,92.87
2024-06-04 03:30:00,0,2.11,0,1.141408816,3.67,0,2.5,92.87
2024-06-04 04:00:00,0,2.11,0,1.258907542,3.67,0,2.5,92.87
2024-06-04 04:30:00,0,2.11,0,1.307921343,3.67,0,2.5,92.87
2024-06-04 05:00:00,0,2.11,0,1.275633627,3.67,0,2.5,92.87
2024-06-04 05:30:00,0,2.11,0,1.254162439,3.67,0,2.5,92.87
2024-06-04 06:00:00,0,2.11,0,1.287019653,3.67,0,2.5,92.87
2024-06-04 06:30:00,0,2.11,0,1.309934044,3.67,0,2.5,92.87
2024-06-04 07:00:00,0,2.11,0,1.330611557,3.67,0,2.5,92.87
2024-06-04 07:30:00,0,2.11,0,1.330262982,3.67,0,2.5,92.87
2024-06-04 08:00:00,0,2.11,0,1.319700071,3.67,0,2.5,92.87
2024-06-04 08:30:00,0,2.11,0,1.306659606,3.67,0,2.5,92.87
2024-06-04 09:00:00,0,2.11,0,1.301602185,3.67,0,2.5,92.87
2024-06-04 09:30:00,0,2.11,0,1.346348338,3.67,0,2.5,92.87
2024-06-04 10:00:00,0,2.11,0,1.411512331,3.67,0,2.5,92.87
2024-06-04 10:30:00,0,2.11,0,1.464661405,3.67,0,2.5,92.87
2024-06-04 11:00:00,0,2.11,0,1.510606796,3.67,0,2.5,92.87
2024-06-04 11:30:00,0,2.11,0,1.550157766,3.67,0,2.5,92.87
2024-06-04 12:00:00,0,2.11,0,1.582217141,3.67,0,2.5,92.87
2024-06-04 12:30:00,0,2.11,0,1.60987332,3.67,0,2.5,92.87
2024-06-04 13:00:00,0,2.11,0,1.646099933,3.67,0,2.5,92.87
2024-06-04 13:30:00,0,2.11,0,1.688451715,3.67,0,2.5,92.87
2024-06-04 14:00:00,0,2.11,0,1.74734108,3.67,0,2.5,92.87
2024-06-04 14:30:00,0,2.11,0,1.786374311,3.67,0,2.5,92.87
2024-06-04 15:00:00,0,2.11,0,1.811463331,3.67,0,2.5,92.87
2024-06-04 15:30:00,0,2.11,0,1.855454886,3.67,0,2.5,92.87
2024-06-04 16:00:00,0,2.11,0,1.855773789,3.67,0,2.5,92.87
2024-06-04 16:30:00,0,2.11,0,1.802378209,3.67,0,2.5,92.87
2024-06-04 17:00:00,0,2.11,0,1.762070339,3.67,0,2.5,92.87
2024-06-04 17:30:00,0,2.11,0,1.800571253,3.67,0,2.5,92.87
2024-06-04 18:00:00,0,2.11,0,1.903882526,3.67,0,2.5,92.87
2024-06-04 18:30:00,0,2.11,0,1.97532997,3.67,0,2.5,92.87
2024-06-04 19:00:00,0,2.11,0,2.004914619,3.67,0,2.5,92.87
2024-06-04 19:30:00,0,2.11,0,1.926038463,3.67,0,2.5,92.87
2024-06-04 20:00:00,0,2.11,0,1.766525163,3.67,0,2.5,92.87
2024-06-04 20:30:00,0,2.11,0,1.596525427,3.67,0,2.5,92.87
2024-06-04 21:00:00,0,2.11,0,1.45327195,3.67,0,2.5,92.87
2024-06-04 21:30:00,0,2.11,0,1.370650481,3.67,0,2.5,92.87
2024-06-04 22:00:00,0,2.11,0,1.299640228,3.67,0,2.5,92.87
2024-06-04 22:30:00,0,2.11,0,1.236125644,3.67,0,2.5,92.87
2024-06-04 23:00:00,0,2.11,0,1.185879294,3.67,0,2.5,92.87
2024-06-04 23:30:00,0,2.11,0,1.150147041,3.67,0,2.5,92.87
2024-06-05 00:00:00,0,2.11,0,1.119537071,3.67,0,2.5,92.87
2024-06-05 00:30:00,0,2.11,0,1.094667521,3.67,0,2.5,92.87
2024-06-05 01:00:00,0,2.11,0,1.08037988,3.67,0,2.5,92.87
2024-06-05 01:30:00,0,2.11,0,1.066445375,3.67,0,2.5,92.87
2024-06-05 02:00:00,0,2.11,0,1.060522464,3.67,0,2.5,92.87
2024-06-05 02:30:00,0,2.11,0,1.062273218,3.67,0,2.5,92.87
2024-06-05 03:00:00,0,2.11,0,1.072063858,3.67,0,2.5,92.87
2024-06-05 03:30:00,0,2.11,0,1.141408816,3.67,0,2.5,92.87
2024-06-05 04:00:00,0,2.11,0,1.258907542,3.67,0,2.5,92.87
2024-06-05 04:30:00,0,2.11,0,1.307921343,3.67,0,2.5,92.87
2024-06-05 05:00:00,0,2.11,0,1.275633627,3.67,0,2.5,92.87
2024-06-05 05:30:00,0,2.11,0,1.254162439,3.67,0,2.5,92.87
2024-06-05 06:00:00,0,2.11,0,1.287019653,3.39,0,2.5,92.87
2024-06-05 06:30:00,0,2.11,0,1.309934044,3.39,0,2.5,92.87
2024-06-05 07:00:00,0,2.11,0,1.330611557,3.39,0,2.5,92.87
2024-06-05 07:30:00,0,2.11,0,1.330262982,3.39,0,2.5,92.87
2024-06-05 08:00:00,0,2.11,0,1.319700071,3.39,0,2.5,92.87
2024-06-05 08:30:00,0,2.11,0,1.306659606,3.39,0,2.5,92.87
2024-06-05 09:00:00,0,2.11,0,1.301602185,3.39,0,2.5,92.87
2024-06-05 09:30:00,0,2.11,0,1.346348338,3.39,0,2.5,92.87
2024-06-05 10:00:00,0,2.11,0,1.411512331,3.39,0,2.5,92.87
2024-06-05 10:30:00,0,2.11,0,1.464661405,3.39,0,2.5,92.87
2024-06-05 11:00:00,0,2.11,0,1.510606796,3.39,0,2.5,92.87
2024-06-05 11:30:00,0,2.11,0,1.550157766,3.39,0,2.5,92.87
2024-06-05 12:00:00,0,2.11,0,1.582217141,3.39,0,2.5,92.87
2024-06-05 12:30:00,0,2.11,0,1.60987332,3.39,0,2.5,92.87
2024-06-05 13:00:00,0,2.11,0,1.646099933,3.39,0,2.5,92.87
2024-06-05 13:30:00,0,2.11,0,1.688451715,3.39,0,2.5,92.87
2024-06-05 14:00:00,0,2.11,0,1.74734108,3.39,0,2.5,92.87
2024-06-05 14:30:00,0,2.11,0,1.786374311,3.39,0,2.5,92.87
2024-06-05 15:00:00,0,2.11,0,1.811463331,3.39,0,2.5,92.87
2024-06-05 15:30:00,0,2.11,0,1.855454886,3.39,0,2.5,92.87
2024-06-05 16:00:00,0,2.11,0,1.855773789,3.39,0,2.5,92.87
2024-06-05 16:30:00,0,2.11,0,1.802378209,3.39,0,2.5,92.87
2024-06-05 17:00:00,0,2.11,0,1.762070339,3.39,0,2.5,92.87
2024-06-05 17:30:00,0,2.11,0,1.800571253,3.39,0,2.5,92.87
2024-06-05 18:00:00,0,2.11,0,1.903882526,3.39,0,2.5,92.87
2024-06-05 18:30:00,0,2.11,0,1.97532997,3.39,0,2.5,92.87
2024-06-05 19:00:00,0,2.11,0,2.004914619,3.39,0,2.5,92.87
2024-06-05 19:30:00,0,2.11,0,1.926038463,3.39,0,2.5,92.87
2024-06-05 20:00:00,0,2.11,0,1.766525163,3.39,0,2.5,92.87
2024-06-05 20:30:00,0,2.11,0,1.596525427,3.39,0,2.5,92.87
2024-06-05 21:00:00,0,2.11,0,1.45327195,3.39,0,2.5,92.87
2024-06-05 21:30:00,0,2.11,0,1.370650481,3.39,0,2.5,92.87
2024-06-05 22:00:00,0,2.11,0,1.299640228,3.39,0,2.5,92.87
2024-06-05 22:30:00,0,2.11,0,1.236125644,3.39,0,2.5,92.87
2024-06-05 23:00:00,0,2.11,0,1.185879294,3.39,0,2.5,92.87
2024-06-05 23:30:00,0,2.11,0,1.150147041,3.39,0,2.5,92.87
2024-06-06 00:00:00,0,2.11,0,1.111869009,3.39,0,2.5,92.87
2024-06-06 00:30:00,0,2.11,0,1.087169799,3.39,0,2.5,92.87
2024-06-06 01:00:00,0,2.11,0,1.072980018,3.39,0,2.5,92.87
2024-06-06 01:30:00,0,2.11,0,1.059140954,3.39,0,2.5,92.87
2024-06-06 02:00:00,0,2.11,0,1.053258612,3.39,0,2.5,92.87
2024-06-06 02:30:00,0,2.11,0,1.054997374,3.39,0,2.5,92.87
2024-06-06 03:00:00,0,2.11,0,1.064720955,3.39,0,2.5,92.87
2024-06-06 03:30:00,0,2.11,0,1.133590947,3.39,0,2.5,92.87
2024-06-06 04:00:00,0,2.11,0,1.250284887,3.39,0,2.5,92.87
2024-06-06 04:30:00,0,2.11,0,1.298962977,3.39,0,2.5,92.87
2024-06-06 05:00:00,0,2.11,0,1.266896411,3.39,0,2.5,92.87
2024-06-06 05:30:00,0,2.11,0,1.245572285,3.39,0,2.5,92.87
2024-06-06 06:00:00,0,2.11,0,1.27820445,3.67,0,2.5,92.87
2024-06-06 06:30:00,0,2.11,0,1.300961893,3.67,0,2.5,92.87
2024-06-06 07:00:00,0,2.11,0,1.321497779,3.67,0,2.5,92.87
2024-06-06 07:30:00,0,2.11,0,1.321151591,3.67,0,2.5,92.87
2024-06-06 08:00:00,0,2.11,0,1.310661029,3.67,0,2.5,92.87
2024-06-06 08:30:00,0,2.11,0,1.297709882,3.67,0,2.5,92.87
2024-06-06 09:00:00,0,2.11,0,1.292687102,3.67,0,2.5,92.87
2024-06-06 09:30:00,0,2.11,0,1.337126774,3.67,0,2.5,92.87
2024-06-06 10:00:00,0,2.11,0,1.401844438,3.67,0,2.5,92.87
2024-06-06 10:30:00,0,2.11,0,1.454629478,3.67,0,2.5,92.87
2024-06-06 11:00:00,0,2.11,0,1.500260174,3.67,0,2.5,92.87
2024-06-06 11:30:00,0,2.11,0,1.539540247,3.67,0,2.5,92.87
2024-06-06 12:00:00,0,2.11,0,1.571380037,3.67,0,2.5,92.87
2024-06-06 12:30:00,0,2.11,0,1.59884679,3.67,0,2.5,92.87
2024-06-06 13:00:00,0,2.11,0,1.634825275,3.67,0,2.5,92.87
2024-06-06 13:30:00,0,2.11,0,1.676886978,3.67,0,2.5,92.87
2024-06-06 14:00:00,0,2.11,0,1.73537299,3.67,0,2.5,92.87
2024-06-06 14:30:00,0,2.11,0,1.774138871,3.67,0,2.5,92.87
2024-06-06 15:00:00,0,2.11,0,1.799056048,3.67,0,2.5,92.87
2024-06-06 15:30:00,0,2.11,0,1.842746291,3.67,0,2.5,92.87
2024-06-06 16:00:00,0,2.11,0,1.84306301,3.67,0,2.5,92.87
2024-06-06 16:30:00,0,2.11,0,1.790033153,3.67,0,2.5,92.87
2024-06-06 17:00:00,0,2.11,0,1.750001364,3.67,0,2.5,92.87
2024-06-06 17:30:00,0,2.11,0,1.788238573,3.67,0,2.5,92.87
2024-06-06 18:00:00,0,2.11,0,1.890842235,3.67,0,2.5,92.87
2024-06-06 18:30:00,0,2.11,0,1.961800312,3.67,0,2.5,92.87
2024-06-06 19:00:00,0,2.11,0,1.991182327,3.67,0,2.5,92.87
2024-06-06 19:30:00,0,2.11,0,1.912846418,3.67,0,2.5,92.87
2024-06-06 20:00:00,0,2.11,0,1.754425675,3.67,0,2.5,92.87
2024-06-06 20:30:00,0,2.11,0,1.585590322,3.67,0,2.5,92.87
2024-06-06 21:00:00,0,2.11,0,1.443318033,3.67,0,2.5,92.87
2024-06-06 21:30:00,0,2.11,0,1.361262464,3.67,0,2.5,92.87
2024-06-06 22:00:00,0,2.11,0,1.290738582,3.67,0,2.5,92.87
2024-06-06 22:30:00,0,2.11,0,1.22765903,3.67,0,2.5,92.87
2024-06-06 23:00:00,0,2.11,0,1.177756833,3.67,0,2.5,92.87
2024-06-06 23:30:00,0,2.11,0,1.142269322,3.67,0,2.5,92.87
2024-06-07 00:00:00,0,2.11,0,1.111869009,3.67,0,2.5,92.87
2024-06-07 00:30:00,0,2.11,0,1.087169799,3.67,0,2.5,92.87
2024-06-07 01:00:00,0,2.11,0,1.072980018,3.67,0,2.5,92.87
2024-06-07 01:30:00,0,2.11,0,1.059140954,3.67,0,2.5,92.87
2024-06-07 02:00:00,0,2.11,0,1.053258612,3.67,0,2.5,92.87
2024-06-07 02:30:00,0,2.11,0,1.054997374,3.67,0,2.5,92.87
2024-06-07 03:00:00,0,2.11,0,1.064720955,3.67,0,2.5,92.87
2024-06-07 03:30:00,0,2.11,0,1.133590947,3.67,0,2.5,92.87
2024-06-07 04:00:00,0,2.11,0,1.250284887,3.67,0,2.5,92.87
2024-06-07 04:30:00,0,2.11,0,1.298962977,3.67,0,2.5,92.87
2024-06-07 05:00:00,0,2.11,0,1.266896411,3.67,0,2.5,92.87
2024-06-07 05:30:00,0,2.11,0,1.245572285,3.67,0,2.5,92.87
2024-06-07 06:00:00,0,2.11,0,1.27820445,3.67,0,2.5,92.87
2024-06-07 06:30:00,0,2.11,0,1.300961893,3.67,0,2.5,92.87
2024-06-07 07:00:00,0,2.11,0,1.321497779,3.67,0,2.5,92.87
2024-06-07 07:30:00,0,2.11,0,1.321151591,3.67,0,2.5,92.87
2024-06-07 08:00:00,0,2.11,0,1.310661029,3.67,0,2.5,92.87
2024-06-07 08:30:00,0,2.11,0,1.297709882,3.67,0,2.5,92.87
2024-06-07 09:00:00,0,2.11,0,1.292687102,3.67,0,2.5,92.87
2024-06-07 09:30:00,0,2.11,0,1.337126774,3.67,0,2.5,92.87
2024-06-07 10:00:00,0,2.11,0,1.401844438,3.67,0,2.5,92.87
2024-06-07 10:30:00,0,2.11,0,1.454629478,3.67,0,2.5,92.87
2024-06-07 11:00:00,0,2.11,0,1.500260174,3.67,0,2.5,92.87
2024-06-07 11:30:00,0,2.11,0,1.539540247,3.67,0,2.5,92.87
2024-06-07 12:00:00,0,2.11,0,1.571380037,3.67,0,2.5,92.87
2024-06-07 12:30:00,0,2.11,0,1.59884679,3.67,0,2.5,92.87
2024-06-07 13:00:00,0,2.11,0,1.634825275,3.67,0,2.5,92.87
2024-06-07 13:30:00,0,2.11,0,1.676886978,3.67,0,2.5,92.87
2024-06-07 14:00:00,0,2.11,0,1.73537299,3.67,0,2.5,92.87
2024-06-07 14:30:00,0,2.11,0,1.774138871,3.67,0,2.5,92.87
2024-06-07 15:00:00,0,2.11,0,1.799056048,3.67,0,2.5,92.87
2024-06-07 15:30:00,0,2.11,0,1.842746291,3.67,0,2.5,92.87
2024-06-07 16:00:00,0,2.11,0,1.84306301,3.67,0,2.5,92.87
2024-06-07 16:30:00,0,2.11,0,1.790033153,3.67,0,2.5,92.87
2024-06-07 17:00:00,0,2.11,0,1.750001364,3.67,0,2.5,92.87
2024-06-07 17:30:00,0,2.11,0,1.788238573,3.67,0,2.5,92.87
2024-06-07 18:00:00,0,2.11,0,1.890842235,3.67,0,2.5,92.87
2024-06-07 18:30:00,0,2.11,0,1.961800312,3.67,0,2.5,92.87
2024-06-07 19:00:00,0,2.11,0,1.991182327,3.67,0,2.5,92.87
2024-06-07 19:30:00,0,2.11,0,1.912846418,3.67,0,2.5,92.87
2024-06-07 20:00:00,0,2.11,0,1.754425675,3.67,0,2.5,92.87
2024-06-07 20:30:00,0,2.11,0,1.585590322,3.67,0,2.5,92.87
2024-06-07 21:00:00,0,2.11,0,1.443318033,3.67,0,2.5,92.87
2024-06-07 21:30:00,0,2.11,0,1.361262464,3.67,0,2.5,92.87
2024-06-07 22:00:00,0,2.11,0,1.290738582,3.67,0,2.5,92.87
2024-06-07 22:30:00,0,2.11,0,1.22765903,3.67,0,2.5,92.87
2024-06-07 23:00:00,0,2.11,0,1.177756833,3.67,0,2.5,92.87
2024-06-07 23:30:00,0,2.11,0,1.142269322,3.67,0,2.5,92.87
2024-06-08 00:00:00,0,2.11,0,1.111869009,3.67,0,2.5,92.87
2024-06-08 00:30:00,0,2.11,0,1.087169799,3.67,0,2.5,92.87
2024-06-08 01:00:00,0,2.11,0,1.072980018,3.67,0,2.5,92.87
2024-06-08 01:30:00,0,2.11,0,1.059140954,3.67,0,2.5,92.87
2024-06-08 02:00:00,0,2.11,0,1.053258612,3.67,0,2.5,92.87
2024-06-08 02:30:00,0,2.11,0,1.054997374,3.67,0,2.5,92.87
2024-06-08 03:00:00,0,2.11,0,1.064720955,3.67,0,2.5,92.87
2024-06-08 03:30:00,0,2.11,0,1.133590947,3.67,0,2.5,92.87
2024-06-08 04:00:00,0,2.11,0,1.250284887,3.67,0,2.5,92.87
2024-06-08 04:30:00,0,2.11,0,1.298962977,3.67,0,2.5,92.87
2024-06-08 05:00:00,0,2.11,0,1.266896411,3.67,0,2.5,92.87
2024-06-08 05:30:00,0,2.11,0,1.245572285,3.67,0,2.5,92.87
2024-06-08 06:00:00,0,2.11,0,1.27820445,3.67,0,2.5,92.87
2024-06-08 06:30:00,0,2.11,0,1.300961893,3.67,0,2.5,92.87
2024-06-08 07:00:00,0,2.11,0,1.321497779,3.67,0,2.5,92.87
2024-06-08 07:30:00,0,2.11,0,1.321151591,3.67,0,2.5,92.87
2024-06-08 08:00:00,0,2.11,0,1.310661029,3.67,0,2.5,92.87
2024-06-08 08:30:00,0,2.11,0,1.297709882,3.67,0,2.5,92.87
2024-06-08 09:00:00,0,2.11,0,1.292687102,3.67,0,2.5,92.87
2024-06-08 09:30:00,0,2.11,0,1.337126774,3.67,0,2.5,92.87
2024-06-08 10:00:00,0,2.11,0,1.401844438,3.67,0,2.5,92.87
2024-06-08 10:30:00,0,2.11,0,1.454629478,3.67,0,2.5,92.87
2024-06-08 11:00:00,0,2.11,0,1.500260174,3.67,0,2.5,92.87
2024-06-08 11:30:00,0,2.11,0,1.539540247,3.67,0,2.5,92.87
2024-06-08 12:00:00,0,2.11,0,1.571380037,3.67,0,2.5,92.87
2024-06-08 12:30:00,0,2.11,0,1.59884679,3.67,0,2.5,92.87
2024-06-08 13:00:00,0,2.11,0,1.634825275,3.67,0,2.5,92.87
2024-06-08 13:30:00,0,2.11,0,1.676886978,3.67,0,2.5,92.87
2024-06-08 14:00:00,0,2.11,0,1.73537299,3.67,0,2.5,92.87
2024-06-08 14:30:00,0,2.11,0,1.774138871,3.67,0,2.5,92.87
2024-06-08 15:00:00,0,2.11,0,1.799056048,3.67,0,2.5,92.87
2024-06-08 15:30:00,0,2.11,0,1.842746291,3.67,0,2.5,92.87
2024-06-08 16:00:00,0,2.11,0,1.84306301,3.67,0,2.5,92.87
2024-06-08 16:30:00,0,2.11,0,1.790033153,3.67,0,2.5,92.87
2024-06-08 17:00:00,0,2.11,0,1.750001364,3.67,0,2.5,92.87
2024-06-08 17:30:00,0,2.11,0,1.788238573,3.67,0,2.5,92.87
2024-06-08 18:00:00,0,2.11,0,1.890842235,3.67,0,2.5,92.87
2024-06-08 18:30:00,0,2.11,0,1.961800312,3.67,0,2.5,92.87
2024-06-08 19:00:00,0,2.11,0,1.991182327,3.67,0,2.5,92.87
2024-06-08 19:30:00,0,2.11,0,1.912846418,3.67,0,2.5,92.87
2024-06-08 20:00:00,0,2.11,0,1.754425675,3.67,0,2.5,92.87
2024-06-08 20:30:00,0,2.11,0,1.585590322,3.67,0,2.5,92.87
2024-06-08 21:00:00,0,2.11,0,1.443318033,3.67,0,2.5,92.87
2024-06-08 21:30:00,0,2.11,0,1.361262464,3.67,0,2.5,92.87
2024-06-08 22:00:00,0,2.11,0,1.290738582,3.67,0,2.5,92.87
2024-06-08 22:30:00,0,2.11,0,1.22765903,3.67,0,2.5,92.87
2024-06-08 23:00:00,0,2.11,0,1.177756833,3.67,0,2.5,92.87
2024-06-08 23:30:00,0,2.11,0,1.142269322,3.67,0,2.5,92.87
2024-06-09 00:00:00,0,2.11,0,1.104200947,3.67,0,2.5,92.87
2024-06-09 00:30:00,0,2.11,0,1.079672076,3.67,0,2.5,92.87
2024-06-09 01:00:00,0,2.11,0,1.065580156,3.67,0,2.5,92.87
2024-06-09 01:30:00,0,2.11,0,1.051836534,3.67,0,2.5,92.87
2024-06-09 02:00:00,0,2.11,0,1.045994759,3.67,0,2.5,92.87
2024-06-09 02:30:00,0,2.11,0,1.04772153,3.67,0,2.5,92.87
2024-06-09 03:00:00,0,2.11,0,1.057378052,3.67,0,2.5,92.87
2024-06-09 03:30:00,0,2.11,0,1.125773078,3.67,0,2.5,92.87
2024-06-09 04:00:00,0,2.11,0,1.241662233,3.67,0,2.5,92.87
2024-06-09 04:30:00,0,2.11,0,1.290004612,3.67,0,2.5,92.87
2024-06-09 05:00:00,0,2.11,0,1.258159194,3.67,0,2.5,92.87
2024-06-09 05:30:00,0,2.11,0,1.236982132,3.67,0,2.5,92.87
2024-06-09 06:00:00,0,2.11,0,1.269389247,3.67,0,2.5,92.87
2024-06-09 06:30:00,0,2.11,0,1.291989742,3.67,0,2.5,92.87
2024-06-09 07:00:00,0,2.11,0,1.312384001,3.67,0,2.5,92.87
2024-06-09 07:30:00,0,2.11,0,1.312040201,3.67,0,2.5,92.87
2024-06-09 08:00:00,0,2.11,0,1.301621988,3.67,0,2.5,92.87
2024-06-09 08:30:00,0,2.11,0,1.288760159,3.67,0,2.5,92.87
2024-06-09 09:00:00,0,2.11,0,1.283772018,3.67,0,2.5,92.87
2024-06-09 09:30:00,0,2.11,0,1.32790521,3.67,0,2.5,92.87
2024-06-09 10:00:00,0,2.11,0,1.392176545,3.67,0,2.5,92.87
2024-06-09 10:30:00,0,2.11,0,1.44459755,3.67,0,2.5,92.87
2024-06-09 11:00:00,0,2.11,0,1.489913552,3.67,0,2.5,92.87
2024-06-09 11:30:00,0,2.11,0,1.528922728,3.67,0,2.5,92.87
2024-06-09 12:00:00,0,2.11,0,1.560542934,3.67,0,2.5,92.87
2024-06-09 12:30:00,0,2.11,0,1.587820261,3.67,0,2.5,92.87
2024-06-09 13:00:00,0,2.11,0,1.623550618,3.67,0,2.5,92.87
2024-06-09 13:30:00,0,2.11,0,1.66532224,3.67,0,2.5,92.87
2024-06-09 14:00:00,0,2.11,0,1.723404901,3.67,0,2.5,92.87
2024-06-09 14:30:00,0,2.11,0,1.76190343,3.67,0,2.5,92.87
2024-06-09 15:00:00,0,2.11,0,1.786648765,3.67,0,2.5,92.87
2024-06-09 15:30:00,0,2.11,0,1.830037695,3.67,0,2.5,92.87
2024-06-09 16:00:00,0,2.11,0,1.83035223,3.67,0,2.5,92.87
2024-06-09 16:30:00,0,2.11,0,1.777688097,3.67,0,2.5,92.87
2024-06-09 17:00:00,0,2.11,0,1.737932389,3.67,0,2.5,92.87
2024-06-09 17:30:00,0,2.11,0,1.775905893,3.67,0,2.5,92.87
2024-06-09 18:00:00,0,2.11,0,1.877801944,3.67,0,2.5,92.87
2024-06-09 18:30:00,0,2.11,0,1.948270655,3.67,0,2.5,92.87
2024-06-09 19:00:00,0,2.11,0,1.977450035,3.67,0,2.5,92.87
2024-06-09 19:30:00,0,2.11,0,1.899654374,3.67,0,2.5,92.87
2024-06-09 20:00:00,0,2.11,0,1.742326188,3.67,0,2.5,92.87
2024-06-09 20:30:00,0,2.11,0,1.574655216,3.67,0,2.5,92.87
2024-06-09 21:00:00,0,2.11,0,1.433364115,3.67,0,2.5,92.87
2024-06-09 21:30:00,0,2.11,0,1.351874447,3.67,0,2.5,92.87
2024-06-09 22:00:00,0,2.11,0,1.281836937,3.67,0,2.5,92.87
2024-06-09 22:30:00,0,2.11,0,1.219192416,3.67,0,2.5,92.87
2024-06-09 23:00:00,0,2.11,0,1.169634372,3.67,0,2.5,92.87
2024-06-09 23:30:00,0,2.11,0,1.134391602,3.67,0,2.5,92.87
2024-06-10 00:00:00,0,2.11,0,1.104200947,3.67,0,2.5,92.87
2024-06-10 00:30:00,0,2.11,0,1.079672076,3.67,0,2.5,92.87
2024-06-10 01:00:00,0,2.11,0,1.065580156,3.67,0,2.5,92.87
2024-06-10 01:30:00,0,2.11,0,1.051836534,3.67,0,2.5,92.87
2024-06-10 02:00:00,0,2.11,0,1.045994759,3.67,0,2.5,92.87
2024-06-10 02:30:00,0,2.11,0,1.04772153,3.67,0,2.5,92.87
2024-06-10 03:00:00,0,2.11,0,1.057378052,3.67,0,2.5,92.87
2024-06-10 03:30:00,0,2.11,0,1.125773078,3.67,0,2.5,92.87
2024-06-10 04:00:00,0,2.11,0,1.241662233,3.67,0,2.5,92.87
2024-06-10 04:30:00,0,2.11,0,1.290004612,3.67,0,2.5,92.87
2024-06-10 05:00:00,0,2.11,0,1.258159194,3.67,0,2.5,92.87
2024-06-10 05:30:00,0,2.11,0,1.236982132,3.67,0,2.5,92.87
2024-06-10 06:00:00,0,2.11,0,1.269389247,3.67,0,2.5,92.87
2024-06-10 06:30:00,0,2.11,0,1.291989742,3.67,0,2.5,92.87
2024-06-10 07:00:00,0,2.11,0,1.312384001,3.67,0,2.5,92.87
2024-06-10 07:30:00,0,2.11,0,1.312040201,3.67,0,2.5,92.87
2024-06-10 08:00:00,0,2.11,0,1.301621988,3.67,0,2.5,92.87
2024-06-10 08:30:00,0,2.11,0,1.288760159,3.67,0,2.5,92.87
2024-06-10 09:00:00,0,2.11,0,1.283772018,3.67,0,2.5,92.87
2024-06-10 09:30:00,0,2.11,0,1.32790521,3.67,0,2.5,92.87
2024-06-10 10:00:00,0,2.11,0,1.392176545,3.67,0,2.5,92.87
2024-06-10 10:30:00,0,2.11,0,1.44459755,3.67,0,2.5,92.87
2024-06-10 11:00:00,0,2.11,0,1.489913552,3.67,0,2.5,92.87
2024-06-10 11:30:00,0,2.11,0,1.528922728,3.67,0,2.5,92.87
2024-06-10 12:00:00,0,2.11,0,1.560542934,3.67,0,2.5,92.87
2024-06-10 12:30:00,0,2.11,0,1.587820261,3.67,0,2.5,92.87
2024-06-10 13:00:00,0,2.11,0,1.623550618,3.67,0,2.5,92.87
2024-06-10 13:30:00,0,2.11,0,1.66532224,3.67,0,2.5,92.87
2024-06-10 14:00:00,0,2.11,0,1.723404901,3.67,0,2.5,92.87
2024-06-10 14:30:00,0,2.11,0,1.76190343,3.67,0,2.5,92.87
2024-06-10 15:00:00,0,2.11,0,1.786648765,3.67,0,2.5,92.87
2024-06-10 15:30:00,0,2.11,0,1.830037695,3.67,0,2.5,92.87
2024-06-10 16:00:00,0,2.11,0,1.83035223,3.67,0,2.5,92.87
2024-06-10 16:30:00,0,2.11,0,1.777688097,3.67,0,2.5,92.87
2024-06-10 17:00:00,0,2.11,0,1.737932389,3.67,0,2.5,92.87
2024-06-10 17:30:00,0,2.11,0,1.775905893,3.67,0,2.5,92.87
2024-06-10 18:00:00,0,2.11,0,1.877801944,3.67,0,2.5,92.87
2024-06-10 18:30:00,0,2.11,0,1.948270655,3.67,0,2.5,92.87
2024-06-10 19:00:00,0,2.11,0,1.977450035,3.67,0,2.5,92.87
2024-06-10 19:30:00,0,2.11,0,1.899654374,3.67,0,2.5,92.87
2024-06-10 20:00:00,0,2.11,0,1.742326188,3.67,0,2.5,92.87
2024-06-10 20:30:00,0,2.11,0,1.574655216,3.67,0,2.5,92.87
2024-06-10 21:00:00,0,2.11,0,1.433364115,3.67,0,2.5,92.87
2024-06-10 21:30:00,0,2.11,0,1.351874447,3.67,0,2.5,92.87
2024-06-10 22:00:00,0,2.11,0,1.281836937,3.67,0,2.5,92.87
2024-06-10 22:30:00,0,2.11,0,1.219192416,3.67,0,2.5,92.87
2024-06-10 23:00:00,0,2.11,0,1.169634372,3.67,0,2.5,92.87
2024-06-10 23:30:00,0,2.11,0,1.134391602,3.67,0,2.5,92.87
2024-06-11 00:00:00,0,2.11,0,1.096532885,3.67,0,2.5,92.87
2024-06-11 00:30:00,0,2.11,0,1.072174353,3.67,0,2.5,92.87
2024-06-11 01:00:00,0,2.11,0,1.058180293,3.67,0,2.5,92.87
2024-06-11 01:30:00,0,2.11,0,1.044532114,3.67,0,2.5,92.87
2024-06-11 02:00:00,0,2.11,0,1.038730907,3.67,0,2.5,92.87
2024-06-11 02:30:00,0,2.11,0,1.040445686,3.67,0,2.5,92.87
2024-06-11 03:00:00,0,2.11,0,1.050035148,3.67,0,2.5,92.87
2024-06-11 03:30:00,0,2.11,0,1.11795521,3.67,0,2.5,92.87
2024-06-11 04:00:00,0,2.11,0,1.233039578,3.67,0,2.5,92.87
2024-06-11 04:30:00,0,2.11,0,1.281046246,3.67,0,2.5,92.87
2024-06-11 05:00:00,0,2.11,0,1.249421978,3.67,0,2.5,92.87
2024-06-11 05:30:00,0,2.11,0,1.228391978,3.67,0,2.5,92.87
2024-06-11 06:00:00,0,2.11,0,1.260574044,3.67,0,2.5,92.87
2024-06-11 06:30:00,0,2.11,0,1.283017591,3.67,0,2.5,92.87
2024-06-11 07:00:00,0,2.11,0,1.303270224,3.67,0,2.5,92.87
2024-06-11 07:30:00,0,2.11,0,1.302928811,3.67,0,2.5,92.87
2024-06-11 08:00:00,0,2.11,0,1.292582946,3.67,0,2.5,92.87
2024-06-11 08:30:00,0,2.11,0,1.279810436,3.67,0,2.5,92.87
2024-06-11 09:00:00,0,2.11,0,1.274856935,3.67,0,2.5,92.87
2024-06-11 09:30:00,0,2.11,0,1.318683646,3.67,0,2.5,92.87
2024-06-11 10:00:00,0,2.11,0,1.382508653,3.67,0,2.5,92.87
2024-06-11 10:30:00,0,2.11,0,1.434565623,3.67,0,2.5,92.87
2024-06-11 11:00:00,0,2.11,0,1.47956693,3.67,0,2.5,92.87
2024-06-11 11:30:00,0,2.11,0,1.518305209,3.67,0,2.5,92.87
2024-06-11 12:00:00,0,2.11,0,1.54970583,3.67,0,2.5,92.87
2024-06-11 12:30:00,0,2.11,0,1.576793731,3.67,0,2.5,92.87
2024-06-11 13:00:00,0,2.11,0,1.612275961,3.67,0,2.5,92.87
2024-06-11 13:30:00,0,2.11,0,1.653757502,3.67,0,2.5,92.87
2024-06-11 14:00:00,0,2.11,0,1.711436811,3.67,0,2.5,92.87
2024-06-11 14:30:00,0,2.11,0,1.74966799,3.67,0,2.5,92.87
2024-06-11 15:00:00,0,2.11,0,1.774241481,3.67,0,2.5,92.87
2024-06-11 15:30:00,0,2.11,0,1.8173291,3.67,0,2.5,92.87
2024-06-11 16:00:00,0,2.11,0,1.817641451,3.67,0,2.5,92.87
2024-06-11 16:30:00,0,2.11,0,1.76534304,3.67,0,2.5,92.87
2024-06-11 17:00:00,0,2.11,0,1.725863414,3.67,0,2.5,92.87
2024-06-11 17:30:00,0,2.11,0,1.763573214,3.67,0,2.5,92.87
2024-06-11 18:00:00,0,2.11,0,1.864761653,3.67,0,2.5,92.87
2024-06-11 18:30:00,0,2.11,0,1.934740998,3.67,0,2.5,92.87
2024-06-11 19:00:00,0,2.11,0,1.963717743,3.67,0,2.5,92.87
2024-06-11 19:30:00,0,2.11,0,1.88646233,3.67,0,2.5,92.87
2024-06-11 20:00:00,0,2.11,0,1.730226701,3.67,0,2.5,92.87
2024-06-11 20:30:00,0,2.11,0,1.56372011,3.67,0,2.5,92.87
2024-06-11 21:00:00,0,2.11,0,1.423410198,3.67,0,2.5,92.87
2024-06-11 21:30:00,0,2.11,0,1.34248643,3.67,0,2.5,92.87
2024-06-11 22:00:00,0,2.11,0,1.272935291,3.67,0,2.5,92.87
2024-06-11 22:30:00,0,2.11,0,1.210725802,3.67,0,2.5,92.87
2024-06-11 23:00:00,0,2.11,0,1.161511911,3.67,0,2.5,92.87
2024-06-11 23:30:00,0,2.11,0,1.126513883,3.67,0,2.5,92.87
2024-06-12 00:00:00,0,2.11,0,1.096532885,3.67,0,2.5,92.87
2024-06-12 00:30:00,0,2.11,0,1.072174353,3.67,0,2.5,92.87
2024-06-12 01:00:00,0,2.11,0,1.058180293,3.67,0,2.5,92.87
2024-06-12 01:30:00,0,2.11,0,1.044532114,3.67,0,2.5,92.87
2024-06-12 02:00:00,0,2.11,0,1.038730907,3.67,0,2.5,92.87
2024-06-12 02:30:00,0,2.11,0,1.040445686,3.67,0,2.5,92.87
2024-06-12 03:00:00,0,2.11,0,1.050035148,3.67,0,2.5,92.87
2024-06-12 03:30:00,0,2.11,0,1.11795521,3.67,0,2.5,92.87
2024-06-12 04:00:00,0,2.11,0,1.233039578,3.67,0,2.5,92.87
2024-06-12 04:30:00,0,2.11,0,1.281046246,3.67,0,2.5,92.87
2024-06-12 05:00:00,0,2.11,0,1.249421978,3.67,0,2.5,92.87
2024-06-12 05:30:00,0,2.11,0,1.228391978,3.67,0,2.5,92.87
2024-06-12 06:00:00,0,2.11,0,1.260574044,3.67,0,2.5,92.87
2024-06-12 06:30:00,0,2.11,0,1.283017591,3.67,0,2.5,92.87
2024-06-12 07:00:00,0,2.11,0,1.303270224,3.67,0,2.5,92.87
2024-06-12 07:30:00,0,2.11,0,1.302928811,3.67,0,2.5,92.87
2024-06-12 08:00:00,0,2.11,0,1.292582946,3.67,0,2.5,92.87
2024-06-12 08:30:00,0,2.11,0,1.279810436,3.67,0,2.5,92.87
2024-06-12 09:00:00,0,2.11,0,1.274856935,3.67,0,2.5,92.87
2024-06-12 09:30:00,0,2.11,0,1.318683646,3.67,0,2.5,92.87
2024-06-12 10:00:00,0,2.11,0,1.382508653,3.67,0,2.5,92.87
2024-06-12 10:30:00,0,2.11,0,1.434565623,3.67,0,2.5,92.87
2024-06-12 11:00:00,0,2.11,0,1.47956693,3.67,0,2.5,92.87
2024-06-12 11:30:00,0,2.11,0,1.518305209,3.67,0,2.5,92.87
2024-06-12 12:00:00,0,2.11,0,1.54970583,3.67,0,2.5,92.87
2024-06-12 12:30:00,0,2.11,0,1.576793731,3.67,0,2.5,92.87
2024-06-12 13:00:00,0,2.11,0,1.612275961,3.67,0,2.5,92.87
2024-06-12 13:30:00,0,2.11,0,1.653757502,3.67,0,2.5,92.87
2024-06-12 14:00:00,0,2.11,0,1.711436811,3.67,0,2.5,92.87
2024-06-12 14:30:00,0,2.11,0,1.74966799,3.67,0,2.5,92.87
2024-06-12 15:00:00,0,2.11,0,1.774241481,3.67,0,2.5,92.87
2024-06-12 15:30:00,0,2.11,0,1.8173291,3.67,0,2.5,92.87
2024-06-12 16:00:00,0,2.11,0,1.817641451,3.67,0,2.5,92.87
2024-06-12 16:30:00,0,2.11,0,1.76534304,3.67,0,2.5,92.87
2024-06-12 17:00:00,0,2.11,0,1.725863414,3.67,0,2.5,92.87
2024-06-12 17:30:00,0,2.11,0,1.763573214,3.67,0,2.5,92.87
2024-06-12 18:00:00,0,2.11,0,1.864761653,3.67,0,2.5,92.87
2024-06-12 18:30:00,0,2.11,0,1.934740998,3.67,0,2.5,92.87
2024-06-12 19:00:00,0,2.11,0,1.963717743,3.67,0,2.5,92.87
2024-06-12 19:30:00,0,2.11,0,1.88646233,3.67,0,2.5,92.87
2024-06-12 20:00:00,0,2.11,0,1.730226701,3.67,0,2.5,92.87
2024-06-12 20:30:00,0,2.11,0,1.56372011,3.67,0,2.5,92.87
2024-06-12 21:00:00,0,2.11,0,1.423410198,3.67,0,2.5,92.87
2024-06-12 21:30:00,0,2.11,0,1.34248643,3.67,0,2.5,92.87
2024-06-12 22:00:00,0,2.11,0,1.272935291,3.67,0,2.5,92.87
2024-06-12 22:30:00,0,2.11,0,1.210725802,3.67,0,2.5,92.87
2024-06-12 23:00:00,0,2.11,0,1.161511911,3.67,0,2.5,92.87
2024-06-12 23:30:00,0,2.11,0,1.126513883,3.67,0,2.5,92.87
2024-06-13 00:00:00,0,2.11,0,1.096532885,3.67,0,2.5,92.87
2024-06-13 00:30:00,0,2.11,0,1.072174353,3.67,0,2.5,92.87
2024-06-13 01:00:00,0,2.11,0,1.058180293,3.67,0,2.5,92.87
2024-06-13 01:30:00,0,2.11,0,1.044532114,3.67,0,2.5,92.87
2024-06-13 02:00:00,0,2.11,0,1.038730907,3.67,0,2.5,92.87
2024-06-13 02:30:00,0,2.11,0,1.040445686,3.67,0,2.5,92.87
2024-06-13 03:00:00,0,2.11,0,1.050035148,3.67,0,2.5,92.87
2024-06-13 03:30:00,0,2.11,0,1.11795521,3.67,0,2.5,92.87
2024-06-13 04:00:00,0,2.11,0,1.233039578,3.67,0,2.5,92.87
2024-06-13 04:30:00,0,2.11,0,1.281046246,3.67,0,2.5,92.87
2024-06-13 05:00:00,0,2.11,0,1.249421978,3.67,0,2.5,92.87
2024-06-13 05:30:00,0,2.11,0,1.228391978,3.67,0,2.5,92.87
2024-06-13 06:00:00,0,2.11,0,1.260574044,3.67,0,2.5,92.87
2024-06-13 06:30:00,0,2.11,0,1.283017591,3.67,0,2.5,92.87
2024-06-13 07:00:00,0,2.11,0,1.303270224,3.67,0,2.5,92.87
2024-06-13 07:30:00,0,2.11,0,1.302928811,3.67,0,2.5,92.87
2024-06-13 08:00:00,0,2.11,0,1.292582946,3.67,0,2.5,92.87
2024-06-13 08:30:00,0,2.11,0,1.279810436,3.67,0,2.5,92.87
2024-06-13 09:00:00,0,2.11,0,1.274856935,3.67,0,2.5,92.87
2024-06-13 09:30:00,0,2.11,0,1.318683646,3.67,0,2.5,92.87
2024-06-13 10:00:00,0,2.11,0,1.382508653,3.67,0,2.5,92.87
2024-06-13 10:30:00,0,2.11,0,1.434565623,3.67,0,2.5,92.87
2024-06-13 11:00:00,0,2.11,0,1.47956693,3.67,0,2.5,92.87
2024-06-13 11:30:00,0,2.11,0,1.518305209,3.67,0,2.5,92.87
2024-06-13 12:00:00,0,2.11,0,1.54970583,3.67,0,2.5,92.87
2024-06-13 12:30:00,0,2.11,0,1.576793731,3.67,0,2.5,92.87
2024-06-13 13:00:00,0,2.11,0,1.612275961,3.67,0,2.5,92.87
2024-06-13 13:30:00,0,2.11,0,1.653757502,3.67,0,2.5,92.87
2024-06-13 14:00:00,0,2.11,0,1.711436811,3.67,0,2.5,92.87
2024-06-13 14:30:00,0,2.11,0,1.74966799,3.67,0,2.5,92.87
2024-06-13 15:00:00,0,2.11,0,1.774241481,3.67,0,2.5,92.87
2024-06-13 15:30:00,0,2.11,0,1.8173291,3.67,0,2.5,92.87
2024-06-13 16:00:00,0,2.11,0,1.817641451,3.67,0,2.5,92.87
2024-06-13 16:30:00,0,2.11,0,1.76534304,3.67,0,2.5,92.87
2024-06-13 17:00:00,0,2.11,0,1.725863414,3.67,0,2.5,92.87
2024-06-13 17:30:00,0,2.11,0,1.763573214,3.67,0,2.5,92.87
2024-06-13 18:00:00,0,2.11,0,1.864761653,3.67,0,2.5,92.87
2024-06-13 18:30:00,0,2.11,0,1.934740998,3.67,0,2.5,92.87
2024-06-13 19:00:00,0,2.11,0,1.963717743,3.67,0,2.5,92.87
2024-06-13 19:30:00,0,2.11,0,1.88646233,3.67,0,2.5,92.87
2024-06-13 20:00:00,0,2.11,0,1.730226701,3.67,0,2.5,92.87
2024-06-13 20:30:00,0,2.11,0,1.56372011,3.67,0,2.5,92.87
2024-06-13 21:00:00,0,2.11,0,1.423410198,3.67,0,2.5,92.87
2024-06-13 21:30:00,0,2.11,0,1.34248643,3.67,0,2.5,92.87
2024-06-13 22:00:00,0,2.11,0,1.272935291,3.67,0,2.5,92.87
2024-06-13 22:30:00,0,2.11,0,1.210725802,3.67,0,2.5,92.87
2024-06-13 23:00:00,0,2.11,0,1.161511911,3.67,0,2.5,92.87
2024-06-13 23:30:00,0,2.11,0,1.126513883,3.67,0,2.5,92.87
2024-06-14 00:00:00,0,2.11,0,1.088864823,3.67,0,2.5,92.87
2024-06-14 00:30:00,0,2.11,0,1.06467663,3.67,0,2.5,92.87
2024-06-14 01:00:00,0,2.11,0,1.050780431,3.67,0,2.5,92.87
2024-06-14 01:30:00,0,2.11,0,1.037227693,3.67,0,2.5,92.87
2024-06-14 02:00:00,0,2.11,0,1.031467054,3.67,0,2.5,92.87
2024-06-14 02:30:00,0,2.11,0,1.033169842,3.67,0,2.5,92.87
2024-06-14 03:00:00,0,2.11,0,1.042692245,3.67,0,2.5,92.87
2024-06-14 03:30:00,0,2.11,0,1.110137341,3.67,0,2.5,92.87
2024-06-14 04:00:00,0,2.11,0,1.224416924,3.67,0,2.5,92.87
2024-06-14 04:30:00,0,2.11,0,1.272087881,3.67,0,2.5,92.87
2024-06-14 05:00:00,0,2.11,0,1.240684761,3.67,0,2.5,92.87
2024-06-14 05:30:00,0,2.11,0,1.219801824,3.67,0,2.5,92.87
2024-06-14 06:00:00,0,2.11,0,1.251758841,3.67,0,2.5,92.87
2024-06-14 06:30:00,0,2.11,0,1.27404544,3.67,0,2.5,92.87
2024-06-14 07:00:00,0,2.11,0,1.294156446,3.67,0,2.5,92.87
2024-06-14 07:30:00,0,2.11,0,1.29381742,3.67,0,2.5,92.87
2024-06-14 08:00:00,0,2.11,0,1.283543904,3.67,0,2.5,92.87
2024-06-14 08:30:00,0,2.11,0,1.270860712,3.67,0,2.5,92.87
2024-06-14 09:00:00,0,2.11,0,1.265941851,3.67,0,2.5,92.87
2024-06-14 09:30:00,0,2.11,0,1.309462082,3.67,0,2.5,92.87
2024-06-14 10:00:00,0,2.11,0,1.37284076,3.67,0,2.5,92.87
2024-06-14 10:30:00,0,2.11,0,1.424533696,3.67,0,2.5,92.87
2024-06-14 11:00:00,0,2.11,0,1.469220308,3.67,0,2.5,92.87
2024-06-14 11:30:00,0,2.11,0,1.50768769,3.67,0,2.5,92.87
2024-06-14 12:00:00,0,2.11,0,1.538868726,3.67,0,2.5,92.87
2024-06-14 12:30:00,0,2.11,0,1.565767202,3.67,0,2.5,92.87
2024-06-14 13:00:00,0,2.11,0,1.601001304,3.67,0,2.5,92.87
2024-06-14 13:30:00,0,2.11,0,1.642192764,3.67,0,2.5,92.87
2024-06-14 14:00:00,0,2.11,0,1.699468722,3.67,0,2.5,92.87
2024-06-14 14:30:00,0,2.11,0,1.737432549,3.67,0,2.5,92.87
2024-06-14 15:00:00,0,2.11,0,1.761834198,3.67,0,2.5,92.87
2024-06-14 15:30:00,0,2.11,0,1.804620505,3.67,0,2.5,92.87
2024-06-14 16:00:00,0,2.11,0,1.804930672,3.67,0,2.5,92.87
2024-06-14 16:30:00,0,2.11,0,1.752997984,3.67,0,2.5,92.87
2024-06-14 17:00:00,0,2.11,0,1.713794439,3.67,0,2.5,92.87
2024-06-14 17:30:00,0,2.11,0,1.751240534,3.67,0,2.5,92.87
2024-06-14 18:00:00,0,2.11,0,1.851721361,3.67,0,2.5,92.87
2024-06-14 18:30:00,0,2.11,0,1.92121134,3.67,0,2.5,92.87
2024-06-14 19:00:00,0,2.11,0,1.949985451,3.67,0,2.5,92.87
2024-06-14 19:30:00,0,2.11,0,1.873270286,3.67,0,2.5,92.87
2024-06-14 20:00:00,0,2.11,0,1.718127213,3.67,0,2.5,92.87
2024-06-14 20:30:00,0,2.11,0,1.552785005,3.67,0,2.5,92.87
2024-06-14 21:00:00,0,2.11,0,1.413456281,3.67,0,2.5,92.87
2024-06-14 21:30:00,0,2.11,0,1.333098413,3.67,0,2.5,92.87
2024-06-14 22:00:00,0,2.11,0,1.264033646,3.67,0,2.5,92.87
2024-06-14 22:30:00,0,2.11,0,1.202259188,3.67,0,2.5,92.87
2024-06-14 23:00:00,0,2.11,0,1.15338945,3.67,0,2.5,92.87
2024-06-14 23:30:00,0,2.11,0,1.118636163,3.67,0,2.5,92.87
2024-06-15 00:00:00,0,2.11,0,1.088864823,3.67,0,2.5,92.87
2024-06-15 00:30:00,0,2.11,0,1.06467663,3.67,0,2.5,92.87
2024-06-15 01:00:00,0,2.11,0,1.050780431,3.67,0,2.5,92.87
2024-06-15 01:30:00,0,2.11,0,1.037227693,3.67,0,2.5,92.87
2024-06-15 02:00:00,0,2.11,0,1.031467054,3.67,0,2.5,92.87
2024-06-15 02:30:00,0,2.11,0,1.033169842,3.67,0,2.5,92.87
2024-06-15 03:00:00,0,2.11,0,1.042692245,3.67,0,2.5,92.87
2024-06-15 03:30:00,0,2.11,0,1.110137341,3.67,0,2.5,92.87
2024-06-15 04:00:00,0,2.11,0,1.224416924,3.67,0,2.5,92.87
2024-06-15 04:30:00,0,2.11,0,1.272087881,3.67,0,2.5,92.87
2024-06-15 05:00:00,0,2.11,0,1.240684761,3.67,0,2.5,92.87
2024-06-15 05:30:00,0,2.11,0,1.219801824,3.67,0,2.5,92.87
2024-06-15 06:00:00,0,2.11,0,1.251758841,3.84,0,2.5,92.87
2024-06-15 06:30:00,0,2.11,0,1.27404544,3.84,0,2.5,92.87
2024-06-15 07:00:00,0,2.11,0,1.294156446,3.84,0,2.5,92.87
2024-06-15 07:30:00,0,2.11,0,1.29381742,3.84,0,2.5,92.87
2024-06-15 08:00:00,0,2.11,0,1.283543904,3.84,0,2.5,92.87
2024-06-15 08:30:00,0,2.11,0,1.270860712,3.84,0,2.5,92.87
2024-06-15 09:00:00,0,2.11,0,1.265941851,3.84,0,2.5,92.87
2024-06-15 09:30:00,0,2.11,0,1.309462082,3.84,0,2.5,92.87
2024-06-15 10:00:00,0,2.11,0,1.37284076,3.84,0,2.5,92.87
2024-06-15 10:30:00,0,2.11,0,1.424533696,3.84,0,2.5,92.87
2024-06-15 11:00:00,0,2.11,0,1.469220308,3.84,0,2.5,92.87
2024-06-15 11:30:00,0,2.11,0,1.50768769,3.84,0,2.5,92.87
2024-06-15 12:00:00,0,2.11,0,1.538868726,3.84,0,2.5,92.87
2024-06-15 12:30:00,0,2.11,0,1.565767202,3.84,0,2.5,92.87
2024-06-15 13:00:00,0,2.11,0,1.601001304,3.84,0,2.5,92.87
2024-06-15 13:30:00,0,2.11,0,1.642192764,3.84,0,2.5,92.87
2024-06-15 14:00:00,0,2.11,0,1.699468722,3.84,0,2.5,92.87
2024-06-15 14:30:00,0,2.11,0,1.737432549,3.84,0,2.5,92.87
2024-06-15 15:00:00,0,2.11,0,1.761834198,3.84,0,2.5,92.87
2024-06-15 15:30:00,0,2.11,0,1.804620505,3.84,0,2.5,92.87
2024-06-15 16:00:00,0,2.11,0,1.804930672,3.84,0,2.5,92.87
2024-06-15 16:30:00,0,2.11,0,1.752997984,3.84,0,2.5,92.87
2024-06-15 17:00:00,0,2.11,0,1.713794439,3.84,0,2.5,92.87
2024-06-15 17:30:00,0,2.11,0,1.751240534,3.84,0,2.5,92.87
2024-06-15 18:00:00,0,2.11,0,1.851721361,3.84,0,2.5,92.87
2024-06-15 18:30:00,0,2.11,0,1.92121134,3.84,0,2.5,92.87
2024-06-15 19:00:00,0,2.11,0,1.949985451,3.84,0,2.5,92.87
2024-06-15 19:30:00,0,2.11,0,1.873270286,3.84,0,2.5,92.87
2024-06-15 20:00:00,0,2.11,0,1.718127213,3.84,0,2.5,92.87
2024-06-15 20:30:00,0,2.11,0,1.552785005,3.84,0,2.5,92.87
2024-06-15 21:00:00,0,2.11,0,1.413456281,3.84,0,2.5,92.87
2024-06-15 21:30:00,0,2.11,0,1.333098413,3.84,0,2.5,92.87
2024-06-15 22:00:00,0,2.11,0,1.264033646,3.84,0,2.5,92.87
2024-06-15 22:30:00,0,2.11,0,1.202259188,3.84,0,2.5,92.87
2024-06-15 23:00:00,0,2.11,0,1.15338945,3.84,0,2.5,92.87
2024-06-15 23:30:00,0,2.11,0,1.118636163,3.84,0,2.5,92.87
2024-06-16 00:00:00,0,2.11,0,1.088864823,3.84,0,2.5,92.87
2024-06-16 00:30:00,0,2.11,0,1.06467663,3.84,0,2.5,92.87
2024-06-16 01:00:00,0,2.11,0,1.050780431,3.84,0,2.5,92.87
2024-06-16 01:30:00,0,2.11,0,1.037227693,3.84,0,2.5,92.87
2024-06-16 02:00:00,0,2.11,0,1.031467054,3.84,0,2.5,92.87
2024-06-16 02:30:00,0,2.11,0,1.033169842,3.84,0,2.5,92.87
2024-06-16 03:00:00,0,2.11,0,1.042692245,3.84,0,2.5,92.87
2024-06-16 03:30:00,0,2.11,0,1.110137341,3.84,0,2.5,92.87
2024-06-16 04:00:00,0,2.11,0,1.224416924,3.84,0,2.5,92.87
2024-06-16 04:30:00,0,2.11,0,1.272087881,3.84,0,2.5,92.87
2024-06-16 05:00:00,0,2.11,0,1.240684761,3.84,0,2.5,92.87
2024-06-16 05:30:00,0,2.11,0,1.219801824,3.84,0,2.5,92.87
2024-06-16 06:00:00,0,2.11,0,1.251758841,3.67,0,2.5,92.87
2024-06-16 06:30:00,0,2.11,0,1.27404544,3.67,0,2.5,92.87
2024-06-16 07:00:00,0,2.11,0,1.294156446,3.67,0,2.5,92.87
2024-06-16 07:30:00,0,2.11,0,1.29381742,3.67,0,2.5,92.87
2024-06-16 08:00:00,0,2.11,0,1.283543904,3.67,0,2.5,92.87
2024-06-16 08:30:00,0,2.11,0,1.270860712,3.67,0,2.5,92.87
2024-06-16 09:00:00,0,2.11,0,1.265941851,3.67,0,2.5,92.87
2024-06-16 09:30:00,0,2.11,0,1.309462082,3.67,0,2.5,92.87
2024-06-16 10:00:00,0,2.11,0,1.37284076,3.67,0,2.5,92.87
2024-06-16 10:30:00,0,2.11,0,1.424533696,3.67,0,2.5,92.87
2024-06-16 11:00:00,0,2.11,0,1.469220308,3.67,0,2.5,92.87
2024-06-16 11:30:00,0,2.11,0,1.50768769,3.67,0,2.5,92.87
2024-06-16 12:00:00,0,2.11,0,1.538868726,3.67,0,2.5,92.87
2024-06-16 12:30:00,0,2.11,0,1.565767202,3.67,0,2.5,92.87
2024-06-16 13:00:00,0,2.11,0,1.601001304,3.67,0,2.5,92.87
2024-06-16 13:30:00,0,2.11,0,1.642192764,3.67,0,2.5,92.87
2024-06-16 14:00:00,0,2.11,0,1.699468722,3.67,0,2.5,92.87
2024-06-16 14:30:00,0,2.11,0,1.737432549,3.67,0,2.5,92.87
2024-06-16 15:00:00,0,2.11,0,1.761834198,3.67,0,2.5,92.87
2024-06-16 15:30:00,0,2.11,0,1.804620505,3.67,0,2.5,92.87
2024-06-16 16:00:00,0,2.11,0,1.804930672,3.67,0,2.5,92.87
2024-06-16 16:30:00,0,2.11,0,1.752997984,3.67,0,2.5,92.87
2024-06-16 17:00:00,0,2.11,0,1.713794439,3.67,0,2.5,92.87
2024-06-16 17:30:00,0,2.11,0,1.751240534,3.67,0,2.5,92.87
2024-06-16 18:00:00,0,2.11,0,1.851721361,3.67,0,2.5,92.87
2024-06-16 18:30:00,0,2.11,0,1.92121134,3.67,0,2.5,92.87
2024-06-16 19:00:00,0,2.11,0,1.949985451,3.67,0,2.5,92.87
2024-06-16 19:30:00,0,2.11,0,1.873270286,3.67,0,2.5,92.87
2024-06-16 20:00:00,0,2.11,0,1.718127213,3.67,0,2.5,92.87
2024-06-16 20:30:00,0,2.11,0,1.552785005,3.67,0,2.5,92.87
2024-06-16 21:00:00,0,2.11,0,1.413456281,3.67,0,2.5,92.87
2024-06-16 21:30:00,0,2.11,0,1.333098413,3.67,0,2.5,92.87
2024-06-16 22:00:00,0,2.11,0,1.264033646,3.67,0,2.5,92.87
2024-06-16 22:30:00,0,2.11,0,1.202259188,3.67,0,2.5,92.87
2024-06-16 23:00:00,0,2.11,0,1.15338945,3.67,0,2.5,92.87
2024-06-16 23:30:00,0,2.11,0,1.118636163,3.67,0,2.5,92.87
2024-06-17 00:00:00,0,2.11,0,1.088864823,3.67,0,2.5,92.87
2024-06-17 00:30:00,0,2.11,0,1.06467663,3.67,0,2.5,92.87
2024-06-17 01:00:00,0,2.11,0,1.050780431,3.67,0,2.5,92.87
2024-06-17 01:30:00,0,2.11,0,1.037227693,3.67,0,2.5,92.87
2024-06-17 02:00:00,0,2.11,0,1.031467054,3.67,0,2.5,92.87
2024-06-17 02:30:00,0,2.11,0,1.033169842,3.67,0,2.5,92.87
2024-06-17 03:00:00,0,2.11,0,1.042692245,3.67,0,2.5,92.87
2024-06-17 03:30:00,0,2.11,0,1.110137341,3.67,0,2.5,92.87
2024-06-17 04:00:00,0,2.11,0,1.224416924,3.67,0,2.5,92.87
2024-06-17 04:30:00,0,2.11,0,1.272087881,3.67,0,2.5,92.87
2024-06-17 05:00:00,0,2.11,0,1.240684761,3.67,0,2.5,92.87
2024-06-17 05:30:00,0,2.11,0,1.219801824,3.67,0,2.5,92.87
2024-06-17 06:00:00,0,2.11,0,1.251758841,3.82,0,2.5,92.87
2024-06-17 06:30:00,0,2.11,0,1.27404544,3.82,0,2.5,92.87
2024-06-17 07:00:00,0,2.11,0,1.294156446,3.82,0,2.5,92.87
2024-06-17 07:30:00,0,2.11,0,1.29381742,3.82,0,2.5,92.87
2024-06-17 08:00:00,0,2.11,0,1.283543904,3.82,0,2.5,92.87
2024-06-17 08:30:00,0,2.11,0,1.270860712,3.82,0,2.5,92.87
2024-06-17 09:00:00,0,2.11,0,1.265941851,3.82,0,2.5,92.87
2024-06-17 09:30:00,0,2.11,0,1.309462082,3.82,0,2.5,92.87
2024-06-17 10:00:00,0,2.11,0,1.37284076,3.82,0,2.5,92.87
2024-06-17 10:30:00,0,2.11,0,1.424533696,3.82,0,2.5,92.87
2024-06-17 11:00:00,0,2.11,0,1.469220308,3.82,0,2.5,92.87
2024-06-17 11:30:00,0,2.11,0,1.50768769,3.82,0,2.5,92.87
2024-06-17 12:00:00,0,2.11,0,1.538868726,3.82,0,2.5,92.87
2024-06-17 12:30:00,0,2.11,0,1.565767202,3.82,0,2.5,92.87
2024-06-17 13:00:00,0,2.11,0,1.601001304,3.82,0,2.5,92.87
2024-06-17 13:30:00,0,2.11,0,1.642192764,3.82,0,2.5,92.87
2024-06-17 14:00:00,0,2.11,0,1.699468722,3.82,0,2.5,92.87
2024-06-17 14:30:00,0,2.11,0,1.737432549,3.82,0,2.5,92.87
2024-06-17 15:00:00,0,2.11,0,1.761834198,3.82,0,2.5,92.87
2024-06-17 15:30:00,0,2.11,0,1.804620505,3.82,0,2.5,92.87
2024-06-17 16:00:00,0,2.11,0,1.804930672,3.82,0,2.5,92.87
2024-06-17 16:30:00,0,2.11,0,1.752997984,3.82,0,2.5,92.87
2024-06-17 17:00:00,0,2.11,0,1.713794439,3.82,0,2.5,92.87
2024-06-17 17:30:00,0,2.11,0,1.751240534,3.82,0,2.5,92.87
2024-06-17 18:00:00,0,2.11,0,1.851721361,3.82,0,2.5,92.87
2024-06-17 18:30:00,0,2.11,0,1.92121134,3.82,0,2.5,92.87
2024-06-17 19:00:00,0,2.11,0,1.949985451,3.82,0,2.5,92.87
2024-06-17 19:30:00,0,2.11,0,1.873270286,3.82,0,2.5,92.87
2024-06-17 20:00:00,0,2.11,0,1.718127213,3.82,0,2.5,92.87
2024-06-17 20:30:00,0,2.11,0,1.552785005,3.82,0,2.5,92.87
2024-06-17 21:00:00,0,2.11,0,1.413456281,3.82,0,2.5,92.87
2024-06-17 21:30:00,0,2.11,0,1.333098413,3.82,0,2.5,92.87
2024-06-17 22:00:00,0,2.11,0,1.264033646,3.82,0,2.5,92.87
2024-06-17 22:30:00,0,2.11,0,1.202259188,3.82,0,2.5,92.87
2024-06-17 23:00:00,0,2.11,0,1.15338945,3.82,0,2.5,92.87
2024-06-17 23:30:00,0,2.11,0,1.118636163,3.82,0,2.5,92.87
2024-06-18 00:00:00,0,2.11,0,1.081196761,3.82,0,2.5,92.87
2024-06-18 00:30:00,0,2.11,0,1.057178908,3.82,0,2.5,92.87
2024-06-18 01:00:00,0,2.11,0,1.043380569,3.82,0,2.5,92.87
2024-06-18 01:30:00,0,2.11,0,1.029923273,3.82,0,2.5,92.87
2024-06-18 02:00:00,0,2.11,0,1.024203202,3.82,0,2.5,92.87
2024-06-18 02:30:00,0,2.11,0,1.025893998,3.82,0,2.5,92.87
2024-06-18 03:00:00,0,2.11,0,1.035349342,3.82,0,2.5,92.87
2024-06-18 03:30:00,0,2.11,0,1.102319473,3.82,0,2.5,92.87
2024-06-18 04:00:00,0,2.11,0,1.21579427,3.82,0,2.5,92.87
2024-06-18 04:30:00,0,2.11,0,1.263129516,3.82,0,2.5,92.87
2024-06-18 05:00:00,0,2.11,0,1.231947544,3.82,0,2.5,92.87
2024-06-18 05:30:00,0,2.11,0,1.211211671,3.82,0,2.5,92.87
2024-06-18 06:00:00,0,2.11,0,1.242943638,3.67,0,2.5,92.87
2024-06-18 06:30:00,0,2.11,0,1.265073289,3.67,0,2.5,92.87
2024-06-18 07:00:00,0,2.11,0,1.285042668,3.67,0,2.5,92.87
2024-06-18 07:30:00,0,2.11,0,1.28470603,3.67,0,2.5,92.87
2024-06-18 08:00:00,0,2.11,0,1.274504863,3.67,0,2.5,92.87
2024-06-18 08:30:00,0,2.11,0,1.261910989,3.67,0,2.5,92.87
2024-06-18 09:00:00,0,2.11,0,1.257026768,3.67,0,2.5,92.87
2024-06-18 09:30:00,0,2.11,0,1.300240518,3.67,0,2.5,92.87
2024-06-18 10:00:00,0,2.11,0,1.363172867,3.67,0,2.5,92.87
2024-06-18 10:30:00,0,2.11,0,1.414501768,3.67,0,2.5,92.87
2024-06-18 11:00:00,0,2.11,0,1.458873686,3.67,0,2.5,92.87
2024-06-18 11:30:00,0,2.11,0,1.497070171,3.67,0,2.5,92.87
2024-06-18 12:00:00,0,2.11,0,1.528031623,3.67,0,2.5,92.87
2024-06-18 12:30:00,0,2.11,0,1.554740672,3.67,0,2.5,92.87
2024-06-18 13:00:00,0,2.11,0,1.589726647,3.67,0,2.5,92.87
2024-06-18 13:30:00,0,2.11,0,1.630628026,3.67,0,2.5,92.87
2024-06-18 14:00:00,0,2.11,0,1.687500632,3.67,0,2.5,92.87
2024-06-18 14:30:00,0,2.11,0,1.725197109,3.67,0,2.5,92.87
2024-06-18 15:00:00,0,2.11,0,1.749426915,3.67,0,2.5,92.87
2024-06-18 15:30:00,0,2.11,0,1.79191191,3.67,0,2.5,92.87
2024-06-18 16:00:00,0,2.11,0,1.792219892,3.67,0,2.5,92.87
2024-06-18 16:30:00,0,2.11,0,1.740652928,3.67,0,2.5,92.87
2024-06-18 17:00:00,0,2.11,0,1.701725464,3.67,0,2.5,92.87
2024-06-18 17:30:00,0,2.11,0,1.738907854,3.67,0,2.5,92.87
2024-06-18 18:00:00,0,2.11,0,1.83868107,3.67,0,2.5,92.87
2024-06-18 18:30:00,0,2.11,0,1.907681683,3.67,0,2.5,92.87
2024-06-18 19:00:00,0,2.11,0,1.936253159,3.67,0,2.5,92.87
2024-06-18 19:30:00,0,2.11,0,1.860078241,3.67,0,2.5,92.87
2024-06-18 20:00:00,0,2.11,0,1.706027726,3.67,0,2.5,92.87
2024-06-18 20:30:00,0,2.11,0,1.541849899,3.67,0,2.5,92.87
2024-06-18 21:00:00,0,2.11,0,1.403502363,3.67,0,2.5,92.87
2024-06-18 21:30:00,0,2.11,0,1.323710396,3.67,0,2.5,92.87
2024-06-18 22:00:00,0,2.11,0,1.255132001,3.67,0,2.5,92.87
2024-06-18 22:30:00,0,2.11,0,1.193792574,3.67,0,2.5,92.87
2024-06-18 23:00:00,0,2.11,0,1.14526699,3.67,0,2.5,92.87
2024-06-18 23:30:00,0,2.11,0,1.110758444,3.67,0,2.5,92.87
2024-06-19 00:00:00,0,2.11,0,1.081196761,3.67,0,2.5,92.87
2024-06-19 00:30:00,0,2.11,0,1.057178908,3.67,0,2.5,92.87
2024-06-19 01:00:00,0,2.11,0,1.043380569,3.67,0,2.5,92.87
2024-06-19 01:30:00,0,2.11,0,1.029923273,3.67,0,2.5,92.87
2024-06-19 02:00:00,0,2.11,0,1.024203202,3.67,0,2.5,92.87
2024-06-19 02:30:00,0,2.11,0,1.025893998,3.67,0,2.5,92.87
2024-06-19 03:00:00,0,2.11,0,1.035349342,3.67,0,2.5,92.87
2024-06-19 03:30:00,0,2.11,0,1.102319473,3.67,0,2.5,92.87
2024-06-19 04:00:00,0,2.11,0,1.21579427,3.67,0,2.5,92.87
2024-06-19 04:30:00,0,2.11,0,1.263129516,3.67,0,2.5,92.87
2024-06-19 05:00:00,0,2.11,0,1.231947544,3.67,0,2.5,92.87
2024-06-19 05:30:00,0,2.11,0,1.211211671,3.67,0,2.5,92.87
2024-06-19 06:00:00,0,2.11,0,1.242943638,3.84,0,2.5,92.87
2024-06-19 06:30:00,0,2.11,0,1.265073289,3.84,0,2.5,92.87
2024-06-19 07:00:00,0,2.11,0,1.285042668,3.84,0,2.5,92.87
2024-06-19 07:30:00,0,2.11,0,1.28470603,3.84,0,2.5,92.87
2024-06-19 08:00:00,0,2.11,0,1.274504863,3.84,0,2.5,92.87
2024-06-19 08:30:00,0,2.11,0,1.261910989,3.84,0,2.5,92.87
2024-06-19 09:00:00,0,2.11,0,1.257026768,3.84,0,2.5,92.87
2024-06-19 09:30:00,0,2.11,0,1.300240518,3.84,0,2.5,92.87
2024-06-19 10:00:00,0,2.11,0,1.363172867,3.84,0,2.5,92.87
2024-06-19 10:30:00,0,2.11,0,1.414501768,3.84,0,2.5,92.87
2024-06-19 11:00:00,0,2.11,0,1.458873686,3.84,0,2.5,92.87
2024-06-19 11:30:00,0,2.11,0,1.497070171,3.84,0,2.5,92.87
2024-06-19 12:00:00,0,2.11,0,1.528031623,3.84,0,2.5,92.87
2024-06-19 12:30:00,0,2.11,0,1.554740672,3.84,0,2.5,92.87
2024-06-19 13:00:00,0,2.11,0,1.589726647,3.84,0,2.5,92.87
2024-06-19 13:30:00,0,2.11,0,1.630628026,3.84,0,2.5,92.87
2024-06-19 14:00:00,0,2.11,0,1.687500632,3.84,0,2.5,92.87
2024-06-19 14:30:00,0,2.11,0,1.725197109,3.84,0,2.5,92.87
2024-06-19 15:00:00,0,2.11,0,1.749426915,3.84,0,2.5,92.87
2024-06-19 15:30:00,0,2.11,0,1.79191191,3.84,0,2.5,92.87
2024-06-19 16:00:00,0,2.11,0,1.792219892,3.84,0,2.5,92.87
2024-06-19 16:30:00,0,2.11,0,1.740652928,3.84,0,2.5,92.87
2024-06-19 17:00:00,0,2.11,0,1.701725464,3.84,0,2.5,92.87
2024-06-19 17:30:00,0,2.11,0,1.738907854,3.84,0,2.5,92.87
2024-06-19 18:00:00,0,2.11,0,1.83868107,3.84,0,2.5,92.87
2024-06-19 18:30:00,0,2.11,0,1.907681683,3.84,0,2.5,92.87
2024-06-19 19:00:00,0,2.11,0,1.936253159,3.84,0,2.5,92.87
2024-06-19 19:30:00,0,2.11,0,1.860078241,3.84,0,2.5,92.87
2024-06-19 20:00:00,0,2.11,0,1.706027726,3.84,0,2.5,92.87
2024-06-19 20:30:00,0,2.11,0,1.541849899,3.84,0,2.5,92.87
2024-06-19 21:00:00,0,2.11,0,1.403502363,3.84,0,2.5,92.87
2024-06-19 21:30:00,0,2.11,0,1.323710396,3.84,0,2.5,92.87
2024-06-19 22:00:00,0,2.11,0,1.255132001,3.84,0,2.5,92.87
2024-06-19 22:30:00,0,2.11,0,1.193792574,3.84,0,2.5,92.87
2024-06-19 23:00:00,0,2.11,0,1.14526699,3.84,0,2.5,92.87
2024-06-19 23:30:00,0,2.11,0,1.110758444,3.84,0,2.5,92.87
2024-06-20 00:00:00,0,2.11,0,1.081196761,3.84,0,2.5,92.87
2024-06-20 00:30:00,0,2.11,0,1.057178908,3.84,0,2.5,92.87
2024-06-20 01:00:00,0,2.11,0,1.043380569,3.84,0,2.5,92.87
2024-06-20 01:30:00,0,2.11,0,1.029923273,3.84,0,2.5,92.87
2024-06-20 02:00:00,0,2.11,0,1.024203202,3.84,0,2.5,92.87
2024-06-20 02:30:00,0,2.11,0,1.025893998,3.84,0,2.5,92.87
2024-06-20 03:00:00,0,2.11,0,1.035349342,3.84,0,2.5,92.87
2024-06-20 03:30:00,0,2.11,0,1.102319473,3.84,0,2.5,92.87
2024-06-20 04:00:00,0,2.11,0,1.21579427,3.84,0,2.5,92.87
2024-06-20 04:30:00,0,2.11,0,1.263129516,3.84,0,2.5,92.87
2024-06-20 05:00:00,0,2.11,0,1.231947544,3.84,0,2.5,92.87
2024-06-20 05:30:00,0,2.11,0,1.211211671,3.84,0,2.5,92.87
2024-06-20 06:00:00,0,2.11,0,1.242943638,3.67,0,2.5,92.87
2024-06-20 06:30:00,0,2.11,0,1.265073289,3.67,0,2.5,92.87
2024-06-20 07:00:00,0,2.11,0,1.285042668,3.67,0,2.5,92.87
2024-06-20 07:30:00,0,2.11,0,1.28470603,3.67,0,2.5,92.87
2024-06-20 08:00:00,0,2.11,0,1.274504863,3.67,0,2.5,92.87
2024-06-20 08:30:00,0,2.11,0,1.261910989,3.67,0,2.5,92.87
2024-06-20 09:00:00,0,2.11,0,1.257026768,3.67,0,2.5,92.87
2024-06-20 09:30:00,0,2.11,0,1.300240518,3.67,0,2.5,92.87
2024-06-20 10:00:00,0,2.11,0,1.363172867,3.67,0,2.5,92.87
2024-06-20 10:30:00,0,2.11,0,1.414501768,3.67,0,2.5,92.87
2024-06-20 11:00:00,0,2.11,0,1.458873686,3.67,0,2.5,92.87
2024-06-20 11:30:00,0,2.11,0,1.497070171,3.67,0,2.5,92.87
2024-06-20 12:00:00,0,2.11,0,1.528031623,3.67,0,2.5,92.87
2024-06-20 12:30:00,0,2.11,0,1.554740672,3.67,0,2.5,92.87
2024-06-20 13:00:00,0,2.11,0,1.589726647,3.67,0,2.5,92.87
2024-06-20 13:30:00,0,2.11,0,1.630628026,3.67,0,2.5,92.87
2024-06-20 14:00:00,0,2.11,0,1.687500632,3.67,0,2.5,92.87
2024-06-20 14:30:00,0,2.11,0,1.725197109,3.67,0,2.5,92.87
2024-06-20 15:00:00,0,2.11,0,1.749426915,3.67,0,2.5,92.87
2024-06-20 15:30:00,0,2.11,0,1.79191191,3.67,0,2.5,92.87
2024-06-20 16:00:00,0,2.11,0,1.792219892,3.67,0,2.5,92.87
2024-06-20 16:30:00,0,2.11,0,1.740652928,3.67,0,2.5,92.87
2024-06-20 17:00:00,0,2.11,0,1.701725464,3.67,0,2.5,92.87
2024-06-20 17:30:00,0,2.11,0,1.738907854,3.67,0,2.5,92.87
2024-06-20 18:00:00,0,2.11,0,1.83868107,3.67,0,2.5,92.87
2024-06-20 18:30:00,0,2.11,0,1.907681683,3.67,0,2.5,92.87
2024-06-20 19:00:00,0,2.11,0,1.936253159,3.67,0,2.5,92.87
2024-06-20 19:30:00,0,2.11,0,1.860078241,3.67,0,2.5,92.87
2024-06-20 20:00:00,0,2.11,0,1.706027726,3.67,0,2.5,92.87
2024-06-20 20:30:00,0,2.11,0,1.541849899,3.67,0,2.5,92.87
2024-06-20 21:00:00,0,2.11,0,1.403502363,3.67,0,2.5,92.87
2024-06-20 21:30:00,0,2.11,0,1.323710396,3.67,0,2.5,92.87
2024-06-20 22:00:00,0,2.11,0,1.255132001,3.67,0,2.5,92.87
2024-06-20 22:30:00,0,2.11,0,1.193792574,3.67,0,2.5,92.87
2024-06-20 23:00:00,0,2.11,0,1.14526699,3.67,0,2.5,92.87
2024-06-20 23:30:00,0,2.11,0,1.110758444,3.67,0,2.5,92.87
2024-06-21 00:00:00,0,2.11,0,1.081196761,3.67,0,2.5,92.87
2024-06-21 00:30:00,0,2.11,0,1.057178908,3.67,0,2.5,92.87
2024-06-21 01:00:00,0,2.11,0,1.043380569,3.67,0,2.5,92.87
2024-06-21 01:30:00,0,2.11,0,1.029923273,3.67,0,2.5,92.87
2024-06-21 02:00:00,0,2.11,0,1.024203202,3.67,0,2.5,92.87
2024-06-21 02:30:00,0,2.11,0,1.025893998,3.67,0,2.5,92.87
2024-06-21 03:00:00,0,2.11,0,1.035349342,3.67,0,2.5,92.87
2024-06-21 03:30:00,0,2.11,0,1.102319473,3.67,0,2.5,92.87
2024-06-21 04:00:00,0,2.11,0,1.21579427,3.67,0,2.5,92.87
2024-06-21 04:30:00,0,2.11,0,1.263129516,3.67,0,2.5,92.87
2024-06-21 05:00:00,0,2.11,0,1.231947544,3.67,0,2.5,92.87
2024-06-21 05:30:00,0,2.11,0,1.211211671,3.67,0,2.5,92.87
2024-06-21 06:00:00,0,2.11,0,1.242943638,3.83,0,2.5,92.87
2024-06-21 06:30:00,0,2.11,0,1.265073289,3.83,0,2.5,92.87
2024-06-21 07:00:00,0,2.11,0,1.285042668,3.83,0,2.5,92.87
2024-06-21 07:30:00,0,2.11,0,1.28470603,3.83,0,2.5,92.87
2024-06-21 08:00:00,0,2.11,0,1.274504863,3.83,0,2.5,92.87
2024-06-21 08:30:00,0,2.11,0,1.261910989,3.83,0,2.5,92.87
2024-06-21 09:00:00,0,2.11,0,1.257026768,3.83,0,2.5,92.87
2024-06-21 09:30:00,0,2.11,0,1.300240518,3.83,0,2.5,92.87
2024-06-21 10:00:00,0,2.11,0,1.363172867,3.83,0,2.5,92.87
2024-06-21 10:30:00,0,2.11,0,1.414501768,3.83,0,2.5,92.87
2024-06-21 11:00:00,0,2.11,0,1.458873686,3.83,0,2.5,92.87
2024-06-21 11:30:00,0,2.11,0,1.497070171,3.83,0,2.5,92.87
2024-06-21 12:00:00,0,2.11,0,1.528031623,3.83,0,2.5,92.87
2024-06-21 12:30:00,0,2.11,0,1.554740672,3.83,0,2.5,92.87
2024-06-21 13:00:00,0,2.11,0,1.589726647,3.83,0,2.5,92.87
2024-06-21 13:30:00,0,2.11,0,1.630628026,3.83,0,2.5,92.87
2024-06-21 14:00:00,0,2.11,0,1.687500632,3.83,0,2.5,92.87
2024-06-21 14:30:00,0,2.11,0,1.725197109,3.83,0,2.5,92.87
2024-06-21 15:00:00,0,2.11,0,1.749426915,3.83,0,2.5,92.87
2024-06-21 15:30:00,0,2.11,0,1.79191191,3.83,0,2.5,92.87
2024-06-21 16:00:00,0,2.11,0,1.792219892,3.83,0,2.5,92.87
2024-06-21 16:30:00,0,2.11,0,1.740652928,3.83,0,2.5,92.87
2024-06-21 17:00:00,0,2.11,0,1.701725464,3.83,0,2.5,92.87
2024-06-21 17:30:00,0,2.11,0,1.738907854,3.83,0,2.5,92.87
2024-06-21 18:00:00,0,2.11,0,1.83868107,3.83,0,2.5,92.87
2024-06-21 18:30:00,0,2.11,0,1.907681683,3.83,0,2.5,92.87
2024-06-21 19:00:00,0,2.11,0,1.936253159,3.83,0,2.5,92.87
2024-06-21 19:30:00,0,2.11,0,1.860078241,3.83,0,2.5,92.87
2024-06-21 20:00:00,0,2.11,0,1.706027726,3.83,0,2.5,92.87
2024-06-21 20:30:00,0,2.11,0,1.541849899,3.83,0,2.5,92.87
2024-06-21 21:00:00,0,2.11,0,1.403502363,3.83,0,2.5,92.87
2024-06-21 21:30:00,0,2.11,0,1.323710396,3.83,0,2.5,92.87
2024-06-21 22:00:00,0,2.11,0,1.255132001,3.83,0,2.5,92.87
2024-06-21 22:30:00,0,2.11,0,1.193792574,3.83,0,2.5,92.87
2024-06-21 23:00:00,0,2.11,0,1.14526699,3.83,0,2.5,92.87
2024-06-21 23:30:00,0,2.11,0,1.110758444,3.83,0,2.5,92.87
2024-06-22 00:00:00,0,2.11,0,1.073528699,3.83,0,2.5,92.87
2024-06-22 00:30:00,0,2.11,0,1.049681185,3.83,0,2.5,92.87
2024-06-22 01:00:00,0,2.11,0,1.035980707,3.83,0,2.5,92.87
2024-06-22 01:30:00,0,2.11,0,1.022618852,3.83,0,2.5,92.87
2024-06-22 02:00:00,0,2.11,0,1.01693935,3.83,0,2.5,92.87
2024-06-22 02:30:00,0,2.11,0,1.018618154,3.83,0,2.5,92.87
2024-06-22 03:00:00,0,2.11,0,1.028006439,3.83,0,2.5,92.87
2024-06-22 03:30:00,0,2.11,0,1.094501604,3.83,0,2.5,92.87
2024-06-22 04:00:00,0,2.11,0,1.207171615,3.83,0,2.5,92.87
2024-06-22 04:30:00,0,2.11,0,1.25417115,3.83,0,2.5,92.87
2024-06-22 05:00:00,0,2.11,0,1.223210328,3.83,0,2.5,92.87
2024-06-22 05:30:00,0,2.11,0,1.202621517,3.83,0,2.5,92.87
2024-06-22 06:00:00,0,2.11,0,1.234128435,3.67,0,2.5,92.87
2024-06-22 06:30:00,0,2.11,0,1.256101138,3.67,0,2.5,92.87
2024-06-22 07:00:00,0,2.11,0,1.27592889,3.67,0,2.5,92.87
2024-06-22 07:30:00,0,2.11,0,1.27559464,3.67,0,2.5,92.87
2024-06-22 08:00:00,0,2.11,0,1.265465821,3.67,0,2.5,92.87
2024-06-22 08:30:00,0,2.11,0,1.252961266,3.67,0,2.5,92.87
2024-06-22 09:00:00,0,2.11,0,1.248111685,3.67,0,2.5,92.87
2024-06-22 09:30:00,0,2.11,0,1.291018954,3.67,0,2.5,92.87
2024-06-22 10:00:00,0,2.11,0,1.353504975,3.67,0,2.5,92.87
2024-06-22 10:30:00,0,2.11,0,1.404469841,3.67,0,2.5,92.87
2024-06-22 11:00:00,0,2.11,0,1.448527064,3.67,0,2.5,92.87
2024-06-22 11:30:00,0,2.11,0,1.486452652,3.67,0,2.5,92.87
2024-06-22 12:00:00,0,2.11,0,1.517194519,3.67,0,2.5,92.87
2024-06-22 12:30:00,0,2.11,0,1.543714143,3.67,0,2.5,92.87
2024-06-22 13:00:00,0,2.11,0,1.57845199,3.67,0,2.5,92.87
2024-06-22 13:30:00,0,2.11,0,1.619063289,3.67,0,2.5,92.87
2024-06-22 14:00:00,0,2.11,0,1.675532543,3.67,0,2.5,92.87
2024-06-22 14:30:00,0,2.11,0,1.712961668,3.67,0,2.5,92.87
2024-06-22 15:00:00,0,2.11,0,1.737019632,3.67,0,2.5,92.87
2024-06-22 15:30:00,0,2.11,0,1.779203315,3.67,0,2.5,92.87
2024-06-22 16:00:00,0,2.11,0,1.779509113,3.67,0,2.5,92.87
2024-06-22 16:30:00,0,2.11,0,1.728307872,3.67,0,2.5,92.87
2024-06-22 17:00:00,0,2.11,0,1.689656489,3.67,0,2.5,92.87
2024-06-22 17:30:00,0,2.11,0,1.726575174,3.67,0,2.5,92.87
2024-06-22 18:00:00,0,2.11,0,1.825640779,3.67,0,2.5,92.87
2024-06-22 18:30:00,0,2.11,0,1.894152026,3.67,0,2.5,92.87
2024-06-22 19:00:00,0,2.11,0,1.922520868,3.67,0,2.5,92.87
2024-06-22 19:30:00,0,2.11,0,1.846886197,3.67,0,2.5,92.87
2024-06-22 20:00:00,0,2.11,0,1.693928238,3.67,0,2.5,92.87
2024-06-22 20:30:00,0,2.11,0,1.530914793,3.67,0,2.5,92.87
2024-06-22 21:00:00,0,2.11,0,1.393548446,3.67,0,2.5,92.87
2024-06-22 21:30:00,0,2.11,0,1.314322379,3.67,0,2.5,92.87
2024-06-22 22:00:00,0,2.11,0,1.246230355,3.67,0,2.5,92.87
2024-06-22 22:30:00,0,2.11,0,1.18532596,3.67,0,2.5,92.87
2024-06-22 23:00:00,0,2.11,0,1.137144529,3.67,0,2.5,92.87
2024-06-22 23:30:00,0,2.11,0,1.102880724,3.67,0,2.5,92.87
2024-06-23 00:00:00,0,2.11,0,1.073528699,3.67,0,2.5,92.87
2024-06-23 00:30:00,0,2.11,0,1.049681185,3.67,0,2.5,92.87
2024-06-23 01:00:00,0,2.11,0,1.035980707,3.67,0,2.5,92.87
2024-06-23 01:30:00,0,2.11,0,1.022618852,3.67,0,2.5,92.87
2024-06-23 02:00:00,0,2.11,0,1.01693935,3.67,0,2.5,92.87
2024-06-23 02:30:00,0,2.11,0,1.018618154,3.67,0,2.5,92.87
2024-06-23 03:00:00,0,2.11,0,1.028006439,3.67,0,2.5,92.87
2024-06-23 03:30:00,0,2.11,0,1.094501604,3.67,0,2.5,92.87
2024-06-23 04:00:00,0,2.11,0,1.207171615,3.67,0,2.5,92.87
2024-06-23 04:30:00,0,2.11,0,1.25417115,3.67,0,2.5,92.87
2024-06-23 05:00:00,0,2.11,0,1.223210328,3.67,0,2.5,92.87
2024-06-23 05:30:00,0,2.11,0,1.202621517,3.67,0,2.5,92.87
2024-06-23 06:00:00,0,2.11,0,1.234128435,3.55,0,2.5,92.87
2024-06-23 06:30:00,0,2.11,0,1.256101138,3.55,0,2.5,92.87
2024-06-23 07:00:00,0,2.11,0,1.27592889,3.55,0,2.5,92.87
2024-06-23 07:30:00,0,2.11,0,1.27559464,3.55,0,2.5,92.87
2024-06-23 08:00:00,0,2.11,0,1.265465821,3.55,0,2.5,92.87
2024-06-23 08:30:00,0,2.11,0,1.252961266,3.55,0,2.5,92.87
2024-06-23 09:00:00,0,2.11,0,1.248111685,3.55,0,2.5,92.87
2024-06-23 09:30:00,0,2.11,0,1.291018954,3.55,0,2.5,92.87
2024-06-23 10:00:00,0,2.11,0,1.353504975,3.55,0,2.5,92.87
2024-06-23 10:30:00,0,2.11,0,1.404469841,3.55,0,2.5,92.87
2024-06-23 11:00:00,0,2.11,0,1.448527064,3.55,0,2.5,92.87
2024-06-23 11:30:00,0,2.11,0,1.486452652,3.55,0,2.5,92.87
2024-06-23 12:00:00,0,2.11,0,1.517194519,3.55,0,2.5,92.87
2024-06-23 12:30:00,0,2.11,0,1.543714143,3.55,0,2.5,92.87
2024-06-23 13:00:00,0,2.11,0,1.57845199,3.55,0,2.5,92.87
2024-06-23 13:30:00,0,2.11,0,1.619063289,3.55,0,2.5,92.87
2024-06-23 14:00:00,0,2.11,0,1.675532543,3.55,0,2.5,92.87
2024-06-23 14:30:00,0,2.11,0,1.712961668,3.55,0,2.5,92.87
2024-06-23 15:00:00,0,2.11,0,1.737019632,3.55,0,2.5,92.87
2024-06-23 15:30:00,0,2.11,0,1.779203315,3.55,0,2.5,92.87
2024-06-23 16:00:00,0,2.11,0,1.779509113,3.55,0,2.5,92.87
2024-06-23 16:30:00,0,2.11,0,1.728307872,3.55,0,2.5,92.87
2024-06-23 17:00:00,0,2.11,0,1.689656489,3.55,0,2.5,92.87
2024-06-23 17:30:00,0,2.11,0,1.726575174,3.55,0,2.5,92.87
2024-06-23 18:00:00,0,2.11,0,1.825640779,3.55,0,2.5,92.87
2024-06-23 18:30:00,0,2.11,0,1.894152026,3.55,0,2.5,92.87
2024-06-23 19:00:00,0,2.11,0,1.922520868,3.55,0,2.5,92.87
2024-06-23 19:30:00,0,2.11,0,1.846886197,3.55,0,2.5,92.87
2024-06-23 20:00:00,0,2.11,0,1.693928238,3.55,0,2.5,92.87
2024-06-23 20:30:00,0,2.11,0,1.530914793,3.55,0,2.5,92.87
2024-06-23 21:00:00,0,2.11,0,1.393548446,3.55,0,2.5,92.87
2024-06-23 21:30:00,0,2.11,0,1.314322379,3.55,0,2.5,92.87
2024-06-23 22:00:00,0,2.11,0,1.246230355,3.55,0,2.5,92.87
2024-06-23 22:30:00,0,2.11,0,1.18532596,3.55,0,2.5,92.87
2024-06-23 23:00:00,0,2.11,0,1.137144529,3.55,0,2.5,92.87
2024-06-23 23:30:00,0,2.11,0,1.102880724,3.55,0,2.5,92.87
2024-06-24 00:00:00,0,2.11,0,1.073528699,3.55,0,2.5,92.87
2024-06-24 00:30:00,0,2.11,0,1.049681185,3.55,0,2.5,92.87
2024-06-24 01:00:00,0,2.11,0,1.035980707,3.55,0,2.5,92.87
2024-06-24 01:30:00,0,2.11,0,1.022618852,3.55,0,2.5,92.87
2024-06-24 02:00:00,0,2.11,0,1.01693935,3.55,0,2.5,92.87
2024-06-24 02:30:00,0,2.11,0,1.018618154,3.55,0,2.5,92.87
2024-06-24 03:00:00,0,2.11,0,1.028006439,3.55,0,2.5,92.87
2024-06-24 03:30:00,0,2.11,0,1.094501604,3.55,0,2.5,92.87
2024-06-24 04:00:00,0,2.11,0,1.207171615,3.55,0,2.5,92.87
2024-06-24 04:30:00,0,2.11,0,1.25417115,3.55,0,2.5,92.87
2024-06-24 05:00:00,0,2.11,0,1.223210328,3.55,0,2.5,92.87
2024-06-24 05:30:00,0,2.11,0,1.202621517,3.55,0,2.5,92.87
2024-06-24 06:00:00,0,2.11,0,1.234128435,3.39,0,2.5,92.87
2024-06-24 06:30:00,0,2.11,0,1.256101138,3.39,0,2.5,92.87
2024-06-24 07:00:00,0,2.11,0,1.27592889,3.39,0,2.5,92.87
2024-06-24 07:30:00,0,2.11,0,1.27559464,3.39,0,2.5,92.87
2024-06-24 08:00:00,0,2.11,0,1.265465821,3.39,0,2.5,92.87
2024-06-24 08:30:00,0,2.11,0,1.252961266,3.39,0,2.5,92.87
2024-06-24 09:00:00,0,2.11,0,1.248111685,3.39,0,2.5,92.87
2024-06-24 09:30:00,0,2.11,0,1.291018954,3.39,0,2.5,92.87
2024-06-24 10:00:00,0,2.11,0,1.353504975,3.39,0,2.5,92.87
2024-06-24 10:30:00,0,2.11,0,1.404469841,3.39,0,2.5,92.87
2024-06-24 11:00:00,0,2.11,0,1.448527064,3.39,0,2.5,92.87
2024-06-24 11:30:00,0,2.11,0,1.486452652,3.39,0,2.5,92.87
2024-06-24 12:00:00,0,2.11,0,1.517194519,3.39,0,2.5,92.87
2024-06-24 12:30:00,0,2.11,0,1.543714143,3.39,0,2.5,92.87
2024-06-24 13:00:00,0,2.11,0,1.57845199,3.39,0,2.5,92.87
2024-06-24 13:30:00,0,2.11,0,1.619063289,3.39,0,2.5,92.87
2024-06-24 14:00:00,0,2.11,0,1.675532543,3.39,0,2.5,92.87
2024-06-24 14:30:00,0,2.11,0,1.712961668,3.39,0,2.5,92.87
2024-06-24 15:00:00,0,2.11,0,1.737019632,3.39,0,2.5,92.87
2024-06-24 15:30:00,0,2.11,0,1.779203315,3.39,0,2.5,92.87
2024-06-24 16:00:00,0,2.11,0,1.779509113,3.39,0,2.5,92.87
2024-06-24 16:30:00,0,2.11,0,1.728307872,3.39,0,2.5,92.87
2024-06-24 17:00:00,0,2.11,0,1.689656489,3.39,0,2.5,92.87
2024-06-24 17:30:00,0,2.11,0,1.726575174,3.39,0,2.5,92.87
2024-06-24 18:00:00,0,2.11,0,1.825640779,3.39,0,2.5,92.87
2024-06-24 18:30:00,0,2.11,0,1.894152026,3.39,0,2.5,92.87
2024-06-24 19:00:00,0,2.11,0,1.922520868,3.39,0,2.5,92.87
2024-06-24 19:30:00,0,2.11,0,1.846886197,3.39,0,2.5,92.87
2024-06-24 20:00:00,0,2.11,0,1.693928238,3.39,0,2.5,92.87
2024-06-24 20:30:00,0,2.11,0,1.530914793,3.39,0,2.5,92.87
2024-06-24 21:00:00,0,2.11,0,1.393548446,3.39,0,2.5,92.87
2024-06-24 21:30:00,0,2.11,0,1.314322379,3.39,0,2.5,92.87
2024-06-24 22:00:00,0,2.11,0,1.246230355,3.39,0,2.5,92.87
2024-06-24 22:30:00,0,2.11,0,1.18532596,3.39,0,2.5,92.87
2024-06-24 23:00:00,0,2.11,0,1.137144529,3.39,0,2.5,92.87
2024-06-24 23:30:00,0,2.11,0,1.102880724,3.39,0,2.5,92.87
2024-06-25 00:00:00,0,2.11,0,1.073528699,3.39,0,2.5,92.87
2024-06-25 00:30:00,0,2.11,0,1.049681185,3.39,0,2.5,92.87
2024-06-25 01:00:00,0,2.11,0,1.035980707,3.39,0,2.5,92.87
2024-06-25 01:30:00,0,2.11,0,1.022618852,3.39,0,2.5,92.87
2024-06-25 02:00:00,0,2.11,0,1.01693935,3.39,0,2.5,92.87
2024-06-25 02:30:00,0,2.11,0,1.018618154,3.39,0,2.5,92.87
2024-06-25 03:00:00,0,2.11,0,1.028006439,3.39,0,2.5,92.87
2024-06-25 03:30:00,0,2.11,0,1.094501604,3.39,0,2.5,92.87
2024-06-25 04:00:00,0,2.11,0,1.207171615,3.39,0,2.5,92.87
2024-06-25 04:30:00,0,2.11,0,1.25417115,3.39,0,2.5,92.87
2024-06-25 05:00:00,0,2.11,0,1.223210328,3.39,0,2.5,92.87
2024-06-25 05:30:00,0,2.11,0,1.202621517,3.39,0,2.5,92.87
2024-06-25 06:00:00,0,2.11,0,1.234128435,3.55,0,2.5,92.87
2024-06-25 06:30:00,0,2.11,0,1.256101138,3.55,0,2.5,92.87
2024-06-25 07:00:00,0,2.11,0,1.27592889,3.55,0,2.5,92.87
2024-06-25 07:30:00,0,2.11,0,1.27559464,3.55,0,2.5,92.87
2024-06-25 08:00:00,0,2.11,0,1.265465821,3.55,0,2.5,92.87
2024-06-25 08:30:00,0,2.11,0,1.252961266,3.55,0,2.5,92.87
2024-06-25 09:00:00,0,2.11,0,1.248111685,3.55,0,2.5,92.87
2024-06-25 09:30:00,0,2.11,0,1.291018954,3.55,0,2.5,92.87
2024-06-25 10:00:00,0,2.11,0,1.353504975,3.55,0,2.5,92.87
2024-06-25 10:30:00,0,2.11,0,1.404469841,3.55,0,2.5,92.87
2024-06-25 11:00:00,0,2.11,0,1.448527064,3.55,0,2.5,92.87
2024-06-25 11:30:00,0,2.11,0,1.486452652,3.55,0,2.5,92.87
2024-06-25 12:00:00,0,2.11,0,1.517194519,3.55,0,2.5,92.87
2024-06-25 12:30:00,0,2.11,0,1.543714143,3.55,0,2.5,92.87
2024-06-25 13:00:00,0,2.11,0,1.57845199,3.55,0,2.5,92.87
2024-06-25 13:30:00,0,2.11,0,1.619063289,3.55,0,2.5,92.87
2024-06-25 14:00:00,0,2.11,0,1.675532543,3.55,0,2.5,92.87
2024-06-25 14:30:00,0,2.11,0,1.712961668,3.55,0,2.5,92.87
2024-06-25 15:00:00,0,2.11,0,1.737019632,3.55,0,2.5,92.87
2024-06-25 15:30:00,0,2.11,0,1.779203315,3.55,0,2.5,92.87
2024-06-25 16:00:00,0,2.11,0,1.779509113,3.55,0,2.5,92.87
2024-06-25 16:30:00,0,2.11,0,1.728307872,3.55,0,2.5,92.87
2024-06-25 17:00:00,0,2.11,0,1.689656489,3.55,0,2.5,92.87
2024-06-25 17:30:00,0,2.11,0,1.726575174,3.55,0,2.5,92.87
2024-06-25 18:00:00,0,2.11,0,1.825640779,3.55,0,2.5,92.87
2024-06-25 18:30:00,0,2.11,0,1.894152026,3.55,0,2.5,92.87
2024-06-25 19:00:00,0,2.11,0,1.922520868,3.55,0,2.5,92.87
2024-06-25 19:30:00,0,2.11,0,1.846886197,3.55,0,2.5,92.87
2024-06-25 20:00:00,0,2.11,0,1.693928238,3.55,0,2.5,92.87
2024-06-25 20:30:00,0,2.11,0,1.530914793,3.55,0,2.5,92.87
2024-06-25 21:00:00,0,2.11,0,1.393548446,3.55,0,2.5,92.87
2024-06-25 21:30:00,0,2.11,0,1.314322379,3.55,0,2.5,92.87
2024-06-25 22:00:00,0,2.11,0,1.246230355,3.55,0,2.5,92.87
2024-06-25 22:30:00,0,2.11,0,1.18532596,3.55,0,2.5,92.87
2024-06-25 23:00:00,0,2.11,0,1.137144529,3.55,0,2.5,92.87
2024-06-25 23:30:00,0,2.11,0,1.102880724,3.55,0,2.5,92.87
2024-06-26 00:00:00,0,2.11,0,1.073528699,3.55,0,2.5,92.87
2024-06-26 00:30:00,0,2.11,0,1.049681185,3.55,0,2.5,92.87
2024-06-26 01:00:00,0,2.11,0,1.035980707,3.55,0,2.5,92.87
2024-06-26 01:30:00,0,2.11,0,1.022618852,3.55,0,2.5,92.87
2024-06-26 02:00:00,0,2.11,0,1.01693935,3.55,0,2.5,92.87
2024-06-26 02:30:00,0,2.11,0,1.018618154,3.55,0,2.5,92.87
2024-06-26 03:00:00,0,2.11,0,1.028006439,3.55,0,2.5,92.87
2024-06-26 03:30:00,0,2.11,0,1.094501604,3.55,0,2.5,92.87
2024-06-26 04:00:00,0,2.11,0,1.207171615,3.55,0,2.5,92.87
2024-06-26 04:30:00,0,2.11,0,1.25417115,3.55,0,2.5,92.87
2024-06-26 05:00:00,0,2.11,0,1.223210328,3.55,0,2.5,92.87
2024-06-26 05:30:00,0,2.11,0,1.202621517,3.55,0,2.5,92.87
2024-06-26 06:00:00,0,2.11,0,1.234128435,3.39,0,2.5,92.87
2024-06-26 06:30:00,0,2.11,0,1.256101138,3.39,0,2.5,92.87
2024-06-26 07:00:00,0,2.11,0,1.27592889,3.39,0,2.5,92.87
2024-06-26 07:30:00,0,2.11,0,1.27559464,3.39,0,2.5,92.87
2024-06-26 08:00:00,0,2.11,0,1.265465821,3.39,0,2.5,92.87
2024-06-26 08:30:00,0,2.11,0,1.252961266,3.39,0,2.5,92.87
2024-06-26 09:00:00,0,2.11,0,1.248111685,3.39,0,2.5,92.87
2024-06-26 09:30:00,0,2.11,0,1.291018954,3.39,0,2.5,92.87
2024-06-26 10:00:00,0,2.11,0,1.353504975,3.39,0,2.5,92.87
2024-06-26 10:30:00,0,2.11,0,1.404469841,3.39,0,2.5,92.87
2024-06-26 11:00:00,0,2.11,0,1.448527064,3.39,0,2.5,92.87
2024-06-26 11:30:00,0,2.11,0,1.486452652,3.39,0,2.5,92.87
2024-06-26 12:00:00,0,2.11,0,1.517194519,3.39,0,2.5,92.87
2024-06-26 12:30:00,0,2.11,0,1.543714143,3.39,0,2.5,92.87
2024-06-26 13:00:00,0,2.11,0,1.57845199,3.39,0,2.5,92.87
2024-06-26 13:30:00,0,2.11,0,1.619063289,3.39,0,2.5,92.87
2024-06-26 14:00:00,0,2.11,0,1.675532543,3.39,0,2.5,92.87
2024-06-26 14:30:00,0,2.11,0,1.712961668,3.39,0,2.5,92.87
2024-06-26 15:00:00,0,2.11,0,1.737019632,3.39,0,2.5,92.87
2024-06-26 15:30:00,0,2.11,0,1.779203315,3.39,0,2.5,92.87
2024-06-26 16:00:00,0,2.11,0,1.779509113,3.39,0,2.5,92.87
2024-06-26 16:30:00,0,2.11,0,1.728307872,3.39,0,2.5,92.87
2024-06-26 17:00:00,0,2.11,0,1.689656489,3.39,0,2.5,92.87
2024-06-26 17:30:00,0,2.11,0,1.726575174,3.39,0,2.5,92.87
2024-06-26 18:00:00,0,2.11,0,1.825640779,3.39,0,2.5,92.87
2024-06-26 18:30:00,0,2.11,0,1.894152026,3.39,0,2.5,92.87
2024-06-26 19:00:00,0,2.11,0,1.922520868,3.39,0,2.5,92.87
2024-06-26 19:30:00,0,2.11,0,1.846886197,3.39,0,2.5,92.87
2024-06-26 20:00:00,0,2.11,0,1.693928238,3.39,0,2.5,92.87
2024-06-26 20:30:00,0,2.11,0,1.530914793,3.39,0,2.5,92.87
2024-06-26 21:00:00,0,2.11,0,1.393548446,3.39,0,2.5,92.87
2024-06-26 21:30:00,0,2.11,0,1.314322379,3.39,0,2.5,92.87
2024-06-26 22:00:00,0,2.11,0,1.246230355,3.39,0,2.5,92.87
2024-06-26 22:30:00,0,2.11,0,1.18532596,3.39,0,2.5,92.87
2024-06-26 23:00:00,0,2.11,0,1.137144529,3.39,0,2.5,92.87
2024-06-26 23:30:00,0,2.11,0,1.102880724,3.39,0,2.5,92.87
2024-06-27 00:00:00,0,2.11,0,1.073528699,3.39,0,2.5,92.87
2024-06-27 00:30:00,0,2.11,0,1.049681185,3.39,0,2.5,92.87
2024-06-27 01:00:00,0,2.11,0,1.035980707,3.39,0,2.5,92.87
2024-06-27 01:30:00,0,2.11,0,1.022618852,3.39,0,2.5,92.87
2024-06-27 02:00:00,0,2.11,0,1.01693935,3.39,0,2.5,92.87
2024-06-27 02:30:00,0,2.11,0,1.018618154,3.39,0,2.5,92.87
2024-06-27 03:00:00,0,2.11,0,1.028006439,3.39,0,2.5,92.87
2024-06-27 03:30:00,0,2.11,0,1.094501604,3.39,0,2.5,92.87
2024-06-27 04:00:00,0,2.11,0,1.207171615,3.39,0,2.5,92.87
2024-06-27 04:30:00,0,2.11,0,1.25417115,3.39,0,2.5,92.87
2024-06-27 05:00:00,0,2.11,0,1.223210328,3.39,0,2.5,92.87
2024-06-27 05:30:00,0,2.11,0,1.202621517,3.39,0,2.5,92.87
2024-06-27 06:00:00,0,2.11,0,1.234128435,3.55,0,2.5,92.87
2024-06-27 06:30:00,0,2.11,0,1.256101138,3.55,0,2.5,92.87
2024-06-27 07:00:00,0,2.11,0,1.27592889,3.55,0,2.5,92.87
2024-06-27 07:30:00,0,2.11,0,1.27559464,3.55,0,2.5,92.87
2024-06-27 08:00:00,0,2.11,0,1.265465821,3.55,0,2.5,92.87
2024-06-27 08:30:00,0,2.11,0,1.252961266,3.55,0,2.5,92.87
2024-06-27 09:00:00,0,2.11,0,1.248111685,3.55,0,2.5,92.87
2024-06-27 09:30:00,0,2.11,0,1.291018954,3.55,0,2.5,92.87
2024-06-27 10:00:00,0,2.11,0,1.353504975,3.55,0,2.5,92.87
2024-06-27 10:30:00,0,2.11,0,1.404469841,3.55,0,2.5,92.87
2024-06-27 11:00:00,0,2.11,0,1.448527064,3.55,0,2.5,92.87
2024-06-27 11:30:00,0,2.11,0,1.486452652,3.55,0,2.5,92.87
2024-06-27 12:00:00,0,2.11,0,1.517194519,3.55,0,2.5,92.87
2024-06-27 12:30:00,0,2.11,0,1.543714143,3.55,0,2.5,92.87
2024-06-27 13:00:00,0,2.11,0,1.57845199,3.55,0,2.5,92.87
2024-06-27 13:30:00,0,2.11,0,1.619063289,3.55,0,2.5,92.87
2024-06-27 14:00:00,0,2.11,0,1.675532543,3.55,0,2.5,92.87
2024-06-27 14:30:00,0,2.11,0,1.712961668,3.55,0,2.5,92.87
2024-06-27 15:00:00,0,2.11,0,1.737019632,3.55,0,2.5,92.87
2024-06-27 15:30:00,0,2.11,0,1.779203315,3.55,0,2.5,92.87
2024-06-27 16:00:00,0,2.11,0,1.779509113,3.55,0,2.5,92.87
2024-06-27 16:30:00,0,2.11,0,1.728307872,3.55,0,2.5,92.87
2024-06-27 17:00:00,0,2.11,0,1.689656489,3.55,0,2.5,92.87
2024-06-27 17:30:00,0,2.11,0,1.726575174,3.55,0,2.5,92.87
2024-06-27 18:00:00,0,2.11,0,1.825640779,3.55,0,2.5,92.87
2024-06-27 18:30:00,0,2.11,0,1.894152026,3.55,0,2.5,92.87
2024-06-27 19:00:00,0,2.11,0,1.922520868,3.55,0,2.5,92.87
2024-06-27 19:30:00,0,2.11,0,1.846886197,3.55,0,2.5,92.87
2024-06-27 20:00:00,0,2.11,0,1.693928238,3.55,0,2.5,92.87
2024-06-27 20:30:00,0,2.11,0,1.530914793,3.55,0,2.5,92.87
2024-06-27 21:00:00,0,2.11,0,1.393548446,3.55,0,2.5,92.87
2024-06-27 21:30:00,0,2.11,0,1.314322379,3.55,0,2.5,92.87
2024-06-27 22:00:00,0,2.11,0,1.246230355,3.55,0,2.5,92.87
2024-06-27 22:30:00,0,2.11,0,1.18532596,3.55,0,2.5,92.87
2024-06-27 23:00:00,0,2.11,0,1.137144529,3.55,0,2.5,92.87
2024-06-27 23:30:00,0,2.11,0,1.102880724,3.55,0,2.5,92.87
2024-06-28 00:00:00,0,2.11,0,1.073528699,3.55,0,2.5,92.87
2024-06-28 00:30:00,0,2.11,0,1.049681185,3.55,0,2.5,92.87
2024-06-28 01:00:00,0,2.11,0,1.035980707,3.55,0,2.5,92.87
2024-06-28 01:30:00,0,2.11,0,1.022618852,3.55,0,2.5,92.87
2024-06-28 02:00:00,0,2.11,0,1.01693935,3.55,0,2.5,92.87
2024-06-28 02:30:00,0,2.11,0,1.018618154,3.55,0,2.5,92.87
2024-06-28 03:00:00,0,2.11,0,1.028006439,3.55,0,2.5,92.87
2024-06-28 03:30:00,0,2.11,0,1.094501604,3.55,0,2.5,92.87
2024-06-28 04:00:00,0,2.11,0,1.207171615,3.55,0,2.5,92.87
2024-06-28 04:30:00,0,2.11,0,1.25417115,3.55,0,2.5,92.87
2024-06-28 05:00:00,0,2.11,0,1.223210328,3.55,0,2.5,92.87
2024-06-28 05:30:00,0,2.11,0,1.202621517,3.55,0,2.5,92.87
2024-06-28 06:00:00,0,2.11,0,1.234128435,3.67,0,2.5,92.87
2024-06-28 06:30:00,0,2.11,0,1.256101138,3.67,0,2.5,92.87
2024-06-28 07:00:00,0,2.11,0,1.27592889,3.67,0,2.5,92.87
2024-06-28 07:30:00,0,2.11,0,1.27559464,3.67,0,2.5,92.87
2024-06-28 08:00:00,0,2.11,0,1.265465821,3.67,0,2.5,92.87
2024-06-28 08:30:00,0,2.11,0,1.252961266,3.67,0,2.5,92.87
2024-06-28 09:00:00,0,2.11,0,1.248111685,3.67,0,2.5,92.87
2024-06-28 09:30:00,0,2.11,0,1.291018954,3.67,0,2.5,92.87
2024-06-28 10:00:00,0,2.11,0,1.353504975,3.67,0,2.5,92.87
2024-06-28 10:30:00,0,2.11,0,1.404469841,3.67,0,2.5,92.87
2024-06-28 11:00:00,0,2.11,0,1.448527064,3.67,0,2.5,92.87
2024-06-28 11:30:00,0,2.11,0,1.486452652,3.67,0,2.5,92.87
2024-06-28 12:00:00,0,2.11,0,1.517194519,3.67,0,2.5,92.87
2024-06-28 12:30:00,0,2.11,0,1.543714143,3.67,0,2.5,92.87
2024-06-28 13:00:00,0,2.11,0,1.57845199,3.67,0,2.5,92.87
2024-06-28 13:30:00,0,2.11,0,1.619063289,3.67,0,2.5,92.87
2024-06-28 14:00:00,0,2.11,0,1.675532543,3.67,0,2.5,92.87
2024-06-28 14:30:00,0,2.11,0,1.712961668,3.67,0,2.5,92.87
2024-06-28 15:00:00,0,2.11,0,1.737019632,3.67,0,2.5,92.87
2024-06-28 15:30:00,0,2.11,0,1.779203315,3.67,0,2.5,92.87
2024-06-28 16:00:00,0,2.11,0,1.779509113,3.67,0,2.5,92.87
2024-06-28 16:30:00,0,2.11,0,1.728307872,3.67,0,2.5,92.87
2024-06-28 17:00:00,0,2.11,0,1.689656489,3.67,0,2.5,92.87
2024-06-28 17:30:00,0,2.11,0,1.726575174,3.67,0,2.5,92.87
2024-06-28 18:00:00,0,2.11,0,1.825640779,3.67,0,2.5,92.87
2024-06-28 18:30:00,0,2.11,0,1.894152026,3.67,0,2.5,92.87
2024-06-28 19:00:00,0,2.11,0,1.922520868,3.67,0,2.5,92.87
2024-06-28 19:30:00,0,2.11,0,1.846886197,3.67,0,2.5,92.87
2024-06-28 20:00:00,0,2.11,0,1.693928238,3.67,0,2.5,92.87
2024-06-28 20:30:00,0,2.11,0,1.530914793,3.67,0,2.5,92.87
2024-06-28 21:00:00,0,2.11,0,1.393548446,3.67,0,2.5,92.87
2024-06-28 21:30:00,0,2.11,0,1.314322379,3.67,0,2.5,92.87
2024-06-28 22:00:00,0,2.11,0,1.246230355,3.67,0,2.5,92.87
2024-06-28 22:30:00,0,2.11,0,1.18532596,3.67,0,2.5,92.87
2024-06-28 23:00:00,0,2.11,0,1.137144529,3.67,0,2.5,92.87
2024-06-28 23:30:00,0,2.11,0,1.102880724,3.67,0,2.5,92.87
2024-06-29 00:00:00,0,2.11,0,1.073528699,3.67,0,2.5,92.87
2024-06-29 00:30:00,0,2.11,0,1.049681185,3.67,0,2.5,92.87
2024-06-29 01:00:00,0,2.11,0,1.035980707,3.67,0,2.5,92.87
2024-06-29 01:30:00,0,2.11,0,1.022618852,3.67,0,2.5,92.87
2024-06-29 02:00:00,0,2.11,0,1.01693935,3.67,0,2.5,92.87
2024-06-29 02:30:00,0,2.11,0,1.018618154,3.67,0,2.5,92.87
2024-06-29 03:00:00,0,2.11,0,1.028006439,3.67,0,2.5,92.87
2024-06-29 03:30:00,0,2.11,0,1.094501604,3.67,0,2.5,92.87
2024-06-29 04:00:00,0,2.11,0,1.207171615,3.67,0,2.5,92.87
2024-06-29 04:30:00,0,2.11,0,1.25417115,3.67,0,2.5,92.87
2024-06-29 05:00:00,0,2.11,0,1.223210328,3.67,0,2.5,92.87
2024-06-29 05:30:00,0,2.11,0,1.202621517,3.67,0,2.5,92.87
2024-06-29 06:00:00,0,2.11,0,1.234128435,3.55,0,2.5,92.87
