DateTime,bus,p_set
2024-04-25 06:00:00,IB GF,0.0
2024-04-25 06:00:00,IB NPI,2.5
2024-04-25 06:00:00,IB OPF,64.18
2024-04-25 06:00:00,SM FT OPF,0.0
2024-04-25 06:00:00,SM GF,2.11
2024-04-25 06:00:00,SM KV OPF,0.0
2024-04-25 06:00:00,SM NPI,1.551475746
2024-04-25 06:00:00,SM TLO,4.22
2024-04-25 06:30:00,IB GF,0.0
2024-04-25 06:30:00,IB NPI,2.5
2024-04-25 06:30:00,IB OPF,64.18
2024-04-25 06:30:00,SM FT OPF,0.0
2024-04-25 06:30:00,SM GF,2.11
2024-04-25 06:30:00,SM KV OPF,0.0
2024-04-25 06:30:00,SM NPI,1.579098574
2024-04-25 06:30:00,SM TLO,4.22
2024-04-25 07:00:00,IB GF,0.0
2024-04-25 07:00:00,IB NPI,2.5
2024-04-25 07:00:00,IB OPF,64.18
2024-04-25 07:00:00,SM FT OPF,0.0
2024-04-25 07:00:00,SM GF,2.11
2024-04-25 07:00:00,SM KV OPF,0.0
2024-04-25 07:00:00,SM NPI,1.604024891
2024-04-25 07:00:00,SM TLO,4.22
2024-04-25 07:30:00,IB GF,0.0
2024-04-25 07:30:00,IB NPI,2.5
2024-04-25 07:30:00,IB OPF,64.18
2024-04-25 07:30:00,SM FT OPF,0.0
2024-04-25 07:30:00,SM GF,2.11
2024-04-25 07:30:00,SM KV OPF,0.0
2024-04-25 07:30:00,SM NPI,1.60360469
2024-04-25 07:30:00,SM TLO,4.22
2024-04-25 08:00:00,IB GF,0.0
2024-04-25 08:00:00,IB NPI,2.5
2024-04-25 08:00:00,IB OPF,64.18
2024-04-25 08:00:00,SM FT OPF,0.0
2024-04-25 08:00:00,SM GF,2.11
2024-04-25 08:00:00,SM KV OPF,0.0
2024-04-25 08:00:00,SM NPI,1.590871318
2024-04-25 08:00:00,SM TLO,3.06
2024-04-25 08:30:00,IB GF,0.0
2024-04-25 08:30:00,IB NPI,2.5
2024-04-25 08:30:00,IB OPF,64.18
2024-04-25 08:30:00,SM FT OPF,0.0
2024-04-25 08:30:00,SM GF,2.11
2024-04-25 08:30:00,SM KV OPF,0.0
2024-04-25 08:30:00,SM NPI,1.575151306
2024-04-25 08:30:00,SM TLO,3.06
2024-04-25 09:00:00,IB GF,0.0
2024-04-25 09:00:00,IB NPI,2.5
2024-04-25 09:00:00,IB OPF,64.18
2024-04-25 09:00:00,SM FT OPF,0.0
2024-04-25 09:00:00,SM GF,2.11
2024-04-25 09:00:00,SM KV OPF,0.0
2024-04-25 09:00:00,SM NPI,1.569054689
2024-04-25 09:00:00,SM TLO,4.18
2024-04-25 09:30:00,IB GF,0.0
2024-04-25 09:30:00,IB NPI,2.5
2024-04-25 09:30:00,IB OPF,64.18
2024-04-25 09:30:00,SM FT OPF,0.0
2024-04-25 09:30:00,SM GF,2.11
2024-04-25 09:30:00,SM KV OPF,0.0
2024-04-25 09:30:00,SM NPI,1.622995257
2024-04-25 09:30:00,SM TLO,4.18
2024-04-25 10:00:00,IB GF,0.0
2024-04-25 10:00:00,IB NPI,2.5
2024-04-25 10:00:00,IB OPF,64.18
2024-04-25 10:00:00,SM FT OPF,0.0
2024-04-25 10:00:00,SM GF,2.11
2024-04-25 10:00:00,SM KV OPF,0.0
2024-04-25 10:00:00,SM NPI,1.701549111
2024-04-25 10:00:00,SM TLO,4.18
2024-04-25 10:30:00,IB GF,0.0
2024-04-25 10:30:00,IB NPI,2.5
2024-04-25 10:30:00,IB OPF,64.18
2024-04-25 10:30:00,SM FT OPF,0.0
2024-04-25 10:30:00,SM GF,2.11
2024-04-25 10:30:00,SM KV OPF,0.0
2024-04-25 10:30:00,SM NPI,1.765619228
2024-04-25 10:30:00,SM TLO,4.18
2024-04-25 11:00:00,IB GF,0.0
2024-04-25 11:00:00,IB NPI,2.5
2024-04-25 11:00:00,IB OPF,64.18
2024-04-25 11:00:00,SM FT OPF,0.0
2024-04-25 11:00:00,SM GF,2.11
2024-04-25 11:00:00,SM KV OPF,0.0
2024-04-25 11:00:00,SM NPI,1.821005452
2024-04-25 11:00:00,SM TLO,3.13
2024-04-25 11:30:00,IB GF,0.0
2024-04-25 11:30:00,IB NPI,2.5
2024-04-25 11:30:00,IB OPF,64.18
2024-04-25 11:30:00,SM FT OPF,0.0
2024-04-25 11:30:00,SM GF,2.11
2024-04-25 11:30:00,SM KV OPF,0.0
2024-04-25 11:30:00,SM NPI,1.868683334
2024-04-25 11:30:00,SM TLO,3.13
2024-04-25 12:00:00,IB GF,0.0
2024-04-25 12:00:00,IB NPI,2.5
2024-04-25 12:00:00,IB OPF,64.18
2024-04-25 12:00:00,SM FT OPF,0.0
2024-04-25 12:00:00,SM GF,2.11
2024-04-25 12:00:00,SM KV OPF,0.0
2024-04-25 12:00:00,SM NPI,1.907330252
2024-04-25 12:00:00,SM TLO,2.47
2024-04-25 12:30:00,IB GF,0.0
2024-04-25 12:30:00,IB NPI,2.5
2024-04-25 12:30:00,IB OPF,64.18
2024-04-25 12:30:00,SM FT OPF,0.0
2024-04-25 12:30:00,SM GF,2.11
2024-04-25 12:30:00,SM KV OPF,0.0
2024-04-25 12:30:00,SM NPI,1.940669208
2024-04-25 12:30:00,SM TLO,2.47
2024-04-25 13:00:00,IB GF,0.0
2024-04-25 13:00:00,IB NPI,2.5
2024-04-25 13:00:00,IB OPF,64.18
2024-04-25 13:00:00,SM FT OPF,0.0
2024-04-25 13:00:00,SM GF,2.11
2024-04-25 13:00:00,SM KV OPF,0.0
2024-04-25 13:00:00,SM NPI,1.984339645
2024-04-25 13:00:00,SM TLO,2.7
2024-04-25 13:30:00,IB GF,0.0
2024-04-25 13:30:00,IB NPI,2.5
2024-04-25 13:30:00,IB OPF,64.18
2024-04-25 13:30:00,SM FT OPF,0.0
2024-04-25 13:30:00,SM GF,2.11
2024-04-25 13:30:00,SM KV OPF,0.0
2024-04-25 13:30:00,SM NPI,2.035393849
2024-04-25 13:30:00,SM TLO,2.7
2024-04-25 14:00:00,IB GF,0.0
2024-04-25 14:00:00,IB NPI,2.5
2024-04-25 14:00:00,IB OPF,64.18
2024-04-25 14:00:00,SM FT OPF,0.0
2024-04-25 14:00:00,SM GF,2.11
2024-04-25 14:00:00,SM KV OPF,0.0
2024-04-25 14:00:00,SM NPI,2.106383768
2024-04-25 14:00:00,SM TLO,2.7
2024-04-25 14:30:00,IB GF,0.0
2024-04-25 14:30:00,IB NPI,2.5
2024-04-25 14:30:00,IB OPF,64.18
2024-04-25 14:30:00,SM FT OPF,0.0
2024-04-25 14:30:00,SM GF,2.11
2024-04-25 14:30:00,SM KV OPF,0.0
2024-04-25 14:30:00,SM NPI,2.153437526
2024-04-25 14:30:00,SM TLO,2.7
2024-04-25 15:00:00,IB GF,0.0
2024-04-25 15:00:00,IB NPI,2.5
2024-04-25 15:00:00,IB OPF,64.18
2024-04-25 15:00:00,SM FT OPF,0.0
2024-04-25 15:00:00,SM GF,2.11
2024-04-25 15:00:00,SM KV OPF,0.0
2024-04-25 15:00:00,SM NPI,2.183681823
2024-04-25 15:00:00,SM TLO,2.7
2024-04-25 15:30:00,IB GF,0.0
2024-04-25 15:30:00,IB NPI,2.5
2024-04-25 15:30:00,IB OPF,64.18
2024-04-25 15:30:00,SM FT OPF,0.0
2024-04-25 15:30:00,SM GF,2.11
2024-04-25 15:30:00,SM KV OPF,0.0
2024-04-25 15:30:00,SM NPI,2.236712739
2024-04-25 15:30:00,SM TLO,2.7
2024-04-25 16:00:00,IB GF,0.0
2024-04-25 16:00:00,IB NPI,2.5
2024-04-25 16:00:00,IB OPF,64.18
2024-04-25 16:00:00,SM FT OPF,0.0
2024-04-25 16:00:00,SM GF,2.11
2024-04-25 16:00:00,SM KV OPF,0.0
2024-04-25 16:00:00,SM NPI,2.237097171
2024-04-25 16:00:00,SM TLO,2.7
2024-04-25 16:30:00,IB GF,0.0
2024-04-25 16:30:00,IB NPI,2.5
2024-04-25 16:30:00,IB OPF,64.18
2024-04-25 16:30:00,SM FT OPF,0.0
2024-04-25 16:30:00,SM GF,2.11
2024-04-25 16:30:00,SM KV OPF,0.0
2024-04-25 16:30:00,SM NPI,2.172729896
2024-04-25 16:30:00,SM TLO,2.7
2024-04-25 17:00:00,IB GF,0.0
2024-04-25 17:00:00,IB NPI,2.5
2024-04-25 17:00:00,IB OPF,64.18
2024-04-25 17:00:00,SM FT OPF,0.0
2024-04-25 17:00:00,SM GF,2.11
2024-04-25 17:00:00,SM KV OPF,0.0
2024-04-25 17:00:00,SM NPI,2.124139586
2024-04-25 17:00:00,SM TLO,2.7
2024-04-25 17:30:00,IB GF,0.0
2024-04-25 17:30:00,IB NPI,2.5
2024-04-25 17:30:00,IB OPF,64.18
2024-04-25 17:30:00,SM FT OPF,0.0
2024-04-25 17:30:00,SM GF,2.11
2024-04-25 17:30:00,SM KV OPF,0.0
2024-04-25 17:30:00,SM NPI,2.170551648
2024-04-25 17:30:00,SM TLO,2.7
2024-04-25 18:00:00,IB GF,0.0
2024-04-25 18:00:00,IB NPI,2.5
2024-04-25 18:00:00,IB OPF,64.18
2024-04-25 18:00:00,SM FT OPF,0.0
2024-04-25 18:00:00,SM GF,2.11
2024-04-25 18:00:00,SM KV OPF,0.0
2024-04-25 18:00:00,SM NPI,2.295091265
2024-04-25 18:00:00,SM TLO,2.58
2024-04-25 18:30:00,IB GF,0.0
2024-04-25 18:30:00,IB NPI,2.5
2024-04-25 18:30:00,IB OPF,64.18
2024-04-25 18:30:00,SM FT OPF,0.0
2024-04-25 18:30:00,SM GF,2.11
2024-04-25 18:30:00,SM KV OPF,0.0
2024-04-25 18:30:00,SM NPI,2.381219689
2024-04-25 18:30:00,SM TLO,2.58
2024-04-25 19:00:00,IB GF,0.0
2024-04-25 19:00:00,IB NPI,2.5
2024-04-25 19:00:00,IB OPF,64.18
2024-04-25 19:00:00,SM FT OPF,0.0
2024-04-25 19:00:00,SM GF,2.11
2024-04-25 19:00:00,SM KV OPF,0.0
2024-04-25 19:00:00,SM NPI,2.416883376
2024-04-25 19:00:00,SM TLO,3.58
2024-04-25 19:30:00,IB GF,0.0
2024-04-25 19:30:00,IB NPI,2.5
2024-04-25 19:30:00,IB OPF,64.18
2024-04-25 19:30:00,SM FT OPF,0.0
2024-04-25 19:30:00,SM GF,2.11
2024-04-25 19:30:00,SM KV OPF,0.0
2024-04-25 19:30:00,SM NPI,2.321799791
2024-04-25 19:30:00,SM TLO,3.58
2024-04-25 20:00:00,IB GF,0.0
2024-04-25 20:00:00,IB NPI,2.5
2024-04-25 20:00:00,IB OPF,64.18
2024-04-25 20:00:00,SM FT OPF,0.0
2024-04-25 20:00:00,SM GF,2.11
2024-04-25 20:00:00,SM KV OPF,0.0
2024-04-25 20:00:00,SM NPI,2.129509785
2024-04-25 20:00:00,SM TLO,3.92
2024-04-25 20:30:00,IB GF,0.0
2024-04-25 20:30:00,IB NPI,2.5
2024-04-25 20:30:00,IB OPF,64.18
2024-04-25 20:30:00,SM FT OPF,0.0
2024-04-25 20:30:00,SM GF,2.11
2024-04-25 20:30:00,SM KV OPF,0.0
2024-04-25 20:30:00,SM NPI,1.924578597
2024-04-25 20:30:00,SM TLO,3.92
2024-04-25 21:00:00,IB GF,0.0
2024-04-25 21:00:00,IB NPI,2.5
2024-04-25 21:00:00,IB OPF,64.18
2024-04-25 21:00:00,SM FT OPF,0.0
2024-04-25 21:00:00,SM GF,2.11
2024-04-25 21:00:00,SM KV OPF,0.0
2024-04-25 21:00:00,SM NPI,1.751889474
2024-04-25 21:00:00,SM TLO,3.92
2024-04-25 21:30:00,IB GF,0.0
2024-04-25 21:30:00,IB NPI,2.5
2024-04-25 21:30:00,IB OPF,64.18
2024-04-25 21:30:00,SM FT OPF,0.0
2024-04-25 21:30:00,SM GF,2.11
2024-04-25 21:30:00,SM KV OPF,0.0
2024-04-25 21:30:00,SM NPI,1.652290991
2024-04-25 21:30:00,SM TLO,3.92
2024-04-25 22:00:00,IB GF,0.0
2024-04-25 22:00:00,IB NPI,2.5
2024-04-25 22:00:00,IB OPF,64.18
2024-04-25 22:00:00,SM FT OPF,0.0
2024-04-25 22:00:00,SM GF,2.11
2024-04-25 22:00:00,SM KV OPF,0.0
2024-04-25 22:00:00,SM NPI,1.56668959
2024-04-25 22:00:00,SM TLO,2.19
2024-04-25 22:30:00,IB GF,0.0
2024-04-25 22:30:00,IB NPI,2.5
2024-04-25 22:30:00,IB OPF,64.18
2024-04-25 22:30:00,SM FT OPF,0.0
2024-04-25 22:30:00,SM GF,2.11
2024-04-25 22:30:00,SM KV OPF,0.0
2024-04-25 22:30:00,SM NPI,1.490124064
2024-04-25 22:30:00,SM TLO,2.19
2024-04-25 23:00:00,IB GF,0.0
2024-04-25 23:00:00,IB NPI,2.5
2024-04-25 23:00:00,IB OPF,64.18
2024-04-25 23:00:00,SM FT OPF,0.0
2024-04-25 23:00:00,SM GF,2.11
2024-04-25 23:00:00,SM KV OPF,0.0
2024-04-25 23:00:00,SM NPI,1.429553122
2024-04-25 23:00:00,SM TLO,3.72
2024-04-25 23:30:00,IB GF,0.0
2024-04-25 23:30:00,IB NPI,2.5
2024-04-25 23:30:00,IB OPF,64.18
2024-04-25 23:30:00,SM FT OPF,0.0
2024-04-25 23:30:00,SM GF,2.11
2024-04-25 23:30:00,SM KV OPF,0.0
2024-04-25 23:30:00,SM NPI,1.386478625
2024-04-25 23:30:00,SM TLO,3.72
2024-04-26 00:00:00,IB GF,0.0
2024-04-26 00:00:00,IB NPI,2.5
2024-04-26 00:00:00,IB OPF,64.18
2024-04-26 00:00:00,SM FT OPF,0.0
2024-04-26 00:00:00,SM GF,2.11
2024-04-26 00:00:00,SM KV OPF,0.0
2024-04-26 00:00:00,SM NPI,1.341910873
2024-04-26 00:00:00,SM TLO,3.82
2024-04-26 00:30:00,IB GF,0.0
2024-04-26 00:30:00,IB NPI,2.5
2024-04-26 00:30:00,IB OPF,64.18
2024-04-26 00:30:00,SM FT OPF,0.0
2024-04-26 00:30:00,SM GF,2.11
2024-04-26 00:30:00,SM KV OPF,0.0
2024-04-26 00:30:00,SM NPI,1.312101481
2024-04-26 00:30:00,SM TLO,3.82
2024-04-26 01:00:00,IB GF,0.0
2024-04-26 01:00:00,IB NPI,2.5
2024-04-26 01:00:00,IB OPF,64.18
2024-04-26 01:00:00,SM FT OPF,0.0
2024-04-26 01:00:00,SM GF,2.11
2024-04-26 01:00:00,SM KV OPF,0.0
2024-04-26 01:00:00,SM NPI,1.294975884
2024-04-26 01:00:00,SM TLO,3.82
2024-04-26 01:30:00,IB GF,0.0
2024-04-26 01:30:00,IB NPI,2.5
2024-04-26 01:30:00,IB OPF,64.18
2024-04-26 01:30:00,SM FT OPF,0.0
2024-04-26 01:30:00,SM GF,2.11
2024-04-26 01:30:00,SM KV OPF,0.0
2024-04-26 01:30:00,SM NPI,1.278273566
2024-04-26 01:30:00,SM TLO,3.82
2024-04-26 02:00:00,IB GF,0.0
2024-04-26 02:00:00,IB NPI,2.5
2024-04-26 02:00:00,IB OPF,64.18
2024-04-26 02:00:00,SM FT OPF,0.0
2024-04-26 02:00:00,SM GF,2.11
2024-04-26 02:00:00,SM KV OPF,0.0
2024-04-26 02:00:00,SM NPI,1.271174187
2024-04-26 02:00:00,SM TLO,3.74
2024-04-26 02:30:00,IB GF,0.0
2024-04-26 02:30:00,IB NPI,2.5
2024-04-26 02:30:00,IB OPF,64.18
2024-04-26 02:30:00,SM FT OPF,0.0
2024-04-26 02:30:00,SM GF,2.11
2024-04-26 02:30:00,SM KV OPF,0.0
2024-04-26 02:30:00,SM NPI,1.273272693
2024-04-26 02:30:00,SM TLO,3.74
2024-04-26 03:00:00,IB GF,0.0
2024-04-26 03:00:00,IB NPI,2.5
2024-04-26 03:00:00,IB OPF,64.18
2024-04-26 03:00:00,SM FT OPF,0.0
2024-04-26 03:00:00,SM GF,2.11
2024-04-26 03:00:00,SM KV OPF,0.0
2024-04-26 03:00:00,SM NPI,1.285008049
2024-04-26 03:00:00,SM TLO,3.91
2024-04-26 03:30:00,IB GF,0.0
2024-04-26 03:30:00,IB NPI,2.5
2024-04-26 03:30:00,IB OPF,64.18
2024-04-26 03:30:00,SM FT OPF,0.0
2024-04-26 03:30:00,SM GF,2.11
2024-04-26 03:30:00,SM KV OPF,0.0
2024-04-26 03:30:00,SM NPI,1.368127005
2024-04-26 03:30:00,SM TLO,3.91
2024-04-26 04:00:00,IB GF,0.0
2024-04-26 04:00:00,IB NPI,2.5
2024-04-26 04:00:00,IB OPF,64.18
2024-04-26 04:00:00,SM FT OPF,0.0
2024-04-26 04:00:00,SM GF,2.11
2024-04-26 04:00:00,SM KV OPF,0.0
2024-04-26 04:00:00,SM NPI,1.508964519
2024-04-26 04:00:00,SM TLO,3.91
2024-04-26 04:30:00,IB GF,0.0
2024-04-26 04:30:00,IB NPI,2.5
2024-04-26 04:30:00,IB OPF,64.18
2024-04-26 04:30:00,SM FT OPF,0.0
2024-04-26 04:30:00,SM GF,2.11
2024-04-26 04:30:00,SM KV OPF,0.0
2024-04-26 04:30:00,SM NPI,1.567713938
2024-04-26 04:30:00,SM TLO,3.91
2024-04-26 05:00:00,IB GF,0.0
2024-04-26 05:00:00,IB NPI,2.5
2024-04-26 05:00:00,IB OPF,64.18
2024-04-26 05:00:00,SM FT OPF,0.0
2024-04-26 05:00:00,SM GF,2.11
2024-04-26 05:00:00,SM KV OPF,0.0
2024-04-26 05:00:00,SM NPI,1.52901291
2024-04-26 05:00:00,SM TLO,3.57
2024-04-26 05:30:00,IB GF,0.0
2024-04-26 05:30:00,IB NPI,2.5
2024-04-26 05:30:00,IB OPF,64.18
2024-04-26 05:30:00,SM FT OPF,0.0
2024-04-26 05:30:00,SM GF,2.11
2024-04-26 05:30:00,SM KV OPF,0.0
2024-04-26 05:30:00,SM NPI,1.503276896
2024-04-26 05:30:00,SM TLO,3.57
2024-04-26 06:00:00,IB GF,0.0
2024-04-26 06:00:00,IB NPI,2.5
2024-04-26 06:00:00,IB OPF,64.18
2024-04-26 06:00:00,SM FT OPF,0.0
2024-04-26 06:00:00,SM GF,2.11
2024-04-26 06:00:00,SM KV OPF,0.0
2024-04-26 06:00:00,SM NPI,1.542660543
2024-04-26 06:00:00,SM TLO,3.91
2024-04-26 06:30:00,IB GF,0.0
2024-04-26 06:30:00,IB NPI,2.5
2024-04-26 06:30:00,IB OPF,64.18
2024-04-26 06:30:00,SM FT OPF,0.0
2024-04-26 06:30:00,SM GF,2.11
2024-04-26 06:30:00,SM KV OPF,0.0
2024-04-26 06:30:00,SM NPI,1.570126423
2024-04-26 06:30:00,SM TLO,3.91
2024-04-26 07:00:00,IB GF,0.0
2024-04-26 07:00:00,IB NPI,2.5
2024-04-26 07:00:00,IB OPF,64.18
2024-04-26 07:00:00,SM FT OPF,0.0
2024-04-26 07:00:00,SM GF,2.11
2024-04-26 07:00:00,SM KV OPF,0.0
2024-04-26 07:00:00,SM NPI,1.594911113
2024-04-26 07:00:00,SM TLO,3.91
2024-04-26 07:30:00,IB GF,0.0
2024-04-26 07:30:00,IB NPI,2.5
2024-04-26 07:30:00,IB OPF,64.18
2024-04-26 07:30:00,SM FT OPF,0.0
2024-04-26 07:30:00,SM GF,2.11
2024-04-26 07:30:00,SM KV OPF,0.0
2024-04-26 07:30:00,SM NPI,1.5944933
2024-04-26 07:30:00,SM TLO,3.91
2024-04-26 08:00:00,IB GF,0.0
2024-04-26 08:00:00,IB NPI,2.5
2024-04-26 08:00:00,IB OPF,64.18
2024-04-26 08:00:00,SM FT OPF,0.0
2024-04-26 08:00:00,SM GF,2.11
2024-04-26 08:00:00,SM KV OPF,0.0
2024-04-26 08:00:00,SM NPI,1.581832277
2024-04-26 08:00:00,SM TLO,3.72
2024-04-26 08:30:00,IB GF,0.0
2024-04-26 08:30:00,IB NPI,2.5
2024-04-26 08:30:00,IB OPF,64.18
2024-04-26 08:30:00,SM FT OPF,0.0
2024-04-26 08:30:00,SM GF,2.11
2024-04-26 08:30:00,SM KV OPF,0.0
2024-04-26 08:30:00,SM NPI,1.566201582
2024-04-26 08:30:00,SM TLO,3.72
2024-04-26 09:00:00,IB GF,0.0
2024-04-26 09:00:00,IB NPI,2.5
2024-04-26 09:00:00,IB OPF,64.18
2024-04-26 09:00:00,SM FT OPF,0.0
2024-04-26 09:00:00,SM GF,2.11
2024-04-26 09:00:00,SM KV OPF,0.0
2024-04-26 09:00:00,SM NPI,1.560139606
2024-04-26 09:00:00,SM TLO,3.91
2024-04-26 09:30:00,IB GF,0.0
2024-04-26 09:30:00,IB NPI,2.5
2024-04-26 09:30:00,IB OPF,64.18
2024-04-26 09:30:00,SM FT OPF,0.0
2024-04-26 09:30:00,SM GF,2.11
2024-04-26 09:30:00,SM KV OPF,0.0
2024-04-26 09:30:00,SM NPI,1.613773693
2024-04-26 09:30:00,SM TLO,3.91
2024-04-26 10:00:00,IB GF,0.0
2024-04-26 10:00:00,IB NPI,2.5
2024-04-26 10:00:00,IB OPF,64.18
2024-04-26 10:00:00,SM FT OPF,0.0
2024-04-26 10:00:00,SM GF,2.11
2024-04-26 10:00:00,SM KV OPF,0.0
2024-04-26 10:00:00,SM NPI,1.691881218
2024-04-26 10:00:00,SM TLO,3.91
2024-04-26 10:30:00,IB GF,0.0
2024-04-26 10:30:00,IB NPI,2.5
2024-04-26 10:30:00,IB OPF,64.18
2024-04-26 10:30:00,SM FT OPF,0.0
2024-04-26 10:30:00,SM GF,2.11
2024-04-26 10:30:00,SM KV OPF,0.0
2024-04-26 10:30:00,SM NPI,1.755587301
2024-04-26 10:30:00,SM TLO,3.91
2024-04-26 11:00:00,IB GF,0.0
2024-04-26 11:00:00,IB NPI,2.5
2024-04-26 11:00:00,IB OPF,64.18
2024-04-26 11:00:00,SM FT OPF,0.0
2024-04-26 11:00:00,SM GF,2.11
2024-04-26 11:00:00,SM KV OPF,0.0
2024-04-26 11:00:00,SM NPI,1.810658831
2024-04-26 11:00:00,SM TLO,3.87
2024-04-26 11:30:00,IB GF,0.0
2024-04-26 11:30:00,IB NPI,2.5
2024-04-26 11:30:00,IB OPF,64.18
2024-04-26 11:30:00,SM FT OPF,0.0
2024-04-26 11:30:00,SM GF,2.11
2024-04-26 11:30:00,SM KV OPF,0.0
2024-04-26 11:30:00,SM NPI,1.858065815
2024-04-26 11:30:00,SM TLO,3.87
2024-04-26 12:00:00,IB GF,0.0
2024-04-26 12:00:00,IB NPI,2.5
2024-04-26 12:00:00,IB OPF,64.18
2024-04-26 12:00:00,SM FT OPF,0.0
2024-04-26 12:00:00,SM GF,2.11
2024-04-26 12:00:00,SM KV OPF,0.0
2024-04-26 12:00:00,SM NPI,1.896493149
2024-04-26 12:00:00,SM TLO,3.91
2024-04-26 12:30:00,IB GF,0.0
2024-04-26 12:30:00,IB NPI,2.5
2024-04-26 12:30:00,IB OPF,64.18
2024-04-26 12:30:00,SM FT OPF,0.0
2024-04-26 12:30:00,SM GF,2.11
2024-04-26 12:30:00,SM KV OPF,0.0
2024-04-26 12:30:00,SM NPI,1.929642678
2024-04-26 12:30:00,SM TLO,3.91
2024-04-26 13:00:00,IB GF,0.0
2024-04-26 13:00:00,IB NPI,2.5
2024-04-26 13:00:00,IB OPF,64.18
2024-04-26 13:00:00,SM FT OPF,0.0
2024-04-26 13:00:00,SM GF,2.11
2024-04-26 13:00:00,SM KV OPF,0.0
2024-04-26 13:00:00,SM NPI,1.973064988
2024-04-26 13:00:00,SM TLO,3.91
2024-04-26 13:30:00,IB GF,0.0
2024-04-26 13:30:00,IB NPI,2.5
2024-04-26 13:30:00,IB OPF,64.18
2024-04-26 13:30:00,SM FT OPF,0.0
2024-04-26 13:30:00,SM GF,2.11
2024-04-26 13:30:00,SM KV OPF,0.0
2024-04-26 13:30:00,SM NPI,2.023829111
2024-04-26 13:30:00,SM TLO,3.91
2024-04-26 14:00:00,IB GF,0.0
2024-04-26 14:00:00,IB NPI,2.5
2024-04-26 14:00:00,IB OPF,64.18
2024-04-26 14:00:00,SM FT OPF,0.0
2024-04-26 14:00:00,SM GF,2.11
2024-04-26 14:00:00,SM KV OPF,0.0
2024-04-26 14:00:00,SM NPI,2.094415678
2024-04-26 14:00:00,SM TLO,3.72
2024-04-26 14:30:00,IB GF,0.0
2024-04-26 14:30:00,IB NPI,2.5
2024-04-26 14:30:00,IB OPF,64.18
2024-04-26 14:30:00,SM FT OPF,0.0
2024-04-26 14:30:00,SM GF,2.11
2024-04-26 14:30:00,SM KV OPF,0.0
2024-04-26 14:30:00,SM NPI,2.141202085
2024-04-26 14:30:00,SM TLO,3.72
2024-04-26 15:00:00,IB GF,0.0
2024-04-26 15:00:00,IB NPI,2.5
2024-04-26 15:00:00,IB OPF,64.18
2024-04-26 15:00:00,SM FT OPF,0.0
2024-04-26 15:00:00,SM GF,2.11
2024-04-26 15:00:00,SM KV OPF,0.0
2024-04-26 15:00:00,SM NPI,2.17127454
2024-04-26 15:00:00,SM TLO,3.61
2024-04-26 15:30:00,IB GF,0.0
2024-04-26 15:30:00,IB NPI,2.5
2024-04-26 15:30:00,IB OPF,64.18
2024-04-26 15:30:00,SM FT OPF,0.0
2024-04-26 15:30:00,SM GF,2.11
2024-04-26 15:30:00,SM KV OPF,0.0
2024-04-26 15:30:00,SM NPI,2.224004144
2024-04-26 15:30:00,SM TLO,3.61
2024-04-26 16:00:00,IB GF,0.0
2024-04-26 16:00:00,IB NPI,2.5
2024-04-26 16:00:00,IB OPF,64.18
2024-04-26 16:00:00,SM FT OPF,0.0
2024-04-26 16:00:00,SM GF,2.11
2024-04-26 16:00:00,SM KV OPF,0.0
2024-04-26 16:00:00,SM NPI,2.224386391
2024-04-26 16:00:00,SM TLO,3.91
2024-04-26 16:30:00,IB GF,0.0
2024-04-26 16:30:00,IB NPI,2.5
2024-04-26 16:30:00,IB OPF,64.18
2024-04-26 16:30:00,SM FT OPF,0.0
2024-04-26 16:30:00,SM GF,2.11
2024-04-26 16:30:00,SM KV OPF,0.0
2024-04-26 16:30:00,SM NPI,2.16038484
2024-04-26 16:30:00,SM TLO,3.91
2024-04-26 17:00:00,IB GF,0.0
2024-04-26 17:00:00,IB NPI,2.5
2024-04-26 17:00:00,IB OPF,64.18
2024-04-26 17:00:00,SM FT OPF,0.0
2024-04-26 17:00:00,SM GF,2.11
2024-04-26 17:00:00,SM KV OPF,0.0
2024-04-26 17:00:00,SM NPI,2.112070611
2024-04-26 17:00:00,SM TLO,3.91
2024-04-26 17:30:00,IB GF,0.0
2024-04-26 17:30:00,IB NPI,2.5
2024-04-26 17:30:00,IB OPF,64.18
2024-04-26 17:30:00,SM FT OPF,0.0
2024-04-26 17:30:00,SM GF,2.11
2024-04-26 17:30:00,SM KV OPF,0.0
2024-04-26 17:30:00,SM NPI,2.158218968
2024-04-26 17:30:00,SM TLO,3.91
2024-04-26 18:00:00,IB GF,0.0
2024-04-26 18:00:00,IB NPI,2.5
2024-04-26 18:00:00,IB OPF,64.18
2024-04-26 18:00:00,SM FT OPF,0.0
2024-04-26 18:00:00,SM GF,2.11
2024-04-26 18:00:00,SM KV OPF,0.0
2024-04-26 18:00:00,SM NPI,2.282050973
2024-04-26 18:00:00,SM TLO,3.53
2024-04-26 18:30:00,IB GF,0.0
2024-04-26 18:30:00,IB NPI,2.5
2024-04-26 18:30:00,IB OPF,64.18
2024-04-26 18:30:00,SM FT OPF,0.0
2024-04-26 18:30:00,SM GF,2.11
2024-04-26 18:30:00,SM KV OPF,0.0
2024-04-26 18:30:00,SM NPI,2.367690032
2024-04-26 18:30:00,SM TLO,3.53
2024-04-26 19:00:00,IB GF,0.0
2024-04-26 19:00:00,IB NPI,2.5
2024-04-26 19:00:00,IB OPF,64.18
2024-04-26 19:00:00,SM FT OPF,0.0
2024-04-26 19:00:00,SM GF,2.11
2024-04-26 19:00:00,SM KV OPF,0.0
2024-04-26 19:00:00,SM NPI,2.403151084
2024-04-26 19:00:00,SM TLO,3.91
2024-04-26 19:30:00,IB GF,0.0
2024-04-26 19:30:00,IB NPI,2.5
2024-04-26 19:30:00,IB OPF,64.18
2024-04-26 19:30:00,SM FT OPF,0.0
2024-04-26 19:30:00,SM GF,2.11
2024-04-26 19:30:00,SM KV OPF,0.0
2024-04-26 19:30:00,SM NPI,2.308607746
2024-04-26 19:30:00,SM TLO,3.91
2024-04-26 20:00:00,IB GF,0.0
2024-04-26 20:00:00,IB NPI,2.5
2024-04-26 20:00:00,IB OPF,64.18
2024-04-26 20:00:00,SM FT OPF,0.0
2024-04-26 20:00:00,SM GF,2.11
2024-04-26 20:00:00,SM KV OPF,0.0
2024-04-26 20:00:00,SM NPI,2.117410298
2024-04-26 20:00:00,SM TLO,3.91
2024-04-26 20:30:00,IB GF,0.0
2024-04-26 20:30:00,IB NPI,2.5
2024-04-26 20:30:00,IB OPF,64.18
2024-04-26 20:30:00,SM FT OPF,0.0
2024-04-26 20:30:00,SM GF,2.11
2024-04-26 20:30:00,SM KV OPF,0.0
2024-04-26 20:30:00,SM NPI,1.913643492
2024-04-26 20:30:00,SM TLO,3.91
2024-04-26 21:00:00,IB GF,0.0
2024-04-26 21:00:00,IB NPI,2.5
2024-04-26 21:00:00,IB OPF,64.18
2024-04-26 21:00:00,SM FT OPF,0.0
2024-04-26 21:00:00,SM GF,2.11
2024-04-26 21:00:00,SM KV OPF,0.0
2024-04-26 21:00:00,SM NPI,1.741935557
2024-04-26 21:00:00,SM TLO,3.42
2024-04-26 21:30:00,IB GF,0.0
2024-04-26 21:30:00,IB NPI,2.5
2024-04-26 21:30:00,IB OPF,64.18
2024-04-26 21:30:00,SM FT OPF,0.0
2024-04-26 21:30:00,SM GF,2.11
2024-04-26 21:30:00,SM KV OPF,0.0
2024-04-26 21:30:00,SM NPI,1.642902974
2024-04-26 21:30:00,SM TLO,3.42
2024-04-26 22:00:00,IB GF,0.0
2024-04-26 22:00:00,IB NPI,2.5
2024-04-26 22:00:00,IB OPF,64.18
2024-04-26 22:00:00,SM FT OPF,0.0
2024-04-26 22:00:00,SM GF,2.11
2024-04-26 22:00:00,SM KV OPF,0.0
2024-04-26 22:00:00,SM NPI,1.557787944
2024-04-26 22:00:00,SM TLO,3.91
2024-04-26 22:30:00,IB GF,0.0
2024-04-26 22:30:00,IB NPI,2.5
2024-04-26 22:30:00,IB OPF,64.18
2024-04-26 22:30:00,SM FT OPF,0.0
2024-04-26 22:30:00,SM GF,2.11
2024-04-26 22:30:00,SM KV OPF,0.0
2024-04-26 22:30:00,SM NPI,1.48165745
2024-04-26 22:30:00,SM TLO,3.91
2024-04-26 23:00:00,IB GF,0.0
2024-04-26 23:00:00,IB NPI,2.5
2024-04-26 23:00:00,IB OPF,64.18
2024-04-26 23:00:00,SM FT OPF,0.0
2024-04-26 23:00:00,SM GF,2.11
2024-04-26 23:00:00,SM KV OPF,0.0
2024-04-26 23:00:00,SM NPI,1.421430661
2024-04-26 23:00:00,SM TLO,3.91
2024-04-26 23:30:00,IB GF,0.0
2024-04-26 23:30:00,IB NPI,2.5
2024-04-26 23:30:00,IB OPF,64.18
2024-04-26 23:30:00,SM FT OPF,0.0
2024-04-26 23:30:00,SM GF,2.11
2024-04-26 23:30:00,SM KV OPF,0.0
2024-04-26 23:30:00,SM NPI,1.378600905
2024-04-26 23:30:00,SM TLO,3.91
2024-04-27 00:00:00,IB GF,0.0
2024-04-27 00:00:00,IB NPI,2.5
2024-04-27 00:00:00,IB OPF,64.18
2024-04-27 00:00:00,SM FT OPF,0.0
2024-04-27 00:00:00,SM GF,2.11
2024-04-27 00:00:00,SM KV OPF,0.0
2024-04-27 00:00:00,SM NPI,1.334242811
2024-04-27 00:00:00,SM TLO,3.57
2024-04-27 00:30:00,IB GF,0.0
2024-04-27 00:30:00,IB NPI,2.5
2024-04-27 00:30:00,IB OPF,64.18
2024-04-27 00:30:00,SM FT OPF,0.0
2024-04-27 00:30:00,SM GF,2.11
2024-04-27 00:30:00,SM KV OPF,0.0
2024-04-27 00:30:00,SM NPI,1.304603758
2024-04-27 00:30:00,SM TLO,3.57
2024-04-27 01:00:00,IB GF,0.0
2024-04-27 01:00:00,IB NPI,2.5
2024-04-27 01:00:00,IB OPF,64.18
2024-04-27 01:00:00,SM FT OPF,0.0
2024-04-27 01:00:00,SM GF,2.11
2024-04-27 01:00:00,SM KV OPF,0.0
2024-04-27 01:00:00,SM NPI,1.287576021
2024-04-27 01:00:00,SM TLO,3.91
2024-04-27 01:30:00,IB GF,0.0
2024-04-27 01:30:00,IB NPI,2.5
2024-04-27 01:30:00,IB OPF,64.18
2024-04-27 01:30:00,SM FT OPF,0.0
2024-04-27 01:30:00,SM GF,2.11
2024-04-27 01:30:00,SM KV OPF,0.0
2024-04-27 01:30:00,SM NPI,1.270969145
2024-04-27 01:30:00,SM TLO,3.91
2024-04-27 02:00:00,IB GF,0.0
2024-04-27 02:00:00,IB NPI,2.5
2024-04-27 02:00:00,IB OPF,64.18
2024-04-27 02:00:00,SM FT OPF,0.0
2024-04-27 02:00:00,SM GF,2.11
2024-04-27 02:00:00,SM KV OPF,0.0
2024-04-27 02:00:00,SM NPI,1.263910334
2024-04-27 02:00:00,SM TLO,3.91
2024-04-27 02:30:00,IB GF,0.0
2024-04-27 02:30:00,IB NPI,2.5
2024-04-27 02:30:00,IB OPF,64.18
2024-04-27 02:30:00,SM FT OPF,0.0
2024-04-27 02:30:00,SM GF,2.11
2024-04-27 02:30:00,SM KV OPF,0.0
2024-04-27 02:30:00,SM NPI,1.265996849
2024-04-27 02:30:00,SM TLO,3.91
2024-04-27 03:00:00,IB GF,0.0
2024-04-27 03:00:00,IB NPI,2.5
2024-04-27 03:00:00,IB OPF,64.18
2024-04-27 03:00:00,SM FT OPF,0.0
2024-04-27 03:00:00,SM GF,2.11
2024-04-27 03:00:00,SM KV OPF,0.0
2024-04-27 03:00:00,SM NPI,1.277665146
2024-04-27 03:00:00,SM TLO,3.91
2024-04-27 03:30:00,IB GF,0.0
2024-04-27 03:30:00,IB NPI,2.5
2024-04-27 03:30:00,IB OPF,64.18
2024-04-27 03:30:00,SM FT OPF,0.0
2024-04-27 03:30:00,SM GF,2.11
2024-04-27 03:30:00,SM KV OPF,0.0
2024-04-27 03:30:00,SM NPI,1.360309136
2024-04-27 03:30:00,SM TLO,3.91
2024-04-27 04:00:00,IB GF,0.0
2024-04-27 04:00:00,IB NPI,2.5
2024-04-27 04:00:00,IB OPF,64.18
2024-04-27 04:00:00,SM FT OPF,0.0
2024-04-27 04:00:00,SM GF,2.11
2024-04-27 04:00:00,SM KV OPF,0.0
2024-04-27 04:00:00,SM NPI,1.500341865
2024-04-27 04:00:00,SM TLO,3.42
2024-04-27 04:30:00,IB GF,0.0
2024-04-27 04:30:00,IB NPI,2.5
2024-04-27 04:30:00,IB OPF,64.18
2024-04-27 04:30:00,SM FT OPF,0.0
2024-04-27 04:30:00,SM GF,2.11
2024-04-27 04:30:00,SM KV OPF,0.0
2024-04-27 04:30:00,SM NPI,1.558755573
2024-04-27 04:30:00,SM TLO,3.42
2024-04-27 05:00:00,IB GF,0.0
2024-04-27 05:00:00,IB NPI,2.5
2024-04-27 05:00:00,IB OPF,64.18
2024-04-27 05:00:00,SM FT OPF,0.0
2024-04-27 05:00:00,SM GF,2.11
2024-04-27 05:00:00,SM KV OPF,0.0
2024-04-27 05:00:00,SM NPI,1.520275693
2024-04-27 05:00:00,SM TLO,3.91
2024-04-27 05:30:00,IB GF,0.0
2024-04-27 05:30:00,IB NPI,2.5
2024-04-27 05:30:00,IB OPF,64.18
2024-04-27 05:30:00,SM FT OPF,0.0
2024-04-27 05:30:00,SM GF,2.11
2024-04-27 05:30:00,SM KV OPF,0.0
2024-04-27 05:30:00,SM NPI,1.494686742
2024-04-27 05:30:00,SM TLO,3.91
2024-04-27 06:00:00,IB GF,0.0
2024-04-27 06:00:00,IB NPI,2.5
2024-04-27 06:00:00,IB OPF,64.18
2024-04-27 06:00:00,SM FT OPF,0.0
2024-04-27 06:00:00,SM GF,2.11
2024-04-27 06:00:00,SM KV OPF,0.0
2024-04-27 06:00:00,SM NPI,1.53384534
2024-04-27 06:00:00,SM TLO,3.91
2024-04-27 06:30:00,IB GF,0.0
2024-04-27 06:30:00,IB NPI,2.5
2024-04-27 06:30:00,IB OPF,64.18
2024-04-27 06:30:00,SM FT OPF,0.0
2024-04-27 06:30:00,SM GF,2.11
2024-04-27 06:30:00,SM KV OPF,0.0
2024-04-27 06:30:00,SM NPI,1.561154272
2024-04-27 06:30:00,SM TLO,3.91
2024-04-27 07:00:00,IB GF,0.0
2024-04-27 07:00:00,IB NPI,2.5
2024-04-27 07:00:00,IB OPF,64.18
2024-04-27 07:00:00,SM FT OPF,0.0
2024-04-27 07:00:00,SM GF,2.11
2024-04-27 07:00:00,SM KV OPF,0.0
2024-04-27 07:00:00,SM NPI,1.585797335
2024-04-27 07:00:00,SM TLO,3.53
2024-04-27 07:30:00,IB GF,0.0
2024-04-27 07:30:00,IB NPI,2.5
2024-04-27 07:30:00,IB OPF,64.18
2024-04-27 07:30:00,SM FT OPF,0.0
2024-04-27 07:30:00,SM GF,2.11
2024-04-27 07:30:00,SM KV OPF,0.0
2024-04-27 07:30:00,SM NPI,1.585381909
2024-04-27 07:30:00,SM TLO,3.53
2024-04-27 08:00:00,IB GF,0.0
2024-04-27 08:00:00,IB NPI,2.5
2024-04-27 08:00:00,IB OPF,64.18
2024-04-27 08:00:00,SM FT OPF,0.0
2024-04-27 08:00:00,SM GF,2.11
2024-04-27 08:00:00,SM KV OPF,0.0
2024-04-27 08:00:00,SM NPI,1.572793235
2024-04-27 08:00:00,SM TLO,3.91
2024-04-27 08:30:00,IB GF,0.0
2024-04-27 08:30:00,IB NPI,2.5
2024-04-27 08:30:00,IB OPF,64.18
2024-04-27 08:30:00,SM FT OPF,0.0
2024-04-27 08:30:00,SM GF,2.11
2024-04-27 08:30:00,SM KV OPF,0.0
2024-04-27 08:30:00,SM NPI,1.557251859
2024-04-27 08:30:00,SM TLO,3.91
2024-04-27 09:00:00,IB GF,0.0
2024-04-27 09:00:00,IB NPI,2.5
2024-04-27 09:00:00,IB OPF,64.18
2024-04-27 09:00:00,SM FT OPF,0.0
2024-04-27 09:00:00,SM GF,2.11
2024-04-27 09:00:00,SM KV OPF,0.0
2024-04-27 09:00:00,SM NPI,1.551224522
2024-04-27 09:00:00,SM TLO,3.91
2024-04-27 09:30:00,IB GF,0.0
2024-04-27 09:30:00,IB NPI,2.5
2024-04-27 09:30:00,IB OPF,64.18
2024-04-27 09:30:00,SM FT OPF,0.0
2024-04-27 09:30:00,SM GF,2.11
2024-04-27 09:30:00,SM KV OPF,0.0
2024-04-27 09:30:00,SM NPI,1.604552129
2024-04-27 09:30:00,SM TLO,3.91
2024-04-27 10:00:00,IB GF,0.0
2024-04-27 10:00:00,IB NPI,2.5
2024-04-27 10:00:00,IB OPF,64.18
2024-04-27 10:00:00,SM FT OPF,0.0
2024-04-27 10:00:00,SM GF,2.11
2024-04-27 10:00:00,SM KV OPF,0.0
2024-04-27 10:00:00,SM NPI,1.682213326
2024-04-27 10:00:00,SM TLO,3.12
2024-04-27 10:30:00,IB GF,0.0
2024-04-27 10:30:00,IB NPI,2.5
2024-04-27 10:30:00,IB OPF,64.18
2024-04-27 10:30:00,SM FT OPF,0.0
2024-04-27 10:30:00,SM GF,2.11
2024-04-27 10:30:00,SM KV OPF,0.0
2024-04-27 10:30:00,SM NPI,1.745555373
2024-04-27 10:30:00,SM TLO,3.12
2024-04-27 11:00:00,IB GF,0.0
2024-04-27 11:00:00,IB NPI,2.5
2024-04-27 11:00:00,IB OPF,64.18
2024-04-27 11:00:00,SM FT OPF,0.0
2024-04-27 11:00:00,SM GF,2.11
2024-04-27 11:00:00,SM KV OPF,0.0
2024-04-27 11:00:00,SM NPI,1.800312209
2024-04-27 11:00:00,SM TLO,0.0
2024-04-27 11:30:00,IB GF,0.0
2024-04-27 11:30:00,IB NPI,2.5
2024-04-27 11:30:00,IB OPF,64.18
2024-04-27 11:30:00,SM FT OPF,0.0
2024-04-27 11:30:00,SM GF,2.11
2024-04-27 11:30:00,SM KV OPF,0.0
2024-04-27 11:30:00,SM NPI,1.847448296
2024-04-27 11:30:00,SM TLO,0.0
2024-04-27 12:00:00,IB GF,0.0
2024-04-27 12:00:00,IB NPI,2.5
2024-04-27 12:00:00,IB OPF,64.18
2024-04-27 12:00:00,SM FT OPF,0.0
2024-04-27 12:00:00,SM GF,2.11
2024-04-27 12:00:00,SM KV OPF,0.0
2024-04-27 12:00:00,SM NPI,1.885656045
2024-04-27 12:00:00,SM TLO,3.73
2024-04-27 12:30:00,IB GF,0.0
2024-04-27 12:30:00,IB NPI,2.5
2024-04-27 12:30:00,IB OPF,64.18
2024-04-27 12:30:00,SM FT OPF,0.0
2024-04-27 12:30:00,SM GF,2.11
2024-04-27 12:30:00,SM KV OPF,0.0
2024-04-27 12:30:00,SM NPI,1.918616149
2024-04-27 12:30:00,SM TLO,3.73
2024-04-27 13:00:00,IB GF,0.0
2024-04-27 13:00:00,IB NPI,2.5
2024-04-27 13:00:00,IB OPF,64.18
2024-04-27 13:00:00,SM FT OPF,0.0
2024-04-27 13:00:00,SM GF,2.11
2024-04-27 13:00:00,SM KV OPF,0.0
2024-04-27 13:00:00,SM NPI,1.961790331
2024-04-27 13:00:00,SM TLO,3.73
2024-04-27 13:30:00,IB GF,0.0
2024-04-27 13:30:00,IB NPI,2.5
2024-04-27 13:30:00,IB OPF,64.18
2024-04-27 13:30:00,SM FT OPF,0.0
2024-04-27 13:30:00,SM GF,2.11
2024-04-27 13:30:00,SM KV OPF,0.0
2024-04-27 13:30:00,SM NPI,2.012264373
2024-04-27 13:30:00,SM TLO,3.73
2024-04-27 14:00:00,IB GF,0.0
2024-04-27 14:00:00,IB NPI,2.5
2024-04-27 14:00:00,IB OPF,64.18
2024-04-27 14:00:00,SM FT OPF,0.0
2024-04-27 14:00:00,SM GF,2.11
2024-04-27 14:00:00,SM KV OPF,0.0
2024-04-27 14:00:00,SM NPI,2.082447589
2024-04-27 14:00:00,SM TLO,3.73
2024-04-27 14:30:00,IB GF,0.0
2024-04-27 14:30:00,IB NPI,2.5
2024-04-27 14:30:00,IB OPF,64.18
2024-04-27 14:30:00,SM FT OPF,0.0
2024-04-27 14:30:00,SM GF,2.11
2024-04-27 14:30:00,SM KV OPF,0.0
2024-04-27 14:30:00,SM NPI,2.128966645
2024-04-27 14:30:00,SM TLO,3.73
2024-04-27 15:00:00,IB GF,0.0
2024-04-27 15:00:00,IB NPI,2.5
2024-04-27 15:00:00,IB OPF,64.18
2024-04-27 15:00:00,SM FT OPF,0.0
2024-04-27 15:00:00,SM GF,2.11
2024-04-27 15:00:00,SM KV OPF,0.0
2024-04-27 15:00:00,SM NPI,2.158867257
2024-04-27 15:00:00,SM TLO,3.73
2024-04-27 15:30:00,IB GF,0.0
2024-04-27 15:30:00,IB NPI,2.5
2024-04-27 15:30:00,IB OPF,64.18
2024-04-27 15:30:00,SM FT OPF,0.0
2024-04-27 15:30:00,SM GF,2.11
2024-04-27 15:30:00,SM KV OPF,0.0
2024-04-27 15:30:00,SM NPI,2.211295549
2024-04-27 15:30:00,SM TLO,3.73
2024-04-27 16:00:00,IB GF,0.0
2024-04-27 16:00:00,IB NPI,2.5
2024-04-27 16:00:00,IB OPF,64.18
2024-04-27 16:00:00,SM FT OPF,0.0
2024-04-27 16:00:00,SM GF,2.11
2024-04-27 16:00:00,SM KV OPF,0.0
2024-04-27 16:00:00,SM NPI,2.211675612
2024-04-27 16:00:00,SM TLO,3.73
2024-04-27 16:30:00,IB GF,0.0
2024-04-27 16:30:00,IB NPI,2.5
2024-04-27 16:30:00,IB OPF,64.18
2024-04-27 16:30:00,SM FT OPF,0.0
2024-04-27 16:30:00,SM GF,2.11
2024-04-27 16:30:00,SM KV OPF,0.0
2024-04-27 16:30:00,SM NPI,2.148039784
2024-04-27 16:30:00,SM TLO,3.73
2024-04-27 17:00:00,IB GF,0.0
2024-04-27 17:00:00,IB NPI,2.5
2024-04-27 17:00:00,IB OPF,64.18
2024-04-27 17:00:00,SM FT OPF,0.0
2024-04-27 17:00:00,SM GF,2.11
2024-04-27 17:00:00,SM KV OPF,0.0
2024-04-27 17:00:00,SM NPI,2.100001637
2024-04-27 17:00:00,SM TLO,3.73
2024-04-27 17:30:00,IB GF,0.0
2024-04-27 17:30:00,IB NPI,2.5
2024-04-27 17:30:00,IB OPF,64.18
2024-04-27 17:30:00,SM FT OPF,0.0
2024-04-27 17:30:00,SM GF,2.11
2024-04-27 17:30:00,SM KV OPF,0.0
2024-04-27 17:30:00,SM NPI,2.145886288
2024-04-27 17:30:00,SM TLO,3.73
2024-04-27 18:00:00,IB GF,0.0
2024-04-27 18:00:00,IB NPI,2.5
2024-04-27 18:00:00,IB OPF,64.18
2024-04-27 18:00:00,SM FT OPF,0.0
2024-04-27 18:00:00,SM GF,2.11
2024-04-27 18:00:00,SM KV OPF,0.0
2024-04-27 18:00:00,SM NPI,2.269010682
2024-04-27 18:00:00,SM TLO,3.73
2024-04-27 18:30:00,IB GF,0.0
2024-04-27 18:30:00,IB NPI,2.5
2024-04-27 18:30:00,IB OPF,64.18
2024-04-27 18:30:00,SM FT OPF,0.0
2024-04-27 18:30:00,SM GF,2.11
2024-04-27 18:30:00,SM KV OPF,0.0
2024-04-27 18:30:00,SM NPI,2.354160375
2024-04-27 18:30:00,SM TLO,3.73
2024-04-27 19:00:00,IB GF,0.0
2024-04-27 19:00:00,IB NPI,2.5
2024-04-27 19:00:00,IB OPF,64.18
2024-04-27 19:00:00,SM FT OPF,0.0
2024-04-27 19:00:00,SM GF,2.11
2024-04-27 19:00:00,SM KV OPF,0.0
2024-04-27 19:00:00,SM NPI,2.389418793
2024-04-27 19:00:00,SM TLO,3.73
2024-04-27 19:30:00,IB GF,0.0
2024-04-27 19:30:00,IB NPI,2.5
2024-04-27 19:30:00,IB OPF,64.18
2024-04-27 19:30:00,SM FT OPF,0.0
2024-04-27 19:30:00,SM GF,2.11
2024-04-27 19:30:00,SM KV OPF,0.0
2024-04-27 19:30:00,SM NPI,2.295415702
2024-04-27 19:30:00,SM TLO,3.73
2024-04-27 20:00:00,IB GF,0.0
2024-04-27 20:00:00,IB NPI,2.5
2024-04-27 20:00:00,IB OPF,64.18
2024-04-27 20:00:00,SM FT OPF,0.0
2024-04-27 20:00:00,SM GF,2.11
2024-04-27 20:00:00,SM KV OPF,0.0
2024-04-27 20:00:00,SM NPI,2.10531081
2024-04-27 20:00:00,SM TLO,3.73
2024-04-27 20:30:00,IB GF,0.0
2024-04-27 20:30:00,IB NPI,2.5
2024-04-27 20:30:00,IB OPF,64.18
2024-04-27 20:30:00,SM FT OPF,0.0
2024-04-27 20:30:00,SM GF,2.11
2024-04-27 20:30:00,SM KV OPF,0.0
2024-04-27 20:30:00,SM NPI,1.902708386
2024-04-27 20:30:00,SM TLO,3.73
2024-04-27 21:00:00,IB GF,0.0
2024-04-27 21:00:00,IB NPI,2.5
2024-04-27 21:00:00,IB OPF,64.18
2024-04-27 21:00:00,SM FT OPF,0.0
2024-04-27 21:00:00,SM GF,2.11
2024-04-27 21:00:00,SM KV OPF,0.0
2024-04-27 21:00:00,SM NPI,1.73198164
2024-04-27 21:00:00,SM TLO,3.73
2024-04-27 21:30:00,IB GF,0.0
2024-04-27 21:30:00,IB NPI,2.5
2024-04-27 21:30:00,IB OPF,64.18
2024-04-27 21:30:00,SM FT OPF,0.0
2024-04-27 21:30:00,SM GF,2.11
2024-04-27 21:30:00,SM KV OPF,0.0
2024-04-27 21:30:00,SM NPI,1.633514957
2024-04-27 21:30:00,SM TLO,3.73
2024-04-27 22:00:00,IB GF,0.0
2024-04-27 22:00:00,IB NPI,2.5
2024-04-27 22:00:00,IB OPF,64.18
2024-04-27 22:00:00,SM FT OPF,0.0
2024-04-27 22:00:00,SM GF,2.11
2024-04-27 22:00:00,SM KV OPF,0.0
2024-04-27 22:00:00,SM NPI,1.548886299
2024-04-27 22:00:00,SM TLO,3.73
2024-04-27 22:30:00,IB GF,0.0
2024-04-27 22:30:00,IB NPI,2.5
2024-04-27 22:30:00,IB OPF,64.18
2024-04-27 22:30:00,SM FT OPF,0.0
2024-04-27 22:30:00,SM GF,2.11
2024-04-27 22:30:00,SM KV OPF,0.0
2024-04-27 22:30:00,SM NPI,1.473190836
2024-04-27 22:30:00,SM TLO,3.73
2024-04-27 23:00:00,IB GF,0.0
2024-04-27 23:00:00,IB NPI,2.5
2024-04-27 23:00:00,IB OPF,64.18
2024-04-27 23:00:00,SM FT OPF,0.0
2024-04-27 23:00:00,SM GF,2.11
2024-04-27 23:00:00,SM KV OPF,0.0
2024-04-27 23:00:00,SM NPI,1.4133082
2024-04-27 23:00:00,SM TLO,3.73
2024-04-27 23:30:00,IB GF,0.0
2024-04-27 23:30:00,IB NPI,2.5
2024-04-27 23:30:00,IB OPF,64.18
2024-04-27 23:30:00,SM FT OPF,0.0
2024-04-27 23:30:00,SM GF,2.11
2024-04-27 23:30:00,SM KV OPF,0.0
2024-04-27 23:30:00,SM NPI,1.370723186
2024-04-27 23:30:00,SM TLO,3.73
2024-04-28 00:00:00,IB GF,0.0
2024-04-28 00:00:00,IB NPI,2.5
2024-04-28 00:00:00,IB OPF,64.18
2024-04-28 00:00:00,SM FT OPF,0.0
2024-04-28 00:00:00,SM GF,2.11
2024-04-28 00:00:00,SM KV OPF,0.0
2024-04-28 00:00:00,SM NPI,1.326574749
2024-04-28 00:00:00,SM TLO,3.73
2024-04-28 00:30:00,IB GF,0.0
2024-04-28 00:30:00,IB NPI,2.5
2024-04-28 00:30:00,IB OPF,64.18
2024-04-28 00:30:00,SM FT OPF,0.0
2024-04-28 00:30:00,SM GF,2.11
2024-04-28 00:30:00,SM KV OPF,0.0
2024-04-28 00:30:00,SM NPI,1.297106036
2024-04-28 00:30:00,SM TLO,3.73
2024-04-28 01:00:00,IB GF,0.0
2024-04-28 01:00:00,IB NPI,2.5
2024-04-28 01:00:00,IB OPF,64.18
2024-04-28 01:00:00,SM FT OPF,0.0
2024-04-28 01:00:00,SM GF,2.11
2024-04-28 01:00:00,SM KV OPF,0.0
2024-04-28 01:00:00,SM NPI,1.280176159
2024-04-28 01:00:00,SM TLO,3.73
2024-04-28 01:30:00,IB GF,0.0
2024-04-28 01:30:00,IB NPI,2.5
2024-04-28 01:30:00,IB OPF,64.18
2024-04-28 01:30:00,SM FT OPF,0.0
2024-04-28 01:30:00,SM GF,2.11
2024-04-28 01:30:00,SM KV OPF,0.0
2024-04-28 01:30:00,SM NPI,1.263664725
2024-04-28 01:30:00,SM TLO,3.73
2024-04-28 02:00:00,IB GF,0.0
2024-04-28 02:00:00,IB NPI,2.5
2024-04-28 02:00:00,IB OPF,64.18
2024-04-28 02:00:00,SM FT OPF,0.0
2024-04-28 02:00:00,SM GF,2.11
2024-04-28 02:00:00,SM KV OPF,0.0
2024-04-28 02:00:00,SM NPI,1.256646482
2024-04-28 02:00:00,SM TLO,3.73
2024-04-28 02:30:00,IB GF,0.0
2024-04-28 02:30:00,IB NPI,2.5
2024-04-28 02:30:00,IB OPF,64.18
2024-04-28 02:30:00,SM FT OPF,0.0
2024-04-28 02:30:00,SM GF,2.11
2024-04-28 02:30:00,SM KV OPF,0.0
2024-04-28 02:30:00,SM NPI,1.258721005
2024-04-28 02:30:00,SM TLO,3.73
2024-04-28 03:00:00,IB GF,0.0
2024-04-28 03:00:00,IB NPI,2.5
2024-04-28 03:00:00,IB OPF,64.18
2024-04-28 03:00:00,SM FT OPF,0.0
2024-04-28 03:00:00,SM GF,2.11
2024-04-28 03:00:00,SM KV OPF,0.0
2024-04-28 03:00:00,SM NPI,1.270322242
2024-04-28 03:00:00,SM TLO,3.73
2024-04-28 03:30:00,IB GF,0.0
2024-04-28 03:30:00,IB NPI,2.5
2024-04-28 03:30:00,IB OPF,64.18
2024-04-28 03:30:00,SM FT OPF,0.0
2024-04-28 03:30:00,SM GF,2.11
2024-04-28 03:30:00,SM KV OPF,0.0
2024-04-28 03:30:00,SM NPI,1.352491268
2024-04-28 03:30:00,SM TLO,3.73
2024-04-28 04:00:00,IB GF,0.0
2024-04-28 04:00:00,IB NPI,2.5
2024-04-28 04:00:00,IB OPF,64.18
2024-04-28 04:00:00,SM FT OPF,0.0
2024-04-28 04:00:00,SM GF,2.11
2024-04-28 04:00:00,SM KV OPF,0.0
2024-04-28 04:00:00,SM NPI,1.49171921
2024-04-28 04:00:00,SM TLO,3.73
2024-04-28 04:30:00,IB GF,0.0
2024-04-28 04:30:00,IB NPI,2.5
2024-04-28 04:30:00,IB OPF,64.18
2024-04-28 04:30:00,SM FT OPF,0.0
2024-04-28 04:30:00,SM GF,2.11
2024-04-28 04:30:00,SM KV OPF,0.0
2024-04-28 04:30:00,SM NPI,1.549797207
2024-04-28 04:30:00,SM TLO,3.73
2024-04-28 05:00:00,IB GF,0.0
2024-04-28 05:00:00,IB NPI,2.5
2024-04-28 05:00:00,IB OPF,64.18
2024-04-28 05:00:00,SM FT OPF,0.0
2024-04-28 05:00:00,SM GF,2.11
2024-04-28 05:00:00,SM KV OPF,0.0
2024-04-28 05:00:00,SM NPI,1.511538476
2024-04-28 05:00:00,SM TLO,3.73
2024-04-28 05:30:00,IB GF,0.0
2024-04-28 05:30:00,IB NPI,2.5
2024-04-28 05:30:00,IB OPF,64.18
2024-04-28 05:30:00,SM FT OPF,0.0
2024-04-28 05:30:00,SM GF,2.11
2024-04-28 05:30:00,SM KV OPF,0.0
2024-04-28 05:30:00,SM NPI,1.486096589
2024-04-28 05:30:00,SM TLO,3.73
2024-04-28 06:00:00,IB GF,0.0
2024-04-28 06:00:00,IB NPI,2.5
2024-04-28 06:00:00,IB OPF,64.18
2024-04-28 06:00:00,SM FT OPF,0.0
2024-04-28 06:00:00,SM GF,2.11
2024-04-28 06:00:00,SM KV OPF,0.0
2024-04-28 06:00:00,SM NPI,1.525030137
2024-04-28 06:00:00,SM TLO,3.43
2024-04-28 06:30:00,IB GF,0.0
2024-04-28 06:30:00,IB NPI,2.5
2024-04-28 06:30:00,IB OPF,64.18
2024-04-28 06:30:00,SM FT OPF,0.0
2024-04-28 06:30:00,SM GF,2.11
2024-04-28 06:30:00,SM KV OPF,0.0
2024-04-28 06:30:00,SM NPI,1.552182121
2024-04-28 06:30:00,SM TLO,3.43
2024-04-28 07:00:00,IB GF,0.0
2024-04-28 07:00:00,IB NPI,2.5
2024-04-28 07:00:00,IB OPF,64.18
2024-04-28 07:00:00,SM FT OPF,0.0
2024-04-28 07:00:00,SM GF,2.11
2024-04-28 07:00:00,SM KV OPF,0.0
2024-04-28 07:00:00,SM NPI,1.576683557
2024-04-28 07:00:00,SM TLO,3.43
2024-04-28 07:30:00,IB GF,0.0
2024-04-28 07:30:00,IB NPI,2.5
2024-04-28 07:30:00,IB OPF,64.18
2024-04-28 07:30:00,SM FT OPF,0.0
2024-04-28 07:30:00,SM GF,2.11
2024-04-28 07:30:00,SM KV OPF,0.0
2024-04-28 07:30:00,SM NPI,1.576270519
2024-04-28 07:30:00,SM TLO,3.43
2024-04-28 08:00:00,IB GF,0.0
2024-04-28 08:00:00,IB NPI,2.5
2024-04-28 08:00:00,IB OPF,64.18
2024-04-28 08:00:00,SM FT OPF,0.0
2024-04-28 08:00:00,SM GF,2.11
2024-04-28 08:00:00,SM KV OPF,0.0
2024-04-28 08:00:00,SM NPI,1.563754193
2024-04-28 08:00:00,SM TLO,3.43
2024-04-28 08:30:00,IB GF,0.0
2024-04-28 08:30:00,IB NPI,2.5
2024-04-28 08:30:00,IB OPF,64.18
2024-04-28 08:30:00,SM FT OPF,0.0
2024-04-28 08:30:00,SM GF,2.11
2024-04-28 08:30:00,SM KV OPF,0.0
2024-04-28 08:30:00,SM NPI,1.548302136
2024-04-28 08:30:00,SM TLO,3.43
2024-04-28 09:00:00,IB GF,0.0
2024-04-28 09:00:00,IB NPI,2.5
2024-04-28 09:00:00,IB OPF,64.18
2024-04-28 09:00:00,SM FT OPF,0.0
2024-04-28 09:00:00,SM GF,2.11
2024-04-28 09:00:00,SM KV OPF,0.0
2024-04-28 09:00:00,SM NPI,1.542309439
2024-04-28 09:00:00,SM TLO,3.43
2024-04-28 09:30:00,IB GF,0.0
2024-04-28 09:30:00,IB NPI,2.5
2024-04-28 09:30:00,IB OPF,64.18
2024-04-28 09:30:00,SM FT OPF,0.0
2024-04-28 09:30:00,SM GF,2.11
2024-04-28 09:30:00,SM KV OPF,0.0
2024-04-28 09:30:00,SM NPI,1.595330565
2024-04-28 09:30:00,SM TLO,3.43
2024-04-28 10:00:00,IB GF,0.0
2024-04-28 10:00:00,IB NPI,2.5
2024-04-28 10:00:00,IB OPF,64.18
2024-04-28 10:00:00,SM FT OPF,0.0
2024-04-28 10:00:00,SM GF,2.11
2024-04-28 10:00:00,SM KV OPF,0.0
2024-04-28 10:00:00,SM NPI,1.672545433
2024-04-28 10:00:00,SM TLO,3.43
2024-04-28 10:30:00,IB GF,0.0
2024-04-28 10:30:00,IB NPI,2.5
2024-04-28 10:30:00,IB OPF,64.18
2024-04-28 10:30:00,SM FT OPF,0.0
2024-04-28 10:30:00,SM GF,2.11
2024-04-28 10:30:00,SM KV OPF,0.0
2024-04-28 10:30:00,SM NPI,1.735523446
2024-04-28 10:30:00,SM TLO,3.43
2024-04-28 11:00:00,IB GF,0.0
2024-04-28 11:00:00,IB NPI,2.5
2024-04-28 11:00:00,IB OPF,64.18
2024-04-28 11:00:00,SM FT OPF,0.0
2024-04-28 11:00:00,SM GF,2.11
2024-04-28 11:00:00,SM KV OPF,0.0
2024-04-28 11:00:00,SM NPI,1.789965587
2024-04-28 11:00:00,SM TLO,3.43
2024-04-28 11:30:00,IB GF,0.0
2024-04-28 11:30:00,IB NPI,2.5
2024-04-28 11:30:00,IB OPF,64.18
2024-04-28 11:30:00,SM FT OPF,0.0
2024-04-28 11:30:00,SM GF,2.11
2024-04-28 11:30:00,SM KV OPF,0.0
2024-04-28 11:30:00,SM NPI,1.836830777
2024-04-28 11:30:00,SM TLO,3.43
2024-04-28 12:00:00,IB GF,0.0
2024-04-28 12:00:00,IB NPI,2.5
2024-04-28 12:00:00,IB OPF,64.18
2024-04-28 12:00:00,SM FT OPF,0.0
2024-04-28 12:00:00,SM GF,2.11
2024-04-28 12:00:00,SM KV OPF,0.0
2024-04-28 12:00:00,SM NPI,1.874818941
2024-04-28 12:00:00,SM TLO,3.43
2024-04-28 12:30:00,IB GF,0.0
2024-04-28 12:30:00,IB NPI,2.5
2024-04-28 12:30:00,IB OPF,64.18
2024-04-28 12:30:00,SM FT OPF,0.0
2024-04-28 12:30:00,SM GF,2.11
2024-04-28 12:30:00,SM KV OPF,0.0
2024-04-28 12:30:00,SM NPI,1.907589619
2024-04-28 12:30:00,SM TLO,3.43
2024-04-28 13:00:00,IB GF,0.0
2024-04-28 13:00:00,IB NPI,2.5
2024-04-28 13:00:00,IB OPF,64.18
2024-04-28 13:00:00,SM FT OPF,0.0
2024-04-28 13:00:00,SM GF,2.11
2024-04-28 13:00:00,SM KV OPF,0.0
2024-04-28 13:00:00,SM NPI,1.950515674
2024-04-28 13:00:00,SM TLO,3.43
2024-04-28 13:30:00,IB GF,0.0
2024-04-28 13:30:00,IB NPI,2.5
2024-04-28 13:30:00,IB OPF,64.18
2024-04-28 13:30:00,SM FT OPF,0.0
2024-04-28 13:30:00,SM GF,2.11
2024-04-28 13:30:00,SM KV OPF,0.0
2024-04-28 13:30:00,SM NPI,2.000699635
2024-04-28 13:30:00,SM TLO,3.43
2024-04-28 14:00:00,IB GF,0.0
2024-04-28 14:00:00,IB NPI,2.5
2024-04-28 14:00:00,IB OPF,64.18
2024-04-28 14:00:00,SM FT OPF,0.0
2024-04-28 14:00:00,SM GF,2.11
2024-04-28 14:00:00,SM KV OPF,0.0
2024-04-28 14:00:00,SM NPI,2.070479499
2024-04-28 14:00:00,SM TLO,3.43
2024-04-28 14:30:00,IB GF,0.0
2024-04-28 14:30:00,IB NPI,2.5
2024-04-28 14:30:00,IB OPF,64.18
2024-04-28 14:30:00,SM FT OPF,0.0
2024-04-28 14:30:00,SM GF,2.11
2024-04-28 14:30:00,SM KV OPF,0.0
2024-04-28 14:30:00,SM NPI,2.116731204
2024-04-28 14:30:00,SM TLO,3.43
2024-04-28 15:00:00,IB GF,0.0
2024-04-28 15:00:00,IB NPI,2.5
2024-04-28 15:00:00,IB OPF,64.18
2024-04-28 15:00:00,SM FT OPF,0.0
2024-04-28 15:00:00,SM GF,2.11
2024-04-28 15:00:00,SM KV OPF,0.0
2024-04-28 15:00:00,SM NPI,2.146459974
2024-04-28 15:00:00,SM TLO,3.43
2024-04-28 15:30:00,IB GF,0.0
2024-04-28 15:30:00,IB NPI,2.5
2024-04-28 15:30:00,IB OPF,64.18
2024-04-28 15:30:00,SM FT OPF,0.0
2024-04-28 15:30:00,SM GF,2.11
2024-04-28 15:30:00,SM KV OPF,0.0
2024-04-28 15:30:00,SM NPI,2.198586954
2024-04-28 15:30:00,SM TLO,3.43
2024-04-28 16:00:00,IB GF,0.0
2024-04-28 16:00:00,IB NPI,2.5
2024-04-28 16:00:00,IB OPF,64.18
2024-04-28 16:00:00,SM FT OPF,0.0
2024-04-28 16:00:00,SM GF,2.11
2024-04-28 16:00:00,SM KV OPF,0.0
2024-04-28 16:00:00,SM NPI,2.198964832
2024-04-28 16:00:00,SM TLO,3.43
2024-04-28 16:30:00,IB GF,0.0
2024-04-28 16:30:00,IB NPI,2.5
2024-04-28 16:30:00,IB OPF,64.18
2024-04-28 16:30:00,SM FT OPF,0.0
2024-04-28 16:30:00,SM GF,2.11
2024-04-28 16:30:00,SM KV OPF,0.0
2024-04-28 16:30:00,SM NPI,2.135694727
2024-04-28 16:30:00,SM TLO,3.43
2024-04-28 17:00:00,IB GF,0.0
2024-04-28 17:00:00,IB NPI,2.5
2024-04-28 17:00:00,IB OPF,64.18
2024-04-28 17:00:00,SM FT OPF,0.0
2024-04-28 17:00:00,SM GF,2.11
2024-04-28 17:00:00,SM KV OPF,0.0
2024-04-28 17:00:00,SM NPI,2.087932662
2024-04-28 17:00:00,SM TLO,3.43
2024-04-28 17:30:00,IB GF,0.0
2024-04-28 17:30:00,IB NPI,2.5
2024-04-28 17:30:00,IB OPF,64.18
2024-04-28 17:30:00,SM FT OPF,0.0
2024-04-28 17:30:00,SM GF,2.11
2024-04-28 17:30:00,SM KV OPF,0.0
2024-04-28 17:30:00,SM NPI,2.133553608
2024-04-28 17:30:00,SM TLO,3.43
2024-04-28 18:00:00,IB GF,0.0
2024-04-28 18:00:00,IB NPI,2.5
2024-04-28 18:00:00,IB OPF,64.18
2024-04-28 18:00:00,SM FT OPF,0.0
2024-04-28 18:00:00,SM GF,2.11
2024-04-28 18:00:00,SM KV OPF,0.0
2024-04-28 18:00:00,SM NPI,2.255970391
2024-04-28 18:00:00,SM TLO,3.43
2024-04-28 18:30:00,IB GF,0.0
2024-04-28 18:30:00,IB NPI,2.5
2024-04-28 18:30:00,IB OPF,64.18
2024-04-28 18:30:00,SM FT OPF,0.0
2024-04-28 18:30:00,SM GF,2.11
2024-04-28 18:30:00,SM KV OPF,0.0
2024-04-28 18:30:00,SM NPI,2.340630717
2024-04-28 18:30:00,SM TLO,3.43
2024-04-28 19:00:00,IB GF,0.0
2024-04-28 19:00:00,IB NPI,2.5
2024-04-28 19:00:00,IB OPF,64.18
2024-04-28 19:00:00,SM FT OPF,0.0
2024-04-28 19:00:00,SM GF,2.11
2024-04-28 19:00:00,SM KV OPF,0.0
2024-04-28 19:00:00,SM NPI,2.375686501
2024-04-28 19:00:00,SM TLO,3.43
2024-04-28 19:30:00,IB GF,0.0
2024-04-28 19:30:00,IB NPI,2.5
2024-04-28 19:30:00,IB OPF,64.18
2024-04-28 19:30:00,SM FT OPF,0.0
2024-04-28 19:30:00,SM GF,2.11
2024-04-28 19:30:00,SM KV OPF,0.0
2024-04-28 19:30:00,SM NPI,2.282223658
2024-04-28 19:30:00,SM TLO,3.43
2024-04-28 20:00:00,IB GF,0.0
2024-04-28 20:00:00,IB NPI,2.5
2024-04-28 20:00:00,IB OPF,64.18
2024-04-28 20:00:00,SM FT OPF,0.0
2024-04-28 20:00:00,SM GF,2.11
2024-04-28 20:00:00,SM KV OPF,0.0
2024-04-28 20:00:00,SM NPI,2.093211323
2024-04-28 20:00:00,SM TLO,3.43
2024-04-28 20:30:00,IB GF,0.0
2024-04-28 20:30:00,IB NPI,2.5
2024-04-28 20:30:00,IB OPF,64.18
2024-04-28 20:30:00,SM FT OPF,0.0
2024-04-28 20:30:00,SM GF,2.11
2024-04-28 20:30:00,SM KV OPF,0.0
2024-04-28 20:30:00,SM NPI,1.89177328
2024-04-28 20:30:00,SM TLO,3.43
2024-04-28 21:00:00,IB GF,0.0
2024-04-28 21:00:00,IB NPI,2.5
2024-04-28 21:00:00,IB OPF,64.18
2024-04-28 21:00:00,SM FT OPF,0.0
2024-04-28 21:00:00,SM GF,2.11
2024-04-28 21:00:00,SM KV OPF,0.0
2024-04-28 21:00:00,SM NPI,1.722027722
2024-04-28 21:00:00,SM TLO,3.43
2024-04-28 21:30:00,IB GF,0.0
2024-04-28 21:30:00,IB NPI,2.5
2024-04-28 21:30:00,IB OPF,64.18
2024-04-28 21:30:00,SM FT OPF,0.0
2024-04-28 21:30:00,SM GF,2.11
2024-04-28 21:30:00,SM KV OPF,0.0
2024-04-28 21:30:00,SM NPI,1.62412694
2024-04-28 21:30:00,SM TLO,3.43
2024-04-28 22:00:00,IB GF,0.0
2024-04-28 22:00:00,IB NPI,2.5
2024-04-28 22:00:00,IB OPF,64.18
2024-04-28 22:00:00,SM FT OPF,0.0
2024-04-28 22:00:00,SM GF,2.11
2024-04-28 22:00:00,SM KV OPF,0.0
2024-04-28 22:00:00,SM NPI,1.539984653
2024-04-28 22:00:00,SM TLO,3.43
2024-04-28 22:30:00,IB GF,0.0
2024-04-28 22:30:00,IB NPI,2.5
2024-04-28 22:30:00,IB OPF,64.18
2024-04-28 22:30:00,SM FT OPF,0.0
2024-04-28 22:30:00,SM GF,2.11
2024-04-28 22:30:00,SM KV OPF,0.0
2024-04-28 22:30:00,SM NPI,1.464724222
2024-04-28 22:30:00,SM TLO,3.43
2024-04-28 23:00:00,IB GF,0.0
2024-04-28 23:00:00,IB NPI,2.5
2024-04-28 23:00:00,IB OPF,64.18
2024-04-28 23:00:00,SM FT OPF,0.0
2024-04-28 23:00:00,SM GF,2.11
2024-04-28 23:00:00,SM KV OPF,0.0
2024-04-28 23:00:00,SM NPI,1.405185739
2024-04-28 23:00:00,SM TLO,3.43
2024-04-28 23:30:00,IB GF,0.0
2024-04-28 23:30:00,IB NPI,2.5
2024-04-28 23:30:00,IB OPF,64.18
2024-04-28 23:30:00,SM FT OPF,0.0
2024-04-28 23:30:00,SM GF,2.11
2024-04-28 23:30:00,SM KV OPF,0.0
2024-04-28 23:30:00,SM NPI,1.362845466
2024-04-28 23:30:00,SM TLO,3.43
2024-04-29 00:00:00,IB GF,0.0
2024-04-29 00:00:00,IB NPI,2.5
2024-04-29 00:00:00,IB OPF,64.18
2024-04-29 00:00:00,SM FT OPF,0.0
2024-04-29 00:00:00,SM GF,2.11
2024-04-29 00:00:00,SM KV OPF,0.0
2024-04-29 00:00:00,SM NPI,1.318906687
2024-04-29 00:00:00,SM TLO,3.43
2024-04-29 00:30:00,IB GF,0.0
2024-04-29 00:30:00,IB NPI,2.5
2024-04-29 00:30:00,IB OPF,64.18
2024-04-29 00:30:00,SM FT OPF,0.0
2024-04-29 00:30:00,SM GF,2.11
2024-04-29 00:30:00,SM KV OPF,0.0
2024-04-29 00:30:00,SM NPI,1.289608313
2024-04-29 00:30:00,SM TLO,3.43
2024-04-29 01:00:00,IB GF,0.0
2024-04-29 01:00:00,IB NPI,2.5
2024-04-29 01:00:00,IB OPF,64.18
2024-04-29 01:00:00,SM FT OPF,0.0
2024-04-29 01:00:00,SM GF,2.11
2024-04-29 01:00:00,SM KV OPF,0.0
2024-04-29 01:00:00,SM NPI,1.272776297
2024-04-29 01:00:00,SM TLO,3.43
2024-04-29 01:30:00,IB GF,0.0
2024-04-29 01:30:00,IB NPI,2.5
2024-04-29 01:30:00,IB OPF,64.18
2024-04-29 01:30:00,SM FT OPF,0.0
2024-04-29 01:30:00,SM GF,2.11
2024-04-29 01:30:00,SM KV OPF,0.0
2024-04-29 01:30:00,SM NPI,1.256360304
2024-04-29 01:30:00,SM TLO,3.43
2024-04-29 02:00:00,IB GF,0.0
2024-04-29 02:00:00,IB NPI,2.5
2024-04-29 02:00:00,IB OPF,64.18
2024-04-29 02:00:00,SM FT OPF,0.0
2024-04-29 02:00:00,SM GF,2.11
2024-04-29 02:00:00,SM KV OPF,0.0
2024-04-29 02:00:00,SM NPI,1.249382629
2024-04-29 02:00:00,SM TLO,3.43
2024-04-29 02:30:00,IB GF,0.0
2024-04-29 02:30:00,IB NPI,2.5
2024-04-29 02:30:00,IB OPF,64.18
2024-04-29 02:30:00,SM FT OPF,0.0
2024-04-29 02:30:00,SM GF,2.11
2024-04-29 02:30:00,SM KV OPF,0.0
2024-04-29 02:30:00,SM NPI,1.251445161
2024-04-29 02:30:00,SM TLO,3.43
2024-04-29 03:00:00,IB GF,0.0
2024-04-29 03:00:00,IB NPI,2.5
2024-04-29 03:00:00,IB OPF,64.18
2024-04-29 03:00:00,SM FT OPF,0.0
2024-04-29 03:00:00,SM GF,2.11
2024-04-29 03:00:00,SM KV OPF,0.0
2024-04-29 03:00:00,SM NPI,1.262979339
2024-04-29 03:00:00,SM TLO,3.43
2024-04-29 03:30:00,IB GF,0.0
2024-04-29 03:30:00,IB NPI,2.5
2024-04-29 03:30:00,IB OPF,64.18
2024-04-29 03:30:00,SM FT OPF,0.0
2024-04-29 03:30:00,SM GF,2.11
2024-04-29 03:30:00,SM KV OPF,0.0
2024-04-29 03:30:00,SM NPI,1.344673399
2024-04-29 03:30:00,SM TLO,3.43
2024-04-29 04:00:00,IB GF,0.0
2024-04-29 04:00:00,IB NPI,2.5
2024-04-29 04:00:00,IB OPF,64.18
2024-04-29 04:00:00,SM FT OPF,0.0
2024-04-29 04:00:00,SM GF,2.11
2024-04-29 04:00:00,SM KV OPF,0.0
2024-04-29 04:00:00,SM NPI,1.483096556
2024-04-29 04:00:00,SM TLO,3.43
2024-04-29 04:30:00,IB GF,0.0
2024-04-29 04:30:00,IB NPI,2.5
2024-04-29 04:30:00,IB OPF,64.18
2024-04-29 04:30:00,SM FT OPF,0.0
2024-04-29 04:30:00,SM GF,2.11
2024-04-29 04:30:00,SM KV OPF,0.0
2024-04-29 04:30:00,SM NPI,1.540838842
2024-04-29 04:30:00,SM TLO,3.43
2024-04-29 05:00:00,IB GF,0.0
2024-04-29 05:00:00,IB NPI,2.5
2024-04-29 05:00:00,IB OPF,64.18
2024-04-29 05:00:00,SM FT OPF,0.0
2024-04-29 05:00:00,SM GF,2.11
2024-04-29 05:00:00,SM KV OPF,0.0
2024-04-29 05:00:00,SM NPI,1.50280126
2024-04-29 05:00:00,SM TLO,3.43
2024-04-29 05:30:00,IB GF,0.0
2024-04-29 05:30:00,IB NPI,2.5
2024-04-29 05:30:00,IB OPF,64.18
2024-04-29 05:30:00,SM FT OPF,0.0
2024-04-29 05:30:00,SM GF,2.11
2024-04-29 05:30:00,SM KV OPF,0.0
2024-04-29 05:30:00,SM NPI,1.477506435
2024-04-29 05:30:00,SM TLO,3.43
2024-04-29 06:00:00,IB GF,0.0
2024-04-29 06:00:00,IB NPI,2.5
2024-04-29 06:00:00,IB OPF,64.18
2024-04-29 06:00:00,SM FT OPF,0.0
2024-04-29 06:00:00,SM GF,2.11
2024-04-29 06:00:00,SM KV OPF,0.0
2024-04-29 06:00:00,SM NPI,1.516214934
2024-04-29 06:00:00,SM TLO,3.73
2024-04-29 06:30:00,IB GF,0.0
2024-04-29 06:30:00,IB NPI,2.5
2024-04-29 06:30:00,IB OPF,64.18
2024-04-29 06:30:00,SM FT OPF,0.0
2024-04-29 06:30:00,SM GF,2.11
2024-04-29 06:30:00,SM KV OPF,0.0
2024-04-29 06:30:00,SM NPI,1.54320997
2024-04-29 06:30:00,SM TLO,3.73
2024-04-29 07:00:00,IB GF,0.0
2024-04-29 07:00:00,IB NPI,2.5
2024-04-29 07:00:00,IB OPF,64.18
2024-04-29 07:00:00,SM FT OPF,0.0
2024-04-29 07:00:00,SM GF,2.11
2024-04-29 07:00:00,SM KV OPF,0.0
2024-04-29 07:00:00,SM NPI,1.567569779
2024-04-29 07:00:00,SM TLO,3.73
2024-04-29 07:30:00,IB GF,0.0
2024-04-29 07:30:00,IB NPI,2.5
2024-04-29 07:30:00,IB OPF,64.18
2024-04-29 07:30:00,SM FT OPF,0.0
2024-04-29 07:30:00,SM GF,2.11
2024-04-29 07:30:00,SM KV OPF,0.0
2024-04-29 07:30:00,SM NPI,1.567159129
2024-04-29 07:30:00,SM TLO,3.73
2024-04-29 08:00:00,IB GF,0.0
2024-04-29 08:00:00,IB NPI,2.5
2024-04-29 08:00:00,IB OPF,64.18
2024-04-29 08:00:00,SM FT OPF,0.0
2024-04-29 08:00:00,SM GF,2.11
2024-04-29 08:00:00,SM KV OPF,0.0
2024-04-29 08:00:00,SM NPI,1.554715152
2024-04-29 08:00:00,SM TLO,3.73
2024-04-29 08:30:00,IB GF,0.0
2024-04-29 08:30:00,IB NPI,2.5
2024-04-29 08:30:00,IB OPF,64.18
2024-04-29 08:30:00,SM FT OPF,0.0
2024-04-29 08:30:00,SM GF,2.11
2024-04-29 08:30:00,SM KV OPF,0.0
2024-04-29 08:30:00,SM NPI,1.539352412
2024-04-29 08:30:00,SM TLO,3.73
2024-04-29 09:00:00,IB GF,0.0
2024-04-29 09:00:00,IB NPI,2.5
2024-04-29 09:00:00,IB OPF,64.18
2024-04-29 09:00:00,SM FT OPF,0.0
2024-04-29 09:00:00,SM GF,2.11
2024-04-29 09:00:00,SM KV OPF,0.0
2024-04-29 09:00:00,SM NPI,1.533394355
2024-04-29 09:00:00,SM TLO,3.73
2024-04-29 09:30:00,IB GF,0.0
2024-04-29 09:30:00,IB NPI,2.5
2024-04-29 09:30:00,IB OPF,64.18
2024-04-29 09:30:00,SM FT OPF,0.0
2024-04-29 09:30:00,SM GF,2.11
2024-04-29 09:30:00,SM KV OPF,0.0
2024-04-29 09:30:00,SM NPI,1.586109001
2024-04-29 09:30:00,SM TLO,3.73
2024-04-29 10:00:00,IB GF,0.0
2024-04-29 10:00:00,IB NPI,2.5
2024-04-29 10:00:00,IB OPF,64.18
2024-04-29 10:00:00,SM FT OPF,0.0
2024-04-29 10:00:00,SM GF,2.11
2024-04-29 10:00:00,SM KV OPF,0.0
2024-04-29 10:00:00,SM NPI,1.66287754
2024-04-29 10:00:00,SM TLO,3.73
2024-04-29 10:30:00,IB GF,0.0
2024-04-29 10:30:00,IB NPI,2.5
2024-04-29 10:30:00,IB OPF,64.18
2024-04-29 10:30:00,SM FT OPF,0.0
2024-04-29 10:30:00,SM GF,2.11
2024-04-29 10:30:00,SM KV OPF,0.0
2024-04-29 10:30:00,SM NPI,1.725491519
2024-04-29 10:30:00,SM TLO,3.73
2024-04-29 11:00:00,IB GF,0.0
2024-04-29 11:00:00,IB NPI,2.5
2024-04-29 11:00:00,IB OPF,64.18
2024-04-29 11:00:00,SM FT OPF,0.0
2024-04-29 11:00:00,SM GF,2.11
2024-04-29 11:00:00,SM KV OPF,0.0
2024-04-29 11:00:00,SM NPI,1.779618965
2024-04-29 11:00:00,SM TLO,3.73
2024-04-29 11:30:00,IB GF,0.0
2024-04-29 11:30:00,IB NPI,2.5
2024-04-29 11:30:00,IB OPF,64.18
2024-04-29 11:30:00,SM FT OPF,0.0
2024-04-29 11:30:00,SM GF,2.11
2024-04-29 11:30:00,SM KV OPF,0.0
2024-04-29 11:30:00,SM NPI,1.826213258
2024-04-29 11:30:00,SM TLO,3.73
2024-04-29 12:00:00,IB GF,0.0
2024-04-29 12:00:00,IB NPI,2.5
2024-04-29 12:00:00,IB OPF,64.18
2024-04-29 12:00:00,SM FT OPF,0.0
2024-04-29 12:00:00,SM GF,2.11
2024-04-29 12:00:00,SM KV OPF,0.0
2024-04-29 12:00:00,SM NPI,1.863981838
2024-04-29 12:00:00,SM TLO,3.73
2024-04-29 12:30:00,IB GF,0.0
2024-04-29 12:30:00,IB NPI,2.5
2024-04-29 12:30:00,IB OPF,64.18
2024-04-29 12:30:00,SM FT OPF,0.0
2024-04-29 12:30:00,SM GF,2.11
2024-04-29 12:30:00,SM KV OPF,0.0
2024-04-29 12:30:00,SM NPI,1.896563089
2024-04-29 12:30:00,SM TLO,3.73
2024-04-29 13:00:00,IB GF,0.0
2024-04-29 13:00:00,IB NPI,2.5
2024-04-29 13:00:00,IB OPF,64.18
2024-04-29 13:00:00,SM FT OPF,0.0
2024-04-29 13:00:00,SM GF,2.11
2024-04-29 13:00:00,SM KV OPF,0.0
2024-04-29 13:00:00,SM NPI,1.939241016
2024-04-29 13:00:00,SM TLO,3.73
2024-04-29 13:30:00,IB GF,0.0
2024-04-29 13:30:00,IB NPI,2.5
2024-04-29 13:30:00,IB OPF,64.18
2024-04-29 13:30:00,SM FT OPF,0.0
2024-04-29 13:30:00,SM GF,2.11
2024-04-29 13:30:00,SM KV OPF,0.0
2024-04-29 13:30:00,SM NPI,1.989134898
2024-04-29 13:30:00,SM TLO,3.73
2024-04-29 14:00:00,IB GF,0.0
2024-04-29 14:00:00,IB NPI,2.5
2024-04-29 14:00:00,IB OPF,64.18
2024-04-29 14:00:00,SM FT OPF,0.0
2024-04-29 14:00:00,SM GF,2.11
2024-04-29 14:00:00,SM KV OPF,0.0
2024-04-29 14:00:00,SM NPI,2.058511409
2024-04-29 14:00:00,SM TLO,3.73
2024-04-29 14:30:00,IB GF,0.0
2024-04-29 14:30:00,IB NPI,2.5
2024-04-29 14:30:00,IB OPF,64.18
2024-04-29 14:30:00,SM FT OPF,0.0
2024-04-29 14:30:00,SM GF,2.11
2024-04-29 14:30:00,SM KV OPF,0.0
2024-04-29 14:30:00,SM NPI,2.104495764
2024-04-29 14:30:00,SM TLO,3.73
2024-04-29 15:00:00,IB GF,0.0
2024-04-29 15:00:00,IB NPI,2.5
2024-04-29 15:00:00,IB OPF,64.18
2024-04-29 15:00:00,SM FT OPF,0.0
2024-04-29 15:00:00,SM GF,2.11
2024-04-29 15:00:00,SM KV OPF,0.0
2024-04-29 15:00:00,SM NPI,2.134052691
2024-04-29 15:00:00,SM TLO,3.73
2024-04-29 15:30:00,IB GF,0.0
2024-04-29 15:30:00,IB NPI,2.5
2024-04-29 15:30:00,IB OPF,64.18
2024-04-29 15:30:00,SM FT OPF,0.0
2024-04-29 15:30:00,SM GF,2.11
2024-04-29 15:30:00,SM KV OPF,0.0
2024-04-29 15:30:00,SM NPI,2.185878358
2024-04-29 15:30:00,SM TLO,3.73
2024-04-29 16:00:00,IB GF,0.0
2024-04-29 16:00:00,IB NPI,2.5
2024-04-29 16:00:00,IB OPF,64.18
2024-04-29 16:00:00,SM FT OPF,0.0
2024-04-29 16:00:00,SM GF,2.11
2024-04-29 16:00:00,SM KV OPF,0.0
2024-04-29 16:00:00,SM NPI,2.186254053
2024-04-29 16:00:00,SM TLO,3.73
2024-04-29 16:30:00,IB GF,0.0
2024-04-29 16:30:00,IB NPI,2.5
2024-04-29 16:30:00,IB OPF,64.18
2024-04-29 16:30:00,SM FT OPF,0.0
2024-04-29 16:30:00,SM GF,2.11
2024-04-29 16:30:00,SM KV OPF,0.0
2024-04-29 16:30:00,SM NPI,2.123349671
2024-04-29 16:30:00,SM TLO,3.73
2024-04-29 17:00:00,IB GF,0.0
2024-04-29 17:00:00,IB NPI,2.5
2024-04-29 17:00:00,IB OPF,64.18
2024-04-29 17:00:00,SM FT OPF,0.0
2024-04-29 17:00:00,SM GF,2.11
2024-04-29 17:00:00,SM KV OPF,0.0
2024-04-29 17:00:00,SM NPI,2.075863687
2024-04-29 17:00:00,SM TLO,3.73
2024-04-29 17:30:00,IB GF,0.0
2024-04-29 17:30:00,IB NPI,2.5
2024-04-29 17:30:00,IB OPF,64.18
2024-04-29 17:30:00,SM FT OPF,0.0
2024-04-29 17:30:00,SM GF,2.11
2024-04-29 17:30:00,SM KV OPF,0.0
2024-04-29 17:30:00,SM NPI,2.121220928
2024-04-29 17:30:00,SM TLO,3.73
2024-04-29 18:00:00,IB GF,0.0
2024-04-29 18:00:00,IB NPI,2.5
2024-04-29 18:00:00,IB OPF,64.18
2024-04-29 18:00:00,SM FT OPF,0.0
2024-04-29 18:00:00,SM GF,2.11
2024-04-29 18:00:00,SM KV OPF,0.0
2024-04-29 18:00:00,SM NPI,2.2429301
2024-04-29 18:00:00,SM TLO,3.73
2024-04-29 18:30:00,IB GF,0.0
2024-04-29 18:30:00,IB NPI,2.5
2024-04-29 18:30:00,IB OPF,64.18
2024-04-29 18:30:00,SM FT OPF,0.0
2024-04-29 18:30:00,SM GF,2.11
2024-04-29 18:30:00,SM KV OPF,0.0
2024-04-29 18:30:00,SM NPI,2.32710106
2024-04-29 18:30:00,SM TLO,3.73
2024-04-29 19:00:00,IB GF,0.0
2024-04-29 19:00:00,IB NPI,2.5
2024-04-29 19:00:00,IB OPF,64.18
2024-04-29 19:00:00,SM FT OPF,0.0
2024-04-29 19:00:00,SM GF,2.11
2024-04-29 19:00:00,SM KV OPF,0.0
2024-04-29 19:00:00,SM NPI,2.361954209
2024-04-29 19:00:00,SM TLO,3.73
2024-04-29 19:30:00,IB GF,0.0
2024-04-29 19:30:00,IB NPI,2.5
2024-04-29 19:30:00,IB OPF,64.18
2024-04-29 19:30:00,SM FT OPF,0.0
2024-04-29 19:30:00,SM GF,2.11
2024-04-29 19:30:00,SM KV OPF,0.0
2024-04-29 19:30:00,SM NPI,2.269031614
2024-04-29 19:30:00,SM TLO,3.73
2024-04-29 20:00:00,IB GF,0.0
2024-04-29 20:00:00,IB NPI,2.5
2024-04-29 20:00:00,IB OPF,64.18
2024-04-29 20:00:00,SM FT OPF,0.0
2024-04-29 20:00:00,SM GF,2.11
2024-04-29 20:00:00,SM KV OPF,0.0
2024-04-29 20:00:00,SM NPI,2.081111836
2024-04-29 20:00:00,SM TLO,3.73
2024-04-29 20:30:00,IB GF,0.0
2024-04-29 20:30:00,IB NPI,2.5
2024-04-29 20:30:00,IB OPF,64.18
2024-04-29 20:30:00,SM FT OPF,0.0
2024-04-29 20:30:00,SM GF,2.11
2024-04-29 20:30:00,SM KV OPF,0.0
2024-04-29 20:30:00,SM NPI,1.880838175
2024-04-29 20:30:00,SM TLO,3.73
2024-04-29 21:00:00,IB GF,0.0
2024-04-29 21:00:00,IB NPI,2.5
2024-04-29 21:00:00,IB OPF,64.18
2024-04-29 21:00:00,SM FT OPF,0.0
2024-04-29 21:00:00,SM GF,2.11
2024-04-29 21:00:00,SM KV OPF,0.0
2024-04-29 21:00:00,SM NPI,1.712073805
2024-04-29 21:00:00,SM TLO,3.73
2024-04-29 21:30:00,IB GF,0.0
2024-04-29 21:30:00,IB NPI,2.5
2024-04-29 21:30:00,IB OPF,64.18
2024-04-29 21:30:00,SM FT OPF,0.0
2024-04-29 21:30:00,SM GF,2.11
2024-04-29 21:30:00,SM KV OPF,0.0
2024-04-29 21:30:00,SM NPI,1.614738923
2024-04-29 21:30:00,SM TLO,3.73
2024-04-29 22:00:00,IB GF,0.0
2024-04-29 22:00:00,IB NPI,2.5
2024-04-29 22:00:00,IB OPF,64.18
2024-04-29 22:00:00,SM FT OPF,0.0
2024-04-29 22:00:00,SM GF,2.11
2024-04-29 22:00:00,SM KV OPF,0.0
2024-04-29 22:00:00,SM NPI,1.531083008
2024-04-29 22:00:00,SM TLO,3.73
2024-04-29 22:30:00,IB GF,0.0
2024-04-29 22:30:00,IB NPI,2.5
2024-04-29 22:30:00,IB OPF,64.18
2024-04-29 22:30:00,SM FT OPF,0.0
2024-04-29 22:30:00,SM GF,2.11
2024-04-29 22:30:00,SM KV OPF,0.0
2024-04-29 22:30:00,SM NPI,1.456257608
2024-04-29 22:30:00,SM TLO,3.73
2024-04-29 23:00:00,IB GF,0.0
2024-04-29 23:00:00,IB NPI,2.5
2024-04-29 23:00:00,IB OPF,64.18
2024-04-29 23:00:00,SM FT OPF,0.0
2024-04-29 23:00:00,SM GF,2.11
2024-04-29 23:00:00,SM KV OPF,0.0
2024-04-29 23:00:00,SM NPI,1.397063278
2024-04-29 23:00:00,SM TLO,3.73
2024-04-29 23:30:00,IB GF,0.0
2024-04-29 23:30:00,IB NPI,2.5
2024-04-29 23:30:00,IB OPF,64.18
2024-04-29 23:30:00,SM FT OPF,0.0
2024-04-29 23:30:00,SM GF,2.11
2024-04-29 23:30:00,SM KV OPF,0.0
2024-04-29 23:30:00,SM NPI,1.354967747
2024-04-29 23:30:00,SM TLO,3.73
2024-04-30 00:00:00,IB GF,0.0
2024-04-30 00:00:00,IB NPI,2.5
2024-04-30 00:00:00,IB OPF,64.18
2024-04-30 00:00:00,SM FT OPF,0.0
2024-04-30 00:00:00,SM GF,2.11
2024-04-30 00:00:00,SM KV OPF,0.0
2024-04-30 00:00:00,SM NPI,1.311238625
2024-04-30 00:00:00,SM TLO,3.73
2024-04-30 00:30:00,IB GF,0.0
2024-04-30 00:30:00,IB NPI,2.5
2024-04-30 00:30:00,IB OPF,64.18
2024-04-30 00:30:00,SM FT OPF,0.0
2024-04-30 00:30:00,SM GF,2.11
2024-04-30 00:30:00,SM KV OPF,0.0
2024-04-30 00:30:00,SM NPI,1.28211059
2024-04-30 00:30:00,SM TLO,3.73
2024-04-30 01:00:00,IB GF,0.0
2024-04-30 01:00:00,IB NPI,2.5
2024-04-30 01:00:00,IB OPF,64.18
2024-04-30 01:00:00,SM FT OPF,0.0
2024-04-30 01:00:00,SM GF,2.11
2024-04-30 01:00:00,SM KV OPF,0.0
2024-04-30 01:00:00,SM NPI,1.265376435
2024-04-30 01:00:00,SM TLO,3.73
2024-04-30 01:30:00,IB GF,0.0
2024-04-30 01:30:00,IB NPI,2.5
2024-04-30 01:30:00,IB OPF,64.18
2024-04-30 01:30:00,SM FT OPF,0.0
2024-04-30 01:30:00,SM GF,2.11
2024-04-30 01:30:00,SM KV OPF,0.0
2024-04-30 01:30:00,SM NPI,1.249055884
2024-04-30 01:30:00,SM TLO,3.73
2024-04-30 02:00:00,IB GF,0.0
2024-04-30 02:00:00,IB NPI,2.5
2024-04-30 02:00:00,IB OPF,64.18
2024-04-30 02:00:00,SM FT OPF,0.0
2024-04-30 02:00:00,SM GF,2.11
2024-04-30 02:00:00,SM KV OPF,0.0
2024-04-30 02:00:00,SM NPI,1.242118777
2024-04-30 02:00:00,SM TLO,3.73
2024-04-30 02:30:00,IB GF,0.0
2024-04-30 02:30:00,IB NPI,2.5
2024-04-30 02:30:00,IB OPF,64.18
2024-04-30 02:30:00,SM FT OPF,0.0
2024-04-30 02:30:00,SM GF,2.11
2024-04-30 02:30:00,SM KV OPF,0.0
2024-04-30 02:30:00,SM NPI,1.244169317
2024-04-30 02:30:00,SM TLO,3.73
2024-04-30 03:00:00,IB GF,0.0
2024-04-30 03:00:00,IB NPI,2.5
2024-04-30 03:00:00,IB OPF,64.18
2024-04-30 03:00:00,SM FT OPF,0.0
2024-04-30 03:00:00,SM GF,2.11
2024-04-30 03:00:00,SM KV OPF,0.0
2024-04-30 03:00:00,SM NPI,1.255636436
2024-04-30 03:00:00,SM TLO,3.73
2024-04-30 03:30:00,IB GF,0.0
2024-04-30 03:30:00,IB NPI,2.5
2024-04-30 03:30:00,IB OPF,64.18
2024-04-30 03:30:00,SM FT OPF,0.0
2024-04-30 03:30:00,SM GF,2.11
2024-04-30 03:30:00,SM KV OPF,0.0
2024-04-30 03:30:00,SM NPI,1.336855531
2024-04-30 03:30:00,SM TLO,3.73
2024-04-30 04:00:00,IB GF,0.0
2024-04-30 04:00:00,IB NPI,2.5
2024-04-30 04:00:00,IB OPF,64.18
2024-04-30 04:00:00,SM FT OPF,0.0
2024-04-30 04:00:00,SM GF,2.11
2024-04-30 04:00:00,SM KV OPF,0.0
2024-04-30 04:00:00,SM NPI,1.474473901
2024-04-30 04:00:00,SM TLO,3.73
2024-04-30 04:30:00,IB GF,0.0
2024-04-30 04:30:00,IB NPI,2.5
2024-04-30 04:30:00,IB OPF,64.18
2024-04-30 04:30:00,SM FT OPF,0.0
2024-04-30 04:30:00,SM GF,2.11
2024-04-30 04:30:00,SM KV OPF,0.0
2024-04-30 04:30:00,SM NPI,1.531880476
2024-04-30 04:30:00,SM TLO,3.73
2024-04-30 05:00:00,IB GF,0.0
2024-04-30 05:00:00,IB NPI,2.5
2024-04-30 05:00:00,IB OPF,64.18
2024-04-30 05:00:00,SM FT OPF,0.0
2024-04-30 05:00:00,SM GF,2.11
2024-04-30 05:00:00,SM KV OPF,0.0
2024-04-30 05:00:00,SM NPI,1.494064043
2024-04-30 05:00:00,SM TLO,3.73
2024-04-30 05:30:00,IB GF,0.0
2024-04-30 05:30:00,IB NPI,2.5
2024-04-30 05:30:00,IB OPF,64.18
2024-04-30 05:30:00,SM FT OPF,0.0
2024-04-30 05:30:00,SM GF,2.11
2024-04-30 05:30:00,SM KV OPF,0.0
2024-04-30 05:30:00,SM NPI,1.468916281
2024-04-30 05:30:00,SM TLO,3.73
2024-04-30 06:00:00,IB GF,0.0
2024-04-30 06:00:00,IB NPI,2.5
2024-04-30 06:00:00,IB OPF,64.18
2024-04-30 06:00:00,SM FT OPF,0.0
2024-04-30 06:00:00,SM GF,2.11
2024-04-30 06:00:00,SM KV OPF,0.0
2024-04-30 06:00:00,SM NPI,1.507399731
2024-04-30 06:00:00,SM TLO,3.43
2024-04-30 06:30:00,IB GF,0.0
2024-04-30 06:30:00,IB NPI,2.5
2024-04-30 06:30:00,IB OPF,64.18
2024-04-30 06:30:00,SM FT OPF,0.0
2024-04-30 06:30:00,SM GF,2.11
2024-04-30 06:30:00,SM KV OPF,0.0
2024-04-30 06:30:00,SM NPI,1.534237819
2024-04-30 06:30:00,SM TLO,3.43
2024-04-30 07:00:00,IB GF,0.0
2024-04-30 07:00:00,IB NPI,2.5
2024-04-30 07:00:00,IB OPF,64.18
2024-04-30 07:00:00,SM FT OPF,0.0
2024-04-30 07:00:00,SM GF,2.11
2024-04-30 07:00:00,SM KV OPF,0.0
2024-04-30 07:00:00,SM NPI,1.558456002
2024-04-30 07:00:00,SM TLO,3.43
2024-04-30 07:30:00,IB GF,0.0
2024-04-30 07:30:00,IB NPI,2.5
2024-04-30 07:30:00,IB OPF,64.18
2024-04-30 07:30:00,SM FT OPF,0.0
2024-04-30 07:30:00,SM GF,2.11
2024-04-30 07:30:00,SM KV OPF,0.0
2024-04-30 07:30:00,SM NPI,1.558047739
2024-04-30 07:30:00,SM TLO,3.43
2024-04-30 08:00:00,IB GF,0.0
2024-04-30 08:00:00,IB NPI,2.5
2024-04-30 08:00:00,IB OPF,64.18
2024-04-30 08:00:00,SM FT OPF,0.0
2024-04-30 08:00:00,SM GF,2.11
2024-04-30 08:00:00,SM KV OPF,0.0
2024-04-30 08:00:00,SM NPI,1.54567611
2024-04-30 08:00:00,SM TLO,3.43
2024-04-30 08:30:00,IB GF,0.0
2024-04-30 08:30:00,IB NPI,2.5
2024-04-30 08:30:00,IB OPF,64.18
2024-04-30 08:30:00,SM FT OPF,0.0
2024-04-30 08:30:00,SM GF,2.11
2024-04-30 08:30:00,SM KV OPF,0.0
2024-04-30 08:30:00,SM NPI,1.530402689
2024-04-30 08:30:00,SM TLO,3.43
2024-04-30 09:00:00,IB GF,0.0
2024-04-30 09:00:00,IB NPI,2.5
2024-04-30 09:00:00,IB OPF,64.18
2024-04-30 09:00:00,SM FT OPF,0.0
2024-04-30 09:00:00,SM GF,2.11
2024-04-30 09:00:00,SM KV OPF,0.0
2024-04-30 09:00:00,SM NPI,1.524479272
2024-04-30 09:00:00,SM TLO,3.43
2024-04-30 09:30:00,IB GF,0.0
2024-04-30 09:30:00,IB NPI,2.5
2024-04-30 09:30:00,IB OPF,64.18
2024-04-30 09:30:00,SM FT OPF,0.0
2024-04-30 09:30:00,SM GF,2.11
2024-04-30 09:30:00,SM KV OPF,0.0
2024-04-30 09:30:00,SM NPI,1.576887437
2024-04-30 09:30:00,SM TLO,3.43
2024-04-30 10:00:00,IB GF,0.0
2024-04-30 10:00:00,IB NPI,2.5
2024-04-30 10:00:00,IB OPF,64.18
2024-04-30 10:00:00,SM FT OPF,0.0
2024-04-30 10:00:00,SM GF,2.11
2024-04-30 10:00:00,SM KV OPF,0.0
2024-04-30 10:00:00,SM NPI,1.653209648
2024-04-30 10:00:00,SM TLO,3.43
2024-04-30 10:30:00,IB GF,0.0
2024-04-30 10:30:00,IB NPI,2.5
2024-04-30 10:30:00,IB OPF,64.18
2024-04-30 10:30:00,SM FT OPF,0.0
2024-04-30 10:30:00,SM GF,2.11
2024-04-30 10:30:00,SM KV OPF,0.0
2024-04-30 10:30:00,SM NPI,1.715459591
2024-04-30 10:30:00,SM TLO,3.43
2024-04-30 11:00:00,IB GF,0.0
2024-04-30 11:00:00,IB NPI,2.5
2024-04-30 11:00:00,IB OPF,64.18
2024-04-30 11:00:00,SM FT OPF,0.0
2024-04-30 11:00:00,SM GF,2.11
2024-04-30 11:00:00,SM KV OPF,0.0
2024-04-30 11:00:00,SM NPI,1.769272343
2024-04-30 11:00:00,SM TLO,3.43
2024-04-30 11:30:00,IB GF,0.0
2024-04-30 11:30:00,IB NPI,2.5
2024-04-30 11:30:00,IB OPF,64.18
2024-04-30 11:30:00,SM FT OPF,0.0
2024-04-30 11:30:00,SM GF,2.11
2024-04-30 11:30:00,SM KV OPF,0.0
2024-04-30 11:30:00,SM NPI,1.81559574
2024-04-30 11:30:00,SM TLO,3.43
2024-04-30 12:00:00,IB GF,0.0
2024-04-30 12:00:00,IB NPI,2.5
2024-04-30 12:00:00,IB OPF,64.18
2024-04-30 12:00:00,SM FT OPF,0.0
2024-04-30 12:00:00,SM GF,2.11
2024-04-30 12:00:00,SM KV OPF,0.0
2024-04-30 12:00:00,SM NPI,1.853144734
2024-04-30 12:00:00,SM TLO,3.43
2024-04-30 12:30:00,IB GF,0.0
2024-04-30 12:30:00,IB NPI,2.5
2024-04-30 12:30:00,IB OPF,64.18
2024-04-30 12:30:00,SM FT OPF,0.0
2024-04-30 12:30:00,SM GF,2.11
2024-04-30 12:30:00,SM KV OPF,0.0
2024-04-30 12:30:00,SM NPI,1.88553656
2024-04-30 12:30:00,SM TLO,3.43
2024-04-30 13:00:00,IB GF,0.0
2024-04-30 13:00:00,IB NPI,2.5
2024-04-30 13:00:00,IB OPF,64.18
2024-04-30 13:00:00,SM FT OPF,0.0
2024-04-30 13:00:00,SM GF,2.11
2024-04-30 13:00:00,SM KV OPF,0.0
2024-04-30 13:00:00,SM NPI,1.927966359
2024-04-30 13:00:00,SM TLO,3.43
2024-04-30 13:30:00,IB GF,0.0
2024-04-30 13:30:00,IB NPI,2.5
2024-04-30 13:30:00,IB OPF,64.18
2024-04-30 13:30:00,SM FT OPF,0.0
2024-04-30 13:30:00,SM GF,2.11
2024-04-30 13:30:00,SM KV OPF,0.0
2024-04-30 13:30:00,SM NPI,1.97757016
2024-04-30 13:30:00,SM TLO,3.43
2024-04-30 14:00:00,IB GF,0.0
2024-04-30 14:00:00,IB NPI,2.5
2024-04-30 14:00:00,IB OPF,64.18
2024-04-30 14:00:00,SM FT OPF,0.0
2024-04-30 14:00:00,SM GF,2.11
2024-04-30 14:00:00,SM KV OPF,0.0
2024-04-30 14:00:00,SM NPI,2.04654332
2024-04-30 14:00:00,SM TLO,3.43
2024-04-30 14:30:00,IB GF,0.0
2024-04-30 14:30:00,IB NPI,2.5
2024-04-30 14:30:00,IB OPF,64.18
2024-04-30 14:30:00,SM FT OPF,0.0
2024-04-30 14:30:00,SM GF,2.11
2024-04-30 14:30:00,SM KV OPF,0.0
2024-04-30 14:30:00,SM NPI,2.092260323
2024-04-30 14:30:00,SM TLO,3.43
2024-04-30 15:00:00,IB GF,0.0
2024-04-30 15:00:00,IB NPI,2.5
2024-04-30 15:00:00,IB OPF,64.18
2024-04-30 15:00:00,SM FT OPF,0.0
2024-04-30 15:00:00,SM GF,2.11
2024-04-30 15:00:00,SM KV OPF,0.0
2024-04-30 15:00:00,SM NPI,2.121645408
2024-04-30 15:00:00,SM TLO,3.43
2024-04-30 15:30:00,IB GF,0.0
2024-04-30 15:30:00,IB NPI,2.5
2024-04-30 15:30:00,IB OPF,64.18
2024-04-30 15:30:00,SM FT OPF,0.0
2024-04-30 15:30:00,SM GF,2.11
2024-04-30 15:30:00,SM KV OPF,0.0
2024-04-30 15:30:00,SM NPI,2.173169763
2024-04-30 15:30:00,SM TLO,3.43
2024-04-30 16:00:00,IB GF,0.0
2024-04-30 16:00:00,IB NPI,2.5
2024-04-30 16:00:00,IB OPF,64.18
2024-04-30 16:00:00,SM FT OPF,0.0
2024-04-30 16:00:00,SM GF,2.11
2024-04-30 16:00:00,SM KV OPF,0.0
2024-04-30 16:00:00,SM NPI,2.173543274
2024-04-30 16:00:00,SM TLO,3.43
2024-04-30 16:30:00,IB GF,0.0
2024-04-30 16:30:00,IB NPI,2.5
2024-04-30 16:30:00,IB OPF,64.18
2024-04-30 16:30:00,SM FT OPF,0.0
2024-04-30 16:30:00,SM GF,2.11
2024-04-30 16:30:00,SM KV OPF,0.0
2024-04-30 16:30:00,SM NPI,2.111004615
2024-04-30 16:30:00,SM TLO,3.43
2024-04-30 17:00:00,IB GF,0.0
2024-04-30 17:00:00,IB NPI,2.5
2024-04-30 17:00:00,IB OPF,64.18
2024-04-30 17:00:00,SM FT OPF,0.0
2024-04-30 17:00:00,SM GF,2.11
2024-04-30 17:00:00,SM KV OPF,0.0
2024-04-30 17:00:00,SM NPI,2.063794712
2024-04-30 17:00:00,SM TLO,3.43
2024-04-30 17:30:00,IB GF,0.0
2024-04-30 17:30:00,IB NPI,2.5
2024-04-30 17:30:00,IB OPF,64.18
2024-04-30 17:30:00,SM FT OPF,0.0
2024-04-30 17:30:00,SM GF,2.11
2024-04-30 17:30:00,SM KV OPF,0.0
2024-04-30 17:30:00,SM NPI,2.108888248
2024-04-30 17:30:00,SM TLO,3.43
2024-04-30 18:00:00,IB GF,0.0
2024-04-30 18:00:00,IB NPI,2.5
2024-04-30 18:00:00,IB OPF,64.18
2024-04-30 18:00:00,SM FT OPF,0.0
2024-04-30 18:00:00,SM GF,2.11
2024-04-30 18:00:00,SM KV OPF,0.0
2024-04-30 18:00:00,SM NPI,2.229889808
2024-04-30 18:00:00,SM TLO,3.43
2024-04-30 18:30:00,IB GF,0.0
2024-04-30 18:30:00,IB NPI,2.5
2024-04-30 18:30:00,IB OPF,64.18
2024-04-30 18:30:00,SM FT OPF,0.0
2024-04-30 18:30:00,SM GF,2.11
2024-04-30 18:30:00,SM KV OPF,0.0
2024-04-30 18:30:00,SM NPI,2.313571403
2024-04-30 18:30:00,SM TLO,3.43
2024-04-30 19:00:00,IB GF,0.0
2024-04-30 19:00:00,IB NPI,2.5
2024-04-30 19:00:00,IB OPF,64.18
2024-04-30 19:00:00,SM FT OPF,0.0
2024-04-30 19:00:00,SM GF,2.11
2024-04-30 19:00:00,SM KV OPF,0.0
2024-04-30 19:00:00,SM NPI,2.348221917
2024-04-30 19:00:00,SM TLO,3.43
2024-04-30 19:30:00,IB GF,0.0
2024-04-30 19:30:00,IB NPI,2.5
2024-04-30 19:30:00,IB OPF,64.18
2024-04-30 19:30:00,SM FT OPF,0.0
2024-04-30 19:30:00,SM GF,2.11
2024-04-30 19:30:00,SM KV OPF,0.0
2024-04-30 19:30:00,SM NPI,2.255839569
2024-04-30 19:30:00,SM TLO,3.43
2024-04-30 20:00:00,IB GF,0.0
2024-04-30 20:00:00,IB NPI,2.5
2024-04-30 20:00:00,IB OPF,64.18
2024-04-30 20:00:00,SM FT OPF,0.0
2024-04-30 20:00:00,SM GF,2.11
2024-04-30 20:00:00,SM KV OPF,0.0
2024-04-30 20:00:00,SM NPI,2.069012348
2024-04-30 20:00:00,SM TLO,3.43
2024-04-30 20:30:00,IB GF,0.0
2024-04-30 20:30:00,IB NPI,2.5
2024-04-30 20:30:00,IB OPF,64.18
2024-04-30 20:30:00,SM FT OPF,0.0
2024-04-30 20:30:00,SM GF,2.11
2024-04-30 20:30:00,SM KV OPF,0.0
2024-04-30 20:30:00,SM NPI,1.869903069
2024-04-30 20:30:00,SM TLO,3.43
2024-04-30 21:00:00,IB GF,0.0
2024-04-30 21:00:00,IB NPI,2.5
2024-04-30 21:00:00,IB OPF,64.18
2024-04-30 21:00:00,SM FT OPF,0.0
2024-04-30 21:00:00,SM GF,2.11
2024-04-30 21:00:00,SM KV OPF,0.0
2024-04-30 21:00:00,SM NPI,1.702119887
2024-04-30 21:00:00,SM TLO,3.43
2024-04-30 21:30:00,IB GF,0.0
2024-04-30 21:30:00,IB NPI,2.5
2024-04-30 21:30:00,IB OPF,64.18
2024-04-30 21:30:00,SM FT OPF,0.0
2024-04-30 21:30:00,SM GF,2.11
2024-04-30 21:30:00,SM KV OPF,0.0
2024-04-30 21:30:00,SM NPI,1.605350906
2024-04-30 21:30:00,SM TLO,3.43
2024-04-30 22:00:00,IB GF,0.0
2024-04-30 22:00:00,IB NPI,2.5
2024-04-30 22:00:00,IB OPF,64.18
2024-04-30 22:00:00,SM FT OPF,0.0
2024-04-30 22:00:00,SM GF,2.11
2024-04-30 22:00:00,SM KV OPF,0.0
2024-04-30 22:00:00,SM NPI,1.522181363
2024-04-30 22:00:00,SM TLO,3.43
2024-04-30 22:30:00,IB GF,0.0
2024-04-30 22:30:00,IB NPI,2.5
2024-04-30 22:30:00,IB OPF,64.18
2024-04-30 22:30:00,SM FT OPF,0.0
2024-04-30 22:30:00,SM GF,2.11
2024-04-30 22:30:00,SM KV OPF,0.0
2024-04-30 22:30:00,SM NPI,1.447790994
2024-04-30 22:30:00,SM TLO,3.43
2024-04-30 23:00:00,IB GF,0.0
2024-04-30 23:00:00,IB NPI,2.5
2024-04-30 23:00:00,IB OPF,64.18
2024-04-30 23:00:00,SM FT OPF,0.0
2024-04-30 23:00:00,SM GF,2.11
2024-04-30 23:00:00,SM KV OPF,0.0
2024-04-30 23:00:00,SM NPI,1.388940817
2024-04-30 23:00:00,SM TLO,3.43
2024-04-30 23:30:00,IB GF,0.0
2024-04-30 23:30:00,IB NPI,2.5
2024-04-30 23:30:00,IB OPF,64.18
2024-04-30 23:30:00,SM FT OPF,0.0
2024-04-30 23:30:00,SM GF,2.11
2024-04-30 23:30:00,SM KV OPF,0.0
2024-04-30 23:30:00,SM NPI,1.347090027
2024-04-30 23:30:00,SM TLO,3.43
2024-05-01 00:00:00,IB GF,0.0
2024-05-01 00:00:00,IB NPI,2.5
2024-05-01 00:00:00,IB OPF,64.18
2024-05-01 00:00:00,SM FT OPF,0.0
2024-05-01 00:00:00,SM GF,2.11
2024-05-01 00:00:00,SM KV OPF,0.0
2024-05-01 00:00:00,SM NPI,1.303570563
2024-05-01 00:00:00,SM TLO,3.43
2024-05-01 00:30:00,IB GF,0.0
2024-05-01 00:30:00,IB NPI,2.5
2024-05-01 00:30:00,IB OPF,64.18
2024-05-01 00:30:00,SM FT OPF,0.0
2024-05-01 00:30:00,SM GF,2.11
2024-05-01 00:30:00,SM KV OPF,0.0
2024-05-01 00:30:00,SM NPI,1.274612867
2024-05-01 00:30:00,SM TLO,3.43
2024-05-01 01:00:00,IB GF,0.0
2024-05-01 01:00:00,IB NPI,2.5
2024-05-01 01:00:00,IB OPF,64.18
2024-05-01 01:00:00,SM FT OPF,0.0
2024-05-01 01:00:00,SM GF,2.11
2024-05-01 01:00:00,SM KV OPF,0.0
2024-05-01 01:00:00,SM NPI,1.257976573
2024-05-01 01:00:00,SM TLO,3.43
2024-05-01 01:30:00,IB GF,0.0
2024-05-01 01:30:00,IB NPI,2.5
2024-05-01 01:30:00,IB OPF,64.18
2024-05-01 01:30:00,SM FT OPF,0.0
2024-05-01 01:30:00,SM GF,2.11
2024-05-01 01:30:00,SM KV OPF,0.0
2024-05-01 01:30:00,SM NPI,1.241751464
2024-05-01 01:30:00,SM TLO,3.43
2024-05-01 02:00:00,IB GF,0.0
2024-05-01 02:00:00,IB NPI,2.5
2024-05-01 02:00:00,IB OPF,64.18
2024-05-01 02:00:00,SM FT OPF,0.0
2024-05-01 02:00:00,SM GF,2.11
2024-05-01 02:00:00,SM KV OPF,0.0
2024-05-01 02:00:00,SM NPI,1.234854924
2024-05-01 02:00:00,SM TLO,3.43
2024-05-01 02:30:00,IB GF,0.0
2024-05-01 02:30:00,IB NPI,2.5
2024-05-01 02:30:00,IB OPF,64.18
2024-05-01 02:30:00,SM FT OPF,0.0
2024-05-01 02:30:00,SM GF,2.11
2024-05-01 02:30:00,SM KV OPF,0.0
2024-05-01 02:30:00,SM NPI,1.236893473
2024-05-01 02:30:00,SM TLO,3.43
2024-05-01 03:00:00,IB GF,0.0
2024-05-01 03:00:00,IB NPI,2.5
2024-05-01 03:00:00,IB OPF,64.18
2024-05-01 03:00:00,SM FT OPF,0.0
2024-05-01 03:00:00,SM GF,2.11
2024-05-01 03:00:00,SM KV OPF,0.0
2024-05-01 03:00:00,SM NPI,1.248293533
2024-05-01 03:00:00,SM TLO,3.43
2024-05-01 03:30:00,IB GF,0.0
2024-05-01 03:30:00,IB NPI,2.5
2024-05-01 03:30:00,IB OPF,64.18
2024-05-01 03:30:00,SM FT OPF,0.0
2024-05-01 03:30:00,SM GF,2.11
2024-05-01 03:30:00,SM KV OPF,0.0
2024-05-01 03:30:00,SM NPI,1.329037662
2024-05-01 03:30:00,SM TLO,3.43
2024-05-01 04:00:00,IB GF,0.0
2024-05-01 04:00:00,IB NPI,2.5
2024-05-01 04:00:00,IB OPF,64.18
2024-05-01 04:00:00,SM FT OPF,0.0
2024-05-01 04:00:00,SM GF,2.11
2024-05-01 04:00:00,SM KV OPF,0.0
2024-05-01 04:00:00,SM NPI,1.465851247
2024-05-01 04:00:00,SM TLO,3.43
2024-05-01 04:30:00,IB GF,0.0
2024-05-01 04:30:00,IB NPI,2.5
2024-05-01 04:30:00,IB OPF,64.18
2024-05-01 04:30:00,SM FT OPF,0.0
2024-05-01 04:30:00,SM GF,2.11
2024-05-01 04:30:00,SM KV OPF,0.0
2024-05-01 04:30:00,SM NPI,1.522922111
2024-05-01 04:30:00,SM TLO,3.43
2024-05-01 05:00:00,IB GF,0.0
2024-05-01 05:00:00,IB NPI,2.5
2024-05-01 05:00:00,IB OPF,64.18
2024-05-01 05:00:00,SM FT OPF,0.0
2024-05-01 05:00:00,SM GF,2.11
2024-05-01 05:00:00,SM KV OPF,0.0
2024-05-01 05:00:00,SM NPI,1.485326826
2024-05-01 05:00:00,SM TLO,3.43
2024-05-01 05:30:00,IB GF,0.0
2024-05-01 05:30:00,IB NPI,2.5
2024-05-01 05:30:00,IB OPF,64.18
2024-05-01 05:30:00,SM FT OPF,0.0
2024-05-01 05:30:00,SM GF,2.11
2024-05-01 05:30:00,SM KV OPF,0.0
2024-05-01 05:30:00,SM NPI,1.460326128
2024-05-01 05:30:00,SM TLO,3.43
2024-05-01 06:00:00,IB GF,0.0
2024-05-01 06:00:00,IB NPI,2.5
2024-05-01 06:00:00,IB OPF,69.5
2024-05-01 06:00:00,SM FT OPF,0.0
2024-05-01 06:00:00,SM GF,2.11
2024-05-01 06:00:00,SM KV OPF,0.0
2024-05-01 06:00:00,SM NPI,1.498584528
2024-05-01 06:00:00,SM TLO,3.43
2024-05-01 06:30:00,IB GF,0.0
2024-05-01 06:30:00,IB NPI,2.5
2024-05-01 06:30:00,IB OPF,69.5
2024-05-01 06:30:00,SM FT OPF,0.0
2024-05-01 06:30:00,SM GF,2.11
2024-05-01 06:30:00,SM KV OPF,0.0
2024-05-01 06:30:00,SM NPI,1.525265668
2024-05-01 06:30:00,SM TLO,3.43
2024-05-01 07:00:00,IB GF,0.0
2024-05-01 07:00:00,IB NPI,2.5
2024-05-01 07:00:00,IB OPF,69.5
2024-05-01 07:00:00,SM FT OPF,0.0
2024-05-01 07:00:00,SM GF,2.11
2024-05-01 07:00:00,SM KV OPF,0.0
2024-05-01 07:00:00,SM NPI,1.549342224
2024-05-01 07:00:00,SM TLO,3.43
2024-05-01 07:30:00,IB GF,0.0
2024-05-01 07:30:00,IB NPI,2.5
2024-05-01 07:30:00,IB OPF,69.5
2024-05-01 07:30:00,SM FT OPF,0.0
2024-05-01 07:30:00,SM GF,2.11
2024-05-01 07:30:00,SM KV OPF,0.0
2024-05-01 07:30:00,SM NPI,1.548936348
2024-05-01 07:30:00,SM TLO,3.43
2024-05-01 08:00:00,IB GF,0.0
2024-05-01 08:00:00,IB NPI,2.5
2024-05-01 08:00:00,IB OPF,69.5
2024-05-01 08:00:00,SM FT OPF,0.0
2024-05-01 08:00:00,SM GF,2.11
2024-05-01 08:00:00,SM KV OPF,0.0
2024-05-01 08:00:00,SM NPI,1.536637069
2024-05-01 08:00:00,SM TLO,3.43
2024-05-01 08:30:00,IB GF,0.0
2024-05-01 08:30:00,IB NPI,2.5
2024-05-01 08:30:00,IB OPF,69.5
2024-05-01 08:30:00,SM FT OPF,0.0
2024-05-01 08:30:00,SM GF,2.11
2024-05-01 08:30:00,SM KV OPF,0.0
2024-05-01 08:30:00,SM NPI,1.521452966
2024-05-01 08:30:00,SM TLO,3.43
2024-05-01 09:00:00,IB GF,0.0
2024-05-01 09:00:00,IB NPI,2.5
2024-05-01 09:00:00,IB OPF,69.5
2024-05-01 09:00:00,SM FT OPF,0.0
2024-05-01 09:00:00,SM GF,2.11
2024-05-01 09:00:00,SM KV OPF,0.0
2024-05-01 09:00:00,SM NPI,1.515564188
2024-05-01 09:00:00,SM TLO,3.43
2024-05-01 09:30:00,IB GF,0.0
2024-05-01 09:30:00,IB NPI,2.5
2024-05-01 09:30:00,IB OPF,69.5
2024-05-01 09:30:00,SM FT OPF,0.0
2024-05-01 09:30:00,SM GF,2.11
2024-05-01 09:30:00,SM KV OPF,0.0
2024-05-01 09:30:00,SM NPI,1.567665873
2024-05-01 09:30:00,SM TLO,3.43
2024-05-01 10:00:00,IB GF,0.0
2024-05-01 10:00:00,IB NPI,2.5
2024-05-01 10:00:00,IB OPF,69.5
2024-05-01 10:00:00,SM FT OPF,0.0
2024-05-01 10:00:00,SM GF,2.11
2024-05-01 10:00:00,SM KV OPF,0.0
2024-05-01 10:00:00,SM NPI,1.643541755
2024-05-01 10:00:00,SM TLO,3.43
2024-05-01 10:30:00,IB GF,0.0
2024-05-01 10:30:00,IB NPI,2.5
2024-05-01 10:30:00,IB OPF,69.5
2024-05-01 10:30:00,SM FT OPF,0.0
2024-05-01 10:30:00,SM GF,2.11
2024-05-01 10:30:00,SM KV OPF,0.0
2024-05-01 10:30:00,SM NPI,1.705427664
2024-05-01 10:30:00,SM TLO,3.43
2024-05-01 11:00:00,IB GF,0.0
2024-05-01 11:00:00,IB NPI,2.5
2024-05-01 11:00:00,IB OPF,69.5
2024-05-01 11:00:00,SM FT OPF,0.0
2024-05-01 11:00:00,SM GF,2.11
2024-05-01 11:00:00,SM KV OPF,0.0
2024-05-01 11:00:00,SM NPI,1.758925721
2024-05-01 11:00:00,SM TLO,3.43
2024-05-01 11:30:00,IB GF,0.0
2024-05-01 11:30:00,IB NPI,2.5
2024-05-01 11:30:00,IB OPF,69.5
2024-05-01 11:30:00,SM FT OPF,0.0
2024-05-01 11:30:00,SM GF,2.11
2024-05-01 11:30:00,SM KV OPF,0.0
2024-05-01 11:30:00,SM NPI,1.804978221
2024-05-01 11:30:00,SM TLO,3.43
2024-05-01 12:00:00,IB GF,0.0
2024-05-01 12:00:00,IB NPI,2.5
2024-05-01 12:00:00,IB OPF,69.5
2024-05-01 12:00:00,SM FT OPF,0.0
2024-05-01 12:00:00,SM GF,2.11
2024-05-01 12:00:00,SM KV OPF,0.0
2024-05-01 12:00:00,SM NPI,1.84230763
2024-05-01 12:00:00,SM TLO,3.43
2024-05-01 12:30:00,IB GF,0.0
2024-05-01 12:30:00,IB NPI,2.5
2024-05-01 12:30:00,IB OPF,69.5
2024-05-01 12:30:00,SM FT OPF,0.0
2024-05-01 12:30:00,SM GF,2.11
2024-05-01 12:30:00,SM KV OPF,0.0
2024-05-01 12:30:00,SM NPI,1.87451003
2024-05-01 12:30:00,SM TLO,3.43
2024-05-01 13:00:00,IB GF,0.0
2024-05-01 13:00:00,IB NPI,2.5
2024-05-01 13:00:00,IB OPF,69.5
2024-05-01 13:00:00,SM FT OPF,0.0
2024-05-01 13:00:00,SM GF,2.11
2024-05-01 13:00:00,SM KV OPF,0.0
2024-05-01 13:00:00,SM NPI,1.916691702
2024-05-01 13:00:00,SM TLO,3.43
2024-05-01 13:30:00,IB GF,0.0
2024-05-01 13:30:00,IB NPI,2.5
2024-05-01 13:30:00,IB OPF,69.5
2024-05-01 13:30:00,SM FT OPF,0.0
2024-05-01 13:30:00,SM GF,2.11
2024-05-01 13:30:00,SM KV OPF,0.0
2024-05-01 13:30:00,SM NPI,1.966005422
2024-05-01 13:30:00,SM TLO,3.43
2024-05-01 14:00:00,IB GF,0.0
2024-05-01 14:00:00,IB NPI,2.5
2024-05-01 14:00:00,IB OPF,69.5
2024-05-01 14:00:00,SM FT OPF,0.0
2024-05-01 14:00:00,SM GF,2.11
2024-05-01 14:00:00,SM KV OPF,0.0
2024-05-01 14:00:00,SM NPI,2.03457523
2024-05-01 14:00:00,SM TLO,3.43
2024-05-01 14:30:00,IB GF,0.0
2024-05-01 14:30:00,IB NPI,2.5
2024-05-01 14:30:00,IB OPF,69.5
2024-05-01 14:30:00,SM FT OPF,0.0
2024-05-01 14:30:00,SM GF,2.11
2024-05-01 14:30:00,SM KV OPF,0.0
2024-05-01 14:30:00,SM NPI,2.080024883
2024-05-01 14:30:00,SM TLO,3.43
2024-05-01 15:00:00,IB GF,0.0
2024-05-01 15:00:00,IB NPI,2.5
2024-05-01 15:00:00,IB OPF,69.5
2024-05-01 15:00:00,SM FT OPF,0.0
2024-05-01 15:00:00,SM GF,2.11
2024-05-01 15:00:00,SM KV OPF,0.0
2024-05-01 15:00:00,SM NPI,2.109238125
2024-05-01 15:00:00,SM TLO,3.43
2024-05-01 15:30:00,IB GF,0.0
2024-05-01 15:30:00,IB NPI,2.5
2024-05-01 15:30:00,IB OPF,69.5
2024-05-01 15:30:00,SM FT OPF,0.0
2024-05-01 15:30:00,SM GF,2.11
2024-05-01 15:30:00,SM KV OPF,0.0
2024-05-01 15:30:00,SM NPI,2.160461168
2024-05-01 15:30:00,SM TLO,3.43
2024-05-01 16:00:00,IB GF,0.0
2024-05-01 16:00:00,IB NPI,2.5
2024-05-01 16:00:00,IB OPF,69.5
2024-05-01 16:00:00,SM FT OPF,0.0
2024-05-01 16:00:00,SM GF,2.11
2024-05-01 16:00:00,SM KV OPF,0.0
2024-05-01 16:00:00,SM NPI,2.160832494
2024-05-01 16:00:00,SM TLO,3.43
2024-05-01 16:30:00,IB GF,0.0
2024-05-01 16:30:00,IB NPI,2.5
2024-05-01 16:30:00,IB OPF,69.5
2024-05-01 16:30:00,SM FT OPF,0.0
2024-05-01 16:30:00,SM GF,2.11
2024-05-01 16:30:00,SM KV OPF,0.0
2024-05-01 16:30:00,SM NPI,2.098659559
2024-05-01 16:30:00,SM TLO,3.43
2024-05-01 17:00:00,IB GF,0.0
2024-05-01 17:00:00,IB NPI,2.5
2024-05-01 17:00:00,IB OPF,69.5
2024-05-01 17:00:00,SM FT OPF,0.0
2024-05-01 17:00:00,SM GF,2.11
2024-05-01 17:00:00,SM KV OPF,0.0
2024-05-01 17:00:00,SM NPI,2.051725737
2024-05-01 17:00:00,SM TLO,3.43
2024-05-01 17:30:00,IB GF,0.0
2024-05-01 17:30:00,IB NPI,2.5
2024-05-01 17:30:00,IB OPF,69.5
2024-05-01 17:30:00,SM FT OPF,0.0
2024-05-01 17:30:00,SM GF,2.11
2024-05-01 17:30:00,SM KV OPF,0.0
2024-05-01 17:30:00,SM NPI,2.096555569
2024-05-01 17:30:00,SM TLO,3.43
2024-05-01 18:00:00,IB GF,0.0
2024-05-01 18:00:00,IB NPI,2.5
2024-05-01 18:00:00,IB OPF,69.5
2024-05-01 18:00:00,SM FT OPF,0.0
2024-05-01 18:00:00,SM GF,2.11
2024-05-01 18:00:00,SM KV OPF,0.0
2024-05-01 18:00:00,SM NPI,2.216849517
2024-05-01 18:00:00,SM TLO,3.43
2024-05-01 18:30:00,IB GF,0.0
2024-05-01 18:30:00,IB NPI,2.5
2024-05-01 18:30:00,IB OPF,69.5
2024-05-01 18:30:00,SM FT OPF,0.0
2024-05-01 18:30:00,SM GF,2.11
2024-05-01 18:30:00,SM KV OPF,0.0
2024-05-01 18:30:00,SM NPI,2.300041745
2024-05-01 18:30:00,SM TLO,3.43
2024-05-01 19:00:00,IB GF,0.0
2024-05-01 19:00:00,IB NPI,2.5
2024-05-01 19:00:00,IB OPF,69.5
2024-05-01 19:00:00,SM FT OPF,0.0
2024-05-01 19:00:00,SM GF,2.11
2024-05-01 19:00:00,SM KV OPF,0.0
2024-05-01 19:00:00,SM NPI,2.334489625
2024-05-01 19:00:00,SM TLO,3.43
2024-05-01 19:30:00,IB GF,0.0
2024-05-01 19:30:00,IB NPI,2.5
2024-05-01 19:30:00,IB OPF,69.5
2024-05-01 19:30:00,SM FT OPF,0.0
2024-05-01 19:30:00,SM GF,2.11
2024-05-01 19:30:00,SM KV OPF,0.0
2024-05-01 19:30:00,SM NPI,2.242647525
2024-05-01 19:30:00,SM TLO,3.43
2024-05-01 20:00:00,IB GF,0.0
2024-05-01 20:00:00,IB NPI,2.5
2024-05-01 20:00:00,IB OPF,69.5
2024-05-01 20:00:00,SM FT OPF,0.0
2024-05-01 20:00:00,SM GF,2.11
2024-05-01 20:00:00,SM KV OPF,0.0
2024-05-01 20:00:00,SM NPI,2.056912861
2024-05-01 20:00:00,SM TLO,3.43
2024-05-01 20:30:00,IB GF,0.0
2024-05-01 20:30:00,IB NPI,2.5
2024-05-01 20:30:00,IB OPF,69.5
2024-05-01 20:30:00,SM FT OPF,0.0
2024-05-01 20:30:00,SM GF,2.11
2024-05-01 20:30:00,SM KV OPF,0.0
2024-05-01 20:30:00,SM NPI,1.858967963
2024-05-01 20:30:00,SM TLO,3.43
2024-05-01 21:00:00,IB GF,0.0
2024-05-01 21:00:00,IB NPI,2.5
2024-05-01 21:00:00,IB OPF,69.5
2024-05-01 21:00:00,SM FT OPF,0.0
2024-05-01 21:00:00,SM GF,2.11
2024-05-01 21:00:00,SM KV OPF,0.0
2024-05-01 21:00:00,SM NPI,1.69216597
2024-05-01 21:00:00,SM TLO,3.43
2024-05-01 21:30:00,IB GF,0.0
2024-05-01 21:30:00,IB NPI,2.5
2024-05-01 21:30:00,IB OPF,69.5
2024-05-01 21:30:00,SM FT OPF,0.0
2024-05-01 21:30:00,SM GF,2.11
2024-05-01 21:30:00,SM KV OPF,0.0
2024-05-01 21:30:00,SM NPI,1.595962889
2024-05-01 21:30:00,SM TLO,3.43
2024-05-01 22:00:00,IB GF,0.0
2024-05-01 22:00:00,IB NPI,2.5
2024-05-01 22:00:00,IB OPF,69.5
2024-05-01 22:00:00,SM FT OPF,0.0
2024-05-01 22:00:00,SM GF,2.11
2024-05-01 22:00:00,SM KV OPF,0.0
2024-05-01 22:00:00,SM NPI,1.513279717
2024-05-01 22:00:00,SM TLO,3.43
2024-05-01 22:30:00,IB GF,0.0
2024-05-01 22:30:00,IB NPI,2.5
2024-05-01 22:30:00,IB OPF,69.5
2024-05-01 22:30:00,SM FT OPF,0.0
2024-05-01 22:30:00,SM GF,2.11
2024-05-01 22:30:00,SM KV OPF,0.0
2024-05-01 22:30:00,SM NPI,1.43932438
2024-05-01 22:30:00,SM TLO,3.43
2024-05-01 23:00:00,IB GF,0.0
2024-05-01 23:00:00,IB NPI,2.5
2024-05-01 23:00:00,IB OPF,69.5
2024-05-01 23:00:00,SM FT OPF,0.0
2024-05-01 23:00:00,SM GF,2.11
2024-05-01 23:00:00,SM KV OPF,0.0
2024-05-01 23:00:00,SM NPI,1.380818356
2024-05-01 23:00:00,SM TLO,3.43
2024-05-01 23:30:00,IB GF,0.0
2024-05-01 23:30:00,IB NPI,2.5
2024-05-01 23:30:00,IB OPF,69.5
2024-05-01 23:30:00,SM FT OPF,0.0
2024-05-01 23:30:00,SM GF,2.11
2024-05-01 23:30:00,SM KV OPF,0.0
2024-05-01 23:30:00,SM NPI,1.339212308
2024-05-01 23:30:00,SM TLO,3.43
2024-05-02 00:00:00,IB GF,0.0
2024-05-02 00:00:00,IB NPI,2.5
2024-05-02 00:00:00,IB OPF,69.5
2024-05-02 00:00:00,SM FT OPF,0.0
2024-05-02 00:00:00,SM GF,2.11
2024-05-02 00:00:00,SM KV OPF,0.0
2024-05-02 00:00:00,SM NPI,1.295902501
2024-05-02 00:00:00,SM TLO,3.43
2024-05-02 00:30:00,IB GF,0.0
2024-05-02 00:30:00,IB NPI,2.5
2024-05-02 00:30:00,IB OPF,69.5
2024-05-02 00:30:00,SM FT OPF,0.0
2024-05-02 00:30:00,SM GF,2.11
2024-05-02 00:30:00,SM KV OPF,0.0
2024-05-02 00:30:00,SM NPI,1.267115145
2024-05-02 00:30:00,SM TLO,3.43
2024-05-02 01:00:00,IB GF,0.0
2024-05-02 01:00:00,IB NPI,2.5
2024-05-02 01:00:00,IB OPF,69.5
2024-05-02 01:00:00,SM FT OPF,0.0
2024-05-02 01:00:00,SM GF,2.11
2024-05-02 01:00:00,SM KV OPF,0.0
2024-05-02 01:00:00,SM NPI,1.25057671
2024-05-02 01:00:00,SM TLO,3.43
2024-05-02 01:30:00,IB GF,0.0
2024-05-02 01:30:00,IB NPI,2.5
2024-05-02 01:30:00,IB OPF,69.5
2024-05-02 01:30:00,SM FT OPF,0.0
2024-05-02 01:30:00,SM GF,2.11
2024-05-02 01:30:00,SM KV OPF,0.0
2024-05-02 01:30:00,SM NPI,1.234447043
2024-05-02 01:30:00,SM TLO,3.43
2024-05-02 02:00:00,IB GF,0.0
2024-05-02 02:00:00,IB NPI,2.5
2024-05-02 02:00:00,IB OPF,69.5
2024-05-02 02:00:00,SM FT OPF,0.0
2024-05-02 02:00:00,SM GF,2.11
2024-05-02 02:00:00,SM KV OPF,0.0
2024-05-02 02:00:00,SM NPI,1.227591072
2024-05-02 02:00:00,SM TLO,3.43
2024-05-02 02:30:00,IB GF,0.0
2024-05-02 02:30:00,IB NPI,2.5
2024-05-02 02:30:00,IB OPF,69.5
2024-05-02 02:30:00,SM FT OPF,0.0
2024-05-02 02:30:00,SM GF,2.11
2024-05-02 02:30:00,SM KV OPF,0.0
2024-05-02 02:30:00,SM NPI,1.229617629
2024-05-02 02:30:00,SM TLO,3.43
2024-05-02 03:00:00,IB GF,0.0
2024-05-02 03:00:00,IB NPI,2.5
2024-05-02 03:00:00,IB OPF,69.5
2024-05-02 03:00:00,SM FT OPF,0.0
2024-05-02 03:00:00,SM GF,2.11
2024-05-02 03:00:00,SM KV OPF,0.0
2024-05-02 03:00:00,SM NPI,1.24095063
2024-05-02 03:00:00,SM TLO,3.43
2024-05-02 03:30:00,IB GF,0.0
2024-05-02 03:30:00,IB NPI,2.5
2024-05-02 03:30:00,IB OPF,69.5
2024-05-02 03:30:00,SM FT OPF,0.0
2024-05-02 03:30:00,SM GF,2.11
2024-05-02 03:30:00,SM KV OPF,0.0
2024-05-02 03:30:00,SM NPI,1.321219793
2024-05-02 03:30:00,SM TLO,3.43
2024-05-02 04:00:00,IB GF,0.0
2024-05-02 04:00:00,IB NPI,2.5
2024-05-02 04:00:00,IB OPF,69.5
2024-05-02 04:00:00,SM FT OPF,0.0
2024-05-02 04:00:00,SM GF,2.11
2024-05-02 04:00:00,SM KV OPF,0.0
2024-05-02 04:00:00,SM NPI,1.457228593
2024-05-02 04:00:00,SM TLO,3.43
2024-05-02 04:30:00,IB GF,0.0
2024-05-02 04:30:00,IB NPI,2.5
2024-05-02 04:30:00,IB OPF,69.5
2024-05-02 04:30:00,SM FT OPF,0.0
2024-05-02 04:30:00,SM GF,2.11
2024-05-02 04:30:00,SM KV OPF,0.0
2024-05-02 04:30:00,SM NPI,1.513963746
2024-05-02 04:30:00,SM TLO,3.43
2024-05-02 05:00:00,IB GF,0.0
2024-05-02 05:00:00,IB NPI,2.5
2024-05-02 05:00:00,IB OPF,69.5
2024-05-02 05:00:00,SM FT OPF,0.0
2024-05-02 05:00:00,SM GF,2.11
2024-05-02 05:00:00,SM KV OPF,0.0
2024-05-02 05:00:00,SM NPI,1.47658961
2024-05-02 05:00:00,SM TLO,3.43
2024-05-02 05:30:00,IB GF,0.0
2024-05-02 05:30:00,IB NPI,2.5
2024-05-02 05:30:00,IB OPF,69.5
2024-05-02 05:30:00,SM FT OPF,0.0
2024-05-02 05:30:00,SM GF,2.11
2024-05-02 05:30:00,SM KV OPF,0.0
2024-05-02 05:30:00,SM NPI,1.451735974
2024-05-02 05:30:00,SM TLO,3.43
2024-05-02 06:00:00,IB GF,0.0
2024-05-02 06:00:00,IB NPI,2.5
2024-05-02 06:00:00,IB OPF,69.5
2024-05-02 06:00:00,SM FT OPF,0.0
2024-05-02 06:00:00,SM GF,2.11
2024-05-02 06:00:00,SM KV OPF,0.0
2024-05-02 06:00:00,SM NPI,1.489769325
2024-05-02 06:00:00,SM TLO,3.43
2024-05-02 06:30:00,IB GF,0.0
2024-05-02 06:30:00,IB NPI,2.5
2024-05-02 06:30:00,IB OPF,69.5
2024-05-02 06:30:00,SM FT OPF,0.0
2024-05-02 06:30:00,SM GF,2.11
2024-05-02 06:30:00,SM KV OPF,0.0
2024-05-02 06:30:00,SM NPI,1.516293517
2024-05-02 06:30:00,SM TLO,3.43
2024-05-02 07:00:00,IB GF,0.0
2024-05-02 07:00:00,IB NPI,2.5
2024-05-02 07:00:00,IB OPF,69.5
2024-05-02 07:00:00,SM FT OPF,0.0
2024-05-02 07:00:00,SM GF,2.11
2024-05-02 07:00:00,SM KV OPF,0.0
2024-05-02 07:00:00,SM NPI,1.540228446
2024-05-02 07:00:00,SM TLO,3.43
2024-05-02 07:30:00,IB GF,0.0
2024-05-02 07:30:00,IB NPI,2.5
2024-05-02 07:30:00,IB OPF,69.5
2024-05-02 07:30:00,SM FT OPF,0.0
2024-05-02 07:30:00,SM GF,2.11
2024-05-02 07:30:00,SM KV OPF,0.0
2024-05-02 07:30:00,SM NPI,1.539824958
2024-05-02 07:30:00,SM TLO,3.43
2024-05-02 08:00:00,IB GF,0.0
2024-05-02 08:00:00,IB NPI,2.5
2024-05-02 08:00:00,IB OPF,69.5
2024-05-02 08:00:00,SM FT OPF,0.0
2024-05-02 08:00:00,SM GF,2.11
2024-05-02 08:00:00,SM KV OPF,0.0
2024-05-02 08:00:00,SM NPI,1.527598027
2024-05-02 08:00:00,SM TLO,3.43
2024-05-02 08:30:00,IB GF,0.0
2024-05-02 08:30:00,IB NPI,2.5
2024-05-02 08:30:00,IB OPF,69.5
2024-05-02 08:30:00,SM FT OPF,0.0
2024-05-02 08:30:00,SM GF,2.11
2024-05-02 08:30:00,SM KV OPF,0.0
2024-05-02 08:30:00,SM NPI,1.512503242
2024-05-02 08:30:00,SM TLO,3.43
2024-05-02 09:00:00,IB GF,0.0
2024-05-02 09:00:00,IB NPI,2.5
2024-05-02 09:00:00,IB OPF,69.5
2024-05-02 09:00:00,SM FT OPF,0.0
2024-05-02 09:00:00,SM GF,2.11
2024-05-02 09:00:00,SM KV OPF,0.0
2024-05-02 09:00:00,SM NPI,1.506649105
2024-05-02 09:00:00,SM TLO,3.43
2024-05-02 09:30:00,IB GF,0.0
2024-05-02 09:30:00,IB NPI,2.5
2024-05-02 09:30:00,IB OPF,69.5
2024-05-02 09:30:00,SM FT OPF,0.0
2024-05-02 09:30:00,SM GF,2.11
2024-05-02 09:30:00,SM KV OPF,0.0
2024-05-02 09:30:00,SM NPI,1.558444309
2024-05-02 09:30:00,SM TLO,3.43
2024-05-02 10:00:00,IB GF,0.0
2024-05-02 10:00:00,IB NPI,2.5
2024-05-02 10:00:00,IB OPF,69.5
2024-05-02 10:00:00,SM FT OPF,0.0
2024-05-02 10:00:00,SM GF,2.11
2024-05-02 10:00:00,SM KV OPF,0.0
2024-05-02 10:00:00,SM NPI,1.633873862
2024-05-02 10:00:00,SM TLO,3.43
2024-05-02 10:30:00,IB GF,0.0
2024-05-02 10:30:00,IB NPI,2.5
2024-05-02 10:30:00,IB OPF,69.5
2024-05-02 10:30:00,SM FT OPF,0.0
2024-05-02 10:30:00,SM GF,2.11
2024-05-02 10:30:00,SM KV OPF,0.0
2024-05-02 10:30:00,SM NPI,1.695395736
2024-05-02 10:30:00,SM TLO,3.43
2024-05-02 11:00:00,IB GF,0.0
2024-05-02 11:00:00,IB NPI,2.5
2024-05-02 11:00:00,IB OPF,69.5
2024-05-02 11:00:00,SM FT OPF,0.0
2024-05-02 11:00:00,SM GF,2.11
2024-05-02 11:00:00,SM KV OPF,0.0
2024-05-02 11:00:00,SM NPI,1.748579099
2024-05-02 11:00:00,SM TLO,3.43
2024-05-02 11:30:00,IB GF,0.0
2024-05-02 11:30:00,IB NPI,2.5
2024-05-02 11:30:00,IB OPF,69.5
2024-05-02 11:30:00,SM FT OPF,0.0
2024-05-02 11:30:00,SM GF,2.11
2024-05-02 11:30:00,SM KV OPF,0.0
2024-05-02 11:30:00,SM NPI,1.794360702
2024-05-02 11:30:00,SM TLO,3.43
2024-05-02 12:00:00,IB GF,0.0
2024-05-02 12:00:00,IB NPI,2.5
2024-05-02 12:00:00,IB OPF,69.5
2024-05-02 12:00:00,SM FT OPF,0.0
2024-05-02 12:00:00,SM GF,2.11
2024-05-02 12:00:00,SM KV OPF,0.0
2024-05-02 12:00:00,SM NPI,1.831470526
2024-05-02 12:00:00,SM TLO,3.43
2024-05-02 12:30:00,IB GF,0.0
2024-05-02 12:30:00,IB NPI,2.5
2024-05-02 12:30:00,IB OPF,69.5
2024-05-02 12:30:00,SM FT OPF,0.0
2024-05-02 12:30:00,SM GF,2.11
2024-05-02 12:30:00,SM KV OPF,0.0
2024-05-02 12:30:00,SM NPI,1.863483501
2024-05-02 12:30:00,SM TLO,3.43
2024-05-02 13:00:00,IB GF,0.0
2024-05-02 13:00:00,IB NPI,2.5
2024-05-02 13:00:00,IB OPF,69.5
2024-05-02 13:00:00,SM FT OPF,0.0
2024-05-02 13:00:00,SM GF,2.11
2024-05-02 13:00:00,SM KV OPF,0.0
2024-05-02 13:00:00,SM NPI,1.905417045
2024-05-02 13:00:00,SM TLO,3.43
2024-05-02 13:30:00,IB GF,0.0
2024-05-02 13:30:00,IB NPI,2.5
2024-05-02 13:30:00,IB OPF,69.5
2024-05-02 13:30:00,SM FT OPF,0.0
2024-05-02 13:30:00,SM GF,2.11
2024-05-02 13:30:00,SM KV OPF,0.0
2024-05-02 13:30:00,SM NPI,1.954440684
2024-05-02 13:30:00,SM TLO,3.43
2024-05-02 14:00:00,IB GF,0.0
2024-05-02 14:00:00,IB NPI,2.5
2024-05-02 14:00:00,IB OPF,69.5
2024-05-02 14:00:00,SM FT OPF,0.0
2024-05-02 14:00:00,SM GF,2.11
2024-05-02 14:00:00,SM KV OPF,0.0
2024-05-02 14:00:00,SM NPI,2.022607141
2024-05-02 14:00:00,SM TLO,3.43
2024-05-02 14:30:00,IB GF,0.0
2024-05-02 14:30:00,IB NPI,2.5
2024-05-02 14:30:00,IB OPF,69.5
2024-05-02 14:30:00,SM FT OPF,0.0
2024-05-02 14:30:00,SM GF,2.11
2024-05-02 14:30:00,SM KV OPF,0.0
2024-05-02 14:30:00,SM NPI,2.067789442
2024-05-02 14:30:00,SM TLO,3.43
2024-05-02 15:00:00,IB GF,0.0
2024-05-02 15:00:00,IB NPI,2.5
2024-05-02 15:00:00,IB OPF,69.5
2024-05-02 15:00:00,SM FT OPF,0.0
2024-05-02 15:00:00,SM GF,2.11
2024-05-02 15:00:00,SM KV OPF,0.0
2024-05-02 15:00:00,SM NPI,2.096830842
2024-05-02 15:00:00,SM TLO,3.43
2024-05-02 15:30:00,IB GF,0.0
2024-05-02 15:30:00,IB NPI,2.5
2024-05-02 15:30:00,IB OPF,69.5
2024-05-02 15:30:00,SM FT OPF,0.0
2024-05-02 15:30:00,SM GF,2.11
2024-05-02 15:30:00,SM KV OPF,0.0
2024-05-02 15:30:00,SM NPI,2.147752573
2024-05-02 15:30:00,SM TLO,3.43
2024-05-02 16:00:00,IB GF,0.0
2024-05-02 16:00:00,IB NPI,2.5
2024-05-02 16:00:00,IB OPF,69.5
2024-05-02 16:00:00,SM FT OPF,0.0
2024-05-02 16:00:00,SM GF,2.11
2024-05-02 16:00:00,SM KV OPF,0.0
2024-05-02 16:00:00,SM NPI,2.148121715
2024-05-02 16:00:00,SM TLO,3.43
2024-05-02 16:30:00,IB GF,0.0
2024-05-02 16:30:00,IB NPI,2.5
2024-05-02 16:30:00,IB OPF,69.5
2024-05-02 16:30:00,SM FT OPF,0.0
2024-05-02 16:30:00,SM GF,2.11
2024-05-02 16:30:00,SM KV OPF,0.0
2024-05-02 16:30:00,SM NPI,2.086314502
2024-05-02 16:30:00,SM TLO,3.43
2024-05-02 17:00:00,IB GF,0.0
2024-05-02 17:00:00,IB NPI,2.5
2024-05-02 17:00:00,IB OPF,69.5
2024-05-02 17:00:00,SM FT OPF,0.0
2024-05-02 17:00:00,SM GF,2.11
2024-05-02 17:00:00,SM KV OPF,0.0
2024-05-02 17:00:00,SM NPI,2.039656762
2024-05-02 17:00:00,SM TLO,3.43
2024-05-02 17:30:00,IB GF,0.0
2024-05-02 17:30:00,IB NPI,2.5
2024-05-02 17:30:00,IB OPF,69.5
2024-05-02 17:30:00,SM FT OPF,0.0
2024-05-02 17:30:00,SM GF,2.11
2024-05-02 17:30:00,SM KV OPF,0.0
2024-05-02 17:30:00,SM NPI,2.084222889
2024-05-02 17:30:00,SM TLO,3.43
2024-05-02 18:00:00,IB GF,0.0
2024-05-02 18:00:00,IB NPI,2.5
2024-05-02 18:00:00,IB OPF,69.5
2024-05-02 18:00:00,SM FT OPF,0.0
2024-05-02 18:00:00,SM GF,2.11
2024-05-02 18:00:00,SM KV OPF,0.0
2024-05-02 18:00:00,SM NPI,2.203809226
2024-05-02 18:00:00,SM TLO,3.43
2024-05-02 18:30:00,IB GF,0.0
2024-05-02 18:30:00,IB NPI,2.5
2024-05-02 18:30:00,IB OPF,69.5
2024-05-02 18:30:00,SM FT OPF,0.0
2024-05-02 18:30:00,SM GF,2.11
2024-05-02 18:30:00,SM KV OPF,0.0
2024-05-02 18:30:00,SM NPI,2.286512088
2024-05-02 18:30:00,SM TLO,3.43
2024-05-02 19:00:00,IB GF,0.0
2024-05-02 19:00:00,IB NPI,2.5
2024-05-02 19:00:00,IB OPF,69.5
2024-05-02 19:00:00,SM FT OPF,0.0
2024-05-02 19:00:00,SM GF,2.11
2024-05-02 19:00:00,SM KV OPF,0.0
2024-05-02 19:00:00,SM NPI,2.320757333
2024-05-02 19:00:00,SM TLO,3.43
2024-05-02 19:30:00,IB GF,0.0
2024-05-02 19:30:00,IB NPI,2.5
2024-05-02 19:30:00,IB OPF,69.5
2024-05-02 19:30:00,SM FT OPF,0.0
2024-05-02 19:30:00,SM GF,2.11
2024-05-02 19:30:00,SM KV OPF,0.0
2024-05-02 19:30:00,SM NPI,2.229455481
2024-05-02 19:30:00,SM TLO,3.43
2024-05-02 20:00:00,IB GF,0.0
2024-05-02 20:00:00,IB NPI,2.5
2024-05-02 20:00:00,IB OPF,69.5
2024-05-02 20:00:00,SM FT OPF,0.0
2024-05-02 20:00:00,SM GF,2.11
2024-05-02 20:00:00,SM KV OPF,0.0
2024-05-02 20:00:00,SM NPI,2.044813373
2024-05-02 20:00:00,SM TLO,3.43
2024-05-02 20:30:00,IB GF,0.0
2024-05-02 20:30:00,IB NPI,2.5
2024-05-02 20:30:00,IB OPF,69.5
2024-05-02 20:30:00,SM FT OPF,0.0
2024-05-02 20:30:00,SM GF,2.11
2024-05-02 20:30:00,SM KV OPF,0.0
2024-05-02 20:30:00,SM NPI,1.848032858
2024-05-02 20:30:00,SM TLO,3.43
2024-05-02 21:00:00,IB GF,0.0
2024-05-02 21:00:00,IB NPI,2.5
2024-05-02 21:00:00,IB OPF,69.5
2024-05-02 21:00:00,SM FT OPF,0.0
2024-05-02 21:00:00,SM GF,2.11
2024-05-02 21:00:00,SM KV OPF,0.0
2024-05-02 21:00:00,SM NPI,1.682212052
2024-05-02 21:00:00,SM TLO,3.43
2024-05-02 21:30:00,IB GF,0.0
2024-05-02 21:30:00,IB NPI,2.5
2024-05-02 21:30:00,IB OPF,69.5
2024-05-02 21:30:00,SM FT OPF,0.0
2024-05-02 21:30:00,SM GF,2.11
2024-05-02 21:30:00,SM KV OPF,0.0
2024-05-02 21:30:00,SM NPI,1.586574872
2024-05-02 21:30:00,SM TLO,3.43
2024-05-02 22:00:00,IB GF,0.0
2024-05-02 22:00:00,IB NPI,2.5
2024-05-02 22:00:00,IB OPF,69.5
2024-05-02 22:00:00,SM FT OPF,0.0
2024-05-02 22:00:00,SM GF,2.11
2024-05-02 22:00:00,SM KV OPF,0.0
2024-05-02 22:00:00,SM NPI,1.504378072
2024-05-02 22:00:00,SM TLO,3.43
2024-05-02 22:30:00,IB GF,0.0
2024-05-02 22:30:00,IB NPI,2.5
2024-05-02 22:30:00,IB OPF,69.5
2024-05-02 22:30:00,SM FT OPF,0.0
2024-05-02 22:30:00,SM GF,2.11
2024-05-02 22:30:00,SM KV OPF,0.0
2024-05-02 22:30:00,SM NPI,1.430857766
2024-05-02 22:30:00,SM TLO,3.43
2024-05-02 23:00:00,IB GF,0.0
2024-05-02 23:00:00,IB NPI,2.5
2024-05-02 23:00:00,IB OPF,69.5
2024-05-02 23:00:00,SM FT OPF,0.0
2024-05-02 23:00:00,SM GF,2.11
2024-05-02 23:00:00,SM KV OPF,0.0
2024-05-02 23:00:00,SM NPI,1.372695895
2024-05-02 23:00:00,SM TLO,3.43
2024-05-02 23:30:00,IB GF,0.0
2024-05-02 23:30:00,IB NPI,2.5
2024-05-02 23:30:00,IB OPF,69.5
2024-05-02 23:30:00,SM FT OPF,0.0
2024-05-02 23:30:00,SM GF,2.11
2024-05-02 23:30:00,SM KV OPF,0.0
2024-05-02 23:30:00,SM NPI,1.331334589
2024-05-02 23:30:00,SM TLO,3.43
2024-05-03 00:00:00,IB GF,0.0
2024-05-03 00:00:00,IB NPI,2.5
2024-05-03 00:00:00,IB OPF,69.5
2024-05-03 00:00:00,SM FT OPF,0.0
2024-05-03 00:00:00,SM GF,2.11
2024-05-03 00:00:00,SM KV OPF,0.0
2024-05-03 00:00:00,SM NPI,1.288234438
2024-05-03 00:00:00,SM TLO,3.43
2024-05-03 00:30:00,IB GF,0.0
2024-05-03 00:30:00,IB NPI,2.5
2024-05-03 00:30:00,IB OPF,69.5
2024-05-03 00:30:00,SM FT OPF,0.0
2024-05-03 00:30:00,SM GF,2.11
2024-05-03 00:30:00,SM KV OPF,0.0
2024-05-03 00:30:00,SM NPI,1.259617422
2024-05-03 00:30:00,SM TLO,3.43
2024-05-03 01:00:00,IB GF,0.0
2024-05-03 01:00:00,IB NPI,2.5
2024-05-03 01:00:00,IB OPF,69.5
2024-05-03 01:00:00,SM FT OPF,0.0
2024-05-03 01:00:00,SM GF,2.11
2024-05-03 01:00:00,SM KV OPF,0.0
2024-05-03 01:00:00,SM NPI,1.243176848
2024-05-03 01:00:00,SM TLO,3.43
2024-05-03 01:30:00,IB GF,0.0
2024-05-03 01:30:00,IB NPI,2.5
2024-05-03 01:30:00,IB OPF,69.5
2024-05-03 01:30:00,SM FT OPF,0.0
2024-05-03 01:30:00,SM GF,2.11
2024-05-03 01:30:00,SM KV OPF,0.0
2024-05-03 01:30:00,SM NPI,1.227142623
2024-05-03 01:30:00,SM TLO,3.43
2024-05-03 02:00:00,IB GF,0.0
2024-05-03 02:00:00,IB NPI,2.5
2024-05-03 02:00:00,IB OPF,69.5
2024-05-03 02:00:00,SM FT OPF,0.0
2024-05-03 02:00:00,SM GF,2.11
2024-05-03 02:00:00,SM KV OPF,0.0
2024-05-03 02:00:00,SM NPI,1.220327219
2024-05-03 02:00:00,SM TLO,3.43
2024-05-03 02:30:00,IB GF,0.0
2024-05-03 02:30:00,IB NPI,2.5
2024-05-03 02:30:00,IB OPF,69.5
2024-05-03 02:30:00,SM FT OPF,0.0
2024-05-03 02:30:00,SM GF,2.11
2024-05-03 02:30:00,SM KV OPF,0.0
2024-05-03 02:30:00,SM NPI,1.222341785
2024-05-03 02:30:00,SM TLO,3.43
2024-05-03 03:00:00,IB GF,0.0
2024-05-03 03:00:00,IB NPI,2.5
2024-05-03 03:00:00,IB OPF,69.5
2024-05-03 03:00:00,SM FT OPF,0.0
2024-05-03 03:00:00,SM GF,2.11
2024-05-03 03:00:00,SM KV OPF,0.0
2024-05-03 03:00:00,SM NPI,1.233607727
2024-05-03 03:00:00,SM TLO,3.43
2024-05-03 03:30:00,IB GF,0.0
2024-05-03 03:30:00,IB NPI,2.5
2024-05-03 03:30:00,IB OPF,69.5
2024-05-03 03:30:00,SM FT OPF,0.0
2024-05-03 03:30:00,SM GF,2.11
2024-05-03 03:30:00,SM KV OPF,0.0
2024-05-03 03:30:00,SM NPI,1.313401925
2024-05-03 03:30:00,SM TLO,3.43
2024-05-03 04:00:00,IB GF,0.0
2024-05-03 04:00:00,IB NPI,2.5
2024-05-03 04:00:00,IB OPF,69.5
2024-05-03 04:00:00,SM FT OPF,0.0
2024-05-03 04:00:00,SM GF,2.11
2024-05-03 04:00:00,SM KV OPF,0.0
2024-05-03 04:00:00,SM NPI,1.448605938
2024-05-03 04:00:00,SM TLO,3.43
2024-05-03 04:30:00,IB GF,0.0
2024-05-03 04:30:00,IB NPI,2.5
2024-05-03 04:30:00,IB OPF,69.5
2024-05-03 04:30:00,SM FT OPF,0.0
2024-05-03 04:30:00,SM GF,2.11
2024-05-03 04:30:00,SM KV OPF,0.0
2024-05-03 04:30:00,SM NPI,1.50500538
2024-05-03 04:30:00,SM TLO,3.43
2024-05-03 05:00:00,IB GF,0.0
2024-05-03 05:00:00,IB NPI,2.5
2024-05-03 05:00:00,IB OPF,69.5
2024-05-03 05:00:00,SM FT OPF,0.0
2024-05-03 05:00:00,SM GF,2.11
2024-05-03 05:00:00,SM KV OPF,0.0
2024-05-03 05:00:00,SM NPI,1.467852393
2024-05-03 05:00:00,SM TLO,3.43
2024-05-03 05:30:00,IB GF,0.0
2024-05-03 05:30:00,IB NPI,2.5
2024-05-03 05:30:00,IB OPF,69.5
2024-05-03 05:30:00,SM FT OPF,0.0
2024-05-03 05:30:00,SM GF,2.11
2024-05-03 05:30:00,SM KV OPF,0.0
2024-05-03 05:30:00,SM NPI,1.44314582
2024-05-03 05:30:00,SM TLO,3.43
2024-05-03 06:00:00,IB GF,0.0
2024-05-03 06:00:00,IB NPI,2.5
2024-05-03 06:00:00,IB OPF,69.5
2024-05-03 06:00:00,SM FT OPF,0.0
2024-05-03 06:00:00,SM GF,2.11
2024-05-03 06:00:00,SM KV OPF,0.0
2024-05-03 06:00:00,SM NPI,1.480954121
2024-05-03 06:00:00,SM TLO,3.14
2024-05-03 06:30:00,IB GF,0.0
2024-05-03 06:30:00,IB NPI,2.5
2024-05-03 06:30:00,IB OPF,69.5
2024-05-03 06:30:00,SM FT OPF,0.0
2024-05-03 06:30:00,SM GF,2.11
2024-05-03 06:30:00,SM KV OPF,0.0
2024-05-03 06:30:00,SM NPI,1.507321366
2024-05-03 06:30:00,SM TLO,3.14
2024-05-03 07:00:00,IB GF,0.0
2024-05-03 07:00:00,IB NPI,2.5
2024-05-03 07:00:00,IB OPF,69.5
2024-05-03 07:00:00,SM FT OPF,0.0
2024-05-03 07:00:00,SM GF,2.11
2024-05-03 07:00:00,SM KV OPF,0.0
2024-05-03 07:00:00,SM NPI,1.531114668
2024-05-03 07:00:00,SM TLO,3.14
2024-05-03 07:30:00,IB GF,0.0
2024-05-03 07:30:00,IB NPI,2.5
2024-05-03 07:30:00,IB OPF,69.5
2024-05-03 07:30:00,SM FT OPF,0.0
2024-05-03 07:30:00,SM GF,2.11
2024-05-03 07:30:00,SM KV OPF,0.0
2024-05-03 07:30:00,SM NPI,1.530713568
2024-05-03 07:30:00,SM TLO,3.14
2024-05-03 08:00:00,IB GF,0.0
2024-05-03 08:00:00,IB NPI,2.5
2024-05-03 08:00:00,IB OPF,69.5
2024-05-03 08:00:00,SM FT OPF,0.0
2024-05-03 08:00:00,SM GF,2.11
2024-05-03 08:00:00,SM KV OPF,0.0
2024-05-03 08:00:00,SM NPI,1.518558985
2024-05-03 08:00:00,SM TLO,3.14
2024-05-03 08:30:00,IB GF,0.0
2024-05-03 08:30:00,IB NPI,2.5
2024-05-03 08:30:00,IB OPF,69.5
2024-05-03 08:30:00,SM FT OPF,0.0
2024-05-03 08:30:00,SM GF,2.11
2024-05-03 08:30:00,SM KV OPF,0.0
2024-05-03 08:30:00,SM NPI,1.503553519
2024-05-03 08:30:00,SM TLO,3.14
2024-05-03 09:00:00,IB GF,0.0
2024-05-03 09:00:00,IB NPI,2.5
2024-05-03 09:00:00,IB OPF,69.5
2024-05-03 09:00:00,SM FT OPF,0.0
2024-05-03 09:00:00,SM GF,2.11
2024-05-03 09:00:00,SM KV OPF,0.0
2024-05-03 09:00:00,SM NPI,1.497734021
2024-05-03 09:00:00,SM TLO,3.14
2024-05-03 09:30:00,IB GF,0.0
2024-05-03 09:30:00,IB NPI,2.5
2024-05-03 09:30:00,IB OPF,69.5
2024-05-03 09:30:00,SM FT OPF,0.0
2024-05-03 09:30:00,SM GF,2.11
2024-05-03 09:30:00,SM KV OPF,0.0
2024-05-03 09:30:00,SM NPI,1.549222745
2024-05-03 09:30:00,SM TLO,3.14
2024-05-03 10:00:00,IB GF,0.0
2024-05-03 10:00:00,IB NPI,2.5
2024-05-03 10:00:00,IB OPF,69.5
2024-05-03 10:00:00,SM FT OPF,0.0
2024-05-03 10:00:00,SM GF,2.11
2024-05-03 10:00:00,SM KV OPF,0.0
2024-05-03 10:00:00,SM NPI,1.62420597
2024-05-03 10:00:00,SM TLO,3.14
2024-05-03 10:30:00,IB GF,0.0
2024-05-03 10:30:00,IB NPI,2.5
2024-05-03 10:30:00,IB OPF,69.5
2024-05-03 10:30:00,SM FT OPF,0.0
2024-05-03 10:30:00,SM GF,2.11
2024-05-03 10:30:00,SM KV OPF,0.0
2024-05-03 10:30:00,SM NPI,1.685363809
2024-05-03 10:30:00,SM TLO,3.14
2024-05-03 11:00:00,IB GF,0.0
2024-05-03 11:00:00,IB NPI,2.5
2024-05-03 11:00:00,IB OPF,69.5
2024-05-03 11:00:00,SM FT OPF,0.0
2024-05-03 11:00:00,SM GF,2.11
2024-05-03 11:00:00,SM KV OPF,0.0
2024-05-03 11:00:00,SM NPI,1.738232477
2024-05-03 11:00:00,SM TLO,3.14
2024-05-03 11:30:00,IB GF,0.0
2024-05-03 11:30:00,IB NPI,2.5
2024-05-03 11:30:00,IB OPF,69.5
2024-05-03 11:30:00,SM FT OPF,0.0
2024-05-03 11:30:00,SM GF,2.11
2024-05-03 11:30:00,SM KV OPF,0.0
2024-05-03 11:30:00,SM NPI,1.783743183
2024-05-03 11:30:00,SM TLO,3.14
2024-05-03 12:00:00,IB GF,0.0
2024-05-03 12:00:00,IB NPI,2.5
2024-05-03 12:00:00,IB OPF,69.5
2024-05-03 12:00:00,SM FT OPF,0.0
2024-05-03 12:00:00,SM GF,2.11
2024-05-03 12:00:00,SM KV OPF,0.0
2024-05-03 12:00:00,SM NPI,1.820633423
2024-05-03 12:00:00,SM TLO,3.14
2024-05-03 12:30:00,IB GF,0.0
2024-05-03 12:30:00,IB NPI,2.5
2024-05-03 12:30:00,IB OPF,69.5
2024-05-03 12:30:00,SM FT OPF,0.0
2024-05-03 12:30:00,SM GF,2.11
2024-05-03 12:30:00,SM KV OPF,0.0
2024-05-03 12:30:00,SM NPI,1.852456971
2024-05-03 12:30:00,SM TLO,3.14
2024-05-03 13:00:00,IB GF,0.0
2024-05-03 13:00:00,IB NPI,2.5
2024-05-03 13:00:00,IB OPF,69.5
2024-05-03 13:00:00,SM FT OPF,0.0
2024-05-03 13:00:00,SM GF,2.11
2024-05-03 13:00:00,SM KV OPF,0.0
2024-05-03 13:00:00,SM NPI,1.894142388
2024-05-03 13:00:00,SM TLO,3.14
2024-05-03 13:30:00,IB GF,0.0
2024-05-03 13:30:00,IB NPI,2.5
2024-05-03 13:30:00,IB OPF,69.5
2024-05-03 13:30:00,SM FT OPF,0.0
2024-05-03 13:30:00,SM GF,2.11
2024-05-03 13:30:00,SM KV OPF,0.0
2024-05-03 13:30:00,SM NPI,1.942875946
2024-05-03 13:30:00,SM TLO,3.14
2024-05-03 14:00:00,IB GF,0.0
2024-05-03 14:00:00,IB NPI,2.5
2024-05-03 14:00:00,IB OPF,69.5
2024-05-03 14:00:00,SM FT OPF,0.0
2024-05-03 14:00:00,SM GF,2.11
2024-05-03 14:00:00,SM KV OPF,0.0
2024-05-03 14:00:00,SM NPI,2.010639051
2024-05-03 14:00:00,SM TLO,3.14
2024-05-03 14:30:00,IB GF,0.0
2024-05-03 14:30:00,IB NPI,2.5
2024-05-03 14:30:00,IB OPF,69.5
2024-05-03 14:30:00,SM FT OPF,0.0
2024-05-03 14:30:00,SM GF,2.11
2024-05-03 14:30:00,SM KV OPF,0.0
2024-05-03 14:30:00,SM NPI,2.055554002
2024-05-03 14:30:00,SM TLO,3.14
2024-05-03 15:00:00,IB GF,0.0
2024-05-03 15:00:00,IB NPI,2.5
2024-05-03 15:00:00,IB OPF,69.5
2024-05-03 15:00:00,SM FT OPF,0.0
2024-05-03 15:00:00,SM GF,2.11
2024-05-03 15:00:00,SM KV OPF,0.0
2024-05-03 15:00:00,SM NPI,2.084423559
2024-05-03 15:00:00,SM TLO,3.14
2024-05-03 15:30:00,IB GF,0.0
2024-05-03 15:30:00,IB NPI,2.5
2024-05-03 15:30:00,IB OPF,69.5
2024-05-03 15:30:00,SM FT OPF,0.0
2024-05-03 15:30:00,SM GF,2.11
2024-05-03 15:30:00,SM KV OPF,0.0
2024-05-03 15:30:00,SM NPI,2.135043978
2024-05-03 15:30:00,SM TLO,3.14
2024-05-03 16:00:00,IB GF,0.0
2024-05-03 16:00:00,IB NPI,2.5
2024-05-03 16:00:00,IB OPF,69.5
2024-05-03 16:00:00,SM FT OPF,0.0
2024-05-03 16:00:00,SM GF,2.11
2024-05-03 16:00:00,SM KV OPF,0.0
2024-05-03 16:00:00,SM NPI,2.135410936
2024-05-03 16:00:00,SM TLO,3.14
2024-05-03 16:30:00,IB GF,0.0
2024-05-03 16:30:00,IB NPI,2.5
2024-05-03 16:30:00,IB OPF,69.5
2024-05-03 16:30:00,SM FT OPF,0.0
2024-05-03 16:30:00,SM GF,2.11
2024-05-03 16:30:00,SM KV OPF,0.0
2024-05-03 16:30:00,SM NPI,2.073969446
2024-05-03 16:30:00,SM TLO,3.14
2024-05-03 17:00:00,IB GF,0.0
2024-05-03 17:00:00,IB NPI,2.5
2024-05-03 17:00:00,IB OPF,69.5
2024-05-03 17:00:00,SM FT OPF,0.0
2024-05-03 17:00:00,SM GF,2.11
2024-05-03 17:00:00,SM KV OPF,0.0
2024-05-03 17:00:00,SM NPI,2.027587787
2024-05-03 17:00:00,SM TLO,3.14
2024-05-03 17:30:00,IB GF,0.0
2024-05-03 17:30:00,IB NPI,2.5
2024-05-03 17:30:00,IB OPF,69.5
2024-05-03 17:30:00,SM FT OPF,0.0
2024-05-03 17:30:00,SM GF,2.11
2024-05-03 17:30:00,SM KV OPF,0.0
2024-05-03 17:30:00,SM NPI,2.071890209
2024-05-03 17:30:00,SM TLO,3.14
2024-05-03 18:00:00,IB GF,0.0
2024-05-03 18:00:00,IB NPI,2.5
2024-05-03 18:00:00,IB OPF,69.5
2024-05-03 18:00:00,SM FT OPF,0.0
2024-05-03 18:00:00,SM GF,2.11
2024-05-03 18:00:00,SM KV OPF,0.0
2024-05-03 18:00:00,SM NPI,2.190768934
2024-05-03 18:00:00,SM TLO,3.14
2024-05-03 18:30:00,IB GF,0.0
2024-05-03 18:30:00,IB NPI,2.5
2024-05-03 18:30:00,IB OPF,69.5
2024-05-03 18:30:00,SM FT OPF,0.0
2024-05-03 18:30:00,SM GF,2.11
2024-05-03 18:30:00,SM KV OPF,0.0
2024-05-03 18:30:00,SM NPI,2.272982431
2024-05-03 18:30:00,SM TLO,3.14
2024-05-03 19:00:00,IB GF,0.0
2024-05-03 19:00:00,IB NPI,2.5
2024-05-03 19:00:00,IB OPF,69.5
2024-05-03 19:00:00,SM FT OPF,0.0
2024-05-03 19:00:00,SM GF,2.11
2024-05-03 19:00:00,SM KV OPF,0.0
2024-05-03 19:00:00,SM NPI,2.307025041
2024-05-03 19:00:00,SM TLO,3.14
2024-05-03 19:30:00,IB GF,0.0
2024-05-03 19:30:00,IB NPI,2.5
2024-05-03 19:30:00,IB OPF,69.5
2024-05-03 19:30:00,SM FT OPF,0.0
2024-05-03 19:30:00,SM GF,2.11
2024-05-03 19:30:00,SM KV OPF,0.0
2024-05-03 19:30:00,SM NPI,2.216263436
2024-05-03 19:30:00,SM TLO,3.14
2024-05-03 20:00:00,IB GF,0.0
2024-05-03 20:00:00,IB NPI,2.5
2024-05-03 20:00:00,IB OPF,69.5
2024-05-03 20:00:00,SM FT OPF,0.0
2024-05-03 20:00:00,SM GF,2.11
2024-05-03 20:00:00,SM KV OPF,0.0
2024-05-03 20:00:00,SM NPI,2.032713886
2024-05-03 20:00:00,SM TLO,3.14
2024-05-03 20:30:00,IB GF,0.0
2024-05-03 20:30:00,IB NPI,2.5
2024-05-03 20:30:00,IB OPF,69.5
2024-05-03 20:30:00,SM FT OPF,0.0
2024-05-03 20:30:00,SM GF,2.11
2024-05-03 20:30:00,SM KV OPF,0.0
2024-05-03 20:30:00,SM NPI,1.837097752
2024-05-03 20:30:00,SM TLO,3.14
2024-05-03 21:00:00,IB GF,0.0
2024-05-03 21:00:00,IB NPI,2.5
2024-05-03 21:00:00,IB OPF,69.5
2024-05-03 21:00:00,SM FT OPF,0.0
2024-05-03 21:00:00,SM GF,2.11
2024-05-03 21:00:00,SM KV OPF,0.0
2024-05-03 21:00:00,SM NPI,1.672258135
2024-05-03 21:00:00,SM TLO,3.14
2024-05-03 21:30:00,IB GF,0.0
2024-05-03 21:30:00,IB NPI,2.5
2024-05-03 21:30:00,IB OPF,69.5
2024-05-03 21:30:00,SM FT OPF,0.0
2024-05-03 21:30:00,SM GF,2.11
2024-05-03 21:30:00,SM KV OPF,0.0
2024-05-03 21:30:00,SM NPI,1.577186855
2024-05-03 21:30:00,SM TLO,3.14
2024-05-03 22:00:00,IB GF,0.0
2024-05-03 22:00:00,IB NPI,2.5
2024-05-03 22:00:00,IB OPF,69.5
2024-05-03 22:00:00,SM FT OPF,0.0
2024-05-03 22:00:00,SM GF,2.11
2024-05-03 22:00:00,SM KV OPF,0.0
2024-05-03 22:00:00,SM NPI,1.495476426
2024-05-03 22:00:00,SM TLO,3.14
2024-05-03 22:30:00,IB GF,0.0
2024-05-03 22:30:00,IB NPI,2.5
2024-05-03 22:30:00,IB OPF,69.5
2024-05-03 22:30:00,SM FT OPF,0.0
2024-05-03 22:30:00,SM GF,2.11
2024-05-03 22:30:00,SM KV OPF,0.0
2024-05-03 22:30:00,SM NPI,1.422391152
2024-05-03 22:30:00,SM TLO,3.14
2024-05-03 23:00:00,IB GF,0.0
2024-05-03 23:00:00,IB NPI,2.5
2024-05-03 23:00:00,IB OPF,69.5
2024-05-03 23:00:00,SM FT OPF,0.0
2024-05-03 23:00:00,SM GF,2.11
2024-05-03 23:00:00,SM KV OPF,0.0
2024-05-03 23:00:00,SM NPI,1.364573434
2024-05-03 23:00:00,SM TLO,3.14
2024-05-03 23:30:00,IB GF,0.0
2024-05-03 23:30:00,IB NPI,2.5
2024-05-03 23:30:00,IB OPF,69.5
2024-05-03 23:30:00,SM FT OPF,0.0
2024-05-03 23:30:00,SM GF,2.11
2024-05-03 23:30:00,SM KV OPF,0.0
2024-05-03 23:30:00,SM NPI,1.323456869
2024-05-03 23:30:00,SM TLO,3.14
2024-05-04 00:00:00,IB GF,0.0
2024-05-04 00:00:00,IB NPI,2.5
2024-05-04 00:00:00,IB OPF,69.5
2024-05-04 00:00:00,SM FT OPF,0.0
2024-05-04 00:00:00,SM GF,2.11
2024-05-04 00:00:00,SM KV OPF,0.0
2024-05-04 00:00:00,SM NPI,1.288234438
2024-05-04 00:00:00,SM TLO,3.14
2024-05-04 00:30:00,IB GF,0.0
2024-05-04 00:30:00,IB NPI,2.5
2024-05-04 00:30:00,IB OPF,69.5
2024-05-04 00:30:00,SM FT OPF,0.0
2024-05-04 00:30:00,SM GF,2.11
2024-05-04 00:30:00,SM KV OPF,0.0
2024-05-04 00:30:00,SM NPI,1.259617422
2024-05-04 00:30:00,SM TLO,3.14
2024-05-04 01:00:00,IB GF,0.0
2024-05-04 01:00:00,IB NPI,2.5
2024-05-04 01:00:00,IB OPF,69.5
2024-05-04 01:00:00,SM FT OPF,0.0
2024-05-04 01:00:00,SM GF,2.11
2024-05-04 01:00:00,SM KV OPF,0.0
2024-05-04 01:00:00,SM NPI,1.243176848
2024-05-04 01:00:00,SM TLO,3.14
2024-05-04 01:30:00,IB GF,0.0
2024-05-04 01:30:00,IB NPI,2.5
2024-05-04 01:30:00,IB OPF,69.5
2024-05-04 01:30:00,SM FT OPF,0.0
2024-05-04 01:30:00,SM GF,2.11
2024-05-04 01:30:00,SM KV OPF,0.0
2024-05-04 01:30:00,SM NPI,1.227142623
2024-05-04 01:30:00,SM TLO,3.14
2024-05-04 02:00:00,IB GF,0.0
2024-05-04 02:00:00,IB NPI,2.5
2024-05-04 02:00:00,IB OPF,69.5
2024-05-04 02:00:00,SM FT OPF,0.0
2024-05-04 02:00:00,SM GF,2.11
2024-05-04 02:00:00,SM KV OPF,0.0
2024-05-04 02:00:00,SM NPI,1.220327219
2024-05-04 02:00:00,SM TLO,3.14
2024-05-04 02:30:00,IB GF,0.0
2024-05-04 02:30:00,IB NPI,2.5
2024-05-04 02:30:00,IB OPF,69.5
2024-05-04 02:30:00,SM FT OPF,0.0
2024-05-04 02:30:00,SM GF,2.11
2024-05-04 02:30:00,SM KV OPF,0.0
2024-05-04 02:30:00,SM NPI,1.222341785
2024-05-04 02:30:00,SM TLO,3.14
2024-05-04 03:00:00,IB GF,0.0
2024-05-04 03:00:00,IB NPI,2.5
2024-05-04 03:00:00,IB OPF,69.5
2024-05-04 03:00:00,SM FT OPF,0.0
2024-05-04 03:00:00,SM GF,2.11
2024-05-04 03:00:00,SM KV OPF,0.0
2024-05-04 03:00:00,SM NPI,1.233607727
2024-05-04 03:00:00,SM TLO,3.14
2024-05-04 03:30:00,IB GF,0.0
2024-05-04 03:30:00,IB NPI,2.5
2024-05-04 03:30:00,IB OPF,69.5
2024-05-04 03:30:00,SM FT OPF,0.0
2024-05-04 03:30:00,SM GF,2.11
2024-05-04 03:30:00,SM KV OPF,0.0
2024-05-04 03:30:00,SM NPI,1.313401925
2024-05-04 03:30:00,SM TLO,3.14
2024-05-04 04:00:00,IB GF,0.0
2024-05-04 04:00:00,IB NPI,2.5
2024-05-04 04:00:00,IB OPF,69.5
2024-05-04 04:00:00,SM FT OPF,0.0
2024-05-04 04:00:00,SM GF,2.11
2024-05-04 04:00:00,SM KV OPF,0.0
2024-05-04 04:00:00,SM NPI,1.448605938
2024-05-04 04:00:00,SM TLO,3.14
2024-05-04 04:30:00,IB GF,0.0
2024-05-04 04:30:00,IB NPI,2.5
2024-05-04 04:30:00,IB OPF,69.5
2024-05-04 04:30:00,SM FT OPF,0.0
2024-05-04 04:30:00,SM GF,2.11
2024-05-04 04:30:00,SM KV OPF,0.0
2024-05-04 04:30:00,SM NPI,1.50500538
2024-05-04 04:30:00,SM TLO,3.14
2024-05-04 05:00:00,IB GF,0.0
2024-05-04 05:00:00,IB NPI,2.5
2024-05-04 05:00:00,IB OPF,69.5
2024-05-04 05:00:00,SM FT OPF,0.0
2024-05-04 05:00:00,SM GF,2.11
2024-05-04 05:00:00,SM KV OPF,0.0
2024-05-04 05:00:00,SM NPI,1.467852393
2024-05-04 05:00:00,SM TLO,3.14
2024-05-04 05:30:00,IB GF,0.0
2024-05-04 05:30:00,IB NPI,2.5
2024-05-04 05:30:00,IB OPF,69.5
2024-05-04 05:30:00,SM FT OPF,0.0
2024-05-04 05:30:00,SM GF,2.11
2024-05-04 05:30:00,SM KV OPF,0.0
2024-05-04 05:30:00,SM NPI,1.44314582
2024-05-04 05:30:00,SM TLO,3.14
2024-05-04 06:00:00,IB GF,0.0
2024-05-04 06:00:00,IB NPI,2.5
2024-05-04 06:00:00,IB OPF,69.5
2024-05-04 06:00:00,SM FT OPF,0.0
2024-05-04 06:00:00,SM GF,2.11
2024-05-04 06:00:00,SM KV OPF,0.0
2024-05-04 06:00:00,SM NPI,1.480954121
2024-05-04 06:00:00,SM TLO,3.14
2024-05-04 06:30:00,IB GF,0.0
2024-05-04 06:30:00,IB NPI,2.5
2024-05-04 06:30:00,IB OPF,69.5
2024-05-04 06:30:00,SM FT OPF,0.0
2024-05-04 06:30:00,SM GF,2.11
2024-05-04 06:30:00,SM KV OPF,0.0
2024-05-04 06:30:00,SM NPI,1.507321366
2024-05-04 06:30:00,SM TLO,3.14
2024-05-04 07:00:00,IB GF,0.0
2024-05-04 07:00:00,IB NPI,2.5
2024-05-04 07:00:00,IB OPF,69.5
2024-05-04 07:00:00,SM FT OPF,0.0
2024-05-04 07:00:00,SM GF,2.11
2024-05-04 07:00:00,SM KV OPF,0.0
2024-05-04 07:00:00,SM NPI,1.531114668
2024-05-04 07:00:00,SM TLO,3.14
2024-05-04 07:30:00,IB GF,0.0
2024-05-04 07:30:00,IB NPI,2.5
2024-05-04 07:30:00,IB OPF,69.5
2024-05-04 07:30:00,SM FT OPF,0.0
2024-05-04 07:30:00,SM GF,2.11
2024-05-04 07:30:00,SM KV OPF,0.0
2024-05-04 07:30:00,SM NPI,1.530713568
2024-05-04 07:30:00,SM TLO,3.14
2024-05-04 08:00:00,IB GF,0.0
2024-05-04 08:00:00,IB NPI,2.5
2024-05-04 08:00:00,IB OPF,69.5
2024-05-04 08:00:00,SM FT OPF,0.0
2024-05-04 08:00:00,SM GF,2.11
2024-05-04 08:00:00,SM KV OPF,0.0
2024-05-04 08:00:00,SM NPI,1.518558985
2024-05-04 08:00:00,SM TLO,3.14
2024-05-04 08:30:00,IB GF,0.0
2024-05-04 08:30:00,IB NPI,2.5
2024-05-04 08:30:00,IB OPF,69.5
2024-05-04 08:30:00,SM FT OPF,0.0
2024-05-04 08:30:00,SM GF,2.11
2024-05-04 08:30:00,SM KV OPF,0.0
2024-05-04 08:30:00,SM NPI,1.503553519
2024-05-04 08:30:00,SM TLO,3.14
2024-05-04 09:00:00,IB GF,0.0
2024-05-04 09:00:00,IB NPI,2.5
2024-05-04 09:00:00,IB OPF,69.5
2024-05-04 09:00:00,SM FT OPF,0.0
2024-05-04 09:00:00,SM GF,2.11
2024-05-04 09:00:00,SM KV OPF,0.0
2024-05-04 09:00:00,SM NPI,1.497734021
2024-05-04 09:00:00,SM TLO,3.14
2024-05-04 09:30:00,IB GF,0.0
2024-05-04 09:30:00,IB NPI,2.5
2024-05-04 09:30:00,IB OPF,69.5
2024-05-04 09:30:00,SM FT OPF,0.0
2024-05-04 09:30:00,SM GF,2.11
2024-05-04 09:30:00,SM KV OPF,0.0
2024-05-04 09:30:00,SM NPI,1.549222745
2024-05-04 09:30:00,SM TLO,3.14
2024-05-04 10:00:00,IB GF,0.0
2024-05-04 10:00:00,IB NPI,2.5
2024-05-04 10:00:00,IB OPF,69.5
2024-05-04 10:00:00,SM FT OPF,0.0
2024-05-04 10:00:00,SM GF,2.11
2024-05-04 10:00:00,SM KV OPF,0.0
2024-05-04 10:00:00,SM NPI,1.62420597
2024-05-04 10:00:00,SM TLO,3.14
2024-05-04 10:30:00,IB GF,0.0
2024-05-04 10:30:00,IB NPI,2.5
2024-05-04 10:30:00,IB OPF,69.5
2024-05-04 10:30:00,SM FT OPF,0.0
2024-05-04 10:30:00,SM GF,2.11
2024-05-04 10:30:00,SM KV OPF,0.0
2024-05-04 10:30:00,SM NPI,1.685363809
2024-05-04 10:30:00,SM TLO,3.14
2024-05-04 11:00:00,IB GF,0.0
2024-05-04 11:00:00,IB NPI,2.5
2024-05-04 11:00:00,IB OPF,69.5
2024-05-04 11:00:00,SM FT OPF,0.0
2024-05-04 11:00:00,SM GF,2.11
2024-05-04 11:00:00,SM KV OPF,0.0
2024-05-04 11:00:00,SM NPI,1.738232477
2024-05-04 11:00:00,SM TLO,3.14
2024-05-04 11:30:00,IB GF,0.0
2024-05-04 11:30:00,IB NPI,2.5
2024-05-04 11:30:00,IB OPF,69.5
2024-05-04 11:30:00,SM FT OPF,0.0
2024-05-04 11:30:00,SM GF,2.11
2024-05-04 11:30:00,SM KV OPF,0.0
2024-05-04 11:30:00,SM NPI,1.783743183
2024-05-04 11:30:00,SM TLO,3.14
2024-05-04 12:00:00,IB GF,0.0
2024-05-04 12:00:00,IB NPI,2.5
2024-05-04 12:00:00,IB OPF,69.5
2024-05-04 12:00:00,SM FT OPF,0.0
2024-05-04 12:00:00,SM GF,2.11
2024-05-04 12:00:00,SM KV OPF,0.0
2024-05-04 12:00:00,SM NPI,1.820633423
2024-05-04 12:00:00,SM TLO,3.14
2024-05-04 12:30:00,IB GF,0.0
2024-05-04 12:30:00,IB NPI,2.5
2024-05-04 12:30:00,IB OPF,69.5
2024-05-04 12:30:00,SM FT OPF,0.0
2024-05-04 12:30:00,SM GF,2.11
2024-05-04 12:30:00,SM KV OPF,0.0
2024-05-04 12:30:00,SM NPI,1.852456971
2024-05-04 12:30:00,SM TLO,3.14
2024-05-04 13:00:00,IB GF,0.0
2024-05-04 13:00:00,IB NPI,2.5
2024-05-04 13:00:00,IB OPF,69.5
2024-05-04 13:00:00,SM FT OPF,0.0
2024-05-04 13:00:00,SM GF,2.11
2024-05-04 13:00:00,SM KV OPF,0.0
2024-05-04 13:00:00,SM NPI,1.894142388
2024-05-04 13:00:00,SM TLO,3.14
2024-05-04 13:30:00,IB GF,0.0
2024-05-04 13:30:00,IB NPI,2.5
2024-05-04 13:30:00,IB OPF,69.5
2024-05-04 13:30:00,SM FT OPF,0.0
2024-05-04 13:30:00,SM GF,2.11
2024-05-04 13:30:00,SM KV OPF,0.0
2024-05-04 13:30:00,SM NPI,1.942875946
2024-05-04 13:30:00,SM TLO,3.14
2024-05-04 14:00:00,IB GF,0.0
2024-05-04 14:00:00,IB NPI,2.5
2024-05-04 14:00:00,IB OPF,69.5
2024-05-04 14:00:00,SM FT OPF,0.0
2024-05-04 14:00:00,SM GF,2.11
2024-05-04 14:00:00,SM KV OPF,0.0
2024-05-04 14:00:00,SM NPI,2.010639051
2024-05-04 14:00:00,SM TLO,3.14
2024-05-04 14:30:00,IB GF,0.0
2024-05-04 14:30:00,IB NPI,2.5
2024-05-04 14:30:00,IB OPF,69.5
2024-05-04 14:30:00,SM FT OPF,0.0
2024-05-04 14:30:00,SM GF,2.11
2024-05-04 14:30:00,SM KV OPF,0.0
2024-05-04 14:30:00,SM NPI,2.055554002
2024-05-04 14:30:00,SM TLO,3.14
2024-05-04 15:00:00,IB GF,0.0
2024-05-04 15:00:00,IB NPI,2.5
2024-05-04 15:00:00,IB OPF,69.5
2024-05-04 15:00:00,SM FT OPF,0.0
2024-05-04 15:00:00,SM GF,2.11
2024-05-04 15:00:00,SM KV OPF,0.0
2024-05-04 15:00:00,SM NPI,2.084423559
2024-05-04 15:00:00,SM TLO,3.14
2024-05-04 15:30:00,IB GF,0.0
2024-05-04 15:30:00,IB NPI,2.5
2024-05-04 15:30:00,IB OPF,69.5
2024-05-04 15:30:00,SM FT OPF,0.0
2024-05-04 15:30:00,SM GF,2.11
2024-05-04 15:30:00,SM KV OPF,0.0
2024-05-04 15:30:00,SM NPI,2.135043978
2024-05-04 15:30:00,SM TLO,3.14
2024-05-04 16:00:00,IB GF,0.0
2024-05-04 16:00:00,IB NPI,2.5
2024-05-04 16:00:00,IB OPF,69.5
2024-05-04 16:00:00,SM FT OPF,0.0
2024-05-04 16:00:00,SM GF,2.11
2024-05-04 16:00:00,SM KV OPF,0.0
2024-05-04 16:00:00,SM NPI,2.135410936
2024-05-04 16:00:00,SM TLO,3.14
2024-05-04 16:30:00,IB GF,0.0
2024-05-04 16:30:00,IB NPI,2.5
2024-05-04 16:30:00,IB OPF,69.5
2024-05-04 16:30:00,SM FT OPF,0.0
2024-05-04 16:30:00,SM GF,2.11
2024-05-04 16:30:00,SM KV OPF,0.0
2024-05-04 16:30:00,SM NPI,2.073969446
2024-05-04 16:30:00,SM TLO,3.14
2024-05-04 17:00:00,IB GF,0.0
2024-05-04 17:00:00,IB NPI,2.5
2024-05-04 17:00:00,IB OPF,69.5
2024-05-04 17:00:00,SM FT OPF,0.0
2024-05-04 17:00:00,SM GF,2.11
2024-05-04 17:00:00,SM KV OPF,0.0
2024-05-04 17:00:00,SM NPI,2.027587787
2024-05-04 17:00:00,SM TLO,3.14
2024-05-04 17:30:00,IB GF,0.0
2024-05-04 17:30:00,IB NPI,2.5
2024-05-04 17:30:00,IB OPF,69.5
2024-05-04 17:30:00,SM FT OPF,0.0
2024-05-04 17:30:00,SM GF,2.11
2024-05-04 17:30:00,SM KV OPF,0.0
2024-05-04 17:30:00,SM NPI,2.071890209
2024-05-04 17:30:00,SM TLO,3.14
2024-05-04 18:00:00,IB GF,0.0
2024-05-04 18:00:00,IB NPI,2.5
2024-05-04 18:00:00,IB OPF,69.5
2024-05-04 18:00:00,SM FT OPF,0.0
2024-05-04 18:00:00,SM GF,2.11
2024-05-04 18:00:00,SM KV OPF,0.0
2024-05-04 18:00:00,SM NPI,2.190768934
2024-05-04 18:00:00,SM TLO,3.14
2024-05-04 18:30:00,IB GF,0.0
2024-05-04 18:30:00,IB NPI,2.5
2024-05-04 18:30:00,IB OPF,69.5
2024-05-04 18:30:00,SM FT OPF,0.0
2024-05-04 18:30:00,SM GF,2.11
2024-05-04 18:30:00,SM KV OPF,0.0
2024-05-04 18:30:00,SM NPI,2.272982431
2024-05-04 18:30:00,SM TLO,3.14
2024-05-04 19:00:00,IB GF,0.0
2024-05-04 19:00:00,IB NPI,2.5
2024-05-04 19:00:00,IB OPF,69.5
2024-05-04 19:00:00,SM FT OPF,0.0
2024-05-04 19:00:00,SM GF,2.11
2024-05-04 19:00:00,SM KV OPF,0.0
2024-05-04 19:00:00,SM NPI,2.307025041
2024-05-04 19:00:00,SM TLO,3.14
2024-05-04 19:30:00,IB GF,0.0
2024-05-04 19:30:00,IB NPI,2.5
2024-05-04 19:30:00,IB OPF,69.5
2024-05-04 19:30:00,SM FT OPF,0.0
2024-05-04 19:30:00,SM GF,2.11
2024-05-04 19:30:00,SM KV OPF,0.0
2024-05-04 19:30:00,SM NPI,2.216263436
2024-05-04 19:30:00,SM TLO,3.14
2024-05-04 20:00:00,IB GF,0.0
2024-05-04 20:00:00,IB NPI,2.5
2024-05-04 20:00:00,IB OPF,69.5
2024-05-04 20:00:00,SM FT OPF,0.0
2024-05-04 20:00:00,SM GF,2.11
2024-05-04 20:00:00,SM KV OPF,0.0
2024-05-04 20:00:00,SM NPI,2.032713886
2024-05-04 20:00:00,SM TLO,3.14
2024-05-04 20:30:00,IB GF,0.0
2024-05-04 20:30:00,IB NPI,2.5
2024-05-04 20:30:00,IB OPF,69.5
2024-05-04 20:30:00,SM FT OPF,0.0
2024-05-04 20:30:00,SM GF,2.11
2024-05-04 20:30:00,SM KV OPF,0.0
2024-05-04 20:30:00,SM NPI,1.837097752
2024-05-04 20:30:00,SM TLO,3.14
2024-05-04 21:00:00,IB GF,0.0
2024-05-04 21:00:00,IB NPI,2.5
2024-05-04 21:00:00,IB OPF,69.5
2024-05-04 21:00:00,SM FT OPF,0.0
2024-05-04 21:00:00,SM GF,2.11
2024-05-04 21:00:00,SM KV OPF,0.0
2024-05-04 21:00:00,SM NPI,1.672258135
2024-05-04 21:00:00,SM TLO,3.14
2024-05-04 21:30:00,IB GF,0.0
2024-05-04 21:30:00,IB NPI,2.5
2024-05-04 21:30:00,IB OPF,69.5
2024-05-04 21:30:00,SM FT OPF,0.0
2024-05-04 21:30:00,SM GF,2.11
2024-05-04 21:30:00,SM KV OPF,0.0
2024-05-04 21:30:00,SM NPI,1.577186855
2024-05-04 21:30:00,SM TLO,3.14
2024-05-04 22:00:00,IB GF,0.0
2024-05-04 22:00:00,IB NPI,2.5
2024-05-04 22:00:00,IB OPF,69.5
2024-05-04 22:00:00,SM FT OPF,0.0
2024-05-04 22:00:00,SM GF,2.11
2024-05-04 22:00:00,SM KV OPF,0.0
2024-05-04 22:00:00,SM NPI,1.495476426
2024-05-04 22:00:00,SM TLO,3.14
2024-05-04 22:30:00,IB GF,0.0
2024-05-04 22:30:00,IB NPI,2.5
2024-05-04 22:30:00,IB OPF,69.5
2024-05-04 22:30:00,SM FT OPF,0.0
2024-05-04 22:30:00,SM GF,2.11
2024-05-04 22:30:00,SM KV OPF,0.0
2024-05-04 22:30:00,SM NPI,1.422391152
2024-05-04 22:30:00,SM TLO,3.14
2024-05-04 23:00:00,IB GF,0.0
2024-05-04 23:00:00,IB NPI,2.5
2024-05-04 23:00:00,IB OPF,69.5
2024-05-04 23:00:00,SM FT OPF,0.0
2024-05-04 23:00:00,SM GF,2.11
2024-05-04 23:00:00,SM KV OPF,0.0
2024-05-04 23:00:00,SM NPI,1.364573434
2024-05-04 23:00:00,SM TLO,3.14
2024-05-04 23:30:00,IB GF,0.0
2024-05-04 23:30:00,IB NPI,2.5
2024-05-04 23:30:00,IB OPF,69.5
2024-05-04 23:30:00,SM FT OPF,0.0
2024-05-04 23:30:00,SM GF,2.11
2024-05-04 23:30:00,SM KV OPF,0.0
2024-05-04 23:30:00,SM NPI,1.323456869
2024-05-04 23:30:00,SM TLO,3.14
2024-05-05 00:00:00,IB GF,0.0
2024-05-05 00:00:00,IB NPI,2.5
2024-05-05 00:00:00,IB OPF,69.5
2024-05-05 00:00:00,SM FT OPF,0.0
2024-05-05 00:00:00,SM GF,2.11
2024-05-05 00:00:00,SM KV OPF,0.0
2024-05-05 00:00:00,SM NPI,1.280566376
2024-05-05 00:00:00,SM TLO,3.14
2024-05-05 00:30:00,IB GF,0.0
2024-05-05 00:30:00,IB NPI,2.5
2024-05-05 00:30:00,IB OPF,69.5
2024-05-05 00:30:00,SM FT OPF,0.0
2024-05-05 00:30:00,SM GF,2.11
2024-05-05 00:30:00,SM KV OPF,0.0
2024-05-05 00:30:00,SM NPI,1.252119699
2024-05-05 00:30:00,SM TLO,3.14
2024-05-05 01:00:00,IB GF,0.0
2024-05-05 01:00:00,IB NPI,2.5
2024-05-05 01:00:00,IB OPF,69.5
2024-05-05 01:00:00,SM FT OPF,0.0
2024-05-05 01:00:00,SM GF,2.11
2024-05-05 01:00:00,SM KV OPF,0.0
2024-05-05 01:00:00,SM NPI,1.235776986
2024-05-05 01:00:00,SM TLO,3.14
2024-05-05 01:30:00,IB GF,0.0
2024-05-05 01:30:00,IB NPI,2.5
2024-05-05 01:30:00,IB OPF,69.5
2024-05-05 01:30:00,SM FT OPF,0.0
2024-05-05 01:30:00,SM GF,2.11
2024-05-05 01:30:00,SM KV OPF,0.0
2024-05-05 01:30:00,SM NPI,1.219838203
2024-05-05 01:30:00,SM TLO,3.14
2024-05-05 02:00:00,IB GF,0.0
2024-05-05 02:00:00,IB NPI,2.5
2024-05-05 02:00:00,IB OPF,69.5
2024-05-05 02:00:00,SM FT OPF,0.0
2024-05-05 02:00:00,SM GF,2.11
2024-05-05 02:00:00,SM KV OPF,0.0
2024-05-05 02:00:00,SM NPI,1.213063367
2024-05-05 02:00:00,SM TLO,3.14
2024-05-05 02:30:00,IB GF,0.0
2024-05-05 02:30:00,IB NPI,2.5
2024-05-05 02:30:00,IB OPF,69.5
2024-05-05 02:30:00,SM FT OPF,0.0
2024-05-05 02:30:00,SM GF,2.11
2024-05-05 02:30:00,SM KV OPF,0.0
2024-05-05 02:30:00,SM NPI,1.215065941
2024-05-05 02:30:00,SM TLO,3.14
2024-05-05 03:00:00,IB GF,0.0
2024-05-05 03:00:00,IB NPI,2.5
2024-05-05 03:00:00,IB OPF,69.5
2024-05-05 03:00:00,SM FT OPF,0.0
2024-05-05 03:00:00,SM GF,2.11
2024-05-05 03:00:00,SM KV OPF,0.0
2024-05-05 03:00:00,SM NPI,1.226264824
2024-05-05 03:00:00,SM TLO,3.14
2024-05-05 03:30:00,IB GF,0.0
2024-05-05 03:30:00,IB NPI,2.5
2024-05-05 03:30:00,IB OPF,69.5
2024-05-05 03:30:00,SM FT OPF,0.0
2024-05-05 03:30:00,SM GF,2.11
2024-05-05 03:30:00,SM KV OPF,0.0
2024-05-05 03:30:00,SM NPI,1.305584056
2024-05-05 03:30:00,SM TLO,3.14
2024-05-05 04:00:00,IB GF,0.0
2024-05-05 04:00:00,IB NPI,2.5
2024-05-05 04:00:00,IB OPF,69.5
2024-05-05 04:00:00,SM FT OPF,0.0
2024-05-05 04:00:00,SM GF,2.11
2024-05-05 04:00:00,SM KV OPF,0.0
2024-05-05 04:00:00,SM NPI,1.439983284
2024-05-05 04:00:00,SM TLO,3.14
2024-05-05 04:30:00,IB GF,0.0
2024-05-05 04:30:00,IB NPI,2.5
2024-05-05 04:30:00,IB OPF,69.5
2024-05-05 04:30:00,SM FT OPF,0.0
2024-05-05 04:30:00,SM GF,2.11
2024-05-05 04:30:00,SM KV OPF,0.0
2024-05-05 04:30:00,SM NPI,1.496047015
2024-05-05 04:30:00,SM TLO,3.14
2024-05-05 05:00:00,IB GF,0.0
2024-05-05 05:00:00,IB NPI,2.5
2024-05-05 05:00:00,IB OPF,69.5
2024-05-05 05:00:00,SM FT OPF,0.0
2024-05-05 05:00:00,SM GF,2.11
2024-05-05 05:00:00,SM KV OPF,0.0
2024-05-05 05:00:00,SM NPI,1.459115177
2024-05-05 05:00:00,SM TLO,3.14
2024-05-05 05:30:00,IB GF,0.0
2024-05-05 05:30:00,IB NPI,2.5
2024-05-05 05:30:00,IB OPF,69.5
2024-05-05 05:30:00,SM FT OPF,0.0
2024-05-05 05:30:00,SM GF,2.11
2024-05-05 05:30:00,SM KV OPF,0.0
2024-05-05 05:30:00,SM NPI,1.434555667
2024-05-05 05:30:00,SM TLO,3.14
2024-05-05 06:00:00,IB GF,0.0
2024-05-05 06:00:00,IB NPI,2.5
2024-05-05 06:00:00,IB OPF,69.5
2024-05-05 06:00:00,SM FT OPF,0.0
2024-05-05 06:00:00,SM GF,2.11
2024-05-05 06:00:00,SM KV OPF,0.0
2024-05-05 06:00:00,SM NPI,1.472138918
2024-05-05 06:00:00,SM TLO,3.14
2024-05-05 06:30:00,IB GF,0.0
2024-05-05 06:30:00,IB NPI,2.5
2024-05-05 06:30:00,IB OPF,69.5
2024-05-05 06:30:00,SM FT OPF,0.0
2024-05-05 06:30:00,SM GF,2.11
2024-05-05 06:30:00,SM KV OPF,0.0
2024-05-05 06:30:00,SM NPI,1.498349215
2024-05-05 06:30:00,SM TLO,3.14
2024-05-05 07:00:00,IB GF,0.0
2024-05-05 07:00:00,IB NPI,2.5
2024-05-05 07:00:00,IB OPF,69.5
2024-05-05 07:00:00,SM FT OPF,0.0
2024-05-05 07:00:00,SM GF,2.11
2024-05-05 07:00:00,SM KV OPF,0.0
2024-05-05 07:00:00,SM NPI,1.52200089
2024-05-05 07:00:00,SM TLO,3.14
2024-05-05 07:30:00,IB GF,0.0
2024-05-05 07:30:00,IB NPI,2.5
2024-05-05 07:30:00,IB OPF,69.5
2024-05-05 07:30:00,SM FT OPF,0.0
2024-05-05 07:30:00,SM GF,2.11
2024-05-05 07:30:00,SM KV OPF,0.0
2024-05-05 07:30:00,SM NPI,1.521602177
2024-05-05 07:30:00,SM TLO,3.14
2024-05-05 08:00:00,IB GF,0.0
2024-05-05 08:00:00,IB NPI,2.5
2024-05-05 08:00:00,IB OPF,69.5
2024-05-05 08:00:00,SM FT OPF,0.0
2024-05-05 08:00:00,SM GF,2.11
2024-05-05 08:00:00,SM KV OPF,0.0
2024-05-05 08:00:00,SM NPI,1.509519944
2024-05-05 08:00:00,SM TLO,3.14
2024-05-05 08:30:00,IB GF,0.0
2024-05-05 08:30:00,IB NPI,2.5
2024-05-05 08:30:00,IB OPF,69.5
2024-05-05 08:30:00,SM FT OPF,0.0
2024-05-05 08:30:00,SM GF,2.11
2024-05-05 08:30:00,SM KV OPF,0.0
2024-05-05 08:30:00,SM NPI,1.494603796
2024-05-05 08:30:00,SM TLO,3.14
2024-05-05 09:00:00,IB GF,0.0
2024-05-05 09:00:00,IB NPI,2.5
2024-05-05 09:00:00,IB OPF,69.5
2024-05-05 09:00:00,SM FT OPF,0.0
2024-05-05 09:00:00,SM GF,2.11
2024-05-05 09:00:00,SM KV OPF,0.0
2024-05-05 09:00:00,SM NPI,1.488818938
2024-05-05 09:00:00,SM TLO,3.14
2024-05-05 09:30:00,IB GF,0.0
2024-05-05 09:30:00,IB NPI,2.5
2024-05-05 09:30:00,IB OPF,69.5
2024-05-05 09:30:00,SM FT OPF,0.0
2024-05-05 09:30:00,SM GF,2.11
2024-05-05 09:30:00,SM KV OPF,0.0
2024-05-05 09:30:00,SM NPI,1.540001181
2024-05-05 09:30:00,SM TLO,3.14
2024-05-05 10:00:00,IB GF,0.0
2024-05-05 10:00:00,IB NPI,2.5
2024-05-05 10:00:00,IB OPF,69.5
2024-05-05 10:00:00,SM FT OPF,0.0
2024-05-05 10:00:00,SM GF,2.11
2024-05-05 10:00:00,SM KV OPF,0.0
2024-05-05 10:00:00,SM NPI,1.614538077
2024-05-05 10:00:00,SM TLO,3.14
2024-05-05 10:30:00,IB GF,0.0
2024-05-05 10:30:00,IB NPI,2.5
2024-05-05 10:30:00,IB OPF,69.5
2024-05-05 10:30:00,SM FT OPF,0.0
2024-05-05 10:30:00,SM GF,2.11
2024-05-05 10:30:00,SM KV OPF,0.0
2024-05-05 10:30:00,SM NPI,1.675331881
2024-05-05 10:30:00,SM TLO,3.14
2024-05-05 11:00:00,IB GF,0.0
2024-05-05 11:00:00,IB NPI,2.5
2024-05-05 11:00:00,IB OPF,69.5
2024-05-05 11:00:00,SM FT OPF,0.0
2024-05-05 11:00:00,SM GF,2.11
2024-05-05 11:00:00,SM KV OPF,0.0
2024-05-05 11:00:00,SM NPI,1.727885855
2024-05-05 11:00:00,SM TLO,3.14
2024-05-05 11:30:00,IB GF,0.0
2024-05-05 11:30:00,IB NPI,2.5
2024-05-05 11:30:00,IB OPF,69.5
2024-05-05 11:30:00,SM FT OPF,0.0
2024-05-05 11:30:00,SM GF,2.11
2024-05-05 11:30:00,SM KV OPF,0.0
2024-05-05 11:30:00,SM NPI,1.773125664
2024-05-05 11:30:00,SM TLO,3.14
2024-05-05 12:00:00,IB GF,0.0
2024-05-05 12:00:00,IB NPI,2.5
2024-05-05 12:00:00,IB OPF,69.5
2024-05-05 12:00:00,SM FT OPF,0.0
2024-05-05 12:00:00,SM GF,2.11
2024-05-05 12:00:00,SM KV OPF,0.0
2024-05-05 12:00:00,SM NPI,1.809796319
2024-05-05 12:00:00,SM TLO,3.14
2024-05-05 12:30:00,IB GF,0.0
2024-05-05 12:30:00,IB NPI,2.5
2024-05-05 12:30:00,IB OPF,69.5
2024-05-05 12:30:00,SM FT OPF,0.0
2024-05-05 12:30:00,SM GF,2.11
2024-05-05 12:30:00,SM KV OPF,0.0
2024-05-05 12:30:00,SM NPI,1.841430441
2024-05-05 12:30:00,SM TLO,3.14
2024-05-05 13:00:00,IB GF,0.0
2024-05-05 13:00:00,IB NPI,2.5
2024-05-05 13:00:00,IB OPF,69.5
2024-05-05 13:00:00,SM FT OPF,0.0
2024-05-05 13:00:00,SM GF,2.11
2024-05-05 13:00:00,SM KV OPF,0.0
2024-05-05 13:00:00,SM NPI,1.882867731
2024-05-05 13:00:00,SM TLO,3.14
2024-05-05 13:30:00,IB GF,0.0
2024-05-05 13:30:00,IB NPI,2.5
2024-05-05 13:30:00,IB OPF,69.5
2024-05-05 13:30:00,SM FT OPF,0.0
2024-05-05 13:30:00,SM GF,2.11
2024-05-05 13:30:00,SM KV OPF,0.0
2024-05-05 13:30:00,SM NPI,1.931311209
2024-05-05 13:30:00,SM TLO,3.14
2024-05-05 14:00:00,IB GF,0.0
2024-05-05 14:00:00,IB NPI,2.5
2024-05-05 14:00:00,IB OPF,69.5
2024-05-05 14:00:00,SM FT OPF,0.0
2024-05-05 14:00:00,SM GF,2.11
2024-05-05 14:00:00,SM KV OPF,0.0
2024-05-05 14:00:00,SM NPI,1.998670961
2024-05-05 14:00:00,SM TLO,3.14
2024-05-05 14:30:00,IB GF,0.0
2024-05-05 14:30:00,IB NPI,2.5
2024-05-05 14:30:00,IB OPF,69.5
2024-05-05 14:30:00,SM FT OPF,0.0
2024-05-05 14:30:00,SM GF,2.11
2024-05-05 14:30:00,SM KV OPF,0.0
2024-05-05 14:30:00,SM NPI,2.043318561
2024-05-05 14:30:00,SM TLO,3.14
2024-05-05 15:00:00,IB GF,0.0
2024-05-05 15:00:00,IB NPI,2.5
2024-05-05 15:00:00,IB OPF,69.5
2024-05-05 15:00:00,SM FT OPF,0.0
2024-05-05 15:00:00,SM GF,2.11
2024-05-05 15:00:00,SM KV OPF,0.0
2024-05-05 15:00:00,SM NPI,2.072016276
2024-05-05 15:00:00,SM TLO,3.14
2024-05-05 15:30:00,IB GF,0.0
2024-05-05 15:30:00,IB NPI,2.5
2024-05-05 15:30:00,IB OPF,69.5
2024-05-05 15:30:00,SM FT OPF,0.0
2024-05-05 15:30:00,SM GF,2.11
2024-05-05 15:30:00,SM KV OPF,0.0
2024-05-05 15:30:00,SM NPI,2.122335383
2024-05-05 15:30:00,SM TLO,3.14
2024-05-05 16:00:00,IB GF,0.0
2024-05-05 16:00:00,IB NPI,2.5
2024-05-05 16:00:00,IB OPF,69.5
2024-05-05 16:00:00,SM FT OPF,0.0
2024-05-05 16:00:00,SM GF,2.11
2024-05-05 16:00:00,SM KV OPF,0.0
2024-05-05 16:00:00,SM NPI,2.122700156
2024-05-05 16:00:00,SM TLO,3.14
2024-05-05 16:30:00,IB GF,0.0
2024-05-05 16:30:00,IB NPI,2.5
2024-05-05 16:30:00,IB OPF,69.5
2024-05-05 16:30:00,SM FT OPF,0.0
2024-05-05 16:30:00,SM GF,2.11
2024-05-05 16:30:00,SM KV OPF,0.0
2024-05-05 16:30:00,SM NPI,2.06162439
2024-05-05 16:30:00,SM TLO,3.14
2024-05-05 17:00:00,IB GF,0.0
2024-05-05 17:00:00,IB NPI,2.5
2024-05-05 17:00:00,IB OPF,69.5
2024-05-05 17:00:00,SM FT OPF,0.0
2024-05-05 17:00:00,SM GF,2.11
2024-05-05 17:00:00,SM KV OPF,0.0
2024-05-05 17:00:00,SM NPI,2.015518812
2024-05-05 17:00:00,SM TLO,3.14
2024-05-05 17:30:00,IB GF,0.0
2024-05-05 17:30:00,IB NPI,2.5
2024-05-05 17:30:00,IB OPF,69.5
2024-05-05 17:30:00,SM FT OPF,0.0
2024-05-05 17:30:00,SM GF,2.11
2024-05-05 17:30:00,SM KV OPF,0.0
2024-05-05 17:30:00,SM NPI,2.059557529
2024-05-05 17:30:00,SM TLO,3.14
2024-05-05 18:00:00,IB GF,0.0
2024-05-05 18:00:00,IB NPI,2.5
2024-05-05 18:00:00,IB OPF,69.5
2024-05-05 18:00:00,SM FT OPF,0.0
2024-05-05 18:00:00,SM GF,2.11
2024-05-05 18:00:00,SM KV OPF,0.0
2024-05-05 18:00:00,SM NPI,2.177728643
2024-05-05 18:00:00,SM TLO,3.14
2024-05-05 18:30:00,IB GF,0.0
2024-05-05 18:30:00,IB NPI,2.5
2024-05-05 18:30:00,IB OPF,69.5
2024-05-05 18:30:00,SM FT OPF,0.0
2024-05-05 18:30:00,SM GF,2.11
2024-05-05 18:30:00,SM KV OPF,0.0
2024-05-05 18:30:00,SM NPI,2.259452773
2024-05-05 18:30:00,SM TLO,3.14
2024-05-05 19:00:00,IB GF,0.0
2024-05-05 19:00:00,IB NPI,2.5
2024-05-05 19:00:00,IB OPF,69.5
2024-05-05 19:00:00,SM FT OPF,0.0
2024-05-05 19:00:00,SM GF,2.11
2024-05-05 19:00:00,SM KV OPF,0.0
2024-05-05 19:00:00,SM NPI,2.293292749
2024-05-05 19:00:00,SM TLO,3.14
2024-05-05 19:30:00,IB GF,0.0
2024-05-05 19:30:00,IB NPI,2.5
2024-05-05 19:30:00,IB OPF,69.5
2024-05-05 19:30:00,SM FT OPF,0.0
2024-05-05 19:30:00,SM GF,2.11
2024-05-05 19:30:00,SM KV OPF,0.0
2024-05-05 19:30:00,SM NPI,2.203071392
2024-05-05 19:30:00,SM TLO,3.14
2024-05-05 20:00:00,IB GF,0.0
2024-05-05 20:00:00,IB NPI,2.5
2024-05-05 20:00:00,IB OPF,69.5
2024-05-05 20:00:00,SM FT OPF,0.0
2024-05-05 20:00:00,SM GF,2.11
2024-05-05 20:00:00,SM KV OPF,0.0
2024-05-05 20:00:00,SM NPI,2.020614399
2024-05-05 20:00:00,SM TLO,3.14
2024-05-05 20:30:00,IB GF,0.0
2024-05-05 20:30:00,IB NPI,2.5
2024-05-05 20:30:00,IB OPF,69.5
2024-05-05 20:30:00,SM FT OPF,0.0
2024-05-05 20:30:00,SM GF,2.11
2024-05-05 20:30:00,SM KV OPF,0.0
2024-05-05 20:30:00,SM NPI,1.826162646
2024-05-05 20:30:00,SM TLO,3.14
2024-05-05 21:00:00,IB GF,0.0
2024-05-05 21:00:00,IB NPI,2.5
2024-05-05 21:00:00,IB OPF,69.5
2024-05-05 21:00:00,SM FT OPF,0.0
2024-05-05 21:00:00,SM GF,2.11
2024-05-05 21:00:00,SM KV OPF,0.0
2024-05-05 21:00:00,SM NPI,1.662304217
2024-05-05 21:00:00,SM TLO,3.14
2024-05-05 21:30:00,IB GF,0.0
2024-05-05 21:30:00,IB NPI,2.5
2024-05-05 21:30:00,IB OPF,69.5
2024-05-05 21:30:00,SM FT OPF,0.0
2024-05-05 21:30:00,SM GF,2.11
2024-05-05 21:30:00,SM KV OPF,0.0
2024-05-05 21:30:00,SM NPI,1.567798838
2024-05-05 21:30:00,SM TLO,3.14
2024-05-05 22:00:00,IB GF,0.0
2024-05-05 22:00:00,IB NPI,2.5
2024-05-05 22:00:00,IB OPF,69.5
2024-05-05 22:00:00,SM FT OPF,0.0
2024-05-05 22:00:00,SM GF,2.11
2024-05-05 22:00:00,SM KV OPF,0.0
2024-05-05 22:00:00,SM NPI,1.486574781
2024-05-05 22:00:00,SM TLO,3.14
2024-05-05 22:30:00,IB GF,0.0
2024-05-05 22:30:00,IB NPI,2.5
2024-05-05 22:30:00,IB OPF,69.5
2024-05-05 22:30:00,SM FT OPF,0.0
2024-05-05 22:30:00,SM GF,2.11
2024-05-05 22:30:00,SM KV OPF,0.0
2024-05-05 22:30:00,SM NPI,1.413924538
2024-05-05 22:30:00,SM TLO,3.14
2024-05-05 23:00:00,IB GF,0.0
2024-05-05 23:00:00,IB NPI,2.5
2024-05-05 23:00:00,IB OPF,69.5
2024-05-05 23:00:00,SM FT OPF,0.0
2024-05-05 23:00:00,SM GF,2.11
2024-05-05 23:00:00,SM KV OPF,0.0
2024-05-05 23:00:00,SM NPI,1.356450973
2024-05-05 23:00:00,SM TLO,3.14
2024-05-05 23:30:00,IB GF,0.0
2024-05-05 23:30:00,IB NPI,2.5
2024-05-05 23:30:00,IB OPF,69.5
2024-05-05 23:30:00,SM FT OPF,0.0
2024-05-05 23:30:00,SM GF,2.11
2024-05-05 23:30:00,SM KV OPF,0.0
2024-05-05 23:30:00,SM NPI,1.31557915
2024-05-05 23:30:00,SM TLO,3.14
2024-05-06 00:00:00,IB GF,0.0
2024-05-06 00:00:00,IB NPI,2.5
2024-05-06 00:00:00,IB OPF,69.5
2024-05-06 00:00:00,SM FT OPF,0.0
2024-05-06 00:00:00,SM GF,2.11
2024-05-06 00:00:00,SM KV OPF,0.0
2024-05-06 00:00:00,SM NPI,1.272898314
2024-05-06 00:00:00,SM TLO,3.14
2024-05-06 00:30:00,IB GF,0.0
2024-05-06 00:30:00,IB NPI,2.5
2024-05-06 00:30:00,IB OPF,69.5
2024-05-06 00:30:00,SM FT OPF,0.0
2024-05-06 00:30:00,SM GF,2.11
2024-05-06 00:30:00,SM KV OPF,0.0
2024-05-06 00:30:00,SM NPI,1.244621976
2024-05-06 00:30:00,SM TLO,3.14
2024-05-06 01:00:00,IB GF,0.0
2024-05-06 01:00:00,IB NPI,2.5
2024-05-06 01:00:00,IB OPF,69.5
2024-05-06 01:00:00,SM FT OPF,0.0
2024-05-06 01:00:00,SM GF,2.11
2024-05-06 01:00:00,SM KV OPF,0.0
2024-05-06 01:00:00,SM NPI,1.228377124
2024-05-06 01:00:00,SM TLO,3.14
2024-05-06 01:30:00,IB GF,0.0
2024-05-06 01:30:00,IB NPI,2.5
2024-05-06 01:30:00,IB OPF,69.5
2024-05-06 01:30:00,SM FT OPF,0.0
2024-05-06 01:30:00,SM GF,2.11
2024-05-06 01:30:00,SM KV OPF,0.0
2024-05-06 01:30:00,SM NPI,1.212533782
2024-05-06 01:30:00,SM TLO,3.14
2024-05-06 02:00:00,IB GF,0.0
2024-05-06 02:00:00,IB NPI,2.5
2024-05-06 02:00:00,IB OPF,69.5
2024-05-06 02:00:00,SM FT OPF,0.0
2024-05-06 02:00:00,SM GF,2.11
2024-05-06 02:00:00,SM KV OPF,0.0
2024-05-06 02:00:00,SM NPI,1.205799514
2024-05-06 02:00:00,SM TLO,3.14
2024-05-06 02:30:00,IB GF,0.0
2024-05-06 02:30:00,IB NPI,2.5
2024-05-06 02:30:00,IB OPF,69.5
2024-05-06 02:30:00,SM FT OPF,0.0
2024-05-06 02:30:00,SM GF,2.11
2024-05-06 02:30:00,SM KV OPF,0.0
2024-05-06 02:30:00,SM NPI,1.207790097
2024-05-06 02:30:00,SM TLO,3.14
2024-05-06 03:00:00,IB GF,0.0
2024-05-06 03:00:00,IB NPI,2.5
2024-05-06 03:00:00,IB OPF,69.5
2024-05-06 03:00:00,SM FT OPF,0.0
2024-05-06 03:00:00,SM GF,2.11
2024-05-06 03:00:00,SM KV OPF,0.0
2024-05-06 03:00:00,SM NPI,1.218921921
2024-05-06 03:00:00,SM TLO,3.14
2024-05-06 03:30:00,IB GF,0.0
2024-05-06 03:30:00,IB NPI,2.5
2024-05-06 03:30:00,IB OPF,69.5
2024-05-06 03:30:00,SM FT OPF,0.0
2024-05-06 03:30:00,SM GF,2.11
2024-05-06 03:30:00,SM KV OPF,0.0
2024-05-06 03:30:00,SM NPI,1.297766188
2024-05-06 03:30:00,SM TLO,3.14
2024-05-06 04:00:00,IB GF,0.0
2024-05-06 04:00:00,IB NPI,2.5
2024-05-06 04:00:00,IB OPF,69.5
2024-05-06 04:00:00,SM FT OPF,0.0
2024-05-06 04:00:00,SM GF,2.11
2024-05-06 04:00:00,SM KV OPF,0.0
2024-05-06 04:00:00,SM NPI,1.431360629
2024-05-06 04:00:00,SM TLO,3.14
2024-05-06 04:30:00,IB GF,0.0
2024-05-06 04:30:00,IB NPI,2.5
2024-05-06 04:30:00,IB OPF,69.5
2024-05-06 04:30:00,SM FT OPF,0.0
2024-05-06 04:30:00,SM GF,2.11
2024-05-06 04:30:00,SM KV OPF,0.0
2024-05-06 04:30:00,SM NPI,1.48708865
2024-05-06 04:30:00,SM TLO,3.14
2024-05-06 05:00:00,IB GF,0.0
2024-05-06 05:00:00,IB NPI,2.5
2024-05-06 05:00:00,IB OPF,69.5
2024-05-06 05:00:00,SM FT OPF,0.0
2024-05-06 05:00:00,SM GF,2.11
2024-05-06 05:00:00,SM KV OPF,0.0
2024-05-06 05:00:00,SM NPI,1.45037796
2024-05-06 05:00:00,SM TLO,3.14
2024-05-06 05:30:00,IB GF,0.0
2024-05-06 05:30:00,IB NPI,2.5
2024-05-06 05:30:00,IB OPF,69.5
2024-05-06 05:30:00,SM FT OPF,0.0
2024-05-06 05:30:00,SM GF,2.11
2024-05-06 05:30:00,SM KV OPF,0.0
2024-05-06 05:30:00,SM NPI,1.425965513
2024-05-06 05:30:00,SM TLO,3.14
2024-05-06 06:00:00,IB GF,0.0
2024-05-06 06:00:00,IB NPI,2.5
2024-05-06 06:00:00,IB OPF,69.5
2024-05-06 06:00:00,SM FT OPF,0.0
2024-05-06 06:00:00,SM GF,2.11
2024-05-06 06:00:00,SM KV OPF,0.0
2024-05-06 06:00:00,SM NPI,1.463323715
2024-05-06 06:00:00,SM TLO,3.14
2024-05-06 06:30:00,IB GF,0.0
2024-05-06 06:30:00,IB NPI,2.5
2024-05-06 06:30:00,IB OPF,69.5
2024-05-06 06:30:00,SM FT OPF,0.0
2024-05-06 06:30:00,SM GF,2.11
2024-05-06 06:30:00,SM KV OPF,0.0
2024-05-06 06:30:00,SM NPI,1.489377064
2024-05-06 06:30:00,SM TLO,3.14
2024-05-06 07:00:00,IB GF,0.0
2024-05-06 07:00:00,IB NPI,2.5
2024-05-06 07:00:00,IB OPF,69.5
2024-05-06 07:00:00,SM FT OPF,0.0
2024-05-06 07:00:00,SM GF,2.11
2024-05-06 07:00:00,SM KV OPF,0.0
2024-05-06 07:00:00,SM NPI,1.512887113
2024-05-06 07:00:00,SM TLO,3.14
2024-05-06 07:30:00,IB GF,0.0
2024-05-06 07:30:00,IB NPI,2.5
2024-05-06 07:30:00,IB OPF,69.5
2024-05-06 07:30:00,SM FT OPF,0.0
2024-05-06 07:30:00,SM GF,2.11
2024-05-06 07:30:00,SM KV OPF,0.0
2024-05-06 07:30:00,SM NPI,1.512490787
2024-05-06 07:30:00,SM TLO,3.14
2024-05-06 08:00:00,IB GF,0.0
2024-05-06 08:00:00,IB NPI,2.5
2024-05-06 08:00:00,IB OPF,69.5
2024-05-06 08:00:00,SM FT OPF,0.0
2024-05-06 08:00:00,SM GF,2.11
2024-05-06 08:00:00,SM KV OPF,0.0
2024-05-06 08:00:00,SM NPI,1.500480902
2024-05-06 08:00:00,SM TLO,3.14
2024-05-06 08:30:00,IB GF,0.0
2024-05-06 08:30:00,IB NPI,2.5
2024-05-06 08:30:00,IB OPF,69.5
2024-05-06 08:30:00,SM FT OPF,0.0
2024-05-06 08:30:00,SM GF,2.11
2024-05-06 08:30:00,SM KV OPF,0.0
2024-05-06 08:30:00,SM NPI,1.485654072
2024-05-06 08:30:00,SM TLO,3.14
2024-05-06 09:00:00,IB GF,0.0
2024-05-06 09:00:00,IB NPI,2.5
2024-05-06 09:00:00,IB OPF,69.5
2024-05-06 09:00:00,SM FT OPF,0.0
2024-05-06 09:00:00,SM GF,2.11
2024-05-06 09:00:00,SM KV OPF,0.0
2024-05-06 09:00:00,SM NPI,1.479903855
2024-05-06 09:00:00,SM TLO,3.14
2024-05-06 09:30:00,IB GF,0.0
2024-05-06 09:30:00,IB NPI,2.5
2024-05-06 09:30:00,IB OPF,69.5
2024-05-06 09:30:00,SM FT OPF,0.0
2024-05-06 09:30:00,SM GF,2.11
2024-05-06 09:30:00,SM KV OPF,0.0
2024-05-06 09:30:00,SM NPI,1.530779617
2024-05-06 09:30:00,SM TLO,3.14
2024-05-06 10:00:00,IB GF,0.0
2024-05-06 10:00:00,IB NPI,2.5
2024-05-06 10:00:00,IB OPF,69.5
2024-05-06 10:00:00,SM FT OPF,0.0
2024-05-06 10:00:00,SM GF,2.11
2024-05-06 10:00:00,SM KV OPF,0.0
2024-05-06 10:00:00,SM NPI,1.604870184
2024-05-06 10:00:00,SM TLO,3.14
2024-05-06 10:30:00,IB GF,0.0
2024-05-06 10:30:00,IB NPI,2.5
2024-05-06 10:30:00,IB OPF,69.5
2024-05-06 10:30:00,SM FT OPF,0.0
2024-05-06 10:30:00,SM GF,2.11
2024-05-06 10:30:00,SM KV OPF,0.0
2024-05-06 10:30:00,SM NPI,1.665299954
2024-05-06 10:30:00,SM TLO,3.14
2024-05-06 11:00:00,IB GF,0.0
2024-05-06 11:00:00,IB NPI,2.5
2024-05-06 11:00:00,IB OPF,69.5
2024-05-06 11:00:00,SM FT OPF,0.0
2024-05-06 11:00:00,SM GF,2.11
2024-05-06 11:00:00,SM KV OPF,0.0
2024-05-06 11:00:00,SM NPI,1.717539234
2024-05-06 11:00:00,SM TLO,3.14
2024-05-06 11:30:00,IB GF,0.0
2024-05-06 11:30:00,IB NPI,2.5
2024-05-06 11:30:00,IB OPF,69.5
2024-05-06 11:30:00,SM FT OPF,0.0
2024-05-06 11:30:00,SM GF,2.11
2024-05-06 11:30:00,SM KV OPF,0.0
2024-05-06 11:30:00,SM NPI,1.762508145
2024-05-06 11:30:00,SM TLO,3.14
2024-05-06 12:00:00,IB GF,0.0
2024-05-06 12:00:00,IB NPI,2.5
2024-05-06 12:00:00,IB OPF,69.5
2024-05-06 12:00:00,SM FT OPF,0.0
2024-05-06 12:00:00,SM GF,2.11
2024-05-06 12:00:00,SM KV OPF,0.0
2024-05-06 12:00:00,SM NPI,1.798959215
2024-05-06 12:00:00,SM TLO,3.14
2024-05-06 12:30:00,IB GF,0.0
2024-05-06 12:30:00,IB NPI,2.5
2024-05-06 12:30:00,IB OPF,69.5
2024-05-06 12:30:00,SM FT OPF,0.0
2024-05-06 12:30:00,SM GF,2.11
2024-05-06 12:30:00,SM KV OPF,0.0
2024-05-06 12:30:00,SM NPI,1.830403912
2024-05-06 12:30:00,SM TLO,3.14
2024-05-06 13:00:00,IB GF,0.0
2024-05-06 13:00:00,IB NPI,2.5
2024-05-06 13:00:00,IB OPF,69.5
2024-05-06 13:00:00,SM FT OPF,0.0
2024-05-06 13:00:00,SM GF,2.11
2024-05-06 13:00:00,SM KV OPF,0.0
2024-05-06 13:00:00,SM NPI,1.871593074
2024-05-06 13:00:00,SM TLO,3.14
2024-05-06 13:30:00,IB GF,0.0
2024-05-06 13:30:00,IB NPI,2.5
2024-05-06 13:30:00,IB OPF,69.5
2024-05-06 13:30:00,SM FT OPF,0.0
2024-05-06 13:30:00,SM GF,2.11
2024-05-06 13:30:00,SM KV OPF,0.0
2024-05-06 13:30:00,SM NPI,1.919746471
2024-05-06 13:30:00,SM TLO,3.14
2024-05-06 14:00:00,IB GF,0.0
2024-05-06 14:00:00,IB NPI,2.5
2024-05-06 14:00:00,IB OPF,69.5
2024-05-06 14:00:00,SM FT OPF,0.0
2024-05-06 14:00:00,SM GF,2.11
2024-05-06 14:00:00,SM KV OPF,0.0
2024-05-06 14:00:00,SM NPI,1.986702872
2024-05-06 14:00:00,SM TLO,3.14
2024-05-06 14:30:00,IB GF,0.0
2024-05-06 14:30:00,IB NPI,2.5
2024-05-06 14:30:00,IB OPF,69.5
2024-05-06 14:30:00,SM FT OPF,0.0
2024-05-06 14:30:00,SM GF,2.11
2024-05-06 14:30:00,SM KV OPF,0.0
2024-05-06 14:30:00,SM NPI,2.031083121
2024-05-06 14:30:00,SM TLO,3.14
2024-05-06 15:00:00,IB GF,0.0
2024-05-06 15:00:00,IB NPI,2.5
2024-05-06 15:00:00,IB OPF,69.5
2024-05-06 15:00:00,SM FT OPF,0.0
2024-05-06 15:00:00,SM GF,2.11
2024-05-06 15:00:00,SM KV OPF,0.0
2024-05-06 15:00:00,SM NPI,2.059608992
2024-05-06 15:00:00,SM TLO,3.14
2024-05-06 15:30:00,IB GF,0.0
2024-05-06 15:30:00,IB NPI,2.5
2024-05-06 15:30:00,IB OPF,69.5
2024-05-06 15:30:00,SM FT OPF,0.0
2024-05-06 15:30:00,SM GF,2.11
2024-05-06 15:30:00,SM KV OPF,0.0
2024-05-06 15:30:00,SM NPI,2.109626788
2024-05-06 15:30:00,SM TLO,3.14
2024-05-06 16:00:00,IB GF,0.0
2024-05-06 16:00:00,IB NPI,2.5
2024-05-06 16:00:00,IB OPF,69.5
2024-05-06 16:00:00,SM FT OPF,0.0
2024-05-06 16:00:00,SM GF,2.11
2024-05-06 16:00:00,SM KV OPF,0.0
2024-05-06 16:00:00,SM NPI,2.109989377
2024-05-06 16:00:00,SM TLO,3.14
2024-05-06 16:30:00,IB GF,0.0
2024-05-06 16:30:00,IB NPI,2.5
2024-05-06 16:30:00,IB OPF,69.5
2024-05-06 16:30:00,SM FT OPF,0.0
2024-05-06 16:30:00,SM GF,2.11
2024-05-06 16:30:00,SM KV OPF,0.0
2024-05-06 16:30:00,SM NPI,2.049279334
2024-05-06 16:30:00,SM TLO,3.14
2024-05-06 17:00:00,IB GF,0.0
2024-05-06 17:00:00,IB NPI,2.5
2024-05-06 17:00:00,IB OPF,69.5
2024-05-06 17:00:00,SM FT OPF,0.0
2024-05-06 17:00:00,SM GF,2.11
2024-05-06 17:00:00,SM KV OPF,0.0
2024-05-06 17:00:00,SM NPI,2.003449837
2024-05-06 17:00:00,SM TLO,3.14
2024-05-06 17:30:00,IB GF,0.0
2024-05-06 17:30:00,IB NPI,2.5
2024-05-06 17:30:00,IB OPF,69.5
2024-05-06 17:30:00,SM FT OPF,0.0
2024-05-06 17:30:00,SM GF,2.11
2024-05-06 17:30:00,SM KV OPF,0.0
2024-05-06 17:30:00,SM NPI,2.047224849
2024-05-06 17:30:00,SM TLO,3.14
2024-05-06 18:00:00,IB GF,0.0
2024-05-06 18:00:00,IB NPI,2.5
2024-05-06 18:00:00,IB OPF,69.5
2024-05-06 18:00:00,SM FT OPF,0.0
2024-05-06 18:00:00,SM GF,2.11
2024-05-06 18:00:00,SM KV OPF,0.0
2024-05-06 18:00:00,SM NPI,2.164688352
2024-05-06 18:00:00,SM TLO,3.14
2024-05-06 18:30:00,IB GF,0.0
2024-05-06 18:30:00,IB NPI,2.5
2024-05-06 18:30:00,IB OPF,69.5
2024-05-06 18:30:00,SM FT OPF,0.0
2024-05-06 18:30:00,SM GF,2.11
2024-05-06 18:30:00,SM KV OPF,0.0
2024-05-06 18:30:00,SM NPI,2.245923116
2024-05-06 18:30:00,SM TLO,3.14
2024-05-06 19:00:00,IB GF,0.0
2024-05-06 19:00:00,IB NPI,2.5
2024-05-06 19:00:00,IB OPF,69.5
2024-05-06 19:00:00,SM FT OPF,0.0
2024-05-06 19:00:00,SM GF,2.11
2024-05-06 19:00:00,SM KV OPF,0.0
2024-05-06 19:00:00,SM NPI,2.279560457
2024-05-06 19:00:00,SM TLO,3.14
2024-05-06 19:30:00,IB GF,0.0
2024-05-06 19:30:00,IB NPI,2.5
2024-05-06 19:30:00,IB OPF,69.5
2024-05-06 19:30:00,SM FT OPF,0.0
2024-05-06 19:30:00,SM GF,2.11
2024-05-06 19:30:00,SM KV OPF,0.0
2024-05-06 19:30:00,SM NPI,2.189879348
2024-05-06 19:30:00,SM TLO,3.14
2024-05-06 20:00:00,IB GF,0.0
2024-05-06 20:00:00,IB NPI,2.5
2024-05-06 20:00:00,IB OPF,69.5
2024-05-06 20:00:00,SM FT OPF,0.0
2024-05-06 20:00:00,SM GF,2.11
2024-05-06 20:00:00,SM KV OPF,0.0
2024-05-06 20:00:00,SM NPI,2.008514911
2024-05-06 20:00:00,SM TLO,3.14
2024-05-06 20:30:00,IB GF,0.0
2024-05-06 20:30:00,IB NPI,2.5
2024-05-06 20:30:00,IB OPF,69.5
2024-05-06 20:30:00,SM FT OPF,0.0
2024-05-06 20:30:00,SM GF,2.11
2024-05-06 20:30:00,SM KV OPF,0.0
2024-05-06 20:30:00,SM NPI,1.815227541
2024-05-06 20:30:00,SM TLO,3.14
2024-05-06 21:00:00,IB GF,0.0
2024-05-06 21:00:00,IB NPI,2.5
2024-05-06 21:00:00,IB OPF,69.5
2024-05-06 21:00:00,SM FT OPF,0.0
2024-05-06 21:00:00,SM GF,2.11
2024-05-06 21:00:00,SM KV OPF,0.0
2024-05-06 21:00:00,SM NPI,1.6523503
2024-05-06 21:00:00,SM TLO,3.14
2024-05-06 21:30:00,IB GF,0.0
2024-05-06 21:30:00,IB NPI,2.5
2024-05-06 21:30:00,IB OPF,69.5
2024-05-06 21:30:00,SM FT OPF,0.0
2024-05-06 21:30:00,SM GF,2.11
2024-05-06 21:30:00,SM KV OPF,0.0
2024-05-06 21:30:00,SM NPI,1.558410821
2024-05-06 21:30:00,SM TLO,3.14
2024-05-06 22:00:00,IB GF,0.0
2024-05-06 22:00:00,IB NPI,2.5
2024-05-06 22:00:00,IB OPF,69.5
2024-05-06 22:00:00,SM FT OPF,0.0
2024-05-06 22:00:00,SM GF,2.11
2024-05-06 22:00:00,SM KV OPF,0.0
2024-05-06 22:00:00,SM NPI,1.477673136
2024-05-06 22:00:00,SM TLO,3.14
2024-05-06 22:30:00,IB GF,0.0
2024-05-06 22:30:00,IB NPI,2.5
2024-05-06 22:30:00,IB OPF,69.5
2024-05-06 22:30:00,SM FT OPF,0.0
2024-05-06 22:30:00,SM GF,2.11
2024-05-06 22:30:00,SM KV OPF,0.0
2024-05-06 22:30:00,SM NPI,1.405457924
2024-05-06 22:30:00,SM TLO,3.14
2024-05-06 23:00:00,IB GF,0.0
2024-05-06 23:00:00,IB NPI,2.5
2024-05-06 23:00:00,IB OPF,69.5
2024-05-06 23:00:00,SM FT OPF,0.0
2024-05-06 23:00:00,SM GF,2.11
2024-05-06 23:00:00,SM KV OPF,0.0
2024-05-06 23:00:00,SM NPI,1.348328513
2024-05-06 23:00:00,SM TLO,3.14
2024-05-06 23:30:00,IB GF,0.0
2024-05-06 23:30:00,IB NPI,2.5
2024-05-06 23:30:00,IB OPF,69.5
2024-05-06 23:30:00,SM FT OPF,0.0
2024-05-06 23:30:00,SM GF,2.11
2024-05-06 23:30:00,SM KV OPF,0.0
2024-05-06 23:30:00,SM NPI,1.30770143
2024-05-06 23:30:00,SM TLO,3.14
2024-05-07 00:00:00,IB GF,0.0
2024-05-07 00:00:00,IB NPI,2.5
2024-05-07 00:00:00,IB OPF,69.5
2024-05-07 00:00:00,SM FT OPF,0.0
2024-05-07 00:00:00,SM GF,2.11
2024-05-07 00:00:00,SM KV OPF,0.0
2024-05-07 00:00:00,SM NPI,1.265230252
2024-05-07 00:00:00,SM TLO,3.14
2024-05-07 00:30:00,IB GF,0.0
2024-05-07 00:30:00,IB NPI,2.5
2024-05-07 00:30:00,IB OPF,69.5
2024-05-07 00:30:00,SM FT OPF,0.0
2024-05-07 00:30:00,SM GF,2.11
2024-05-07 00:30:00,SM KV OPF,0.0
2024-05-07 00:30:00,SM NPI,1.237124254
2024-05-07 00:30:00,SM TLO,3.14
2024-05-07 01:00:00,IB GF,0.0
2024-05-07 01:00:00,IB NPI,2.5
2024-05-07 01:00:00,IB OPF,69.5
2024-05-07 01:00:00,SM FT OPF,0.0
2024-05-07 01:00:00,SM GF,2.11
2024-05-07 01:00:00,SM KV OPF,0.0
2024-05-07 01:00:00,SM NPI,1.220977262
2024-05-07 01:00:00,SM TLO,3.14
2024-05-07 01:30:00,IB GF,0.0
2024-05-07 01:30:00,IB NPI,2.5
2024-05-07 01:30:00,IB OPF,69.5
2024-05-07 01:30:00,SM FT OPF,0.0
2024-05-07 01:30:00,SM GF,2.11
2024-05-07 01:30:00,SM KV OPF,0.0
2024-05-07 01:30:00,SM NPI,1.205229362
2024-05-07 01:30:00,SM TLO,3.14
2024-05-07 02:00:00,IB GF,0.0
2024-05-07 02:00:00,IB NPI,2.5
2024-05-07 02:00:00,IB OPF,69.5
2024-05-07 02:00:00,SM FT OPF,0.0
2024-05-07 02:00:00,SM GF,2.11
2024-05-07 02:00:00,SM KV OPF,0.0
2024-05-07 02:00:00,SM NPI,1.198535662
2024-05-07 02:00:00,SM TLO,3.14
2024-05-07 02:30:00,IB GF,0.0
2024-05-07 02:30:00,IB NPI,2.5
2024-05-07 02:30:00,IB OPF,69.5
2024-05-07 02:30:00,SM FT OPF,0.0
2024-05-07 02:30:00,SM GF,2.11
2024-05-07 02:30:00,SM KV OPF,0.0
2024-05-07 02:30:00,SM NPI,1.200514253
2024-05-07 02:30:00,SM TLO,3.14
2024-05-07 03:00:00,IB GF,0.0
2024-05-07 03:00:00,IB NPI,2.5
2024-05-07 03:00:00,IB OPF,69.5
2024-05-07 03:00:00,SM FT OPF,0.0
2024-05-07 03:00:00,SM GF,2.11
2024-05-07 03:00:00,SM KV OPF,0.0
2024-05-07 03:00:00,SM NPI,1.211579017
2024-05-07 03:00:00,SM TLO,3.14
2024-05-07 03:30:00,IB GF,0.0
2024-05-07 03:30:00,IB NPI,2.5
2024-05-07 03:30:00,IB OPF,69.5
2024-05-07 03:30:00,SM FT OPF,0.0
2024-05-07 03:30:00,SM GF,2.11
2024-05-07 03:30:00,SM KV OPF,0.0
2024-05-07 03:30:00,SM NPI,1.289948319
2024-05-07 03:30:00,SM TLO,3.14
2024-05-07 04:00:00,IB GF,0.0
2024-05-07 04:00:00,IB NPI,2.5
2024-05-07 04:00:00,IB OPF,69.5
2024-05-07 04:00:00,SM FT OPF,0.0
2024-05-07 04:00:00,SM GF,2.11
2024-05-07 04:00:00,SM KV OPF,0.0
2024-05-07 04:00:00,SM NPI,1.422737975
2024-05-07 04:00:00,SM TLO,3.14
2024-05-07 04:30:00,IB GF,0.0
2024-05-07 04:30:00,IB NPI,2.5
2024-05-07 04:30:00,IB OPF,69.5
2024-05-07 04:30:00,SM FT OPF,0.0
2024-05-07 04:30:00,SM GF,2.11
2024-05-07 04:30:00,SM KV OPF,0.0
2024-05-07 04:30:00,SM NPI,1.478130284
2024-05-07 04:30:00,SM TLO,3.14
2024-05-07 05:00:00,IB GF,0.0
2024-05-07 05:00:00,IB NPI,2.5
2024-05-07 05:00:00,IB OPF,69.5
2024-05-07 05:00:00,SM FT OPF,0.0
2024-05-07 05:00:00,SM GF,2.11
2024-05-07 05:00:00,SM KV OPF,0.0
2024-05-07 05:00:00,SM NPI,1.441640743
2024-05-07 05:00:00,SM TLO,3.14
2024-05-07 05:30:00,IB GF,0.0
2024-05-07 05:30:00,IB NPI,2.5
2024-05-07 05:30:00,IB OPF,69.5
2024-05-07 05:30:00,SM FT OPF,0.0
2024-05-07 05:30:00,SM GF,2.11
2024-05-07 05:30:00,SM KV OPF,0.0
2024-05-07 05:30:00,SM NPI,1.417375359
2024-05-07 05:30:00,SM TLO,3.14
2024-05-07 06:00:00,IB GF,0.0
2024-05-07 06:00:00,IB NPI,2.5
2024-05-07 06:00:00,IB OPF,69.5
2024-05-07 06:00:00,SM FT OPF,0.0
2024-05-07 06:00:00,SM GF,2.11
2024-05-07 06:00:00,SM KV OPF,0.0
2024-05-07 06:00:00,SM NPI,1.454508512
2024-05-07 06:00:00,SM TLO,3.14
2024-05-07 06:30:00,IB GF,0.0
2024-05-07 06:30:00,IB NPI,2.5
2024-05-07 06:30:00,IB OPF,69.5
2024-05-07 06:30:00,SM FT OPF,0.0
2024-05-07 06:30:00,SM GF,2.11
2024-05-07 06:30:00,SM KV OPF,0.0
2024-05-07 06:30:00,SM NPI,1.480404913
2024-05-07 06:30:00,SM TLO,3.14
2024-05-07 07:00:00,IB GF,0.0
2024-05-07 07:00:00,IB NPI,2.5
2024-05-07 07:00:00,IB OPF,69.5
2024-05-07 07:00:00,SM FT OPF,0.0
2024-05-07 07:00:00,SM GF,2.11
2024-05-07 07:00:00,SM KV OPF,0.0
2024-05-07 07:00:00,SM NPI,1.503773335
2024-05-07 07:00:00,SM TLO,3.14
2024-05-07 07:30:00,IB GF,0.0
2024-05-07 07:30:00,IB NPI,2.5
2024-05-07 07:30:00,IB OPF,69.5
2024-05-07 07:30:00,SM FT OPF,0.0
2024-05-07 07:30:00,SM GF,2.11
2024-05-07 07:30:00,SM KV OPF,0.0
2024-05-07 07:30:00,SM NPI,1.503379397
2024-05-07 07:30:00,SM TLO,3.14
2024-05-07 08:00:00,IB GF,0.0
2024-05-07 08:00:00,IB NPI,2.5
2024-05-07 08:00:00,IB OPF,69.5
2024-05-07 08:00:00,SM FT OPF,0.0
2024-05-07 08:00:00,SM GF,2.11
2024-05-07 08:00:00,SM KV OPF,0.0
2024-05-07 08:00:00,SM NPI,1.491441861
2024-05-07 08:00:00,SM TLO,3.14
2024-05-07 08:30:00,IB GF,0.0
2024-05-07 08:30:00,IB NPI,2.5
2024-05-07 08:30:00,IB OPF,69.5
2024-05-07 08:30:00,SM FT OPF,0.0
2024-05-07 08:30:00,SM GF,2.11
2024-05-07 08:30:00,SM KV OPF,0.0
2024-05-07 08:30:00,SM NPI,1.476704349
2024-05-07 08:30:00,SM TLO,3.14
2024-05-07 09:00:00,IB GF,0.0
2024-05-07 09:00:00,IB NPI,2.5
2024-05-07 09:00:00,IB OPF,69.5
2024-05-07 09:00:00,SM FT OPF,0.0
2024-05-07 09:00:00,SM GF,2.11
2024-05-07 09:00:00,SM KV OPF,0.0
2024-05-07 09:00:00,SM NPI,1.470988771
2024-05-07 09:00:00,SM TLO,3.14
2024-05-07 09:30:00,IB GF,0.0
2024-05-07 09:30:00,IB NPI,2.5
2024-05-07 09:30:00,IB OPF,69.5
2024-05-07 09:30:00,SM FT OPF,0.0
2024-05-07 09:30:00,SM GF,2.11
2024-05-07 09:30:00,SM KV OPF,0.0
2024-05-07 09:30:00,SM NPI,1.521558053
2024-05-07 09:30:00,SM TLO,3.14
2024-05-07 10:00:00,IB GF,0.0
2024-05-07 10:00:00,IB NPI,2.5
2024-05-07 10:00:00,IB OPF,69.5
2024-05-07 10:00:00,SM FT OPF,0.0
2024-05-07 10:00:00,SM GF,2.11
2024-05-07 10:00:00,SM KV OPF,0.0
2024-05-07 10:00:00,SM NPI,1.595202292
2024-05-07 10:00:00,SM TLO,3.14
2024-05-07 10:30:00,IB GF,0.0
2024-05-07 10:30:00,IB NPI,2.5
2024-05-07 10:30:00,IB OPF,69.5
2024-05-07 10:30:00,SM FT OPF,0.0
2024-05-07 10:30:00,SM GF,2.11
2024-05-07 10:30:00,SM KV OPF,0.0
2024-05-07 10:30:00,SM NPI,1.655268027
2024-05-07 10:30:00,SM TLO,3.14
2024-05-07 11:00:00,IB GF,0.0
2024-05-07 11:00:00,IB NPI,2.5
2024-05-07 11:00:00,IB OPF,69.5
2024-05-07 11:00:00,SM FT OPF,0.0
2024-05-07 11:00:00,SM GF,2.11
2024-05-07 11:00:00,SM KV OPF,0.0
2024-05-07 11:00:00,SM NPI,1.707192612
2024-05-07 11:00:00,SM TLO,3.14
2024-05-07 11:30:00,IB GF,0.0
2024-05-07 11:30:00,IB NPI,2.5
2024-05-07 11:30:00,IB OPF,69.5
2024-05-07 11:30:00,SM FT OPF,0.0
2024-05-07 11:30:00,SM GF,2.11
2024-05-07 11:30:00,SM KV OPF,0.0
2024-05-07 11:30:00,SM NPI,1.751890626
2024-05-07 11:30:00,SM TLO,3.14
2024-05-07 12:00:00,IB GF,0.0
2024-05-07 12:00:00,IB NPI,2.5
2024-05-07 12:00:00,IB OPF,69.5
2024-05-07 12:00:00,SM FT OPF,0.0
2024-05-07 12:00:00,SM GF,2.11
2024-05-07 12:00:00,SM KV OPF,0.0
2024-05-07 12:00:00,SM NPI,1.788122112
2024-05-07 12:00:00,SM TLO,3.14
2024-05-07 12:30:00,IB GF,0.0
2024-05-07 12:30:00,IB NPI,2.5
2024-05-07 12:30:00,IB OPF,69.5
2024-05-07 12:30:00,SM FT OPF,0.0
2024-05-07 12:30:00,SM GF,2.11
2024-05-07 12:30:00,SM KV OPF,0.0
2024-05-07 12:30:00,SM NPI,1.819377382
2024-05-07 12:30:00,SM TLO,3.14
2024-05-07 13:00:00,IB GF,0.0
2024-05-07 13:00:00,IB NPI,2.5
2024-05-07 13:00:00,IB OPF,69.5
2024-05-07 13:00:00,SM FT OPF,0.0
2024-05-07 13:00:00,SM GF,2.11
2024-05-07 13:00:00,SM KV OPF,0.0
2024-05-07 13:00:00,SM NPI,1.860318417
2024-05-07 13:00:00,SM TLO,3.14
2024-05-07 13:30:00,IB GF,0.0
2024-05-07 13:30:00,IB NPI,2.5
2024-05-07 13:30:00,IB OPF,69.5
2024-05-07 13:30:00,SM FT OPF,0.0
2024-05-07 13:30:00,SM GF,2.11
2024-05-07 13:30:00,SM KV OPF,0.0
2024-05-07 13:30:00,SM NPI,1.908181733
2024-05-07 13:30:00,SM TLO,3.14
2024-05-07 14:00:00,IB GF,0.0
2024-05-07 14:00:00,IB NPI,2.5
2024-05-07 14:00:00,IB OPF,69.5
2024-05-07 14:00:00,SM FT OPF,0.0
2024-05-07 14:00:00,SM GF,2.11
2024-05-07 14:00:00,SM KV OPF,0.0
2024-05-07 14:00:00,SM NPI,1.974734782
2024-05-07 14:00:00,SM TLO,3.14
2024-05-07 14:30:00,IB GF,0.0
2024-05-07 14:30:00,IB NPI,2.5
2024-05-07 14:30:00,IB OPF,69.5
2024-05-07 14:30:00,SM FT OPF,0.0
2024-05-07 14:30:00,SM GF,2.11
2024-05-07 14:30:00,SM KV OPF,0.0
2024-05-07 14:30:00,SM NPI,2.01884768
2024-05-07 14:30:00,SM TLO,3.14
2024-05-07 15:00:00,IB GF,0.0
2024-05-07 15:00:00,IB NPI,2.5
2024-05-07 15:00:00,IB OPF,69.5
2024-05-07 15:00:00,SM FT OPF,0.0
2024-05-07 15:00:00,SM GF,2.11
2024-05-07 15:00:00,SM KV OPF,0.0
2024-05-07 15:00:00,SM NPI,2.047201709
2024-05-07 15:00:00,SM TLO,3.14
2024-05-07 15:30:00,IB GF,0.0
2024-05-07 15:30:00,IB NPI,2.5
2024-05-07 15:30:00,IB OPF,69.5
2024-05-07 15:30:00,SM FT OPF,0.0
2024-05-07 15:30:00,SM GF,2.11
2024-05-07 15:30:00,SM KV OPF,0.0
2024-05-07 15:30:00,SM NPI,2.096918193
2024-05-07 15:30:00,SM TLO,3.14
2024-05-07 16:00:00,IB GF,0.0
2024-05-07 16:00:00,IB NPI,2.5
2024-05-07 16:00:00,IB OPF,69.5
2024-05-07 16:00:00,SM FT OPF,0.0
2024-05-07 16:00:00,SM GF,2.11
2024-05-07 16:00:00,SM KV OPF,0.0
2024-05-07 16:00:00,SM NPI,2.097278597
2024-05-07 16:00:00,SM TLO,3.14
2024-05-07 16:30:00,IB GF,0.0
2024-05-07 16:30:00,IB NPI,2.5
2024-05-07 16:30:00,IB OPF,69.5
2024-05-07 16:30:00,SM FT OPF,0.0
2024-05-07 16:30:00,SM GF,2.11
2024-05-07 16:30:00,SM KV OPF,0.0
2024-05-07 16:30:00,SM NPI,2.036934277
2024-05-07 16:30:00,SM TLO,3.14
2024-05-07 17:00:00,IB GF,0.0
2024-05-07 17:00:00,IB NPI,2.5
2024-05-07 17:00:00,IB OPF,69.5
2024-05-07 17:00:00,SM FT OPF,0.0
2024-05-07 17:00:00,SM GF,2.11
2024-05-07 17:00:00,SM KV OPF,0.0
2024-05-07 17:00:00,SM NPI,1.991380862
2024-05-07 17:00:00,SM TLO,3.14
2024-05-07 17:30:00,IB GF,0.0
2024-05-07 17:30:00,IB NPI,2.5
2024-05-07 17:30:00,IB OPF,69.5
2024-05-07 17:30:00,SM FT OPF,0.0
2024-05-07 17:30:00,SM GF,2.11
2024-05-07 17:30:00,SM KV OPF,0.0
2024-05-07 17:30:00,SM NPI,2.03489217
2024-05-07 17:30:00,SM TLO,3.14
2024-05-07 18:00:00,IB GF,0.0
2024-05-07 18:00:00,IB NPI,2.5
2024-05-07 18:00:00,IB OPF,69.5
2024-05-07 18:00:00,SM FT OPF,0.0
2024-05-07 18:00:00,SM GF,2.11
2024-05-07 18:00:00,SM KV OPF,0.0
2024-05-07 18:00:00,SM NPI,2.151648061
2024-05-07 18:00:00,SM TLO,3.14
2024-05-07 18:30:00,IB GF,0.0
2024-05-07 18:30:00,IB NPI,2.5
2024-05-07 18:30:00,IB OPF,69.5
2024-05-07 18:30:00,SM FT OPF,0.0
2024-05-07 18:30:00,SM GF,2.11
2024-05-07 18:30:00,SM KV OPF,0.0
2024-05-07 18:30:00,SM NPI,2.232393459
2024-05-07 18:30:00,SM TLO,3.14
2024-05-07 19:00:00,IB GF,0.0
2024-05-07 19:00:00,IB NPI,2.5
2024-05-07 19:00:00,IB OPF,69.5
2024-05-07 19:00:00,SM FT OPF,0.0
2024-05-07 19:00:00,SM GF,2.11
2024-05-07 19:00:00,SM KV OPF,0.0
2024-05-07 19:00:00,SM NPI,2.265828165
2024-05-07 19:00:00,SM TLO,3.14
2024-05-07 19:30:00,IB GF,0.0
2024-05-07 19:30:00,IB NPI,2.5
2024-05-07 19:30:00,IB OPF,69.5
2024-05-07 19:30:00,SM FT OPF,0.0
2024-05-07 19:30:00,SM GF,2.11
2024-05-07 19:30:00,SM KV OPF,0.0
2024-05-07 19:30:00,SM NPI,2.176687304
2024-05-07 19:30:00,SM TLO,3.14
2024-05-07 20:00:00,IB GF,0.0
2024-05-07 20:00:00,IB NPI,2.5
2024-05-07 20:00:00,IB OPF,69.5
2024-05-07 20:00:00,SM FT OPF,0.0
2024-05-07 20:00:00,SM GF,2.11
2024-05-07 20:00:00,SM KV OPF,0.0
2024-05-07 20:00:00,SM NPI,1.996415424
2024-05-07 20:00:00,SM TLO,3.14
2024-05-07 20:30:00,IB GF,0.0
2024-05-07 20:30:00,IB NPI,2.5
2024-05-07 20:30:00,IB OPF,69.5
2024-05-07 20:30:00,SM FT OPF,0.0
2024-05-07 20:30:00,SM GF,2.11
2024-05-07 20:30:00,SM KV OPF,0.0
2024-05-07 20:30:00,SM NPI,1.804292435
2024-05-07 20:30:00,SM TLO,3.14
2024-05-07 21:00:00,IB GF,0.0
2024-05-07 21:00:00,IB NPI,2.5
2024-05-07 21:00:00,IB OPF,69.5
2024-05-07 21:00:00,SM FT OPF,0.0
2024-05-07 21:00:00,SM GF,2.11
2024-05-07 21:00:00,SM KV OPF,0.0
2024-05-07 21:00:00,SM NPI,1.642396382
2024-05-07 21:00:00,SM TLO,3.14
2024-05-07 21:30:00,IB GF,0.0
2024-05-07 21:30:00,IB NPI,2.5
2024-05-07 21:30:00,IB OPF,69.5
2024-05-07 21:30:00,SM FT OPF,0.0
2024-05-07 21:30:00,SM GF,2.11
2024-05-07 21:30:00,SM KV OPF,0.0
2024-05-07 21:30:00,SM NPI,1.549022804
2024-05-07 21:30:00,SM TLO,3.14
2024-05-07 22:00:00,IB GF,0.0
2024-05-07 22:00:00,IB NPI,2.5
2024-05-07 22:00:00,IB OPF,69.5
2024-05-07 22:00:00,SM FT OPF,0.0
2024-05-07 22:00:00,SM GF,2.11
2024-05-07 22:00:00,SM KV OPF,0.0
2024-05-07 22:00:00,SM NPI,1.46877149
2024-05-07 22:00:00,SM TLO,3.14
2024-05-07 22:30:00,IB GF,0.0
2024-05-07 22:30:00,IB NPI,2.5
2024-05-07 22:30:00,IB OPF,69.5
2024-05-07 22:30:00,SM FT OPF,0.0
2024-05-07 22:30:00,SM GF,2.11
2024-05-07 22:30:00,SM KV OPF,0.0
2024-05-07 22:30:00,SM NPI,1.39699131
2024-05-07 22:30:00,SM TLO,3.14
2024-05-07 23:00:00,IB GF,0.0
2024-05-07 23:00:00,IB NPI,2.5
2024-05-07 23:00:00,IB OPF,69.5
2024-05-07 23:00:00,SM FT OPF,0.0
2024-05-07 23:00:00,SM GF,2.11
2024-05-07 23:00:00,SM KV OPF,0.0
2024-05-07 23:00:00,SM NPI,1.340206052
2024-05-07 23:00:00,SM TLO,3.14
2024-05-07 23:30:00,IB GF,0.0
2024-05-07 23:30:00,IB NPI,2.5
2024-05-07 23:30:00,IB OPF,69.5
2024-05-07 23:30:00,SM FT OPF,0.0
2024-05-07 23:30:00,SM GF,2.11
2024-05-07 23:30:00,SM KV OPF,0.0
2024-05-07 23:30:00,SM NPI,1.299823711
2024-05-07 23:30:00,SM TLO,3.14
2024-05-08 00:00:00,IB GF,0.0
2024-05-08 00:00:00,IB NPI,2.5
2024-05-08 00:00:00,IB OPF,69.5
2024-05-08 00:00:00,SM FT OPF,0.0
2024-05-08 00:00:00,SM GF,2.11
2024-05-08 00:00:00,SM KV OPF,0.0
2024-05-08 00:00:00,SM NPI,1.25756219
2024-05-08 00:00:00,SM TLO,3.14
2024-05-08 00:30:00,IB GF,0.0
2024-05-08 00:30:00,IB NPI,2.5
2024-05-08 00:30:00,IB OPF,69.5
2024-05-08 00:30:00,SM FT OPF,0.0
2024-05-08 00:30:00,SM GF,2.11
2024-05-08 00:30:00,SM KV OPF,0.0
2024-05-08 00:30:00,SM NPI,1.229626531
2024-05-08 00:30:00,SM TLO,3.14
2024-05-08 01:00:00,IB GF,0.0
2024-05-08 01:00:00,IB NPI,2.5
2024-05-08 01:00:00,IB OPF,69.5
2024-05-08 01:00:00,SM FT OPF,0.0
2024-05-08 01:00:00,SM GF,2.11
2024-05-08 01:00:00,SM KV OPF,0.0
2024-05-08 01:00:00,SM NPI,1.213577399
2024-05-08 01:00:00,SM TLO,3.14
2024-05-08 01:30:00,IB GF,0.0
2024-05-08 01:30:00,IB NPI,2.5
2024-05-08 01:30:00,IB OPF,69.5
2024-05-08 01:30:00,SM FT OPF,0.0
2024-05-08 01:30:00,SM GF,2.11
2024-05-08 01:30:00,SM KV OPF,0.0
2024-05-08 01:30:00,SM NPI,1.197924941
2024-05-08 01:30:00,SM TLO,3.14
2024-05-08 02:00:00,IB GF,0.0
2024-05-08 02:00:00,IB NPI,2.5
2024-05-08 02:00:00,IB OPF,69.5
2024-05-08 02:00:00,SM FT OPF,0.0
2024-05-08 02:00:00,SM GF,2.11
2024-05-08 02:00:00,SM KV OPF,0.0
2024-05-08 02:00:00,SM NPI,1.191271809
2024-05-08 02:00:00,SM TLO,3.14
2024-05-08 02:30:00,IB GF,0.0
2024-05-08 02:30:00,IB NPI,2.5
2024-05-08 02:30:00,IB OPF,69.5
2024-05-08 02:30:00,SM FT OPF,0.0
2024-05-08 02:30:00,SM GF,2.11
2024-05-08 02:30:00,SM KV OPF,0.0
2024-05-08 02:30:00,SM NPI,1.193238409
2024-05-08 02:30:00,SM TLO,3.14
2024-05-08 03:00:00,IB GF,0.0
2024-05-08 03:00:00,IB NPI,2.5
2024-05-08 03:00:00,IB OPF,69.5
2024-05-08 03:00:00,SM FT OPF,0.0
2024-05-08 03:00:00,SM GF,2.11
2024-05-08 03:00:00,SM KV OPF,0.0
2024-05-08 03:00:00,SM NPI,1.204236114
2024-05-08 03:00:00,SM TLO,3.14
2024-05-08 03:30:00,IB GF,0.0
2024-05-08 03:30:00,IB NPI,2.5
2024-05-08 03:30:00,IB OPF,69.5
2024-05-08 03:30:00,SM FT OPF,0.0
2024-05-08 03:30:00,SM GF,2.11
2024-05-08 03:30:00,SM KV OPF,0.0
2024-05-08 03:30:00,SM NPI,1.28213045
2024-05-08 03:30:00,SM TLO,3.14
2024-05-08 04:00:00,IB GF,0.0
2024-05-08 04:00:00,IB NPI,2.5
2024-05-08 04:00:00,IB OPF,69.5
2024-05-08 04:00:00,SM FT OPF,0.0
2024-05-08 04:00:00,SM GF,2.11
2024-05-08 04:00:00,SM KV OPF,0.0
2024-05-08 04:00:00,SM NPI,1.414115321
2024-05-08 04:00:00,SM TLO,3.14
2024-05-08 04:30:00,IB GF,0.0
2024-05-08 04:30:00,IB NPI,2.5
2024-05-08 04:30:00,IB OPF,69.5
2024-05-08 04:30:00,SM FT OPF,0.0
2024-05-08 04:30:00,SM GF,2.11
2024-05-08 04:30:00,SM KV OPF,0.0
2024-05-08 04:30:00,SM NPI,1.469171919
2024-05-08 04:30:00,SM TLO,3.14
2024-05-08 05:00:00,IB GF,0.0
2024-05-08 05:00:00,IB NPI,2.5
2024-05-08 05:00:00,IB OPF,69.5
2024-05-08 05:00:00,SM FT OPF,0.0
2024-05-08 05:00:00,SM GF,2.11
2024-05-08 05:00:00,SM KV OPF,0.0
2024-05-08 05:00:00,SM NPI,1.432903527
2024-05-08 05:00:00,SM TLO,3.14
2024-05-08 05:30:00,IB GF,0.0
2024-05-08 05:30:00,IB NPI,2.5
2024-05-08 05:30:00,IB OPF,69.5
2024-05-08 05:30:00,SM FT OPF,0.0
2024-05-08 05:30:00,SM GF,2.11
2024-05-08 05:30:00,SM KV OPF,0.0
2024-05-08 05:30:00,SM NPI,1.408785206
2024-05-08 05:30:00,SM TLO,3.14
2024-05-08 06:00:00,IB GF,0.0
2024-05-08 06:00:00,IB NPI,2.5
2024-05-08 06:00:00,IB OPF,69.5
2024-05-08 06:00:00,SM FT OPF,0.0
2024-05-08 06:00:00,SM GF,2.11
2024-05-08 06:00:00,SM KV OPF,0.0
2024-05-08 06:00:00,SM NPI,1.445693309
2024-05-08 06:00:00,SM TLO,3.39
2024-05-08 06:30:00,IB GF,0.0
2024-05-08 06:30:00,IB NPI,2.5
2024-05-08 06:30:00,IB OPF,69.5
2024-05-08 06:30:00,SM FT OPF,0.0
2024-05-08 06:30:00,SM GF,2.11
2024-05-08 06:30:00,SM KV OPF,0.0
2024-05-08 06:30:00,SM NPI,1.471432762
2024-05-08 06:30:00,SM TLO,3.39
2024-05-08 07:00:00,IB GF,0.0
2024-05-08 07:00:00,IB NPI,2.5
2024-05-08 07:00:00,IB OPF,69.5
2024-05-08 07:00:00,SM FT OPF,0.0
2024-05-08 07:00:00,SM GF,2.11
2024-05-08 07:00:00,SM KV OPF,0.0
2024-05-08 07:00:00,SM NPI,1.494659557
2024-05-08 07:00:00,SM TLO,3.39
2024-05-08 07:30:00,IB GF,0.0
2024-05-08 07:30:00,IB NPI,2.5
2024-05-08 07:30:00,IB OPF,69.5
2024-05-08 07:30:00,SM FT OPF,0.0
2024-05-08 07:30:00,SM GF,2.11
2024-05-08 07:30:00,SM KV OPF,0.0
2024-05-08 07:30:00,SM NPI,1.494268007
2024-05-08 07:30:00,SM TLO,3.39
2024-05-08 08:00:00,IB GF,0.0
2024-05-08 08:00:00,IB NPI,2.5
2024-05-08 08:00:00,IB OPF,69.5
2024-05-08 08:00:00,SM FT OPF,0.0
2024-05-08 08:00:00,SM GF,2.11
2024-05-08 08:00:00,SM KV OPF,0.0
2024-05-08 08:00:00,SM NPI,1.482402819
2024-05-08 08:00:00,SM TLO,3.39
2024-05-08 08:30:00,IB GF,0.0
2024-05-08 08:30:00,IB NPI,2.5
2024-05-08 08:30:00,IB OPF,69.5
2024-05-08 08:30:00,SM FT OPF,0.0
2024-05-08 08:30:00,SM GF,2.11
2024-05-08 08:30:00,SM KV OPF,0.0
2024-05-08 08:30:00,SM NPI,1.467754626
2024-05-08 08:30:00,SM TLO,3.39
2024-05-08 09:00:00,IB GF,0.0
2024-05-08 09:00:00,IB NPI,2.5
2024-05-08 09:00:00,IB OPF,69.5
2024-05-08 09:00:00,SM FT OPF,0.0
2024-05-08 09:00:00,SM GF,2.11
2024-05-08 09:00:00,SM KV OPF,0.0
2024-05-08 09:00:00,SM NPI,1.462073688
2024-05-08 09:00:00,SM TLO,3.39
2024-05-08 09:30:00,IB GF,0.0
2024-05-08 09:30:00,IB NPI,2.5
2024-05-08 09:30:00,IB OPF,69.5
2024-05-08 09:30:00,SM FT OPF,0.0
2024-05-08 09:30:00,SM GF,2.11
2024-05-08 09:30:00,SM KV OPF,0.0
2024-05-08 09:30:00,SM NPI,1.512336489
2024-05-08 09:30:00,SM TLO,3.39
2024-05-08 10:00:00,IB GF,0.0
2024-05-08 10:00:00,IB NPI,2.5
2024-05-08 10:00:00,IB OPF,69.5
2024-05-08 10:00:00,SM FT OPF,0.0
2024-05-08 10:00:00,SM GF,2.11
2024-05-08 10:00:00,SM KV OPF,0.0
2024-05-08 10:00:00,SM NPI,1.585534399
2024-05-08 10:00:00,SM TLO,3.39
2024-05-08 10:30:00,IB GF,0.0
2024-05-08 10:30:00,IB NPI,2.5
2024-05-08 10:30:00,IB OPF,69.5
2024-05-08 10:30:00,SM FT OPF,0.0
2024-05-08 10:30:00,SM GF,2.11
2024-05-08 10:30:00,SM KV OPF,0.0
2024-05-08 10:30:00,SM NPI,1.645236099
2024-05-08 10:30:00,SM TLO,3.39
2024-05-08 11:00:00,IB GF,0.0
2024-05-08 11:00:00,IB NPI,2.5
2024-05-08 11:00:00,IB OPF,69.5
2024-05-08 11:00:00,SM FT OPF,0.0
2024-05-08 11:00:00,SM GF,2.11
2024-05-08 11:00:00,SM KV OPF,0.0
2024-05-08 11:00:00,SM NPI,1.69684599
2024-05-08 11:00:00,SM TLO,3.39
2024-05-08 11:30:00,IB GF,0.0
2024-05-08 11:30:00,IB NPI,2.5
2024-05-08 11:30:00,IB OPF,69.5
2024-05-08 11:30:00,SM FT OPF,0.0
2024-05-08 11:30:00,SM GF,2.11
2024-05-08 11:30:00,SM KV OPF,0.0
2024-05-08 11:30:00,SM NPI,1.741273107
2024-05-08 11:30:00,SM TLO,3.39
2024-05-08 12:00:00,IB GF,0.0
2024-05-08 12:00:00,IB NPI,2.5
2024-05-08 12:00:00,IB OPF,69.5
2024-05-08 12:00:00,SM FT OPF,0.0
2024-05-08 12:00:00,SM GF,2.11
2024-05-08 12:00:00,SM KV OPF,0.0
2024-05-08 12:00:00,SM NPI,1.777285008
2024-05-08 12:00:00,SM TLO,3.39
2024-05-08 12:30:00,IB GF,0.0
2024-05-08 12:30:00,IB NPI,2.5
2024-05-08 12:30:00,IB OPF,69.5
2024-05-08 12:30:00,SM FT OPF,0.0
2024-05-08 12:30:00,SM GF,2.11
2024-05-08 12:30:00,SM KV OPF,0.0
2024-05-08 12:30:00,SM NPI,1.808350853
2024-05-08 12:30:00,SM TLO,3.39
2024-05-08 13:00:00,IB GF,0.0
2024-05-08 13:00:00,IB NPI,2.5
2024-05-08 13:00:00,IB OPF,69.5
2024-05-08 13:00:00,SM FT OPF,0.0
2024-05-08 13:00:00,SM GF,2.11
2024-05-08 13:00:00,SM KV OPF,0.0
2024-05-08 13:00:00,SM NPI,1.84904376
2024-05-08 13:00:00,SM TLO,3.39
2024-05-08 13:30:00,IB GF,0.0
2024-05-08 13:30:00,IB NPI,2.5
2024-05-08 13:30:00,IB OPF,69.5
2024-05-08 13:30:00,SM FT OPF,0.0
2024-05-08 13:30:00,SM GF,2.11
2024-05-08 13:30:00,SM KV OPF,0.0
2024-05-08 13:30:00,SM NPI,1.896616995
2024-05-08 13:30:00,SM TLO,3.39
2024-05-08 14:00:00,IB GF,0.0
2024-05-08 14:00:00,IB NPI,2.5
2024-05-08 14:00:00,IB OPF,69.5
2024-05-08 14:00:00,SM FT OPF,0.0
2024-05-08 14:00:00,SM GF,2.11
2024-05-08 14:00:00,SM KV OPF,0.0
2024-05-08 14:00:00,SM NPI,1.962766693
2024-05-08 14:00:00,SM TLO,3.39
2024-05-08 14:30:00,IB GF,0.0
2024-05-08 14:30:00,IB NPI,2.5
2024-05-08 14:30:00,IB OPF,69.5
2024-05-08 14:30:00,SM FT OPF,0.0
2024-05-08 14:30:00,SM GF,2.11
2024-05-08 14:30:00,SM KV OPF,0.0
2024-05-08 14:30:00,SM NPI,2.00661224
2024-05-08 14:30:00,SM TLO,3.39
2024-05-08 15:00:00,IB GF,0.0
2024-05-08 15:00:00,IB NPI,2.5
2024-05-08 15:00:00,IB OPF,69.5
2024-05-08 15:00:00,SM FT OPF,0.0
2024-05-08 15:00:00,SM GF,2.11
2024-05-08 15:00:00,SM KV OPF,0.0
2024-05-08 15:00:00,SM NPI,2.034794426
2024-05-08 15:00:00,SM TLO,3.39
2024-05-08 15:30:00,IB GF,0.0
2024-05-08 15:30:00,IB NPI,2.5
2024-05-08 15:30:00,IB OPF,69.5
2024-05-08 15:30:00,SM FT OPF,0.0
2024-05-08 15:30:00,SM GF,2.11
2024-05-08 15:30:00,SM KV OPF,0.0
2024-05-08 15:30:00,SM NPI,2.084209598
2024-05-08 15:30:00,SM TLO,3.39
2024-05-08 16:00:00,IB GF,0.0
2024-05-08 16:00:00,IB NPI,2.5
2024-05-08 16:00:00,IB OPF,69.5
2024-05-08 16:00:00,SM FT OPF,0.0
2024-05-08 16:00:00,SM GF,2.11
2024-05-08 16:00:00,SM KV OPF,0.0
2024-05-08 16:00:00,SM NPI,2.084567818
2024-05-08 16:00:00,SM TLO,3.39
2024-05-08 16:30:00,IB GF,0.0
2024-05-08 16:30:00,IB NPI,2.5
2024-05-08 16:30:00,IB OPF,69.5
2024-05-08 16:30:00,SM FT OPF,0.0
2024-05-08 16:30:00,SM GF,2.11
2024-05-08 16:30:00,SM KV OPF,0.0
2024-05-08 16:30:00,SM NPI,2.024589221
2024-05-08 16:30:00,SM TLO,3.39
2024-05-08 17:00:00,IB GF,0.0
2024-05-08 17:00:00,IB NPI,2.5
2024-05-08 17:00:00,IB OPF,69.5
2024-05-08 17:00:00,SM FT OPF,0.0
2024-05-08 17:00:00,SM GF,2.11
2024-05-08 17:00:00,SM KV OPF,0.0
2024-05-08 17:00:00,SM NPI,1.979311887
2024-05-08 17:00:00,SM TLO,3.39
2024-05-08 17:30:00,IB GF,0.0
2024-05-08 17:30:00,IB NPI,2.5
2024-05-08 17:30:00,IB OPF,69.5
2024-05-08 17:30:00,SM FT OPF,0.0
2024-05-08 17:30:00,SM GF,2.11
2024-05-08 17:30:00,SM KV OPF,0.0
2024-05-08 17:30:00,SM NPI,2.02255949
2024-05-08 17:30:00,SM TLO,3.39
2024-05-08 18:00:00,IB GF,0.0
2024-05-08 18:00:00,IB NPI,2.5
2024-05-08 18:00:00,IB OPF,69.5
2024-05-08 18:00:00,SM FT OPF,0.0
2024-05-08 18:00:00,SM GF,2.11
2024-05-08 18:00:00,SM KV OPF,0.0
2024-05-08 18:00:00,SM NPI,2.138607769
2024-05-08 18:00:00,SM TLO,3.39
2024-05-08 18:30:00,IB GF,0.0
2024-05-08 18:30:00,IB NPI,2.5
2024-05-08 18:30:00,IB OPF,69.5
2024-05-08 18:30:00,SM FT OPF,0.0
2024-05-08 18:30:00,SM GF,2.11
2024-05-08 18:30:00,SM KV OPF,0.0
2024-05-08 18:30:00,SM NPI,2.218863801
2024-05-08 18:30:00,SM TLO,3.39
2024-05-08 19:00:00,IB GF,0.0
2024-05-08 19:00:00,IB NPI,2.5
2024-05-08 19:00:00,IB OPF,69.5
2024-05-08 19:00:00,SM FT OPF,0.0
2024-05-08 19:00:00,SM GF,2.11
2024-05-08 19:00:00,SM KV OPF,0.0
2024-05-08 19:00:00,SM NPI,2.252095873
2024-05-08 19:00:00,SM TLO,3.39
2024-05-08 19:30:00,IB GF,0.0
2024-05-08 19:30:00,IB NPI,2.5
2024-05-08 19:30:00,IB OPF,69.5
2024-05-08 19:30:00,SM FT OPF,0.0
2024-05-08 19:30:00,SM GF,2.11
2024-05-08 19:30:00,SM KV OPF,0.0
2024-05-08 19:30:00,SM NPI,2.163495259
2024-05-08 19:30:00,SM TLO,3.39
2024-05-08 20:00:00,IB GF,0.0
2024-05-08 20:00:00,IB NPI,2.5
2024-05-08 20:00:00,IB OPF,69.5
2024-05-08 20:00:00,SM FT OPF,0.0
2024-05-08 20:00:00,SM GF,2.11
2024-05-08 20:00:00,SM KV OPF,0.0
2024-05-08 20:00:00,SM NPI,1.984315936
2024-05-08 20:00:00,SM TLO,3.39
2024-05-08 20:30:00,IB GF,0.0
2024-05-08 20:30:00,IB NPI,2.5
2024-05-08 20:30:00,IB OPF,69.5
2024-05-08 20:30:00,SM FT OPF,0.0
2024-05-08 20:30:00,SM GF,2.11
2024-05-08 20:30:00,SM KV OPF,0.0
2024-05-08 20:30:00,SM NPI,1.793357329
2024-05-08 20:30:00,SM TLO,3.39
2024-05-08 21:00:00,IB GF,0.0
2024-05-08 21:00:00,IB NPI,2.5
2024-05-08 21:00:00,IB OPF,69.5
2024-05-08 21:00:00,SM FT OPF,0.0
2024-05-08 21:00:00,SM GF,2.11
2024-05-08 21:00:00,SM KV OPF,0.0
2024-05-08 21:00:00,SM NPI,1.632442465
2024-05-08 21:00:00,SM TLO,3.39
2024-05-08 21:30:00,IB GF,0.0
2024-05-08 21:30:00,IB NPI,2.5
2024-05-08 21:30:00,IB OPF,69.5
2024-05-08 21:30:00,SM FT OPF,0.0
2024-05-08 21:30:00,SM GF,2.11
2024-05-08 21:30:00,SM KV OPF,0.0
2024-05-08 21:30:00,SM NPI,1.539634787
2024-05-08 21:30:00,SM TLO,3.39
2024-05-08 22:00:00,IB GF,0.0
2024-05-08 22:00:00,IB NPI,2.5
2024-05-08 22:00:00,IB OPF,69.5
2024-05-08 22:00:00,SM FT OPF,0.0
2024-05-08 22:00:00,SM GF,2.11
2024-05-08 22:00:00,SM KV OPF,0.0
2024-05-08 22:00:00,SM NPI,1.459869845
2024-05-08 22:00:00,SM TLO,3.39
2024-05-08 22:30:00,IB GF,0.0
2024-05-08 22:30:00,IB NPI,2.5
2024-05-08 22:30:00,IB OPF,69.5
2024-05-08 22:30:00,SM FT OPF,0.0
2024-05-08 22:30:00,SM GF,2.11
2024-05-08 22:30:00,SM KV OPF,0.0
2024-05-08 22:30:00,SM NPI,1.388524696
2024-05-08 22:30:00,SM TLO,3.39
2024-05-08 23:00:00,IB GF,0.0
2024-05-08 23:00:00,IB NPI,2.5
2024-05-08 23:00:00,IB OPF,69.5
2024-05-08 23:00:00,SM FT OPF,0.0
2024-05-08 23:00:00,SM GF,2.11
2024-05-08 23:00:00,SM KV OPF,0.0
2024-05-08 23:00:00,SM NPI,1.332083591
2024-05-08 23:00:00,SM TLO,3.39
2024-05-08 23:30:00,IB GF,0.0
2024-05-08 23:30:00,IB NPI,2.5
2024-05-08 23:30:00,IB OPF,69.5
2024-05-08 23:30:00,SM FT OPF,0.0
2024-05-08 23:30:00,SM GF,2.11
2024-05-08 23:30:00,SM KV OPF,0.0
2024-05-08 23:30:00,SM NPI,1.291945991
2024-05-08 23:30:00,SM TLO,3.39
2024-05-09 00:00:00,IB GF,0.0
2024-05-09 00:00:00,IB NPI,2.5
2024-05-09 00:00:00,IB OPF,69.5
2024-05-09 00:00:00,SM FT OPF,0.0
2024-05-09 00:00:00,SM GF,2.11
2024-05-09 00:00:00,SM KV OPF,0.0
2024-05-09 00:00:00,SM NPI,1.249894128
2024-05-09 00:00:00,SM TLO,3.39
2024-05-09 00:30:00,IB GF,0.0
2024-05-09 00:30:00,IB NPI,2.5
2024-05-09 00:30:00,IB OPF,69.5
2024-05-09 00:30:00,SM FT OPF,0.0
2024-05-09 00:30:00,SM GF,2.11
2024-05-09 00:30:00,SM KV OPF,0.0
2024-05-09 00:30:00,SM NPI,1.222128808
2024-05-09 00:30:00,SM TLO,3.39
2024-05-09 01:00:00,IB GF,0.0
2024-05-09 01:00:00,IB NPI,2.5
2024-05-09 01:00:00,IB OPF,69.5
2024-05-09 01:00:00,SM FT OPF,0.0
2024-05-09 01:00:00,SM GF,2.11
2024-05-09 01:00:00,SM KV OPF,0.0
2024-05-09 01:00:00,SM NPI,1.206177537
2024-05-09 01:00:00,SM TLO,3.39
2024-05-09 01:30:00,IB GF,0.0
2024-05-09 01:30:00,IB NPI,2.5
2024-05-09 01:30:00,IB OPF,69.5
2024-05-09 01:30:00,SM FT OPF,0.0
2024-05-09 01:30:00,SM GF,2.11
2024-05-09 01:30:00,SM KV OPF,0.0
2024-05-09 01:30:00,SM NPI,1.190620521
2024-05-09 01:30:00,SM TLO,3.39
2024-05-09 02:00:00,IB GF,0.0
2024-05-09 02:00:00,IB NPI,2.5
2024-05-09 02:00:00,IB OPF,69.5
2024-05-09 02:00:00,SM FT OPF,0.0
2024-05-09 02:00:00,SM GF,2.11
2024-05-09 02:00:00,SM KV OPF,0.0
2024-05-09 02:00:00,SM NPI,1.184007957
2024-05-09 02:00:00,SM TLO,3.39
2024-05-09 02:30:00,IB GF,0.0
2024-05-09 02:30:00,IB NPI,2.5
2024-05-09 02:30:00,IB OPF,69.5
2024-05-09 02:30:00,SM FT OPF,0.0
2024-05-09 02:30:00,SM GF,2.11
2024-05-09 02:30:00,SM KV OPF,0.0
2024-05-09 02:30:00,SM NPI,1.185962565
2024-05-09 02:30:00,SM TLO,3.39
2024-05-09 03:00:00,IB GF,0.0
2024-05-09 03:00:00,IB NPI,2.5
2024-05-09 03:00:00,IB OPF,69.5
2024-05-09 03:00:00,SM FT OPF,0.0
2024-05-09 03:00:00,SM GF,2.11
2024-05-09 03:00:00,SM KV OPF,0.0
2024-05-09 03:00:00,SM NPI,1.196893211
2024-05-09 03:00:00,SM TLO,3.39
2024-05-09 03:30:00,IB GF,0.0
2024-05-09 03:30:00,IB NPI,2.5
2024-05-09 03:30:00,IB OPF,69.5
2024-05-09 03:30:00,SM FT OPF,0.0
2024-05-09 03:30:00,SM GF,2.11
2024-05-09 03:30:00,SM KV OPF,0.0
2024-05-09 03:30:00,SM NPI,1.274312582
2024-05-09 03:30:00,SM TLO,3.39
2024-05-09 04:00:00,IB GF,0.0
2024-05-09 04:00:00,IB NPI,2.5
2024-05-09 04:00:00,IB OPF,69.5
2024-05-09 04:00:00,SM FT OPF,0.0
2024-05-09 04:00:00,SM GF,2.11
2024-05-09 04:00:00,SM KV OPF,0.0
2024-05-09 04:00:00,SM NPI,1.405492666
2024-05-09 04:00:00,SM TLO,3.39
2024-05-09 04:30:00,IB GF,0.0
2024-05-09 04:30:00,IB NPI,2.5
2024-05-09 04:30:00,IB OPF,69.5
2024-05-09 04:30:00,SM FT OPF,0.0
2024-05-09 04:30:00,SM GF,2.11
2024-05-09 04:30:00,SM KV OPF,0.0
2024-05-09 04:30:00,SM NPI,1.460213554
2024-05-09 04:30:00,SM TLO,3.39
2024-05-09 05:00:00,IB GF,0.0
2024-05-09 05:00:00,IB NPI,2.5
2024-05-09 05:00:00,IB OPF,69.5
2024-05-09 05:00:00,SM FT OPF,0.0
2024-05-09 05:00:00,SM GF,2.11
2024-05-09 05:00:00,SM KV OPF,0.0
2024-05-09 05:00:00,SM NPI,1.42416631
2024-05-09 05:00:00,SM TLO,3.39
2024-05-09 05:30:00,IB GF,0.0
2024-05-09 05:30:00,IB NPI,2.5
2024-05-09 05:30:00,IB OPF,69.5
2024-05-09 05:30:00,SM FT OPF,0.0
2024-05-09 05:30:00,SM GF,2.11
2024-05-09 05:30:00,SM KV OPF,0.0
2024-05-09 05:30:00,SM NPI,1.400195052
2024-05-09 05:30:00,SM TLO,3.39
2024-05-09 06:00:00,IB GF,0.0
2024-05-09 06:00:00,IB NPI,2.5
2024-05-09 06:00:00,IB OPF,69.5
2024-05-09 06:00:00,SM FT OPF,0.0
2024-05-09 06:00:00,SM GF,2.11
2024-05-09 06:00:00,SM KV OPF,0.0
2024-05-09 06:00:00,SM NPI,1.436878106
2024-05-09 06:00:00,SM TLO,3.39
2024-05-09 06:30:00,IB GF,0.0
2024-05-09 06:30:00,IB NPI,2.5
2024-05-09 06:30:00,IB OPF,69.5
2024-05-09 06:30:00,SM FT OPF,0.0
2024-05-09 06:30:00,SM GF,2.11
2024-05-09 06:30:00,SM KV OPF,0.0
2024-05-09 06:30:00,SM NPI,1.462460611
2024-05-09 06:30:00,SM TLO,3.39
2024-05-09 07:00:00,IB GF,0.0
2024-05-09 07:00:00,IB NPI,2.5
2024-05-09 07:00:00,IB OPF,69.5
2024-05-09 07:00:00,SM FT OPF,0.0
2024-05-09 07:00:00,SM GF,2.11
2024-05-09 07:00:00,SM KV OPF,0.0
2024-05-09 07:00:00,SM NPI,1.485545779
2024-05-09 07:00:00,SM TLO,3.39
2024-05-09 07:30:00,IB GF,0.0
2024-05-09 07:30:00,IB NPI,2.5
2024-05-09 07:30:00,IB OPF,69.5
2024-05-09 07:30:00,SM FT OPF,0.0
2024-05-09 07:30:00,SM GF,2.11
2024-05-09 07:30:00,SM KV OPF,0.0
2024-05-09 07:30:00,SM NPI,1.485156616
2024-05-09 07:30:00,SM TLO,3.39
2024-05-09 08:00:00,IB GF,0.0
2024-05-09 08:00:00,IB NPI,2.5
2024-05-09 08:00:00,IB OPF,69.5
2024-05-09 08:00:00,SM FT OPF,0.0
2024-05-09 08:00:00,SM GF,2.11
2024-05-09 08:00:00,SM KV OPF,0.0
2024-05-09 08:00:00,SM NPI,1.473363778
2024-05-09 08:00:00,SM TLO,3.39
2024-05-09 08:30:00,IB GF,0.0
2024-05-09 08:30:00,IB NPI,2.5
2024-05-09 08:30:00,IB OPF,69.5
2024-05-09 08:30:00,SM FT OPF,0.0
2024-05-09 08:30:00,SM GF,2.11
2024-05-09 08:30:00,SM KV OPF,0.0
2024-05-09 08:30:00,SM NPI,1.458804902
2024-05-09 08:30:00,SM TLO,3.39
2024-05-09 09:00:00,IB GF,0.0
2024-05-09 09:00:00,IB NPI,2.5
2024-05-09 09:00:00,IB OPF,69.5
2024-05-09 09:00:00,SM FT OPF,0.0
2024-05-09 09:00:00,SM GF,2.11
2024-05-09 09:00:00,SM KV OPF,0.0
2024-05-09 09:00:00,SM NPI,1.453158604
2024-05-09 09:00:00,SM TLO,3.39
2024-05-09 09:30:00,IB GF,0.0
2024-05-09 09:30:00,IB NPI,2.5
2024-05-09 09:30:00,IB OPF,69.5
2024-05-09 09:30:00,SM FT OPF,0.0
2024-05-09 09:30:00,SM GF,2.11
2024-05-09 09:30:00,SM KV OPF,0.0
2024-05-09 09:30:00,SM NPI,1.503114925
2024-05-09 09:30:00,SM TLO,3.39
2024-05-09 10:00:00,IB GF,0.0
2024-05-09 10:00:00,IB NPI,2.5
2024-05-09 10:00:00,IB OPF,69.5
2024-05-09 10:00:00,SM FT OPF,0.0
2024-05-09 10:00:00,SM GF,2.11
2024-05-09 10:00:00,SM KV OPF,0.0
2024-05-09 10:00:00,SM NPI,1.575866506
2024-05-09 10:00:00,SM TLO,3.39
2024-05-09 10:30:00,IB GF,0.0
2024-05-09 10:30:00,IB NPI,2.5
2024-05-09 10:30:00,IB OPF,69.5
2024-05-09 10:30:00,SM FT OPF,0.0
2024-05-09 10:30:00,SM GF,2.11
2024-05-09 10:30:00,SM KV OPF,0.0
2024-05-09 10:30:00,SM NPI,1.635204172
2024-05-09 10:30:00,SM TLO,3.39
2024-05-09 11:00:00,IB GF,0.0
2024-05-09 11:00:00,IB NPI,2.5
2024-05-09 11:00:00,IB OPF,69.5
2024-05-09 11:00:00,SM FT OPF,0.0
2024-05-09 11:00:00,SM GF,2.11
2024-05-09 11:00:00,SM KV OPF,0.0
2024-05-09 11:00:00,SM NPI,1.686499368
2024-05-09 11:00:00,SM TLO,3.39
2024-05-09 11:30:00,IB GF,0.0
2024-05-09 11:30:00,IB NPI,2.5
2024-05-09 11:30:00,IB OPF,69.5
2024-05-09 11:30:00,SM FT OPF,0.0
2024-05-09 11:30:00,SM GF,2.11
2024-05-09 11:30:00,SM KV OPF,0.0
2024-05-09 11:30:00,SM NPI,1.730655588
2024-05-09 11:30:00,SM TLO,3.39
2024-05-09 12:00:00,IB GF,0.0
2024-05-09 12:00:00,IB NPI,2.5
2024-05-09 12:00:00,IB OPF,69.5
2024-05-09 12:00:00,SM FT OPF,0.0
2024-05-09 12:00:00,SM GF,2.11
2024-05-09 12:00:00,SM KV OPF,0.0
2024-05-09 12:00:00,SM NPI,1.766447904
2024-05-09 12:00:00,SM TLO,3.39
2024-05-09 12:30:00,IB GF,0.0
2024-05-09 12:30:00,IB NPI,2.5
2024-05-09 12:30:00,IB OPF,69.5
2024-05-09 12:30:00,SM FT OPF,0.0
2024-05-09 12:30:00,SM GF,2.11
2024-05-09 12:30:00,SM KV OPF,0.0
2024-05-09 12:30:00,SM NPI,1.797324323
2024-05-09 12:30:00,SM TLO,3.39
2024-05-09 13:00:00,IB GF,0.0
2024-05-09 13:00:00,IB NPI,2.5
2024-05-09 13:00:00,IB OPF,69.5
2024-05-09 13:00:00,SM FT OPF,0.0
2024-05-09 13:00:00,SM GF,2.11
2024-05-09 13:00:00,SM KV OPF,0.0
2024-05-09 13:00:00,SM NPI,1.837769103
2024-05-09 13:00:00,SM TLO,3.39
2024-05-09 13:30:00,IB GF,0.0
2024-05-09 13:30:00,IB NPI,2.5
2024-05-09 13:30:00,IB OPF,69.5
2024-05-09 13:30:00,SM FT OPF,0.0
2024-05-09 13:30:00,SM GF,2.11
2024-05-09 13:30:00,SM KV OPF,0.0
2024-05-09 13:30:00,SM NPI,1.885052258
2024-05-09 13:30:00,SM TLO,3.39
2024-05-09 14:00:00,IB GF,0.0
2024-05-09 14:00:00,IB NPI,2.5
2024-05-09 14:00:00,IB OPF,69.5
2024-05-09 14:00:00,SM FT OPF,0.0
2024-05-09 14:00:00,SM GF,2.11
2024-05-09 14:00:00,SM KV OPF,0.0
2024-05-09 14:00:00,SM NPI,1.950798603
2024-05-09 14:00:00,SM TLO,3.39
2024-05-09 14:30:00,IB GF,0.0
2024-05-09 14:30:00,IB NPI,2.5
2024-05-09 14:30:00,IB OPF,69.5
2024-05-09 14:30:00,SM FT OPF,0.0
2024-05-09 14:30:00,SM GF,2.11
2024-05-09 14:30:00,SM KV OPF,0.0
2024-05-09 14:30:00,SM NPI,1.994376799
2024-05-09 14:30:00,SM TLO,3.39
2024-05-09 15:00:00,IB GF,0.0
2024-05-09 15:00:00,IB NPI,2.5
2024-05-09 15:00:00,IB OPF,69.5
2024-05-09 15:00:00,SM FT OPF,0.0
2024-05-09 15:00:00,SM GF,2.11
2024-05-09 15:00:00,SM KV OPF,0.0
2024-05-09 15:00:00,SM NPI,2.022387143
2024-05-09 15:00:00,SM TLO,3.39
2024-05-09 15:30:00,IB GF,0.0
2024-05-09 15:30:00,IB NPI,2.5
2024-05-09 15:30:00,IB OPF,69.5
2024-05-09 15:30:00,SM FT OPF,0.0
2024-05-09 15:30:00,SM GF,2.11
2024-05-09 15:30:00,SM KV OPF,0.0
2024-05-09 15:30:00,SM NPI,2.071501002
2024-05-09 15:30:00,SM TLO,3.39
2024-05-09 16:00:00,IB GF,0.0
2024-05-09 16:00:00,IB NPI,2.5
2024-05-09 16:00:00,IB OPF,69.5
2024-05-09 16:00:00,SM FT OPF,0.0
2024-05-09 16:00:00,SM GF,2.11
2024-05-09 16:00:00,SM KV OPF,0.0
2024-05-09 16:00:00,SM NPI,2.071857039
2024-05-09 16:00:00,SM TLO,3.39
2024-05-09 16:30:00,IB GF,0.0
2024-05-09 16:30:00,IB NPI,2.5
2024-05-09 16:30:00,IB OPF,69.5
2024-05-09 16:30:00,SM FT OPF,0.0
2024-05-09 16:30:00,SM GF,2.11
2024-05-09 16:30:00,SM KV OPF,0.0
2024-05-09 16:30:00,SM NPI,2.012244165
2024-05-09 16:30:00,SM TLO,3.39
2024-05-09 17:00:00,IB GF,0.0
2024-05-09 17:00:00,IB NPI,2.5
2024-05-09 17:00:00,IB OPF,69.5
2024-05-09 17:00:00,SM FT OPF,0.0
2024-05-09 17:00:00,SM GF,2.11
2024-05-09 17:00:00,SM KV OPF,0.0
2024-05-09 17:00:00,SM NPI,1.967242912
2024-05-09 17:00:00,SM TLO,3.39
2024-05-09 17:30:00,IB GF,0.0
2024-05-09 17:30:00,IB NPI,2.5
2024-05-09 17:30:00,IB OPF,69.5
2024-05-09 17:30:00,SM FT OPF,0.0
2024-05-09 17:30:00,SM GF,2.11
2024-05-09 17:30:00,SM KV OPF,0.0
2024-05-09 17:30:00,SM NPI,2.01022681
2024-05-09 17:30:00,SM TLO,3.39
2024-05-09 18:00:00,IB GF,0.0
2024-05-09 18:00:00,IB NPI,2.5
2024-05-09 18:00:00,IB OPF,69.5
2024-05-09 18:00:00,SM FT OPF,0.0
2024-05-09 18:00:00,SM GF,2.11
2024-05-09 18:00:00,SM KV OPF,0.0
2024-05-09 18:00:00,SM NPI,2.125567478
2024-05-09 18:00:00,SM TLO,3.39
2024-05-09 18:30:00,IB GF,0.0
2024-05-09 18:30:00,IB NPI,2.5
2024-05-09 18:30:00,IB OPF,69.5
2024-05-09 18:30:00,SM FT OPF,0.0
2024-05-09 18:30:00,SM GF,2.11
2024-05-09 18:30:00,SM KV OPF,0.0
2024-05-09 18:30:00,SM NPI,2.205334144
2024-05-09 18:30:00,SM TLO,3.39
2024-05-09 19:00:00,IB GF,0.0
2024-05-09 19:00:00,IB NPI,2.5
2024-05-09 19:00:00,IB OPF,69.5
2024-05-09 19:00:00,SM FT OPF,0.0
2024-05-09 19:00:00,SM GF,2.11
2024-05-09 19:00:00,SM KV OPF,0.0
2024-05-09 19:00:00,SM NPI,2.238363582
2024-05-09 19:00:00,SM TLO,3.39
2024-05-09 19:30:00,IB GF,0.0
2024-05-09 19:30:00,IB NPI,2.5
2024-05-09 19:30:00,IB OPF,69.5
2024-05-09 19:30:00,SM FT OPF,0.0
2024-05-09 19:30:00,SM GF,2.11
2024-05-09 19:30:00,SM KV OPF,0.0
2024-05-09 19:30:00,SM NPI,2.150303215
2024-05-09 19:30:00,SM TLO,3.39
2024-05-09 20:00:00,IB GF,0.0
2024-05-09 20:00:00,IB NPI,2.5
2024-05-09 20:00:00,IB OPF,69.5
2024-05-09 20:00:00,SM FT OPF,0.0
2024-05-09 20:00:00,SM GF,2.11
2024-05-09 20:00:00,SM KV OPF,0.0
2024-05-09 20:00:00,SM NPI,1.972216449
2024-05-09 20:00:00,SM TLO,3.39
2024-05-09 20:30:00,IB GF,0.0
2024-05-09 20:30:00,IB NPI,2.5
2024-05-09 20:30:00,IB OPF,69.5
2024-05-09 20:30:00,SM FT OPF,0.0
2024-05-09 20:30:00,SM GF,2.11
2024-05-09 20:30:00,SM KV OPF,0.0
2024-05-09 20:30:00,SM NPI,1.782422224
2024-05-09 20:30:00,SM TLO,3.39
2024-05-09 21:00:00,IB GF,0.0
2024-05-09 21:00:00,IB NPI,2.5
2024-05-09 21:00:00,IB OPF,69.5
2024-05-09 21:00:00,SM FT OPF,0.0
2024-05-09 21:00:00,SM GF,2.11
2024-05-09 21:00:00,SM KV OPF,0.0
2024-05-09 21:00:00,SM NPI,1.622488547
2024-05-09 21:00:00,SM TLO,3.39
2024-05-09 21:30:00,IB GF,0.0
2024-05-09 21:30:00,IB NPI,2.5
2024-05-09 21:30:00,IB OPF,69.5
2024-05-09 21:30:00,SM FT OPF,0.0
2024-05-09 21:30:00,SM GF,2.11
2024-05-09 21:30:00,SM KV OPF,0.0
2024-05-09 21:30:00,SM NPI,1.53024677
2024-05-09 21:30:00,SM TLO,3.39
2024-05-09 22:00:00,IB GF,0.0
2024-05-09 22:00:00,IB NPI,2.5
2024-05-09 22:00:00,IB OPF,69.5
2024-05-09 22:00:00,SM FT OPF,0.0
2024-05-09 22:00:00,SM GF,2.11
2024-05-09 22:00:00,SM KV OPF,0.0
2024-05-09 22:00:00,SM NPI,1.450968199
2024-05-09 22:00:00,SM TLO,3.39
2024-05-09 22:30:00,IB GF,0.0
2024-05-09 22:30:00,IB NPI,2.5
2024-05-09 22:30:00,IB OPF,69.5
2024-05-09 22:30:00,SM FT OPF,0.0
2024-05-09 22:30:00,SM GF,2.11
2024-05-09 22:30:00,SM KV OPF,0.0
2024-05-09 22:30:00,SM NPI,1.380058082
2024-05-09 22:30:00,SM TLO,3.39
2024-05-09 23:00:00,IB GF,0.0
2024-05-09 23:00:00,IB NPI,2.5
2024-05-09 23:00:00,IB OPF,69.5
2024-05-09 23:00:00,SM FT OPF,0.0
2024-05-09 23:00:00,SM GF,2.11
2024-05-09 23:00:00,SM KV OPF,0.0
2024-05-09 23:00:00,SM NPI,1.32396113
2024-05-09 23:00:00,SM TLO,3.39
2024-05-09 23:30:00,IB GF,0.0
2024-05-09 23:30:00,IB NPI,2.5
2024-05-09 23:30:00,IB OPF,69.5
2024-05-09 23:30:00,SM FT OPF,0.0
2024-05-09 23:30:00,SM GF,2.11
2024-05-09 23:30:00,SM KV OPF,0.0
2024-05-09 23:30:00,SM NPI,1.284068272
2024-05-09 23:30:00,SM TLO,3.39
2024-05-10 00:00:00,IB GF,0.0
2024-05-10 00:00:00,IB NPI,2.5
2024-05-10 00:00:00,IB OPF,69.5
2024-05-10 00:00:00,SM FT OPF,0.0
2024-05-10 00:00:00,SM GF,2.11
2024-05-10 00:00:00,SM KV OPF,0.0
2024-05-10 00:00:00,SM NPI,1.249894128
2024-05-10 00:00:00,SM TLO,3.39
2024-05-10 00:30:00,IB GF,0.0
2024-05-10 00:30:00,IB NPI,2.5
2024-05-10 00:30:00,IB OPF,69.5
2024-05-10 00:30:00,SM FT OPF,0.0
2024-05-10 00:30:00,SM GF,2.11
2024-05-10 00:30:00,SM KV OPF,0.0
2024-05-10 00:30:00,SM NPI,1.222128808
2024-05-10 00:30:00,SM TLO,3.39
2024-05-10 01:00:00,IB GF,0.0
2024-05-10 01:00:00,IB NPI,2.5
2024-05-10 01:00:00,IB OPF,69.5
2024-05-10 01:00:00,SM FT OPF,0.0
2024-05-10 01:00:00,SM GF,2.11
2024-05-10 01:00:00,SM KV OPF,0.0
2024-05-10 01:00:00,SM NPI,1.206177537
2024-05-10 01:00:00,SM TLO,3.39
2024-05-10 01:30:00,IB GF,0.0
2024-05-10 01:30:00,IB NPI,2.5
2024-05-10 01:30:00,IB OPF,69.5
2024-05-10 01:30:00,SM FT OPF,0.0
2024-05-10 01:30:00,SM GF,2.11
2024-05-10 01:30:00,SM KV OPF,0.0
2024-05-10 01:30:00,SM NPI,1.190620521
2024-05-10 01:30:00,SM TLO,3.39
2024-05-10 02:00:00,IB GF,0.0
2024-05-10 02:00:00,IB NPI,2.5
2024-05-10 02:00:00,IB OPF,69.5
2024-05-10 02:00:00,SM FT OPF,0.0
2024-05-10 02:00:00,SM GF,2.11
2024-05-10 02:00:00,SM KV OPF,0.0
2024-05-10 02:00:00,SM NPI,1.184007957
2024-05-10 02:00:00,SM TLO,3.39
2024-05-10 02:30:00,IB GF,0.0
2024-05-10 02:30:00,IB NPI,2.5
2024-05-10 02:30:00,IB OPF,69.5
2024-05-10 02:30:00,SM FT OPF,0.0
2024-05-10 02:30:00,SM GF,2.11
2024-05-10 02:30:00,SM KV OPF,0.0
2024-05-10 02:30:00,SM NPI,1.185962565
2024-05-10 02:30:00,SM TLO,3.39
2024-05-10 03:00:00,IB GF,0.0
2024-05-10 03:00:00,IB NPI,2.5
2024-05-10 03:00:00,IB OPF,69.5
2024-05-10 03:00:00,SM FT OPF,0.0
2024-05-10 03:00:00,SM GF,2.11
2024-05-10 03:00:00,SM KV OPF,0.0
2024-05-10 03:00:00,SM NPI,1.196893211
2024-05-10 03:00:00,SM TLO,3.39
2024-05-10 03:30:00,IB GF,0.0
2024-05-10 03:30:00,IB NPI,2.5
2024-05-10 03:30:00,IB OPF,69.5
2024-05-10 03:30:00,SM FT OPF,0.0
2024-05-10 03:30:00,SM GF,2.11
2024-05-10 03:30:00,SM KV OPF,0.0
2024-05-10 03:30:00,SM NPI,1.274312582
2024-05-10 03:30:00,SM TLO,3.39
2024-05-10 04:00:00,IB GF,0.0
2024-05-10 04:00:00,IB NPI,2.5
2024-05-10 04:00:00,IB OPF,69.5
2024-05-10 04:00:00,SM FT OPF,0.0
2024-05-10 04:00:00,SM GF,2.11
2024-05-10 04:00:00,SM KV OPF,0.0
2024-05-10 04:00:00,SM NPI,1.405492666
2024-05-10 04:00:00,SM TLO,3.39
2024-05-10 04:30:00,IB GF,0.0
2024-05-10 04:30:00,IB NPI,2.5
2024-05-10 04:30:00,IB OPF,69.5
2024-05-10 04:30:00,SM FT OPF,0.0
2024-05-10 04:30:00,SM GF,2.11
2024-05-10 04:30:00,SM KV OPF,0.0
2024-05-10 04:30:00,SM NPI,1.460213554
2024-05-10 04:30:00,SM TLO,3.39
2024-05-10 05:00:00,IB GF,0.0
2024-05-10 05:00:00,IB NPI,2.5
2024-05-10 05:00:00,IB OPF,69.5
2024-05-10 05:00:00,SM FT OPF,0.0
2024-05-10 05:00:00,SM GF,2.11
2024-05-10 05:00:00,SM KV OPF,0.0
2024-05-10 05:00:00,SM NPI,1.42416631
2024-05-10 05:00:00,SM TLO,3.39
2024-05-10 05:30:00,IB GF,0.0
2024-05-10 05:30:00,IB NPI,2.5
2024-05-10 05:30:00,IB OPF,69.5
2024-05-10 05:30:00,SM FT OPF,0.0
2024-05-10 05:30:00,SM GF,2.11
2024-05-10 05:30:00,SM KV OPF,0.0
2024-05-10 05:30:00,SM NPI,1.400195052
2024-05-10 05:30:00,SM TLO,3.39
2024-05-10 06:00:00,IB GF,0.0
2024-05-10 06:00:00,IB NPI,2.5
2024-05-10 06:00:00,IB OPF,69.5
2024-05-10 06:00:00,SM FT OPF,0.0
2024-05-10 06:00:00,SM GF,2.11
2024-05-10 06:00:00,SM KV OPF,0.0
2024-05-10 06:00:00,SM NPI,1.436878106
2024-05-10 06:00:00,SM TLO,3.39
2024-05-10 06:30:00,IB GF,0.0
2024-05-10 06:30:00,IB NPI,2.5
2024-05-10 06:30:00,IB OPF,69.5
2024-05-10 06:30:00,SM FT OPF,0.0
2024-05-10 06:30:00,SM GF,2.11
2024-05-10 06:30:00,SM KV OPF,0.0
2024-05-10 06:30:00,SM NPI,1.462460611
2024-05-10 06:30:00,SM TLO,3.39
2024-05-10 07:00:00,IB GF,0.0
2024-05-10 07:00:00,IB NPI,2.5
2024-05-10 07:00:00,IB OPF,69.5
2024-05-10 07:00:00,SM FT OPF,0.0
2024-05-10 07:00:00,SM GF,2.11
2024-05-10 07:00:00,SM KV OPF,0.0
2024-05-10 07:00:00,SM NPI,1.485545779
2024-05-10 07:00:00,SM TLO,3.39
2024-05-10 07:30:00,IB GF,0.0
2024-05-10 07:30:00,IB NPI,2.5
2024-05-10 07:30:00,IB OPF,69.5
2024-05-10 07:30:00,SM FT OPF,0.0
2024-05-10 07:30:00,SM GF,2.11
2024-05-10 07:30:00,SM KV OPF,0.0
2024-05-10 07:30:00,SM NPI,1.485156616
2024-05-10 07:30:00,SM TLO,3.39
2024-05-10 08:00:00,IB GF,0.0
2024-05-10 08:00:00,IB NPI,2.5
2024-05-10 08:00:00,IB OPF,69.5
2024-05-10 08:00:00,SM FT OPF,0.0
2024-05-10 08:00:00,SM GF,2.11
2024-05-10 08:00:00,SM KV OPF,0.0
2024-05-10 08:00:00,SM NPI,1.473363778
2024-05-10 08:00:00,SM TLO,3.39
2024-05-10 08:30:00,IB GF,0.0
2024-05-10 08:30:00,IB NPI,2.5
2024-05-10 08:30:00,IB OPF,69.5
2024-05-10 08:30:00,SM FT OPF,0.0
2024-05-10 08:30:00,SM GF,2.11
2024-05-10 08:30:00,SM KV OPF,0.0
2024-05-10 08:30:00,SM NPI,1.458804902
2024-05-10 08:30:00,SM TLO,3.39
2024-05-10 09:00:00,IB GF,0.0
2024-05-10 09:00:00,IB NPI,2.5
2024-05-10 09:00:00,IB OPF,69.5
2024-05-10 09:00:00,SM FT OPF,0.0
2024-05-10 09:00:00,SM GF,2.11
2024-05-10 09:00:00,SM KV OPF,0.0
2024-05-10 09:00:00,SM NPI,1.453158604
2024-05-10 09:00:00,SM TLO,3.39
2024-05-10 09:30:00,IB GF,0.0
2024-05-10 09:30:00,IB NPI,2.5
2024-05-10 09:30:00,IB OPF,69.5
2024-05-10 09:30:00,SM FT OPF,0.0
2024-05-10 09:30:00,SM GF,2.11
2024-05-10 09:30:00,SM KV OPF,0.0
2024-05-10 09:30:00,SM NPI,1.503114925
2024-05-10 09:30:00,SM TLO,3.39
2024-05-10 10:00:00,IB GF,0.0
2024-05-10 10:00:00,IB NPI,2.5
2024-05-10 10:00:00,IB OPF,69.5
2024-05-10 10:00:00,SM FT OPF,0.0
2024-05-10 10:00:00,SM GF,2.11
2024-05-10 10:00:00,SM KV OPF,0.0
2024-05-10 10:00:00,SM NPI,1.575866506
2024-05-10 10:00:00,SM TLO,3.39
2024-05-10 10:30:00,IB GF,0.0
2024-05-10 10:30:00,IB NPI,2.5
2024-05-10 10:30:00,IB OPF,69.5
2024-05-10 10:30:00,SM FT OPF,0.0
2024-05-10 10:30:00,SM GF,2.11
2024-05-10 10:30:00,SM KV OPF,0.0
2024-05-10 10:30:00,SM NPI,1.635204172
2024-05-10 10:30:00,SM TLO,3.39
2024-05-10 11:00:00,IB GF,0.0
2024-05-10 11:00:00,IB NPI,2.5
2024-05-10 11:00:00,IB OPF,69.5
2024-05-10 11:00:00,SM FT OPF,0.0
2024-05-10 11:00:00,SM GF,2.11
2024-05-10 11:00:00,SM KV OPF,0.0
2024-05-10 11:00:00,SM NPI,1.686499368
2024-05-10 11:00:00,SM TLO,3.39
2024-05-10 11:30:00,IB GF,0.0
2024-05-10 11:30:00,IB NPI,2.5
2024-05-10 11:30:00,IB OPF,69.5
2024-05-10 11:30:00,SM FT OPF,0.0
2024-05-10 11:30:00,SM GF,2.11
2024-05-10 11:30:00,SM KV OPF,0.0
2024-05-10 11:30:00,SM NPI,1.730655588
2024-05-10 11:30:00,SM TLO,3.39
2024-05-10 12:00:00,IB GF,0.0
2024-05-10 12:00:00,IB NPI,2.5
2024-05-10 12:00:00,IB OPF,69.5
2024-05-10 12:00:00,SM FT OPF,0.0
2024-05-10 12:00:00,SM GF,2.11
2024-05-10 12:00:00,SM KV OPF,0.0
2024-05-10 12:00:00,SM NPI,1.766447904
2024-05-10 12:00:00,SM TLO,3.39
2024-05-10 12:30:00,IB GF,0.0
2024-05-10 12:30:00,IB NPI,2.5
2024-05-10 12:30:00,IB OPF,69.5
2024-05-10 12:30:00,SM FT OPF,0.0
2024-05-10 12:30:00,SM GF,2.11
2024-05-10 12:30:00,SM KV OPF,0.0
2024-05-10 12:30:00,SM NPI,1.797324323
2024-05-10 12:30:00,SM TLO,3.39
2024-05-10 13:00:00,IB GF,0.0
2024-05-10 13:00:00,IB NPI,2.5
2024-05-10 13:00:00,IB OPF,69.5
2024-05-10 13:00:00,SM FT OPF,0.0
2024-05-10 13:00:00,SM GF,2.11
2024-05-10 13:00:00,SM KV OPF,0.0
2024-05-10 13:00:00,SM NPI,1.837769103
2024-05-10 13:00:00,SM TLO,3.39
2024-05-10 13:30:00,IB GF,0.0
2024-05-10 13:30:00,IB NPI,2.5
2024-05-10 13:30:00,IB OPF,69.5
2024-05-10 13:30:00,SM FT OPF,0.0
2024-05-10 13:30:00,SM GF,2.11
2024-05-10 13:30:00,SM KV OPF,0.0
2024-05-10 13:30:00,SM NPI,1.885052258
2024-05-10 13:30:00,SM TLO,3.39
2024-05-10 14:00:00,IB GF,0.0
2024-05-10 14:00:00,IB NPI,2.5
2024-05-10 14:00:00,IB OPF,69.5
2024-05-10 14:00:00,SM FT OPF,0.0
2024-05-10 14:00:00,SM GF,2.11
2024-05-10 14:00:00,SM KV OPF,0.0
2024-05-10 14:00:00,SM NPI,1.950798603
2024-05-10 14:00:00,SM TLO,3.39
2024-05-10 14:30:00,IB GF,0.0
2024-05-10 14:30:00,IB NPI,2.5
2024-05-10 14:30:00,IB OPF,69.5
2024-05-10 14:30:00,SM FT OPF,0.0
2024-05-10 14:30:00,SM GF,2.11
2024-05-10 14:30:00,SM KV OPF,0.0
2024-05-10 14:30:00,SM NPI,1.994376799
2024-05-10 14:30:00,SM TLO,3.39
2024-05-10 15:00:00,IB GF,0.0
2024-05-10 15:00:00,IB NPI,2.5
2024-05-10 15:00:00,IB OPF,69.5
2024-05-10 15:00:00,SM FT OPF,0.0
2024-05-10 15:00:00,SM GF,2.11
2024-05-10 15:00:00,SM KV OPF,0.0
2024-05-10 15:00:00,SM NPI,2.022387143
2024-05-10 15:00:00,SM TLO,3.39
2024-05-10 15:30:00,IB GF,0.0
2024-05-10 15:30:00,IB NPI,2.5
2024-05-10 15:30:00,IB OPF,69.5
2024-05-10 15:30:00,SM FT OPF,0.0
2024-05-10 15:30:00,SM GF,2.11
2024-05-10 15:30:00,SM KV OPF,0.0
2024-05-10 15:30:00,SM NPI,2.071501002
2024-05-10 15:30:00,SM TLO,3.39
2024-05-10 16:00:00,IB GF,0.0
2024-05-10 16:00:00,IB NPI,2.5
2024-05-10 16:00:00,IB OPF,69.5
2024-05-10 16:00:00,SM FT OPF,0.0
2024-05-10 16:00:00,SM GF,2.11
2024-05-10 16:00:00,SM KV OPF,0.0
2024-05-10 16:00:00,SM NPI,2.071857039
2024-05-10 16:00:00,SM TLO,3.39
2024-05-10 16:30:00,IB GF,0.0
2024-05-10 16:30:00,IB NPI,2.5
2024-05-10 16:30:00,IB OPF,69.5
2024-05-10 16:30:00,SM FT OPF,0.0
2024-05-10 16:30:00,SM GF,2.11
2024-05-10 16:30:00,SM KV OPF,0.0
2024-05-10 16:30:00,SM NPI,2.012244165
2024-05-10 16:30:00,SM TLO,3.39
2024-05-10 17:00:00,IB GF,0.0
2024-05-10 17:00:00,IB NPI,2.5
2024-05-10 17:00:00,IB OPF,69.5
2024-05-10 17:00:00,SM FT OPF,0.0
2024-05-10 17:00:00,SM GF,2.11
2024-05-10 17:00:00,SM KV OPF,0.0
2024-05-10 17:00:00,SM NPI,1.967242912
2024-05-10 17:00:00,SM TLO,3.39
2024-05-10 17:30:00,IB GF,0.0
2024-05-10 17:30:00,IB NPI,2.5
2024-05-10 17:30:00,IB OPF,69.5
2024-05-10 17:30:00,SM FT OPF,0.0
2024-05-10 17:30:00,SM GF,2.11
2024-05-10 17:30:00,SM KV OPF,0.0
2024-05-10 17:30:00,SM NPI,2.01022681
2024-05-10 17:30:00,SM TLO,3.39
2024-05-10 18:00:00,IB GF,0.0
2024-05-10 18:00:00,IB NPI,2.5
2024-05-10 18:00:00,IB OPF,69.5
2024-05-10 18:00:00,SM FT OPF,0.0
2024-05-10 18:00:00,SM GF,2.11
2024-05-10 18:00:00,SM KV OPF,0.0
2024-05-10 18:00:00,SM NPI,2.125567478
2024-05-10 18:00:00,SM TLO,3.39
2024-05-10 18:30:00,IB GF,0.0
2024-05-10 18:30:00,IB NPI,2.5
2024-05-10 18:30:00,IB OPF,69.5
2024-05-10 18:30:00,SM FT OPF,0.0
2024-05-10 18:30:00,SM GF,2.11
2024-05-10 18:30:00,SM KV OPF,0.0
2024-05-10 18:30:00,SM NPI,2.205334144
2024-05-10 18:30:00,SM TLO,3.39
2024-05-10 19:00:00,IB GF,0.0
2024-05-10 19:00:00,IB NPI,2.5
2024-05-10 19:00:00,IB OPF,69.5
2024-05-10 19:00:00,SM FT OPF,0.0
2024-05-10 19:00:00,SM GF,2.11
2024-05-10 19:00:00,SM KV OPF,0.0
2024-05-10 19:00:00,SM NPI,2.238363582
2024-05-10 19:00:00,SM TLO,3.39
2024-05-10 19:30:00,IB GF,0.0
2024-05-10 19:30:00,IB NPI,2.5
2024-05-10 19:30:00,IB OPF,69.5
2024-05-10 19:30:00,SM FT OPF,0.0
2024-05-10 19:30:00,SM GF,2.11
2024-05-10 19:30:00,SM KV OPF,0.0
2024-05-10 19:30:00,SM NPI,2.150303215
2024-05-10 19:30:00,SM TLO,3.39
2024-05-10 20:00:00,IB GF,0.0
2024-05-10 20:00:00,IB NPI,2.5
2024-05-10 20:00:00,IB OPF,69.5
2024-05-10 20:00:00,SM FT OPF,0.0
2024-05-10 20:00:00,SM GF,2.11
2024-05-10 20:00:00,SM KV OPF,0.0
2024-05-10 20:00:00,SM NPI,1.972216449
2024-05-10 20:00:00,SM TLO,3.39
2024-05-10 20:30:00,IB GF,0.0
2024-05-10 20:30:00,IB NPI,2.5
2024-05-10 20:30:00,IB OPF,69.5
2024-05-10 20:30:00,SM FT OPF,0.0
2024-05-10 20:30:00,SM GF,2.11
2024-05-10 20:30:00,SM KV OPF,0.0
2024-05-10 20:30:00,SM NPI,1.782422224
2024-05-10 20:30:00,SM TLO,3.39
2024-05-10 21:00:00,IB GF,0.0
2024-05-10 21:00:00,IB NPI,2.5
2024-05-10 21:00:00,IB OPF,69.5
2024-05-10 21:00:00,SM FT OPF,0.0
2024-05-10 21:00:00,SM GF,2.11
2024-05-10 21:00:00,SM KV OPF,0.0
2024-05-10 21:00:00,SM NPI,1.622488547
2024-05-10 21:00:00,SM TLO,3.39
2024-05-10 21:30:00,IB GF,0.0
2024-05-10 21:30:00,IB NPI,2.5
2024-05-10 21:30:00,IB OPF,69.5
2024-05-10 21:30:00,SM FT OPF,0.0
2024-05-10 21:30:00,SM GF,2.11
2024-05-10 21:30:00,SM KV OPF,0.0
2024-05-10 21:30:00,SM NPI,1.53024677
2024-05-10 21:30:00,SM TLO,3.39
2024-05-10 22:00:00,IB GF,0.0
2024-05-10 22:00:00,IB NPI,2.5
2024-05-10 22:00:00,IB OPF,69.5
2024-05-10 22:00:00,SM FT OPF,0.0
2024-05-10 22:00:00,SM GF,2.11
2024-05-10 22:00:00,SM KV OPF,0.0
2024-05-10 22:00:00,SM NPI,1.450968199
2024-05-10 22:00:00,SM TLO,3.39
2024-05-10 22:30:00,IB GF,0.0
2024-05-10 22:30:00,IB NPI,2.5
2024-05-10 22:30:00,IB OPF,69.5
2024-05-10 22:30:00,SM FT OPF,0.0
2024-05-10 22:30:00,SM GF,2.11
2024-05-10 22:30:00,SM KV OPF,0.0
2024-05-10 22:30:00,SM NPI,1.380058082
2024-05-10 22:30:00,SM TLO,3.39
2024-05-10 23:00:00,IB GF,0.0
2024-05-10 23:00:00,IB NPI,2.5
2024-05-10 23:00:00,IB OPF,69.5
2024-05-10 23:00:00,SM FT OPF,0.0
2024-05-10 23:00:00,SM GF,2.11
2024-05-10 23:00:00,SM KV OPF,0.0
2024-05-10 23:00:00,SM NPI,1.32396113
2024-05-10 23:00:00,SM TLO,3.39
2024-05-10 23:30:00,IB GF,0.0
2024-05-10 23:30:00,IB NPI,2.5
2024-05-10 23:30:00,IB OPF,69.5
2024-05-10 23:30:00,SM FT OPF,0.0
2024-05-10 23:30:00,SM GF,2.11
2024-05-10 23:30:00,SM KV OPF,0.0
2024-05-10 23:30:00,SM NPI,1.284068272
2024-05-10 23:30:00,SM TLO,3.39
2024-05-11 00:00:00,IB GF,0.0
2024-05-11 00:00:00,IB NPI,2.5
2024-05-11 00:00:00,IB OPF,69.5
2024-05-11 00:00:00,SM FT OPF,0.0
2024-05-11 00:00:00,SM GF,2.11
2024-05-11 00:00:00,SM KV OPF,0.0
2024-05-11 00:00:00,SM NPI,1.242226066
2024-05-11 00:00:00,SM TLO,3.39
2024-05-11 00:30:00,IB GF,0.0
2024-05-11 00:30:00,IB NPI,2.5
2024-05-11 00:30:00,IB OPF,69.5
2024-05-11 00:30:00,SM FT OPF,0.0
2024-05-11 00:30:00,SM GF,2.11
2024-05-11 00:30:00,SM KV OPF,0.0
2024-05-11 00:30:00,SM NPI,1.214631085
2024-05-11 00:30:00,SM TLO,3.39
2024-05-11 01:00:00,IB GF,0.0
2024-05-11 01:00:00,IB NPI,2.5
2024-05-11 01:00:00,IB OPF,69.5
2024-05-11 01:00:00,SM FT OPF,0.0
2024-05-11 01:00:00,SM GF,2.11
2024-05-11 01:00:00,SM KV OPF,0.0
2024-05-11 01:00:00,SM NPI,1.198777675
2024-05-11 01:00:00,SM TLO,3.39
2024-05-11 01:30:00,IB GF,0.0
2024-05-11 01:30:00,IB NPI,2.5
2024-05-11 01:30:00,IB OPF,69.5
2024-05-11 01:30:00,SM FT OPF,0.0
2024-05-11 01:30:00,SM GF,2.11
2024-05-11 01:30:00,SM KV OPF,0.0
2024-05-11 01:30:00,SM NPI,1.183316101
2024-05-11 01:30:00,SM TLO,3.39
2024-05-11 02:00:00,IB GF,0.0
2024-05-11 02:00:00,IB NPI,2.5
2024-05-11 02:00:00,IB OPF,69.5
2024-05-11 02:00:00,SM FT OPF,0.0
2024-05-11 02:00:00,SM GF,2.11
2024-05-11 02:00:00,SM KV OPF,0.0
2024-05-11 02:00:00,SM NPI,1.176744104
2024-05-11 02:00:00,SM TLO,3.39
2024-05-11 02:30:00,IB GF,0.0
2024-05-11 02:30:00,IB NPI,2.5
2024-05-11 02:30:00,IB OPF,69.5
2024-05-11 02:30:00,SM FT OPF,0.0
2024-05-11 02:30:00,SM GF,2.11
2024-05-11 02:30:00,SM KV OPF,0.0
2024-05-11 02:30:00,SM NPI,1.178686721
2024-05-11 02:30:00,SM TLO,3.39
2024-05-11 03:00:00,IB GF,0.0
2024-05-11 03:00:00,IB NPI,2.5
2024-05-11 03:00:00,IB OPF,69.5
2024-05-11 03:00:00,SM FT OPF,0.0
2024-05-11 03:00:00,SM GF,2.11
2024-05-11 03:00:00,SM KV OPF,0.0
2024-05-11 03:00:00,SM NPI,1.189550308
2024-05-11 03:00:00,SM TLO,3.39
2024-05-11 03:30:00,IB GF,0.0
2024-05-11 03:30:00,IB NPI,2.5
2024-05-11 03:30:00,IB OPF,69.5
2024-05-11 03:30:00,SM FT OPF,0.0
2024-05-11 03:30:00,SM GF,2.11
2024-05-11 03:30:00,SM KV OPF,0.0
2024-05-11 03:30:00,SM NPI,1.266494713
2024-05-11 03:30:00,SM TLO,3.39
2024-05-11 04:00:00,IB GF,0.0
2024-05-11 04:00:00,IB NPI,2.5
2024-05-11 04:00:00,IB OPF,69.5
2024-05-11 04:00:00,SM FT OPF,0.0
2024-05-11 04:00:00,SM GF,2.11
2024-05-11 04:00:00,SM KV OPF,0.0
2024-05-11 04:00:00,SM NPI,1.396870012
2024-05-11 04:00:00,SM TLO,3.39
2024-05-11 04:30:00,IB GF,0.0
2024-05-11 04:30:00,IB NPI,2.5
2024-05-11 04:30:00,IB OPF,69.5
2024-05-11 04:30:00,SM FT OPF,0.0
2024-05-11 04:30:00,SM GF,2.11
2024-05-11 04:30:00,SM KV OPF,0.0
2024-05-11 04:30:00,SM NPI,1.451255188
2024-05-11 04:30:00,SM TLO,3.39
2024-05-11 05:00:00,IB GF,0.0
2024-05-11 05:00:00,IB NPI,2.5
2024-05-11 05:00:00,IB OPF,69.5
2024-05-11 05:00:00,SM FT OPF,0.0
2024-05-11 05:00:00,SM GF,2.11
2024-05-11 05:00:00,SM KV OPF,0.0
2024-05-11 05:00:00,SM NPI,1.415429093
2024-05-11 05:00:00,SM TLO,3.39
2024-05-11 05:30:00,IB GF,0.0
2024-05-11 05:30:00,IB NPI,2.5
2024-05-11 05:30:00,IB OPF,69.5
2024-05-11 05:30:00,SM FT OPF,0.0
2024-05-11 05:30:00,SM GF,2.11
2024-05-11 05:30:00,SM KV OPF,0.0
2024-05-11 05:30:00,SM NPI,1.391604898
2024-05-11 05:30:00,SM TLO,3.39
2024-05-11 06:00:00,IB GF,0.0
2024-05-11 06:00:00,IB NPI,2.5
2024-05-11 06:00:00,IB OPF,69.5
2024-05-11 06:00:00,SM FT OPF,0.0
2024-05-11 06:00:00,SM GF,2.11
2024-05-11 06:00:00,SM KV OPF,0.0
2024-05-11 06:00:00,SM NPI,1.428062903
2024-05-11 06:00:00,SM TLO,2.81
2024-05-11 06:30:00,IB GF,0.0
2024-05-11 06:30:00,IB NPI,2.5
2024-05-11 06:30:00,IB OPF,69.5
2024-05-11 06:30:00,SM FT OPF,0.0
2024-05-11 06:30:00,SM GF,2.11
2024-05-11 06:30:00,SM KV OPF,0.0
2024-05-11 06:30:00,SM NPI,1.45348846
2024-05-11 06:30:00,SM TLO,2.81
2024-05-11 07:00:00,IB GF,0.0
2024-05-11 07:00:00,IB NPI,2.5
2024-05-11 07:00:00,IB OPF,69.5
2024-05-11 07:00:00,SM FT OPF,0.0
2024-05-11 07:00:00,SM GF,2.11
2024-05-11 07:00:00,SM KV OPF,0.0
2024-05-11 07:00:00,SM NPI,1.476432002
2024-05-11 07:00:00,SM TLO,2.81
2024-05-11 07:30:00,IB GF,0.0
2024-05-11 07:30:00,IB NPI,2.5
2024-05-11 07:30:00,IB OPF,69.5
2024-05-11 07:30:00,SM FT OPF,0.0
2024-05-11 07:30:00,SM GF,2.11
2024-05-11 07:30:00,SM KV OPF,0.0
2024-05-11 07:30:00,SM NPI,1.476045226
2024-05-11 07:30:00,SM TLO,2.81
2024-05-11 08:00:00,IB GF,0.0
2024-05-11 08:00:00,IB NPI,2.5
2024-05-11 08:00:00,IB OPF,69.5
2024-05-11 08:00:00,SM FT OPF,0.0
2024-05-11 08:00:00,SM GF,2.11
2024-05-11 08:00:00,SM KV OPF,0.0
2024-05-11 08:00:00,SM NPI,1.464324736
2024-05-11 08:00:00,SM TLO,2.81
2024-05-11 08:30:00,IB GF,0.0
2024-05-11 08:30:00,IB NPI,2.5
2024-05-11 08:30:00,IB OPF,69.5
2024-05-11 08:30:00,SM FT OPF,0.0
2024-05-11 08:30:00,SM GF,2.11
2024-05-11 08:30:00,SM KV OPF,0.0
2024-05-11 08:30:00,SM NPI,1.449855179
2024-05-11 08:30:00,SM TLO,2.81
2024-05-11 09:00:00,IB GF,0.0
2024-05-11 09:00:00,IB NPI,2.5
2024-05-11 09:00:00,IB OPF,69.5
2024-05-11 09:00:00,SM FT OPF,0.0
2024-05-11 09:00:00,SM GF,2.11
2024-05-11 09:00:00,SM KV OPF,0.0
2024-05-11 09:00:00,SM NPI,1.444243521
2024-05-11 09:00:00,SM TLO,2.81
2024-05-11 09:30:00,IB GF,0.0
2024-05-11 09:30:00,IB NPI,2.5
2024-05-11 09:30:00,IB OPF,69.5
2024-05-11 09:30:00,SM FT OPF,0.0
2024-05-11 09:30:00,SM GF,2.11
2024-05-11 09:30:00,SM KV OPF,0.0
2024-05-11 09:30:00,SM NPI,1.493893361
2024-05-11 09:30:00,SM TLO,2.81
2024-05-11 10:00:00,IB GF,0.0
2024-05-11 10:00:00,IB NPI,2.5
2024-05-11 10:00:00,IB OPF,69.5
2024-05-11 10:00:00,SM FT OPF,0.0
2024-05-11 10:00:00,SM GF,2.11
2024-05-11 10:00:00,SM KV OPF,0.0
2024-05-11 10:00:00,SM NPI,1.566198614
2024-05-11 10:00:00,SM TLO,2.81
2024-05-11 10:30:00,IB GF,0.0
2024-05-11 10:30:00,IB NPI,2.5
2024-05-11 10:30:00,IB OPF,69.5
2024-05-11 10:30:00,SM FT OPF,0.0
2024-05-11 10:30:00,SM GF,2.11
2024-05-11 10:30:00,SM KV OPF,0.0
2024-05-11 10:30:00,SM NPI,1.625172244
2024-05-11 10:30:00,SM TLO,2.81
2024-05-11 11:00:00,IB GF,0.0
2024-05-11 11:00:00,IB NPI,2.5
2024-05-11 11:00:00,IB OPF,69.5
2024-05-11 11:00:00,SM FT OPF,0.0
2024-05-11 11:00:00,SM GF,2.11
2024-05-11 11:00:00,SM KV OPF,0.0
2024-05-11 11:00:00,SM NPI,1.676152746
2024-05-11 11:00:00,SM TLO,2.81
2024-05-11 11:30:00,IB GF,0.0
2024-05-11 11:30:00,IB NPI,2.5
2024-05-11 11:30:00,IB OPF,69.5
2024-05-11 11:30:00,SM FT OPF,0.0
2024-05-11 11:30:00,SM GF,2.11
2024-05-11 11:30:00,SM KV OPF,0.0
2024-05-11 11:30:00,SM NPI,1.720038069
2024-05-11 11:30:00,SM TLO,2.81
2024-05-11 12:00:00,IB GF,0.0
2024-05-11 12:00:00,IB NPI,2.5
2024-05-11 12:00:00,IB OPF,69.5
2024-05-11 12:00:00,SM FT OPF,0.0
2024-05-11 12:00:00,SM GF,2.11
2024-05-11 12:00:00,SM KV OPF,0.0
2024-05-11 12:00:00,SM NPI,1.7556108
2024-05-11 12:00:00,SM TLO,2.81
2024-05-11 12:30:00,IB GF,0.0
2024-05-11 12:30:00,IB NPI,2.5
2024-05-11 12:30:00,IB OPF,69.5
2024-05-11 12:30:00,SM FT OPF,0.0
2024-05-11 12:30:00,SM GF,2.11
2024-05-11 12:30:00,SM KV OPF,0.0
2024-05-11 12:30:00,SM NPI,1.786297794
2024-05-11 12:30:00,SM TLO,2.81
2024-05-11 13:00:00,IB GF,0.0
2024-05-11 13:00:00,IB NPI,2.5
2024-05-11 13:00:00,IB OPF,69.5
2024-05-11 13:00:00,SM FT OPF,0.0
2024-05-11 13:00:00,SM GF,2.11
2024-05-11 13:00:00,SM KV OPF,0.0
2024-05-11 13:00:00,SM NPI,1.826494446
2024-05-11 13:00:00,SM TLO,2.81
2024-05-11 13:30:00,IB GF,0.0
2024-05-11 13:30:00,IB NPI,2.5
2024-05-11 13:30:00,IB OPF,69.5
2024-05-11 13:30:00,SM FT OPF,0.0
2024-05-11 13:30:00,SM GF,2.11
2024-05-11 13:30:00,SM KV OPF,0.0
2024-05-11 13:30:00,SM NPI,1.87348752
2024-05-11 13:30:00,SM TLO,2.81
2024-05-11 14:00:00,IB GF,0.0
2024-05-11 14:00:00,IB NPI,2.5
2024-05-11 14:00:00,IB OPF,69.5
2024-05-11 14:00:00,SM FT OPF,0.0
2024-05-11 14:00:00,SM GF,2.11
2024-05-11 14:00:00,SM KV OPF,0.0
2024-05-11 14:00:00,SM NPI,1.938830514
2024-05-11 14:00:00,SM TLO,2.81
2024-05-11 14:30:00,IB GF,0.0
2024-05-11 14:30:00,IB NPI,2.5
2024-05-11 14:30:00,IB OPF,69.5
2024-05-11 14:30:00,SM FT OPF,0.0
2024-05-11 14:30:00,SM GF,2.11
2024-05-11 14:30:00,SM KV OPF,0.0
2024-05-11 14:30:00,SM NPI,1.982141359
2024-05-11 14:30:00,SM TLO,2.81
2024-05-11 15:00:00,IB GF,0.0
2024-05-11 15:00:00,IB NPI,2.5
2024-05-11 15:00:00,IB OPF,69.5
2024-05-11 15:00:00,SM FT OPF,0.0
2024-05-11 15:00:00,SM GF,2.11
2024-05-11 15:00:00,SM KV OPF,0.0
2024-05-11 15:00:00,SM NPI,2.00997986
2024-05-11 15:00:00,SM TLO,2.81
2024-05-11 15:30:00,IB GF,0.0
2024-05-11 15:30:00,IB NPI,2.5
2024-05-11 15:30:00,IB OPF,69.5
2024-05-11 15:30:00,SM FT OPF,0.0
2024-05-11 15:30:00,SM GF,2.11
2024-05-11 15:30:00,SM KV OPF,0.0
2024-05-11 15:30:00,SM NPI,2.058792407
2024-05-11 15:30:00,SM TLO,2.81
2024-05-11 16:00:00,IB GF,0.0
2024-05-11 16:00:00,IB NPI,2.5
2024-05-11 16:00:00,IB OPF,69.5
2024-05-11 16:00:00,SM FT OPF,0.0
2024-05-11 16:00:00,SM GF,2.11
2024-05-11 16:00:00,SM KV OPF,0.0
2024-05-11 16:00:00,SM NPI,2.059146259
2024-05-11 16:00:00,SM TLO,2.81
2024-05-11 16:30:00,IB GF,0.0
2024-05-11 16:30:00,IB NPI,2.5
2024-05-11 16:30:00,IB OPF,69.5
2024-05-11 16:30:00,SM FT OPF,0.0
2024-05-11 16:30:00,SM GF,2.11
2024-05-11 16:30:00,SM KV OPF,0.0
2024-05-11 16:30:00,SM NPI,1.999899109
2024-05-11 16:30:00,SM TLO,2.81
2024-05-11 17:00:00,IB GF,0.0
2024-05-11 17:00:00,IB NPI,2.5
2024-05-11 17:00:00,IB OPF,69.5
2024-05-11 17:00:00,SM FT OPF,0.0
2024-05-11 17:00:00,SM GF,2.11
2024-05-11 17:00:00,SM KV OPF,0.0
2024-05-11 17:00:00,SM NPI,1.955173937
2024-05-11 17:00:00,SM TLO,2.81
2024-05-11 17:30:00,IB GF,0.0
2024-05-11 17:30:00,IB NPI,2.5
2024-05-11 17:30:00,IB OPF,69.5
2024-05-11 17:30:00,SM FT OPF,0.0
2024-05-11 17:30:00,SM GF,2.11
2024-05-11 17:30:00,SM KV OPF,0.0
2024-05-11 17:30:00,SM NPI,1.99789413
2024-05-11 17:30:00,SM TLO,2.81
2024-05-11 18:00:00,IB GF,0.0
2024-05-11 18:00:00,IB NPI,2.5
2024-05-11 18:00:00,IB OPF,69.5
2024-05-11 18:00:00,SM FT OPF,0.0
2024-05-11 18:00:00,SM GF,2.11
2024-05-11 18:00:00,SM KV OPF,0.0
2024-05-11 18:00:00,SM NPI,2.112527187
2024-05-11 18:00:00,SM TLO,2.81
2024-05-11 18:30:00,IB GF,0.0
2024-05-11 18:30:00,IB NPI,2.5
2024-05-11 18:30:00,IB OPF,69.5
2024-05-11 18:30:00,SM FT OPF,0.0
2024-05-11 18:30:00,SM GF,2.11
2024-05-11 18:30:00,SM KV OPF,0.0
2024-05-11 18:30:00,SM NPI,2.191804487
2024-05-11 18:30:00,SM TLO,2.81
2024-05-11 19:00:00,IB GF,0.0
2024-05-11 19:00:00,IB NPI,2.5
2024-05-11 19:00:00,IB OPF,69.5
2024-05-11 19:00:00,SM FT OPF,0.0
2024-05-11 19:00:00,SM GF,2.11
2024-05-11 19:00:00,SM KV OPF,0.0
2024-05-11 19:00:00,SM NPI,2.22463129
2024-05-11 19:00:00,SM TLO,2.81
2024-05-11 19:30:00,IB GF,0.0
2024-05-11 19:30:00,IB NPI,2.5
2024-05-11 19:30:00,IB OPF,69.5
2024-05-11 19:30:00,SM FT OPF,0.0
2024-05-11 19:30:00,SM GF,2.11
2024-05-11 19:30:00,SM KV OPF,0.0
2024-05-11 19:30:00,SM NPI,2.137111171
2024-05-11 19:30:00,SM TLO,2.81
2024-05-11 20:00:00,IB GF,0.0
2024-05-11 20:00:00,IB NPI,2.5
2024-05-11 20:00:00,IB OPF,69.5
2024-05-11 20:00:00,SM FT OPF,0.0
2024-05-11 20:00:00,SM GF,2.11
2024-05-11 20:00:00,SM KV OPF,0.0
2024-05-11 20:00:00,SM NPI,1.960116961
2024-05-11 20:00:00,SM TLO,2.81
2024-05-11 20:30:00,IB GF,0.0
2024-05-11 20:30:00,IB NPI,2.5
2024-05-11 20:30:00,IB OPF,69.5
2024-05-11 20:30:00,SM FT OPF,0.0
2024-05-11 20:30:00,SM GF,2.11
2024-05-11 20:30:00,SM KV OPF,0.0
2024-05-11 20:30:00,SM NPI,1.771487118
2024-05-11 20:30:00,SM TLO,2.81
2024-05-11 21:00:00,IB GF,0.0
2024-05-11 21:00:00,IB NPI,2.5
2024-05-11 21:00:00,IB OPF,69.5
2024-05-11 21:00:00,SM FT OPF,0.0
2024-05-11 21:00:00,SM GF,2.11
2024-05-11 21:00:00,SM KV OPF,0.0
2024-05-11 21:00:00,SM NPI,1.61253463
2024-05-11 21:00:00,SM TLO,2.81
2024-05-11 21:30:00,IB GF,0.0
2024-05-11 21:30:00,IB NPI,2.5
2024-05-11 21:30:00,IB OPF,69.5
2024-05-11 21:30:00,SM FT OPF,0.0
2024-05-11 21:30:00,SM GF,2.11
2024-05-11 21:30:00,SM KV OPF,0.0
2024-05-11 21:30:00,SM NPI,1.520858753
2024-05-11 21:30:00,SM TLO,2.81
2024-05-11 22:00:00,IB GF,0.0
2024-05-11 22:00:00,IB NPI,2.5
2024-05-11 22:00:00,IB OPF,69.5
2024-05-11 22:00:00,SM FT OPF,0.0
2024-05-11 22:00:00,SM GF,2.11
2024-05-11 22:00:00,SM KV OPF,0.0
2024-05-11 22:00:00,SM NPI,1.442066554
2024-05-11 22:00:00,SM TLO,2.81
2024-05-11 22:30:00,IB GF,0.0
2024-05-11 22:30:00,IB NPI,2.5
2024-05-11 22:30:00,IB OPF,69.5
2024-05-11 22:30:00,SM FT OPF,0.0
2024-05-11 22:30:00,SM GF,2.11
2024-05-11 22:30:00,SM KV OPF,0.0
2024-05-11 22:30:00,SM NPI,1.371591468
2024-05-11 22:30:00,SM TLO,2.81
2024-05-11 23:00:00,IB GF,0.0
2024-05-11 23:00:00,IB NPI,2.5
2024-05-11 23:00:00,IB OPF,69.5
2024-05-11 23:00:00,SM FT OPF,0.0
2024-05-11 23:00:00,SM GF,2.11
2024-05-11 23:00:00,SM KV OPF,0.0
2024-05-11 23:00:00,SM NPI,1.315838669
2024-05-11 23:00:00,SM TLO,2.81
2024-05-11 23:30:00,IB GF,0.0
2024-05-11 23:30:00,IB NPI,2.5
2024-05-11 23:30:00,IB OPF,69.5
2024-05-11 23:30:00,SM FT OPF,0.0
2024-05-11 23:30:00,SM GF,2.11
2024-05-11 23:30:00,SM KV OPF,0.0
2024-05-11 23:30:00,SM NPI,1.276190552
2024-05-11 23:30:00,SM TLO,2.81
2024-05-12 00:00:00,IB GF,0.0
2024-05-12 00:00:00,IB NPI,2.5
2024-05-12 00:00:00,IB OPF,69.5
2024-05-12 00:00:00,SM FT OPF,0.0
2024-05-12 00:00:00,SM GF,2.11
2024-05-12 00:00:00,SM KV OPF,0.0
2024-05-12 00:00:00,SM NPI,1.234558003
2024-05-12 00:00:00,SM TLO,2.81
2024-05-12 00:30:00,IB GF,0.0
2024-05-12 00:30:00,IB NPI,2.5
2024-05-12 00:30:00,IB OPF,69.5
2024-05-12 00:30:00,SM FT OPF,0.0
2024-05-12 00:30:00,SM GF,2.11
2024-05-12 00:30:00,SM KV OPF,0.0
2024-05-12 00:30:00,SM NPI,1.207133363
2024-05-12 00:30:00,SM TLO,2.81
2024-05-12 01:00:00,IB GF,0.0
2024-05-12 01:00:00,IB NPI,2.5
2024-05-12 01:00:00,IB OPF,69.5
2024-05-12 01:00:00,SM FT OPF,0.0
2024-05-12 01:00:00,SM GF,2.11
2024-05-12 01:00:00,SM KV OPF,0.0
2024-05-12 01:00:00,SM NPI,1.191377813
2024-05-12 01:00:00,SM TLO,2.81
2024-05-12 01:30:00,IB GF,0.0
2024-05-12 01:30:00,IB NPI,2.5
2024-05-12 01:30:00,IB OPF,69.5
2024-05-12 01:30:00,SM FT OPF,0.0
2024-05-12 01:30:00,SM GF,2.11
2024-05-12 01:30:00,SM KV OPF,0.0
2024-05-12 01:30:00,SM NPI,1.17601168
2024-05-12 01:30:00,SM TLO,2.81
2024-05-12 02:00:00,IB GF,0.0
2024-05-12 02:00:00,IB NPI,2.5
2024-05-12 02:00:00,IB OPF,69.5
2024-05-12 02:00:00,SM FT OPF,0.0
2024-05-12 02:00:00,SM GF,2.11
2024-05-12 02:00:00,SM KV OPF,0.0
2024-05-12 02:00:00,SM NPI,1.169480252
2024-05-12 02:00:00,SM TLO,2.81
2024-05-12 02:30:00,IB GF,0.0
2024-05-12 02:30:00,IB NPI,2.5
2024-05-12 02:30:00,IB OPF,69.5
2024-05-12 02:30:00,SM FT OPF,0.0
2024-05-12 02:30:00,SM GF,2.11
2024-05-12 02:30:00,SM KV OPF,0.0
2024-05-12 02:30:00,SM NPI,1.171410877
2024-05-12 02:30:00,SM TLO,2.81
2024-05-12 03:00:00,IB GF,0.0
2024-05-12 03:00:00,IB NPI,2.5
2024-05-12 03:00:00,IB OPF,69.5
2024-05-12 03:00:00,SM FT OPF,0.0
2024-05-12 03:00:00,SM GF,2.11
2024-05-12 03:00:00,SM KV OPF,0.0
2024-05-12 03:00:00,SM NPI,1.182207405
2024-05-12 03:00:00,SM TLO,2.81
2024-05-12 03:30:00,IB GF,0.0
2024-05-12 03:30:00,IB NPI,2.5
2024-05-12 03:30:00,IB OPF,69.5
2024-05-12 03:30:00,SM FT OPF,0.0
2024-05-12 03:30:00,SM GF,2.11
2024-05-12 03:30:00,SM KV OPF,0.0
2024-05-12 03:30:00,SM NPI,1.258676845
2024-05-12 03:30:00,SM TLO,2.81
2024-05-12 04:00:00,IB GF,0.0
2024-05-12 04:00:00,IB NPI,2.5
2024-05-12 04:00:00,IB OPF,69.5
2024-05-12 04:00:00,SM FT OPF,0.0
2024-05-12 04:00:00,SM GF,2.11
2024-05-12 04:00:00,SM KV OPF,0.0
2024-05-12 04:00:00,SM NPI,1.388247357
2024-05-12 04:00:00,SM TLO,2.81
2024-05-12 04:30:00,IB GF,0.0
2024-05-12 04:30:00,IB NPI,2.5
2024-05-12 04:30:00,IB OPF,69.5
2024-05-12 04:30:00,SM FT OPF,0.0
2024-05-12 04:30:00,SM GF,2.11
2024-05-12 04:30:00,SM KV OPF,0.0
2024-05-12 04:30:00,SM NPI,1.442296823
2024-05-12 04:30:00,SM TLO,2.81
2024-05-12 05:00:00,IB GF,0.0
2024-05-12 05:00:00,IB NPI,2.5
2024-05-12 05:00:00,IB OPF,69.5
2024-05-12 05:00:00,SM FT OPF,0.0
2024-05-12 05:00:00,SM GF,2.11
2024-05-12 05:00:00,SM KV OPF,0.0
2024-05-12 05:00:00,SM NPI,1.406691877
2024-05-12 05:00:00,SM TLO,2.81
2024-05-12 05:30:00,IB GF,0.0
2024-05-12 05:30:00,IB NPI,2.5
2024-05-12 05:30:00,IB OPF,69.5
2024-05-12 05:30:00,SM FT OPF,0.0
2024-05-12 05:30:00,SM GF,2.11
2024-05-12 05:30:00,SM KV OPF,0.0
2024-05-12 05:30:00,SM NPI,1.383014744
2024-05-12 05:30:00,SM TLO,2.81
2024-05-12 06:00:00,IB GF,0.0
2024-05-12 06:00:00,IB NPI,2.5
2024-05-12 06:00:00,IB OPF,69.5
2024-05-12 06:00:00,SM FT OPF,0.0
2024-05-12 06:00:00,SM GF,2.11
2024-05-12 06:00:00,SM KV OPF,0.0
2024-05-12 06:00:00,SM NPI,1.4192477
2024-05-12 06:00:00,SM TLO,3.24
2024-05-12 06:30:00,IB GF,0.0
2024-05-12 06:30:00,IB NPI,2.5
2024-05-12 06:30:00,IB OPF,69.5
2024-05-12 06:30:00,SM FT OPF,0.0
2024-05-12 06:30:00,SM GF,2.11
2024-05-12 06:30:00,SM KV OPF,0.0
2024-05-12 06:30:00,SM NPI,1.444516309
2024-05-12 06:30:00,SM TLO,3.24
2024-05-12 07:00:00,IB GF,0.0
2024-05-12 07:00:00,IB NPI,2.5
2024-05-12 07:00:00,IB OPF,69.5
2024-05-12 07:00:00,SM FT OPF,0.0
2024-05-12 07:00:00,SM GF,2.11
2024-05-12 07:00:00,SM KV OPF,0.0
2024-05-12 07:00:00,SM NPI,1.467318224
2024-05-12 07:00:00,SM TLO,3.24
2024-05-12 07:30:00,IB GF,0.0
2024-05-12 07:30:00,IB NPI,2.5
2024-05-12 07:30:00,IB OPF,69.5
2024-05-12 07:30:00,SM FT OPF,0.0
2024-05-12 07:30:00,SM GF,2.11
2024-05-12 07:30:00,SM KV OPF,0.0
2024-05-12 07:30:00,SM NPI,1.466933836
2024-05-12 07:30:00,SM TLO,3.24
2024-05-12 08:00:00,IB GF,0.0
2024-05-12 08:00:00,IB NPI,2.5
2024-05-12 08:00:00,IB OPF,69.5
2024-05-12 08:00:00,SM FT OPF,0.0
2024-05-12 08:00:00,SM GF,2.11
2024-05-12 08:00:00,SM KV OPF,0.0
2024-05-12 08:00:00,SM NPI,1.455285694
2024-05-12 08:00:00,SM TLO,3.24
2024-05-12 08:30:00,IB GF,0.0
2024-05-12 08:30:00,IB NPI,2.5
2024-05-12 08:30:00,IB OPF,69.5
2024-05-12 08:30:00,SM FT OPF,0.0
2024-05-12 08:30:00,SM GF,2.11
2024-05-12 08:30:00,SM KV OPF,0.0
2024-05-12 08:30:00,SM NPI,1.440905456
2024-05-12 08:30:00,SM TLO,3.24
2024-05-12 09:00:00,IB GF,0.0
2024-05-12 09:00:00,IB NPI,2.5
2024-05-12 09:00:00,IB OPF,69.5
2024-05-12 09:00:00,SM FT OPF,0.0
2024-05-12 09:00:00,SM GF,2.11
2024-05-12 09:00:00,SM KV OPF,0.0
2024-05-12 09:00:00,SM NPI,1.435328437
2024-05-12 09:00:00,SM TLO,3.24
2024-05-12 09:30:00,IB GF,0.0
2024-05-12 09:30:00,IB NPI,2.5
2024-05-12 09:30:00,IB OPF,69.5
2024-05-12 09:30:00,SM FT OPF,0.0
2024-05-12 09:30:00,SM GF,2.11
2024-05-12 09:30:00,SM KV OPF,0.0
2024-05-12 09:30:00,SM NPI,1.484671797
2024-05-12 09:30:00,SM TLO,3.24
2024-05-12 10:00:00,IB GF,0.0
2024-05-12 10:00:00,IB NPI,2.5
2024-05-12 10:00:00,IB OPF,69.5
2024-05-12 10:00:00,SM FT OPF,0.0
2024-05-12 10:00:00,SM GF,2.11
2024-05-12 10:00:00,SM KV OPF,0.0
2024-05-12 10:00:00,SM NPI,1.556530721
2024-05-12 10:00:00,SM TLO,3.24
2024-05-12 10:30:00,IB GF,0.0
2024-05-12 10:30:00,IB NPI,2.5
2024-05-12 10:30:00,IB OPF,69.5
2024-05-12 10:30:00,SM FT OPF,0.0
2024-05-12 10:30:00,SM GF,2.11
2024-05-12 10:30:00,SM KV OPF,0.0
2024-05-12 10:30:00,SM NPI,1.615140317
2024-05-12 10:30:00,SM TLO,3.24
2024-05-12 11:00:00,IB GF,0.0
2024-05-12 11:00:00,IB NPI,2.5
2024-05-12 11:00:00,IB OPF,69.5
2024-05-12 11:00:00,SM FT OPF,0.0
2024-05-12 11:00:00,SM GF,2.11
2024-05-12 11:00:00,SM KV OPF,0.0
2024-05-12 11:00:00,SM NPI,1.665806124
2024-05-12 11:00:00,SM TLO,3.24
2024-05-12 11:30:00,IB GF,0.0
2024-05-12 11:30:00,IB NPI,2.5
2024-05-12 11:30:00,IB OPF,69.5
2024-05-12 11:30:00,SM FT OPF,0.0
2024-05-12 11:30:00,SM GF,2.11
2024-05-12 11:30:00,SM KV OPF,0.0
2024-05-12 11:30:00,SM NPI,1.70942055
2024-05-12 11:30:00,SM TLO,3.24
2024-05-12 12:00:00,IB GF,0.0
2024-05-12 12:00:00,IB NPI,2.5
2024-05-12 12:00:00,IB OPF,69.5
2024-05-12 12:00:00,SM FT OPF,0.0
2024-05-12 12:00:00,SM GF,2.11
2024-05-12 12:00:00,SM KV OPF,0.0
2024-05-12 12:00:00,SM NPI,1.744773697
2024-05-12 12:00:00,SM TLO,3.24
2024-05-12 12:30:00,IB GF,0.0
2024-05-12 12:30:00,IB NPI,2.5
2024-05-12 12:30:00,IB OPF,69.5
2024-05-12 12:30:00,SM FT OPF,0.0
2024-05-12 12:30:00,SM GF,2.11
2024-05-12 12:30:00,SM KV OPF,0.0
2024-05-12 12:30:00,SM NPI,1.775271264
2024-05-12 12:30:00,SM TLO,3.24
2024-05-12 13:00:00,IB GF,0.0
2024-05-12 13:00:00,IB NPI,2.5
2024-05-12 13:00:00,IB OPF,69.5
2024-05-12 13:00:00,SM FT OPF,0.0
2024-05-12 13:00:00,SM GF,2.11
2024-05-12 13:00:00,SM KV OPF,0.0
2024-05-12 13:00:00,SM NPI,1.815219789
2024-05-12 13:00:00,SM TLO,3.24
2024-05-12 13:30:00,IB GF,0.0
2024-05-12 13:30:00,IB NPI,2.5
2024-05-12 13:30:00,IB OPF,69.5
2024-05-12 13:30:00,SM FT OPF,0.0
2024-05-12 13:30:00,SM GF,2.11
2024-05-12 13:30:00,SM KV OPF,0.0
2024-05-12 13:30:00,SM NPI,1.861922782
2024-05-12 13:30:00,SM TLO,3.24
2024-05-12 14:00:00,IB GF,0.0
2024-05-12 14:00:00,IB NPI,2.5
2024-05-12 14:00:00,IB OPF,69.5
2024-05-12 14:00:00,SM FT OPF,0.0
2024-05-12 14:00:00,SM GF,2.11
2024-05-12 14:00:00,SM KV OPF,0.0
2024-05-12 14:00:00,SM NPI,1.926862424
2024-05-12 14:00:00,SM TLO,3.24
2024-05-12 14:30:00,IB GF,0.0
2024-05-12 14:30:00,IB NPI,2.5
2024-05-12 14:30:00,IB OPF,69.5
2024-05-12 14:30:00,SM FT OPF,0.0
2024-05-12 14:30:00,SM GF,2.11
2024-05-12 14:30:00,SM KV OPF,0.0
2024-05-12 14:30:00,SM NPI,1.969905918
2024-05-12 14:30:00,SM TLO,3.24
2024-05-12 15:00:00,IB GF,0.0
2024-05-12 15:00:00,IB NPI,2.5
2024-05-12 15:00:00,IB OPF,69.5
2024-05-12 15:00:00,SM FT OPF,0.0
2024-05-12 15:00:00,SM GF,2.11
2024-05-12 15:00:00,SM KV OPF,0.0
2024-05-12 15:00:00,SM NPI,1.997572577
2024-05-12 15:00:00,SM TLO,3.24
2024-05-12 15:30:00,IB GF,0.0
2024-05-12 15:30:00,IB NPI,2.5
2024-05-12 15:30:00,IB OPF,69.5
2024-05-12 15:30:00,SM FT OPF,0.0
2024-05-12 15:30:00,SM GF,2.11
2024-05-12 15:30:00,SM KV OPF,0.0
2024-05-12 15:30:00,SM NPI,2.046083812
2024-05-12 15:30:00,SM TLO,3.24
2024-05-12 16:00:00,IB GF,0.0
2024-05-12 16:00:00,IB NPI,2.5
2024-05-12 16:00:00,IB OPF,69.5
2024-05-12 16:00:00,SM FT OPF,0.0
2024-05-12 16:00:00,SM GF,2.11
2024-05-12 16:00:00,SM KV OPF,0.0
2024-05-12 16:00:00,SM NPI,2.04643548
2024-05-12 16:00:00,SM TLO,3.24
2024-05-12 16:30:00,IB GF,0.0
2024-05-12 16:30:00,IB NPI,2.5
2024-05-12 16:30:00,IB OPF,69.5
2024-05-12 16:30:00,SM FT OPF,0.0
2024-05-12 16:30:00,SM GF,2.11
2024-05-12 16:30:00,SM KV OPF,0.0
2024-05-12 16:30:00,SM NPI,1.987554053
2024-05-12 16:30:00,SM TLO,3.24
2024-05-12 17:00:00,IB GF,0.0
2024-05-12 17:00:00,IB NPI,2.5
2024-05-12 17:00:00,IB OPF,69.5
2024-05-12 17:00:00,SM FT OPF,0.0
2024-05-12 17:00:00,SM GF,2.11
2024-05-12 17:00:00,SM KV OPF,0.0
2024-05-12 17:00:00,SM NPI,1.943104963
2024-05-12 17:00:00,SM TLO,3.24
2024-05-12 17:30:00,IB GF,0.0
2024-05-12 17:30:00,IB NPI,2.5
2024-05-12 17:30:00,IB OPF,69.5
2024-05-12 17:30:00,SM FT OPF,0.0
2024-05-12 17:30:00,SM GF,2.11
2024-05-12 17:30:00,SM KV OPF,0.0
2024-05-12 17:30:00,SM NPI,1.98556145
2024-05-12 17:30:00,SM TLO,3.24
2024-05-12 18:00:00,IB GF,0.0
2024-05-12 18:00:00,IB NPI,2.5
2024-05-12 18:00:00,IB OPF,69.5
2024-05-12 18:00:00,SM FT OPF,0.0
2024-05-12 18:00:00,SM GF,2.11
2024-05-12 18:00:00,SM KV OPF,0.0
2024-05-12 18:00:00,SM NPI,2.099486896
2024-05-12 18:00:00,SM TLO,3.24
2024-05-12 18:30:00,IB GF,0.0
2024-05-12 18:30:00,IB NPI,2.5
2024-05-12 18:30:00,IB OPF,69.5
2024-05-12 18:30:00,SM FT OPF,0.0
2024-05-12 18:30:00,SM GF,2.11
2024-05-12 18:30:00,SM KV OPF,0.0
2024-05-12 18:30:00,SM NPI,2.178274829
2024-05-12 18:30:00,SM TLO,3.24
2024-05-12 19:00:00,IB GF,0.0
2024-05-12 19:00:00,IB NPI,2.5
2024-05-12 19:00:00,IB OPF,69.5
2024-05-12 19:00:00,SM FT OPF,0.0
2024-05-12 19:00:00,SM GF,2.11
2024-05-12 19:00:00,SM KV OPF,0.0
2024-05-12 19:00:00,SM NPI,2.210898998
2024-05-12 19:00:00,SM TLO,3.24
2024-05-12 19:30:00,IB GF,0.0
2024-05-12 19:30:00,IB NPI,2.5
2024-05-12 19:30:00,IB OPF,69.5
2024-05-12 19:30:00,SM FT OPF,0.0
2024-05-12 19:30:00,SM GF,2.11
2024-05-12 19:30:00,SM KV OPF,0.0
2024-05-12 19:30:00,SM NPI,2.123919127
2024-05-12 19:30:00,SM TLO,3.24
2024-05-12 20:00:00,IB GF,0.0
2024-05-12 20:00:00,IB NPI,2.5
2024-05-12 20:00:00,IB OPF,69.5
2024-05-12 20:00:00,SM FT OPF,0.0
2024-05-12 20:00:00,SM GF,2.11
2024-05-12 20:00:00,SM KV OPF,0.0
2024-05-12 20:00:00,SM NPI,1.948017474
2024-05-12 20:00:00,SM TLO,3.24
2024-05-12 20:30:00,IB GF,0.0
2024-05-12 20:30:00,IB NPI,2.5
2024-05-12 20:30:00,IB OPF,69.5
2024-05-12 20:30:00,SM FT OPF,0.0
2024-05-12 20:30:00,SM GF,2.11
2024-05-12 20:30:00,SM KV OPF,0.0
2024-05-12 20:30:00,SM NPI,1.760552012
2024-05-12 20:30:00,SM TLO,3.24
2024-05-12 21:00:00,IB GF,0.0
2024-05-12 21:00:00,IB NPI,2.5
2024-05-12 21:00:00,IB OPF,69.5
2024-05-12 21:00:00,SM FT OPF,0.0
2024-05-12 21:00:00,SM GF,2.11
2024-05-12 21:00:00,SM KV OPF,0.0
2024-05-12 21:00:00,SM NPI,1.602580712
2024-05-12 21:00:00,SM TLO,3.24
2024-05-12 21:30:00,IB GF,0.0
2024-05-12 21:30:00,IB NPI,2.5
2024-05-12 21:30:00,IB OPF,69.5
2024-05-12 21:30:00,SM FT OPF,0.0
2024-05-12 21:30:00,SM GF,2.11
2024-05-12 21:30:00,SM KV OPF,0.0
2024-05-12 21:30:00,SM NPI,1.511470736
2024-05-12 21:30:00,SM TLO,3.24
2024-05-12 22:00:00,IB GF,0.0
2024-05-12 22:00:00,IB NPI,2.5
2024-05-12 22:00:00,IB OPF,69.5
2024-05-12 22:00:00,SM FT OPF,0.0
2024-05-12 22:00:00,SM GF,2.11
2024-05-12 22:00:00,SM KV OPF,0.0
2024-05-12 22:00:00,SM NPI,1.433164909
2024-05-12 22:00:00,SM TLO,3.24
2024-05-12 22:30:00,IB GF,0.0
2024-05-12 22:30:00,IB NPI,2.5
2024-05-12 22:30:00,IB OPF,69.5
2024-05-12 22:30:00,SM FT OPF,0.0
2024-05-12 22:30:00,SM GF,2.11
2024-05-12 22:30:00,SM KV OPF,0.0
2024-05-12 22:30:00,SM NPI,1.363124854
2024-05-12 22:30:00,SM TLO,3.24
2024-05-12 23:00:00,IB GF,0.0
2024-05-12 23:00:00,IB NPI,2.5
2024-05-12 23:00:00,IB OPF,69.5
2024-05-12 23:00:00,SM FT OPF,0.0
2024-05-12 23:00:00,SM GF,2.11
2024-05-12 23:00:00,SM KV OPF,0.0
2024-05-12 23:00:00,SM NPI,1.307716208
2024-05-12 23:00:00,SM TLO,3.24
2024-05-12 23:30:00,IB GF,0.0
2024-05-12 23:30:00,IB NPI,2.5
2024-05-12 23:30:00,IB OPF,69.5
2024-05-12 23:30:00,SM FT OPF,0.0
2024-05-12 23:30:00,SM GF,2.11
2024-05-12 23:30:00,SM KV OPF,0.0
2024-05-12 23:30:00,SM NPI,1.268312833
2024-05-12 23:30:00,SM TLO,3.24
2024-05-13 00:00:00,IB GF,0.0
2024-05-13 00:00:00,IB NPI,2.5
2024-05-13 00:00:00,IB OPF,69.5
2024-05-13 00:00:00,SM FT OPF,0.0
2024-05-13 00:00:00,SM GF,2.11
2024-05-13 00:00:00,SM KV OPF,0.0
2024-05-13 00:00:00,SM NPI,1.226889941
2024-05-13 00:00:00,SM TLO,3.24
2024-05-13 00:30:00,IB GF,0.0
2024-05-13 00:30:00,IB NPI,2.5
2024-05-13 00:30:00,IB OPF,69.5
2024-05-13 00:30:00,SM FT OPF,0.0
2024-05-13 00:30:00,SM GF,2.11
2024-05-13 00:30:00,SM KV OPF,0.0
2024-05-13 00:30:00,SM NPI,1.19963564
2024-05-13 00:30:00,SM TLO,3.24
2024-05-13 01:00:00,IB GF,0.0
2024-05-13 01:00:00,IB NPI,2.5
2024-05-13 01:00:00,IB OPF,69.5
2024-05-13 01:00:00,SM FT OPF,0.0
2024-05-13 01:00:00,SM GF,2.11
2024-05-13 01:00:00,SM KV OPF,0.0
2024-05-13 01:00:00,SM NPI,1.183977951
2024-05-13 01:00:00,SM TLO,3.24
2024-05-13 01:30:00,IB GF,0.0
2024-05-13 01:30:00,IB NPI,2.5
2024-05-13 01:30:00,IB OPF,69.5
2024-05-13 01:30:00,SM FT OPF,0.0
2024-05-13 01:30:00,SM GF,2.11
2024-05-13 01:30:00,SM KV OPF,0.0
2024-05-13 01:30:00,SM NPI,1.16870726
2024-05-13 01:30:00,SM TLO,3.24
2024-05-13 02:00:00,IB GF,0.0
2024-05-13 02:00:00,IB NPI,2.5
2024-05-13 02:00:00,IB OPF,69.5
2024-05-13 02:00:00,SM FT OPF,0.0
2024-05-13 02:00:00,SM GF,2.11
2024-05-13 02:00:00,SM KV OPF,0.0
2024-05-13 02:00:00,SM NPI,1.162216399
2024-05-13 02:00:00,SM TLO,3.24
2024-05-13 02:30:00,IB GF,0.0
2024-05-13 02:30:00,IB NPI,2.5
2024-05-13 02:30:00,IB OPF,69.5
2024-05-13 02:30:00,SM FT OPF,0.0
2024-05-13 02:30:00,SM GF,2.11
2024-05-13 02:30:00,SM KV OPF,0.0
2024-05-13 02:30:00,SM NPI,1.164135034
2024-05-13 02:30:00,SM TLO,3.24
2024-05-13 03:00:00,IB GF,0.0
2024-05-13 03:00:00,IB NPI,2.5
2024-05-13 03:00:00,IB OPF,69.5
2024-05-13 03:00:00,SM FT OPF,0.0
2024-05-13 03:00:00,SM GF,2.11
2024-05-13 03:00:00,SM KV OPF,0.0
2024-05-13 03:00:00,SM NPI,1.174864502
2024-05-13 03:00:00,SM TLO,3.24
2024-05-13 03:30:00,IB GF,0.0
2024-05-13 03:30:00,IB NPI,2.5
2024-05-13 03:30:00,IB OPF,69.5
2024-05-13 03:30:00,SM FT OPF,0.0
2024-05-13 03:30:00,SM GF,2.11
2024-05-13 03:30:00,SM KV OPF,0.0
2024-05-13 03:30:00,SM NPI,1.250858976
2024-05-13 03:30:00,SM TLO,3.24
2024-05-13 04:00:00,IB GF,0.0
2024-05-13 04:00:00,IB NPI,2.5
2024-05-13 04:00:00,IB OPF,69.5
2024-05-13 04:00:00,SM FT OPF,0.0
2024-05-13 04:00:00,SM GF,2.11
2024-05-13 04:00:00,SM KV OPF,0.0
2024-05-13 04:00:00,SM NPI,1.379624703
2024-05-13 04:00:00,SM TLO,3.24
2024-05-13 04:30:00,IB GF,0.0
2024-05-13 04:30:00,IB NPI,2.5
2024-05-13 04:30:00,IB OPF,69.5
2024-05-13 04:30:00,SM FT OPF,0.0
2024-05-13 04:30:00,SM GF,2.11
2024-05-13 04:30:00,SM KV OPF,0.0
2024-05-13 04:30:00,SM NPI,1.433338458
2024-05-13 04:30:00,SM TLO,3.24
2024-05-13 05:00:00,IB GF,0.0
2024-05-13 05:00:00,IB NPI,2.5
2024-05-13 05:00:00,IB OPF,69.5
2024-05-13 05:00:00,SM FT OPF,0.0
2024-05-13 05:00:00,SM GF,2.11
2024-05-13 05:00:00,SM KV OPF,0.0
2024-05-13 05:00:00,SM NPI,1.39795466
2024-05-13 05:00:00,SM TLO,3.24
2024-05-13 05:30:00,IB GF,0.0
2024-05-13 05:30:00,IB NPI,2.5
2024-05-13 05:30:00,IB OPF,69.5
2024-05-13 05:30:00,SM FT OPF,0.0
2024-05-13 05:30:00,SM GF,2.11
2024-05-13 05:30:00,SM KV OPF,0.0
2024-05-13 05:30:00,SM NPI,1.374424591
2024-05-13 05:30:00,SM TLO,3.24
2024-05-13 06:00:00,IB GF,0.0
2024-05-13 06:00:00,IB NPI,2.5
2024-05-13 06:00:00,IB OPF,69.5
2024-05-13 06:00:00,SM FT OPF,0.0
2024-05-13 06:00:00,SM GF,2.11
2024-05-13 06:00:00,SM KV OPF,0.0
2024-05-13 06:00:00,SM NPI,1.410432497
2024-05-13 06:00:00,SM TLO,3.1
2024-05-13 06:30:00,IB GF,0.0
2024-05-13 06:30:00,IB NPI,2.5
2024-05-13 06:30:00,IB OPF,69.5
2024-05-13 06:30:00,SM FT OPF,0.0
2024-05-13 06:30:00,SM GF,2.11
2024-05-13 06:30:00,SM KV OPF,0.0
2024-05-13 06:30:00,SM NPI,1.435544158
2024-05-13 06:30:00,SM TLO,3.1
2024-05-13 07:00:00,IB GF,0.0
2024-05-13 07:00:00,IB NPI,2.5
2024-05-13 07:00:00,IB OPF,69.5
2024-05-13 07:00:00,SM FT OPF,0.0
2024-05-13 07:00:00,SM GF,2.11
2024-05-13 07:00:00,SM KV OPF,0.0
2024-05-13 07:00:00,SM NPI,1.458204446
2024-05-13 07:00:00,SM TLO,3.1
2024-05-13 07:30:00,IB GF,0.0
2024-05-13 07:30:00,IB NPI,2.5
2024-05-13 07:30:00,IB OPF,69.5
2024-05-13 07:30:00,SM FT OPF,0.0
2024-05-13 07:30:00,SM GF,2.11
2024-05-13 07:30:00,SM KV OPF,0.0
2024-05-13 07:30:00,SM NPI,1.457822445
2024-05-13 07:30:00,SM TLO,3.1
2024-05-13 08:00:00,IB GF,0.0
2024-05-13 08:00:00,IB NPI,2.5
2024-05-13 08:00:00,IB OPF,69.5
2024-05-13 08:00:00,SM FT OPF,0.0
2024-05-13 08:00:00,SM GF,2.11
2024-05-13 08:00:00,SM KV OPF,0.0
2024-05-13 08:00:00,SM NPI,1.446246653
2024-05-13 08:00:00,SM TLO,3.1
2024-05-13 08:30:00,IB GF,0.0
2024-05-13 08:30:00,IB NPI,2.5
2024-05-13 08:30:00,IB OPF,69.5
2024-05-13 08:30:00,SM FT OPF,0.0
2024-05-13 08:30:00,SM GF,2.11
2024-05-13 08:30:00,SM KV OPF,0.0
2024-05-13 08:30:00,SM NPI,1.431955732
2024-05-13 08:30:00,SM TLO,3.1
2024-05-13 09:00:00,IB GF,0.0
2024-05-13 09:00:00,IB NPI,2.5
2024-05-13 09:00:00,IB OPF,69.5
2024-05-13 09:00:00,SM FT OPF,0.0
2024-05-13 09:00:00,SM GF,2.11
2024-05-13 09:00:00,SM KV OPF,0.0
2024-05-13 09:00:00,SM NPI,1.426413354
2024-05-13 09:00:00,SM TLO,3.1
2024-05-13 09:30:00,IB GF,0.0
2024-05-13 09:30:00,IB NPI,2.5
2024-05-13 09:30:00,IB OPF,69.5
2024-05-13 09:30:00,SM FT OPF,0.0
2024-05-13 09:30:00,SM GF,2.11
2024-05-13 09:30:00,SM KV OPF,0.0
2024-05-13 09:30:00,SM NPI,1.475450233
2024-05-13 09:30:00,SM TLO,3.1
2024-05-13 10:00:00,IB GF,0.0
2024-05-13 10:00:00,IB NPI,2.5
2024-05-13 10:00:00,IB OPF,69.5
2024-05-13 10:00:00,SM FT OPF,0.0
2024-05-13 10:00:00,SM GF,2.11
2024-05-13 10:00:00,SM KV OPF,0.0
2024-05-13 10:00:00,SM NPI,1.546862828
2024-05-13 10:00:00,SM TLO,3.1
2024-05-13 10:30:00,IB GF,0.0
2024-05-13 10:30:00,IB NPI,2.5
2024-05-13 10:30:00,IB OPF,69.5
2024-05-13 10:30:00,SM FT OPF,0.0
2024-05-13 10:30:00,SM GF,2.11
2024-05-13 10:30:00,SM KV OPF,0.0
2024-05-13 10:30:00,SM NPI,1.605108389
2024-05-13 10:30:00,SM TLO,3.1
2024-05-13 11:00:00,IB GF,0.0
2024-05-13 11:00:00,IB NPI,2.5
2024-05-13 11:00:00,IB OPF,69.5
2024-05-13 11:00:00,SM FT OPF,0.0
2024-05-13 11:00:00,SM GF,2.11
2024-05-13 11:00:00,SM KV OPF,0.0
2024-05-13 11:00:00,SM NPI,1.655459502
2024-05-13 11:00:00,SM TLO,3.1
2024-05-13 11:30:00,IB GF,0.0
2024-05-13 11:30:00,IB NPI,2.5
2024-05-13 11:30:00,IB OPF,69.5
2024-05-13 11:30:00,SM FT OPF,0.0
2024-05-13 11:30:00,SM GF,2.11
2024-05-13 11:30:00,SM KV OPF,0.0
2024-05-13 11:30:00,SM NPI,1.698803031
2024-05-13 11:30:00,SM TLO,3.1
2024-05-13 12:00:00,IB GF,0.0
2024-05-13 12:00:00,IB NPI,2.5
2024-05-13 12:00:00,IB OPF,69.5
2024-05-13 12:00:00,SM FT OPF,0.0
2024-05-13 12:00:00,SM GF,2.11
2024-05-13 12:00:00,SM KV OPF,0.0
2024-05-13 12:00:00,SM NPI,1.733936593
2024-05-13 12:00:00,SM TLO,3.1
2024-05-13 12:30:00,IB GF,0.0
2024-05-13 12:30:00,IB NPI,2.5
2024-05-13 12:30:00,IB OPF,69.5
2024-05-13 12:30:00,SM FT OPF,0.0
2024-05-13 12:30:00,SM GF,2.11
2024-05-13 12:30:00,SM KV OPF,0.0
2024-05-13 12:30:00,SM NPI,1.764244734
2024-05-13 12:30:00,SM TLO,3.1
2024-05-13 13:00:00,IB GF,0.0
2024-05-13 13:00:00,IB NPI,2.5
2024-05-13 13:00:00,IB OPF,69.5
2024-05-13 13:00:00,SM FT OPF,0.0
2024-05-13 13:00:00,SM GF,2.11
2024-05-13 13:00:00,SM KV OPF,0.0
2024-05-13 13:00:00,SM NPI,1.803945132
2024-05-13 13:00:00,SM TLO,3.1
2024-05-13 13:30:00,IB GF,0.0
2024-05-13 13:30:00,IB NPI,2.5
2024-05-13 13:30:00,IB OPF,69.5
2024-05-13 13:30:00,SM FT OPF,0.0
2024-05-13 13:30:00,SM GF,2.11
2024-05-13 13:30:00,SM KV OPF,0.0
2024-05-13 13:30:00,SM NPI,1.850358044
2024-05-13 13:30:00,SM TLO,3.1
2024-05-13 14:00:00,IB GF,0.0
2024-05-13 14:00:00,IB NPI,2.5
2024-05-13 14:00:00,IB OPF,69.5
2024-05-13 14:00:00,SM FT OPF,0.0
2024-05-13 14:00:00,SM GF,2.11
2024-05-13 14:00:00,SM KV OPF,0.0
2024-05-13 14:00:00,SM NPI,1.914894334
2024-05-13 14:00:00,SM TLO,3.1
2024-05-13 14:30:00,IB GF,0.0
2024-05-13 14:30:00,IB NPI,2.5
2024-05-13 14:30:00,IB OPF,69.5
2024-05-13 14:30:00,SM FT OPF,0.0
2024-05-13 14:30:00,SM GF,2.11
2024-05-13 14:30:00,SM KV OPF,0.0
2024-05-13 14:30:00,SM NPI,1.957670478
2024-05-13 14:30:00,SM TLO,3.1
2024-05-13 15:00:00,IB GF,0.0
2024-05-13 15:00:00,IB NPI,2.5
2024-05-13 15:00:00,IB OPF,69.5
2024-05-13 15:00:00,SM FT OPF,0.0
2024-05-13 15:00:00,SM GF,2.11
2024-05-13 15:00:00,SM KV OPF,0.0
2024-05-13 15:00:00,SM NPI,1.985165294
2024-05-13 15:00:00,SM TLO,3.1
2024-05-13 15:30:00,IB GF,0.0
2024-05-13 15:30:00,IB NPI,2.5
2024-05-13 15:30:00,IB OPF,69.5
2024-05-13 15:30:00,SM FT OPF,0.0
2024-05-13 15:30:00,SM GF,2.11
2024-05-13 15:30:00,SM KV OPF,0.0
2024-05-13 15:30:00,SM NPI,2.033375217
2024-05-13 15:30:00,SM TLO,3.1
2024-05-13 16:00:00,IB GF,0.0
2024-05-13 16:00:00,IB NPI,2.5
2024-05-13 16:00:00,IB OPF,69.5
2024-05-13 16:00:00,SM FT OPF,0.0
2024-05-13 16:00:00,SM GF,2.11
2024-05-13 16:00:00,SM KV OPF,0.0
2024-05-13 16:00:00,SM NPI,2.033724701
2024-05-13 16:00:00,SM TLO,3.1
2024-05-13 16:30:00,IB GF,0.0
2024-05-13 16:30:00,IB NPI,2.5
2024-05-13 16:30:00,IB OPF,69.5
2024-05-13 16:30:00,SM FT OPF,0.0
2024-05-13 16:30:00,SM GF,2.11
2024-05-13 16:30:00,SM KV OPF,0.0
2024-05-13 16:30:00,SM NPI,1.975208996
2024-05-13 16:30:00,SM TLO,3.1
2024-05-13 17:00:00,IB GF,0.0
2024-05-13 17:00:00,IB NPI,2.5
2024-05-13 17:00:00,IB OPF,69.5
2024-05-13 17:00:00,SM FT OPF,0.0
2024-05-13 17:00:00,SM GF,2.11
2024-05-13 17:00:00,SM KV OPF,0.0
2024-05-13 17:00:00,SM NPI,1.931035988
2024-05-13 17:00:00,SM TLO,3.1
2024-05-13 17:30:00,IB GF,0.0
2024-05-13 17:30:00,IB NPI,2.5
2024-05-13 17:30:00,IB OPF,69.5
2024-05-13 17:30:00,SM FT OPF,0.0
2024-05-13 17:30:00,SM GF,2.11
2024-05-13 17:30:00,SM KV OPF,0.0
2024-05-13 17:30:00,SM NPI,1.97322877
2024-05-13 17:30:00,SM TLO,3.1
2024-05-13 18:00:00,IB GF,0.0
2024-05-13 18:00:00,IB NPI,2.5
2024-05-13 18:00:00,IB OPF,69.5
2024-05-13 18:00:00,SM FT OPF,0.0
2024-05-13 18:00:00,SM GF,2.11
2024-05-13 18:00:00,SM KV OPF,0.0
2024-05-13 18:00:00,SM NPI,2.086446604
2024-05-13 18:00:00,SM TLO,3.1
2024-05-13 18:30:00,IB GF,0.0
2024-05-13 18:30:00,IB NPI,2.5
2024-05-13 18:30:00,IB OPF,69.5
2024-05-13 18:30:00,SM FT OPF,0.0
2024-05-13 18:30:00,SM GF,2.11
2024-05-13 18:30:00,SM KV OPF,0.0
2024-05-13 18:30:00,SM NPI,2.164745172
2024-05-13 18:30:00,SM TLO,3.1
2024-05-13 19:00:00,IB GF,0.0
2024-05-13 19:00:00,IB NPI,2.5
2024-05-13 19:00:00,IB OPF,69.5
2024-05-13 19:00:00,SM FT OPF,0.0
2024-05-13 19:00:00,SM GF,2.11
2024-05-13 19:00:00,SM KV OPF,0.0
2024-05-13 19:00:00,SM NPI,2.197166706
2024-05-13 19:00:00,SM TLO,3.1
2024-05-13 19:30:00,IB GF,0.0
2024-05-13 19:30:00,IB NPI,2.5
2024-05-13 19:30:00,IB OPF,69.5
2024-05-13 19:30:00,SM FT OPF,0.0
2024-05-13 19:30:00,SM GF,2.11
2024-05-13 19:30:00,SM KV OPF,0.0
2024-05-13 19:30:00,SM NPI,2.110727082
2024-05-13 19:30:00,SM TLO,3.1
2024-05-13 20:00:00,IB GF,0.0
2024-05-13 20:00:00,IB NPI,2.5
2024-05-13 20:00:00,IB OPF,69.5
2024-05-13 20:00:00,SM FT OPF,0.0
2024-05-13 20:00:00,SM GF,2.11
2024-05-13 20:00:00,SM KV OPF,0.0
2024-05-13 20:00:00,SM NPI,1.935917987
2024-05-13 20:00:00,SM TLO,3.1
2024-05-13 20:30:00,IB GF,0.0
2024-05-13 20:30:00,IB NPI,2.5
2024-05-13 20:30:00,IB OPF,69.5
2024-05-13 20:30:00,SM FT OPF,0.0
2024-05-13 20:30:00,SM GF,2.11
2024-05-13 20:30:00,SM KV OPF,0.0
2024-05-13 20:30:00,SM NPI,1.749616907
2024-05-13 20:30:00,SM TLO,3.1
2024-05-13 21:00:00,IB GF,0.0
2024-05-13 21:00:00,IB NPI,2.5
2024-05-13 21:00:00,IB OPF,69.5
2024-05-13 21:00:00,SM FT OPF,0.0
2024-05-13 21:00:00,SM GF,2.11
2024-05-13 21:00:00,SM KV OPF,0.0
2024-05-13 21:00:00,SM NPI,1.592626795
2024-05-13 21:00:00,SM TLO,3.1
2024-05-13 21:30:00,IB GF,0.0
2024-05-13 21:30:00,IB NPI,2.5
2024-05-13 21:30:00,IB OPF,69.5
2024-05-13 21:30:00,SM FT OPF,0.0
2024-05-13 21:30:00,SM GF,2.11
2024-05-13 21:30:00,SM KV OPF,0.0
2024-05-13 21:30:00,SM NPI,1.502082719
2024-05-13 21:30:00,SM TLO,3.1
2024-05-13 22:00:00,IB GF,0.0
2024-05-13 22:00:00,IB NPI,2.5
2024-05-13 22:00:00,IB OPF,69.5
2024-05-13 22:00:00,SM FT OPF,0.0
2024-05-13 22:00:00,SM GF,2.11
2024-05-13 22:00:00,SM KV OPF,0.0
2024-05-13 22:00:00,SM NPI,1.424263263
2024-05-13 22:00:00,SM TLO,3.1
2024-05-13 22:30:00,IB GF,0.0
2024-05-13 22:30:00,IB NPI,2.5
2024-05-13 22:30:00,IB OPF,69.5
2024-05-13 22:30:00,SM FT OPF,0.0
2024-05-13 22:30:00,SM GF,2.11
2024-05-13 22:30:00,SM KV OPF,0.0
2024-05-13 22:30:00,SM NPI,1.35465824
2024-05-13 22:30:00,SM TLO,3.1
2024-05-13 23:00:00,IB GF,0.0
2024-05-13 23:00:00,IB NPI,2.5
2024-05-13 23:00:00,IB OPF,69.5
2024-05-13 23:00:00,SM FT OPF,0.0
2024-05-13 23:00:00,SM GF,2.11
2024-05-13 23:00:00,SM KV OPF,0.0
2024-05-13 23:00:00,SM NPI,1.299593747
2024-05-13 23:00:00,SM TLO,3.1
2024-05-13 23:30:00,IB GF,0.0
2024-05-13 23:30:00,IB NPI,2.5
2024-05-13 23:30:00,IB OPF,69.5
2024-05-13 23:30:00,SM FT OPF,0.0
2024-05-13 23:30:00,SM GF,2.11
2024-05-13 23:30:00,SM KV OPF,0.0
2024-05-13 23:30:00,SM NPI,1.260435113
2024-05-13 23:30:00,SM TLO,3.1
2024-05-14 00:00:00,IB GF,0.0
2024-05-14 00:00:00,IB NPI,2.5
2024-05-14 00:00:00,IB OPF,69.5
2024-05-14 00:00:00,SM FT OPF,0.0
2024-05-14 00:00:00,SM GF,2.11
2024-05-14 00:00:00,SM KV OPF,0.0
2024-05-14 00:00:00,SM NPI,1.219221879
2024-05-14 00:00:00,SM TLO,3.1
2024-05-14 00:30:00,IB GF,0.0
2024-05-14 00:30:00,IB NPI,2.5
2024-05-14 00:30:00,IB OPF,69.5
2024-05-14 00:30:00,SM FT OPF,0.0
2024-05-14 00:30:00,SM GF,2.11
2024-05-14 00:30:00,SM KV OPF,0.0
2024-05-14 00:30:00,SM NPI,1.192137917
2024-05-14 00:30:00,SM TLO,3.1
2024-05-14 01:00:00,IB GF,0.0
2024-05-14 01:00:00,IB NPI,2.5
2024-05-14 01:00:00,IB OPF,69.5
2024-05-14 01:00:00,SM FT OPF,0.0
2024-05-14 01:00:00,SM GF,2.11
2024-05-14 01:00:00,SM KV OPF,0.0
2024-05-14 01:00:00,SM NPI,1.176578088
2024-05-14 01:00:00,SM TLO,3.1
2024-05-14 01:30:00,IB GF,0.0
2024-05-14 01:30:00,IB NPI,2.5
2024-05-14 01:30:00,IB OPF,69.5
2024-05-14 01:30:00,SM FT OPF,0.0
2024-05-14 01:30:00,SM GF,2.11
2024-05-14 01:30:00,SM KV OPF,0.0
2024-05-14 01:30:00,SM NPI,1.16140284
2024-05-14 01:30:00,SM TLO,3.1
2024-05-14 02:00:00,IB GF,0.0
2024-05-14 02:00:00,IB NPI,2.5
2024-05-14 02:00:00,IB OPF,69.5
2024-05-14 02:00:00,SM FT OPF,0.0
2024-05-14 02:00:00,SM GF,2.11
2024-05-14 02:00:00,SM KV OPF,0.0
2024-05-14 02:00:00,SM NPI,1.154952547
2024-05-14 02:00:00,SM TLO,3.1
2024-05-14 02:30:00,IB GF,0.0
2024-05-14 02:30:00,IB NPI,2.5
2024-05-14 02:30:00,IB OPF,69.5
2024-05-14 02:30:00,SM FT OPF,0.0
2024-05-14 02:30:00,SM GF,2.11
2024-05-14 02:30:00,SM KV OPF,0.0
2024-05-14 02:30:00,SM NPI,1.15685919
2024-05-14 02:30:00,SM TLO,3.1
2024-05-14 03:00:00,IB GF,0.0
2024-05-14 03:00:00,IB NPI,2.5
2024-05-14 03:00:00,IB OPF,69.5
2024-05-14 03:00:00,SM FT OPF,0.0
2024-05-14 03:00:00,SM GF,2.11
2024-05-14 03:00:00,SM KV OPF,0.0
2024-05-14 03:00:00,SM NPI,1.167521599
2024-05-14 03:00:00,SM TLO,3.1
2024-05-14 03:30:00,IB GF,0.0
2024-05-14 03:30:00,IB NPI,2.5
2024-05-14 03:30:00,IB OPF,69.5
2024-05-14 03:30:00,SM FT OPF,0.0
2024-05-14 03:30:00,SM GF,2.11
2024-05-14 03:30:00,SM KV OPF,0.0
2024-05-14 03:30:00,SM NPI,1.243041107
2024-05-14 03:30:00,SM TLO,3.1
2024-05-14 04:00:00,IB GF,0.0
2024-05-14 04:00:00,IB NPI,2.5
2024-05-14 04:00:00,IB OPF,69.5
2024-05-14 04:00:00,SM FT OPF,0.0
2024-05-14 04:00:00,SM GF,2.11
2024-05-14 04:00:00,SM KV OPF,0.0
2024-05-14 04:00:00,SM NPI,1.371002049
2024-05-14 04:00:00,SM TLO,3.1
2024-05-14 04:30:00,IB GF,0.0
2024-05-14 04:30:00,IB NPI,2.5
2024-05-14 04:30:00,IB OPF,69.5
2024-05-14 04:30:00,SM FT OPF,0.0
2024-05-14 04:30:00,SM GF,2.11
2024-05-14 04:30:00,SM KV OPF,0.0
2024-05-14 04:30:00,SM NPI,1.424380092
2024-05-14 04:30:00,SM TLO,3.1
2024-05-14 05:00:00,IB GF,0.0
2024-05-14 05:00:00,IB NPI,2.5
2024-05-14 05:00:00,IB OPF,69.5
2024-05-14 05:00:00,SM FT OPF,0.0
2024-05-14 05:00:00,SM GF,2.11
2024-05-14 05:00:00,SM KV OPF,0.0
2024-05-14 05:00:00,SM NPI,1.389217444
2024-05-14 05:00:00,SM TLO,3.1
2024-05-14 05:30:00,IB GF,0.0
2024-05-14 05:30:00,IB NPI,2.5
2024-05-14 05:30:00,IB OPF,69.5
2024-05-14 05:30:00,SM FT OPF,0.0
2024-05-14 05:30:00,SM GF,2.11
2024-05-14 05:30:00,SM KV OPF,0.0
2024-05-14 05:30:00,SM NPI,1.365834437
2024-05-14 05:30:00,SM TLO,3.1
2024-05-14 06:00:00,IB GF,0.0
2024-05-14 06:00:00,IB NPI,2.5
2024-05-14 06:00:00,IB OPF,69.5
2024-05-14 06:00:00,SM FT OPF,0.0
2024-05-14 06:00:00,SM GF,2.11
2024-05-14 06:00:00,SM KV OPF,0.0
2024-05-14 06:00:00,SM NPI,1.401617293
2024-05-14 06:00:00,SM TLO,3.1
2024-05-14 06:30:00,IB GF,0.0
2024-05-14 06:30:00,IB NPI,2.5
2024-05-14 06:30:00,IB OPF,69.5
2024-05-14 06:30:00,SM FT OPF,0.0
2024-05-14 06:30:00,SM GF,2.11
2024-05-14 06:30:00,SM KV OPF,0.0
2024-05-14 06:30:00,SM NPI,1.426572007
2024-05-14 06:30:00,SM TLO,3.1
2024-05-14 07:00:00,IB GF,0.0
2024-05-14 07:00:00,IB NPI,2.5
2024-05-14 07:00:00,IB OPF,69.5
2024-05-14 07:00:00,SM FT OPF,0.0
2024-05-14 07:00:00,SM GF,2.11
2024-05-14 07:00:00,SM KV OPF,0.0
2024-05-14 07:00:00,SM NPI,1.449090668
2024-05-14 07:00:00,SM TLO,3.1
2024-05-14 07:30:00,IB GF,0.0
2024-05-14 07:30:00,IB NPI,2.5
2024-05-14 07:30:00,IB OPF,69.5
2024-05-14 07:30:00,SM FT OPF,0.0
2024-05-14 07:30:00,SM GF,2.11
2024-05-14 07:30:00,SM KV OPF,0.0
2024-05-14 07:30:00,SM NPI,1.448711055
2024-05-14 07:30:00,SM TLO,3.1
2024-05-14 08:00:00,IB GF,0.0
2024-05-14 08:00:00,IB NPI,2.5
2024-05-14 08:00:00,IB OPF,69.5
2024-05-14 08:00:00,SM FT OPF,0.0
2024-05-14 08:00:00,SM GF,2.11
2024-05-14 08:00:00,SM KV OPF,0.0
2024-05-14 08:00:00,SM NPI,1.437207611
2024-05-14 08:00:00,SM TLO,3.1
2024-05-14 08:30:00,IB GF,0.0
2024-05-14 08:30:00,IB NPI,2.5
2024-05-14 08:30:00,IB OPF,69.5
2024-05-14 08:30:00,SM FT OPF,0.0
2024-05-14 08:30:00,SM GF,2.11
2024-05-14 08:30:00,SM KV OPF,0.0
2024-05-14 08:30:00,SM NPI,1.423006009
2024-05-14 08:30:00,SM TLO,3.1
2024-05-14 09:00:00,IB GF,0.0
2024-05-14 09:00:00,IB NPI,2.5
2024-05-14 09:00:00,IB OPF,69.5
2024-05-14 09:00:00,SM FT OPF,0.0
2024-05-14 09:00:00,SM GF,2.11
2024-05-14 09:00:00,SM KV OPF,0.0
2024-05-14 09:00:00,SM NPI,1.41749827
2024-05-14 09:00:00,SM TLO,3.1
2024-05-14 09:30:00,IB GF,0.0
2024-05-14 09:30:00,IB NPI,2.5
2024-05-14 09:30:00,IB OPF,69.5
2024-05-14 09:30:00,SM FT OPF,0.0
2024-05-14 09:30:00,SM GF,2.11
2024-05-14 09:30:00,SM KV OPF,0.0
2024-05-14 09:30:00,SM NPI,1.466228669
2024-05-14 09:30:00,SM TLO,3.1
2024-05-14 10:00:00,IB GF,0.0
2024-05-14 10:00:00,IB NPI,2.5
2024-05-14 10:00:00,IB OPF,69.5
2024-05-14 10:00:00,SM FT OPF,0.0
2024-05-14 10:00:00,SM GF,2.11
2024-05-14 10:00:00,SM KV OPF,0.0
2024-05-14 10:00:00,SM NPI,1.537194936
2024-05-14 10:00:00,SM TLO,3.1
2024-05-14 10:30:00,IB GF,0.0
2024-05-14 10:30:00,IB NPI,2.5
2024-05-14 10:30:00,IB OPF,69.5
2024-05-14 10:30:00,SM FT OPF,0.0
2024-05-14 10:30:00,SM GF,2.11
2024-05-14 10:30:00,SM KV OPF,0.0
2024-05-14 10:30:00,SM NPI,1.595076462
2024-05-14 10:30:00,SM TLO,3.1
2024-05-14 11:00:00,IB GF,0.0
2024-05-14 11:00:00,IB NPI,2.5
2024-05-14 11:00:00,IB OPF,69.5
2024-05-14 11:00:00,SM FT OPF,0.0
2024-05-14 11:00:00,SM GF,2.11
2024-05-14 11:00:00,SM KV OPF,0.0
2024-05-14 11:00:00,SM NPI,1.64511288
2024-05-14 11:00:00,SM TLO,3.1
2024-05-14 11:30:00,IB GF,0.0
2024-05-14 11:30:00,IB NPI,2.5
2024-05-14 11:30:00,IB OPF,69.5
2024-05-14 11:30:00,SM FT OPF,0.0
2024-05-14 11:30:00,SM GF,2.11
2024-05-14 11:30:00,SM KV OPF,0.0
2024-05-14 11:30:00,SM NPI,1.688185512
2024-05-14 11:30:00,SM TLO,3.1
2024-05-14 12:00:00,IB GF,0.0
2024-05-14 12:00:00,IB NPI,2.5
2024-05-14 12:00:00,IB OPF,69.5
2024-05-14 12:00:00,SM FT OPF,0.0
2024-05-14 12:00:00,SM GF,2.11
2024-05-14 12:00:00,SM KV OPF,0.0
2024-05-14 12:00:00,SM NPI,1.723099489
2024-05-14 12:00:00,SM TLO,3.1
2024-05-14 12:30:00,IB GF,0.0
2024-05-14 12:30:00,IB NPI,2.5
2024-05-14 12:30:00,IB OPF,69.5
2024-05-14 12:30:00,SM FT OPF,0.0
2024-05-14 12:30:00,SM GF,2.11
2024-05-14 12:30:00,SM KV OPF,0.0
2024-05-14 12:30:00,SM NPI,1.753218205
2024-05-14 12:30:00,SM TLO,3.1
2024-05-14 13:00:00,IB GF,0.0
2024-05-14 13:00:00,IB NPI,2.5
2024-05-14 13:00:00,IB OPF,69.5
2024-05-14 13:00:00,SM FT OPF,0.0
2024-05-14 13:00:00,SM GF,2.11
2024-05-14 13:00:00,SM KV OPF,0.0
2024-05-14 13:00:00,SM NPI,1.792670475
2024-05-14 13:00:00,SM TLO,3.1
2024-05-14 13:30:00,IB GF,0.0
2024-05-14 13:30:00,IB NPI,2.5
2024-05-14 13:30:00,IB OPF,69.5
2024-05-14 13:30:00,SM FT OPF,0.0
2024-05-14 13:30:00,SM GF,2.11
2024-05-14 13:30:00,SM KV OPF,0.0
2024-05-14 13:30:00,SM NPI,1.838793306
2024-05-14 13:30:00,SM TLO,3.1
2024-05-14 14:00:00,IB GF,0.0
2024-05-14 14:00:00,IB NPI,2.5
2024-05-14 14:00:00,IB OPF,69.5
2024-05-14 14:00:00,SM FT OPF,0.0
2024-05-14 14:00:00,SM GF,2.11
2024-05-14 14:00:00,SM KV OPF,0.0
2024-05-14 14:00:00,SM NPI,1.902926245
2024-05-14 14:00:00,SM TLO,3.1
2024-05-14 14:30:00,IB GF,0.0
2024-05-14 14:30:00,IB NPI,2.5
2024-05-14 14:30:00,IB OPF,69.5
2024-05-14 14:30:00,SM FT OPF,0.0
2024-05-14 14:30:00,SM GF,2.11
2024-05-14 14:30:00,SM KV OPF,0.0
2024-05-14 14:30:00,SM NPI,1.945435037
2024-05-14 14:30:00,SM TLO,3.1
2024-05-14 15:00:00,IB GF,0.0
2024-05-14 15:00:00,IB NPI,2.5
2024-05-14 15:00:00,IB OPF,69.5
2024-05-14 15:00:00,SM FT OPF,0.0
2024-05-14 15:00:00,SM GF,2.11
2024-05-14 15:00:00,SM KV OPF,0.0
2024-05-14 15:00:00,SM NPI,1.972758011
2024-05-14 15:00:00,SM TLO,3.1
2024-05-14 15:30:00,IB GF,0.0
2024-05-14 15:30:00,IB NPI,2.5
2024-05-14 15:30:00,IB OPF,69.5
2024-05-14 15:30:00,SM FT OPF,0.0
2024-05-14 15:30:00,SM GF,2.11
2024-05-14 15:30:00,SM KV OPF,0.0
2024-05-14 15:30:00,SM NPI,2.020666622
2024-05-14 15:30:00,SM TLO,3.1
2024-05-14 16:00:00,IB GF,0.0
2024-05-14 16:00:00,IB NPI,2.5
2024-05-14 16:00:00,IB OPF,69.5
2024-05-14 16:00:00,SM FT OPF,0.0
2024-05-14 16:00:00,SM GF,2.11
2024-05-14 16:00:00,SM KV OPF,0.0
2024-05-14 16:00:00,SM NPI,2.021013921
2024-05-14 16:00:00,SM TLO,3.1
2024-05-14 16:30:00,IB GF,0.0
2024-05-14 16:30:00,IB NPI,2.5
2024-05-14 16:30:00,IB OPF,69.5
2024-05-14 16:30:00,SM FT OPF,0.0
2024-05-14 16:30:00,SM GF,2.11
2024-05-14 16:30:00,SM KV OPF,0.0
2024-05-14 16:30:00,SM NPI,1.96286394
2024-05-14 16:30:00,SM TLO,3.1
2024-05-14 17:00:00,IB GF,0.0
2024-05-14 17:00:00,IB NPI,2.5
2024-05-14 17:00:00,IB OPF,69.5
2024-05-14 17:00:00,SM FT OPF,0.0
2024-05-14 17:00:00,SM GF,2.11
2024-05-14 17:00:00,SM KV OPF,0.0
2024-05-14 17:00:00,SM NPI,1.918967013
2024-05-14 17:00:00,SM TLO,3.1
2024-05-14 17:30:00,IB GF,0.0
2024-05-14 17:30:00,IB NPI,2.5
2024-05-14 17:30:00,IB OPF,69.5
2024-05-14 17:30:00,SM FT OPF,0.0
2024-05-14 17:30:00,SM GF,2.11
2024-05-14 17:30:00,SM KV OPF,0.0
2024-05-14 17:30:00,SM NPI,1.960896091
2024-05-14 17:30:00,SM TLO,3.1
2024-05-14 18:00:00,IB GF,0.0
2024-05-14 18:00:00,IB NPI,2.5
2024-05-14 18:00:00,IB OPF,69.5
2024-05-14 18:00:00,SM FT OPF,0.0
2024-05-14 18:00:00,SM GF,2.11
2024-05-14 18:00:00,SM KV OPF,0.0
2024-05-14 18:00:00,SM NPI,2.073406313
2024-05-14 18:00:00,SM TLO,3.1
2024-05-14 18:30:00,IB GF,0.0
2024-05-14 18:30:00,IB NPI,2.5
2024-05-14 18:30:00,IB OPF,69.5
2024-05-14 18:30:00,SM FT OPF,0.0
2024-05-14 18:30:00,SM GF,2.11
2024-05-14 18:30:00,SM KV OPF,0.0
2024-05-14 18:30:00,SM NPI,2.151215515
2024-05-14 18:30:00,SM TLO,3.1
2024-05-14 19:00:00,IB GF,0.0
2024-05-14 19:00:00,IB NPI,2.5
2024-05-14 19:00:00,IB OPF,69.5
2024-05-14 19:00:00,SM FT OPF,0.0
2024-05-14 19:00:00,SM GF,2.11
2024-05-14 19:00:00,SM KV OPF,0.0
2024-05-14 19:00:00,SM NPI,2.183434414
2024-05-14 19:00:00,SM TLO,3.1
2024-05-14 19:30:00,IB GF,0.0
2024-05-14 19:30:00,IB NPI,2.5
2024-05-14 19:30:00,IB OPF,69.5
2024-05-14 19:30:00,SM FT OPF,0.0
2024-05-14 19:30:00,SM GF,2.11
2024-05-14 19:30:00,SM KV OPF,0.0
2024-05-14 19:30:00,SM NPI,2.097535038
2024-05-14 19:30:00,SM TLO,3.1
2024-05-14 20:00:00,IB GF,0.0
2024-05-14 20:00:00,IB NPI,2.5
2024-05-14 20:00:00,IB OPF,69.5
2024-05-14 20:00:00,SM FT OPF,0.0
2024-05-14 20:00:00,SM GF,2.11
2024-05-14 20:00:00,SM KV OPF,0.0
2024-05-14 20:00:00,SM NPI,1.923818499
2024-05-14 20:00:00,SM TLO,3.1
2024-05-14 20:30:00,IB GF,0.0
2024-05-14 20:30:00,IB NPI,2.5
2024-05-14 20:30:00,IB OPF,69.5
2024-05-14 20:30:00,SM FT OPF,0.0
2024-05-14 20:30:00,SM GF,2.11
2024-05-14 20:30:00,SM KV OPF,0.0
2024-05-14 20:30:00,SM NPI,1.738681801
2024-05-14 20:30:00,SM TLO,3.1
2024-05-14 21:00:00,IB GF,0.0
2024-05-14 21:00:00,IB NPI,2.5
2024-05-14 21:00:00,IB OPF,69.5
2024-05-14 21:00:00,SM FT OPF,0.0
2024-05-14 21:00:00,SM GF,2.11
2024-05-14 21:00:00,SM KV OPF,0.0
2024-05-14 21:00:00,SM NPI,1.582672878
2024-05-14 21:00:00,SM TLO,3.1
2024-05-14 21:30:00,IB GF,0.0
2024-05-14 21:30:00,IB NPI,2.5
2024-05-14 21:30:00,IB OPF,69.5
2024-05-14 21:30:00,SM FT OPF,0.0
2024-05-14 21:30:00,SM GF,2.11
2024-05-14 21:30:00,SM KV OPF,0.0
2024-05-14 21:30:00,SM NPI,1.492694702
2024-05-14 21:30:00,SM TLO,3.1
2024-05-14 22:00:00,IB GF,0.0
2024-05-14 22:00:00,IB NPI,2.5
2024-05-14 22:00:00,IB OPF,69.5
2024-05-14 22:00:00,SM FT OPF,0.0
2024-05-14 22:00:00,SM GF,2.11
2024-05-14 22:00:00,SM KV OPF,0.0
2024-05-14 22:00:00,SM NPI,1.415361618
2024-05-14 22:00:00,SM TLO,3.1
2024-05-14 22:30:00,IB GF,0.0
2024-05-14 22:30:00,IB NPI,2.5
2024-05-14 22:30:00,IB OPF,69.5
2024-05-14 22:30:00,SM FT OPF,0.0
2024-05-14 22:30:00,SM GF,2.11
2024-05-14 22:30:00,SM KV OPF,0.0
2024-05-14 22:30:00,SM NPI,1.346191626
2024-05-14 22:30:00,SM TLO,3.1
2024-05-14 23:00:00,IB GF,0.0
2024-05-14 23:00:00,IB NPI,2.5
2024-05-14 23:00:00,IB OPF,69.5
2024-05-14 23:00:00,SM FT OPF,0.0
2024-05-14 23:00:00,SM GF,2.11
2024-05-14 23:00:00,SM KV OPF,0.0
2024-05-14 23:00:00,SM NPI,1.291471286
2024-05-14 23:00:00,SM TLO,3.1
2024-05-14 23:30:00,IB GF,0.0
2024-05-14 23:30:00,IB NPI,2.5
2024-05-14 23:30:00,IB OPF,69.5
2024-05-14 23:30:00,SM FT OPF,0.0
2024-05-14 23:30:00,SM GF,2.11
2024-05-14 23:30:00,SM KV OPF,0.0
2024-05-14 23:30:00,SM NPI,1.252557394
2024-05-14 23:30:00,SM TLO,3.1
2024-05-15 00:00:00,IB GF,0.0
2024-05-15 00:00:00,IB NPI,2.5
2024-05-15 00:00:00,IB OPF,69.5
2024-05-15 00:00:00,SM FT OPF,0.0
2024-05-15 00:00:00,SM GF,2.11
2024-05-15 00:00:00,SM KV OPF,0.0
2024-05-15 00:00:00,SM NPI,1.219221879
2024-05-15 00:00:00,SM TLO,3.1
2024-05-15 00:30:00,IB GF,0.0
2024-05-15 00:30:00,IB NPI,2.5
2024-05-15 00:30:00,IB OPF,69.5
2024-05-15 00:30:00,SM FT OPF,0.0
2024-05-15 00:30:00,SM GF,2.11
2024-05-15 00:30:00,SM KV OPF,0.0
2024-05-15 00:30:00,SM NPI,1.192137917
2024-05-15 00:30:00,SM TLO,3.1
2024-05-15 01:00:00,IB GF,0.0
2024-05-15 01:00:00,IB NPI,2.5
2024-05-15 01:00:00,IB OPF,69.5
2024-05-15 01:00:00,SM FT OPF,0.0
2024-05-15 01:00:00,SM GF,2.11
2024-05-15 01:00:00,SM KV OPF,0.0
2024-05-15 01:00:00,SM NPI,1.176578088
2024-05-15 01:00:00,SM TLO,3.1
2024-05-15 01:30:00,IB GF,0.0
2024-05-15 01:30:00,IB NPI,2.5
2024-05-15 01:30:00,IB OPF,69.5
2024-05-15 01:30:00,SM FT OPF,0.0
2024-05-15 01:30:00,SM GF,2.11
2024-05-15 01:30:00,SM KV OPF,0.0
2024-05-15 01:30:00,SM NPI,1.16140284
2024-05-15 01:30:00,SM TLO,3.1
2024-05-15 02:00:00,IB GF,0.0
2024-05-15 02:00:00,IB NPI,2.5
2024-05-15 02:00:00,IB OPF,69.5
2024-05-15 02:00:00,SM FT OPF,0.0
2024-05-15 02:00:00,SM GF,2.11
2024-05-15 02:00:00,SM KV OPF,0.0
2024-05-15 02:00:00,SM NPI,1.154952547
2024-05-15 02:00:00,SM TLO,3.1
2024-05-15 02:30:00,IB GF,0.0
2024-05-15 02:30:00,IB NPI,2.5
2024-05-15 02:30:00,IB OPF,69.5
2024-05-15 02:30:00,SM FT OPF,0.0
2024-05-15 02:30:00,SM GF,2.11
2024-05-15 02:30:00,SM KV OPF,0.0
2024-05-15 02:30:00,SM NPI,1.15685919
2024-05-15 02:30:00,SM TLO,3.1
2024-05-15 03:00:00,IB GF,0.0
2024-05-15 03:00:00,IB NPI,2.5
2024-05-15 03:00:00,IB OPF,69.5
2024-05-15 03:00:00,SM FT OPF,0.0
2024-05-15 03:00:00,SM GF,2.11
2024-05-15 03:00:00,SM KV OPF,0.0
2024-05-15 03:00:00,SM NPI,1.167521599
2024-05-15 03:00:00,SM TLO,3.1
2024-05-15 03:30:00,IB GF,0.0
2024-05-15 03:30:00,IB NPI,2.5
2024-05-15 03:30:00,IB OPF,69.5
2024-05-15 03:30:00,SM FT OPF,0.0
2024-05-15 03:30:00,SM GF,2.11
2024-05-15 03:30:00,SM KV OPF,0.0
2024-05-15 03:30:00,SM NPI,1.243041107
2024-05-15 03:30:00,SM TLO,3.1
2024-05-15 04:00:00,IB GF,0.0
2024-05-15 04:00:00,IB NPI,2.5
2024-05-15 04:00:00,IB OPF,69.5
2024-05-15 04:00:00,SM FT OPF,0.0
2024-05-15 04:00:00,SM GF,2.11
2024-05-15 04:00:00,SM KV OPF,0.0
2024-05-15 04:00:00,SM NPI,1.371002049
2024-05-15 04:00:00,SM TLO,3.1
2024-05-15 04:30:00,IB GF,0.0
2024-05-15 04:30:00,IB NPI,2.5
2024-05-15 04:30:00,IB OPF,69.5
2024-05-15 04:30:00,SM FT OPF,0.0
2024-05-15 04:30:00,SM GF,2.11
2024-05-15 04:30:00,SM KV OPF,0.0
2024-05-15 04:30:00,SM NPI,1.424380092
2024-05-15 04:30:00,SM TLO,3.1
2024-05-15 05:00:00,IB GF,0.0
2024-05-15 05:00:00,IB NPI,2.5
2024-05-15 05:00:00,IB OPF,69.5
2024-05-15 05:00:00,SM FT OPF,0.0
2024-05-15 05:00:00,SM GF,2.11
2024-05-15 05:00:00,SM KV OPF,0.0
2024-05-15 05:00:00,SM NPI,1.389217444
2024-05-15 05:00:00,SM TLO,3.1
2024-05-15 05:30:00,IB GF,0.0
2024-05-15 05:30:00,IB NPI,2.5
2024-05-15 05:30:00,IB OPF,69.5
2024-05-15 05:30:00,SM FT OPF,0.0
2024-05-15 05:30:00,SM GF,2.11
2024-05-15 05:30:00,SM KV OPF,0.0
2024-05-15 05:30:00,SM NPI,1.365834437
2024-05-15 05:30:00,SM TLO,3.1
2024-05-15 06:00:00,IB GF,0.0
2024-05-15 06:00:00,IB NPI,2.5
2024-05-15 06:00:00,IB OPF,69.5
2024-05-15 06:00:00,SM FT OPF,0.0
2024-05-15 06:00:00,SM GF,2.11
2024-05-15 06:00:00,SM KV OPF,0.0
2024-05-15 06:00:00,SM NPI,1.401617293
2024-05-15 06:00:00,SM TLO,3.67
2024-05-15 06:30:00,IB GF,0.0
2024-05-15 06:30:00,IB NPI,2.5
2024-05-15 06:30:00,IB OPF,69.5
2024-05-15 06:30:00,SM FT OPF,0.0
2024-05-15 06:30:00,SM GF,2.11
2024-05-15 06:30:00,SM KV OPF,0.0
2024-05-15 06:30:00,SM NPI,1.426572007
2024-05-15 06:30:00,SM TLO,3.67
2024-05-15 07:00:00,IB GF,0.0
2024-05-15 07:00:00,IB NPI,2.5
2024-05-15 07:00:00,IB OPF,69.5
2024-05-15 07:00:00,SM FT OPF,0.0
2024-05-15 07:00:00,SM GF,2.11
2024-05-15 07:00:00,SM KV OPF,0.0
2024-05-15 07:00:00,SM NPI,1.449090668
2024-05-15 07:00:00,SM TLO,3.67
2024-05-15 07:30:00,IB GF,0.0
2024-05-15 07:30:00,IB NPI,2.5
2024-05-15 07:30:00,IB OPF,69.5
2024-05-15 07:30:00,SM FT OPF,0.0
2024-05-15 07:30:00,SM GF,2.11
2024-05-15 07:30:00,SM KV OPF,0.0
2024-05-15 07:30:00,SM NPI,1.448711055
2024-05-15 07:30:00,SM TLO,3.67
2024-05-15 08:00:00,IB GF,0.0
2024-05-15 08:00:00,IB NPI,2.5
2024-05-15 08:00:00,IB OPF,69.5
2024-05-15 08:00:00,SM FT OPF,0.0
2024-05-15 08:00:00,SM GF,2.11
2024-05-15 08:00:00,SM KV OPF,0.0
2024-05-15 08:00:00,SM NPI,1.437207611
2024-05-15 08:00:00,SM TLO,3.67
2024-05-15 08:30:00,IB GF,0.0
2024-05-15 08:30:00,IB NPI,2.5
2024-05-15 08:30:00,IB OPF,69.5
2024-05-15 08:30:00,SM FT OPF,0.0
2024-05-15 08:30:00,SM GF,2.11
2024-05-15 08:30:00,SM KV OPF,0.0
2024-05-15 08:30:00,SM NPI,1.423006009
2024-05-15 08:30:00,SM TLO,3.67
2024-05-15 09:00:00,IB GF,0.0
2024-05-15 09:00:00,IB NPI,2.5
2024-05-15 09:00:00,IB OPF,69.5
2024-05-15 09:00:00,SM FT OPF,0.0
2024-05-15 09:00:00,SM GF,2.11
2024-05-15 09:00:00,SM KV OPF,0.0
2024-05-15 09:00:00,SM NPI,1.41749827
2024-05-15 09:00:00,SM TLO,3.67
2024-05-15 09:30:00,IB GF,0.0
2024-05-15 09:30:00,IB NPI,2.5
2024-05-15 09:30:00,IB OPF,69.5
2024-05-15 09:30:00,SM FT OPF,0.0
2024-05-15 09:30:00,SM GF,2.11
2024-05-15 09:30:00,SM KV OPF,0.0
2024-05-15 09:30:00,SM NPI,1.466228669
2024-05-15 09:30:00,SM TLO,3.67
2024-05-15 10:00:00,IB GF,0.0
2024-05-15 10:00:00,IB NPI,2.5
2024-05-15 10:00:00,IB OPF,69.5
2024-05-15 10:00:00,SM FT OPF,0.0
2024-05-15 10:00:00,SM GF,2.11
2024-05-15 10:00:00,SM KV OPF,0.0
2024-05-15 10:00:00,SM NPI,1.537194936
2024-05-15 10:00:00,SM TLO,3.67
2024-05-15 10:30:00,IB GF,0.0
2024-05-15 10:30:00,IB NPI,2.5
2024-05-15 10:30:00,IB OPF,69.5
2024-05-15 10:30:00,SM FT OPF,0.0
2024-05-15 10:30:00,SM GF,2.11
2024-05-15 10:30:00,SM KV OPF,0.0
2024-05-15 10:30:00,SM NPI,1.595076462
2024-05-15 10:30:00,SM TLO,3.67
2024-05-15 11:00:00,IB GF,0.0
2024-05-15 11:00:00,IB NPI,2.5
2024-05-15 11:00:00,IB OPF,69.5
2024-05-15 11:00:00,SM FT OPF,0.0
2024-05-15 11:00:00,SM GF,2.11
2024-05-15 11:00:00,SM KV OPF,0.0
2024-05-15 11:00:00,SM NPI,1.64511288
2024-05-15 11:00:00,SM TLO,3.67
2024-05-15 11:30:00,IB GF,0.0
2024-05-15 11:30:00,IB NPI,2.5
2024-05-15 11:30:00,IB OPF,69.5
2024-05-15 11:30:00,SM FT OPF,0.0
2024-05-15 11:30:00,SM GF,2.11
2024-05-15 11:30:00,SM KV OPF,0.0
2024-05-15 11:30:00,SM NPI,1.688185512
2024-05-15 11:30:00,SM TLO,3.67
2024-05-15 12:00:00,IB GF,0.0
2024-05-15 12:00:00,IB NPI,2.5
2024-05-15 12:00:00,IB OPF,69.5
2024-05-15 12:00:00,SM FT OPF,0.0
2024-05-15 12:00:00,SM GF,2.11
2024-05-15 12:00:00,SM KV OPF,0.0
2024-05-15 12:00:00,SM NPI,1.723099489
2024-05-15 12:00:00,SM TLO,3.67
2024-05-15 12:30:00,IB GF,0.0
2024-05-15 12:30:00,IB NPI,2.5
2024-05-15 12:30:00,IB OPF,69.5
2024-05-15 12:30:00,SM FT OPF,0.0
2024-05-15 12:30:00,SM GF,2.11
2024-05-15 12:30:00,SM KV OPF,0.0
2024-05-15 12:30:00,SM NPI,1.753218205
2024-05-15 12:30:00,SM TLO,3.67
2024-05-15 13:00:00,IB GF,0.0
2024-05-15 13:00:00,IB NPI,2.5
2024-05-15 13:00:00,IB OPF,69.5
2024-05-15 13:00:00,SM FT OPF,0.0
2024-05-15 13:00:00,SM GF,2.11
2024-05-15 13:00:00,SM KV OPF,0.0
2024-05-15 13:00:00,SM NPI,1.792670475
2024-05-15 13:00:00,SM TLO,3.67
2024-05-15 13:30:00,IB GF,0.0
2024-05-15 13:30:00,IB NPI,2.5
2024-05-15 13:30:00,IB OPF,69.5
2024-05-15 13:30:00,SM FT OPF,0.0
2024-05-15 13:30:00,SM GF,2.11
2024-05-15 13:30:00,SM KV OPF,0.0
2024-05-15 13:30:00,SM NPI,1.838793306
2024-05-15 13:30:00,SM TLO,3.67
2024-05-15 14:00:00,IB GF,0.0
2024-05-15 14:00:00,IB NPI,2.5
2024-05-15 14:00:00,IB OPF,69.5
2024-05-15 14:00:00,SM FT OPF,0.0
2024-05-15 14:00:00,SM GF,2.11
2024-05-15 14:00:00,SM KV OPF,0.0
2024-05-15 14:00:00,SM NPI,1.902926245
2024-05-15 14:00:00,SM TLO,3.67
2024-05-15 14:30:00,IB GF,0.0
2024-05-15 14:30:00,IB NPI,2.5
2024-05-15 14:30:00,IB OPF,69.5
2024-05-15 14:30:00,SM FT OPF,0.0
2024-05-15 14:30:00,SM GF,2.11
2024-05-15 14:30:00,SM KV OPF,0.0
2024-05-15 14:30:00,SM NPI,1.945435037
2024-05-15 14:30:00,SM TLO,3.67
2024-05-15 15:00:00,IB GF,0.0
2024-05-15 15:00:00,IB NPI,2.5
2024-05-15 15:00:00,IB OPF,69.5
2024-05-15 15:00:00,SM FT OPF,0.0
2024-05-15 15:00:00,SM GF,2.11
2024-05-15 15:00:00,SM KV OPF,0.0
2024-05-15 15:00:00,SM NPI,1.972758011
2024-05-15 15:00:00,SM TLO,3.67
2024-05-15 15:30:00,IB GF,0.0
2024-05-15 15:30:00,IB NPI,2.5
2024-05-15 15:30:00,IB OPF,69.5
2024-05-15 15:30:00,SM FT OPF,0.0
2024-05-15 15:30:00,SM GF,2.11
2024-05-15 15:30:00,SM KV OPF,0.0
2024-05-15 15:30:00,SM NPI,2.020666622
2024-05-15 15:30:00,SM TLO,3.67
2024-05-15 16:00:00,IB GF,0.0
2024-05-15 16:00:00,IB NPI,2.5
2024-05-15 16:00:00,IB OPF,69.5
2024-05-15 16:00:00,SM FT OPF,0.0
2024-05-15 16:00:00,SM GF,2.11
2024-05-15 16:00:00,SM KV OPF,0.0
2024-05-15 16:00:00,SM NPI,2.021013921
2024-05-15 16:00:00,SM TLO,3.67
2024-05-15 16:30:00,IB GF,0.0
2024-05-15 16:30:00,IB NPI,2.5
2024-05-15 16:30:00,IB OPF,69.5
2024-05-15 16:30:00,SM FT OPF,0.0
2024-05-15 16:30:00,SM GF,2.11
2024-05-15 16:30:00,SM KV OPF,0.0
2024-05-15 16:30:00,SM NPI,1.96286394
2024-05-15 16:30:00,SM TLO,3.67
2024-05-15 17:00:00,IB GF,0.0
2024-05-15 17:00:00,IB NPI,2.5
2024-05-15 17:00:00,IB OPF,69.5
2024-05-15 17:00:00,SM FT OPF,0.0
2024-05-15 17:00:00,SM GF,2.11
2024-05-15 17:00:00,SM KV OPF,0.0
2024-05-15 17:00:00,SM NPI,1.918967013
2024-05-15 17:00:00,SM TLO,3.67
2024-05-15 17:30:00,IB GF,0.0
2024-05-15 17:30:00,IB NPI,2.5
2024-05-15 17:30:00,IB OPF,69.5
2024-05-15 17:30:00,SM FT OPF,0.0
2024-05-15 17:30:00,SM GF,2.11
2024-05-15 17:30:00,SM KV OPF,0.0
2024-05-15 17:30:00,SM NPI,1.960896091
2024-05-15 17:30:00,SM TLO,3.67
2024-05-15 18:00:00,IB GF,0.0
2024-05-15 18:00:00,IB NPI,2.5
2024-05-15 18:00:00,IB OPF,69.5
2024-05-15 18:00:00,SM FT OPF,0.0
2024-05-15 18:00:00,SM GF,2.11
2024-05-15 18:00:00,SM KV OPF,0.0
2024-05-15 18:00:00,SM NPI,2.073406313
2024-05-15 18:00:00,SM TLO,3.67
2024-05-15 18:30:00,IB GF,0.0
2024-05-15 18:30:00,IB NPI,2.5
2024-05-15 18:30:00,IB OPF,69.5
2024-05-15 18:30:00,SM FT OPF,0.0
2024-05-15 18:30:00,SM GF,2.11
2024-05-15 18:30:00,SM KV OPF,0.0
2024-05-15 18:30:00,SM NPI,2.151215515
2024-05-15 18:30:00,SM TLO,3.67
2024-05-15 19:00:00,IB GF,0.0
2024-05-15 19:00:00,IB NPI,2.5
2024-05-15 19:00:00,IB OPF,69.5
2024-05-15 19:00:00,SM FT OPF,0.0
2024-05-15 19:00:00,SM GF,2.11
2024-05-15 19:00:00,SM KV OPF,0.0
2024-05-15 19:00:00,SM NPI,2.183434414
2024-05-15 19:00:00,SM TLO,3.67
2024-05-15 19:30:00,IB GF,0.0
2024-05-15 19:30:00,IB NPI,2.5
2024-05-15 19:30:00,IB OPF,69.5
2024-05-15 19:30:00,SM FT OPF,0.0
2024-05-15 19:30:00,SM GF,2.11
2024-05-15 19:30:00,SM KV OPF,0.0
2024-05-15 19:30:00,SM NPI,2.097535038
2024-05-15 19:30:00,SM TLO,3.67
2024-05-15 20:00:00,IB GF,0.0
2024-05-15 20:00:00,IB NPI,2.5
2024-05-15 20:00:00,IB OPF,69.5
2024-05-15 20:00:00,SM FT OPF,0.0
2024-05-15 20:00:00,SM GF,2.11
2024-05-15 20:00:00,SM KV OPF,0.0
2024-05-15 20:00:00,SM NPI,1.923818499
2024-05-15 20:00:00,SM TLO,3.67
2024-05-15 20:30:00,IB GF,0.0
2024-05-15 20:30:00,IB NPI,2.5
2024-05-15 20:30:00,IB OPF,69.5
2024-05-15 20:30:00,SM FT OPF,0.0
2024-05-15 20:30:00,SM GF,2.11
2024-05-15 20:30:00,SM KV OPF,0.0
2024-05-15 20:30:00,SM NPI,1.738681801
2024-05-15 20:30:00,SM TLO,3.67
2024-05-15 21:00:00,IB GF,0.0
2024-05-15 21:00:00,IB NPI,2.5
2024-05-15 21:00:00,IB OPF,69.5
2024-05-15 21:00:00,SM FT OPF,0.0
2024-05-15 21:00:00,SM GF,2.11
2024-05-15 21:00:00,SM KV OPF,0.0
2024-05-15 21:00:00,SM NPI,1.582672878
2024-05-15 21:00:00,SM TLO,3.67
2024-05-15 21:30:00,IB GF,0.0
2024-05-15 21:30:00,IB NPI,2.5
2024-05-15 21:30:00,IB OPF,69.5
2024-05-15 21:30:00,SM FT OPF,0.0
2024-05-15 21:30:00,SM GF,2.11
2024-05-15 21:30:00,SM KV OPF,0.0
2024-05-15 21:30:00,SM NPI,1.492694702
2024-05-15 21:30:00,SM TLO,3.67
2024-05-15 22:00:00,IB GF,0.0
2024-05-15 22:00:00,IB NPI,2.5
2024-05-15 22:00:00,IB OPF,69.5
2024-05-15 22:00:00,SM FT OPF,0.0
2024-05-15 22:00:00,SM GF,2.11
2024-05-15 22:00:00,SM KV OPF,0.0
2024-05-15 22:00:00,SM NPI,1.415361618
2024-05-15 22:00:00,SM TLO,3.67
2024-05-15 22:30:00,IB GF,0.0
2024-05-15 22:30:00,IB NPI,2.5
2024-05-15 22:30:00,IB OPF,69.5
2024-05-15 22:30:00,SM FT OPF,0.0
2024-05-15 22:30:00,SM GF,2.11
2024-05-15 22:30:00,SM KV OPF,0.0
2024-05-15 22:30:00,SM NPI,1.346191626
2024-05-15 22:30:00,SM TLO,3.67
2024-05-15 23:00:00,IB GF,0.0
2024-05-15 23:00:00,IB NPI,2.5
2024-05-15 23:00:00,IB OPF,69.5
2024-05-15 23:00:00,SM FT OPF,0.0
2024-05-15 23:00:00,SM GF,2.11
2024-05-15 23:00:00,SM KV OPF,0.0
2024-05-15 23:00:00,SM NPI,1.291471286
2024-05-15 23:00:00,SM TLO,3.67
2024-05-15 23:30:00,IB GF,0.0
2024-05-15 23:30:00,IB NPI,2.5
2024-05-15 23:30:00,IB OPF,69.5
2024-05-15 23:30:00,SM FT OPF,0.0
2024-05-15 23:30:00,SM GF,2.11
2024-05-15 23:30:00,SM KV OPF,0.0
2024-05-15 23:30:00,SM NPI,1.252557394
2024-05-15 23:30:00,SM TLO,3.67
2024-05-16 00:00:00,IB GF,0.0
2024-05-16 00:00:00,IB NPI,2.5
2024-05-16 00:00:00,IB OPF,69.5
2024-05-16 00:00:00,SM FT OPF,0.0
2024-05-16 00:00:00,SM GF,2.11
2024-05-16 00:00:00,SM KV OPF,0.0
2024-05-16 00:00:00,SM NPI,1.211553817
2024-05-16 00:00:00,SM TLO,3.67
2024-05-16 00:30:00,IB GF,0.0
2024-05-16 00:30:00,IB NPI,2.5
2024-05-16 00:30:00,IB OPF,69.5
2024-05-16 00:30:00,SM FT OPF,0.0
2024-05-16 00:30:00,SM GF,2.11
2024-05-16 00:30:00,SM KV OPF,0.0
2024-05-16 00:30:00,SM NPI,1.184640194
2024-05-16 00:30:00,SM TLO,3.67
2024-05-16 01:00:00,IB GF,0.0
2024-05-16 01:00:00,IB NPI,2.5
2024-05-16 01:00:00,IB OPF,69.5
2024-05-16 01:00:00,SM FT OPF,0.0
2024-05-16 01:00:00,SM GF,2.11
2024-05-16 01:00:00,SM KV OPF,0.0
2024-05-16 01:00:00,SM NPI,1.169178226
2024-05-16 01:00:00,SM TLO,3.67
2024-05-16 01:30:00,IB GF,0.0
2024-05-16 01:30:00,IB NPI,2.5
2024-05-16 01:30:00,IB OPF,69.5
2024-05-16 01:30:00,SM FT OPF,0.0
2024-05-16 01:30:00,SM GF,2.11
2024-05-16 01:30:00,SM KV OPF,0.0
2024-05-16 01:30:00,SM NPI,1.154098419
2024-05-16 01:30:00,SM TLO,3.67
2024-05-16 02:00:00,IB GF,0.0
2024-05-16 02:00:00,IB NPI,2.5
2024-05-16 02:00:00,IB OPF,69.5
2024-05-16 02:00:00,SM FT OPF,0.0
2024-05-16 02:00:00,SM GF,2.11
2024-05-16 02:00:00,SM KV OPF,0.0
2024-05-16 02:00:00,SM NPI,1.147688694
2024-05-16 02:00:00,SM TLO,3.67
2024-05-16 02:30:00,IB GF,0.0
2024-05-16 02:30:00,IB NPI,2.5
2024-05-16 02:30:00,IB OPF,69.5
2024-05-16 02:30:00,SM FT OPF,0.0
2024-05-16 02:30:00,SM GF,2.11
2024-05-16 02:30:00,SM KV OPF,0.0
2024-05-16 02:30:00,SM NPI,1.149583346
2024-05-16 02:30:00,SM TLO,3.67
2024-05-16 03:00:00,IB GF,0.0
2024-05-16 03:00:00,IB NPI,2.5
2024-05-16 03:00:00,IB OPF,69.5
2024-05-16 03:00:00,SM FT OPF,0.0
2024-05-16 03:00:00,SM GF,2.11
2024-05-16 03:00:00,SM KV OPF,0.0
2024-05-16 03:00:00,SM NPI,1.160178695
2024-05-16 03:00:00,SM TLO,3.67
2024-05-16 03:30:00,IB GF,0.0
2024-05-16 03:30:00,IB NPI,2.5
2024-05-16 03:30:00,IB OPF,69.5
2024-05-16 03:30:00,SM FT OPF,0.0
2024-05-16 03:30:00,SM GF,2.11
2024-05-16 03:30:00,SM KV OPF,0.0
2024-05-16 03:30:00,SM NPI,1.235223239
2024-05-16 03:30:00,SM TLO,3.67
2024-05-16 04:00:00,IB GF,0.0
2024-05-16 04:00:00,IB NPI,2.5
2024-05-16 04:00:00,IB OPF,69.5
2024-05-16 04:00:00,SM FT OPF,0.0
2024-05-16 04:00:00,SM GF,2.11
2024-05-16 04:00:00,SM KV OPF,0.0
2024-05-16 04:00:00,SM NPI,1.362379394
2024-05-16 04:00:00,SM TLO,3.67
2024-05-16 04:30:00,IB GF,0.0
2024-05-16 04:30:00,IB NPI,2.5
2024-05-16 04:30:00,IB OPF,69.5
2024-05-16 04:30:00,SM FT OPF,0.0
2024-05-16 04:30:00,SM GF,2.11
2024-05-16 04:30:00,SM KV OPF,0.0
2024-05-16 04:30:00,SM NPI,1.415421727
2024-05-16 04:30:00,SM TLO,3.67
2024-05-16 05:00:00,IB GF,0.0
2024-05-16 05:00:00,IB NPI,2.5
2024-05-16 05:00:00,IB OPF,69.5
2024-05-16 05:00:00,SM FT OPF,0.0
2024-05-16 05:00:00,SM GF,2.11
2024-05-16 05:00:00,SM KV OPF,0.0
2024-05-16 05:00:00,SM NPI,1.380480227
2024-05-16 05:00:00,SM TLO,3.67
2024-05-16 05:30:00,IB GF,0.0
2024-05-16 05:30:00,IB NPI,2.5
2024-05-16 05:30:00,IB OPF,69.5
2024-05-16 05:30:00,SM FT OPF,0.0
2024-05-16 05:30:00,SM GF,2.11
2024-05-16 05:30:00,SM KV OPF,0.0
2024-05-16 05:30:00,SM NPI,1.357244283
2024-05-16 05:30:00,SM TLO,3.67
2024-05-16 06:00:00,IB GF,0.0
2024-05-16 06:00:00,IB NPI,2.5
2024-05-16 06:00:00,IB OPF,69.5
2024-05-16 06:00:00,SM FT OPF,0.0
2024-05-16 06:00:00,SM GF,2.11
2024-05-16 06:00:00,SM KV OPF,0.0
2024-05-16 06:00:00,SM NPI,1.39280209
2024-05-16 06:00:00,SM TLO,3.67
2024-05-16 06:30:00,IB GF,0.0
2024-05-16 06:30:00,IB NPI,2.5
2024-05-16 06:30:00,IB OPF,69.5
2024-05-16 06:30:00,SM FT OPF,0.0
2024-05-16 06:30:00,SM GF,2.11
2024-05-16 06:30:00,SM KV OPF,0.0
2024-05-16 06:30:00,SM NPI,1.417599856
2024-05-16 06:30:00,SM TLO,3.67
2024-05-16 07:00:00,IB GF,0.0
2024-05-16 07:00:00,IB NPI,2.5
2024-05-16 07:00:00,IB OPF,69.5
2024-05-16 07:00:00,SM FT OPF,0.0
2024-05-16 07:00:00,SM GF,2.11
2024-05-16 07:00:00,SM KV OPF,0.0
2024-05-16 07:00:00,SM NPI,1.43997689
2024-05-16 07:00:00,SM TLO,3.67
2024-05-16 07:30:00,IB GF,0.0
2024-05-16 07:30:00,IB NPI,2.5
2024-05-16 07:30:00,IB OPF,69.5
2024-05-16 07:30:00,SM FT OPF,0.0
2024-05-16 07:30:00,SM GF,2.11
2024-05-16 07:30:00,SM KV OPF,0.0
2024-05-16 07:30:00,SM NPI,1.439599665
2024-05-16 07:30:00,SM TLO,3.67
2024-05-16 08:00:00,IB GF,0.0
2024-05-16 08:00:00,IB NPI,2.5
2024-05-16 08:00:00,IB OPF,69.5
2024-05-16 08:00:00,SM FT OPF,0.0
2024-05-16 08:00:00,SM GF,2.11
2024-05-16 08:00:00,SM KV OPF,0.0
2024-05-16 08:00:00,SM NPI,1.42816857
2024-05-16 08:00:00,SM TLO,3.67
2024-05-16 08:30:00,IB GF,0.0
2024-05-16 08:30:00,IB NPI,2.5
2024-05-16 08:30:00,IB OPF,69.5
2024-05-16 08:30:00,SM FT OPF,0.0
2024-05-16 08:30:00,SM GF,2.11
2024-05-16 08:30:00,SM KV OPF,0.0
2024-05-16 08:30:00,SM NPI,1.414056286
2024-05-16 08:30:00,SM TLO,3.67
2024-05-16 09:00:00,IB GF,0.0
2024-05-16 09:00:00,IB NPI,2.5
2024-05-16 09:00:00,IB OPF,69.5
2024-05-16 09:00:00,SM FT OPF,0.0
2024-05-16 09:00:00,SM GF,2.11
2024-05-16 09:00:00,SM KV OPF,0.0
2024-05-16 09:00:00,SM NPI,1.408583187
2024-05-16 09:00:00,SM TLO,3.67
2024-05-16 09:30:00,IB GF,0.0
2024-05-16 09:30:00,IB NPI,2.5
2024-05-16 09:30:00,IB OPF,69.5
2024-05-16 09:30:00,SM FT OPF,0.0
2024-05-16 09:30:00,SM GF,2.11
2024-05-16 09:30:00,SM KV OPF,0.0
2024-05-16 09:30:00,SM NPI,1.457007105
2024-05-16 09:30:00,SM TLO,3.67
2024-05-16 10:00:00,IB GF,0.0
2024-05-16 10:00:00,IB NPI,2.5
2024-05-16 10:00:00,IB OPF,69.5
2024-05-16 10:00:00,SM FT OPF,0.0
2024-05-16 10:00:00,SM GF,2.11
2024-05-16 10:00:00,SM KV OPF,0.0
2024-05-16 10:00:00,SM NPI,1.527527043
2024-05-16 10:00:00,SM TLO,3.67
2024-05-16 10:30:00,IB GF,0.0
2024-05-16 10:30:00,IB NPI,2.5
2024-05-16 10:30:00,IB OPF,69.5
2024-05-16 10:30:00,SM FT OPF,0.0
2024-05-16 10:30:00,SM GF,2.11
2024-05-16 10:30:00,SM KV OPF,0.0
2024-05-16 10:30:00,SM NPI,1.585044534
2024-05-16 10:30:00,SM TLO,3.67
2024-05-16 11:00:00,IB GF,0.0
2024-05-16 11:00:00,IB NPI,2.5
2024-05-16 11:00:00,IB OPF,69.5
2024-05-16 11:00:00,SM FT OPF,0.0
2024-05-16 11:00:00,SM GF,2.11
2024-05-16 11:00:00,SM KV OPF,0.0
2024-05-16 11:00:00,SM NPI,1.634766258
2024-05-16 11:00:00,SM TLO,3.67
2024-05-16 11:30:00,IB GF,0.0
2024-05-16 11:30:00,IB NPI,2.5
2024-05-16 11:30:00,IB OPF,69.5
2024-05-16 11:30:00,SM FT OPF,0.0
2024-05-16 11:30:00,SM GF,2.11
2024-05-16 11:30:00,SM KV OPF,0.0
2024-05-16 11:30:00,SM NPI,1.677567993
2024-05-16 11:30:00,SM TLO,3.67
2024-05-16 12:00:00,IB GF,0.0
2024-05-16 12:00:00,IB NPI,2.5
2024-05-16 12:00:00,IB OPF,69.5
2024-05-16 12:00:00,SM FT OPF,0.0
2024-05-16 12:00:00,SM GF,2.11
2024-05-16 12:00:00,SM KV OPF,0.0
2024-05-16 12:00:00,SM NPI,1.712262386
2024-05-16 12:00:00,SM TLO,3.67
2024-05-16 12:30:00,IB GF,0.0
2024-05-16 12:30:00,IB NPI,2.5
2024-05-16 12:30:00,IB OPF,69.5
2024-05-16 12:30:00,SM FT OPF,0.0
2024-05-16 12:30:00,SM GF,2.11
2024-05-16 12:30:00,SM KV OPF,0.0
2024-05-16 12:30:00,SM NPI,1.742191675
2024-05-16 12:30:00,SM TLO,3.67
2024-05-16 13:00:00,IB GF,0.0
2024-05-16 13:00:00,IB NPI,2.5
2024-05-16 13:00:00,IB OPF,69.5
2024-05-16 13:00:00,SM FT OPF,0.0
2024-05-16 13:00:00,SM GF,2.11
2024-05-16 13:00:00,SM KV OPF,0.0
2024-05-16 13:00:00,SM NPI,1.781395817
2024-05-16 13:00:00,SM TLO,3.67
2024-05-16 13:30:00,IB GF,0.0
2024-05-16 13:30:00,IB NPI,2.5
2024-05-16 13:30:00,IB OPF,69.5
2024-05-16 13:30:00,SM FT OPF,0.0
2024-05-16 13:30:00,SM GF,2.11
2024-05-16 13:30:00,SM KV OPF,0.0
2024-05-16 13:30:00,SM NPI,1.827228569
2024-05-16 13:30:00,SM TLO,3.67
2024-05-16 14:00:00,IB GF,0.0
2024-05-16 14:00:00,IB NPI,2.5
2024-05-16 14:00:00,IB OPF,69.5
2024-05-16 14:00:00,SM FT OPF,0.0
2024-05-16 14:00:00,SM GF,2.11
2024-05-16 14:00:00,SM KV OPF,0.0
2024-05-16 14:00:00,SM NPI,1.890958155
2024-05-16 14:00:00,SM TLO,3.67
2024-05-16 14:30:00,IB GF,0.0
2024-05-16 14:30:00,IB NPI,2.5
2024-05-16 14:30:00,IB OPF,69.5
2024-05-16 14:30:00,SM FT OPF,0.0
2024-05-16 14:30:00,SM GF,2.11
2024-05-16 14:30:00,SM KV OPF,0.0
2024-05-16 14:30:00,SM NPI,1.933199597
2024-05-16 14:30:00,SM TLO,3.67
2024-05-16 15:00:00,IB GF,0.0
2024-05-16 15:00:00,IB NPI,2.5
2024-05-16 15:00:00,IB OPF,69.5
2024-05-16 15:00:00,SM FT OPF,0.0
2024-05-16 15:00:00,SM GF,2.11
2024-05-16 15:00:00,SM KV OPF,0.0
2024-05-16 15:00:00,SM NPI,1.960350728
2024-05-16 15:00:00,SM TLO,3.67
2024-05-16 15:30:00,IB GF,0.0
2024-05-16 15:30:00,IB NPI,2.5
2024-05-16 15:30:00,IB OPF,69.5
2024-05-16 15:30:00,SM FT OPF,0.0
2024-05-16 15:30:00,SM GF,2.11
2024-05-16 15:30:00,SM KV OPF,0.0
2024-05-16 15:30:00,SM NPI,2.007958027
2024-05-16 15:30:00,SM TLO,3.67
2024-05-16 16:00:00,IB GF,0.0
2024-05-16 16:00:00,IB NPI,2.5
2024-05-16 16:00:00,IB OPF,69.5
2024-05-16 16:00:00,SM FT OPF,0.0
2024-05-16 16:00:00,SM GF,2.11
2024-05-16 16:00:00,SM KV OPF,0.0
2024-05-16 16:00:00,SM NPI,2.008303142
2024-05-16 16:00:00,SM TLO,3.67
2024-05-16 16:30:00,IB GF,0.0
2024-05-16 16:30:00,IB NPI,2.5
2024-05-16 16:30:00,IB OPF,69.5
2024-05-16 16:30:00,SM FT OPF,0.0
2024-05-16 16:30:00,SM GF,2.11
2024-05-16 16:30:00,SM KV OPF,0.0
2024-05-16 16:30:00,SM NPI,1.950518884
2024-05-16 16:30:00,SM TLO,3.67
2024-05-16 17:00:00,IB GF,0.0
2024-05-16 17:00:00,IB NPI,2.5
2024-05-16 17:00:00,IB OPF,69.5
2024-05-16 17:00:00,SM FT OPF,0.0
2024-05-16 17:00:00,SM GF,2.11
2024-05-16 17:00:00,SM KV OPF,0.0
2024-05-16 17:00:00,SM NPI,1.906898038
2024-05-16 17:00:00,SM TLO,3.67
2024-05-16 17:30:00,IB GF,0.0
2024-05-16 17:30:00,IB NPI,2.5
2024-05-16 17:30:00,IB OPF,69.5
2024-05-16 17:30:00,SM FT OPF,0.0
2024-05-16 17:30:00,SM GF,2.11
2024-05-16 17:30:00,SM KV OPF,0.0
2024-05-16 17:30:00,SM NPI,1.948563411
2024-05-16 17:30:00,SM TLO,3.67
2024-05-16 18:00:00,IB GF,0.0
2024-05-16 18:00:00,IB NPI,2.5
2024-05-16 18:00:00,IB OPF,69.5
2024-05-16 18:00:00,SM FT OPF,0.0
2024-05-16 18:00:00,SM GF,2.11
2024-05-16 18:00:00,SM KV OPF,0.0
2024-05-16 18:00:00,SM NPI,2.060366022
2024-05-16 18:00:00,SM TLO,3.67
2024-05-16 18:30:00,IB GF,0.0
2024-05-16 18:30:00,IB NPI,2.5
2024-05-16 18:30:00,IB OPF,69.5
2024-05-16 18:30:00,SM FT OPF,0.0
2024-05-16 18:30:00,SM GF,2.11
2024-05-16 18:30:00,SM KV OPF,0.0
2024-05-16 18:30:00,SM NPI,2.137685857
2024-05-16 18:30:00,SM TLO,3.67
2024-05-16 19:00:00,IB GF,0.0
2024-05-16 19:00:00,IB NPI,2.5
2024-05-16 19:00:00,IB OPF,69.5
2024-05-16 19:00:00,SM FT OPF,0.0
2024-05-16 19:00:00,SM GF,2.11
2024-05-16 19:00:00,SM KV OPF,0.0
2024-05-16 19:00:00,SM NPI,2.169702122
2024-05-16 19:00:00,SM TLO,3.67
2024-05-16 19:30:00,IB GF,0.0
2024-05-16 19:30:00,IB NPI,2.5
2024-05-16 19:30:00,IB OPF,69.5
2024-05-16 19:30:00,SM FT OPF,0.0
2024-05-16 19:30:00,SM GF,2.11
2024-05-16 19:30:00,SM KV OPF,0.0
2024-05-16 19:30:00,SM NPI,2.084342994
2024-05-16 19:30:00,SM TLO,3.67
2024-05-16 20:00:00,IB GF,0.0
2024-05-16 20:00:00,IB NPI,2.5
2024-05-16 20:00:00,IB OPF,69.5
2024-05-16 20:00:00,SM FT OPF,0.0
2024-05-16 20:00:00,SM GF,2.11
2024-05-16 20:00:00,SM KV OPF,0.0
2024-05-16 20:00:00,SM NPI,1.911719012
2024-05-16 20:00:00,SM TLO,3.67
2024-05-16 20:30:00,IB GF,0.0
2024-05-16 20:30:00,IB NPI,2.5
2024-05-16 20:30:00,IB OPF,69.5
2024-05-16 20:30:00,SM FT OPF,0.0
2024-05-16 20:30:00,SM GF,2.11
2024-05-16 20:30:00,SM KV OPF,0.0
2024-05-16 20:30:00,SM NPI,1.727746695
2024-05-16 20:30:00,SM TLO,3.67
2024-05-16 21:00:00,IB GF,0.0
2024-05-16 21:00:00,IB NPI,2.5
2024-05-16 21:00:00,IB OPF,69.5
2024-05-16 21:00:00,SM FT OPF,0.0
2024-05-16 21:00:00,SM GF,2.11
2024-05-16 21:00:00,SM KV OPF,0.0
2024-05-16 21:00:00,SM NPI,1.57271896
2024-05-16 21:00:00,SM TLO,3.67
2024-05-16 21:30:00,IB GF,0.0
2024-05-16 21:30:00,IB NPI,2.5
2024-05-16 21:30:00,IB OPF,69.5
2024-05-16 21:30:00,SM FT OPF,0.0
2024-05-16 21:30:00,SM GF,2.11
2024-05-16 21:30:00,SM KV OPF,0.0
2024-05-16 21:30:00,SM NPI,1.483306685
2024-05-16 21:30:00,SM TLO,3.67
2024-05-16 22:00:00,IB GF,0.0
2024-05-16 22:00:00,IB NPI,2.5
2024-05-16 22:00:00,IB OPF,69.5
2024-05-16 22:00:00,SM FT OPF,0.0
2024-05-16 22:00:00,SM GF,2.11
2024-05-16 22:00:00,SM KV OPF,0.0
2024-05-16 22:00:00,SM NPI,1.406459972
2024-05-16 22:00:00,SM TLO,3.67
2024-05-16 22:30:00,IB GF,0.0
2024-05-16 22:30:00,IB NPI,2.5
2024-05-16 22:30:00,IB OPF,69.5
2024-05-16 22:30:00,SM FT OPF,0.0
2024-05-16 22:30:00,SM GF,2.11
2024-05-16 22:30:00,SM KV OPF,0.0
2024-05-16 22:30:00,SM NPI,1.337725012
2024-05-16 22:30:00,SM TLO,3.67
2024-05-16 23:00:00,IB GF,0.0
2024-05-16 23:00:00,IB NPI,2.5
2024-05-16 23:00:00,IB OPF,69.5
2024-05-16 23:00:00,SM FT OPF,0.0
2024-05-16 23:00:00,SM GF,2.11
2024-05-16 23:00:00,SM KV OPF,0.0
2024-05-16 23:00:00,SM NPI,1.283348825
2024-05-16 23:00:00,SM TLO,3.67
2024-05-16 23:30:00,IB GF,0.0
2024-05-16 23:30:00,IB NPI,2.5
2024-05-16 23:30:00,IB OPF,69.5
2024-05-16 23:30:00,SM FT OPF,0.0
2024-05-16 23:30:00,SM GF,2.11
2024-05-16 23:30:00,SM KV OPF,0.0
2024-05-16 23:30:00,SM NPI,1.244679675
2024-05-16 23:30:00,SM TLO,3.67
2024-05-17 00:00:00,IB GF,0.0
2024-05-17 00:00:00,IB NPI,2.5
2024-05-17 00:00:00,IB OPF,69.5
2024-05-17 00:00:00,SM FT OPF,0.0
2024-05-17 00:00:00,SM GF,2.11
2024-05-17 00:00:00,SM KV OPF,0.0
2024-05-17 00:00:00,SM NPI,1.203885755
2024-05-17 00:00:00,SM TLO,3.67
2024-05-17 00:30:00,IB GF,0.0
2024-05-17 00:30:00,IB NPI,2.5
2024-05-17 00:30:00,IB OPF,69.5
2024-05-17 00:30:00,SM FT OPF,0.0
2024-05-17 00:30:00,SM GF,2.11
2024-05-17 00:30:00,SM KV OPF,0.0
2024-05-17 00:30:00,SM NPI,1.177142472
2024-05-17 00:30:00,SM TLO,3.67
2024-05-17 01:00:00,IB GF,0.0
2024-05-17 01:00:00,IB NPI,2.5
2024-05-17 01:00:00,IB OPF,69.5
2024-05-17 01:00:00,SM FT OPF,0.0
2024-05-17 01:00:00,SM GF,2.11
2024-05-17 01:00:00,SM KV OPF,0.0
2024-05-17 01:00:00,SM NPI,1.161778364
2024-05-17 01:00:00,SM TLO,3.67
2024-05-17 01:30:00,IB GF,0.0
2024-05-17 01:30:00,IB NPI,2.5
2024-05-17 01:30:00,IB OPF,69.5
2024-05-17 01:30:00,SM FT OPF,0.0
2024-05-17 01:30:00,SM GF,2.11
2024-05-17 01:30:00,SM KV OPF,0.0
2024-05-17 01:30:00,SM NPI,1.146793999
2024-05-17 01:30:00,SM TLO,3.67
2024-05-17 02:00:00,IB GF,0.0
2024-05-17 02:00:00,IB NPI,2.5
2024-05-17 02:00:00,IB OPF,69.5
2024-05-17 02:00:00,SM FT OPF,0.0
2024-05-17 02:00:00,SM GF,2.11
2024-05-17 02:00:00,SM KV OPF,0.0
2024-05-17 02:00:00,SM NPI,1.140424842
2024-05-17 02:00:00,SM TLO,3.67
2024-05-17 02:30:00,IB GF,0.0
2024-05-17 02:30:00,IB NPI,2.5
2024-05-17 02:30:00,IB OPF,69.5
2024-05-17 02:30:00,SM FT OPF,0.0
2024-05-17 02:30:00,SM GF,2.11
2024-05-17 02:30:00,SM KV OPF,0.0
2024-05-17 02:30:00,SM NPI,1.142307502
2024-05-17 02:30:00,SM TLO,3.67
2024-05-17 03:00:00,IB GF,0.0
2024-05-17 03:00:00,IB NPI,2.5
2024-05-17 03:00:00,IB OPF,69.5
2024-05-17 03:00:00,SM FT OPF,0.0
2024-05-17 03:00:00,SM GF,2.11
2024-05-17 03:00:00,SM KV OPF,0.0
2024-05-17 03:00:00,SM NPI,1.152835792
2024-05-17 03:00:00,SM TLO,3.67
2024-05-17 03:30:00,IB GF,0.0
2024-05-17 03:30:00,IB NPI,2.5
2024-05-17 03:30:00,IB OPF,69.5
2024-05-17 03:30:00,SM FT OPF,0.0
2024-05-17 03:30:00,SM GF,2.11
2024-05-17 03:30:00,SM KV OPF,0.0
2024-05-17 03:30:00,SM NPI,1.22740537
2024-05-17 03:30:00,SM TLO,3.67
2024-05-17 04:00:00,IB GF,0.0
2024-05-17 04:00:00,IB NPI,2.5
2024-05-17 04:00:00,IB OPF,69.5
2024-05-17 04:00:00,SM FT OPF,0.0
2024-05-17 04:00:00,SM GF,2.11
2024-05-17 04:00:00,SM KV OPF,0.0
2024-05-17 04:00:00,SM NPI,1.35375674
2024-05-17 04:00:00,SM TLO,3.67
2024-05-17 04:30:00,IB GF,0.0
2024-05-17 04:30:00,IB NPI,2.5
2024-05-17 04:30:00,IB OPF,69.5
2024-05-17 04:30:00,SM FT OPF,0.0
2024-05-17 04:30:00,SM GF,2.11
2024-05-17 04:30:00,SM KV OPF,0.0
2024-05-17 04:30:00,SM NPI,1.406463361
2024-05-17 04:30:00,SM TLO,3.67
2024-05-17 05:00:00,IB GF,0.0
2024-05-17 05:00:00,IB NPI,2.5
2024-05-17 05:00:00,IB OPF,69.5
2024-05-17 05:00:00,SM FT OPF,0.0
2024-05-17 05:00:00,SM GF,2.11
2024-05-17 05:00:00,SM KV OPF,0.0
2024-05-17 05:00:00,SM NPI,1.37174301
2024-05-17 05:00:00,SM TLO,3.67
2024-05-17 05:30:00,IB GF,0.0
2024-05-17 05:30:00,IB NPI,2.5
2024-05-17 05:30:00,IB OPF,69.5
2024-05-17 05:30:00,SM FT OPF,0.0
2024-05-17 05:30:00,SM GF,2.11
2024-05-17 05:30:00,SM KV OPF,0.0
2024-05-17 05:30:00,SM NPI,1.34865413
2024-05-17 05:30:00,SM TLO,3.67
2024-05-17 06:00:00,IB GF,0.0
2024-05-17 06:00:00,IB NPI,2.5
2024-05-17 06:00:00,IB OPF,69.5
2024-05-17 06:00:00,SM FT OPF,0.0
2024-05-17 06:00:00,SM GF,2.11
2024-05-17 06:00:00,SM KV OPF,0.0
2024-05-17 06:00:00,SM NPI,1.383986887
2024-05-17 06:00:00,SM TLO,3.67
2024-05-17 06:30:00,IB GF,0.0
2024-05-17 06:30:00,IB NPI,2.5
2024-05-17 06:30:00,IB OPF,69.5
2024-05-17 06:30:00,SM FT OPF,0.0
2024-05-17 06:30:00,SM GF,2.11
2024-05-17 06:30:00,SM KV OPF,0.0
2024-05-17 06:30:00,SM NPI,1.408627705
2024-05-17 06:30:00,SM TLO,3.67
2024-05-17 07:00:00,IB GF,0.0
2024-05-17 07:00:00,IB NPI,2.5
2024-05-17 07:00:00,IB OPF,69.5
2024-05-17 07:00:00,SM FT OPF,0.0
2024-05-17 07:00:00,SM GF,2.11
2024-05-17 07:00:00,SM KV OPF,0.0
2024-05-17 07:00:00,SM NPI,1.430863113
2024-05-17 07:00:00,SM TLO,3.67
2024-05-17 07:30:00,IB GF,0.0
2024-05-17 07:30:00,IB NPI,2.5
2024-05-17 07:30:00,IB OPF,69.5
2024-05-17 07:30:00,SM FT OPF,0.0
2024-05-17 07:30:00,SM GF,2.11
2024-05-17 07:30:00,SM KV OPF,0.0
2024-05-17 07:30:00,SM NPI,1.430488275
2024-05-17 07:30:00,SM TLO,3.67
2024-05-17 08:00:00,IB GF,0.0
2024-05-17 08:00:00,IB NPI,2.5
2024-05-17 08:00:00,IB OPF,69.5
2024-05-17 08:00:00,SM FT OPF,0.0
2024-05-17 08:00:00,SM GF,2.11
2024-05-17 08:00:00,SM KV OPF,0.0
2024-05-17 08:00:00,SM NPI,1.419129528
2024-05-17 08:00:00,SM TLO,3.67
2024-05-17 08:30:00,IB GF,0.0
2024-05-17 08:30:00,IB NPI,2.5
2024-05-17 08:30:00,IB OPF,69.5
2024-05-17 08:30:00,SM FT OPF,0.0
2024-05-17 08:30:00,SM GF,2.11
2024-05-17 08:30:00,SM KV OPF,0.0
2024-05-17 08:30:00,SM NPI,1.405106562
2024-05-17 08:30:00,SM TLO,3.67
2024-05-17 09:00:00,IB GF,0.0
2024-05-17 09:00:00,IB NPI,2.5
2024-05-17 09:00:00,IB OPF,69.5
2024-05-17 09:00:00,SM FT OPF,0.0
2024-05-17 09:00:00,SM GF,2.11
2024-05-17 09:00:00,SM KV OPF,0.0
2024-05-17 09:00:00,SM NPI,1.399668103
2024-05-17 09:00:00,SM TLO,3.67
2024-05-17 09:30:00,IB GF,0.0
2024-05-17 09:30:00,IB NPI,2.5
2024-05-17 09:30:00,IB OPF,69.5
2024-05-17 09:30:00,SM FT OPF,0.0
2024-05-17 09:30:00,SM GF,2.11
2024-05-17 09:30:00,SM KV OPF,0.0
2024-05-17 09:30:00,SM NPI,1.447785541
2024-05-17 09:30:00,SM TLO,3.67
2024-05-17 10:00:00,IB GF,0.0
2024-05-17 10:00:00,IB NPI,2.5
2024-05-17 10:00:00,IB OPF,69.5
2024-05-17 10:00:00,SM FT OPF,0.0
2024-05-17 10:00:00,SM GF,2.11
2024-05-17 10:00:00,SM KV OPF,0.0
2024-05-17 10:00:00,SM NPI,1.51785915
2024-05-17 10:00:00,SM TLO,3.67
2024-05-17 10:30:00,IB GF,0.0
2024-05-17 10:30:00,IB NPI,2.5
2024-05-17 10:30:00,IB OPF,69.5
2024-05-17 10:30:00,SM FT OPF,0.0
2024-05-17 10:30:00,SM GF,2.11
2024-05-17 10:30:00,SM KV OPF,0.0
2024-05-17 10:30:00,SM NPI,1.575012607
2024-05-17 10:30:00,SM TLO,3.67
2024-05-17 11:00:00,IB GF,0.0
2024-05-17 11:00:00,IB NPI,2.5
2024-05-17 11:00:00,IB OPF,69.5
2024-05-17 11:00:00,SM FT OPF,0.0
2024-05-17 11:00:00,SM GF,2.11
2024-05-17 11:00:00,SM KV OPF,0.0
2024-05-17 11:00:00,SM NPI,1.624419637
2024-05-17 11:00:00,SM TLO,3.67
2024-05-17 11:30:00,IB GF,0.0
2024-05-17 11:30:00,IB NPI,2.5
2024-05-17 11:30:00,IB OPF,69.5
2024-05-17 11:30:00,SM FT OPF,0.0
2024-05-17 11:30:00,SM GF,2.11
2024-05-17 11:30:00,SM KV OPF,0.0
2024-05-17 11:30:00,SM NPI,1.666950474
2024-05-17 11:30:00,SM TLO,3.67
2024-05-17 12:00:00,IB GF,0.0
2024-05-17 12:00:00,IB NPI,2.5
2024-05-17 12:00:00,IB OPF,69.5
2024-05-17 12:00:00,SM FT OPF,0.0
2024-05-17 12:00:00,SM GF,2.11
2024-05-17 12:00:00,SM KV OPF,0.0
2024-05-17 12:00:00,SM NPI,1.701425282
2024-05-17 12:00:00,SM TLO,3.67
2024-05-17 12:30:00,IB GF,0.0
2024-05-17 12:30:00,IB NPI,2.5
2024-05-17 12:30:00,IB OPF,69.5
2024-05-17 12:30:00,SM FT OPF,0.0
2024-05-17 12:30:00,SM GF,2.11
2024-05-17 12:30:00,SM KV OPF,0.0
2024-05-17 12:30:00,SM NPI,1.731165146
2024-05-17 12:30:00,SM TLO,3.67
2024-05-17 13:00:00,IB GF,0.0
2024-05-17 13:00:00,IB NPI,2.5
2024-05-17 13:00:00,IB OPF,69.5
2024-05-17 13:00:00,SM FT OPF,0.0
2024-05-17 13:00:00,SM GF,2.11
2024-05-17 13:00:00,SM KV OPF,0.0
2024-05-17 13:00:00,SM NPI,1.77012116
2024-05-17 13:00:00,SM TLO,3.67
2024-05-17 13:30:00,IB GF,0.0
2024-05-17 13:30:00,IB NPI,2.5
2024-05-17 13:30:00,IB OPF,69.5
2024-05-17 13:30:00,SM FT OPF,0.0
2024-05-17 13:30:00,SM GF,2.11
2024-05-17 13:30:00,SM KV OPF,0.0
2024-05-17 13:30:00,SM NPI,1.815663831
2024-05-17 13:30:00,SM TLO,3.67
2024-05-17 14:00:00,IB GF,0.0
2024-05-17 14:00:00,IB NPI,2.5
2024-05-17 14:00:00,IB OPF,69.5
2024-05-17 14:00:00,SM FT OPF,0.0
2024-05-17 14:00:00,SM GF,2.11
2024-05-17 14:00:00,SM KV OPF,0.0
2024-05-17 14:00:00,SM NPI,1.878990066
2024-05-17 14:00:00,SM TLO,3.67
2024-05-17 14:30:00,IB GF,0.0
2024-05-17 14:30:00,IB NPI,2.5
2024-05-17 14:30:00,IB OPF,69.5
2024-05-17 14:30:00,SM FT OPF,0.0
2024-05-17 14:30:00,SM GF,2.11
2024-05-17 14:30:00,SM KV OPF,0.0
2024-05-17 14:30:00,SM NPI,1.920964156
2024-05-17 14:30:00,SM TLO,3.67
2024-05-17 15:00:00,IB GF,0.0
2024-05-17 15:00:00,IB NPI,2.5
2024-05-17 15:00:00,IB OPF,69.5
2024-05-17 15:00:00,SM FT OPF,0.0
2024-05-17 15:00:00,SM GF,2.11
2024-05-17 15:00:00,SM KV OPF,0.0
2024-05-17 15:00:00,SM NPI,1.947943445
2024-05-17 15:00:00,SM TLO,3.67
2024-05-17 15:30:00,IB GF,0.0
2024-05-17 15:30:00,IB NPI,2.5
2024-05-17 15:30:00,IB OPF,69.5
2024-05-17 15:30:00,SM FT OPF,0.0
2024-05-17 15:30:00,SM GF,2.11
2024-05-17 15:30:00,SM KV OPF,0.0
2024-05-17 15:30:00,SM NPI,1.995249432
2024-05-17 15:30:00,SM TLO,3.67
2024-05-17 16:00:00,IB GF,0.0
2024-05-17 16:00:00,IB NPI,2.5
2024-05-17 16:00:00,IB OPF,69.5
2024-05-17 16:00:00,SM FT OPF,0.0
2024-05-17 16:00:00,SM GF,2.11
2024-05-17 16:00:00,SM KV OPF,0.0
2024-05-17 16:00:00,SM NPI,1.995592362
2024-05-17 16:00:00,SM TLO,3.67
2024-05-17 16:30:00,IB GF,0.0
2024-05-17 16:30:00,IB NPI,2.5
2024-05-17 16:30:00,IB OPF,69.5
2024-05-17 16:30:00,SM FT OPF,0.0
2024-05-17 16:30:00,SM GF,2.11
2024-05-17 16:30:00,SM KV OPF,0.0
2024-05-17 16:30:00,SM NPI,1.938173828
2024-05-17 16:30:00,SM TLO,3.67
2024-05-17 17:00:00,IB GF,0.0
2024-05-17 17:00:00,IB NPI,2.5
2024-05-17 17:00:00,IB OPF,69.5
2024-05-17 17:00:00,SM FT OPF,0.0
2024-05-17 17:00:00,SM GF,2.11
2024-05-17 17:00:00,SM KV OPF,0.0
2024-05-17 17:00:00,SM NPI,1.894829063
2024-05-17 17:00:00,SM TLO,3.67
2024-05-17 17:30:00,IB GF,0.0
2024-05-17 17:30:00,IB NPI,2.5
2024-05-17 17:30:00,IB OPF,69.5
2024-05-17 17:30:00,SM FT OPF,0.0
2024-05-17 17:30:00,SM GF,2.11
2024-05-17 17:30:00,SM KV OPF,0.0
2024-05-17 17:30:00,SM NPI,1.936230731
2024-05-17 17:30:00,SM TLO,3.67
2024-05-17 18:00:00,IB GF,0.0
2024-05-17 18:00:00,IB NPI,2.5
2024-05-17 18:00:00,IB OPF,69.5
2024-05-17 18:00:00,SM FT OPF,0.0
2024-05-17 18:00:00,SM GF,2.11
2024-05-17 18:00:00,SM KV OPF,0.0
2024-05-17 18:00:00,SM NPI,2.04732573
2024-05-17 18:00:00,SM TLO,3.67
2024-05-17 18:30:00,IB GF,0.0
2024-05-17 18:30:00,IB NPI,2.5
2024-05-17 18:30:00,IB OPF,69.5
2024-05-17 18:30:00,SM FT OPF,0.0
2024-05-17 18:30:00,SM GF,2.11
2024-05-17 18:30:00,SM KV OPF,0.0
2024-05-17 18:30:00,SM NPI,2.1241562
2024-05-17 18:30:00,SM TLO,3.67
2024-05-17 19:00:00,IB GF,0.0
2024-05-17 19:00:00,IB NPI,2.5
2024-05-17 19:00:00,IB OPF,69.5
2024-05-17 19:00:00,SM FT OPF,0.0
2024-05-17 19:00:00,SM GF,2.11
2024-05-17 19:00:00,SM KV OPF,0.0
2024-05-17 19:00:00,SM NPI,2.15596983
2024-05-17 19:00:00,SM TLO,3.67
2024-05-17 19:30:00,IB GF,0.0
2024-05-17 19:30:00,IB NPI,2.5
2024-05-17 19:30:00,IB OPF,69.5
2024-05-17 19:30:00,SM FT OPF,0.0
2024-05-17 19:30:00,SM GF,2.11
2024-05-17 19:30:00,SM KV OPF,0.0
2024-05-17 19:30:00,SM NPI,2.07115095
2024-05-17 19:30:00,SM TLO,3.67
2024-05-17 20:00:00,IB GF,0.0
2024-05-17 20:00:00,IB NPI,2.5
2024-05-17 20:00:00,IB OPF,69.5
2024-05-17 20:00:00,SM FT OPF,0.0
2024-05-17 20:00:00,SM GF,2.11
2024-05-17 20:00:00,SM KV OPF,0.0
2024-05-17 20:00:00,SM NPI,1.899619524
2024-05-17 20:00:00,SM TLO,3.67
2024-05-17 20:30:00,IB GF,0.0
2024-05-17 20:30:00,IB NPI,2.5
2024-05-17 20:30:00,IB OPF,69.5
2024-05-17 20:30:00,SM FT OPF,0.0
2024-05-17 20:30:00,SM GF,2.11
2024-05-17 20:30:00,SM KV OPF,0.0
2024-05-17 20:30:00,SM NPI,1.71681159
2024-05-17 20:30:00,SM TLO,3.67
2024-05-17 21:00:00,IB GF,0.0
2024-05-17 21:00:00,IB NPI,2.5
2024-05-17 21:00:00,IB OPF,69.5
2024-05-17 21:00:00,SM FT OPF,0.0
2024-05-17 21:00:00,SM GF,2.11
2024-05-17 21:00:00,SM KV OPF,0.0
2024-05-17 21:00:00,SM NPI,1.562765043
2024-05-17 21:00:00,SM TLO,3.67
2024-05-17 21:30:00,IB GF,0.0
2024-05-17 21:30:00,IB NPI,2.5
2024-05-17 21:30:00,IB OPF,69.5
2024-05-17 21:30:00,SM FT OPF,0.0
2024-05-17 21:30:00,SM GF,2.11
2024-05-17 21:30:00,SM KV OPF,0.0
2024-05-17 21:30:00,SM NPI,1.473918668
2024-05-17 21:30:00,SM TLO,3.67
2024-05-17 22:00:00,IB GF,0.0
2024-05-17 22:00:00,IB NPI,2.5
2024-05-17 22:00:00,IB OPF,69.5
2024-05-17 22:00:00,SM FT OPF,0.0
2024-05-17 22:00:00,SM GF,2.11
2024-05-17 22:00:00,SM KV OPF,0.0
2024-05-17 22:00:00,SM NPI,1.397558327
2024-05-17 22:00:00,SM TLO,3.67
2024-05-17 22:30:00,IB GF,0.0
2024-05-17 22:30:00,IB NPI,2.5
2024-05-17 22:30:00,IB OPF,69.5
2024-05-17 22:30:00,SM FT OPF,0.0
2024-05-17 22:30:00,SM GF,2.11
2024-05-17 22:30:00,SM KV OPF,0.0
2024-05-17 22:30:00,SM NPI,1.329258398
2024-05-17 22:30:00,SM TLO,3.67
2024-05-17 23:00:00,IB GF,0.0
2024-05-17 23:00:00,IB NPI,2.5
2024-05-17 23:00:00,IB OPF,69.5
2024-05-17 23:00:00,SM FT OPF,0.0
2024-05-17 23:00:00,SM GF,2.11
2024-05-17 23:00:00,SM KV OPF,0.0
2024-05-17 23:00:00,SM NPI,1.275226364
2024-05-17 23:00:00,SM TLO,3.67
2024-05-17 23:30:00,IB GF,0.0
2024-05-17 23:30:00,IB NPI,2.5
2024-05-17 23:30:00,IB OPF,69.5
2024-05-17 23:30:00,SM FT OPF,0.0
2024-05-17 23:30:00,SM GF,2.11
2024-05-17 23:30:00,SM KV OPF,0.0
2024-05-17 23:30:00,SM NPI,1.236801955
2024-05-17 23:30:00,SM TLO,3.67
2024-05-18 00:00:00,IB GF,0.0
2024-05-18 00:00:00,IB NPI,2.5
2024-05-18 00:00:00,IB OPF,69.5
2024-05-18 00:00:00,SM FT OPF,0.0
2024-05-18 00:00:00,SM GF,2.11
2024-05-18 00:00:00,SM KV OPF,0.0
2024-05-18 00:00:00,SM NPI,1.203885755
2024-05-18 00:00:00,SM TLO,3.67
2024-05-18 00:30:00,IB GF,0.0
2024-05-18 00:30:00,IB NPI,2.5
2024-05-18 00:30:00,IB OPF,69.5
2024-05-18 00:30:00,SM FT OPF,0.0
2024-05-18 00:30:00,SM GF,2.11
2024-05-18 00:30:00,SM KV OPF,0.0
2024-05-18 00:30:00,SM NPI,1.177142472
2024-05-18 00:30:00,SM TLO,3.67
2024-05-18 01:00:00,IB GF,0.0
2024-05-18 01:00:00,IB NPI,2.5
2024-05-18 01:00:00,IB OPF,69.5
2024-05-18 01:00:00,SM FT OPF,0.0
2024-05-18 01:00:00,SM GF,2.11
2024-05-18 01:00:00,SM KV OPF,0.0
2024-05-18 01:00:00,SM NPI,1.161778364
2024-05-18 01:00:00,SM TLO,3.67
2024-05-18 01:30:00,IB GF,0.0
2024-05-18 01:30:00,IB NPI,2.5
2024-05-18 01:30:00,IB OPF,69.5
2024-05-18 01:30:00,SM FT OPF,0.0
2024-05-18 01:30:00,SM GF,2.11
2024-05-18 01:30:00,SM KV OPF,0.0
2024-05-18 01:30:00,SM NPI,1.146793999
2024-05-18 01:30:00,SM TLO,3.67
2024-05-18 02:00:00,IB GF,0.0
2024-05-18 02:00:00,IB NPI,2.5
2024-05-18 02:00:00,IB OPF,69.5
2024-05-18 02:00:00,SM FT OPF,0.0
2024-05-18 02:00:00,SM GF,2.11
2024-05-18 02:00:00,SM KV OPF,0.0
2024-05-18 02:00:00,SM NPI,1.140424842
2024-05-18 02:00:00,SM TLO,3.67
2024-05-18 02:30:00,IB GF,0.0
2024-05-18 02:30:00,IB NPI,2.5
2024-05-18 02:30:00,IB OPF,69.5
2024-05-18 02:30:00,SM FT OPF,0.0
2024-05-18 02:30:00,SM GF,2.11
2024-05-18 02:30:00,SM KV OPF,0.0
2024-05-18 02:30:00,SM NPI,1.142307502
2024-05-18 02:30:00,SM TLO,3.67
2024-05-18 03:00:00,IB GF,0.0
2024-05-18 03:00:00,IB NPI,2.5
2024-05-18 03:00:00,IB OPF,69.5
2024-05-18 03:00:00,SM FT OPF,0.0
2024-05-18 03:00:00,SM GF,2.11
2024-05-18 03:00:00,SM KV OPF,0.0
2024-05-18 03:00:00,SM NPI,1.152835792
2024-05-18 03:00:00,SM TLO,3.67
2024-05-18 03:30:00,IB GF,0.0
2024-05-18 03:30:00,IB NPI,2.5
2024-05-18 03:30:00,IB OPF,69.5
2024-05-18 03:30:00,SM FT OPF,0.0
2024-05-18 03:30:00,SM GF,2.11
2024-05-18 03:30:00,SM KV OPF,0.0
2024-05-18 03:30:00,SM NPI,1.22740537
2024-05-18 03:30:00,SM TLO,3.67
2024-05-18 04:00:00,IB GF,0.0
2024-05-18 04:00:00,IB NPI,2.5
2024-05-18 04:00:00,IB OPF,69.5
2024-05-18 04:00:00,SM FT OPF,0.0
2024-05-18 04:00:00,SM GF,2.11
2024-05-18 04:00:00,SM KV OPF,0.0
2024-05-18 04:00:00,SM NPI,1.35375674
2024-05-18 04:00:00,SM TLO,3.67
2024-05-18 04:30:00,IB GF,0.0
2024-05-18 04:30:00,IB NPI,2.5
2024-05-18 04:30:00,IB OPF,69.5
2024-05-18 04:30:00,SM FT OPF,0.0
2024-05-18 04:30:00,SM GF,2.11
2024-05-18 04:30:00,SM KV OPF,0.0
2024-05-18 04:30:00,SM NPI,1.406463361
2024-05-18 04:30:00,SM TLO,3.67
2024-05-18 05:00:00,IB GF,0.0
2024-05-18 05:00:00,IB NPI,2.5
2024-05-18 05:00:00,IB OPF,69.5
2024-05-18 05:00:00,SM FT OPF,0.0
2024-05-18 05:00:00,SM GF,2.11
2024-05-18 05:00:00,SM KV OPF,0.0
2024-05-18 05:00:00,SM NPI,1.37174301
2024-05-18 05:00:00,SM TLO,3.67
2024-05-18 05:30:00,IB GF,0.0
2024-05-18 05:30:00,IB NPI,2.5
2024-05-18 05:30:00,IB OPF,69.5
2024-05-18 05:30:00,SM FT OPF,0.0
2024-05-18 05:30:00,SM GF,2.11
2024-05-18 05:30:00,SM KV OPF,0.0
2024-05-18 05:30:00,SM NPI,1.34865413
2024-05-18 05:30:00,SM TLO,3.67
2024-05-18 06:00:00,IB GF,0.0
2024-05-18 06:00:00,IB NPI,2.5
2024-05-18 06:00:00,IB OPF,69.5
2024-05-18 06:00:00,SM FT OPF,0.0
2024-05-18 06:00:00,SM GF,2.11
2024-05-18 06:00:00,SM KV OPF,0.0
2024-05-18 06:00:00,SM NPI,1.383986887
2024-05-18 06:00:00,SM TLO,3.67
2024-05-18 06:30:00,IB GF,0.0
2024-05-18 06:30:00,IB NPI,2.5
2024-05-18 06:30:00,IB OPF,69.5
2024-05-18 06:30:00,SM FT OPF,0.0
2024-05-18 06:30:00,SM GF,2.11
2024-05-18 06:30:00,SM KV OPF,0.0
2024-05-18 06:30:00,SM NPI,1.408627705
2024-05-18 06:30:00,SM TLO,3.67
2024-05-18 07:00:00,IB GF,0.0
2024-05-18 07:00:00,IB NPI,2.5
2024-05-18 07:00:00,IB OPF,69.5
2024-05-18 07:00:00,SM FT OPF,0.0
2024-05-18 07:00:00,SM GF,2.11
2024-05-18 07:00:00,SM KV OPF,0.0
2024-05-18 07:00:00,SM NPI,1.430863113
2024-05-18 07:00:00,SM TLO,3.67
2024-05-18 07:30:00,IB GF,0.0
2024-05-18 07:30:00,IB NPI,2.5
2024-05-18 07:30:00,IB OPF,69.5
2024-05-18 07:30:00,SM FT OPF,0.0
2024-05-18 07:30:00,SM GF,2.11
2024-05-18 07:30:00,SM KV OPF,0.0
2024-05-18 07:30:00,SM NPI,1.430488275
2024-05-18 07:30:00,SM TLO,3.67
2024-05-18 08:00:00,IB GF,0.0
2024-05-18 08:00:00,IB NPI,2.5
2024-05-18 08:00:00,IB OPF,69.5
2024-05-18 08:00:00,SM FT OPF,0.0
2024-05-18 08:00:00,SM GF,2.11
2024-05-18 08:00:00,SM KV OPF,0.0
2024-05-18 08:00:00,SM NPI,1.419129528
2024-05-18 08:00:00,SM TLO,3.67
2024-05-18 08:30:00,IB GF,0.0
2024-05-18 08:30:00,IB NPI,2.5
2024-05-18 08:30:00,IB OPF,69.5
2024-05-18 08:30:00,SM FT OPF,0.0
2024-05-18 08:30:00,SM GF,2.11
2024-05-18 08:30:00,SM KV OPF,0.0
2024-05-18 08:30:00,SM NPI,1.405106562
2024-05-18 08:30:00,SM TLO,3.67
2024-05-18 09:00:00,IB GF,0.0
2024-05-18 09:00:00,IB NPI,2.5
2024-05-18 09:00:00,IB OPF,69.5
2024-05-18 09:00:00,SM FT OPF,0.0
2024-05-18 09:00:00,SM GF,2.11
2024-05-18 09:00:00,SM KV OPF,0.0
2024-05-18 09:00:00,SM NPI,1.399668103
2024-05-18 09:00:00,SM TLO,3.67
2024-05-18 09:30:00,IB GF,0.0
2024-05-18 09:30:00,IB NPI,2.5
2024-05-18 09:30:00,IB OPF,69.5
2024-05-18 09:30:00,SM FT OPF,0.0
2024-05-18 09:30:00,SM GF,2.11
2024-05-18 09:30:00,SM KV OPF,0.0
2024-05-18 09:30:00,SM NPI,1.447785541
2024-05-18 09:30:00,SM TLO,3.67
2024-05-18 10:00:00,IB GF,0.0
2024-05-18 10:00:00,IB NPI,2.5
2024-05-18 10:00:00,IB OPF,69.5
2024-05-18 10:00:00,SM FT OPF,0.0
2024-05-18 10:00:00,SM GF,2.11
2024-05-18 10:00:00,SM KV OPF,0.0
2024-05-18 10:00:00,SM NPI,1.51785915
2024-05-18 10:00:00,SM TLO,3.67
2024-05-18 10:30:00,IB GF,0.0
2024-05-18 10:30:00,IB NPI,2.5
2024-05-18 10:30:00,IB OPF,69.5
2024-05-18 10:30:00,SM FT OPF,0.0
2024-05-18 10:30:00,SM GF,2.11
2024-05-18 10:30:00,SM KV OPF,0.0
2024-05-18 10:30:00,SM NPI,1.575012607
2024-05-18 10:30:00,SM TLO,3.67
2024-05-18 11:00:00,IB GF,0.0
2024-05-18 11:00:00,IB NPI,2.5
2024-05-18 11:00:00,IB OPF,69.5
2024-05-18 11:00:00,SM FT OPF,0.0
2024-05-18 11:00:00,SM GF,2.11
2024-05-18 11:00:00,SM KV OPF,0.0
2024-05-18 11:00:00,SM NPI,1.624419637
2024-05-18 11:00:00,SM TLO,3.67
2024-05-18 11:30:00,IB GF,0.0
2024-05-18 11:30:00,IB NPI,2.5
2024-05-18 11:30:00,IB OPF,69.5
2024-05-18 11:30:00,SM FT OPF,0.0
2024-05-18 11:30:00,SM GF,2.11
2024-05-18 11:30:00,SM KV OPF,0.0
2024-05-18 11:30:00,SM NPI,1.666950474
2024-05-18 11:30:00,SM TLO,3.67
2024-05-18 12:00:00,IB GF,0.0
2024-05-18 12:00:00,IB NPI,2.5
2024-05-18 12:00:00,IB OPF,69.5
2024-05-18 12:00:00,SM FT OPF,0.0
2024-05-18 12:00:00,SM GF,2.11
2024-05-18 12:00:00,SM KV OPF,0.0
2024-05-18 12:00:00,SM NPI,1.701425282
2024-05-18 12:00:00,SM TLO,3.67
2024-05-18 12:30:00,IB GF,0.0
2024-05-18 12:30:00,IB NPI,2.5
2024-05-18 12:30:00,IB OPF,69.5
2024-05-18 12:30:00,SM FT OPF,0.0
2024-05-18 12:30:00,SM GF,2.11
2024-05-18 12:30:00,SM KV OPF,0.0
2024-05-18 12:30:00,SM NPI,1.731165146
2024-05-18 12:30:00,SM TLO,3.67
2024-05-18 13:00:00,IB GF,0.0
2024-05-18 13:00:00,IB NPI,2.5
2024-05-18 13:00:00,IB OPF,69.5
2024-05-18 13:00:00,SM FT OPF,0.0
2024-05-18 13:00:00,SM GF,2.11
2024-05-18 13:00:00,SM KV OPF,0.0
2024-05-18 13:00:00,SM NPI,1.77012116
2024-05-18 13:00:00,SM TLO,3.67
2024-05-18 13:30:00,IB GF,0.0
2024-05-18 13:30:00,IB NPI,2.5
2024-05-18 13:30:00,IB OPF,69.5
2024-05-18 13:30:00,SM FT OPF,0.0
2024-05-18 13:30:00,SM GF,2.11
2024-05-18 13:30:00,SM KV OPF,0.0
2024-05-18 13:30:00,SM NPI,1.815663831
2024-05-18 13:30:00,SM TLO,3.67
2024-05-18 14:00:00,IB GF,0.0
2024-05-18 14:00:00,IB NPI,2.5
2024-05-18 14:00:00,IB OPF,69.5
2024-05-18 14:00:00,SM FT OPF,0.0
2024-05-18 14:00:00,SM GF,2.11
2024-05-18 14:00:00,SM KV OPF,0.0
2024-05-18 14:00:00,SM NPI,1.878990066
2024-05-18 14:00:00,SM TLO,3.67
2024-05-18 14:30:00,IB GF,0.0
2024-05-18 14:30:00,IB NPI,2.5
2024-05-18 14:30:00,IB OPF,69.5
2024-05-18 14:30:00,SM FT OPF,0.0
2024-05-18 14:30:00,SM GF,2.11
2024-05-18 14:30:00,SM KV OPF,0.0
2024-05-18 14:30:00,SM NPI,1.920964156
2024-05-18 14:30:00,SM TLO,3.67
2024-05-18 15:00:00,IB GF,0.0
2024-05-18 15:00:00,IB NPI,2.5
2024-05-18 15:00:00,IB OPF,69.5
2024-05-18 15:00:00,SM FT OPF,0.0
2024-05-18 15:00:00,SM GF,2.11
2024-05-18 15:00:00,SM KV OPF,0.0
2024-05-18 15:00:00,SM NPI,1.947943445
2024-05-18 15:00:00,SM TLO,3.67
2024-05-18 15:30:00,IB GF,0.0
2024-05-18 15:30:00,IB NPI,2.5
2024-05-18 15:30:00,IB OPF,69.5
2024-05-18 15:30:00,SM FT OPF,0.0
2024-05-18 15:30:00,SM GF,2.11
2024-05-18 15:30:00,SM KV OPF,0.0
2024-05-18 15:30:00,SM NPI,1.995249432
2024-05-18 15:30:00,SM TLO,3.67
2024-05-18 16:00:00,IB GF,0.0
2024-05-18 16:00:00,IB NPI,2.5
2024-05-18 16:00:00,IB OPF,69.5
2024-05-18 16:00:00,SM FT OPF,0.0
2024-05-18 16:00:00,SM GF,2.11
2024-05-18 16:00:00,SM KV OPF,0.0
2024-05-18 16:00:00,SM NPI,1.995592362
2024-05-18 16:00:00,SM TLO,3.67
2024-05-18 16:30:00,IB GF,0.0
2024-05-18 16:30:00,IB NPI,2.5
2024-05-18 16:30:00,IB OPF,69.5
2024-05-18 16:30:00,SM FT OPF,0.0
2024-05-18 16:30:00,SM GF,2.11
2024-05-18 16:30:00,SM KV OPF,0.0
2024-05-18 16:30:00,SM NPI,1.938173828
2024-05-18 16:30:00,SM TLO,3.67
2024-05-18 17:00:00,IB GF,0.0
2024-05-18 17:00:00,IB NPI,2.5
2024-05-18 17:00:00,IB OPF,69.5
2024-05-18 17:00:00,SM FT OPF,0.0
2024-05-18 17:00:00,SM GF,2.11
2024-05-18 17:00:00,SM KV OPF,0.0
2024-05-18 17:00:00,SM NPI,1.894829063
2024-05-18 17:00:00,SM TLO,3.67
2024-05-18 17:30:00,IB GF,0.0
2024-05-18 17:30:00,IB NPI,2.5
2024-05-18 17:30:00,IB OPF,69.5
2024-05-18 17:30:00,SM FT OPF,0.0
2024-05-18 17:30:00,SM GF,2.11
2024-05-18 17:30:00,SM KV OPF,0.0
2024-05-18 17:30:00,SM NPI,1.936230731
2024-05-18 17:30:00,SM TLO,3.67
2024-05-18 18:00:00,IB GF,0.0
2024-05-18 18:00:00,IB NPI,2.5
2024-05-18 18:00:00,IB OPF,69.5
2024-05-18 18:00:00,SM FT OPF,0.0
2024-05-18 18:00:00,SM GF,2.11
2024-05-18 18:00:00,SM KV OPF,0.0
2024-05-18 18:00:00,SM NPI,2.04732573
2024-05-18 18:00:00,SM TLO,3.67
2024-05-18 18:30:00,IB GF,0.0
2024-05-18 18:30:00,IB NPI,2.5
2024-05-18 18:30:00,IB OPF,69.5
2024-05-18 18:30:00,SM FT OPF,0.0
2024-05-18 18:30:00,SM GF,2.11
2024-05-18 18:30:00,SM KV OPF,0.0
2024-05-18 18:30:00,SM NPI,2.1241562
2024-05-18 18:30:00,SM TLO,3.67
2024-05-18 19:00:00,IB GF,0.0
2024-05-18 19:00:00,IB NPI,2.5
2024-05-18 19:00:00,IB OPF,69.5
2024-05-18 19:00:00,SM FT OPF,0.0
2024-05-18 19:00:00,SM GF,2.11
2024-05-18 19:00:00,SM KV OPF,0.0
2024-05-18 19:00:00,SM NPI,2.15596983
2024-05-18 19:00:00,SM TLO,3.67
2024-05-18 19:30:00,IB GF,0.0
2024-05-18 19:30:00,IB NPI,2.5
2024-05-18 19:30:00,IB OPF,69.5
2024-05-18 19:30:00,SM FT OPF,0.0
2024-05-18 19:30:00,SM GF,2.11
2024-05-18 19:30:00,SM KV OPF,0.0
2024-05-18 19:30:00,SM NPI,2.07115095
2024-05-18 19:30:00,SM TLO,3.67
2024-05-18 20:00:00,IB GF,0.0
2024-05-18 20:00:00,IB NPI,2.5
2024-05-18 20:00:00,IB OPF,69.5
2024-05-18 20:00:00,SM FT OPF,0.0
2024-05-18 20:00:00,SM GF,2.11
2024-05-18 20:00:00,SM KV OPF,0.0
2024-05-18 20:00:00,SM NPI,1.899619524
2024-05-18 20:00:00,SM TLO,3.67
2024-05-18 20:30:00,IB GF,0.0
2024-05-18 20:30:00,IB NPI,2.5
2024-05-18 20:30:00,IB OPF,69.5
2024-05-18 20:30:00,SM FT OPF,0.0
2024-05-18 20:30:00,SM GF,2.11
2024-05-18 20:30:00,SM KV OPF,0.0
2024-05-18 20:30:00,SM NPI,1.71681159
2024-05-18 20:30:00,SM TLO,3.67
2024-05-18 21:00:00,IB GF,0.0
2024-05-18 21:00:00,IB NPI,2.5
2024-05-18 21:00:00,IB OPF,69.5
2024-05-18 21:00:00,SM FT OPF,0.0
2024-05-18 21:00:00,SM GF,2.11
2024-05-18 21:00:00,SM KV OPF,0.0
2024-05-18 21:00:00,SM NPI,1.562765043
2024-05-18 21:00:00,SM TLO,3.67
2024-05-18 21:30:00,IB GF,0.0
2024-05-18 21:30:00,IB NPI,2.5
2024-05-18 21:30:00,IB OPF,69.5
2024-05-18 21:30:00,SM FT OPF,0.0
2024-05-18 21:30:00,SM GF,2.11
2024-05-18 21:30:00,SM KV OPF,0.0
2024-05-18 21:30:00,SM NPI,1.473918668
2024-05-18 21:30:00,SM TLO,3.67
2024-05-18 22:00:00,IB GF,0.0
2024-05-18 22:00:00,IB NPI,2.5
2024-05-18 22:00:00,IB OPF,69.5
2024-05-18 22:00:00,SM FT OPF,0.0
2024-05-18 22:00:00,SM GF,2.11
2024-05-18 22:00:00,SM KV OPF,0.0
2024-05-18 22:00:00,SM NPI,1.397558327
2024-05-18 22:00:00,SM TLO,3.67
2024-05-18 22:30:00,IB GF,0.0
2024-05-18 22:30:00,IB NPI,2.5
2024-05-18 22:30:00,IB OPF,69.5
2024-05-18 22:30:00,SM FT OPF,0.0
2024-05-18 22:30:00,SM GF,2.11
2024-05-18 22:30:00,SM KV OPF,0.0
2024-05-18 22:30:00,SM NPI,1.329258398
2024-05-18 22:30:00,SM TLO,3.67
2024-05-18 23:00:00,IB GF,0.0
2024-05-18 23:00:00,IB NPI,2.5
2024-05-18 23:00:00,IB OPF,69.5
2024-05-18 23:00:00,SM FT OPF,0.0
2024-05-18 23:00:00,SM GF,2.11
2024-05-18 23:00:00,SM KV OPF,0.0
2024-05-18 23:00:00,SM NPI,1.275226364
2024-05-18 23:00:00,SM TLO,3.67
2024-05-18 23:30:00,IB GF,0.0
2024-05-18 23:30:00,IB NPI,2.5
2024-05-18 23:30:00,IB OPF,69.5
2024-05-18 23:30:00,SM FT OPF,0.0
2024-05-18 23:30:00,SM GF,2.11
2024-05-18 23:30:00,SM KV OPF,0.0
2024-05-18 23:30:00,SM NPI,1.236801955
2024-05-18 23:30:00,SM TLO,3.67
2024-05-19 00:00:00,IB GF,0.0
2024-05-19 00:00:00,IB NPI,2.5
2024-05-19 00:00:00,IB OPF,69.5
2024-05-19 00:00:00,SM FT OPF,0.0
2024-05-19 00:00:00,SM GF,2.11
2024-05-19 00:00:00,SM KV OPF,0.0
2024-05-19 00:00:00,SM NPI,1.196217693
2024-05-19 00:00:00,SM TLO,3.67
2024-05-19 00:30:00,IB GF,0.0
2024-05-19 00:30:00,IB NPI,2.5
2024-05-19 00:30:00,IB OPF,69.5
2024-05-19 00:30:00,SM FT OPF,0.0
2024-05-19 00:30:00,SM GF,2.11
2024-05-19 00:30:00,SM KV OPF,0.0
2024-05-19 00:30:00,SM NPI,1.169644749
2024-05-19 00:30:00,SM TLO,3.67
2024-05-19 01:00:00,IB GF,0.0
2024-05-19 01:00:00,IB NPI,2.5
2024-05-19 01:00:00,IB OPF,69.5
2024-05-19 01:00:00,SM FT OPF,0.0
2024-05-19 01:00:00,SM GF,2.11
2024-05-19 01:00:00,SM KV OPF,0.0
2024-05-19 01:00:00,SM NPI,1.154378502
2024-05-19 01:00:00,SM TLO,3.67
2024-05-19 01:30:00,IB GF,0.0
2024-05-19 01:30:00,IB NPI,2.5
2024-05-19 01:30:00,IB OPF,69.5
2024-05-19 01:30:00,SM FT OPF,0.0
2024-05-19 01:30:00,SM GF,2.11
2024-05-19 01:30:00,SM KV OPF,0.0
2024-05-19 01:30:00,SM NPI,1.139489578
2024-05-19 01:30:00,SM TLO,3.67
2024-05-19 02:00:00,IB GF,0.0
2024-05-19 02:00:00,IB NPI,2.5
2024-05-19 02:00:00,IB OPF,69.5
2024-05-19 02:00:00,SM FT OPF,0.0
2024-05-19 02:00:00,SM GF,2.11
2024-05-19 02:00:00,SM KV OPF,0.0
2024-05-19 02:00:00,SM NPI,1.133160989
2024-05-19 02:00:00,SM TLO,3.67
2024-05-19 02:30:00,IB GF,0.0
2024-05-19 02:30:00,IB NPI,2.5
2024-05-19 02:30:00,IB OPF,69.5
2024-05-19 02:30:00,SM FT OPF,0.0
2024-05-19 02:30:00,SM GF,2.11
2024-05-19 02:30:00,SM KV OPF,0.0
2024-05-19 02:30:00,SM NPI,1.135031658
2024-05-19 02:30:00,SM TLO,3.67
2024-05-19 03:00:00,IB GF,0.0
2024-05-19 03:00:00,IB NPI,2.5
2024-05-19 03:00:00,IB OPF,69.5
2024-05-19 03:00:00,SM FT OPF,0.0
2024-05-19 03:00:00,SM GF,2.11
2024-05-19 03:00:00,SM KV OPF,0.0
2024-05-19 03:00:00,SM NPI,1.145492889
2024-05-19 03:00:00,SM TLO,3.67
2024-05-19 03:30:00,IB GF,0.0
2024-05-19 03:30:00,IB NPI,2.5
2024-05-19 03:30:00,IB OPF,69.5
2024-05-19 03:30:00,SM FT OPF,0.0
2024-05-19 03:30:00,SM GF,2.11
2024-05-19 03:30:00,SM KV OPF,0.0
2024-05-19 03:30:00,SM NPI,1.219587502
2024-05-19 03:30:00,SM TLO,3.67
2024-05-19 04:00:00,IB GF,0.0
2024-05-19 04:00:00,IB NPI,2.5
2024-05-19 04:00:00,IB OPF,69.5
2024-05-19 04:00:00,SM FT OPF,0.0
2024-05-19 04:00:00,SM GF,2.11
2024-05-19 04:00:00,SM KV OPF,0.0
2024-05-19 04:00:00,SM NPI,1.345134085
2024-05-19 04:00:00,SM TLO,3.67
2024-05-19 04:30:00,IB GF,0.0
2024-05-19 04:30:00,IB NPI,2.5
2024-05-19 04:30:00,IB OPF,69.5
2024-05-19 04:30:00,SM FT OPF,0.0
2024-05-19 04:30:00,SM GF,2.11
2024-05-19 04:30:00,SM KV OPF,0.0
2024-05-19 04:30:00,SM NPI,1.397504996
2024-05-19 04:30:00,SM TLO,3.67
2024-05-19 05:00:00,IB GF,0.0
2024-05-19 05:00:00,IB NPI,2.5
2024-05-19 05:00:00,IB OPF,69.5
2024-05-19 05:00:00,SM FT OPF,0.0
2024-05-19 05:00:00,SM GF,2.11
2024-05-19 05:00:00,SM KV OPF,0.0
2024-05-19 05:00:00,SM NPI,1.363005794
2024-05-19 05:00:00,SM TLO,3.67
2024-05-19 05:30:00,IB GF,0.0
2024-05-19 05:30:00,IB NPI,2.5
2024-05-19 05:30:00,IB OPF,69.5
2024-05-19 05:30:00,SM FT OPF,0.0
2024-05-19 05:30:00,SM GF,2.11
2024-05-19 05:30:00,SM KV OPF,0.0
2024-05-19 05:30:00,SM NPI,1.340063976
2024-05-19 05:30:00,SM TLO,3.67
2024-05-19 06:00:00,IB GF,0.0
2024-05-19 06:00:00,IB NPI,2.5
2024-05-19 06:00:00,IB OPF,69.5
2024-05-19 06:00:00,SM FT OPF,0.0
2024-05-19 06:00:00,SM GF,2.11
2024-05-19 06:00:00,SM KV OPF,0.0
2024-05-19 06:00:00,SM NPI,1.375171684
2024-05-19 06:00:00,SM TLO,3.67
2024-05-19 06:30:00,IB GF,0.0
2024-05-19 06:30:00,IB NPI,2.5
2024-05-19 06:30:00,IB OPF,69.5
2024-05-19 06:30:00,SM FT OPF,0.0
2024-05-19 06:30:00,SM GF,2.11
2024-05-19 06:30:00,SM KV OPF,0.0
2024-05-19 06:30:00,SM NPI,1.399655554
2024-05-19 06:30:00,SM TLO,3.67
2024-05-19 07:00:00,IB GF,0.0
2024-05-19 07:00:00,IB NPI,2.5
2024-05-19 07:00:00,IB OPF,69.5
2024-05-19 07:00:00,SM FT OPF,0.0
2024-05-19 07:00:00,SM GF,2.11
2024-05-19 07:00:00,SM KV OPF,0.0
2024-05-19 07:00:00,SM NPI,1.421749335
2024-05-19 07:00:00,SM TLO,3.67
2024-05-19 07:30:00,IB GF,0.0
2024-05-19 07:30:00,IB NPI,2.5
2024-05-19 07:30:00,IB OPF,69.5
2024-05-19 07:30:00,SM FT OPF,0.0
2024-05-19 07:30:00,SM GF,2.11
2024-05-19 07:30:00,SM KV OPF,0.0
2024-05-19 07:30:00,SM NPI,1.421376884
2024-05-19 07:30:00,SM TLO,3.67
2024-05-19 08:00:00,IB GF,0.0
2024-05-19 08:00:00,IB NPI,2.5
2024-05-19 08:00:00,IB OPF,69.5
2024-05-19 08:00:00,SM FT OPF,0.0
2024-05-19 08:00:00,SM GF,2.11
2024-05-19 08:00:00,SM KV OPF,0.0
2024-05-19 08:00:00,SM NPI,1.410090486
2024-05-19 08:00:00,SM TLO,3.67
2024-05-19 08:30:00,IB GF,0.0
2024-05-19 08:30:00,IB NPI,2.5
2024-05-19 08:30:00,IB OPF,69.5
2024-05-19 08:30:00,SM FT OPF,0.0
2024-05-19 08:30:00,SM GF,2.11
2024-05-19 08:30:00,SM KV OPF,0.0
2024-05-19 08:30:00,SM NPI,1.396156839
2024-05-19 08:30:00,SM TLO,3.67
2024-05-19 09:00:00,IB GF,0.0
2024-05-19 09:00:00,IB NPI,2.5
2024-05-19 09:00:00,IB OPF,69.5
2024-05-19 09:00:00,SM FT OPF,0.0
2024-05-19 09:00:00,SM GF,2.11
2024-05-19 09:00:00,SM KV OPF,0.0
2024-05-19 09:00:00,SM NPI,1.39075302
2024-05-19 09:00:00,SM TLO,3.67
2024-05-19 09:30:00,IB GF,0.0
2024-05-19 09:30:00,IB NPI,2.5
2024-05-19 09:30:00,IB OPF,69.5
2024-05-19 09:30:00,SM FT OPF,0.0
2024-05-19 09:30:00,SM GF,2.11
2024-05-19 09:30:00,SM KV OPF,0.0
2024-05-19 09:30:00,SM NPI,1.438563977
2024-05-19 09:30:00,SM TLO,3.67
2024-05-19 10:00:00,IB GF,0.0
2024-05-19 10:00:00,IB NPI,2.5
2024-05-19 10:00:00,IB OPF,69.5
2024-05-19 10:00:00,SM FT OPF,0.0
2024-05-19 10:00:00,SM GF,2.11
2024-05-19 10:00:00,SM KV OPF,0.0
2024-05-19 10:00:00,SM NPI,1.508191258
2024-05-19 10:00:00,SM TLO,3.67
2024-05-19 10:30:00,IB GF,0.0
2024-05-19 10:30:00,IB NPI,2.5
2024-05-19 10:30:00,IB OPF,69.5
2024-05-19 10:30:00,SM FT OPF,0.0
2024-05-19 10:30:00,SM GF,2.11
2024-05-19 10:30:00,SM KV OPF,0.0
2024-05-19 10:30:00,SM NPI,1.56498068
2024-05-19 10:30:00,SM TLO,3.67
2024-05-19 11:00:00,IB GF,0.0
2024-05-19 11:00:00,IB NPI,2.5
2024-05-19 11:00:00,IB OPF,69.5
2024-05-19 11:00:00,SM FT OPF,0.0
2024-05-19 11:00:00,SM GF,2.11
2024-05-19 11:00:00,SM KV OPF,0.0
2024-05-19 11:00:00,SM NPI,1.614073015
2024-05-19 11:00:00,SM TLO,3.67
2024-05-19 11:30:00,IB GF,0.0
2024-05-19 11:30:00,IB NPI,2.5
2024-05-19 11:30:00,IB OPF,69.5
2024-05-19 11:30:00,SM FT OPF,0.0
2024-05-19 11:30:00,SM GF,2.11
2024-05-19 11:30:00,SM KV OPF,0.0
2024-05-19 11:30:00,SM NPI,1.656332955
2024-05-19 11:30:00,SM TLO,3.67
2024-05-19 12:00:00,IB GF,0.0
2024-05-19 12:00:00,IB NPI,2.5
2024-05-19 12:00:00,IB OPF,69.5
2024-05-19 12:00:00,SM FT OPF,0.0
2024-05-19 12:00:00,SM GF,2.11
2024-05-19 12:00:00,SM KV OPF,0.0
2024-05-19 12:00:00,SM NPI,1.690588178
2024-05-19 12:00:00,SM TLO,3.67
2024-05-19 12:30:00,IB GF,0.0
2024-05-19 12:30:00,IB NPI,2.5
2024-05-19 12:30:00,IB OPF,69.5
2024-05-19 12:30:00,SM FT OPF,0.0
2024-05-19 12:30:00,SM GF,2.11
2024-05-19 12:30:00,SM KV OPF,0.0
2024-05-19 12:30:00,SM NPI,1.720138616
2024-05-19 12:30:00,SM TLO,3.67
2024-05-19 13:00:00,IB GF,0.0
2024-05-19 13:00:00,IB NPI,2.5
2024-05-19 13:00:00,IB OPF,69.5
2024-05-19 13:00:00,SM FT OPF,0.0
2024-05-19 13:00:00,SM GF,2.11
2024-05-19 13:00:00,SM KV OPF,0.0
2024-05-19 13:00:00,SM NPI,1.758846503
2024-05-19 13:00:00,SM TLO,3.67
2024-05-19 13:30:00,IB GF,0.0
2024-05-19 13:30:00,IB NPI,2.5
2024-05-19 13:30:00,IB OPF,69.5
2024-05-19 13:30:00,SM FT OPF,0.0
2024-05-19 13:30:00,SM GF,2.11
2024-05-19 13:30:00,SM KV OPF,0.0
2024-05-19 13:30:00,SM NPI,1.804099093
2024-05-19 13:30:00,SM TLO,3.67
2024-05-19 14:00:00,IB GF,0.0
2024-05-19 14:00:00,IB NPI,2.5
2024-05-19 14:00:00,IB OPF,69.5
2024-05-19 14:00:00,SM FT OPF,0.0
2024-05-19 14:00:00,SM GF,2.11
2024-05-19 14:00:00,SM KV OPF,0.0
2024-05-19 14:00:00,SM NPI,1.867021976
2024-05-19 14:00:00,SM TLO,3.67
2024-05-19 14:30:00,IB GF,0.0
2024-05-19 14:30:00,IB NPI,2.5
2024-05-19 14:30:00,IB OPF,69.5
2024-05-19 14:30:00,SM FT OPF,0.0
2024-05-19 14:30:00,SM GF,2.11
2024-05-19 14:30:00,SM KV OPF,0.0
2024-05-19 14:30:00,SM NPI,1.908728716
2024-05-19 14:30:00,SM TLO,3.67
2024-05-19 15:00:00,IB GF,0.0
2024-05-19 15:00:00,IB NPI,2.5
2024-05-19 15:00:00,IB OPF,69.5
2024-05-19 15:00:00,SM FT OPF,0.0
2024-05-19 15:00:00,SM GF,2.11
2024-05-19 15:00:00,SM KV OPF,0.0
2024-05-19 15:00:00,SM NPI,1.935536162
2024-05-19 15:00:00,SM TLO,3.67
2024-05-19 15:30:00,IB GF,0.0
2024-05-19 15:30:00,IB NPI,2.5
2024-05-19 15:30:00,IB OPF,69.5
2024-05-19 15:30:00,SM FT OPF,0.0
2024-05-19 15:30:00,SM GF,2.11
2024-05-19 15:30:00,SM KV OPF,0.0
2024-05-19 15:30:00,SM NPI,1.982540837
2024-05-19 15:30:00,SM TLO,3.67
2024-05-19 16:00:00,IB GF,0.0
2024-05-19 16:00:00,IB NPI,2.5
2024-05-19 16:00:00,IB OPF,69.5
2024-05-19 16:00:00,SM FT OPF,0.0
2024-05-19 16:00:00,SM GF,2.11
2024-05-19 16:00:00,SM KV OPF,0.0
2024-05-19 16:00:00,SM NPI,1.982881583
2024-05-19 16:00:00,SM TLO,3.67
2024-05-19 16:30:00,IB GF,0.0
2024-05-19 16:30:00,IB NPI,2.5
2024-05-19 16:30:00,IB OPF,69.5
2024-05-19 16:30:00,SM FT OPF,0.0
2024-05-19 16:30:00,SM GF,2.11
2024-05-19 16:30:00,SM KV OPF,0.0
2024-05-19 16:30:00,SM NPI,1.925828771
2024-05-19 16:30:00,SM TLO,3.67
2024-05-19 17:00:00,IB GF,0.0
2024-05-19 17:00:00,IB NPI,2.5
2024-05-19 17:00:00,IB OPF,69.5
2024-05-19 17:00:00,SM FT OPF,0.0
2024-05-19 17:00:00,SM GF,2.11
2024-05-19 17:00:00,SM KV OPF,0.0
2024-05-19 17:00:00,SM NPI,1.882760088
2024-05-19 17:00:00,SM TLO,3.67
2024-05-19 17:30:00,IB GF,0.0
2024-05-19 17:30:00,IB NPI,2.5
2024-05-19 17:30:00,IB OPF,69.5
2024-05-19 17:30:00,SM FT OPF,0.0
2024-05-19 17:30:00,SM GF,2.11
2024-05-19 17:30:00,SM KV OPF,0.0
2024-05-19 17:30:00,SM NPI,1.923898051
2024-05-19 17:30:00,SM TLO,3.67
2024-05-19 18:00:00,IB GF,0.0
2024-05-19 18:00:00,IB NPI,2.5
2024-05-19 18:00:00,IB OPF,69.5
2024-05-19 18:00:00,SM FT OPF,0.0
2024-05-19 18:00:00,SM GF,2.11
2024-05-19 18:00:00,SM KV OPF,0.0
2024-05-19 18:00:00,SM NPI,2.034285439
2024-05-19 18:00:00,SM TLO,3.67
2024-05-19 18:30:00,IB GF,0.0
2024-05-19 18:30:00,IB NPI,2.5
2024-05-19 18:30:00,IB OPF,69.5
2024-05-19 18:30:00,SM FT OPF,0.0
2024-05-19 18:30:00,SM GF,2.11
2024-05-19 18:30:00,SM KV OPF,0.0
2024-05-19 18:30:00,SM NPI,2.110626543
2024-05-19 18:30:00,SM TLO,3.67
2024-05-19 19:00:00,IB GF,0.0
2024-05-19 19:00:00,IB NPI,2.5
2024-05-19 19:00:00,IB OPF,69.5
2024-05-19 19:00:00,SM FT OPF,0.0
2024-05-19 19:00:00,SM GF,2.11
2024-05-19 19:00:00,SM KV OPF,0.0
2024-05-19 19:00:00,SM NPI,2.142237538
2024-05-19 19:00:00,SM TLO,3.67
2024-05-19 19:30:00,IB GF,0.0
2024-05-19 19:30:00,IB NPI,2.5
2024-05-19 19:30:00,IB OPF,69.5
2024-05-19 19:30:00,SM FT OPF,0.0
2024-05-19 19:30:00,SM GF,2.11
2024-05-19 19:30:00,SM KV OPF,0.0
2024-05-19 19:30:00,SM NPI,2.057958905
2024-05-19 19:30:00,SM TLO,3.67
2024-05-19 20:00:00,IB GF,0.0
2024-05-19 20:00:00,IB NPI,2.5
2024-05-19 20:00:00,IB OPF,69.5
2024-05-19 20:00:00,SM FT OPF,0.0
2024-05-19 20:00:00,SM GF,2.11
2024-05-19 20:00:00,SM KV OPF,0.0
2024-05-19 20:00:00,SM NPI,1.887520037
2024-05-19 20:00:00,SM TLO,3.67
2024-05-19 20:30:00,IB GF,0.0
2024-05-19 20:30:00,IB NPI,2.5
2024-05-19 20:30:00,IB OPF,69.5
2024-05-19 20:30:00,SM FT OPF,0.0
2024-05-19 20:30:00,SM GF,2.11
2024-05-19 20:30:00,SM KV OPF,0.0
2024-05-19 20:30:00,SM NPI,1.705876484
2024-05-19 20:30:00,SM TLO,3.67
2024-05-19 21:00:00,IB GF,0.0
2024-05-19 21:00:00,IB NPI,2.5
2024-05-19 21:00:00,IB OPF,69.5
2024-05-19 21:00:00,SM FT OPF,0.0
2024-05-19 21:00:00,SM GF,2.11
2024-05-19 21:00:00,SM KV OPF,0.0
2024-05-19 21:00:00,SM NPI,1.552811125
2024-05-19 21:00:00,SM TLO,3.67
2024-05-19 21:30:00,IB GF,0.0
2024-05-19 21:30:00,IB NPI,2.5
2024-05-19 21:30:00,IB OPF,69.5
2024-05-19 21:30:00,SM FT OPF,0.0
2024-05-19 21:30:00,SM GF,2.11
2024-05-19 21:30:00,SM KV OPF,0.0
2024-05-19 21:30:00,SM NPI,1.464530651
2024-05-19 21:30:00,SM TLO,3.67
2024-05-19 22:00:00,IB GF,0.0
2024-05-19 22:00:00,IB NPI,2.5
2024-05-19 22:00:00,IB OPF,69.5
2024-05-19 22:00:00,SM FT OPF,0.0
2024-05-19 22:00:00,SM GF,2.11
2024-05-19 22:00:00,SM KV OPF,0.0
2024-05-19 22:00:00,SM NPI,1.388656682
2024-05-19 22:00:00,SM TLO,3.67
2024-05-19 22:30:00,IB GF,0.0
2024-05-19 22:30:00,IB NPI,2.5
2024-05-19 22:30:00,IB OPF,69.5
2024-05-19 22:30:00,SM FT OPF,0.0
2024-05-19 22:30:00,SM GF,2.11
2024-05-19 22:30:00,SM KV OPF,0.0
2024-05-19 22:30:00,SM NPI,1.320791784
2024-05-19 22:30:00,SM TLO,3.67
2024-05-19 23:00:00,IB GF,0.0
2024-05-19 23:00:00,IB NPI,2.5
2024-05-19 23:00:00,IB OPF,69.5
2024-05-19 23:00:00,SM FT OPF,0.0
2024-05-19 23:00:00,SM GF,2.11
2024-05-19 23:00:00,SM KV OPF,0.0
2024-05-19 23:00:00,SM NPI,1.267103903
2024-05-19 23:00:00,SM TLO,3.67
2024-05-19 23:30:00,IB GF,0.0
2024-05-19 23:30:00,IB NPI,2.5
2024-05-19 23:30:00,IB OPF,69.5
2024-05-19 23:30:00,SM FT OPF,0.0
2024-05-19 23:30:00,SM GF,2.11
2024-05-19 23:30:00,SM KV OPF,0.0
2024-05-19 23:30:00,SM NPI,1.228924236
2024-05-19 23:30:00,SM TLO,3.67
2024-05-20 00:00:00,IB GF,0.0
2024-05-20 00:00:00,IB NPI,2.5
2024-05-20 00:00:00,IB OPF,69.5
2024-05-20 00:00:00,SM FT OPF,0.0
2024-05-20 00:00:00,SM GF,2.11
2024-05-20 00:00:00,SM KV OPF,0.0
2024-05-20 00:00:00,SM NPI,1.188549631
2024-05-20 00:00:00,SM TLO,3.67
2024-05-20 00:30:00,IB GF,0.0
2024-05-20 00:30:00,IB NPI,2.5
2024-05-20 00:30:00,IB OPF,69.5
2024-05-20 00:30:00,SM FT OPF,0.0
2024-05-20 00:30:00,SM GF,2.11
2024-05-20 00:30:00,SM KV OPF,0.0
2024-05-20 00:30:00,SM NPI,1.162147026
2024-05-20 00:30:00,SM TLO,3.67
2024-05-20 01:00:00,IB GF,0.0
2024-05-20 01:00:00,IB NPI,2.5
2024-05-20 01:00:00,IB OPF,69.5
2024-05-20 01:00:00,SM FT OPF,0.0
2024-05-20 01:00:00,SM GF,2.11
2024-05-20 01:00:00,SM KV OPF,0.0
2024-05-20 01:00:00,SM NPI,1.14697864
2024-05-20 01:00:00,SM TLO,3.67
2024-05-20 01:30:00,IB GF,0.0
2024-05-20 01:30:00,IB NPI,2.5
2024-05-20 01:30:00,IB OPF,69.5
2024-05-20 01:30:00,SM FT OPF,0.0
2024-05-20 01:30:00,SM GF,2.11
2024-05-20 01:30:00,SM KV OPF,0.0
2024-05-20 01:30:00,SM NPI,1.132185158
2024-05-20 01:30:00,SM TLO,3.67
2024-05-20 02:00:00,IB GF,0.0
2024-05-20 02:00:00,IB NPI,2.5
2024-05-20 02:00:00,IB OPF,69.5
2024-05-20 02:00:00,SM FT OPF,0.0
2024-05-20 02:00:00,SM GF,2.11
2024-05-20 02:00:00,SM KV OPF,0.0
2024-05-20 02:00:00,SM NPI,1.125897137
2024-05-20 02:00:00,SM TLO,3.67
2024-05-20 02:30:00,IB GF,0.0
2024-05-20 02:30:00,IB NPI,2.5
2024-05-20 02:30:00,IB OPF,69.5
2024-05-20 02:30:00,SM FT OPF,0.0
2024-05-20 02:30:00,SM GF,2.11
2024-05-20 02:30:00,SM KV OPF,0.0
2024-05-20 02:30:00,SM NPI,1.127755814
2024-05-20 02:30:00,SM TLO,3.67
2024-05-20 03:00:00,IB GF,0.0
2024-05-20 03:00:00,IB NPI,2.5
2024-05-20 03:00:00,IB OPF,69.5
2024-05-20 03:00:00,SM FT OPF,0.0
2024-05-20 03:00:00,SM GF,2.11
2024-05-20 03:00:00,SM KV OPF,0.0
2024-05-20 03:00:00,SM NPI,1.138149986
2024-05-20 03:00:00,SM TLO,3.67
2024-05-20 03:30:00,IB GF,0.0
2024-05-20 03:30:00,IB NPI,2.5
2024-05-20 03:30:00,IB OPF,69.5
2024-05-20 03:30:00,SM FT OPF,0.0
2024-05-20 03:30:00,SM GF,2.11
2024-05-20 03:30:00,SM KV OPF,0.0
2024-05-20 03:30:00,SM NPI,1.211769633
2024-05-20 03:30:00,SM TLO,3.67
2024-05-20 04:00:00,IB GF,0.0
2024-05-20 04:00:00,IB NPI,2.5
2024-05-20 04:00:00,IB OPF,69.5
2024-05-20 04:00:00,SM FT OPF,0.0
2024-05-20 04:00:00,SM GF,2.11
2024-05-20 04:00:00,SM KV OPF,0.0
2024-05-20 04:00:00,SM NPI,1.336511431
2024-05-20 04:00:00,SM TLO,3.67
2024-05-20 04:30:00,IB GF,0.0
2024-05-20 04:30:00,IB NPI,2.5
2024-05-20 04:30:00,IB OPF,69.5
2024-05-20 04:30:00,SM FT OPF,0.0
2024-05-20 04:30:00,SM GF,2.11
2024-05-20 04:30:00,SM KV OPF,0.0
2024-05-20 04:30:00,SM NPI,1.388546631
2024-05-20 04:30:00,SM TLO,3.67
2024-05-20 05:00:00,IB GF,0.0
2024-05-20 05:00:00,IB NPI,2.5
2024-05-20 05:00:00,IB OPF,69.5
2024-05-20 05:00:00,SM FT OPF,0.0
2024-05-20 05:00:00,SM GF,2.11
2024-05-20 05:00:00,SM KV OPF,0.0
2024-05-20 05:00:00,SM NPI,1.354268577
2024-05-20 05:00:00,SM TLO,3.67
2024-05-20 05:30:00,IB GF,0.0
2024-05-20 05:30:00,IB NPI,2.5
2024-05-20 05:30:00,IB OPF,69.5
2024-05-20 05:30:00,SM FT OPF,0.0
2024-05-20 05:30:00,SM GF,2.11
2024-05-20 05:30:00,SM KV OPF,0.0
2024-05-20 05:30:00,SM NPI,1.331473822
2024-05-20 05:30:00,SM TLO,3.67
2024-05-20 06:00:00,IB GF,0.0
2024-05-20 06:00:00,IB NPI,2.5
2024-05-20 06:00:00,IB OPF,69.5
2024-05-20 06:00:00,SM FT OPF,0.0
2024-05-20 06:00:00,SM GF,2.11
2024-05-20 06:00:00,SM KV OPF,0.0
2024-05-20 06:00:00,SM NPI,1.366356481
2024-05-20 06:00:00,SM TLO,3.67
2024-05-20 06:30:00,IB GF,0.0
2024-05-20 06:30:00,IB NPI,2.5
2024-05-20 06:30:00,IB OPF,69.5
2024-05-20 06:30:00,SM FT OPF,0.0
2024-05-20 06:30:00,SM GF,2.11
2024-05-20 06:30:00,SM KV OPF,0.0
2024-05-20 06:30:00,SM NPI,1.390683403
2024-05-20 06:30:00,SM TLO,3.67
2024-05-20 07:00:00,IB GF,0.0
2024-05-20 07:00:00,IB NPI,2.5
2024-05-20 07:00:00,IB OPF,69.5
2024-05-20 07:00:00,SM FT OPF,0.0
2024-05-20 07:00:00,SM GF,2.11
2024-05-20 07:00:00,SM KV OPF,0.0
2024-05-20 07:00:00,SM NPI,1.412635557
2024-05-20 07:00:00,SM TLO,3.67
2024-05-20 07:30:00,IB GF,0.0
2024-05-20 07:30:00,IB NPI,2.5
2024-05-20 07:30:00,IB OPF,69.5
2024-05-20 07:30:00,SM FT OPF,0.0
2024-05-20 07:30:00,SM GF,2.11
2024-05-20 07:30:00,SM KV OPF,0.0
2024-05-20 07:30:00,SM NPI,1.412265494
2024-05-20 07:30:00,SM TLO,3.67
2024-05-20 08:00:00,IB GF,0.0
2024-05-20 08:00:00,IB NPI,2.5
2024-05-20 08:00:00,IB OPF,69.5
2024-05-20 08:00:00,SM FT OPF,0.0
2024-05-20 08:00:00,SM GF,2.11
2024-05-20 08:00:00,SM KV OPF,0.0
2024-05-20 08:00:00,SM NPI,1.401051445
2024-05-20 08:00:00,SM TLO,3.67
2024-05-20 08:30:00,IB GF,0.0
2024-05-20 08:30:00,IB NPI,2.5
2024-05-20 08:30:00,IB OPF,69.5
2024-05-20 08:30:00,SM FT OPF,0.0
2024-05-20 08:30:00,SM GF,2.11
2024-05-20 08:30:00,SM KV OPF,0.0
2024-05-20 08:30:00,SM NPI,1.387207116
2024-05-20 08:30:00,SM TLO,3.67
2024-05-20 09:00:00,IB GF,0.0
2024-05-20 09:00:00,IB NPI,2.5
2024-05-20 09:00:00,IB OPF,69.5
2024-05-20 09:00:00,SM FT OPF,0.0
2024-05-20 09:00:00,SM GF,2.11
2024-05-20 09:00:00,SM KV OPF,0.0
2024-05-20 09:00:00,SM NPI,1.381837936
2024-05-20 09:00:00,SM TLO,3.67
2024-05-20 09:30:00,IB GF,0.0
2024-05-20 09:30:00,IB NPI,2.5
2024-05-20 09:30:00,IB OPF,69.5
2024-05-20 09:30:00,SM FT OPF,0.0
2024-05-20 09:30:00,SM GF,2.11
2024-05-20 09:30:00,SM KV OPF,0.0
2024-05-20 09:30:00,SM NPI,1.429342413
2024-05-20 09:30:00,SM TLO,3.67
2024-05-20 10:00:00,IB GF,0.0
2024-05-20 10:00:00,IB NPI,2.5
2024-05-20 10:00:00,IB OPF,69.5
2024-05-20 10:00:00,SM FT OPF,0.0
2024-05-20 10:00:00,SM GF,2.11
2024-05-20 10:00:00,SM KV OPF,0.0
2024-05-20 10:00:00,SM NPI,1.498523365
2024-05-20 10:00:00,SM TLO,3.67
2024-05-20 10:30:00,IB GF,0.0
2024-05-20 10:30:00,IB NPI,2.5
2024-05-20 10:30:00,IB OPF,69.5
2024-05-20 10:30:00,SM FT OPF,0.0
2024-05-20 10:30:00,SM GF,2.11
2024-05-20 10:30:00,SM KV OPF,0.0
2024-05-20 10:30:00,SM NPI,1.554948752
2024-05-20 10:30:00,SM TLO,3.67
2024-05-20 11:00:00,IB GF,0.0
2024-05-20 11:00:00,IB NPI,2.5
2024-05-20 11:00:00,IB OPF,69.5
2024-05-20 11:00:00,SM FT OPF,0.0
2024-05-20 11:00:00,SM GF,2.11
2024-05-20 11:00:00,SM KV OPF,0.0
2024-05-20 11:00:00,SM NPI,1.603726393
2024-05-20 11:00:00,SM TLO,3.67
2024-05-20 11:30:00,IB GF,0.0
2024-05-20 11:30:00,IB NPI,2.5
2024-05-20 11:30:00,IB OPF,69.5
2024-05-20 11:30:00,SM FT OPF,0.0
2024-05-20 11:30:00,SM GF,2.11
2024-05-20 11:30:00,SM KV OPF,0.0
2024-05-20 11:30:00,SM NPI,1.645715436
2024-05-20 11:30:00,SM TLO,3.67
2024-05-20 12:00:00,IB GF,0.0
2024-05-20 12:00:00,IB NPI,2.5
2024-05-20 12:00:00,IB OPF,69.5
2024-05-20 12:00:00,SM FT OPF,0.0
2024-05-20 12:00:00,SM GF,2.11
2024-05-20 12:00:00,SM KV OPF,0.0
2024-05-20 12:00:00,SM NPI,1.679751075
2024-05-20 12:00:00,SM TLO,3.67
2024-05-20 12:30:00,IB GF,0.0
2024-05-20 12:30:00,IB NPI,2.5
2024-05-20 12:30:00,IB OPF,69.5
2024-05-20 12:30:00,SM FT OPF,0.0
2024-05-20 12:30:00,SM GF,2.11
2024-05-20 12:30:00,SM KV OPF,0.0
2024-05-20 12:30:00,SM NPI,1.709112086
2024-05-20 12:30:00,SM TLO,3.67
2024-05-20 13:00:00,IB GF,0.0
2024-05-20 13:00:00,IB NPI,2.5
2024-05-20 13:00:00,IB OPF,69.5
2024-05-20 13:00:00,SM FT OPF,0.0
2024-05-20 13:00:00,SM GF,2.11
2024-05-20 13:00:00,SM KV OPF,0.0
2024-05-20 13:00:00,SM NPI,1.747571846
2024-05-20 13:00:00,SM TLO,3.67
2024-05-20 13:30:00,IB GF,0.0
2024-05-20 13:30:00,IB NPI,2.5
2024-05-20 13:30:00,IB OPF,69.5
2024-05-20 13:30:00,SM FT OPF,0.0
2024-05-20 13:30:00,SM GF,2.11
2024-05-20 13:30:00,SM KV OPF,0.0
2024-05-20 13:30:00,SM NPI,1.792534355
2024-05-20 13:30:00,SM TLO,3.67
2024-05-20 14:00:00,IB GF,0.0
2024-05-20 14:00:00,IB NPI,2.5
2024-05-20 14:00:00,IB OPF,69.5
2024-05-20 14:00:00,SM FT OPF,0.0
2024-05-20 14:00:00,SM GF,2.11
2024-05-20 14:00:00,SM KV OPF,0.0
2024-05-20 14:00:00,SM NPI,1.855053886
2024-05-20 14:00:00,SM TLO,3.67
2024-05-20 14:30:00,IB GF,0.0
2024-05-20 14:30:00,IB NPI,2.5
2024-05-20 14:30:00,IB OPF,69.5
2024-05-20 14:30:00,SM FT OPF,0.0
2024-05-20 14:30:00,SM GF,2.11
2024-05-20 14:30:00,SM KV OPF,0.0
2024-05-20 14:30:00,SM NPI,1.896493275
2024-05-20 14:30:00,SM TLO,3.67
2024-05-20 15:00:00,IB GF,0.0
2024-05-20 15:00:00,IB NPI,2.5
2024-05-20 15:00:00,IB OPF,69.5
2024-05-20 15:00:00,SM FT OPF,0.0
2024-05-20 15:00:00,SM GF,2.11
2024-05-20 15:00:00,SM KV OPF,0.0
2024-05-20 15:00:00,SM NPI,1.923128878
2024-05-20 15:00:00,SM TLO,3.67
2024-05-20 15:30:00,IB GF,0.0
2024-05-20 15:30:00,IB NPI,2.5
2024-05-20 15:30:00,IB OPF,69.5
2024-05-20 15:30:00,SM FT OPF,0.0
2024-05-20 15:30:00,SM GF,2.11
2024-05-20 15:30:00,SM KV OPF,0.0
2024-05-20 15:30:00,SM NPI,1.969832242
2024-05-20 15:30:00,SM TLO,3.67
2024-05-20 16:00:00,IB GF,0.0
2024-05-20 16:00:00,IB NPI,2.5
2024-05-20 16:00:00,IB OPF,69.5
2024-05-20 16:00:00,SM FT OPF,0.0
2024-05-20 16:00:00,SM GF,2.11
2024-05-20 16:00:00,SM KV OPF,0.0
2024-05-20 16:00:00,SM NPI,1.970170804
2024-05-20 16:00:00,SM TLO,3.67
2024-05-20 16:30:00,IB GF,0.0
2024-05-20 16:30:00,IB NPI,2.5
2024-05-20 16:30:00,IB OPF,69.5
2024-05-20 16:30:00,SM FT OPF,0.0
2024-05-20 16:30:00,SM GF,2.11
2024-05-20 16:30:00,SM KV OPF,0.0
2024-05-20 16:30:00,SM NPI,1.913483715
2024-05-20 16:30:00,SM TLO,3.67
2024-05-20 17:00:00,IB GF,0.0
2024-05-20 17:00:00,IB NPI,2.5
2024-05-20 17:00:00,IB OPF,69.5
2024-05-20 17:00:00,SM FT OPF,0.0
2024-05-20 17:00:00,SM GF,2.11
2024-05-20 17:00:00,SM KV OPF,0.0
2024-05-20 17:00:00,SM NPI,1.870691113
2024-05-20 17:00:00,SM TLO,3.67
2024-05-20 17:30:00,IB GF,0.0
2024-05-20 17:30:00,IB NPI,2.5
2024-05-20 17:30:00,IB OPF,69.5
2024-05-20 17:30:00,SM FT OPF,0.0
2024-05-20 17:30:00,SM GF,2.11
2024-05-20 17:30:00,SM KV OPF,0.0
2024-05-20 17:30:00,SM NPI,1.911565371
2024-05-20 17:30:00,SM TLO,3.67
2024-05-20 18:00:00,IB GF,0.0
2024-05-20 18:00:00,IB NPI,2.5
2024-05-20 18:00:00,IB OPF,69.5
2024-05-20 18:00:00,SM FT OPF,0.0
2024-05-20 18:00:00,SM GF,2.11
2024-05-20 18:00:00,SM KV OPF,0.0
2024-05-20 18:00:00,SM NPI,2.021245148
2024-05-20 18:00:00,SM TLO,3.67
2024-05-20 18:30:00,IB GF,0.0
2024-05-20 18:30:00,IB NPI,2.5
2024-05-20 18:30:00,IB OPF,69.5
2024-05-20 18:30:00,SM FT OPF,0.0
2024-05-20 18:30:00,SM GF,2.11
2024-05-20 18:30:00,SM KV OPF,0.0
2024-05-20 18:30:00,SM NPI,2.097096885
2024-05-20 18:30:00,SM TLO,3.67
2024-05-20 19:00:00,IB GF,0.0
2024-05-20 19:00:00,IB NPI,2.5
2024-05-20 19:00:00,IB OPF,69.5
2024-05-20 19:00:00,SM FT OPF,0.0
2024-05-20 19:00:00,SM GF,2.11
2024-05-20 19:00:00,SM KV OPF,0.0
2024-05-20 19:00:00,SM NPI,2.128505246
2024-05-20 19:00:00,SM TLO,3.67
2024-05-20 19:30:00,IB GF,0.0
2024-05-20 19:30:00,IB NPI,2.5
2024-05-20 19:30:00,IB OPF,69.5
2024-05-20 19:30:00,SM FT OPF,0.0
2024-05-20 19:30:00,SM GF,2.11
2024-05-20 19:30:00,SM KV OPF,0.0
2024-05-20 19:30:00,SM NPI,2.044766861
2024-05-20 19:30:00,SM TLO,3.67
2024-05-20 20:00:00,IB GF,0.0
2024-05-20 20:00:00,IB NPI,2.5
2024-05-20 20:00:00,IB OPF,69.5
2024-05-20 20:00:00,SM FT OPF,0.0
2024-05-20 20:00:00,SM GF,2.11
2024-05-20 20:00:00,SM KV OPF,0.0
2024-05-20 20:00:00,SM NPI,1.87542055
2024-05-20 20:00:00,SM TLO,3.67
2024-05-20 20:30:00,IB GF,0.0
2024-05-20 20:30:00,IB NPI,2.5
2024-05-20 20:30:00,IB OPF,69.5
2024-05-20 20:30:00,SM FT OPF,0.0
2024-05-20 20:30:00,SM GF,2.11
2024-05-20 20:30:00,SM KV OPF,0.0
2024-05-20 20:30:00,SM NPI,1.694941378
2024-05-20 20:30:00,SM TLO,3.67
2024-05-20 21:00:00,IB GF,0.0
2024-05-20 21:00:00,IB NPI,2.5
2024-05-20 21:00:00,IB OPF,69.5
2024-05-20 21:00:00,SM FT OPF,0.0
2024-05-20 21:00:00,SM GF,2.11
2024-05-20 21:00:00,SM KV OPF,0.0
2024-05-20 21:00:00,SM NPI,1.542857208
2024-05-20 21:00:00,SM TLO,3.67
2024-05-20 21:30:00,IB GF,0.0
2024-05-20 21:30:00,IB NPI,2.5
2024-05-20 21:30:00,IB OPF,69.5
2024-05-20 21:30:00,SM FT OPF,0.0
2024-05-20 21:30:00,SM GF,2.11
2024-05-20 21:30:00,SM KV OPF,0.0
2024-05-20 21:30:00,SM NPI,1.455142634
2024-05-20 21:30:00,SM TLO,3.67
2024-05-20 22:00:00,IB GF,0.0
2024-05-20 22:00:00,IB NPI,2.5
2024-05-20 22:00:00,IB OPF,69.5
2024-05-20 22:00:00,SM FT OPF,0.0
2024-05-20 22:00:00,SM GF,2.11
2024-05-20 22:00:00,SM KV OPF,0.0
2024-05-20 22:00:00,SM NPI,1.379755036
2024-05-20 22:00:00,SM TLO,3.67
2024-05-20 22:30:00,IB GF,0.0
2024-05-20 22:30:00,IB NPI,2.5
2024-05-20 22:30:00,IB OPF,69.5
2024-05-20 22:30:00,SM FT OPF,0.0
2024-05-20 22:30:00,SM GF,2.11
2024-05-20 22:30:00,SM KV OPF,0.0
2024-05-20 22:30:00,SM NPI,1.31232517
2024-05-20 22:30:00,SM TLO,3.67
2024-05-20 23:00:00,IB GF,0.0
2024-05-20 23:00:00,IB NPI,2.5
2024-05-20 23:00:00,IB OPF,69.5
2024-05-20 23:00:00,SM FT OPF,0.0
2024-05-20 23:00:00,SM GF,2.11
2024-05-20 23:00:00,SM KV OPF,0.0
2024-05-20 23:00:00,SM NPI,1.258981442
2024-05-20 23:00:00,SM TLO,3.67
2024-05-20 23:30:00,IB GF,0.0
2024-05-20 23:30:00,IB NPI,2.5
2024-05-20 23:30:00,IB OPF,69.5
2024-05-20 23:30:00,SM FT OPF,0.0
2024-05-20 23:30:00,SM GF,2.11
2024-05-20 23:30:00,SM KV OPF,0.0
2024-05-20 23:30:00,SM NPI,1.221046516
2024-05-20 23:30:00,SM TLO,3.67
2024-05-21 00:00:00,IB GF,0.0
2024-05-21 00:00:00,IB NPI,2.5
2024-05-21 00:00:00,IB OPF,69.5
2024-05-21 00:00:00,SM FT OPF,0.0
2024-05-21 00:00:00,SM GF,2.11
2024-05-21 00:00:00,SM KV OPF,0.0
2024-05-21 00:00:00,SM NPI,1.180881569
2024-05-21 00:00:00,SM TLO,3.67
2024-05-21 00:30:00,IB GF,0.0
2024-05-21 00:30:00,IB NPI,2.5
2024-05-21 00:30:00,IB OPF,69.5
2024-05-21 00:30:00,SM FT OPF,0.0
2024-05-21 00:30:00,SM GF,2.11
2024-05-21 00:30:00,SM KV OPF,0.0
2024-05-21 00:30:00,SM NPI,1.154649303
2024-05-21 00:30:00,SM TLO,3.67
2024-05-21 01:00:00,IB GF,0.0
2024-05-21 01:00:00,IB NPI,2.5
2024-05-21 01:00:00,IB OPF,69.5
2024-05-21 01:00:00,SM FT OPF,0.0
2024-05-21 01:00:00,SM GF,2.11
2024-05-21 01:00:00,SM KV OPF,0.0
2024-05-21 01:00:00,SM NPI,1.139578778
2024-05-21 01:00:00,SM TLO,3.67
2024-05-21 01:30:00,IB GF,0.0
2024-05-21 01:30:00,IB NPI,2.5
2024-05-21 01:30:00,IB OPF,69.5
2024-05-21 01:30:00,SM FT OPF,0.0
2024-05-21 01:30:00,SM GF,2.11
2024-05-21 01:30:00,SM KV OPF,0.0
2024-05-21 01:30:00,SM NPI,1.124880738
2024-05-21 01:30:00,SM TLO,3.67
2024-05-21 02:00:00,IB GF,0.0
2024-05-21 02:00:00,IB NPI,2.5
2024-05-21 02:00:00,IB OPF,69.5
2024-05-21 02:00:00,SM FT OPF,0.0
2024-05-21 02:00:00,SM GF,2.11
2024-05-21 02:00:00,SM KV OPF,0.0
2024-05-21 02:00:00,SM NPI,1.118633284
2024-05-21 02:00:00,SM TLO,3.67
2024-05-21 02:30:00,IB GF,0.0
2024-05-21 02:30:00,IB NPI,2.5
2024-05-21 02:30:00,IB OPF,69.5
2024-05-21 02:30:00,SM FT OPF,0.0
2024-05-21 02:30:00,SM GF,2.11
2024-05-21 02:30:00,SM KV OPF,0.0
2024-05-21 02:30:00,SM NPI,1.12047997
2024-05-21 02:30:00,SM TLO,3.67
2024-05-21 03:00:00,IB GF,0.0
2024-05-21 03:00:00,IB NPI,2.5
2024-05-21 03:00:00,IB OPF,69.5
2024-05-21 03:00:00,SM FT OPF,0.0
2024-05-21 03:00:00,SM GF,2.11
2024-05-21 03:00:00,SM KV OPF,0.0
2024-05-21 03:00:00,SM NPI,1.130807083
2024-05-21 03:00:00,SM TLO,3.67
2024-05-21 03:30:00,IB GF,0.0
2024-05-21 03:30:00,IB NPI,2.5
2024-05-21 03:30:00,IB OPF,69.5
2024-05-21 03:30:00,SM FT OPF,0.0
2024-05-21 03:30:00,SM GF,2.11
2024-05-21 03:30:00,SM KV OPF,0.0
2024-05-21 03:30:00,SM NPI,1.203951764
2024-05-21 03:30:00,SM TLO,3.67
2024-05-21 04:00:00,IB GF,0.0
2024-05-21 04:00:00,IB NPI,2.5
2024-05-21 04:00:00,IB OPF,69.5
2024-05-21 04:00:00,SM FT OPF,0.0
2024-05-21 04:00:00,SM GF,2.11
2024-05-21 04:00:00,SM KV OPF,0.0
2024-05-21 04:00:00,SM NPI,1.327888777
2024-05-21 04:00:00,SM TLO,3.67
2024-05-21 04:30:00,IB GF,0.0
2024-05-21 04:30:00,IB NPI,2.5
2024-05-21 04:30:00,IB OPF,69.5
2024-05-21 04:30:00,SM FT OPF,0.0
2024-05-21 04:30:00,SM GF,2.11
2024-05-21 04:30:00,SM KV OPF,0.0
2024-05-21 04:30:00,SM NPI,1.379588265
2024-05-21 04:30:00,SM TLO,3.67
2024-05-21 05:00:00,IB GF,0.0
2024-05-21 05:00:00,IB NPI,2.5
2024-05-21 05:00:00,IB OPF,69.5
2024-05-21 05:00:00,SM FT OPF,0.0
2024-05-21 05:00:00,SM GF,2.11
2024-05-21 05:00:00,SM KV OPF,0.0
2024-05-21 05:00:00,SM NPI,1.34553136
2024-05-21 05:00:00,SM TLO,3.67
2024-05-21 05:30:00,IB GF,0.0
2024-05-21 05:30:00,IB NPI,2.5
2024-05-21 05:30:00,IB OPF,69.5
2024-05-21 05:30:00,SM FT OPF,0.0
2024-05-21 05:30:00,SM GF,2.11
2024-05-21 05:30:00,SM KV OPF,0.0
2024-05-21 05:30:00,SM NPI,1.322883669
2024-05-21 05:30:00,SM TLO,3.67
2024-05-21 06:00:00,IB GF,0.0
2024-05-21 06:00:00,IB NPI,2.5
2024-05-21 06:00:00,IB OPF,69.5
2024-05-21 06:00:00,SM FT OPF,0.0
2024-05-21 06:00:00,SM GF,2.11
2024-05-21 06:00:00,SM KV OPF,0.0
2024-05-21 06:00:00,SM NPI,1.357541278
2024-05-21 06:00:00,SM TLO,3.71
2024-05-21 06:30:00,IB GF,0.0
2024-05-21 06:30:00,IB NPI,2.5
2024-05-21 06:30:00,IB OPF,69.5
2024-05-21 06:30:00,SM FT OPF,0.0
2024-05-21 06:30:00,SM GF,2.11
2024-05-21 06:30:00,SM KV OPF,0.0
2024-05-21 06:30:00,SM NPI,1.381711252
2024-05-21 06:30:00,SM TLO,3.71
2024-05-21 07:00:00,IB GF,0.0
2024-05-21 07:00:00,IB NPI,2.5
2024-05-21 07:00:00,IB OPF,69.5
2024-05-21 07:00:00,SM FT OPF,0.0
2024-05-21 07:00:00,SM GF,2.11
2024-05-21 07:00:00,SM KV OPF,0.0
2024-05-21 07:00:00,SM NPI,1.403521779
2024-05-21 07:00:00,SM TLO,3.71
2024-05-21 07:30:00,IB GF,0.0
2024-05-21 07:30:00,IB NPI,2.5
2024-05-21 07:30:00,IB OPF,69.5
2024-05-21 07:30:00,SM FT OPF,0.0
2024-05-21 07:30:00,SM GF,2.11
2024-05-21 07:30:00,SM KV OPF,0.0
2024-05-21 07:30:00,SM NPI,1.403154104
2024-05-21 07:30:00,SM TLO,3.71
2024-05-21 08:00:00,IB GF,0.0
2024-05-21 08:00:00,IB NPI,2.5
2024-05-21 08:00:00,IB OPF,69.5
2024-05-21 08:00:00,SM FT OPF,0.0
2024-05-21 08:00:00,SM GF,2.11
2024-05-21 08:00:00,SM KV OPF,0.0
2024-05-21 08:00:00,SM NPI,1.392012403
2024-05-21 08:00:00,SM TLO,3.71
2024-05-21 08:30:00,IB GF,0.0
2024-05-21 08:30:00,IB NPI,2.5
2024-05-21 08:30:00,IB OPF,69.5
2024-05-21 08:30:00,SM FT OPF,0.0
2024-05-21 08:30:00,SM GF,2.11
2024-05-21 08:30:00,SM KV OPF,0.0
2024-05-21 08:30:00,SM NPI,1.378257392
2024-05-21 08:30:00,SM TLO,3.71
2024-05-21 09:00:00,IB GF,0.0
2024-05-21 09:00:00,IB NPI,2.5
2024-05-21 09:00:00,IB OPF,69.5
2024-05-21 09:00:00,SM FT OPF,0.0
2024-05-21 09:00:00,SM GF,2.11
2024-05-21 09:00:00,SM KV OPF,0.0
2024-05-21 09:00:00,SM NPI,1.372922853
2024-05-21 09:00:00,SM TLO,3.71
2024-05-21 09:30:00,IB GF,0.0
2024-05-21 09:30:00,IB NPI,2.5
2024-05-21 09:30:00,IB OPF,69.5
2024-05-21 09:30:00,SM FT OPF,0.0
2024-05-21 09:30:00,SM GF,2.11
2024-05-21 09:30:00,SM KV OPF,0.0
2024-05-21 09:30:00,SM NPI,1.42012085
2024-05-21 09:30:00,SM TLO,3.71
2024-05-21 10:00:00,IB GF,0.0
2024-05-21 10:00:00,IB NPI,2.5
2024-05-21 10:00:00,IB OPF,69.5
2024-05-21 10:00:00,SM FT OPF,0.0
2024-05-21 10:00:00,SM GF,2.11
2024-05-21 10:00:00,SM KV OPF,0.0
2024-05-21 10:00:00,SM NPI,1.488855472
2024-05-21 10:00:00,SM TLO,3.71
2024-05-21 10:30:00,IB GF,0.0
2024-05-21 10:30:00,IB NPI,2.5
2024-05-21 10:30:00,IB OPF,69.5
2024-05-21 10:30:00,SM FT OPF,0.0
2024-05-21 10:30:00,SM GF,2.11
2024-05-21 10:30:00,SM KV OPF,0.0
2024-05-21 10:30:00,SM NPI,1.544916825
2024-05-21 10:30:00,SM TLO,3.71
2024-05-21 11:00:00,IB GF,0.0
2024-05-21 11:00:00,IB NPI,2.5
2024-05-21 11:00:00,IB OPF,69.5
2024-05-21 11:00:00,SM FT OPF,0.0
2024-05-21 11:00:00,SM GF,2.11
2024-05-21 11:00:00,SM KV OPF,0.0
2024-05-21 11:00:00,SM NPI,1.593379771
2024-05-21 11:00:00,SM TLO,3.71
2024-05-21 11:30:00,IB GF,0.0
2024-05-21 11:30:00,IB NPI,2.5
2024-05-21 11:30:00,IB OPF,69.5
2024-05-21 11:30:00,SM FT OPF,0.0
2024-05-21 11:30:00,SM GF,2.11
2024-05-21 11:30:00,SM KV OPF,0.0
2024-05-21 11:30:00,SM NPI,1.635097917
2024-05-21 11:30:00,SM TLO,3.71
2024-05-21 12:00:00,IB GF,0.0
2024-05-21 12:00:00,IB NPI,2.5
2024-05-21 12:00:00,IB OPF,69.5
2024-05-21 12:00:00,SM FT OPF,0.0
2024-05-21 12:00:00,SM GF,2.11
2024-05-21 12:00:00,SM KV OPF,0.0
2024-05-21 12:00:00,SM NPI,1.668913971
2024-05-21 12:00:00,SM TLO,3.71
2024-05-21 12:30:00,IB GF,0.0
2024-05-21 12:30:00,IB NPI,2.5
2024-05-21 12:30:00,IB OPF,69.5
2024-05-21 12:30:00,SM FT OPF,0.0
2024-05-21 12:30:00,SM GF,2.11
2024-05-21 12:30:00,SM KV OPF,0.0
2024-05-21 12:30:00,SM NPI,1.698085557
2024-05-21 12:30:00,SM TLO,3.71
2024-05-21 13:00:00,IB GF,0.0
2024-05-21 13:00:00,IB NPI,2.5
2024-05-21 13:00:00,IB OPF,69.5
2024-05-21 13:00:00,SM FT OPF,0.0
2024-05-21 13:00:00,SM GF,2.11
2024-05-21 13:00:00,SM KV OPF,0.0
2024-05-21 13:00:00,SM NPI,1.736297189
2024-05-21 13:00:00,SM TLO,3.71
2024-05-21 13:30:00,IB GF,0.0
2024-05-21 13:30:00,IB NPI,2.5
2024-05-21 13:30:00,IB OPF,69.5
2024-05-21 13:30:00,SM FT OPF,0.0
2024-05-21 13:30:00,SM GF,2.11
2024-05-21 13:30:00,SM KV OPF,0.0
2024-05-21 13:30:00,SM NPI,1.780969618
2024-05-21 13:30:00,SM TLO,3.71
2024-05-21 14:00:00,IB GF,0.0
2024-05-21 14:00:00,IB NPI,2.5
2024-05-21 14:00:00,IB OPF,69.5
2024-05-21 14:00:00,SM FT OPF,0.0
2024-05-21 14:00:00,SM GF,2.11
2024-05-21 14:00:00,SM KV OPF,0.0
2024-05-21 14:00:00,SM NPI,1.843085797
2024-05-21 14:00:00,SM TLO,3.71
2024-05-21 14:30:00,IB GF,0.0
2024-05-21 14:30:00,IB NPI,2.5
2024-05-21 14:30:00,IB OPF,69.5
2024-05-21 14:30:00,SM FT OPF,0.0
2024-05-21 14:30:00,SM GF,2.11
2024-05-21 14:30:00,SM KV OPF,0.0
2024-05-21 14:30:00,SM NPI,1.884257835
2024-05-21 14:30:00,SM TLO,3.71
2024-05-21 15:00:00,IB GF,0.0
2024-05-21 15:00:00,IB NPI,2.5
2024-05-21 15:00:00,IB OPF,69.5
2024-05-21 15:00:00,SM FT OPF,0.0
2024-05-21 15:00:00,SM GF,2.11
2024-05-21 15:00:00,SM KV OPF,0.0
2024-05-21 15:00:00,SM NPI,1.910721595
2024-05-21 15:00:00,SM TLO,3.71
2024-05-21 15:30:00,IB GF,0.0
2024-05-21 15:30:00,IB NPI,2.5
2024-05-21 15:30:00,IB OPF,69.5
2024-05-21 15:30:00,SM FT OPF,0.0
2024-05-21 15:30:00,SM GF,2.11
2024-05-21 15:30:00,SM KV OPF,0.0
2024-05-21 15:30:00,SM NPI,1.957123647
2024-05-21 15:30:00,SM TLO,3.71
2024-05-21 16:00:00,IB GF,0.0
2024-05-21 16:00:00,IB NPI,2.5
2024-05-21 16:00:00,IB OPF,69.5
2024-05-21 16:00:00,SM FT OPF,0.0
2024-05-21 16:00:00,SM GF,2.11
2024-05-21 16:00:00,SM KV OPF,0.0
2024-05-21 16:00:00,SM NPI,1.957460024
2024-05-21 16:00:00,SM TLO,3.71
2024-05-21 16:30:00,IB GF,0.0
2024-05-21 16:30:00,IB NPI,2.5
2024-05-21 16:30:00,IB OPF,69.5
2024-05-21 16:30:00,SM FT OPF,0.0
2024-05-21 16:30:00,SM GF,2.11
2024-05-21 16:30:00,SM KV OPF,0.0
2024-05-21 16:30:00,SM NPI,1.901138659
2024-05-21 16:30:00,SM TLO,3.71
2024-05-21 17:00:00,IB GF,0.0
2024-05-21 17:00:00,IB NPI,2.5
2024-05-21 17:00:00,IB OPF,69.5
2024-05-21 17:00:00,SM FT OPF,0.0
2024-05-21 17:00:00,SM GF,2.11
2024-05-21 17:00:00,SM KV OPF,0.0
2024-05-21 17:00:00,SM NPI,1.858622138
2024-05-21 17:00:00,SM TLO,3.71
2024-05-21 17:30:00,IB GF,0.0
2024-05-21 17:30:00,IB NPI,2.5
2024-05-21 17:30:00,IB OPF,69.5
2024-05-21 17:30:00,SM FT OPF,0.0
2024-05-21 17:30:00,SM GF,2.11
2024-05-21 17:30:00,SM KV OPF,0.0
2024-05-21 17:30:00,SM NPI,1.899232692
2024-05-21 17:30:00,SM TLO,3.71
2024-05-21 18:00:00,IB GF,0.0
2024-05-21 18:00:00,IB NPI,2.5
2024-05-21 18:00:00,IB OPF,69.5
2024-05-21 18:00:00,SM FT OPF,0.0
2024-05-21 18:00:00,SM GF,2.11
2024-05-21 18:00:00,SM KV OPF,0.0
2024-05-21 18:00:00,SM NPI,2.008204857
2024-05-21 18:00:00,SM TLO,3.71
2024-05-21 18:30:00,IB GF,0.0
2024-05-21 18:30:00,IB NPI,2.5
2024-05-21 18:30:00,IB OPF,69.5
2024-05-21 18:30:00,SM FT OPF,0.0
2024-05-21 18:30:00,SM GF,2.11
2024-05-21 18:30:00,SM KV OPF,0.0
2024-05-21 18:30:00,SM NPI,2.083567228
2024-05-21 18:30:00,SM TLO,3.71
2024-05-21 19:00:00,IB GF,0.0
2024-05-21 19:00:00,IB NPI,2.5
2024-05-21 19:00:00,IB OPF,69.5
2024-05-21 19:00:00,SM FT OPF,0.0
2024-05-21 19:00:00,SM GF,2.11
2024-05-21 19:00:00,SM KV OPF,0.0
2024-05-21 19:00:00,SM NPI,2.114772954
2024-05-21 19:00:00,SM TLO,3.71
2024-05-21 19:30:00,IB GF,0.0
2024-05-21 19:30:00,IB NPI,2.5
2024-05-21 19:30:00,IB OPF,69.5
2024-05-21 19:30:00,SM FT OPF,0.0
2024-05-21 19:30:00,SM GF,2.11
2024-05-21 19:30:00,SM KV OPF,0.0
2024-05-21 19:30:00,SM NPI,2.031574817
2024-05-21 19:30:00,SM TLO,3.71
2024-05-21 20:00:00,IB GF,0.0
2024-05-21 20:00:00,IB NPI,2.5
2024-05-21 20:00:00,IB OPF,69.5
2024-05-21 20:00:00,SM FT OPF,0.0
2024-05-21 20:00:00,SM GF,2.11
2024-05-21 20:00:00,SM KV OPF,0.0
2024-05-21 20:00:00,SM NPI,1.863321062
2024-05-21 20:00:00,SM TLO,3.71
2024-05-21 20:30:00,IB GF,0.0
2024-05-21 20:30:00,IB NPI,2.5
2024-05-21 20:30:00,IB OPF,69.5
2024-05-21 20:30:00,SM FT OPF,0.0
2024-05-21 20:30:00,SM GF,2.11
2024-05-21 20:30:00,SM KV OPF,0.0
2024-05-21 20:30:00,SM NPI,1.684006273
2024-05-21 20:30:00,SM TLO,3.71
2024-05-21 21:00:00,IB GF,0.0
2024-05-21 21:00:00,IB NPI,2.5
2024-05-21 21:00:00,IB OPF,69.5
2024-05-21 21:00:00,SM FT OPF,0.0
2024-05-21 21:00:00,SM GF,2.11
2024-05-21 21:00:00,SM KV OPF,0.0
2024-05-21 21:00:00,SM NPI,1.53290329
2024-05-21 21:00:00,SM TLO,3.71
2024-05-21 21:30:00,IB GF,0.0
2024-05-21 21:30:00,IB NPI,2.5
2024-05-21 21:30:00,IB OPF,69.5
2024-05-21 21:30:00,SM FT OPF,0.0
2024-05-21 21:30:00,SM GF,2.11
2024-05-21 21:30:00,SM KV OPF,0.0
2024-05-21 21:30:00,SM NPI,1.445754617
2024-05-21 21:30:00,SM TLO,3.71
2024-05-21 22:00:00,IB GF,0.0
2024-05-21 22:00:00,IB NPI,2.5
2024-05-21 22:00:00,IB OPF,69.5
2024-05-21 22:00:00,SM FT OPF,0.0
2024-05-21 22:00:00,SM GF,2.11
2024-05-21 22:00:00,SM KV OPF,0.0
2024-05-21 22:00:00,SM NPI,1.370853391
2024-05-21 22:00:00,SM TLO,3.71
2024-05-21 22:30:00,IB GF,0.0
2024-05-21 22:30:00,IB NPI,2.5
2024-05-21 22:30:00,IB OPF,69.5
2024-05-21 22:30:00,SM FT OPF,0.0
2024-05-21 22:30:00,SM GF,2.11
2024-05-21 22:30:00,SM KV OPF,0.0
2024-05-21 22:30:00,SM NPI,1.303858556
2024-05-21 22:30:00,SM TLO,3.71
2024-05-21 23:00:00,IB GF,0.0
2024-05-21 23:00:00,IB NPI,2.5
2024-05-21 23:00:00,IB OPF,69.5
2024-05-21 23:00:00,SM FT OPF,0.0
2024-05-21 23:00:00,SM GF,2.11
2024-05-21 23:00:00,SM KV OPF,0.0
2024-05-21 23:00:00,SM NPI,1.250858981
2024-05-21 23:00:00,SM TLO,3.71
2024-05-21 23:30:00,IB GF,0.0
2024-05-21 23:30:00,IB NPI,2.5
2024-05-21 23:30:00,IB OPF,69.5
2024-05-21 23:30:00,SM FT OPF,0.0
2024-05-21 23:30:00,SM GF,2.11
2024-05-21 23:30:00,SM KV OPF,0.0
2024-05-21 23:30:00,SM NPI,1.213168797
2024-05-21 23:30:00,SM TLO,3.71
2024-05-22 00:00:00,IB GF,0.0
2024-05-22 00:00:00,IB NPI,2.5
2024-05-22 00:00:00,IB OPF,69.5
2024-05-22 00:00:00,SM FT OPF,0.0
2024-05-22 00:00:00,SM GF,2.11
2024-05-22 00:00:00,SM KV OPF,0.0
2024-05-22 00:00:00,SM NPI,1.180881569
2024-05-22 00:00:00,SM TLO,3.71
2024-05-22 00:30:00,IB GF,0.0
2024-05-22 00:30:00,IB NPI,2.5
2024-05-22 00:30:00,IB OPF,69.5
2024-05-22 00:30:00,SM FT OPF,0.0
2024-05-22 00:30:00,SM GF,2.11
2024-05-22 00:30:00,SM KV OPF,0.0
2024-05-22 00:30:00,SM NPI,1.154649303
2024-05-22 00:30:00,SM TLO,3.71
2024-05-22 01:00:00,IB GF,0.0
2024-05-22 01:00:00,IB NPI,2.5
2024-05-22 01:00:00,IB OPF,69.5
2024-05-22 01:00:00,SM FT OPF,0.0
2024-05-22 01:00:00,SM GF,2.11
2024-05-22 01:00:00,SM KV OPF,0.0
2024-05-22 01:00:00,SM NPI,1.139578778
2024-05-22 01:00:00,SM TLO,3.71
2024-05-22 01:30:00,IB GF,0.0
2024-05-22 01:30:00,IB NPI,2.5
2024-05-22 01:30:00,IB OPF,69.5
2024-05-22 01:30:00,SM FT OPF,0.0
2024-05-22 01:30:00,SM GF,2.11
2024-05-22 01:30:00,SM KV OPF,0.0
2024-05-22 01:30:00,SM NPI,1.124880738
2024-05-22 01:30:00,SM TLO,3.71
2024-05-22 02:00:00,IB GF,0.0
2024-05-22 02:00:00,IB NPI,2.5
2024-05-22 02:00:00,IB OPF,69.5
2024-05-22 02:00:00,SM FT OPF,0.0
2024-05-22 02:00:00,SM GF,2.11
2024-05-22 02:00:00,SM KV OPF,0.0
2024-05-22 02:00:00,SM NPI,1.118633284
2024-05-22 02:00:00,SM TLO,3.71
2024-05-22 02:30:00,IB GF,0.0
2024-05-22 02:30:00,IB NPI,2.5
2024-05-22 02:30:00,IB OPF,69.5
2024-05-22 02:30:00,SM FT OPF,0.0
2024-05-22 02:30:00,SM GF,2.11
2024-05-22 02:30:00,SM KV OPF,0.0
2024-05-22 02:30:00,SM NPI,1.12047997
2024-05-22 02:30:00,SM TLO,3.71
2024-05-22 03:00:00,IB GF,0.0
2024-05-22 03:00:00,IB NPI,2.5
2024-05-22 03:00:00,IB OPF,69.5
2024-05-22 03:00:00,SM FT OPF,0.0
2024-05-22 03:00:00,SM GF,2.11
2024-05-22 03:00:00,SM KV OPF,0.0
2024-05-22 03:00:00,SM NPI,1.130807083
2024-05-22 03:00:00,SM TLO,3.71
2024-05-22 03:30:00,IB GF,0.0
2024-05-22 03:30:00,IB NPI,2.5
2024-05-22 03:30:00,IB OPF,69.5
2024-05-22 03:30:00,SM FT OPF,0.0
2024-05-22 03:30:00,SM GF,2.11
2024-05-22 03:30:00,SM KV OPF,0.0
2024-05-22 03:30:00,SM NPI,1.203951764
2024-05-22 03:30:00,SM TLO,3.71
2024-05-22 04:00:00,IB GF,0.0
2024-05-22 04:00:00,IB NPI,2.5
2024-05-22 04:00:00,IB OPF,69.5
2024-05-22 04:00:00,SM FT OPF,0.0
2024-05-22 04:00:00,SM GF,2.11
2024-05-22 04:00:00,SM KV OPF,0.0
2024-05-22 04:00:00,SM NPI,1.327888777
2024-05-22 04:00:00,SM TLO,3.71
2024-05-22 04:30:00,IB GF,0.0
2024-05-22 04:30:00,IB NPI,2.5
2024-05-22 04:30:00,IB OPF,69.5
2024-05-22 04:30:00,SM FT OPF,0.0
2024-05-22 04:30:00,SM GF,2.11
2024-05-22 04:30:00,SM KV OPF,0.0
2024-05-22 04:30:00,SM NPI,1.379588265
2024-05-22 04:30:00,SM TLO,3.71
2024-05-22 05:00:00,IB GF,0.0
2024-05-22 05:00:00,IB NPI,2.5
2024-05-22 05:00:00,IB OPF,69.5
2024-05-22 05:00:00,SM FT OPF,0.0
2024-05-22 05:00:00,SM GF,2.11
2024-05-22 05:00:00,SM KV OPF,0.0
2024-05-22 05:00:00,SM NPI,1.34553136
2024-05-22 05:00:00,SM TLO,3.71
2024-05-22 05:30:00,IB GF,0.0
2024-05-22 05:30:00,IB NPI,2.5
2024-05-22 05:30:00,IB OPF,69.5
2024-05-22 05:30:00,SM FT OPF,0.0
2024-05-22 05:30:00,SM GF,2.11
2024-05-22 05:30:00,SM KV OPF,0.0
2024-05-22 05:30:00,SM NPI,1.322883669
2024-05-22 05:30:00,SM TLO,3.71
2024-05-22 06:00:00,IB GF,0.0
2024-05-22 06:00:00,IB NPI,2.5
2024-05-22 06:00:00,IB OPF,69.5
2024-05-22 06:00:00,SM FT OPF,0.0
2024-05-22 06:00:00,SM GF,2.11
2024-05-22 06:00:00,SM KV OPF,0.0
2024-05-22 06:00:00,SM NPI,1.357541278
2024-05-22 06:00:00,SM TLO,0.0
2024-05-22 06:30:00,IB GF,0.0
2024-05-22 06:30:00,IB NPI,2.5
2024-05-22 06:30:00,IB OPF,69.5
2024-05-22 06:30:00,SM FT OPF,0.0
2024-05-22 06:30:00,SM GF,2.11
2024-05-22 06:30:00,SM KV OPF,0.0
2024-05-22 06:30:00,SM NPI,1.381711252
2024-05-22 06:30:00,SM TLO,0.0
2024-05-22 07:00:00,IB GF,0.0
2024-05-22 07:00:00,IB NPI,2.5
2024-05-22 07:00:00,IB OPF,69.5
2024-05-22 07:00:00,SM FT OPF,0.0
2024-05-22 07:00:00,SM GF,2.11
2024-05-22 07:00:00,SM KV OPF,0.0
2024-05-22 07:00:00,SM NPI,1.403521779
2024-05-22 07:00:00,SM TLO,0.0
2024-05-22 07:30:00,IB GF,0.0
2024-05-22 07:30:00,IB NPI,2.5
2024-05-22 07:30:00,IB OPF,69.5
2024-05-22 07:30:00,SM FT OPF,0.0
2024-05-22 07:30:00,SM GF,2.11
2024-05-22 07:30:00,SM KV OPF,0.0
2024-05-22 07:30:00,SM NPI,1.403154104
2024-05-22 07:30:00,SM TLO,0.0
2024-05-22 08:00:00,IB GF,0.0
2024-05-22 08:00:00,IB NPI,2.5
2024-05-22 08:00:00,IB OPF,69.5
2024-05-22 08:00:00,SM FT OPF,0.0
2024-05-22 08:00:00,SM GF,2.11
2024-05-22 08:00:00,SM KV OPF,0.0
2024-05-22 08:00:00,SM NPI,1.392012403
2024-05-22 08:00:00,SM TLO,0.0
2024-05-22 08:30:00,IB GF,0.0
2024-05-22 08:30:00,IB NPI,2.5
2024-05-22 08:30:00,IB OPF,69.5
2024-05-22 08:30:00,SM FT OPF,0.0
2024-05-22 08:30:00,SM GF,2.11
2024-05-22 08:30:00,SM KV OPF,0.0
2024-05-22 08:30:00,SM NPI,1.378257392
2024-05-22 08:30:00,SM TLO,0.0
2024-05-22 09:00:00,IB GF,0.0
2024-05-22 09:00:00,IB NPI,2.5
2024-05-22 09:00:00,IB OPF,69.5
2024-05-22 09:00:00,SM FT OPF,0.0
2024-05-22 09:00:00,SM GF,2.11
2024-05-22 09:00:00,SM KV OPF,0.0
2024-05-22 09:00:00,SM NPI,1.372922853
2024-05-22 09:00:00,SM TLO,0.0
2024-05-22 09:30:00,IB GF,0.0
2024-05-22 09:30:00,IB NPI,2.5
2024-05-22 09:30:00,IB OPF,69.5
2024-05-22 09:30:00,SM FT OPF,0.0
2024-05-22 09:30:00,SM GF,2.11
2024-05-22 09:30:00,SM KV OPF,0.0
2024-05-22 09:30:00,SM NPI,1.42012085
2024-05-22 09:30:00,SM TLO,0.0
2024-05-22 10:00:00,IB GF,0.0
2024-05-22 10:00:00,IB NPI,2.5
2024-05-22 10:00:00,IB OPF,69.5
2024-05-22 10:00:00,SM FT OPF,0.0
2024-05-22 10:00:00,SM GF,2.11
2024-05-22 10:00:00,SM KV OPF,0.0
2024-05-22 10:00:00,SM NPI,1.488855472
2024-05-22 10:00:00,SM TLO,0.0
2024-05-22 10:30:00,IB GF,0.0
2024-05-22 10:30:00,IB NPI,2.5
2024-05-22 10:30:00,IB OPF,69.5
2024-05-22 10:30:00,SM FT OPF,0.0
2024-05-22 10:30:00,SM GF,2.11
2024-05-22 10:30:00,SM KV OPF,0.0
2024-05-22 10:30:00,SM NPI,1.544916825
2024-05-22 10:30:00,SM TLO,0.0
2024-05-22 11:00:00,IB GF,0.0
2024-05-22 11:00:00,IB NPI,2.5
2024-05-22 11:00:00,IB OPF,69.5
2024-05-22 11:00:00,SM FT OPF,0.0
2024-05-22 11:00:00,SM GF,2.11
2024-05-22 11:00:00,SM KV OPF,0.0
2024-05-22 11:00:00,SM NPI,1.593379771
2024-05-22 11:00:00,SM TLO,0.0
2024-05-22 11:30:00,IB GF,0.0
2024-05-22 11:30:00,IB NPI,2.5
2024-05-22 11:30:00,IB OPF,69.5
2024-05-22 11:30:00,SM FT OPF,0.0
2024-05-22 11:30:00,SM GF,2.11
2024-05-22 11:30:00,SM KV OPF,0.0
2024-05-22 11:30:00,SM NPI,1.635097917
2024-05-22 11:30:00,SM TLO,0.0
2024-05-22 12:00:00,IB GF,0.0
2024-05-22 12:00:00,IB NPI,2.5
2024-05-22 12:00:00,IB OPF,69.5
2024-05-22 12:00:00,SM FT OPF,0.0
2024-05-22 12:00:00,SM GF,2.11
2024-05-22 12:00:00,SM KV OPF,0.0
2024-05-22 12:00:00,SM NPI,1.668913971
2024-05-22 12:00:00,SM TLO,0.0
2024-05-22 12:30:00,IB GF,0.0
2024-05-22 12:30:00,IB NPI,2.5
2024-05-22 12:30:00,IB OPF,69.5
2024-05-22 12:30:00,SM FT OPF,0.0
2024-05-22 12:30:00,SM GF,2.11
2024-05-22 12:30:00,SM KV OPF,0.0
2024-05-22 12:30:00,SM NPI,1.698085557
2024-05-22 12:30:00,SM TLO,0.0
2024-05-22 13:00:00,IB GF,0.0
2024-05-22 13:00:00,IB NPI,2.5
2024-05-22 13:00:00,IB OPF,69.5
2024-05-22 13:00:00,SM FT OPF,0.0
2024-05-22 13:00:00,SM GF,2.11
2024-05-22 13:00:00,SM KV OPF,0.0
2024-05-22 13:00:00,SM NPI,1.736297189
2024-05-22 13:00:00,SM TLO,0.0
2024-05-22 13:30:00,IB GF,0.0
2024-05-22 13:30:00,IB NPI,2.5
2024-05-22 13:30:00,IB OPF,69.5
2024-05-22 13:30:00,SM FT OPF,0.0
2024-05-22 13:30:00,SM GF,2.11
2024-05-22 13:30:00,SM KV OPF,0.0
2024-05-22 13:30:00,SM NPI,1.780969618
2024-05-22 13:30:00,SM TLO,0.0
2024-05-22 14:00:00,IB GF,0.0
2024-05-22 14:00:00,IB NPI,2.5
2024-05-22 14:00:00,IB OPF,69.5
2024-05-22 14:00:00,SM FT OPF,0.0
2024-05-22 14:00:00,SM GF,2.11
2024-05-22 14:00:00,SM KV OPF,0.0
2024-05-22 14:00:00,SM NPI,1.843085797
2024-05-22 14:00:00,SM TLO,0.0
2024-05-22 14:30:00,IB GF,0.0
2024-05-22 14:30:00,IB NPI,2.5
2024-05-22 14:30:00,IB OPF,69.5
2024-05-22 14:30:00,SM FT OPF,0.0
2024-05-22 14:30:00,SM GF,2.11
2024-05-22 14:30:00,SM KV OPF,0.0
2024-05-22 14:30:00,SM NPI,1.884257835
2024-05-22 14:30:00,SM TLO,0.0
2024-05-22 15:00:00,IB GF,0.0
2024-05-22 15:00:00,IB NPI,2.5
2024-05-22 15:00:00,IB OPF,69.5
2024-05-22 15:00:00,SM FT OPF,0.0
2024-05-22 15:00:00,SM GF,2.11
2024-05-22 15:00:00,SM KV OPF,0.0
2024-05-22 15:00:00,SM NPI,1.910721595
2024-05-22 15:00:00,SM TLO,0.0
2024-05-22 15:30:00,IB GF,0.0
2024-05-22 15:30:00,IB NPI,2.5
2024-05-22 15:30:00,IB OPF,69.5
2024-05-22 15:30:00,SM FT OPF,0.0
2024-05-22 15:30:00,SM GF,2.11
2024-05-22 15:30:00,SM KV OPF,0.0
2024-05-22 15:30:00,SM NPI,1.957123647
2024-05-22 15:30:00,SM TLO,0.0
2024-05-22 16:00:00,IB GF,0.0
2024-05-22 16:00:00,IB NPI,2.5
2024-05-22 16:00:00,IB OPF,69.5
2024-05-22 16:00:00,SM FT OPF,0.0
2024-05-22 16:00:00,SM GF,2.11
2024-05-22 16:00:00,SM KV OPF,0.0
2024-05-22 16:00:00,SM NPI,1.957460024
2024-05-22 16:00:00,SM TLO,0.0
2024-05-22 16:30:00,IB GF,0.0
2024-05-22 16:30:00,IB NPI,2.5
2024-05-22 16:30:00,IB OPF,69.5
2024-05-22 16:30:00,SM FT OPF,0.0
2024-05-22 16:30:00,SM GF,2.11
2024-05-22 16:30:00,SM KV OPF,0.0
2024-05-22 16:30:00,SM NPI,1.901138659
2024-05-22 16:30:00,SM TLO,0.0
2024-05-22 17:00:00,IB GF,0.0
2024-05-22 17:00:00,IB NPI,2.5
2024-05-22 17:00:00,IB OPF,69.5
2024-05-22 17:00:00,SM FT OPF,0.0
2024-05-22 17:00:00,SM GF,2.11
2024-05-22 17:00:00,SM KV OPF,0.0
2024-05-22 17:00:00,SM NPI,1.858622138
2024-05-22 17:00:00,SM TLO,0.0
2024-05-22 17:30:00,IB GF,0.0
2024-05-22 17:30:00,IB NPI,2.5
2024-05-22 17:30:00,IB OPF,69.5
2024-05-22 17:30:00,SM FT OPF,0.0
2024-05-22 17:30:00,SM GF,2.11
2024-05-22 17:30:00,SM KV OPF,0.0
2024-05-22 17:30:00,SM NPI,1.899232692
2024-05-22 17:30:00,SM TLO,0.0
2024-05-22 18:00:00,IB GF,0.0
2024-05-22 18:00:00,IB NPI,2.5
2024-05-22 18:00:00,IB OPF,69.5
2024-05-22 18:00:00,SM FT OPF,0.0
2024-05-22 18:00:00,SM GF,2.11
2024-05-22 18:00:00,SM KV OPF,0.0
2024-05-22 18:00:00,SM NPI,2.008204857
2024-05-22 18:00:00,SM TLO,0.0
2024-05-22 18:30:00,IB GF,0.0
2024-05-22 18:30:00,IB NPI,2.5
2024-05-22 18:30:00,IB OPF,69.5
2024-05-22 18:30:00,SM FT OPF,0.0
2024-05-22 18:30:00,SM GF,2.11
2024-05-22 18:30:00,SM KV OPF,0.0
2024-05-22 18:30:00,SM NPI,2.083567228
2024-05-22 18:30:00,SM TLO,0.0
2024-05-22 19:00:00,IB GF,0.0
2024-05-22 19:00:00,IB NPI,2.5
2024-05-22 19:00:00,IB OPF,69.5
2024-05-22 19:00:00,SM FT OPF,0.0
2024-05-22 19:00:00,SM GF,2.11
2024-05-22 19:00:00,SM KV OPF,0.0
2024-05-22 19:00:00,SM NPI,2.114772954
2024-05-22 19:00:00,SM TLO,0.0
2024-05-22 19:30:00,IB GF,0.0
2024-05-22 19:30:00,IB NPI,2.5
2024-05-22 19:30:00,IB OPF,69.5
2024-05-22 19:30:00,SM FT OPF,0.0
2024-05-22 19:30:00,SM GF,2.11
2024-05-22 19:30:00,SM KV OPF,0.0
2024-05-22 19:30:00,SM NPI,2.031574817
2024-05-22 19:30:00,SM TLO,0.0
2024-05-22 20:00:00,IB GF,0.0
2024-05-22 20:00:00,IB NPI,2.5
2024-05-22 20:00:00,IB OPF,69.5
2024-05-22 20:00:00,SM FT OPF,0.0
2024-05-22 20:00:00,SM GF,2.11
2024-05-22 20:00:00,SM KV OPF,0.0
2024-05-22 20:00:00,SM NPI,1.863321062
2024-05-22 20:00:00,SM TLO,0.0
2024-05-22 20:30:00,IB GF,0.0
2024-05-22 20:30:00,IB NPI,2.5
2024-05-22 20:30:00,IB OPF,69.5
2024-05-22 20:30:00,SM FT OPF,0.0
2024-05-22 20:30:00,SM GF,2.11
2024-05-22 20:30:00,SM KV OPF,0.0
2024-05-22 20:30:00,SM NPI,1.684006273
2024-05-22 20:30:00,SM TLO,0.0
2024-05-22 21:00:00,IB GF,0.0
2024-05-22 21:00:00,IB NPI,2.5
2024-05-22 21:00:00,IB OPF,69.5
2024-05-22 21:00:00,SM FT OPF,0.0
2024-05-22 21:00:00,SM GF,2.11
2024-05-22 21:00:00,SM KV OPF,0.0
2024-05-22 21:00:00,SM NPI,1.53290329
2024-05-22 21:00:00,SM TLO,0.0
2024-05-22 21:30:00,IB GF,0.0
2024-05-22 21:30:00,IB NPI,2.5
2024-05-22 21:30:00,IB OPF,69.5
2024-05-22 21:30:00,SM FT OPF,0.0
2024-05-22 21:30:00,SM GF,2.11
2024-05-22 21:30:00,SM KV OPF,0.0
2024-05-22 21:30:00,SM NPI,1.445754617
2024-05-22 21:30:00,SM TLO,0.0
2024-05-22 22:00:00,IB GF,0.0
2024-05-22 22:00:00,IB NPI,2.5
2024-05-22 22:00:00,IB OPF,69.5
2024-05-22 22:00:00,SM FT OPF,0.0
2024-05-22 22:00:00,SM GF,2.11
2024-05-22 22:00:00,SM KV OPF,0.0
2024-05-22 22:00:00,SM NPI,1.370853391
2024-05-22 22:00:00,SM TLO,0.0
2024-05-22 22:30:00,IB GF,0.0
2024-05-22 22:30:00,IB NPI,2.5
2024-05-22 22:30:00,IB OPF,69.5
2024-05-22 22:30:00,SM FT OPF,0.0
2024-05-22 22:30:00,SM GF,2.11
2024-05-22 22:30:00,SM KV OPF,0.0
2024-05-22 22:30:00,SM NPI,1.303858556
2024-05-22 22:30:00,SM TLO,0.0
2024-05-22 23:00:00,IB GF,0.0
2024-05-22 23:00:00,IB NPI,2.5
2024-05-22 23:00:00,IB OPF,69.5
2024-05-22 23:00:00,SM FT OPF,0.0
2024-05-22 23:00:00,SM GF,2.11
2024-05-22 23:00:00,SM KV OPF,0.0
2024-05-22 23:00:00,SM NPI,1.250858981
2024-05-22 23:00:00,SM TLO,0.0
2024-05-22 23:30:00,IB GF,0.0
2024-05-22 23:30:00,IB NPI,2.5
2024-05-22 23:30:00,IB OPF,69.5
2024-05-22 23:30:00,SM FT OPF,0.0
2024-05-22 23:30:00,SM GF,2.11
2024-05-22 23:30:00,SM KV OPF,0.0
2024-05-22 23:30:00,SM NPI,1.213168797
2024-05-22 23:30:00,SM TLO,0.0
2024-05-23 00:00:00,IB GF,0.0
2024-05-23 00:00:00,IB NPI,2.5
2024-05-23 00:00:00,IB OPF,69.5
2024-05-23 00:00:00,SM FT OPF,0.0
2024-05-23 00:00:00,SM GF,2.11
2024-05-23 00:00:00,SM KV OPF,0.0
2024-05-23 00:00:00,SM NPI,1.173213506
2024-05-23 00:00:00,SM TLO,0.0
2024-05-23 00:30:00,IB GF,0.0
2024-05-23 00:30:00,IB NPI,2.5
2024-05-23 00:30:00,IB OPF,69.5
2024-05-23 00:30:00,SM FT OPF,0.0
2024-05-23 00:30:00,SM GF,2.11
2024-05-23 00:30:00,SM KV OPF,0.0
2024-05-23 00:30:00,SM NPI,1.147151581
2024-05-23 00:30:00,SM TLO,0.0
2024-05-23 01:00:00,IB GF,0.0
2024-05-23 01:00:00,IB NPI,2.5
2024-05-23 01:00:00,IB OPF,69.5
2024-05-23 01:00:00,SM FT OPF,0.0
2024-05-23 01:00:00,SM GF,2.11
2024-05-23 01:00:00,SM KV OPF,0.0
2024-05-23 01:00:00,SM NPI,1.132178915
2024-05-23 01:00:00,SM TLO,0.0
2024-05-23 01:30:00,IB GF,0.0
2024-05-23 01:30:00,IB NPI,2.5
2024-05-23 01:30:00,IB OPF,69.5
2024-05-23 01:30:00,SM FT OPF,0.0
2024-05-23 01:30:00,SM GF,2.11
2024-05-23 01:30:00,SM KV OPF,0.0
2024-05-23 01:30:00,SM NPI,1.117576317
2024-05-23 01:30:00,SM TLO,0.0
2024-05-23 02:00:00,IB GF,0.0
2024-05-23 02:00:00,IB NPI,2.5
2024-05-23 02:00:00,IB OPF,69.5
2024-05-23 02:00:00,SM FT OPF,0.0
2024-05-23 02:00:00,SM GF,2.11
2024-05-23 02:00:00,SM KV OPF,0.0
2024-05-23 02:00:00,SM NPI,1.111369432
2024-05-23 02:00:00,SM TLO,0.0
2024-05-23 02:30:00,IB GF,0.0
2024-05-23 02:30:00,IB NPI,2.5
2024-05-23 02:30:00,IB OPF,69.5
2024-05-23 02:30:00,SM FT OPF,0.0
2024-05-23 02:30:00,SM GF,2.11
2024-05-23 02:30:00,SM KV OPF,0.0
2024-05-23 02:30:00,SM NPI,1.113204126
2024-05-23 02:30:00,SM TLO,0.0
2024-05-23 03:00:00,IB GF,0.0
2024-05-23 03:00:00,IB NPI,2.5
2024-05-23 03:00:00,IB OPF,69.5
2024-05-23 03:00:00,SM FT OPF,0.0
2024-05-23 03:00:00,SM GF,2.11
2024-05-23 03:00:00,SM KV OPF,0.0
2024-05-23 03:00:00,SM NPI,1.12346418
2024-05-23 03:00:00,SM TLO,0.0
2024-05-23 03:30:00,IB GF,0.0
2024-05-23 03:30:00,IB NPI,2.5
2024-05-23 03:30:00,IB OPF,69.5
2024-05-23 03:30:00,SM FT OPF,0.0
2024-05-23 03:30:00,SM GF,2.11
2024-05-23 03:30:00,SM KV OPF,0.0
2024-05-23 03:30:00,SM NPI,1.196133896
2024-05-23 03:30:00,SM TLO,0.0
2024-05-23 04:00:00,IB GF,0.0
2024-05-23 04:00:00,IB NPI,2.5
2024-05-23 04:00:00,IB OPF,69.5
2024-05-23 04:00:00,SM FT OPF,0.0
2024-05-23 04:00:00,SM GF,2.11
2024-05-23 04:00:00,SM KV OPF,0.0
2024-05-23 04:00:00,SM NPI,1.319266122
2024-05-23 04:00:00,SM TLO,0.0
2024-05-23 04:30:00,IB GF,0.0
2024-05-23 04:30:00,IB NPI,2.5
2024-05-23 04:30:00,IB OPF,69.5
2024-05-23 04:30:00,SM FT OPF,0.0
2024-05-23 04:30:00,SM GF,2.11
2024-05-23 04:30:00,SM KV OPF,0.0
2024-05-23 04:30:00,SM NPI,1.3706299
2024-05-23 04:30:00,SM TLO,0.0
2024-05-23 05:00:00,IB GF,0.0
2024-05-23 05:00:00,IB NPI,2.5
2024-05-23 05:00:00,IB OPF,69.5
2024-05-23 05:00:00,SM FT OPF,0.0
2024-05-23 05:00:00,SM GF,2.11
2024-05-23 05:00:00,SM KV OPF,0.0
2024-05-23 05:00:00,SM NPI,1.336794144
2024-05-23 05:00:00,SM TLO,0.0
2024-05-23 05:30:00,IB GF,0.0
2024-05-23 05:30:00,IB NPI,2.5
2024-05-23 05:30:00,IB OPF,69.5
2024-05-23 05:30:00,SM FT OPF,0.0
2024-05-23 05:30:00,SM GF,2.11
2024-05-23 05:30:00,SM KV OPF,0.0
2024-05-23 05:30:00,SM NPI,1.314293515
2024-05-23 05:30:00,SM TLO,0.0
2024-05-23 06:00:00,IB GF,0.0
2024-05-23 06:00:00,IB NPI,2.5
2024-05-23 06:00:00,IB OPF,69.5
2024-05-23 06:00:00,SM FT OPF,0.0
2024-05-23 06:00:00,SM GF,2.11
2024-05-23 06:00:00,SM KV OPF,0.0
2024-05-23 06:00:00,SM NPI,1.348726075
2024-05-23 06:00:00,SM TLO,0.0
2024-05-23 06:30:00,IB GF,0.0
2024-05-23 06:30:00,IB NPI,2.5
2024-05-23 06:30:00,IB OPF,69.5
2024-05-23 06:30:00,SM FT OPF,0.0
2024-05-23 06:30:00,SM GF,2.11
2024-05-23 06:30:00,SM KV OPF,0.0
2024-05-23 06:30:00,SM NPI,1.372739101
2024-05-23 06:30:00,SM TLO,0.0
2024-05-23 07:00:00,IB GF,0.0
2024-05-23 07:00:00,IB NPI,2.5
2024-05-23 07:00:00,IB OPF,69.5
2024-05-23 07:00:00,SM FT OPF,0.0
2024-05-23 07:00:00,SM GF,2.11
2024-05-23 07:00:00,SM KV OPF,0.0
2024-05-23 07:00:00,SM NPI,1.394408001
2024-05-23 07:00:00,SM TLO,0.0
2024-05-23 07:30:00,IB GF,0.0
2024-05-23 07:30:00,IB NPI,2.5
2024-05-23 07:30:00,IB OPF,69.5
2024-05-23 07:30:00,SM FT OPF,0.0
2024-05-23 07:30:00,SM GF,2.11
2024-05-23 07:30:00,SM KV OPF,0.0
2024-05-23 07:30:00,SM NPI,1.394042714
2024-05-23 07:30:00,SM TLO,0.0
2024-05-23 08:00:00,IB GF,0.0
2024-05-23 08:00:00,IB NPI,2.5
2024-05-23 08:00:00,IB OPF,69.5
2024-05-23 08:00:00,SM FT OPF,0.0
2024-05-23 08:00:00,SM GF,2.11
2024-05-23 08:00:00,SM KV OPF,0.0
2024-05-23 08:00:00,SM NPI,1.382973362
2024-05-23 08:00:00,SM TLO,0.0
2024-05-23 08:30:00,IB GF,0.0
2024-05-23 08:30:00,IB NPI,2.5
2024-05-23 08:30:00,IB OPF,69.5
2024-05-23 08:30:00,SM FT OPF,0.0
2024-05-23 08:30:00,SM GF,2.11
2024-05-23 08:30:00,SM KV OPF,0.0
2024-05-23 08:30:00,SM NPI,1.369307669
2024-05-23 08:30:00,SM TLO,0.0
2024-05-23 09:00:00,IB GF,0.0
2024-05-23 09:00:00,IB NPI,2.5
2024-05-23 09:00:00,IB OPF,69.5
2024-05-23 09:00:00,SM FT OPF,0.0
2024-05-23 09:00:00,SM GF,2.11
2024-05-23 09:00:00,SM KV OPF,0.0
2024-05-23 09:00:00,SM NPI,1.36400777
2024-05-23 09:00:00,SM TLO,0.0
2024-05-23 09:30:00,IB GF,0.0
2024-05-23 09:30:00,IB NPI,2.5
2024-05-23 09:30:00,IB OPF,69.5
2024-05-23 09:30:00,SM FT OPF,0.0
2024-05-23 09:30:00,SM GF,2.11
2024-05-23 09:30:00,SM KV OPF,0.0
2024-05-23 09:30:00,SM NPI,1.410899286
2024-05-23 09:30:00,SM TLO,0.0
2024-05-23 10:00:00,IB GF,0.0
2024-05-23 10:00:00,IB NPI,2.5
2024-05-23 10:00:00,IB OPF,69.5
2024-05-23 10:00:00,SM FT OPF,0.0
2024-05-23 10:00:00,SM GF,2.11
2024-05-23 10:00:00,SM KV OPF,0.0
2024-05-23 10:00:00,SM NPI,1.47918758
2024-05-23 10:00:00,SM TLO,0.0
2024-05-23 10:30:00,IB GF,0.0
2024-05-23 10:30:00,IB NPI,2.5
2024-05-23 10:30:00,IB OPF,69.5
2024-05-23 10:30:00,SM FT OPF,0.0
2024-05-23 10:30:00,SM GF,2.11
2024-05-23 10:30:00,SM KV OPF,0.0
2024-05-23 10:30:00,SM NPI,1.534884897
2024-05-23 10:30:00,SM TLO,0.0
2024-05-23 11:00:00,IB GF,0.0
2024-05-23 11:00:00,IB NPI,2.5
2024-05-23 11:00:00,IB OPF,69.5
2024-05-23 11:00:00,SM FT OPF,0.0
2024-05-23 11:00:00,SM GF,2.11
2024-05-23 11:00:00,SM KV OPF,0.0
2024-05-23 11:00:00,SM NPI,1.583033149
2024-05-23 11:00:00,SM TLO,0.0
2024-05-23 11:30:00,IB GF,0.0
2024-05-23 11:30:00,IB NPI,2.5
2024-05-23 11:30:00,IB OPF,69.5
2024-05-23 11:30:00,SM FT OPF,0.0
2024-05-23 11:30:00,SM GF,2.11
2024-05-23 11:30:00,SM KV OPF,0.0
2024-05-23 11:30:00,SM NPI,1.624480399
2024-05-23 11:30:00,SM TLO,0.0
2024-05-23 12:00:00,IB GF,0.0
2024-05-23 12:00:00,IB NPI,2.5
2024-05-23 12:00:00,IB OPF,69.5
2024-05-23 12:00:00,SM FT OPF,0.0
2024-05-23 12:00:00,SM GF,2.11
2024-05-23 12:00:00,SM KV OPF,0.0
2024-05-23 12:00:00,SM NPI,1.658076867
2024-05-23 12:00:00,SM TLO,0.0
2024-05-23 12:30:00,IB GF,0.0
2024-05-23 12:30:00,IB NPI,2.5
2024-05-23 12:30:00,IB OPF,69.5
2024-05-23 12:30:00,SM FT OPF,0.0
2024-05-23 12:30:00,SM GF,2.11
2024-05-23 12:30:00,SM KV OPF,0.0
2024-05-23 12:30:00,SM NPI,1.687059027
2024-05-23 12:30:00,SM TLO,0.0
2024-05-23 13:00:00,IB GF,0.0
2024-05-23 13:00:00,IB NPI,2.5
2024-05-23 13:00:00,IB OPF,69.5
2024-05-23 13:00:00,SM FT OPF,0.0
2024-05-23 13:00:00,SM GF,2.11
2024-05-23 13:00:00,SM KV OPF,0.0
2024-05-23 13:00:00,SM NPI,1.725022532
2024-05-23 13:00:00,SM TLO,0.0
2024-05-23 13:30:00,IB GF,0.0
2024-05-23 13:30:00,IB NPI,2.5
2024-05-23 13:30:00,IB OPF,69.5
2024-05-23 13:30:00,SM FT OPF,0.0
2024-05-23 13:30:00,SM GF,2.11
2024-05-23 13:30:00,SM KV OPF,0.0
2024-05-23 13:30:00,SM NPI,1.76940488
2024-05-23 13:30:00,SM TLO,0.0
2024-05-23 14:00:00,IB GF,0.0
2024-05-23 14:00:00,IB NPI,2.5
2024-05-23 14:00:00,IB OPF,69.5
2024-05-23 14:00:00,SM FT OPF,0.0
2024-05-23 14:00:00,SM GF,2.11
2024-05-23 14:00:00,SM KV OPF,0.0
2024-05-23 14:00:00,SM NPI,1.831117707
2024-05-23 14:00:00,SM TLO,0.0
2024-05-23 14:30:00,IB GF,0.0
2024-05-23 14:30:00,IB NPI,2.5
2024-05-23 14:30:00,IB OPF,69.5
2024-05-23 14:30:00,SM FT OPF,0.0
2024-05-23 14:30:00,SM GF,2.11
2024-05-23 14:30:00,SM KV OPF,0.0
2024-05-23 14:30:00,SM NPI,1.872022394
2024-05-23 14:30:00,SM TLO,0.0
2024-05-23 15:00:00,IB GF,0.0
2024-05-23 15:00:00,IB NPI,2.5
2024-05-23 15:00:00,IB OPF,69.5
2024-05-23 15:00:00,SM FT OPF,0.0
2024-05-23 15:00:00,SM GF,2.11
2024-05-23 15:00:00,SM KV OPF,0.0
2024-05-23 15:00:00,SM NPI,1.898314312
2024-05-23 15:00:00,SM TLO,0.0
2024-05-23 15:30:00,IB GF,0.0
2024-05-23 15:30:00,IB NPI,2.5
2024-05-23 15:30:00,IB OPF,69.5
2024-05-23 15:30:00,SM FT OPF,0.0
2024-05-23 15:30:00,SM GF,2.11
2024-05-23 15:30:00,SM KV OPF,0.0
2024-05-23 15:30:00,SM NPI,1.944415051
2024-05-23 15:30:00,SM TLO,0.0
2024-05-23 16:00:00,IB GF,0.0
2024-05-23 16:00:00,IB NPI,2.5
2024-05-23 16:00:00,IB OPF,69.5
2024-05-23 16:00:00,SM FT OPF,0.0
2024-05-23 16:00:00,SM GF,2.11
2024-05-23 16:00:00,SM KV OPF,0.0
2024-05-23 16:00:00,SM NPI,1.944749245
2024-05-23 16:00:00,SM TLO,0.0
2024-05-23 16:30:00,IB GF,0.0
2024-05-23 16:30:00,IB NPI,2.5
2024-05-23 16:30:00,IB OPF,69.5
2024-05-23 16:30:00,SM FT OPF,0.0
2024-05-23 16:30:00,SM GF,2.11
2024-05-23 16:30:00,SM KV OPF,0.0
2024-05-23 16:30:00,SM NPI,1.888793603
2024-05-23 16:30:00,SM TLO,0.0
2024-05-23 17:00:00,IB GF,0.0
2024-05-23 17:00:00,IB NPI,2.5
2024-05-23 17:00:00,IB OPF,69.5
2024-05-23 17:00:00,SM FT OPF,0.0
2024-05-23 17:00:00,SM GF,2.11
2024-05-23 17:00:00,SM KV OPF,0.0
2024-05-23 17:00:00,SM NPI,1.846553163
2024-05-23 17:00:00,SM TLO,0.0
2024-05-23 17:30:00,IB GF,0.0
2024-05-23 17:30:00,IB NPI,2.5
2024-05-23 17:30:00,IB OPF,69.5
2024-05-23 17:30:00,SM FT OPF,0.0
2024-05-23 17:30:00,SM GF,2.11
2024-05-23 17:30:00,SM KV OPF,0.0
2024-05-23 17:30:00,SM NPI,1.886900012
2024-05-23 17:30:00,SM TLO,0.0
2024-05-23 18:00:00,IB GF,0.0
2024-05-23 18:00:00,IB NPI,2.5
2024-05-23 18:00:00,IB OPF,69.5
2024-05-23 18:00:00,SM FT OPF,0.0
2024-05-23 18:00:00,SM GF,2.11
2024-05-23 18:00:00,SM KV OPF,0.0
2024-05-23 18:00:00,SM NPI,1.995164565
2024-05-23 18:00:00,SM TLO,0.0
2024-05-23 18:30:00,IB GF,0.0
2024-05-23 18:30:00,IB NPI,2.5
2024-05-23 18:30:00,IB OPF,69.5
2024-05-23 18:30:00,SM FT OPF,0.0
2024-05-23 18:30:00,SM GF,2.11
2024-05-23 18:30:00,SM KV OPF,0.0
2024-05-23 18:30:00,SM NPI,2.070037571
2024-05-23 18:30:00,SM TLO,0.0
2024-05-23 19:00:00,IB GF,0.0
2024-05-23 19:00:00,IB NPI,2.5
2024-05-23 19:00:00,IB OPF,69.5
2024-05-23 19:00:00,SM FT OPF,0.0
2024-05-23 19:00:00,SM GF,2.11
2024-05-23 19:00:00,SM KV OPF,0.0
2024-05-23 19:00:00,SM NPI,2.101040662
2024-05-23 19:00:00,SM TLO,0.0
2024-05-23 19:30:00,IB GF,0.0
2024-05-23 19:30:00,IB NPI,2.5
2024-05-23 19:30:00,IB OPF,69.5
2024-05-23 19:30:00,SM FT OPF,0.0
2024-05-23 19:30:00,SM GF,2.11
2024-05-23 19:30:00,SM KV OPF,0.0
2024-05-23 19:30:00,SM NPI,2.018382773
2024-05-23 19:30:00,SM TLO,0.0
2024-05-23 20:00:00,IB GF,0.0
2024-05-23 20:00:00,IB NPI,2.5
2024-05-23 20:00:00,IB OPF,69.5
2024-05-23 20:00:00,SM FT OPF,0.0
2024-05-23 20:00:00,SM GF,2.11
2024-05-23 20:00:00,SM KV OPF,0.0
2024-05-23 20:00:00,SM NPI,1.851221575
2024-05-23 20:00:00,SM TLO,0.0
2024-05-23 20:30:00,IB GF,0.0
2024-05-23 20:30:00,IB NPI,2.5
2024-05-23 20:30:00,IB OPF,69.5
2024-05-23 20:30:00,SM FT OPF,0.0
2024-05-23 20:30:00,SM GF,2.11
2024-05-23 20:30:00,SM KV OPF,0.0
2024-05-23 20:30:00,SM NPI,1.673071167
2024-05-23 20:30:00,SM TLO,0.0
2024-05-23 21:00:00,IB GF,0.0
2024-05-23 21:00:00,IB NPI,2.5
2024-05-23 21:00:00,IB OPF,69.5
2024-05-23 21:00:00,SM FT OPF,0.0
2024-05-23 21:00:00,SM GF,2.11
2024-05-23 21:00:00,SM KV OPF,0.0
2024-05-23 21:00:00,SM NPI,1.522949373
2024-05-23 21:00:00,SM TLO,0.0
2024-05-23 21:30:00,IB GF,0.0
2024-05-23 21:30:00,IB NPI,2.5
2024-05-23 21:30:00,IB OPF,69.5
2024-05-23 21:30:00,SM FT OPF,0.0
2024-05-23 21:30:00,SM GF,2.11
2024-05-23 21:30:00,SM KV OPF,0.0
2024-05-23 21:30:00,SM NPI,1.4363666
2024-05-23 21:30:00,SM TLO,0.0
2024-05-23 22:00:00,IB GF,0.0
2024-05-23 22:00:00,IB NPI,2.5
2024-05-23 22:00:00,IB OPF,69.5
2024-05-23 22:00:00,SM FT OPF,0.0
2024-05-23 22:00:00,SM GF,2.11
2024-05-23 22:00:00,SM KV OPF,0.0
2024-05-23 22:00:00,SM NPI,1.361951745
2024-05-23 22:00:00,SM TLO,0.0
2024-05-23 22:30:00,IB GF,0.0
2024-05-23 22:30:00,IB NPI,2.5
2024-05-23 22:30:00,IB OPF,69.5
2024-05-23 22:30:00,SM FT OPF,0.0
2024-05-23 22:30:00,SM GF,2.11
2024-05-23 22:30:00,SM KV OPF,0.0
2024-05-23 22:30:00,SM NPI,1.295391942
2024-05-23 22:30:00,SM TLO,0.0
2024-05-23 23:00:00,IB GF,0.0
2024-05-23 23:00:00,IB NPI,2.5
2024-05-23 23:00:00,IB OPF,69.5
2024-05-23 23:00:00,SM FT OPF,0.0
2024-05-23 23:00:00,SM GF,2.11
2024-05-23 23:00:00,SM KV OPF,0.0
2024-05-23 23:00:00,SM NPI,1.242736521
2024-05-23 23:00:00,SM TLO,0.0
2024-05-23 23:30:00,IB GF,0.0
2024-05-23 23:30:00,IB NPI,2.5
2024-05-23 23:30:00,IB OPF,69.5
2024-05-23 23:30:00,SM FT OPF,0.0
2024-05-23 23:30:00,SM GF,2.11
2024-05-23 23:30:00,SM KV OPF,0.0
2024-05-23 23:30:00,SM NPI,1.205291077
2024-05-23 23:30:00,SM TLO,0.0
2024-05-24 00:00:00,IB GF,0.0
2024-05-24 00:00:00,IB NPI,2.5
2024-05-24 00:00:00,IB OPF,69.5
2024-05-24 00:00:00,SM FT OPF,0.0
2024-05-24 00:00:00,SM GF,2.11
2024-05-24 00:00:00,SM KV OPF,0.0
2024-05-24 00:00:00,SM NPI,1.173213506
2024-05-24 00:00:00,SM TLO,0.0
2024-05-24 00:30:00,IB GF,0.0
2024-05-24 00:30:00,IB NPI,2.5
2024-05-24 00:30:00,IB OPF,69.5
2024-05-24 00:30:00,SM FT OPF,0.0
2024-05-24 00:30:00,SM GF,2.11
2024-05-24 00:30:00,SM KV OPF,0.0
2024-05-24 00:30:00,SM NPI,1.147151581
2024-05-24 00:30:00,SM TLO,0.0
2024-05-24 01:00:00,IB GF,0.0
2024-05-24 01:00:00,IB NPI,2.5
2024-05-24 01:00:00,IB OPF,69.5
2024-05-24 01:00:00,SM FT OPF,0.0
2024-05-24 01:00:00,SM GF,2.11
2024-05-24 01:00:00,SM KV OPF,0.0
2024-05-24 01:00:00,SM NPI,1.132178915
2024-05-24 01:00:00,SM TLO,0.0
2024-05-24 01:30:00,IB GF,0.0
2024-05-24 01:30:00,IB NPI,2.5
2024-05-24 01:30:00,IB OPF,69.5
2024-05-24 01:30:00,SM FT OPF,0.0
2024-05-24 01:30:00,SM GF,2.11
2024-05-24 01:30:00,SM KV OPF,0.0
2024-05-24 01:30:00,SM NPI,1.117576317
2024-05-24 01:30:00,SM TLO,0.0
2024-05-24 02:00:00,IB GF,0.0
2024-05-24 02:00:00,IB NPI,2.5
2024-05-24 02:00:00,IB OPF,69.5
2024-05-24 02:00:00,SM FT OPF,0.0
2024-05-24 02:00:00,SM GF,2.11
2024-05-24 02:00:00,SM KV OPF,0.0
2024-05-24 02:00:00,SM NPI,1.111369432
2024-05-24 02:00:00,SM TLO,0.0
2024-05-24 02:30:00,IB GF,0.0
2024-05-24 02:30:00,IB NPI,2.5
2024-05-24 02:30:00,IB OPF,69.5
2024-05-24 02:30:00,SM FT OPF,0.0
2024-05-24 02:30:00,SM GF,2.11
2024-05-24 02:30:00,SM KV OPF,0.0
2024-05-24 02:30:00,SM NPI,1.113204126
2024-05-24 02:30:00,SM TLO,0.0
2024-05-24 03:00:00,IB GF,0.0
2024-05-24 03:00:00,IB NPI,2.5
2024-05-24 03:00:00,IB OPF,69.5
2024-05-24 03:00:00,SM FT OPF,0.0
2024-05-24 03:00:00,SM GF,2.11
2024-05-24 03:00:00,SM KV OPF,0.0
2024-05-24 03:00:00,SM NPI,1.12346418
2024-05-24 03:00:00,SM TLO,0.0
2024-05-24 03:30:00,IB GF,0.0
2024-05-24 03:30:00,IB NPI,2.5
2024-05-24 03:30:00,IB OPF,69.5
2024-05-24 03:30:00,SM FT OPF,0.0
2024-05-24 03:30:00,SM GF,2.11
2024-05-24 03:30:00,SM KV OPF,0.0
2024-05-24 03:30:00,SM NPI,1.196133896
2024-05-24 03:30:00,SM TLO,0.0
2024-05-24 04:00:00,IB GF,0.0
2024-05-24 04:00:00,IB NPI,2.5
2024-05-24 04:00:00,IB OPF,69.5
2024-05-24 04:00:00,SM FT OPF,0.0
2024-05-24 04:00:00,SM GF,2.11
2024-05-24 04:00:00,SM KV OPF,0.0
2024-05-24 04:00:00,SM NPI,1.319266122
2024-05-24 04:00:00,SM TLO,0.0
2024-05-24 04:30:00,IB GF,0.0
2024-05-24 04:30:00,IB NPI,2.5
2024-05-24 04:30:00,IB OPF,69.5
2024-05-24 04:30:00,SM FT OPF,0.0
2024-05-24 04:30:00,SM GF,2.11
2024-05-24 04:30:00,SM KV OPF,0.0
2024-05-24 04:30:00,SM NPI,1.3706299
2024-05-24 04:30:00,SM TLO,0.0
2024-05-24 05:00:00,IB GF,0.0
2024-05-24 05:00:00,IB NPI,2.5
2024-05-24 05:00:00,IB OPF,69.5
2024-05-24 05:00:00,SM FT OPF,0.0
2024-05-24 05:00:00,SM GF,2.11
2024-05-24 05:00:00,SM KV OPF,0.0
2024-05-24 05:00:00,SM NPI,1.336794144
2024-05-24 05:00:00,SM TLO,0.0
2024-05-24 05:30:00,IB GF,0.0
2024-05-24 05:30:00,IB NPI,2.5
2024-05-24 05:30:00,IB OPF,69.5
2024-05-24 05:30:00,SM FT OPF,0.0
2024-05-24 05:30:00,SM GF,2.11
2024-05-24 05:30:00,SM KV OPF,0.0
2024-05-24 05:30:00,SM NPI,1.314293515
2024-05-24 05:30:00,SM TLO,0.0
2024-05-24 06:00:00,IB GF,0.0
2024-05-24 06:00:00,IB NPI,2.5
2024-05-24 06:00:00,IB OPF,69.5
2024-05-24 06:00:00,SM FT OPF,0.0
2024-05-24 06:00:00,SM GF,2.11
2024-05-24 06:00:00,SM KV OPF,0.0
2024-05-24 06:00:00,SM NPI,1.348726075
2024-05-24 06:00:00,SM TLO,0.0
2024-05-24 06:30:00,IB GF,0.0
2024-05-24 06:30:00,IB NPI,2.5
2024-05-24 06:30:00,IB OPF,69.5
2024-05-24 06:30:00,SM FT OPF,0.0
2024-05-24 06:30:00,SM GF,2.11
2024-05-24 06:30:00,SM KV OPF,0.0
2024-05-24 06:30:00,SM NPI,1.372739101
2024-05-24 06:30:00,SM TLO,0.0
2024-05-24 07:00:00,IB GF,0.0
2024-05-24 07:00:00,IB NPI,2.5
2024-05-24 07:00:00,IB OPF,69.5
2024-05-24 07:00:00,SM FT OPF,0.0
2024-05-24 07:00:00,SM GF,2.11
2024-05-24 07:00:00,SM KV OPF,0.0
2024-05-24 07:00:00,SM NPI,1.394408001
2024-05-24 07:00:00,SM TLO,0.0
2024-05-24 07:30:00,IB GF,0.0
2024-05-24 07:30:00,IB NPI,2.5
2024-05-24 07:30:00,IB OPF,69.5
2024-05-24 07:30:00,SM FT OPF,0.0
2024-05-24 07:30:00,SM GF,2.11
2024-05-24 07:30:00,SM KV OPF,0.0
2024-05-24 07:30:00,SM NPI,1.394042714
2024-05-24 07:30:00,SM TLO,0.0
2024-05-24 08:00:00,IB GF,0.0
2024-05-24 08:00:00,IB NPI,2.5
2024-05-24 08:00:00,IB OPF,69.5
2024-05-24 08:00:00,SM FT OPF,0.0
2024-05-24 08:00:00,SM GF,2.11
2024-05-24 08:00:00,SM KV OPF,0.0
2024-05-24 08:00:00,SM NPI,1.382973362
2024-05-24 08:00:00,SM TLO,0.0
2024-05-24 08:30:00,IB GF,0.0
2024-05-24 08:30:00,IB NPI,2.5
2024-05-24 08:30:00,IB OPF,69.5
2024-05-24 08:30:00,SM FT OPF,0.0
2024-05-24 08:30:00,SM GF,2.11
2024-05-24 08:30:00,SM KV OPF,0.0
2024-05-24 08:30:00,SM NPI,1.369307669
2024-05-24 08:30:00,SM TLO,0.0
2024-05-24 09:00:00,IB GF,0.0
2024-05-24 09:00:00,IB NPI,2.5
2024-05-24 09:00:00,IB OPF,69.5
2024-05-24 09:00:00,SM FT OPF,0.0
2024-05-24 09:00:00,SM GF,2.11
2024-05-24 09:00:00,SM KV OPF,0.0
2024-05-24 09:00:00,SM NPI,1.36400777
2024-05-24 09:00:00,SM TLO,0.0
2024-05-24 09:30:00,IB GF,0.0
2024-05-24 09:30:00,IB NPI,2.5
2024-05-24 09:30:00,IB OPF,69.5
2024-05-24 09:30:00,SM FT OPF,0.0
2024-05-24 09:30:00,SM GF,2.11
2024-05-24 09:30:00,SM KV OPF,0.0
2024-05-24 09:30:00,SM NPI,1.410899286
2024-05-24 09:30:00,SM TLO,0.0
2024-05-24 10:00:00,IB GF,0.0
2024-05-24 10:00:00,IB NPI,2.5
2024-05-24 10:00:00,IB OPF,69.5
2024-05-24 10:00:00,SM FT OPF,0.0
2024-05-24 10:00:00,SM GF,2.11
2024-05-24 10:00:00,SM KV OPF,0.0
2024-05-24 10:00:00,SM NPI,1.47918758
2024-05-24 10:00:00,SM TLO,0.0
2024-05-24 10:30:00,IB GF,0.0
2024-05-24 10:30:00,IB NPI,2.5
2024-05-24 10:30:00,IB OPF,69.5
2024-05-24 10:30:00,SM FT OPF,0.0
2024-05-24 10:30:00,SM GF,2.11
2024-05-24 10:30:00,SM KV OPF,0.0
2024-05-24 10:30:00,SM NPI,1.534884897
2024-05-24 10:30:00,SM TLO,0.0
2024-05-24 11:00:00,IB GF,0.0
2024-05-24 11:00:00,IB NPI,2.5
2024-05-24 11:00:00,IB OPF,69.5
2024-05-24 11:00:00,SM FT OPF,0.0
2024-05-24 11:00:00,SM GF,2.11
2024-05-24 11:00:00,SM KV OPF,0.0
2024-05-24 11:00:00,SM NPI,1.583033149
2024-05-24 11:00:00,SM TLO,0.0
2024-05-24 11:30:00,IB GF,0.0
2024-05-24 11:30:00,IB NPI,2.5
2024-05-24 11:30:00,IB OPF,69.5
2024-05-24 11:30:00,SM FT OPF,0.0
2024-05-24 11:30:00,SM GF,2.11
2024-05-24 11:30:00,SM KV OPF,0.0
2024-05-24 11:30:00,SM NPI,1.624480399
2024-05-24 11:30:00,SM TLO,0.0
2024-05-24 12:00:00,IB GF,0.0
2024-05-24 12:00:00,IB NPI,2.5
2024-05-24 12:00:00,IB OPF,69.5
2024-05-24 12:00:00,SM FT OPF,0.0
2024-05-24 12:00:00,SM GF,2.11
2024-05-24 12:00:00,SM KV OPF,0.0
2024-05-24 12:00:00,SM NPI,1.658076867
2024-05-24 12:00:00,SM TLO,0.0
2024-05-24 12:30:00,IB GF,0.0
2024-05-24 12:30:00,IB NPI,2.5
2024-05-24 12:30:00,IB OPF,69.5
2024-05-24 12:30:00,SM FT OPF,0.0
2024-05-24 12:30:00,SM GF,2.11
2024-05-24 12:30:00,SM KV OPF,0.0
2024-05-24 12:30:00,SM NPI,1.687059027
2024-05-24 12:30:00,SM TLO,0.0
2024-05-24 13:00:00,IB GF,0.0
2024-05-24 13:00:00,IB NPI,2.5
2024-05-24 13:00:00,IB OPF,69.5
2024-05-24 13:00:00,SM FT OPF,0.0
2024-05-24 13:00:00,SM GF,2.11
2024-05-24 13:00:00,SM KV OPF,0.0
2024-05-24 13:00:00,SM NPI,1.725022532
2024-05-24 13:00:00,SM TLO,0.0
2024-05-24 13:30:00,IB GF,0.0
2024-05-24 13:30:00,IB NPI,2.5
2024-05-24 13:30:00,IB OPF,69.5
2024-05-24 13:30:00,SM FT OPF,0.0
2024-05-24 13:30:00,SM GF,2.11
2024-05-24 13:30:00,SM KV OPF,0.0
2024-05-24 13:30:00,SM NPI,1.76940488
2024-05-24 13:30:00,SM TLO,0.0
2024-05-24 14:00:00,IB GF,0.0
2024-05-24 14:00:00,IB NPI,2.5
2024-05-24 14:00:00,IB OPF,69.5
2024-05-24 14:00:00,SM FT OPF,0.0
2024-05-24 14:00:00,SM GF,2.11
2024-05-24 14:00:00,SM KV OPF,0.0
2024-05-24 14:00:00,SM NPI,1.831117707
2024-05-24 14:00:00,SM TLO,0.0
2024-05-24 14:30:00,IB GF,0.0
2024-05-24 14:30:00,IB NPI,2.5
2024-05-24 14:30:00,IB OPF,69.5
2024-05-24 14:30:00,SM FT OPF,0.0
2024-05-24 14:30:00,SM GF,2.11
2024-05-24 14:30:00,SM KV OPF,0.0
2024-05-24 14:30:00,SM NPI,1.872022394
2024-05-24 14:30:00,SM TLO,0.0
2024-05-24 15:00:00,IB GF,0.0
2024-05-24 15:00:00,IB NPI,2.5
2024-05-24 15:00:00,IB OPF,69.5
2024-05-24 15:00:00,SM FT OPF,0.0
2024-05-24 15:00:00,SM GF,2.11
2024-05-24 15:00:00,SM KV OPF,0.0
2024-05-24 15:00:00,SM NPI,1.898314312
2024-05-24 15:00:00,SM TLO,0.0
2024-05-24 15:30:00,IB GF,0.0
2024-05-24 15:30:00,IB NPI,2.5
2024-05-24 15:30:00,IB OPF,69.5
2024-05-24 15:30:00,SM FT OPF,0.0
2024-05-24 15:30:00,SM GF,2.11
2024-05-24 15:30:00,SM KV OPF,0.0
2024-05-24 15:30:00,SM NPI,1.944415051
2024-05-24 15:30:00,SM TLO,0.0
2024-05-24 16:00:00,IB GF,0.0
2024-05-24 16:00:00,IB NPI,2.5
2024-05-24 16:00:00,IB OPF,69.5
2024-05-24 16:00:00,SM FT OPF,0.0
2024-05-24 16:00:00,SM GF,2.11
2024-05-24 16:00:00,SM KV OPF,0.0
2024-05-24 16:00:00,SM NPI,1.944749245
2024-05-24 16:00:00,SM TLO,0.0
2024-05-24 16:30:00,IB GF,0.0
2024-05-24 16:30:00,IB NPI,2.5
2024-05-24 16:30:00,IB OPF,69.5
2024-05-24 16:30:00,SM FT OPF,0.0
2024-05-24 16:30:00,SM GF,2.11
2024-05-24 16:30:00,SM KV OPF,0.0
2024-05-24 16:30:00,SM NPI,1.888793603
2024-05-24 16:30:00,SM TLO,0.0
2024-05-24 17:00:00,IB GF,0.0
2024-05-24 17:00:00,IB NPI,2.5
2024-05-24 17:00:00,IB OPF,69.5
2024-05-24 17:00:00,SM FT OPF,0.0
2024-05-24 17:00:00,SM GF,2.11
2024-05-24 17:00:00,SM KV OPF,0.0
2024-05-24 17:00:00,SM NPI,1.846553163
2024-05-24 17:00:00,SM TLO,0.0
2024-05-24 17:30:00,IB GF,0.0
2024-05-24 17:30:00,IB NPI,2.5
2024-05-24 17:30:00,IB OPF,69.5
2024-05-24 17:30:00,SM FT OPF,0.0
2024-05-24 17:30:00,SM GF,2.11
2024-05-24 17:30:00,SM KV OPF,0.0
2024-05-24 17:30:00,SM NPI,1.886900012
2024-05-24 17:30:00,SM TLO,0.0
2024-05-24 18:00:00,IB GF,0.0
2024-05-24 18:00:00,IB NPI,2.5
2024-05-24 18:00:00,IB OPF,69.5
2024-05-24 18:00:00,SM FT OPF,0.0
2024-05-24 18:00:00,SM GF,2.11
2024-05-24 18:00:00,SM KV OPF,0.0
2024-05-24 18:00:00,SM NPI,1.995164565
2024-05-24 18:00:00,SM TLO,0.0
2024-05-24 18:30:00,IB GF,0.0
2024-05-24 18:30:00,IB NPI,2.5
2024-05-24 18:30:00,IB OPF,69.5
2024-05-24 18:30:00,SM FT OPF,0.0
2024-05-24 18:30:00,SM GF,2.11
2024-05-24 18:30:00,SM KV OPF,0.0
2024-05-24 18:30:00,SM NPI,2.070037571
2024-05-24 18:30:00,SM TLO,0.0
2024-05-24 19:00:00,IB GF,0.0
2024-05-24 19:00:00,IB NPI,2.5
2024-05-24 19:00:00,IB OPF,69.5
2024-05-24 19:00:00,SM FT OPF,0.0
2024-05-24 19:00:00,SM GF,2.11
2024-05-24 19:00:00,SM KV OPF,0.0
2024-05-24 19:00:00,SM NPI,2.101040662
2024-05-24 19:00:00,SM TLO,0.0
2024-05-24 19:30:00,IB GF,0.0
2024-05-24 19:30:00,IB NPI,2.5
2024-05-24 19:30:00,IB OPF,69.5
2024-05-24 19:30:00,SM FT OPF,0.0
2024-05-24 19:30:00,SM GF,2.11
2024-05-24 19:30:00,SM KV OPF,0.0
2024-05-24 19:30:00,SM NPI,2.018382773
2024-05-24 19:30:00,SM TLO,0.0
2024-05-24 20:00:00,IB GF,0.0
2024-05-24 20:00:00,IB NPI,2.5
2024-05-24 20:00:00,IB OPF,69.5
2024-05-24 20:00:00,SM FT OPF,0.0
2024-05-24 20:00:00,SM GF,2.11
2024-05-24 20:00:00,SM KV OPF,0.0
2024-05-24 20:00:00,SM NPI,1.851221575
2024-05-24 20:00:00,SM TLO,0.0
2024-05-24 20:30:00,IB GF,0.0
2024-05-24 20:30:00,IB NPI,2.5
2024-05-24 20:30:00,IB OPF,69.5
2024-05-24 20:30:00,SM FT OPF,0.0
2024-05-24 20:30:00,SM GF,2.11
2024-05-24 20:30:00,SM KV OPF,0.0
2024-05-24 20:30:00,SM NPI,1.673071167
2024-05-24 20:30:00,SM TLO,0.0
2024-05-24 21:00:00,IB GF,0.0
2024-05-24 21:00:00,IB NPI,2.5
2024-05-24 21:00:00,IB OPF,69.5
2024-05-24 21:00:00,SM FT OPF,0.0
2024-05-24 21:00:00,SM GF,2.11
2024-05-24 21:00:00,SM KV OPF,0.0
2024-05-24 21:00:00,SM NPI,1.522949373
2024-05-24 21:00:00,SM TLO,0.0
2024-05-24 21:30:00,IB GF,0.0
2024-05-24 21:30:00,IB NPI,2.5
2024-05-24 21:30:00,IB OPF,69.5
2024-05-24 21:30:00,SM FT OPF,0.0
2024-05-24 21:30:00,SM GF,2.11
2024-05-24 21:30:00,SM KV OPF,0.0
2024-05-24 21:30:00,SM NPI,1.4363666
2024-05-24 21:30:00,SM TLO,0.0
2024-05-24 22:00:00,IB GF,0.0
2024-05-24 22:00:00,IB NPI,2.5
2024-05-24 22:00:00,IB OPF,69.5
2024-05-24 22:00:00,SM FT OPF,0.0
2024-05-24 22:00:00,SM GF,2.11
2024-05-24 22:00:00,SM KV OPF,0.0
2024-05-24 22:00:00,SM NPI,1.361951745
2024-05-24 22:00:00,SM TLO,0.0
2024-05-24 22:30:00,IB GF,0.0
2024-05-24 22:30:00,IB NPI,2.5
2024-05-24 22:30:00,IB OPF,69.5
2024-05-24 22:30:00,SM FT OPF,0.0
2024-05-24 22:30:00,SM GF,2.11
2024-05-24 22:30:00,SM KV OPF,0.0
2024-05-24 22:30:00,SM NPI,1.295391942
2024-05-24 22:30:00,SM TLO,0.0
2024-05-24 23:00:00,IB GF,0.0
2024-05-24 23:00:00,IB NPI,2.5
2024-05-24 23:00:00,IB OPF,69.5
2024-05-24 23:00:00,SM FT OPF,0.0
2024-05-24 23:00:00,SM GF,2.11
2024-05-24 23:00:00,SM KV OPF,0.0
2024-05-24 23:00:00,SM NPI,1.242736521
2024-05-24 23:00:00,SM TLO,0.0
2024-05-24 23:30:00,IB GF,0.0
2024-05-24 23:30:00,IB NPI,2.5
2024-05-24 23:30:00,IB OPF,69.5
2024-05-24 23:30:00,SM FT OPF,0.0
2024-05-24 23:30:00,SM GF,2.11
2024-05-24 23:30:00,SM KV OPF,0.0
2024-05-24 23:30:00,SM NPI,1.205291077
2024-05-24 23:30:00,SM TLO,0.0
2024-05-25 00:00:00,IB GF,0.0
2024-05-25 00:00:00,IB NPI,2.5
2024-05-25 00:00:00,IB OPF,69.5
2024-05-25 00:00:00,SM FT OPF,0.0
2024-05-25 00:00:00,SM GF,2.11
2024-05-25 00:00:00,SM KV OPF,0.0
2024-05-25 00:00:00,SM NPI,1.165545444
2024-05-25 00:00:00,SM TLO,0.0
2024-05-25 00:30:00,IB GF,0.0
2024-05-25 00:30:00,IB NPI,2.5
2024-05-25 00:30:00,IB OPF,69.5
2024-05-25 00:30:00,SM FT OPF,0.0
2024-05-25 00:30:00,SM GF,2.11
2024-05-25 00:30:00,SM KV OPF,0.0
2024-05-25 00:30:00,SM NPI,1.139653858
2024-05-25 00:30:00,SM TLO,0.0
2024-05-25 01:00:00,IB GF,0.0
2024-05-25 01:00:00,IB NPI,2.5
2024-05-25 01:00:00,IB OPF,69.5
2024-05-25 01:00:00,SM FT OPF,0.0
2024-05-25 01:00:00,SM GF,2.11
2024-05-25 01:00:00,SM KV OPF,0.0
2024-05-25 01:00:00,SM NPI,1.124779053
2024-05-25 01:00:00,SM TLO,0.0
2024-05-25 01:30:00,IB GF,0.0
2024-05-25 01:30:00,IB NPI,2.5
2024-05-25 01:30:00,IB OPF,69.5
2024-05-25 01:30:00,SM FT OPF,0.0
2024-05-25 01:30:00,SM GF,2.11
2024-05-25 01:30:00,SM KV OPF,0.0
2024-05-25 01:30:00,SM NPI,1.110271897
2024-05-25 01:30:00,SM TLO,0.0
2024-05-25 02:00:00,IB GF,0.0
2024-05-25 02:00:00,IB NPI,2.5
2024-05-25 02:00:00,IB OPF,69.5
2024-05-25 02:00:00,SM FT OPF,0.0
2024-05-25 02:00:00,SM GF,2.11
2024-05-25 02:00:00,SM KV OPF,0.0
2024-05-25 02:00:00,SM NPI,1.104105579
2024-05-25 02:00:00,SM TLO,0.0
2024-05-25 02:30:00,IB GF,0.0
2024-05-25 02:30:00,IB NPI,2.5
2024-05-25 02:30:00,IB OPF,69.5
2024-05-25 02:30:00,SM FT OPF,0.0
2024-05-25 02:30:00,SM GF,2.11
2024-05-25 02:30:00,SM KV OPF,0.0
2024-05-25 02:30:00,SM NPI,1.105928282
2024-05-25 02:30:00,SM TLO,0.0
2024-05-25 03:00:00,IB GF,0.0
2024-05-25 03:00:00,IB NPI,2.5
2024-05-25 03:00:00,IB OPF,69.5
2024-05-25 03:00:00,SM FT OPF,0.0
2024-05-25 03:00:00,SM GF,2.11
2024-05-25 03:00:00,SM KV OPF,0.0
2024-05-25 03:00:00,SM NPI,1.116121277
2024-05-25 03:00:00,SM TLO,0.0
2024-05-25 03:30:00,IB GF,0.0
2024-05-25 03:30:00,IB NPI,2.5
2024-05-25 03:30:00,IB OPF,69.5
2024-05-25 03:30:00,SM FT OPF,0.0
2024-05-25 03:30:00,SM GF,2.11
2024-05-25 03:30:00,SM KV OPF,0.0
2024-05-25 03:30:00,SM NPI,1.188316027
2024-05-25 03:30:00,SM TLO,0.0
2024-05-25 04:00:00,IB GF,0.0
2024-05-25 04:00:00,IB NPI,2.5
2024-05-25 04:00:00,IB OPF,69.5
2024-05-25 04:00:00,SM FT OPF,0.0
2024-05-25 04:00:00,SM GF,2.11
2024-05-25 04:00:00,SM KV OPF,0.0
2024-05-25 04:00:00,SM NPI,1.310643468
2024-05-25 04:00:00,SM TLO,0.0
2024-05-25 04:30:00,IB GF,0.0
2024-05-25 04:30:00,IB NPI,2.5
2024-05-25 04:30:00,IB OPF,69.5
2024-05-25 04:30:00,SM FT OPF,0.0
2024-05-25 04:30:00,SM GF,2.11
2024-05-25 04:30:00,SM KV OPF,0.0
2024-05-25 04:30:00,SM NPI,1.361671535
2024-05-25 04:30:00,SM TLO,0.0
2024-05-25 05:00:00,IB GF,0.0
2024-05-25 05:00:00,IB NPI,2.5
2024-05-25 05:00:00,IB OPF,69.5
2024-05-25 05:00:00,SM FT OPF,0.0
2024-05-25 05:00:00,SM GF,2.11
2024-05-25 05:00:00,SM KV OPF,0.0
2024-05-25 05:00:00,SM NPI,1.328056927
2024-05-25 05:00:00,SM TLO,0.0
2024-05-25 05:30:00,IB GF,0.0
2024-05-25 05:30:00,IB NPI,2.5
2024-05-25 05:30:00,IB OPF,69.5
2024-05-25 05:30:00,SM FT OPF,0.0
2024-05-25 05:30:00,SM GF,2.11
2024-05-25 05:30:00,SM KV OPF,0.0
2024-05-25 05:30:00,SM NPI,1.305703361
2024-05-25 05:30:00,SM TLO,0.0
2024-05-25 06:00:00,IB GF,0.0
2024-05-25 06:00:00,IB NPI,2.5
2024-05-25 06:00:00,IB OPF,69.5
2024-05-25 06:00:00,SM FT OPF,0.0
2024-05-25 06:00:00,SM GF,2.11
2024-05-25 06:00:00,SM KV OPF,0.0
2024-05-25 06:00:00,SM NPI,1.339910872
2024-05-25 06:00:00,SM TLO,0.0
2024-05-25 06:30:00,IB GF,0.0
2024-05-25 06:30:00,IB NPI,2.5
2024-05-25 06:30:00,IB OPF,69.5
2024-05-25 06:30:00,SM FT OPF,0.0
2024-05-25 06:30:00,SM GF,2.11
2024-05-25 06:30:00,SM KV OPF,0.0
2024-05-25 06:30:00,SM NPI,1.36376695
2024-05-25 06:30:00,SM TLO,0.0
2024-05-25 07:00:00,IB GF,0.0
2024-05-25 07:00:00,IB NPI,2.5
2024-05-25 07:00:00,IB OPF,69.5
2024-05-25 07:00:00,SM FT OPF,0.0
2024-05-25 07:00:00,SM GF,2.11
2024-05-25 07:00:00,SM KV OPF,0.0
2024-05-25 07:00:00,SM NPI,1.385294224
2024-05-25 07:00:00,SM TLO,0.0
2024-05-25 07:30:00,IB GF,0.0
2024-05-25 07:30:00,IB NPI,2.5
2024-05-25 07:30:00,IB OPF,69.5
2024-05-25 07:30:00,SM FT OPF,0.0
2024-05-25 07:30:00,SM GF,2.11
2024-05-25 07:30:00,SM KV OPF,0.0
2024-05-25 07:30:00,SM NPI,1.384931323
2024-05-25 07:30:00,SM TLO,0.0
2024-05-25 08:00:00,IB GF,0.0
2024-05-25 08:00:00,IB NPI,2.5
2024-05-25 08:00:00,IB OPF,69.5
2024-05-25 08:00:00,SM FT OPF,0.0
2024-05-25 08:00:00,SM GF,2.11
2024-05-25 08:00:00,SM KV OPF,0.0
2024-05-25 08:00:00,SM NPI,1.37393432
2024-05-25 08:00:00,SM TLO,0.0
2024-05-25 08:30:00,IB GF,0.0
2024-05-25 08:30:00,IB NPI,2.5
2024-05-25 08:30:00,IB OPF,69.5
2024-05-25 08:30:00,SM FT OPF,0.0
2024-05-25 08:30:00,SM GF,2.11
2024-05-25 08:30:00,SM KV OPF,0.0
2024-05-25 08:30:00,SM NPI,1.360357946
2024-05-25 08:30:00,SM TLO,0.0
2024-05-25 09:00:00,IB GF,0.0
2024-05-25 09:00:00,IB NPI,2.5
2024-05-25 09:00:00,IB OPF,69.5
2024-05-25 09:00:00,SM FT OPF,0.0
2024-05-25 09:00:00,SM GF,2.11
2024-05-25 09:00:00,SM KV OPF,0.0
2024-05-25 09:00:00,SM NPI,1.355092686
2024-05-25 09:00:00,SM TLO,0.0
2024-05-25 09:30:00,IB GF,0.0
2024-05-25 09:30:00,IB NPI,2.5
2024-05-25 09:30:00,IB OPF,69.5
2024-05-25 09:30:00,SM FT OPF,0.0
2024-05-25 09:30:00,SM GF,2.11
2024-05-25 09:30:00,SM KV OPF,0.0
2024-05-25 09:30:00,SM NPI,1.401677722
2024-05-25 09:30:00,SM TLO,0.0
2024-05-25 10:00:00,IB GF,0.0
2024-05-25 10:00:00,IB NPI,2.5
2024-05-25 10:00:00,IB OPF,69.5
2024-05-25 10:00:00,SM FT OPF,0.0
2024-05-25 10:00:00,SM GF,2.11
2024-05-25 10:00:00,SM KV OPF,0.0
2024-05-25 10:00:00,SM NPI,1.469519687
2024-05-25 10:00:00,SM TLO,0.0
2024-05-25 10:30:00,IB GF,0.0
2024-05-25 10:30:00,IB NPI,2.5
2024-05-25 10:30:00,IB OPF,69.5
2024-05-25 10:30:00,SM FT OPF,0.0
2024-05-25 10:30:00,SM GF,2.11
2024-05-25 10:30:00,SM KV OPF,0.0
2024-05-25 10:30:00,SM NPI,1.52485297
2024-05-25 10:30:00,SM TLO,0.0
2024-05-25 11:00:00,IB GF,0.0
2024-05-25 11:00:00,IB NPI,2.5
2024-05-25 11:00:00,IB OPF,69.5
2024-05-25 11:00:00,SM FT OPF,0.0
2024-05-25 11:00:00,SM GF,2.11
2024-05-25 11:00:00,SM KV OPF,0.0
2024-05-25 11:00:00,SM NPI,1.572686527
2024-05-25 11:00:00,SM TLO,0.0
2024-05-25 11:30:00,IB GF,0.0
2024-05-25 11:30:00,IB NPI,2.5
2024-05-25 11:30:00,IB OPF,69.5
2024-05-25 11:30:00,SM FT OPF,0.0
2024-05-25 11:30:00,SM GF,2.11
2024-05-25 11:30:00,SM KV OPF,0.0
2024-05-25 11:30:00,SM NPI,1.61386288
2024-05-25 11:30:00,SM TLO,0.0
2024-05-25 12:00:00,IB GF,0.0
2024-05-25 12:00:00,IB NPI,2.5
2024-05-25 12:00:00,IB OPF,69.5
2024-05-25 12:00:00,SM FT OPF,0.0
2024-05-25 12:00:00,SM GF,2.11
2024-05-25 12:00:00,SM KV OPF,0.0
2024-05-25 12:00:00,SM NPI,1.647239763
2024-05-25 12:00:00,SM TLO,0.0
2024-05-25 12:30:00,IB GF,0.0
2024-05-25 12:30:00,IB NPI,2.5
2024-05-25 12:30:00,IB OPF,69.5
2024-05-25 12:30:00,SM FT OPF,0.0
2024-05-25 12:30:00,SM GF,2.11
2024-05-25 12:30:00,SM KV OPF,0.0
2024-05-25 12:30:00,SM NPI,1.676032498
2024-05-25 12:30:00,SM TLO,0.0
2024-05-25 13:00:00,IB GF,0.0
2024-05-25 13:00:00,IB NPI,2.5
2024-05-25 13:00:00,IB OPF,69.5
2024-05-25 13:00:00,SM FT OPF,0.0
2024-05-25 13:00:00,SM GF,2.11
2024-05-25 13:00:00,SM KV OPF,0.0
2024-05-25 13:00:00,SM NPI,1.713747875
2024-05-25 13:00:00,SM TLO,0.0
2024-05-25 13:30:00,IB GF,0.0
2024-05-25 13:30:00,IB NPI,2.5
2024-05-25 13:30:00,IB OPF,69.5
2024-05-25 13:30:00,SM FT OPF,0.0
2024-05-25 13:30:00,SM GF,2.11
2024-05-25 13:30:00,SM KV OPF,0.0
2024-05-25 13:30:00,SM NPI,1.757840142
2024-05-25 13:30:00,SM TLO,0.0
2024-05-25 14:00:00,IB GF,0.0
2024-05-25 14:00:00,IB NPI,2.5
2024-05-25 14:00:00,IB OPF,69.5
2024-05-25 14:00:00,SM FT OPF,0.0
2024-05-25 14:00:00,SM GF,2.11
2024-05-25 14:00:00,SM KV OPF,0.0
2024-05-25 14:00:00,SM NPI,1.819149618
2024-05-25 14:00:00,SM TLO,0.0
2024-05-25 14:30:00,IB GF,0.0
2024-05-25 14:30:00,IB NPI,2.5
2024-05-25 14:30:00,IB OPF,69.5
2024-05-25 14:30:00,SM FT OPF,0.0
2024-05-25 14:30:00,SM GF,2.11
2024-05-25 14:30:00,SM KV OPF,0.0
2024-05-25 14:30:00,SM NPI,1.859786954
2024-05-25 14:30:00,SM TLO,0.0
2024-05-25 15:00:00,IB GF,0.0
2024-05-25 15:00:00,IB NPI,2.5
2024-05-25 15:00:00,IB OPF,69.5
2024-05-25 15:00:00,SM FT OPF,0.0
2024-05-25 15:00:00,SM GF,2.11
2024-05-25 15:00:00,SM KV OPF,0.0
2024-05-25 15:00:00,SM NPI,1.885907029
2024-05-25 15:00:00,SM TLO,0.0
2024-05-25 15:30:00,IB GF,0.0
2024-05-25 15:30:00,IB NPI,2.5
2024-05-25 15:30:00,IB OPF,69.5
2024-05-25 15:30:00,SM FT OPF,0.0
2024-05-25 15:30:00,SM GF,2.11
2024-05-25 15:30:00,SM KV OPF,0.0
2024-05-25 15:30:00,SM NPI,1.931706456
2024-05-25 15:30:00,SM TLO,0.0
2024-05-25 16:00:00,IB GF,0.0
2024-05-25 16:00:00,IB NPI,2.5
2024-05-25 16:00:00,IB OPF,69.5
2024-05-25 16:00:00,SM FT OPF,0.0
2024-05-25 16:00:00,SM GF,2.11
2024-05-25 16:00:00,SM KV OPF,0.0
2024-05-25 16:00:00,SM NPI,1.932038466
2024-05-25 16:00:00,SM TLO,0.0
2024-05-25 16:30:00,IB GF,0.0
2024-05-25 16:30:00,IB NPI,2.5
2024-05-25 16:30:00,IB OPF,69.5
2024-05-25 16:30:00,SM FT OPF,0.0
2024-05-25 16:30:00,SM GF,2.11
2024-05-25 16:30:00,SM KV OPF,0.0
2024-05-25 16:30:00,SM NPI,1.876448547
2024-05-25 16:30:00,SM TLO,0.0
2024-05-25 17:00:00,IB GF,0.0
2024-05-25 17:00:00,IB NPI,2.5
2024-05-25 17:00:00,IB OPF,69.5
2024-05-25 17:00:00,SM FT OPF,0.0
2024-05-25 17:00:00,SM GF,2.11
2024-05-25 17:00:00,SM KV OPF,0.0
2024-05-25 17:00:00,SM NPI,1.834484188
2024-05-25 17:00:00,SM TLO,0.0
2024-05-25 17:30:00,IB GF,0.0
2024-05-25 17:30:00,IB NPI,2.5
2024-05-25 17:30:00,IB OPF,69.5
2024-05-25 17:30:00,SM FT OPF,0.0
2024-05-25 17:30:00,SM GF,2.11
2024-05-25 17:30:00,SM KV OPF,0.0
2024-05-25 17:30:00,SM NPI,1.874567332
2024-05-25 17:30:00,SM TLO,0.0
2024-05-25 18:00:00,IB GF,0.0
2024-05-25 18:00:00,IB NPI,2.5
2024-05-25 18:00:00,IB OPF,69.5
2024-05-25 18:00:00,SM FT OPF,0.0
2024-05-25 18:00:00,SM GF,2.11
2024-05-25 18:00:00,SM KV OPF,0.0
2024-05-25 18:00:00,SM NPI,1.982124274
2024-05-25 18:00:00,SM TLO,0.0
2024-05-25 18:30:00,IB GF,0.0
2024-05-25 18:30:00,IB NPI,2.5
2024-05-25 18:30:00,IB OPF,69.5
2024-05-25 18:30:00,SM FT OPF,0.0
2024-05-25 18:30:00,SM GF,2.11
2024-05-25 18:30:00,SM KV OPF,0.0
2024-05-25 18:30:00,SM NPI,2.056507913
2024-05-25 18:30:00,SM TLO,0.0
2024-05-25 19:00:00,IB GF,0.0
2024-05-25 19:00:00,IB NPI,2.5
2024-05-25 19:00:00,IB OPF,69.5
2024-05-25 19:00:00,SM FT OPF,0.0
2024-05-25 19:00:00,SM GF,2.11
2024-05-25 19:00:00,SM KV OPF,0.0
2024-05-25 19:00:00,SM NPI,2.087308371
2024-05-25 19:00:00,SM TLO,0.0
2024-05-25 19:30:00,IB GF,0.0
2024-05-25 19:30:00,IB NPI,2.5
2024-05-25 19:30:00,IB OPF,69.5
2024-05-25 19:30:00,SM FT OPF,0.0
2024-05-25 19:30:00,SM GF,2.11
2024-05-25 19:30:00,SM KV OPF,0.0
2024-05-25 19:30:00,SM NPI,2.005190728
2024-05-25 19:30:00,SM TLO,0.0
2024-05-25 20:00:00,IB GF,0.0
2024-05-25 20:00:00,IB NPI,2.5
2024-05-25 20:00:00,IB OPF,69.5
2024-05-25 20:00:00,SM FT OPF,0.0
2024-05-25 20:00:00,SM GF,2.11
2024-05-25 20:00:00,SM KV OPF,0.0
2024-05-25 20:00:00,SM NPI,1.839122087
2024-05-25 20:00:00,SM TLO,0.0
2024-05-25 20:30:00,IB GF,0.0
2024-05-25 20:30:00,IB NPI,2.5
2024-05-25 20:30:00,IB OPF,69.5
2024-05-25 20:30:00,SM FT OPF,0.0
2024-05-25 20:30:00,SM GF,2.11
2024-05-25 20:30:00,SM KV OPF,0.0
2024-05-25 20:30:00,SM NPI,1.662136061
2024-05-25 20:30:00,SM TLO,0.0
2024-05-25 21:00:00,IB GF,0.0
2024-05-25 21:00:00,IB NPI,2.5
2024-05-25 21:00:00,IB OPF,69.5
2024-05-25 21:00:00,SM FT OPF,0.0
2024-05-25 21:00:00,SM GF,2.11
2024-05-25 21:00:00,SM KV OPF,0.0
2024-05-25 21:00:00,SM NPI,1.512995455
2024-05-25 21:00:00,SM TLO,0.0
2024-05-25 21:30:00,IB GF,0.0
2024-05-25 21:30:00,IB NPI,2.5
2024-05-25 21:30:00,IB OPF,69.5
2024-05-25 21:30:00,SM FT OPF,0.0
2024-05-25 21:30:00,SM GF,2.11
2024-05-25 21:30:00,SM KV OPF,0.0
2024-05-25 21:30:00,SM NPI,1.426978583
2024-05-25 21:30:00,SM TLO,0.0
2024-05-25 22:00:00,IB GF,0.0
2024-05-25 22:00:00,IB NPI,2.5
2024-05-25 22:00:00,IB OPF,69.5
2024-05-25 22:00:00,SM FT OPF,0.0
2024-05-25 22:00:00,SM GF,2.11
2024-05-25 22:00:00,SM KV OPF,0.0
2024-05-25 22:00:00,SM NPI,1.3530501
2024-05-25 22:00:00,SM TLO,0.0
2024-05-25 22:30:00,IB GF,0.0
2024-05-25 22:30:00,IB NPI,2.5
2024-05-25 22:30:00,IB OPF,69.5
2024-05-25 22:30:00,SM FT OPF,0.0
2024-05-25 22:30:00,SM GF,2.11
2024-05-25 22:30:00,SM KV OPF,0.0
2024-05-25 22:30:00,SM NPI,1.286925328
2024-05-25 22:30:00,SM TLO,0.0
2024-05-25 23:00:00,IB GF,0.0
2024-05-25 23:00:00,IB NPI,2.5
2024-05-25 23:00:00,IB OPF,69.5
2024-05-25 23:00:00,SM FT OPF,0.0
2024-05-25 23:00:00,SM GF,2.11
2024-05-25 23:00:00,SM KV OPF,0.0
2024-05-25 23:00:00,SM NPI,1.23461406
2024-05-25 23:00:00,SM TLO,0.0
2024-05-25 23:30:00,IB GF,0.0
2024-05-25 23:30:00,IB NPI,2.5
2024-05-25 23:30:00,IB OPF,69.5
2024-05-25 23:30:00,SM FT OPF,0.0
2024-05-25 23:30:00,SM GF,2.11
2024-05-25 23:30:00,SM KV OPF,0.0
2024-05-25 23:30:00,SM NPI,1.197413358
2024-05-25 23:30:00,SM TLO,0.0
2024-05-26 00:00:00,IB GF,0.0
2024-05-26 00:00:00,IB NPI,2.5
2024-05-26 00:00:00,IB OPF,69.5
2024-05-26 00:00:00,SM FT OPF,0.0
2024-05-26 00:00:00,SM GF,2.11
2024-05-26 00:00:00,SM KV OPF,0.0
2024-05-26 00:00:00,SM NPI,1.157877382
2024-05-26 00:00:00,SM TLO,0.0
2024-05-26 00:30:00,IB GF,0.0
2024-05-26 00:30:00,IB NPI,2.5
2024-05-26 00:30:00,IB OPF,69.5
2024-05-26 00:30:00,SM FT OPF,0.0
2024-05-26 00:30:00,SM GF,2.11
2024-05-26 00:30:00,SM KV OPF,0.0
2024-05-26 00:30:00,SM NPI,1.132156135
2024-05-26 00:30:00,SM TLO,0.0
2024-05-26 01:00:00,IB GF,0.0
2024-05-26 01:00:00,IB NPI,2.5
2024-05-26 01:00:00,IB OPF,69.5
2024-05-26 01:00:00,SM FT OPF,0.0
2024-05-26 01:00:00,SM GF,2.11
2024-05-26 01:00:00,SM KV OPF,0.0
2024-05-26 01:00:00,SM NPI,1.117379191
2024-05-26 01:00:00,SM TLO,0.0
2024-05-26 01:30:00,IB GF,0.0
2024-05-26 01:30:00,IB NPI,2.5
2024-05-26 01:30:00,IB OPF,69.5
2024-05-26 01:30:00,SM FT OPF,0.0
2024-05-26 01:30:00,SM GF,2.11
2024-05-26 01:30:00,SM KV OPF,0.0
2024-05-26 01:30:00,SM NPI,1.102967477
2024-05-26 01:30:00,SM TLO,0.0
2024-05-26 02:00:00,IB GF,0.0
2024-05-26 02:00:00,IB NPI,2.5
2024-05-26 02:00:00,IB OPF,69.5
2024-05-26 02:00:00,SM FT OPF,0.0
2024-05-26 02:00:00,SM GF,2.11
2024-05-26 02:00:00,SM KV OPF,0.0
2024-05-26 02:00:00,SM NPI,1.096841727
2024-05-26 02:00:00,SM TLO,0.0
2024-05-26 02:30:00,IB GF,0.0
2024-05-26 02:30:00,IB NPI,2.5
2024-05-26 02:30:00,IB OPF,69.5
2024-05-26 02:30:00,SM FT OPF,0.0
2024-05-26 02:30:00,SM GF,2.11
2024-05-26 02:30:00,SM KV OPF,0.0
2024-05-26 02:30:00,SM NPI,1.098652438
2024-05-26 02:30:00,SM TLO,0.0
2024-05-26 03:00:00,IB GF,0.0
2024-05-26 03:00:00,IB NPI,2.5
2024-05-26 03:00:00,IB OPF,69.5
2024-05-26 03:00:00,SM FT OPF,0.0
2024-05-26 03:00:00,SM GF,2.11
2024-05-26 03:00:00,SM KV OPF,0.0
2024-05-26 03:00:00,SM NPI,1.108778373
2024-05-26 03:00:00,SM TLO,0.0
2024-05-26 03:30:00,IB GF,0.0
2024-05-26 03:30:00,IB NPI,2.5
2024-05-26 03:30:00,IB OPF,69.5
2024-05-26 03:30:00,SM FT OPF,0.0
2024-05-26 03:30:00,SM GF,2.11
2024-05-26 03:30:00,SM KV OPF,0.0
2024-05-26 03:30:00,SM NPI,1.180498159
2024-05-26 03:30:00,SM TLO,0.0
2024-05-26 04:00:00,IB GF,0.0
2024-05-26 04:00:00,IB NPI,2.5
2024-05-26 04:00:00,IB OPF,69.5
2024-05-26 04:00:00,SM FT OPF,0.0
2024-05-26 04:00:00,SM GF,2.11
2024-05-26 04:00:00,SM KV OPF,0.0
2024-05-26 04:00:00,SM NPI,1.302020813
2024-05-26 04:00:00,SM TLO,0.0
2024-05-26 04:30:00,IB GF,0.0
2024-05-26 04:30:00,IB NPI,2.5
2024-05-26 04:30:00,IB OPF,69.5
2024-05-26 04:30:00,SM FT OPF,0.0
2024-05-26 04:30:00,SM GF,2.11
2024-05-26 04:30:00,SM KV OPF,0.0
2024-05-26 04:30:00,SM NPI,1.352713169
2024-05-26 04:30:00,SM TLO,0.0
2024-05-26 05:00:00,IB GF,0.0
2024-05-26 05:00:00,IB NPI,2.5
2024-05-26 05:00:00,IB OPF,69.5
2024-05-26 05:00:00,SM FT OPF,0.0
2024-05-26 05:00:00,SM GF,2.11
2024-05-26 05:00:00,SM KV OPF,0.0
2024-05-26 05:00:00,SM NPI,1.319319711
2024-05-26 05:00:00,SM TLO,0.0
2024-05-26 05:30:00,IB GF,0.0
2024-05-26 05:30:00,IB NPI,2.5
2024-05-26 05:30:00,IB OPF,69.5
2024-05-26 05:30:00,SM FT OPF,0.0
2024-05-26 05:30:00,SM GF,2.11
2024-05-26 05:30:00,SM KV OPF,0.0
2024-05-26 05:30:00,SM NPI,1.297113208
2024-05-26 05:30:00,SM TLO,0.0
2024-05-26 06:00:00,IB GF,0.0
2024-05-26 06:00:00,IB NPI,2.5
2024-05-26 06:00:00,IB OPF,69.5
2024-05-26 06:00:00,SM FT OPF,0.0
2024-05-26 06:00:00,SM GF,2.11
2024-05-26 06:00:00,SM KV OPF,0.0
2024-05-26 06:00:00,SM NPI,1.331095669
2024-05-26 06:00:00,SM TLO,0.0
2024-05-26 06:30:00,IB GF,0.0
2024-05-26 06:30:00,IB NPI,2.5
2024-05-26 06:30:00,IB OPF,69.5
2024-05-26 06:30:00,SM FT OPF,0.0
2024-05-26 06:30:00,SM GF,2.11
2024-05-26 06:30:00,SM KV OPF,0.0
2024-05-26 06:30:00,SM NPI,1.354794799
2024-05-26 06:30:00,SM TLO,0.0
2024-05-26 07:00:00,IB GF,0.0
2024-05-26 07:00:00,IB NPI,2.5
2024-05-26 07:00:00,IB OPF,69.5
2024-05-26 07:00:00,SM FT OPF,0.0
2024-05-26 07:00:00,SM GF,2.11
2024-05-26 07:00:00,SM KV OPF,0.0
2024-05-26 07:00:00,SM NPI,1.376180446
2024-05-26 07:00:00,SM TLO,0.0
2024-05-26 07:30:00,IB GF,0.0
2024-05-26 07:30:00,IB NPI,2.5
2024-05-26 07:30:00,IB OPF,69.5
2024-05-26 07:30:00,SM FT OPF,0.0
2024-05-26 07:30:00,SM GF,2.11
2024-05-26 07:30:00,SM KV OPF,0.0
2024-05-26 07:30:00,SM NPI,1.375819933
2024-05-26 07:30:00,SM TLO,0.0
2024-05-26 08:00:00,IB GF,0.0
2024-05-26 08:00:00,IB NPI,2.5
2024-05-26 08:00:00,IB OPF,69.5
2024-05-26 08:00:00,SM FT OPF,0.0
2024-05-26 08:00:00,SM GF,2.11
2024-05-26 08:00:00,SM KV OPF,0.0
2024-05-26 08:00:00,SM NPI,1.364895279
2024-05-26 08:00:00,SM TLO,0.0
2024-05-26 08:30:00,IB GF,0.0
2024-05-26 08:30:00,IB NPI,2.5
2024-05-26 08:30:00,IB OPF,69.5
2024-05-26 08:30:00,SM FT OPF,0.0
2024-05-26 08:30:00,SM GF,2.11
2024-05-26 08:30:00,SM KV OPF,0.0
2024-05-26 08:30:00,SM NPI,1.351408222
2024-05-26 08:30:00,SM TLO,0.0
2024-05-26 09:00:00,IB GF,0.0
2024-05-26 09:00:00,IB NPI,2.5
2024-05-26 09:00:00,IB OPF,69.5
2024-05-26 09:00:00,SM FT OPF,0.0
2024-05-26 09:00:00,SM GF,2.11
2024-05-26 09:00:00,SM KV OPF,0.0
2024-05-26 09:00:00,SM NPI,1.346177603
2024-05-26 09:00:00,SM TLO,0.0
2024-05-26 09:30:00,IB GF,0.0
2024-05-26 09:30:00,IB NPI,2.5
2024-05-26 09:30:00,IB OPF,69.5
2024-05-26 09:30:00,SM FT OPF,0.0
2024-05-26 09:30:00,SM GF,2.11
2024-05-26 09:30:00,SM KV OPF,0.0
2024-05-26 09:30:00,SM NPI,1.392456158
2024-05-26 09:30:00,SM TLO,0.0
2024-05-26 10:00:00,IB GF,0.0
2024-05-26 10:00:00,IB NPI,2.5
2024-05-26 10:00:00,IB OPF,69.5
2024-05-26 10:00:00,SM FT OPF,0.0
2024-05-26 10:00:00,SM GF,2.11
2024-05-26 10:00:00,SM KV OPF,0.0
2024-05-26 10:00:00,SM NPI,1.459851794
2024-05-26 10:00:00,SM TLO,0.0
2024-05-26 10:30:00,IB GF,0.0
2024-05-26 10:30:00,IB NPI,2.5
2024-05-26 10:30:00,IB OPF,69.5
2024-05-26 10:30:00,SM FT OPF,0.0
2024-05-26 10:30:00,SM GF,2.11
2024-05-26 10:30:00,SM KV OPF,0.0
2024-05-26 10:30:00,SM NPI,1.514821042
2024-05-26 10:30:00,SM TLO,0.0
2024-05-26 11:00:00,IB GF,0.0
2024-05-26 11:00:00,IB NPI,2.5
2024-05-26 11:00:00,IB OPF,69.5
2024-05-26 11:00:00,SM FT OPF,0.0
2024-05-26 11:00:00,SM GF,2.11
2024-05-26 11:00:00,SM KV OPF,0.0
2024-05-26 11:00:00,SM NPI,1.562339905
2024-05-26 11:00:00,SM TLO,0.0
2024-05-26 11:30:00,IB GF,0.0
2024-05-26 11:30:00,IB NPI,2.5
2024-05-26 11:30:00,IB OPF,69.5
2024-05-26 11:30:00,SM FT OPF,0.0
2024-05-26 11:30:00,SM GF,2.11
2024-05-26 11:30:00,SM KV OPF,0.0
2024-05-26 11:30:00,SM NPI,1.603245361
2024-05-26 11:30:00,SM TLO,0.0
2024-05-26 12:00:00,IB GF,0.0
2024-05-26 12:00:00,IB NPI,2.5
2024-05-26 12:00:00,IB OPF,69.5
2024-05-26 12:00:00,SM FT OPF,0.0
2024-05-26 12:00:00,SM GF,2.11
2024-05-26 12:00:00,SM KV OPF,0.0
2024-05-26 12:00:00,SM NPI,1.63640266
2024-05-26 12:00:00,SM TLO,0.0
2024-05-26 12:30:00,IB GF,0.0
2024-05-26 12:30:00,IB NPI,2.5
2024-05-26 12:30:00,IB OPF,69.5
2024-05-26 12:30:00,SM FT OPF,0.0
2024-05-26 12:30:00,SM GF,2.11
2024-05-26 12:30:00,SM KV OPF,0.0
2024-05-26 12:30:00,SM NPI,1.665005968
2024-05-26 12:30:00,SM TLO,0.0
2024-05-26 13:00:00,IB GF,0.0
2024-05-26 13:00:00,IB NPI,2.5
2024-05-26 13:00:00,IB OPF,69.5
2024-05-26 13:00:00,SM FT OPF,0.0
2024-05-26 13:00:00,SM GF,2.11
2024-05-26 13:00:00,SM KV OPF,0.0
2024-05-26 13:00:00,SM NPI,1.702473218
2024-05-26 13:00:00,SM TLO,0.0
2024-05-26 13:30:00,IB GF,0.0
2024-05-26 13:30:00,IB NPI,2.5
2024-05-26 13:30:00,IB OPF,69.5
2024-05-26 13:30:00,SM FT OPF,0.0
2024-05-26 13:30:00,SM GF,2.11
2024-05-26 13:30:00,SM KV OPF,0.0
2024-05-26 13:30:00,SM NPI,1.746275404
2024-05-26 13:30:00,SM TLO,0.0
2024-05-26 14:00:00,IB GF,0.0
2024-05-26 14:00:00,IB NPI,2.5
2024-05-26 14:00:00,IB OPF,69.5
2024-05-26 14:00:00,SM FT OPF,0.0
2024-05-26 14:00:00,SM GF,2.11
2024-05-26 14:00:00,SM KV OPF,0.0
2024-05-26 14:00:00,SM NPI,1.807181528
2024-05-26 14:00:00,SM TLO,0.0
2024-05-26 14:30:00,IB GF,0.0
2024-05-26 14:30:00,IB NPI,2.5
2024-05-26 14:30:00,IB OPF,69.5
2024-05-26 14:30:00,SM FT OPF,0.0
2024-05-26 14:30:00,SM GF,2.11
2024-05-26 14:30:00,SM KV OPF,0.0
2024-05-26 14:30:00,SM NPI,1.847551513
2024-05-26 14:30:00,SM TLO,0.0
2024-05-26 15:00:00,IB GF,0.0
2024-05-26 15:00:00,IB NPI,2.5
2024-05-26 15:00:00,IB OPF,69.5
2024-05-26 15:00:00,SM FT OPF,0.0
2024-05-26 15:00:00,SM GF,2.11
2024-05-26 15:00:00,SM KV OPF,0.0
2024-05-26 15:00:00,SM NPI,1.873499746
2024-05-26 15:00:00,SM TLO,0.0
2024-05-26 15:30:00,IB GF,0.0
2024-05-26 15:30:00,IB NPI,2.5
2024-05-26 15:30:00,IB OPF,69.5
2024-05-26 15:30:00,SM FT OPF,0.0
2024-05-26 15:30:00,SM GF,2.11
2024-05-26 15:30:00,SM KV OPF,0.0
2024-05-26 15:30:00,SM NPI,1.918997861
2024-05-26 15:30:00,SM TLO,0.0
2024-05-26 16:00:00,IB GF,0.0
2024-05-26 16:00:00,IB NPI,2.5
2024-05-26 16:00:00,IB OPF,69.5
2024-05-26 16:00:00,SM FT OPF,0.0
2024-05-26 16:00:00,SM GF,2.11
2024-05-26 16:00:00,SM KV OPF,0.0
2024-05-26 16:00:00,SM NPI,1.919327686
2024-05-26 16:00:00,SM TLO,0.0
2024-05-26 16:30:00,IB GF,0.0
2024-05-26 16:30:00,IB NPI,2.5
2024-05-26 16:30:00,IB OPF,69.5
2024-05-26 16:30:00,SM FT OPF,0.0
2024-05-26 16:30:00,SM GF,2.11
2024-05-26 16:30:00,SM KV OPF,0.0
2024-05-26 16:30:00,SM NPI,1.86410349
2024-05-26 16:30:00,SM TLO,0.0
2024-05-26 17:00:00,IB GF,0.0
2024-05-26 17:00:00,IB NPI,2.5
2024-05-26 17:00:00,IB OPF,69.5
2024-05-26 17:00:00,SM FT OPF,0.0
2024-05-26 17:00:00,SM GF,2.11
2024-05-26 17:00:00,SM KV OPF,0.0
2024-05-26 17:00:00,SM NPI,1.822415213
2024-05-26 17:00:00,SM TLO,0.0
2024-05-26 17:30:00,IB GF,0.0
2024-05-26 17:30:00,IB NPI,2.5
2024-05-26 17:30:00,IB OPF,69.5
2024-05-26 17:30:00,SM FT OPF,0.0
2024-05-26 17:30:00,SM GF,2.11
2024-05-26 17:30:00,SM KV OPF,0.0
2024-05-26 17:30:00,SM NPI,1.862234652
2024-05-26 17:30:00,SM TLO,0.0
2024-05-26 18:00:00,IB GF,0.0
2024-05-26 18:00:00,IB NPI,2.5
2024-05-26 18:00:00,IB OPF,69.5
2024-05-26 18:00:00,SM FT OPF,0.0
2024-05-26 18:00:00,SM GF,2.11
2024-05-26 18:00:00,SM KV OPF,0.0
2024-05-26 18:00:00,SM NPI,1.969083983
2024-05-26 18:00:00,SM TLO,0.0
2024-05-26 18:30:00,IB GF,0.0
2024-05-26 18:30:00,IB NPI,2.5
2024-05-26 18:30:00,IB OPF,69.5
2024-05-26 18:30:00,SM FT OPF,0.0
2024-05-26 18:30:00,SM GF,2.11
2024-05-26 18:30:00,SM KV OPF,0.0
2024-05-26 18:30:00,SM NPI,2.042978256
2024-05-26 18:30:00,SM TLO,0.0
2024-05-26 19:00:00,IB GF,0.0
2024-05-26 19:00:00,IB NPI,2.5
2024-05-26 19:00:00,IB OPF,69.5
2024-05-26 19:00:00,SM FT OPF,0.0
2024-05-26 19:00:00,SM GF,2.11
2024-05-26 19:00:00,SM KV OPF,0.0
2024-05-26 19:00:00,SM NPI,2.073576079
2024-05-26 19:00:00,SM TLO,0.0
2024-05-26 19:30:00,IB GF,0.0
2024-05-26 19:30:00,IB NPI,2.5
2024-05-26 19:30:00,IB OPF,69.5
2024-05-26 19:30:00,SM FT OPF,0.0
2024-05-26 19:30:00,SM GF,2.11
2024-05-26 19:30:00,SM KV OPF,0.0
2024-05-26 19:30:00,SM NPI,1.991998684
2024-05-26 19:30:00,SM TLO,0.0
2024-05-26 20:00:00,IB GF,0.0
2024-05-26 20:00:00,IB NPI,2.5
2024-05-26 20:00:00,IB OPF,69.5
2024-05-26 20:00:00,SM FT OPF,0.0
2024-05-26 20:00:00,SM GF,2.11
2024-05-26 20:00:00,SM KV OPF,0.0
2024-05-26 20:00:00,SM NPI,1.8270226
2024-05-26 20:00:00,SM TLO,0.0
2024-05-26 20:30:00,IB GF,0.0
2024-05-26 20:30:00,IB NPI,2.5
2024-05-26 20:30:00,IB OPF,69.5
2024-05-26 20:30:00,SM FT OPF,0.0
2024-05-26 20:30:00,SM GF,2.11
2024-05-26 20:30:00,SM KV OPF,0.0
2024-05-26 20:30:00,SM NPI,1.651200956
2024-05-26 20:30:00,SM TLO,0.0
2024-05-26 21:00:00,IB GF,0.0
2024-05-26 21:00:00,IB NPI,2.5
2024-05-26 21:00:00,IB OPF,69.5
2024-05-26 21:00:00,SM FT OPF,0.0
2024-05-26 21:00:00,SM GF,2.11
2024-05-26 21:00:00,SM KV OPF,0.0
2024-05-26 21:00:00,SM NPI,1.503041538
2024-05-26 21:00:00,SM TLO,0.0
2024-05-26 21:30:00,IB GF,0.0
2024-05-26 21:30:00,IB NPI,2.5
2024-05-26 21:30:00,IB OPF,69.5
2024-05-26 21:30:00,SM FT OPF,0.0
2024-05-26 21:30:00,SM GF,2.11
2024-05-26 21:30:00,SM KV OPF,0.0
2024-05-26 21:30:00,SM NPI,1.417590566
2024-05-26 21:30:00,SM TLO,0.0
2024-05-26 22:00:00,IB GF,0.0
2024-05-26 22:00:00,IB NPI,2.5
2024-05-26 22:00:00,IB OPF,69.5
2024-05-26 22:00:00,SM FT OPF,0.0
2024-05-26 22:00:00,SM GF,2.11
2024-05-26 22:00:00,SM KV OPF,0.0
2024-05-26 22:00:00,SM NPI,1.344148455
2024-05-26 22:00:00,SM TLO,0.0
2024-05-26 22:30:00,IB GF,0.0
2024-05-26 22:30:00,IB NPI,2.5
2024-05-26 22:30:00,IB OPF,69.5
2024-05-26 22:30:00,SM FT OPF,0.0
2024-05-26 22:30:00,SM GF,2.11
2024-05-26 22:30:00,SM KV OPF,0.0
2024-05-26 22:30:00,SM NPI,1.278458714
2024-05-26 22:30:00,SM TLO,0.0
2024-05-26 23:00:00,IB GF,0.0
2024-05-26 23:00:00,IB NPI,2.5
2024-05-26 23:00:00,IB OPF,69.5
2024-05-26 23:00:00,SM FT OPF,0.0
2024-05-26 23:00:00,SM GF,2.11
2024-05-26 23:00:00,SM KV OPF,0.0
2024-05-26 23:00:00,SM NPI,1.226491599
2024-05-26 23:00:00,SM TLO,0.0
2024-05-26 23:30:00,IB GF,0.0
2024-05-26 23:30:00,IB NPI,2.5
2024-05-26 23:30:00,IB OPF,69.5
2024-05-26 23:30:00,SM FT OPF,0.0
2024-05-26 23:30:00,SM GF,2.11
2024-05-26 23:30:00,SM KV OPF,0.0
2024-05-26 23:30:00,SM NPI,1.189535638
2024-05-26 23:30:00,SM TLO,0.0
2024-05-27 00:00:00,IB GF,0.0
2024-05-27 00:00:00,IB NPI,2.5
2024-05-27 00:00:00,IB OPF,69.5
2024-05-27 00:00:00,SM FT OPF,0.0
2024-05-27 00:00:00,SM GF,2.11
2024-05-27 00:00:00,SM KV OPF,0.0
2024-05-27 00:00:00,SM NPI,1.157877382
2024-05-27 00:00:00,SM TLO,0.0
2024-05-27 00:30:00,IB GF,0.0
2024-05-27 00:30:00,IB NPI,2.5
2024-05-27 00:30:00,IB OPF,69.5
2024-05-27 00:30:00,SM FT OPF,0.0
2024-05-27 00:30:00,SM GF,2.11
2024-05-27 00:30:00,SM KV OPF,0.0
2024-05-27 00:30:00,SM NPI,1.132156135
2024-05-27 00:30:00,SM TLO,0.0
2024-05-27 01:00:00,IB GF,0.0
2024-05-27 01:00:00,IB NPI,2.5
2024-05-27 01:00:00,IB OPF,69.5
2024-05-27 01:00:00,SM FT OPF,0.0
2024-05-27 01:00:00,SM GF,2.11
2024-05-27 01:00:00,SM KV OPF,0.0
2024-05-27 01:00:00,SM NPI,1.117379191
2024-05-27 01:00:00,SM TLO,0.0
2024-05-27 01:30:00,IB GF,0.0
2024-05-27 01:30:00,IB NPI,2.5
2024-05-27 01:30:00,IB OPF,69.5
2024-05-27 01:30:00,SM FT OPF,0.0
2024-05-27 01:30:00,SM GF,2.11
2024-05-27 01:30:00,SM KV OPF,0.0
2024-05-27 01:30:00,SM NPI,1.102967477
2024-05-27 01:30:00,SM TLO,0.0
2024-05-27 02:00:00,IB GF,0.0
2024-05-27 02:00:00,IB NPI,2.5
2024-05-27 02:00:00,IB OPF,69.5
2024-05-27 02:00:00,SM FT OPF,0.0
2024-05-27 02:00:00,SM GF,2.11
2024-05-27 02:00:00,SM KV OPF,0.0
2024-05-27 02:00:00,SM NPI,1.096841727
2024-05-27 02:00:00,SM TLO,0.0
2024-05-27 02:30:00,IB GF,0.0
2024-05-27 02:30:00,IB NPI,2.5
2024-05-27 02:30:00,IB OPF,69.5
2024-05-27 02:30:00,SM FT OPF,0.0
2024-05-27 02:30:00,SM GF,2.11
2024-05-27 02:30:00,SM KV OPF,0.0
2024-05-27 02:30:00,SM NPI,1.098652438
2024-05-27 02:30:00,SM TLO,0.0
2024-05-27 03:00:00,IB GF,0.0
2024-05-27 03:00:00,IB NPI,2.5
2024-05-27 03:00:00,IB OPF,69.5
2024-05-27 03:00:00,SM FT OPF,0.0
2024-05-27 03:00:00,SM GF,2.11
2024-05-27 03:00:00,SM KV OPF,0.0
2024-05-27 03:00:00,SM NPI,1.108778373
2024-05-27 03:00:00,SM TLO,0.0
2024-05-27 03:30:00,IB GF,0.0
2024-05-27 03:30:00,IB NPI,2.5
2024-05-27 03:30:00,IB OPF,69.5
2024-05-27 03:30:00,SM FT OPF,0.0
2024-05-27 03:30:00,SM GF,2.11
2024-05-27 03:30:00,SM KV OPF,0.0
2024-05-27 03:30:00,SM NPI,1.180498159
2024-05-27 03:30:00,SM TLO,0.0
2024-05-27 04:00:00,IB GF,0.0
2024-05-27 04:00:00,IB NPI,2.5
2024-05-27 04:00:00,IB OPF,69.5
2024-05-27 04:00:00,SM FT OPF,0.0
2024-05-27 04:00:00,SM GF,2.11
2024-05-27 04:00:00,SM KV OPF,0.0
2024-05-27 04:00:00,SM NPI,1.302020813
2024-05-27 04:00:00,SM TLO,0.0
2024-05-27 04:30:00,IB GF,0.0
2024-05-27 04:30:00,IB NPI,2.5
2024-05-27 04:30:00,IB OPF,69.5
2024-05-27 04:30:00,SM FT OPF,0.0
2024-05-27 04:30:00,SM GF,2.11
2024-05-27 04:30:00,SM KV OPF,0.0
2024-05-27 04:30:00,SM NPI,1.352713169
2024-05-27 04:30:00,SM TLO,0.0
2024-05-27 05:00:00,IB GF,0.0
2024-05-27 05:00:00,IB NPI,2.5
2024-05-27 05:00:00,IB OPF,69.5
2024-05-27 05:00:00,SM FT OPF,0.0
2024-05-27 05:00:00,SM GF,2.11
2024-05-27 05:00:00,SM KV OPF,0.0
2024-05-27 05:00:00,SM NPI,1.319319711
2024-05-27 05:00:00,SM TLO,0.0
2024-05-27 05:30:00,IB GF,0.0
2024-05-27 05:30:00,IB NPI,2.5
2024-05-27 05:30:00,IB OPF,69.5
2024-05-27 05:30:00,SM FT OPF,0.0
2024-05-27 05:30:00,SM GF,2.11
2024-05-27 05:30:00,SM KV OPF,0.0
2024-05-27 05:30:00,SM NPI,1.297113208
2024-05-27 05:30:00,SM TLO,0.0
2024-05-27 06:00:00,IB GF,0.0
2024-05-27 06:00:00,IB NPI,2.5
2024-05-27 06:00:00,IB OPF,69.5
2024-05-27 06:00:00,SM FT OPF,0.0
2024-05-27 06:00:00,SM GF,2.11
2024-05-27 06:00:00,SM KV OPF,0.0
2024-05-27 06:00:00,SM NPI,1.331095669
2024-05-27 06:00:00,SM TLO,2.53
2024-05-27 06:30:00,IB GF,0.0
2024-05-27 06:30:00,IB NPI,2.5
2024-05-27 06:30:00,IB OPF,69.5
2024-05-27 06:30:00,SM FT OPF,0.0
2024-05-27 06:30:00,SM GF,2.11
2024-05-27 06:30:00,SM KV OPF,0.0
2024-05-27 06:30:00,SM NPI,1.354794799
2024-05-27 06:30:00,SM TLO,2.53
2024-05-27 07:00:00,IB GF,0.0
2024-05-27 07:00:00,IB NPI,2.5
2024-05-27 07:00:00,IB OPF,69.5
2024-05-27 07:00:00,SM FT OPF,0.0
2024-05-27 07:00:00,SM GF,2.11
2024-05-27 07:00:00,SM KV OPF,0.0
2024-05-27 07:00:00,SM NPI,1.376180446
2024-05-27 07:00:00,SM TLO,2.53
2024-05-27 07:30:00,IB GF,0.0
2024-05-27 07:30:00,IB NPI,2.5
2024-05-27 07:30:00,IB OPF,69.5
2024-05-27 07:30:00,SM FT OPF,0.0
2024-05-27 07:30:00,SM GF,2.11
2024-05-27 07:30:00,SM KV OPF,0.0
2024-05-27 07:30:00,SM NPI,1.375819933
2024-05-27 07:30:00,SM TLO,2.53
2024-05-27 08:00:00,IB GF,0.0
2024-05-27 08:00:00,IB NPI,2.5
2024-05-27 08:00:00,IB OPF,69.5
2024-05-27 08:00:00,SM FT OPF,0.0
2024-05-27 08:00:00,SM GF,2.11
2024-05-27 08:00:00,SM KV OPF,0.0
2024-05-27 08:00:00,SM NPI,1.364895279
2024-05-27 08:00:00,SM TLO,2.53
2024-05-27 08:30:00,IB GF,0.0
2024-05-27 08:30:00,IB NPI,2.5
2024-05-27 08:30:00,IB OPF,69.5
2024-05-27 08:30:00,SM FT OPF,0.0
2024-05-27 08:30:00,SM GF,2.11
2024-05-27 08:30:00,SM KV OPF,0.0
2024-05-27 08:30:00,SM NPI,1.351408222
2024-05-27 08:30:00,SM TLO,2.53
2024-05-27 09:00:00,IB GF,0.0
2024-05-27 09:00:00,IB NPI,2.5
2024-05-27 09:00:00,IB OPF,69.5
2024-05-27 09:00:00,SM FT OPF,0.0
2024-05-27 09:00:00,SM GF,2.11
2024-05-27 09:00:00,SM KV OPF,0.0
2024-05-27 09:00:00,SM NPI,1.346177603
2024-05-27 09:00:00,SM TLO,2.53
2024-05-27 09:30:00,IB GF,0.0
2024-05-27 09:30:00,IB NPI,2.5
2024-05-27 09:30:00,IB OPF,69.5
2024-05-27 09:30:00,SM FT OPF,0.0
2024-05-27 09:30:00,SM GF,2.11
2024-05-27 09:30:00,SM KV OPF,0.0
2024-05-27 09:30:00,SM NPI,1.392456158
2024-05-27 09:30:00,SM TLO,2.53
2024-05-27 10:00:00,IB GF,0.0
2024-05-27 10:00:00,IB NPI,2.5
2024-05-27 10:00:00,IB OPF,69.5
2024-05-27 10:00:00,SM FT OPF,0.0
2024-05-27 10:00:00,SM GF,2.11
2024-05-27 10:00:00,SM KV OPF,0.0
2024-05-27 10:00:00,SM NPI,1.459851794
2024-05-27 10:00:00,SM TLO,2.53
2024-05-27 10:30:00,IB GF,0.0
2024-05-27 10:30:00,IB NPI,2.5
2024-05-27 10:30:00,IB OPF,69.5
2024-05-27 10:30:00,SM FT OPF,0.0
2024-05-27 10:30:00,SM GF,2.11
2024-05-27 10:30:00,SM KV OPF,0.0
2024-05-27 10:30:00,SM NPI,1.514821042
2024-05-27 10:30:00,SM TLO,2.53
2024-05-27 11:00:00,IB GF,0.0
2024-05-27 11:00:00,IB NPI,2.5
2024-05-27 11:00:00,IB OPF,69.5
2024-05-27 11:00:00,SM FT OPF,0.0
2024-05-27 11:00:00,SM GF,2.11
2024-05-27 11:00:00,SM KV OPF,0.0
2024-05-27 11:00:00,SM NPI,1.562339905
2024-05-27 11:00:00,SM TLO,2.53
2024-05-27 11:30:00,IB GF,0.0
2024-05-27 11:30:00,IB NPI,2.5
2024-05-27 11:30:00,IB OPF,69.5
2024-05-27 11:30:00,SM FT OPF,0.0
2024-05-27 11:30:00,SM GF,2.11
2024-05-27 11:30:00,SM KV OPF,0.0
2024-05-27 11:30:00,SM NPI,1.603245361
2024-05-27 11:30:00,SM TLO,2.53
2024-05-27 12:00:00,IB GF,0.0
2024-05-27 12:00:00,IB NPI,2.5
2024-05-27 12:00:00,IB OPF,69.5
2024-05-27 12:00:00,SM FT OPF,0.0
2024-05-27 12:00:00,SM GF,2.11
2024-05-27 12:00:00,SM KV OPF,0.0
2024-05-27 12:00:00,SM NPI,1.63640266
2024-05-27 12:00:00,SM TLO,2.53
2024-05-27 12:30:00,IB GF,0.0
2024-05-27 12:30:00,IB NPI,2.5
2024-05-27 12:30:00,IB OPF,69.5
2024-05-27 12:30:00,SM FT OPF,0.0
2024-05-27 12:30:00,SM GF,2.11
2024-05-27 12:30:00,SM KV OPF,0.0
2024-05-27 12:30:00,SM NPI,1.665005968
2024-05-27 12:30:00,SM TLO,2.53
2024-05-27 13:00:00,IB GF,0.0
2024-05-27 13:00:00,IB NPI,2.5
2024-05-27 13:00:00,IB OPF,69.5
2024-05-27 13:00:00,SM FT OPF,0.0
2024-05-27 13:00:00,SM GF,2.11
2024-05-27 13:00:00,SM KV OPF,0.0
2024-05-27 13:00:00,SM NPI,1.702473218
2024-05-27 13:00:00,SM TLO,2.53
2024-05-27 13:30:00,IB GF,0.0
2024-05-27 13:30:00,IB NPI,2.5
2024-05-27 13:30:00,IB OPF,69.5
2024-05-27 13:30:00,SM FT OPF,0.0
2024-05-27 13:30:00,SM GF,2.11
2024-05-27 13:30:00,SM KV OPF,0.0
2024-05-27 13:30:00,SM NPI,1.746275404
2024-05-27 13:30:00,SM TLO,2.53
2024-05-27 14:00:00,IB GF,0.0
2024-05-27 14:00:00,IB NPI,2.5
2024-05-27 14:00:00,IB OPF,69.5
2024-05-27 14:00:00,SM FT OPF,0.0
2024-05-27 14:00:00,SM GF,2.11
2024-05-27 14:00:00,SM KV OPF,0.0
2024-05-27 14:00:00,SM NPI,1.807181528
2024-05-27 14:00:00,SM TLO,2.53
2024-05-27 14:30:00,IB GF,0.0
2024-05-27 14:30:00,IB NPI,2.5
2024-05-27 14:30:00,IB OPF,69.5
2024-05-27 14:30:00,SM FT OPF,0.0
2024-05-27 14:30:00,SM GF,2.11
2024-05-27 14:30:00,SM KV OPF,0.0
2024-05-27 14:30:00,SM NPI,1.847551513
2024-05-27 14:30:00,SM TLO,2.53
2024-05-27 15:00:00,IB GF,0.0
2024-05-27 15:00:00,IB NPI,2.5
2024-05-27 15:00:00,IB OPF,69.5
2024-05-27 15:00:00,SM FT OPF,0.0
2024-05-27 15:00:00,SM GF,2.11
2024-05-27 15:00:00,SM KV OPF,0.0
2024-05-27 15:00:00,SM NPI,1.873499746
2024-05-27 15:00:00,SM TLO,2.53
2024-05-27 15:30:00,IB GF,0.0
2024-05-27 15:30:00,IB NPI,2.5
2024-05-27 15:30:00,IB OPF,69.5
2024-05-27 15:30:00,SM FT OPF,0.0
2024-05-27 15:30:00,SM GF,2.11
2024-05-27 15:30:00,SM KV OPF,0.0
2024-05-27 15:30:00,SM NPI,1.918997861
2024-05-27 15:30:00,SM TLO,2.53
2024-05-27 16:00:00,IB GF,0.0
2024-05-27 16:00:00,IB NPI,2.5
2024-05-27 16:00:00,IB OPF,69.5
2024-05-27 16:00:00,SM FT OPF,0.0
2024-05-27 16:00:00,SM GF,2.11
2024-05-27 16:00:00,SM KV OPF,0.0
2024-05-27 16:00:00,SM NPI,1.919327686
2024-05-27 16:00:00,SM TLO,2.53
2024-05-27 16:30:00,IB GF,0.0
2024-05-27 16:30:00,IB NPI,2.5
2024-05-27 16:30:00,IB OPF,69.5
2024-05-27 16:30:00,SM FT OPF,0.0
2024-05-27 16:30:00,SM GF,2.11
2024-05-27 16:30:00,SM KV OPF,0.0
2024-05-27 16:30:00,SM NPI,1.86410349
2024-05-27 16:30:00,SM TLO,2.53
2024-05-27 17:00:00,IB GF,0.0
2024-05-27 17:00:00,IB NPI,2.5
2024-05-27 17:00:00,IB OPF,69.5
2024-05-27 17:00:00,SM FT OPF,0.0
2024-05-27 17:00:00,SM GF,2.11
2024-05-27 17:00:00,SM KV OPF,0.0
2024-05-27 17:00:00,SM NPI,1.822415213
2024-05-27 17:00:00,SM TLO,2.53
2024-05-27 17:30:00,IB GF,0.0
2024-05-27 17:30:00,IB NPI,2.5
2024-05-27 17:30:00,IB OPF,69.5
2024-05-27 17:30:00,SM FT OPF,0.0
2024-05-27 17:30:00,SM GF,2.11
2024-05-27 17:30:00,SM KV OPF,0.0
2024-05-27 17:30:00,SM NPI,1.862234652
2024-05-27 17:30:00,SM TLO,2.53
2024-05-27 18:00:00,IB GF,0.0
2024-05-27 18:00:00,IB NPI,2.5
2024-05-27 18:00:00,IB OPF,69.5
2024-05-27 18:00:00,SM FT OPF,0.0
2024-05-27 18:00:00,SM GF,2.11
2024-05-27 18:00:00,SM KV OPF,0.0
2024-05-27 18:00:00,SM NPI,1.969083983
2024-05-27 18:00:00,SM TLO,2.53
2024-05-27 18:30:00,IB GF,0.0
2024-05-27 18:30:00,IB NPI,2.5
2024-05-27 18:30:00,IB OPF,69.5
2024-05-27 18:30:00,SM FT OPF,0.0
2024-05-27 18:30:00,SM GF,2.11
2024-05-27 18:30:00,SM KV OPF,0.0
2024-05-27 18:30:00,SM NPI,2.042978256
2024-05-27 18:30:00,SM TLO,2.53
2024-05-27 19:00:00,IB GF,0.0
2024-05-27 19:00:00,IB NPI,2.5
2024-05-27 19:00:00,IB OPF,69.5
2024-05-27 19:00:00,SM FT OPF,0.0
2024-05-27 19:00:00,SM GF,2.11
2024-05-27 19:00:00,SM KV OPF,0.0
2024-05-27 19:00:00,SM NPI,2.073576079
2024-05-27 19:00:00,SM TLO,2.53
2024-05-27 19:30:00,IB GF,0.0
2024-05-27 19:30:00,IB NPI,2.5
2024-05-27 19:30:00,IB OPF,69.5
2024-05-27 19:30:00,SM FT OPF,0.0
2024-05-27 19:30:00,SM GF,2.11
2024-05-27 19:30:00,SM KV OPF,0.0
2024-05-27 19:30:00,SM NPI,1.991998684
2024-05-27 19:30:00,SM TLO,2.53
2024-05-27 20:00:00,IB GF,0.0
2024-05-27 20:00:00,IB NPI,2.5
2024-05-27 20:00:00,IB OPF,69.5
2024-05-27 20:00:00,SM FT OPF,0.0
2024-05-27 20:00:00,SM GF,2.11
2024-05-27 20:00:00,SM KV OPF,0.0
2024-05-27 20:00:00,SM NPI,1.8270226
2024-05-27 20:00:00,SM TLO,2.53
2024-05-27 20:30:00,IB GF,0.0
2024-05-27 20:30:00,IB NPI,2.5
2024-05-27 20:30:00,IB OPF,69.5
2024-05-27 20:30:00,SM FT OPF,0.0
2024-05-27 20:30:00,SM GF,2.11
2024-05-27 20:30:00,SM KV OPF,0.0
2024-05-27 20:30:00,SM NPI,1.651200956
2024-05-27 20:30:00,SM TLO,2.53
2024-05-27 21:00:00,IB GF,0.0
2024-05-27 21:00:00,IB NPI,2.5
2024-05-27 21:00:00,IB OPF,69.5
2024-05-27 21:00:00,SM FT OPF,0.0
2024-05-27 21:00:00,SM GF,2.11
2024-05-27 21:00:00,SM KV OPF,0.0
2024-05-27 21:00:00,SM NPI,1.503041538
2024-05-27 21:00:00,SM TLO,2.53
2024-05-27 21:30:00,IB GF,0.0
2024-05-27 21:30:00,IB NPI,2.5
2024-05-27 21:30:00,IB OPF,69.5
2024-05-27 21:30:00,SM FT OPF,0.0
2024-05-27 21:30:00,SM GF,2.11
2024-05-27 21:30:00,SM KV OPF,0.0
2024-05-27 21:30:00,SM NPI,1.417590566
2024-05-27 21:30:00,SM TLO,2.53
2024-05-27 22:00:00,IB GF,0.0
2024-05-27 22:00:00,IB NPI,2.5
2024-05-27 22:00:00,IB OPF,69.5
2024-05-27 22:00:00,SM FT OPF,0.0
2024-05-27 22:00:00,SM GF,2.11
2024-05-27 22:00:00,SM KV OPF,0.0
2024-05-27 22:00:00,SM NPI,1.344148455
2024-05-27 22:00:00,SM TLO,2.53
2024-05-27 22:30:00,IB GF,0.0
2024-05-27 22:30:00,IB NPI,2.5
2024-05-27 22:30:00,IB OPF,69.5
2024-05-27 22:30:00,SM FT OPF,0.0
2024-05-27 22:30:00,SM GF,2.11
2024-05-27 22:30:00,SM KV OPF,0.0
2024-05-27 22:30:00,SM NPI,1.278458714
2024-05-27 22:30:00,SM TLO,2.53
2024-05-27 23:00:00,IB GF,0.0
2024-05-27 23:00:00,IB NPI,2.5
2024-05-27 23:00:00,IB OPF,69.5
2024-05-27 23:00:00,SM FT OPF,0.0
2024-05-27 23:00:00,SM GF,2.11
2024-05-27 23:00:00,SM KV OPF,0.0
2024-05-27 23:00:00,SM NPI,1.226491599
2024-05-27 23:00:00,SM TLO,2.53
2024-05-27 23:30:00,IB GF,0.0
2024-05-27 23:30:00,IB NPI,2.5
2024-05-27 23:30:00,IB OPF,69.5
2024-05-27 23:30:00,SM FT OPF,0.0
2024-05-27 23:30:00,SM GF,2.11
2024-05-27 23:30:00,SM KV OPF,0.0
2024-05-27 23:30:00,SM NPI,1.189535638
2024-05-27 23:30:00,SM TLO,2.53
2024-05-28 00:00:00,IB GF,0.0
2024-05-28 00:00:00,IB NPI,2.5
2024-05-28 00:00:00,IB OPF,69.5
2024-05-28 00:00:00,SM FT OPF,0.0
2024-05-28 00:00:00,SM GF,2.11
2024-05-28 00:00:00,SM KV OPF,0.0
2024-05-28 00:00:00,SM NPI,1.15020932
2024-05-28 00:00:00,SM TLO,2.53
2024-05-28 00:30:00,IB GF,0.0
2024-05-28 00:30:00,IB NPI,2.5
2024-05-28 00:30:00,IB OPF,69.5
2024-05-28 00:30:00,SM FT OPF,0.0
2024-05-28 00:30:00,SM GF,2.11
2024-05-28 00:30:00,SM KV OPF,0.0
2024-05-28 00:30:00,SM NPI,1.124658412
2024-05-28 00:30:00,SM TLO,2.53
2024-05-28 01:00:00,IB GF,0.0
2024-05-28 01:00:00,IB NPI,2.5
2024-05-28 01:00:00,IB OPF,69.5
2024-05-28 01:00:00,SM FT OPF,0.0
2024-05-28 01:00:00,SM GF,2.11
2024-05-28 01:00:00,SM KV OPF,0.0
2024-05-28 01:00:00,SM NPI,1.109979329
2024-05-28 01:00:00,SM TLO,2.53
2024-05-28 01:30:00,IB GF,0.0
2024-05-28 01:30:00,IB NPI,2.5
2024-05-28 01:30:00,IB OPF,69.5
2024-05-28 01:30:00,SM FT OPF,0.0
2024-05-28 01:30:00,SM GF,2.11
2024-05-28 01:30:00,SM KV OPF,0.0
2024-05-28 01:30:00,SM NPI,1.095663056
2024-05-28 01:30:00,SM TLO,2.53
2024-05-28 02:00:00,IB GF,0.0
2024-05-28 02:00:00,IB NPI,2.5
2024-05-28 02:00:00,IB OPF,69.5
2024-05-28 02:00:00,SM FT OPF,0.0
2024-05-28 02:00:00,SM GF,2.11
2024-05-28 02:00:00,SM KV OPF,0.0
2024-05-28 02:00:00,SM NPI,1.089577874
2024-05-28 02:00:00,SM TLO,2.53
2024-05-28 02:30:00,IB GF,0.0
2024-05-28 02:30:00,IB NPI,2.5
2024-05-28 02:30:00,IB OPF,69.5
2024-05-28 02:30:00,SM FT OPF,0.0
2024-05-28 02:30:00,SM GF,2.11
2024-05-28 02:30:00,SM KV OPF,0.0
2024-05-28 02:30:00,SM NPI,1.091376594
2024-05-28 02:30:00,SM TLO,2.53
2024-05-28 03:00:00,IB GF,0.0
2024-05-28 03:00:00,IB NPI,2.5
2024-05-28 03:00:00,IB OPF,69.5
2024-05-28 03:00:00,SM FT OPF,0.0
2024-05-28 03:00:00,SM GF,2.11
2024-05-28 03:00:00,SM KV OPF,0.0
2024-05-28 03:00:00,SM NPI,1.10143547
2024-05-28 03:00:00,SM TLO,2.53
2024-05-28 03:30:00,IB GF,0.0
2024-05-28 03:30:00,IB NPI,2.5
2024-05-28 03:30:00,IB OPF,69.5
2024-05-28 03:30:00,SM FT OPF,0.0
2024-05-28 03:30:00,SM GF,2.11
2024-05-28 03:30:00,SM KV OPF,0.0
2024-05-28 03:30:00,SM NPI,1.17268029
2024-05-28 03:30:00,SM TLO,2.53
2024-05-28 04:00:00,IB GF,0.0
2024-05-28 04:00:00,IB NPI,2.5
2024-05-28 04:00:00,IB OPF,69.5
2024-05-28 04:00:00,SM FT OPF,0.0
2024-05-28 04:00:00,SM GF,2.11
2024-05-28 04:00:00,SM KV OPF,0.0
2024-05-28 04:00:00,SM NPI,1.293398159
2024-05-28 04:00:00,SM TLO,2.53
2024-05-28 04:30:00,IB GF,0.0
2024-05-28 04:30:00,IB NPI,2.5
2024-05-28 04:30:00,IB OPF,69.5
2024-05-28 04:30:00,SM FT OPF,0.0
2024-05-28 04:30:00,SM GF,2.11
2024-05-28 04:30:00,SM KV OPF,0.0
2024-05-28 04:30:00,SM NPI,1.343754804
2024-05-28 04:30:00,SM TLO,2.53
2024-05-28 05:00:00,IB GF,0.0
2024-05-28 05:00:00,IB NPI,2.5
2024-05-28 05:00:00,IB OPF,69.5
2024-05-28 05:00:00,SM FT OPF,0.0
2024-05-28 05:00:00,SM GF,2.11
2024-05-28 05:00:00,SM KV OPF,0.0
2024-05-28 05:00:00,SM NPI,1.310582494
2024-05-28 05:00:00,SM TLO,2.53
2024-05-28 05:30:00,IB GF,0.0
2024-05-28 05:30:00,IB NPI,2.5
2024-05-28 05:30:00,IB OPF,69.5
2024-05-28 05:30:00,SM FT OPF,0.0
2024-05-28 05:30:00,SM GF,2.11
2024-05-28 05:30:00,SM KV OPF,0.0
2024-05-28 05:30:00,SM NPI,1.288523054
2024-05-28 05:30:00,SM TLO,2.53
2024-05-28 06:00:00,IB GF,0.0
2024-05-28 06:00:00,IB NPI,2.5
2024-05-28 06:00:00,IB OPF,69.5
2024-05-28 06:00:00,SM FT OPF,0.0
2024-05-28 06:00:00,SM GF,2.11
2024-05-28 06:00:00,SM KV OPF,0.0
2024-05-28 06:00:00,SM NPI,1.322280466
2024-05-28 06:00:00,SM TLO,3.67
2024-05-28 06:30:00,IB GF,0.0
2024-05-28 06:30:00,IB NPI,2.5
2024-05-28 06:30:00,IB OPF,69.5
2024-05-28 06:30:00,SM FT OPF,0.0
2024-05-28 06:30:00,SM GF,2.11
2024-05-28 06:30:00,SM KV OPF,0.0
2024-05-28 06:30:00,SM NPI,1.345822648
2024-05-28 06:30:00,SM TLO,3.67
2024-05-28 07:00:00,IB GF,0.0
2024-05-28 07:00:00,IB NPI,2.5
2024-05-28 07:00:00,IB OPF,69.5
2024-05-28 07:00:00,SM FT OPF,0.0
2024-05-28 07:00:00,SM GF,2.11
2024-05-28 07:00:00,SM KV OPF,0.0
2024-05-28 07:00:00,SM NPI,1.367066668
2024-05-28 07:00:00,SM TLO,3.67
2024-05-28 07:30:00,IB GF,0.0
2024-05-28 07:30:00,IB NPI,2.5
2024-05-28 07:30:00,IB OPF,69.5
2024-05-28 07:30:00,SM FT OPF,0.0
2024-05-28 07:30:00,SM GF,2.11
2024-05-28 07:30:00,SM KV OPF,0.0
2024-05-28 07:30:00,SM NPI,1.366708543
2024-05-28 07:30:00,SM TLO,3.67
2024-05-28 08:00:00,IB GF,0.0
2024-05-28 08:00:00,IB NPI,2.5
2024-05-28 08:00:00,IB OPF,69.5
2024-05-28 08:00:00,SM FT OPF,0.0
2024-05-28 08:00:00,SM GF,2.11
2024-05-28 08:00:00,SM KV OPF,0.0
2024-05-28 08:00:00,SM NPI,1.355856237
2024-05-28 08:00:00,SM TLO,3.67
2024-05-28 08:30:00,IB GF,0.0
2024-05-28 08:30:00,IB NPI,2.5
2024-05-28 08:30:00,IB OPF,69.5
2024-05-28 08:30:00,SM FT OPF,0.0
2024-05-28 08:30:00,SM GF,2.11
2024-05-28 08:30:00,SM KV OPF,0.0
2024-05-28 08:30:00,SM NPI,1.342458499
2024-05-28 08:30:00,SM TLO,3.67
2024-05-28 09:00:00,IB GF,0.0
2024-05-28 09:00:00,IB NPI,2.5
2024-05-28 09:00:00,IB OPF,69.5
2024-05-28 09:00:00,SM FT OPF,0.0
2024-05-28 09:00:00,SM GF,2.11
2024-05-28 09:00:00,SM KV OPF,0.0
2024-05-28 09:00:00,SM NPI,1.337262519
2024-05-28 09:00:00,SM TLO,3.67
2024-05-28 09:30:00,IB GF,0.0
2024-05-28 09:30:00,IB NPI,2.5
2024-05-28 09:30:00,IB OPF,69.5
2024-05-28 09:30:00,SM FT OPF,0.0
2024-05-28 09:30:00,SM GF,2.11
2024-05-28 09:30:00,SM KV OPF,0.0
2024-05-28 09:30:00,SM NPI,1.383234594
2024-05-28 09:30:00,SM TLO,3.67
2024-05-28 10:00:00,IB GF,0.0
2024-05-28 10:00:00,IB NPI,2.5
2024-05-28 10:00:00,IB OPF,69.5
2024-05-28 10:00:00,SM FT OPF,0.0
2024-05-28 10:00:00,SM GF,2.11
2024-05-28 10:00:00,SM KV OPF,0.0
2024-05-28 10:00:00,SM NPI,1.450183901
2024-05-28 10:00:00,SM TLO,3.67
2024-05-28 10:30:00,IB GF,0.0
2024-05-28 10:30:00,IB NPI,2.5
2024-05-28 10:30:00,IB OPF,69.5
2024-05-28 10:30:00,SM FT OPF,0.0
2024-05-28 10:30:00,SM GF,2.11
2024-05-28 10:30:00,SM KV OPF,0.0
2024-05-28 10:30:00,SM NPI,1.504789115
2024-05-28 10:30:00,SM TLO,3.67
2024-05-28 11:00:00,IB GF,0.0
2024-05-28 11:00:00,IB NPI,2.5
2024-05-28 11:00:00,IB OPF,69.5
2024-05-28 11:00:00,SM FT OPF,0.0
2024-05-28 11:00:00,SM GF,2.11
2024-05-28 11:00:00,SM KV OPF,0.0
2024-05-28 11:00:00,SM NPI,1.551993283
2024-05-28 11:00:00,SM TLO,3.67
2024-05-28 11:30:00,IB GF,0.0
2024-05-28 11:30:00,IB NPI,2.5
2024-05-28 11:30:00,IB OPF,69.5
2024-05-28 11:30:00,SM FT OPF,0.0
2024-05-28 11:30:00,SM GF,2.11
2024-05-28 11:30:00,SM KV OPF,0.0
2024-05-28 11:30:00,SM NPI,1.592627842
2024-05-28 11:30:00,SM TLO,3.67
2024-05-28 12:00:00,IB GF,0.0
2024-05-28 12:00:00,IB NPI,2.5
2024-05-28 12:00:00,IB OPF,69.5
2024-05-28 12:00:00,SM FT OPF,0.0
2024-05-28 12:00:00,SM GF,2.11
2024-05-28 12:00:00,SM KV OPF,0.0
2024-05-28 12:00:00,SM NPI,1.625565556
2024-05-28 12:00:00,SM TLO,3.67
2024-05-28 12:30:00,IB GF,0.0
2024-05-28 12:30:00,IB NPI,2.5
2024-05-28 12:30:00,IB OPF,69.5
2024-05-28 12:30:00,SM FT OPF,0.0
2024-05-28 12:30:00,SM GF,2.11
2024-05-28 12:30:00,SM KV OPF,0.0
2024-05-28 12:30:00,SM NPI,1.653979438
2024-05-28 12:30:00,SM TLO,3.67
2024-05-28 13:00:00,IB GF,0.0
2024-05-28 13:00:00,IB NPI,2.5
2024-05-28 13:00:00,IB OPF,69.5
2024-05-28 13:00:00,SM FT OPF,0.0
2024-05-28 13:00:00,SM GF,2.11
2024-05-28 13:00:00,SM KV OPF,0.0
2024-05-28 13:00:00,SM NPI,1.691198561
2024-05-28 13:00:00,SM TLO,3.67
2024-05-28 13:30:00,IB GF,0.0
2024-05-28 13:30:00,IB NPI,2.5
2024-05-28 13:30:00,IB OPF,69.5
2024-05-28 13:30:00,SM FT OPF,0.0
2024-05-28 13:30:00,SM GF,2.11
2024-05-28 13:30:00,SM KV OPF,0.0
2024-05-28 13:30:00,SM NPI,1.734710666
2024-05-28 13:30:00,SM TLO,3.67
2024-05-28 14:00:00,IB GF,0.0
2024-05-28 14:00:00,IB NPI,2.5
2024-05-28 14:00:00,IB OPF,69.5
2024-05-28 14:00:00,SM FT OPF,0.0
2024-05-28 14:00:00,SM GF,2.11
2024-05-28 14:00:00,SM KV OPF,0.0
2024-05-28 14:00:00,SM NPI,1.795213438
2024-05-28 14:00:00,SM TLO,3.67
2024-05-28 14:30:00,IB GF,0.0
2024-05-28 14:30:00,IB NPI,2.5
2024-05-28 14:30:00,IB OPF,69.5
2024-05-28 14:30:00,SM FT OPF,0.0
2024-05-28 14:30:00,SM GF,2.11
2024-05-28 14:30:00,SM KV OPF,0.0
2024-05-28 14:30:00,SM NPI,1.835316073
2024-05-28 14:30:00,SM TLO,3.67
2024-05-28 15:00:00,IB GF,0.0
2024-05-28 15:00:00,IB NPI,2.5
2024-05-28 15:00:00,IB OPF,69.5
2024-05-28 15:00:00,SM FT OPF,0.0
2024-05-28 15:00:00,SM GF,2.11
2024-05-28 15:00:00,SM KV OPF,0.0
2024-05-28 15:00:00,SM NPI,1.861092463
2024-05-28 15:00:00,SM TLO,3.67
2024-05-28 15:30:00,IB GF,0.0
2024-05-28 15:30:00,IB NPI,2.5
2024-05-28 15:30:00,IB OPF,69.5
2024-05-28 15:30:00,SM FT OPF,0.0
2024-05-28 15:30:00,SM GF,2.11
2024-05-28 15:30:00,SM KV OPF,0.0
2024-05-28 15:30:00,SM NPI,1.906289266
2024-05-28 15:30:00,SM TLO,3.67
2024-05-28 16:00:00,IB GF,0.0
2024-05-28 16:00:00,IB NPI,2.5
2024-05-28 16:00:00,IB OPF,69.5
2024-05-28 16:00:00,SM FT OPF,0.0
2024-05-28 16:00:00,SM GF,2.11
2024-05-28 16:00:00,SM KV OPF,0.0
2024-05-28 16:00:00,SM NPI,1.906616907
2024-05-28 16:00:00,SM TLO,3.67
2024-05-28 16:30:00,IB GF,0.0
2024-05-28 16:30:00,IB NPI,2.5
2024-05-28 16:30:00,IB OPF,69.5
2024-05-28 16:30:00,SM FT OPF,0.0
2024-05-28 16:30:00,SM GF,2.11
2024-05-28 16:30:00,SM KV OPF,0.0
2024-05-28 16:30:00,SM NPI,1.851758434
2024-05-28 16:30:00,SM TLO,3.67
2024-05-28 17:00:00,IB GF,0.0
2024-05-28 17:00:00,IB NPI,2.5
2024-05-28 17:00:00,IB OPF,69.5
2024-05-28 17:00:00,SM FT OPF,0.0
2024-05-28 17:00:00,SM GF,2.11
2024-05-28 17:00:00,SM KV OPF,0.0
2024-05-28 17:00:00,SM NPI,1.810346238
2024-05-28 17:00:00,SM TLO,3.67
2024-05-28 17:30:00,IB GF,0.0
2024-05-28 17:30:00,IB NPI,2.5
2024-05-28 17:30:00,IB OPF,69.5
2024-05-28 17:30:00,SM FT OPF,0.0
2024-05-28 17:30:00,SM GF,2.11
2024-05-28 17:30:00,SM KV OPF,0.0
2024-05-28 17:30:00,SM NPI,1.849901972
2024-05-28 17:30:00,SM TLO,3.67
2024-05-28 18:00:00,IB GF,0.0
2024-05-28 18:00:00,IB NPI,2.5
2024-05-28 18:00:00,IB OPF,69.5
2024-05-28 18:00:00,SM FT OPF,0.0
2024-05-28 18:00:00,SM GF,2.11
2024-05-28 18:00:00,SM KV OPF,0.0
2024-05-28 18:00:00,SM NPI,1.956043691
2024-05-28 18:00:00,SM TLO,3.67
2024-05-28 18:30:00,IB GF,0.0
2024-05-28 18:30:00,IB NPI,2.5
2024-05-28 18:30:00,IB OPF,69.5
2024-05-28 18:30:00,SM FT OPF,0.0
2024-05-28 18:30:00,SM GF,2.11
2024-05-28 18:30:00,SM KV OPF,0.0
2024-05-28 18:30:00,SM NPI,2.029448599
2024-05-28 18:30:00,SM TLO,3.67
2024-05-28 19:00:00,IB GF,0.0
2024-05-28 19:00:00,IB NPI,2.5
2024-05-28 19:00:00,IB OPF,69.5
2024-05-28 19:00:00,SM FT OPF,0.0
2024-05-28 19:00:00,SM GF,2.11
2024-05-28 19:00:00,SM KV OPF,0.0
2024-05-28 19:00:00,SM NPI,2.059843787
2024-05-28 19:00:00,SM TLO,3.67
2024-05-28 19:30:00,IB GF,0.0
2024-05-28 19:30:00,IB NPI,2.5
2024-05-28 19:30:00,IB OPF,69.5
2024-05-28 19:30:00,SM FT OPF,0.0
2024-05-28 19:30:00,SM GF,2.11
2024-05-28 19:30:00,SM KV OPF,0.0
2024-05-28 19:30:00,SM NPI,1.97880664
2024-05-28 19:30:00,SM TLO,3.67
2024-05-28 20:00:00,IB GF,0.0
2024-05-28 20:00:00,IB NPI,2.5
2024-05-28 20:00:00,IB OPF,69.5
2024-05-28 20:00:00,SM FT OPF,0.0
2024-05-28 20:00:00,SM GF,2.11
2024-05-28 20:00:00,SM KV OPF,0.0
2024-05-28 20:00:00,SM NPI,1.814923112
2024-05-28 20:00:00,SM TLO,3.67
2024-05-28 20:30:00,IB GF,0.0
2024-05-28 20:30:00,IB NPI,2.5
2024-05-28 20:30:00,IB OPF,69.5
2024-05-28 20:30:00,SM FT OPF,0.0
2024-05-28 20:30:00,SM GF,2.11
2024-05-28 20:30:00,SM KV OPF,0.0
2024-05-28 20:30:00,SM NPI,1.64026585
2024-05-28 20:30:00,SM TLO,3.67
2024-05-28 21:00:00,IB GF,0.0
2024-05-28 21:00:00,IB NPI,2.5
2024-05-28 21:00:00,IB OPF,69.5
2024-05-28 21:00:00,SM FT OPF,0.0
2024-05-28 21:00:00,SM GF,2.11
2024-05-28 21:00:00,SM KV OPF,0.0
2024-05-28 21:00:00,SM NPI,1.49308762
2024-05-28 21:00:00,SM TLO,3.67
2024-05-28 21:30:00,IB GF,0.0
2024-05-28 21:30:00,IB NPI,2.5
2024-05-28 21:30:00,IB OPF,69.5
2024-05-28 21:30:00,SM FT OPF,0.0
2024-05-28 21:30:00,SM GF,2.11
2024-05-28 21:30:00,SM KV OPF,0.0
2024-05-28 21:30:00,SM NPI,1.408202549
2024-05-28 21:30:00,SM TLO,3.67
2024-05-28 22:00:00,IB GF,0.0
2024-05-28 22:00:00,IB NPI,2.5
2024-05-28 22:00:00,IB OPF,69.5
2024-05-28 22:00:00,SM FT OPF,0.0
2024-05-28 22:00:00,SM GF,2.11
2024-05-28 22:00:00,SM KV OPF,0.0
2024-05-28 22:00:00,SM NPI,1.335246809
2024-05-28 22:00:00,SM TLO,3.67
2024-05-28 22:30:00,IB GF,0.0
2024-05-28 22:30:00,IB NPI,2.5
2024-05-28 22:30:00,IB OPF,69.5
2024-05-28 22:30:00,SM FT OPF,0.0
2024-05-28 22:30:00,SM GF,2.11
2024-05-28 22:30:00,SM KV OPF,0.0
2024-05-28 22:30:00,SM NPI,1.2699921
2024-05-28 22:30:00,SM TLO,3.67
2024-05-28 23:00:00,IB GF,0.0
2024-05-28 23:00:00,IB NPI,2.5
2024-05-28 23:00:00,IB OPF,69.5
2024-05-28 23:00:00,SM FT OPF,0.0
2024-05-28 23:00:00,SM GF,2.11
2024-05-28 23:00:00,SM KV OPF,0.0
2024-05-28 23:00:00,SM NPI,1.218369138
2024-05-28 23:00:00,SM TLO,3.67
2024-05-28 23:30:00,IB GF,0.0
2024-05-28 23:30:00,IB NPI,2.5
2024-05-28 23:30:00,IB OPF,69.5
2024-05-28 23:30:00,SM FT OPF,0.0
2024-05-28 23:30:00,SM GF,2.11
2024-05-28 23:30:00,SM KV OPF,0.0
2024-05-28 23:30:00,SM NPI,1.181657919
2024-05-28 23:30:00,SM TLO,3.67
2024-05-29 00:00:00,IB GF,0.0
2024-05-29 00:00:00,IB NPI,2.5
2024-05-29 00:00:00,IB OPF,69.5
2024-05-29 00:00:00,SM FT OPF,0.0
2024-05-29 00:00:00,SM GF,2.11
2024-05-29 00:00:00,SM KV OPF,0.0
2024-05-29 00:00:00,SM NPI,1.15020932
2024-05-29 00:00:00,SM TLO,3.67
2024-05-29 00:30:00,IB GF,0.0
2024-05-29 00:30:00,IB NPI,2.5
2024-05-29 00:30:00,IB OPF,69.5
2024-05-29 00:30:00,SM FT OPF,0.0
2024-05-29 00:30:00,SM GF,2.11
2024-05-29 00:30:00,SM KV OPF,0.0
2024-05-29 00:30:00,SM NPI,1.124658412
2024-05-29 00:30:00,SM TLO,3.67
2024-05-29 01:00:00,IB GF,0.0
2024-05-29 01:00:00,IB NPI,2.5
2024-05-29 01:00:00,IB OPF,69.5
2024-05-29 01:00:00,SM FT OPF,0.0
2024-05-29 01:00:00,SM GF,2.11
2024-05-29 01:00:00,SM KV OPF,0.0
2024-05-29 01:00:00,SM NPI,1.109979329
2024-05-29 01:00:00,SM TLO,3.67
2024-05-29 01:30:00,IB GF,0.0
2024-05-29 01:30:00,IB NPI,2.5
2024-05-29 01:30:00,IB OPF,69.5
2024-05-29 01:30:00,SM FT OPF,0.0
2024-05-29 01:30:00,SM GF,2.11
2024-05-29 01:30:00,SM KV OPF,0.0
2024-05-29 01:30:00,SM NPI,1.095663056
2024-05-29 01:30:00,SM TLO,3.67
2024-05-29 02:00:00,IB GF,0.0
2024-05-29 02:00:00,IB NPI,2.5
2024-05-29 02:00:00,IB OPF,69.5
2024-05-29 02:00:00,SM FT OPF,0.0
2024-05-29 02:00:00,SM GF,2.11
2024-05-29 02:00:00,SM KV OPF,0.0
2024-05-29 02:00:00,SM NPI,1.089577874
2024-05-29 02:00:00,SM TLO,3.67
2024-05-29 02:30:00,IB GF,0.0
2024-05-29 02:30:00,IB NPI,2.5
2024-05-29 02:30:00,IB OPF,69.5
2024-05-29 02:30:00,SM FT OPF,0.0
2024-05-29 02:30:00,SM GF,2.11
2024-05-29 02:30:00,SM KV OPF,0.0
2024-05-29 02:30:00,SM NPI,1.091376594
2024-05-29 02:30:00,SM TLO,3.67
2024-05-29 03:00:00,IB GF,0.0
2024-05-29 03:00:00,IB NPI,2.5
2024-05-29 03:00:00,IB OPF,69.5
2024-05-29 03:00:00,SM FT OPF,0.0
2024-05-29 03:00:00,SM GF,2.11
2024-05-29 03:00:00,SM KV OPF,0.0
2024-05-29 03:00:00,SM NPI,1.10143547
2024-05-29 03:00:00,SM TLO,3.67
2024-05-29 03:30:00,IB GF,0.0
2024-05-29 03:30:00,IB NPI,2.5
2024-05-29 03:30:00,IB OPF,69.5
2024-05-29 03:30:00,SM FT OPF,0.0
2024-05-29 03:30:00,SM GF,2.11
2024-05-29 03:30:00,SM KV OPF,0.0
2024-05-29 03:30:00,SM NPI,1.17268029
2024-05-29 03:30:00,SM TLO,3.67
2024-05-29 04:00:00,IB GF,0.0
2024-05-29 04:00:00,IB NPI,2.5
2024-05-29 04:00:00,IB OPF,69.5
2024-05-29 04:00:00,SM FT OPF,0.0
2024-05-29 04:00:00,SM GF,2.11
2024-05-29 04:00:00,SM KV OPF,0.0
2024-05-29 04:00:00,SM NPI,1.293398159
2024-05-29 04:00:00,SM TLO,3.67
2024-05-29 04:30:00,IB GF,0.0
2024-05-29 04:30:00,IB NPI,2.5
2024-05-29 04:30:00,IB OPF,69.5
2024-05-29 04:30:00,SM FT OPF,0.0
2024-05-29 04:30:00,SM GF,2.11
2024-05-29 04:30:00,SM KV OPF,0.0
2024-05-29 04:30:00,SM NPI,1.343754804
2024-05-29 04:30:00,SM TLO,3.67
2024-05-29 05:00:00,IB GF,0.0
2024-05-29 05:00:00,IB NPI,2.5
2024-05-29 05:00:00,IB OPF,69.5
2024-05-29 05:00:00,SM FT OPF,0.0
2024-05-29 05:00:00,SM GF,2.11
2024-05-29 05:00:00,SM KV OPF,0.0
2024-05-29 05:00:00,SM NPI,1.310582494
2024-05-29 05:00:00,SM TLO,3.67
2024-05-29 05:30:00,IB GF,0.0
2024-05-29 05:30:00,IB NPI,2.5
2024-05-29 05:30:00,IB OPF,69.5
2024-05-29 05:30:00,SM FT OPF,0.0
2024-05-29 05:30:00,SM GF,2.11
2024-05-29 05:30:00,SM KV OPF,0.0
2024-05-29 05:30:00,SM NPI,1.288523054
2024-05-29 05:30:00,SM TLO,3.67
2024-05-29 06:00:00,IB GF,0.0
2024-05-29 06:00:00,IB NPI,2.5
2024-05-29 06:00:00,IB OPF,69.5
2024-05-29 06:00:00,SM FT OPF,0.0
2024-05-29 06:00:00,SM GF,2.11
2024-05-29 06:00:00,SM KV OPF,0.0
2024-05-29 06:00:00,SM NPI,1.322280466
2024-05-29 06:00:00,SM TLO,3.67
2024-05-29 06:30:00,IB GF,0.0
2024-05-29 06:30:00,IB NPI,2.5
2024-05-29 06:30:00,IB OPF,69.5
2024-05-29 06:30:00,SM FT OPF,0.0
2024-05-29 06:30:00,SM GF,2.11
2024-05-29 06:30:00,SM KV OPF,0.0
2024-05-29 06:30:00,SM NPI,1.345822648
2024-05-29 06:30:00,SM TLO,3.67
2024-05-29 07:00:00,IB GF,0.0
2024-05-29 07:00:00,IB NPI,2.5
2024-05-29 07:00:00,IB OPF,69.5
2024-05-29 07:00:00,SM FT OPF,0.0
2024-05-29 07:00:00,SM GF,2.11
2024-05-29 07:00:00,SM KV OPF,0.0
2024-05-29 07:00:00,SM NPI,1.367066668
2024-05-29 07:00:00,SM TLO,3.67
2024-05-29 07:30:00,IB GF,0.0
2024-05-29 07:30:00,IB NPI,2.5
2024-05-29 07:30:00,IB OPF,69.5
2024-05-29 07:30:00,SM FT OPF,0.0
2024-05-29 07:30:00,SM GF,2.11
2024-05-29 07:30:00,SM KV OPF,0.0
2024-05-29 07:30:00,SM NPI,1.366708543
2024-05-29 07:30:00,SM TLO,3.67
2024-05-29 08:00:00,IB GF,0.0
2024-05-29 08:00:00,IB NPI,2.5
2024-05-29 08:00:00,IB OPF,69.5
2024-05-29 08:00:00,SM FT OPF,0.0
2024-05-29 08:00:00,SM GF,2.11
2024-05-29 08:00:00,SM KV OPF,0.0
2024-05-29 08:00:00,SM NPI,1.355856237
2024-05-29 08:00:00,SM TLO,3.67
2024-05-29 08:30:00,IB GF,0.0
2024-05-29 08:30:00,IB NPI,2.5
2024-05-29 08:30:00,IB OPF,69.5
2024-05-29 08:30:00,SM FT OPF,0.0
2024-05-29 08:30:00,SM GF,2.11
2024-05-29 08:30:00,SM KV OPF,0.0
2024-05-29 08:30:00,SM NPI,1.342458499
2024-05-29 08:30:00,SM TLO,3.67
2024-05-29 09:00:00,IB GF,0.0
2024-05-29 09:00:00,IB NPI,2.5
2024-05-29 09:00:00,IB OPF,69.5
2024-05-29 09:00:00,SM FT OPF,0.0
2024-05-29 09:00:00,SM GF,2.11
2024-05-29 09:00:00,SM KV OPF,0.0
2024-05-29 09:00:00,SM NPI,1.337262519
2024-05-29 09:00:00,SM TLO,3.67
2024-05-29 09:30:00,IB GF,0.0
2024-05-29 09:30:00,IB NPI,2.5
2024-05-29 09:30:00,IB OPF,69.5
2024-05-29 09:30:00,SM FT OPF,0.0
2024-05-29 09:30:00,SM GF,2.11
2024-05-29 09:30:00,SM KV OPF,0.0
2024-05-29 09:30:00,SM NPI,1.383234594
2024-05-29 09:30:00,SM TLO,3.67
2024-05-29 10:00:00,IB GF,0.0
2024-05-29 10:00:00,IB NPI,2.5
2024-05-29 10:00:00,IB OPF,69.5
2024-05-29 10:00:00,SM FT OPF,0.0
2024-05-29 10:00:00,SM GF,2.11
2024-05-29 10:00:00,SM KV OPF,0.0
2024-05-29 10:00:00,SM NPI,1.450183901
2024-05-29 10:00:00,SM TLO,3.67
2024-05-29 10:30:00,IB GF,0.0
2024-05-29 10:30:00,IB NPI,2.5
2024-05-29 10:30:00,IB OPF,69.5
2024-05-29 10:30:00,SM FT OPF,0.0
2024-05-29 10:30:00,SM GF,2.11
2024-05-29 10:30:00,SM KV OPF,0.0
2024-05-29 10:30:00,SM NPI,1.504789115
2024-05-29 10:30:00,SM TLO,3.67
2024-05-29 11:00:00,IB GF,0.0
2024-05-29 11:00:00,IB NPI,2.5
2024-05-29 11:00:00,IB OPF,69.5
2024-05-29 11:00:00,SM FT OPF,0.0
2024-05-29 11:00:00,SM GF,2.11
2024-05-29 11:00:00,SM KV OPF,0.0
2024-05-29 11:00:00,SM NPI,1.551993283
2024-05-29 11:00:00,SM TLO,3.67
2024-05-29 11:30:00,IB GF,0.0
2024-05-29 11:30:00,IB NPI,2.5
2024-05-29 11:30:00,IB OPF,69.5
2024-05-29 11:30:00,SM FT OPF,0.0
2024-05-29 11:30:00,SM GF,2.11
2024-05-29 11:30:00,SM KV OPF,0.0
2024-05-29 11:30:00,SM NPI,1.592627842
2024-05-29 11:30:00,SM TLO,3.67
2024-05-29 12:00:00,IB GF,0.0
2024-05-29 12:00:00,IB NPI,2.5
2024-05-29 12:00:00,IB OPF,69.5
2024-05-29 12:00:00,SM FT OPF,0.0
2024-05-29 12:00:00,SM GF,2.11
2024-05-29 12:00:00,SM KV OPF,0.0
2024-05-29 12:00:00,SM NPI,1.625565556
2024-05-29 12:00:00,SM TLO,3.67
2024-05-29 12:30:00,IB GF,0.0
2024-05-29 12:30:00,IB NPI,2.5
2024-05-29 12:30:00,IB OPF,69.5
2024-05-29 12:30:00,SM FT OPF,0.0
2024-05-29 12:30:00,SM GF,2.11
2024-05-29 12:30:00,SM KV OPF,0.0
2024-05-29 12:30:00,SM NPI,1.653979438
2024-05-29 12:30:00,SM TLO,3.67
2024-05-29 13:00:00,IB GF,0.0
2024-05-29 13:00:00,IB NPI,2.5
2024-05-29 13:00:00,IB OPF,69.5
2024-05-29 13:00:00,SM FT OPF,0.0
2024-05-29 13:00:00,SM GF,2.11
2024-05-29 13:00:00,SM KV OPF,0.0
2024-05-29 13:00:00,SM NPI,1.691198561
2024-05-29 13:00:00,SM TLO,3.67
2024-05-29 13:30:00,IB GF,0.0
2024-05-29 13:30:00,IB NPI,2.5
2024-05-29 13:30:00,IB OPF,69.5
2024-05-29 13:30:00,SM FT OPF,0.0
2024-05-29 13:30:00,SM GF,2.11
2024-05-29 13:30:00,SM KV OPF,0.0
2024-05-29 13:30:00,SM NPI,1.734710666
2024-05-29 13:30:00,SM TLO,3.67
2024-05-29 14:00:00,IB GF,0.0
2024-05-29 14:00:00,IB NPI,2.5
2024-05-29 14:00:00,IB OPF,69.5
2024-05-29 14:00:00,SM FT OPF,0.0
2024-05-29 14:00:00,SM GF,2.11
2024-05-29 14:00:00,SM KV OPF,0.0
2024-05-29 14:00:00,SM NPI,1.795213438
2024-05-29 14:00:00,SM TLO,3.67
2024-05-29 14:30:00,IB GF,0.0
2024-05-29 14:30:00,IB NPI,2.5
2024-05-29 14:30:00,IB OPF,69.5
2024-05-29 14:30:00,SM FT OPF,0.0
2024-05-29 14:30:00,SM GF,2.11
2024-05-29 14:30:00,SM KV OPF,0.0
2024-05-29 14:30:00,SM NPI,1.835316073
2024-05-29 14:30:00,SM TLO,3.67
2024-05-29 15:00:00,IB GF,0.0
2024-05-29 15:00:00,IB NPI,2.5
2024-05-29 15:00:00,IB OPF,69.5
2024-05-29 15:00:00,SM FT OPF,0.0
2024-05-29 15:00:00,SM GF,2.11
2024-05-29 15:00:00,SM KV OPF,0.0
2024-05-29 15:00:00,SM NPI,1.861092463
2024-05-29 15:00:00,SM TLO,3.67
2024-05-29 15:30:00,IB GF,0.0
2024-05-29 15:30:00,IB NPI,2.5
2024-05-29 15:30:00,IB OPF,69.5
2024-05-29 15:30:00,SM FT OPF,0.0
2024-05-29 15:30:00,SM GF,2.11
2024-05-29 15:30:00,SM KV OPF,0.0
2024-05-29 15:30:00,SM NPI,1.906289266
2024-05-29 15:30:00,SM TLO,3.67
2024-05-29 16:00:00,IB GF,0.0
2024-05-29 16:00:00,IB NPI,2.5
2024-05-29 16:00:00,IB OPF,69.5
2024-05-29 16:00:00,SM FT OPF,0.0
2024-05-29 16:00:00,SM GF,2.11
2024-05-29 16:00:00,SM KV OPF,0.0
2024-05-29 16:00:00,SM NPI,1.906616907
2024-05-29 16:00:00,SM TLO,3.67
2024-05-29 16:30:00,IB GF,0.0
2024-05-29 16:30:00,IB NPI,2.5
2024-05-29 16:30:00,IB OPF,69.5
2024-05-29 16:30:00,SM FT OPF,0.0
2024-05-29 16:30:00,SM GF,2.11
2024-05-29 16:30:00,SM KV OPF,0.0
2024-05-29 16:30:00,SM NPI,1.851758434
2024-05-29 16:30:00,SM TLO,3.67
2024-05-29 17:00:00,IB GF,0.0
2024-05-29 17:00:00,IB NPI,2.5
2024-05-29 17:00:00,IB OPF,69.5
2024-05-29 17:00:00,SM FT OPF,0.0
2024-05-29 17:00:00,SM GF,2.11
2024-05-29 17:00:00,SM KV OPF,0.0
2024-05-29 17:00:00,SM NPI,1.810346238
2024-05-29 17:00:00,SM TLO,3.67
2024-05-29 17:30:00,IB GF,0.0
2024-05-29 17:30:00,IB NPI,2.5
2024-05-29 17:30:00,IB OPF,69.5
2024-05-29 17:30:00,SM FT OPF,0.0
2024-05-29 17:30:00,SM GF,2.11
2024-05-29 17:30:00,SM KV OPF,0.0
2024-05-29 17:30:00,SM NPI,1.849901972
2024-05-29 17:30:00,SM TLO,3.67
2024-05-29 18:00:00,IB GF,0.0
2024-05-29 18:00:00,IB NPI,2.5
2024-05-29 18:00:00,IB OPF,69.5
2024-05-29 18:00:00,SM FT OPF,0.0
2024-05-29 18:00:00,SM GF,2.11
2024-05-29 18:00:00,SM KV OPF,0.0
2024-05-29 18:00:00,SM NPI,1.956043691
2024-05-29 18:00:00,SM TLO,3.67
2024-05-29 18:30:00,IB GF,0.0
2024-05-29 18:30:00,IB NPI,2.5
2024-05-29 18:30:00,IB OPF,69.5
2024-05-29 18:30:00,SM FT OPF,0.0
2024-05-29 18:30:00,SM GF,2.11
2024-05-29 18:30:00,SM KV OPF,0.0
2024-05-29 18:30:00,SM NPI,2.029448599
2024-05-29 18:30:00,SM TLO,3.67
2024-05-29 19:00:00,IB GF,0.0
2024-05-29 19:00:00,IB NPI,2.5
2024-05-29 19:00:00,IB OPF,69.5
2024-05-29 19:00:00,SM FT OPF,0.0
2024-05-29 19:00:00,SM GF,2.11
2024-05-29 19:00:00,SM KV OPF,0.0
2024-05-29 19:00:00,SM NPI,2.059843787
2024-05-29 19:00:00,SM TLO,3.67
2024-05-29 19:30:00,IB GF,0.0
2024-05-29 19:30:00,IB NPI,2.5
2024-05-29 19:30:00,IB OPF,69.5
2024-05-29 19:30:00,SM FT OPF,0.0
2024-05-29 19:30:00,SM GF,2.11
2024-05-29 19:30:00,SM KV OPF,0.0
2024-05-29 19:30:00,SM NPI,1.97880664
2024-05-29 19:30:00,SM TLO,3.67
2024-05-29 20:00:00,IB GF,0.0
2024-05-29 20:00:00,IB NPI,2.5
2024-05-29 20:00:00,IB OPF,69.5
2024-05-29 20:00:00,SM FT OPF,0.0
2024-05-29 20:00:00,SM GF,2.11
2024-05-29 20:00:00,SM KV OPF,0.0
2024-05-29 20:00:00,SM NPI,1.814923112
2024-05-29 20:00:00,SM TLO,3.67
2024-05-29 20:30:00,IB GF,0.0
2024-05-29 20:30:00,IB NPI,2.5
2024-05-29 20:30:00,IB OPF,69.5
2024-05-29 20:30:00,SM FT OPF,0.0
2024-05-29 20:30:00,SM GF,2.11
2024-05-29 20:30:00,SM KV OPF,0.0
2024-05-29 20:30:00,SM NPI,1.64026585
2024-05-29 20:30:00,SM TLO,3.67
2024-05-29 21:00:00,IB GF,0.0
2024-05-29 21:00:00,IB NPI,2.5
2024-05-29 21:00:00,IB OPF,69.5
2024-05-29 21:00:00,SM FT OPF,0.0
2024-05-29 21:00:00,SM GF,2.11
2024-05-29 21:00:00,SM KV OPF,0.0
2024-05-29 21:00:00,SM NPI,1.49308762
2024-05-29 21:00:00,SM TLO,3.67
2024-05-29 21:30:00,IB GF,0.0
2024-05-29 21:30:00,IB NPI,2.5
2024-05-29 21:30:00,IB OPF,69.5
2024-05-29 21:30:00,SM FT OPF,0.0
2024-05-29 21:30:00,SM GF,2.11
2024-05-29 21:30:00,SM KV OPF,0.0
2024-05-29 21:30:00,SM NPI,1.408202549
2024-05-29 21:30:00,SM TLO,3.67
2024-05-29 22:00:00,IB GF,0.0
2024-05-29 22:00:00,IB NPI,2.5
2024-05-29 22:00:00,IB OPF,69.5
2024-05-29 22:00:00,SM FT OPF,0.0
2024-05-29 22:00:00,SM GF,2.11
2024-05-29 22:00:00,SM KV OPF,0.0
2024-05-29 22:00:00,SM NPI,1.335246809
2024-05-29 22:00:00,SM TLO,3.67
2024-05-29 22:30:00,IB GF,0.0
2024-05-29 22:30:00,IB NPI,2.5
2024-05-29 22:30:00,IB OPF,69.5
2024-05-29 22:30:00,SM FT OPF,0.0
2024-05-29 22:30:00,SM GF,2.11
2024-05-29 22:30:00,SM KV OPF,0.0
2024-05-29 22:30:00,SM NPI,1.2699921
2024-05-29 22:30:00,SM TLO,3.67
2024-05-29 23:00:00,IB GF,0.0
2024-05-29 23:00:00,IB NPI,2.5
2024-05-29 23:00:00,IB OPF,69.5
2024-05-29 23:00:00,SM FT OPF,0.0
2024-05-29 23:00:00,SM GF,2.11
2024-05-29 23:00:00,SM KV OPF,0.0
2024-05-29 23:00:00,SM NPI,1.218369138
2024-05-29 23:00:00,SM TLO,3.67
2024-05-29 23:30:00,IB GF,0.0
2024-05-29 23:30:00,IB NPI,2.5
2024-05-29 23:30:00,IB OPF,69.5
2024-05-29 23:30:00,SM FT OPF,0.0
2024-05-29 23:30:00,SM GF,2.11
2024-05-29 23:30:00,SM KV OPF,0.0
2024-05-29 23:30:00,SM NPI,1.181657919
2024-05-29 23:30:00,SM TLO,3.67
2024-05-30 00:00:00,IB GF,0.0
2024-05-30 00:00:00,IB NPI,2.5
2024-05-30 00:00:00,IB OPF,69.5
2024-05-30 00:00:00,SM FT OPF,0.0
2024-05-30 00:00:00,SM GF,2.11
2024-05-30 00:00:00,SM KV OPF,0.0
2024-05-30 00:00:00,SM NPI,1.142541258
2024-05-30 00:00:00,SM TLO,3.67
2024-05-30 00:30:00,IB GF,0.0
2024-05-30 00:30:00,IB NPI,2.5
2024-05-30 00:30:00,IB OPF,69.5
2024-05-30 00:30:00,SM FT OPF,0.0
2024-05-30 00:30:00,SM GF,2.11
2024-05-30 00:30:00,SM KV OPF,0.0
2024-05-30 00:30:00,SM NPI,1.11716069
2024-05-30 00:30:00,SM TLO,3.67
2024-05-30 01:00:00,IB GF,0.0
2024-05-30 01:00:00,IB NPI,2.5
2024-05-30 01:00:00,IB OPF,69.5
2024-05-30 01:00:00,SM FT OPF,0.0
2024-05-30 01:00:00,SM GF,2.11
2024-05-30 01:00:00,SM KV OPF,0.0
2024-05-30 01:00:00,SM NPI,1.102579467
2024-05-30 01:00:00,SM TLO,3.67
2024-05-30 01:30:00,IB GF,0.0
2024-05-30 01:30:00,IB NPI,2.5
2024-05-30 01:30:00,IB OPF,69.5
2024-05-30 01:30:00,SM FT OPF,0.0
2024-05-30 01:30:00,SM GF,2.11
2024-05-30 01:30:00,SM KV OPF,0.0
2024-05-30 01:30:00,SM NPI,1.088358636
2024-05-30 01:30:00,SM TLO,3.67
2024-05-30 02:00:00,IB GF,0.0
2024-05-30 02:00:00,IB NPI,2.5
2024-05-30 02:00:00,IB OPF,69.5
2024-05-30 02:00:00,SM FT OPF,0.0
2024-05-30 02:00:00,SM GF,2.11
2024-05-30 02:00:00,SM KV OPF,0.0
2024-05-30 02:00:00,SM NPI,1.082314022
2024-05-30 02:00:00,SM TLO,3.67
2024-05-30 02:30:00,IB GF,0.0
2024-05-30 02:30:00,IB NPI,2.5
2024-05-30 02:30:00,IB OPF,69.5
2024-05-30 02:30:00,SM FT OPF,0.0
2024-05-30 02:30:00,SM GF,2.11
2024-05-30 02:30:00,SM KV OPF,0.0
2024-05-30 02:30:00,SM NPI,1.08410075
2024-05-30 02:30:00,SM TLO,3.67
2024-05-30 03:00:00,IB GF,0.0
2024-05-30 03:00:00,IB NPI,2.5
2024-05-30 03:00:00,IB OPF,69.5
2024-05-30 03:00:00,SM FT OPF,0.0
2024-05-30 03:00:00,SM GF,2.11
2024-05-30 03:00:00,SM KV OPF,0.0
2024-05-30 03:00:00,SM NPI,1.094092567
2024-05-30 03:00:00,SM TLO,3.67
2024-05-30 03:30:00,IB GF,0.0
2024-05-30 03:30:00,IB NPI,2.5
2024-05-30 03:30:00,IB OPF,69.5
2024-05-30 03:30:00,SM FT OPF,0.0
2024-05-30 03:30:00,SM GF,2.11
2024-05-30 03:30:00,SM KV OPF,0.0
2024-05-30 03:30:00,SM NPI,1.164862421
2024-05-30 03:30:00,SM TLO,3.67
2024-05-30 04:00:00,IB GF,0.0
2024-05-30 04:00:00,IB NPI,2.5
2024-05-30 04:00:00,IB OPF,69.5
2024-05-30 04:00:00,SM FT OPF,0.0
2024-05-30 04:00:00,SM GF,2.11
2024-05-30 04:00:00,SM KV OPF,0.0
2024-05-30 04:00:00,SM NPI,1.284775505
2024-05-30 04:00:00,SM TLO,3.67
2024-05-30 04:30:00,IB GF,0.0
2024-05-30 04:30:00,IB NPI,2.5
2024-05-30 04:30:00,IB OPF,69.5
2024-05-30 04:30:00,SM FT OPF,0.0
2024-05-30 04:30:00,SM GF,2.11
2024-05-30 04:30:00,SM KV OPF,0.0
2024-05-30 04:30:00,SM NPI,1.334796439
2024-05-30 04:30:00,SM TLO,3.67
2024-05-30 05:00:00,IB GF,0.0
2024-05-30 05:00:00,IB NPI,2.5
2024-05-30 05:00:00,IB OPF,69.5
2024-05-30 05:00:00,SM FT OPF,0.0
2024-05-30 05:00:00,SM GF,2.11
2024-05-30 05:00:00,SM KV OPF,0.0
2024-05-30 05:00:00,SM NPI,1.301845277
2024-05-30 05:00:00,SM TLO,3.67
2024-05-30 05:30:00,IB GF,0.0
2024-05-30 05:30:00,IB NPI,2.5
2024-05-30 05:30:00,IB OPF,69.5
2024-05-30 05:30:00,SM FT OPF,0.0
2024-05-30 05:30:00,SM GF,2.11
2024-05-30 05:30:00,SM KV OPF,0.0
2024-05-30 05:30:00,SM NPI,1.2799329
2024-05-30 05:30:00,SM TLO,3.67
2024-05-30 06:00:00,IB GF,0.0
2024-05-30 06:00:00,IB NPI,2.5
2024-05-30 06:00:00,IB OPF,69.5
2024-05-30 06:00:00,SM FT OPF,0.0
2024-05-30 06:00:00,SM GF,2.11
2024-05-30 06:00:00,SM KV OPF,0.0
2024-05-30 06:00:00,SM NPI,1.313465262
2024-05-30 06:00:00,SM TLO,3.67
2024-05-30 06:30:00,IB GF,0.0
2024-05-30 06:30:00,IB NPI,2.5
2024-05-30 06:30:00,IB OPF,69.5
2024-05-30 06:30:00,SM FT OPF,0.0
2024-05-30 06:30:00,SM GF,2.11
2024-05-30 06:30:00,SM KV OPF,0.0
2024-05-30 06:30:00,SM NPI,1.336850497
2024-05-30 06:30:00,SM TLO,3.67
2024-05-30 07:00:00,IB GF,0.0
2024-05-30 07:00:00,IB NPI,2.5
2024-05-30 07:00:00,IB OPF,69.5
2024-05-30 07:00:00,SM FT OPF,0.0
2024-05-30 07:00:00,SM GF,2.11
2024-05-30 07:00:00,SM KV OPF,0.0
2024-05-30 07:00:00,SM NPI,1.35795289
2024-05-30 07:00:00,SM TLO,3.67
2024-05-30 07:30:00,IB GF,0.0
2024-05-30 07:30:00,IB NPI,2.5
2024-05-30 07:30:00,IB OPF,69.5
2024-05-30 07:30:00,SM FT OPF,0.0
2024-05-30 07:30:00,SM GF,2.11
2024-05-30 07:30:00,SM KV OPF,0.0
2024-05-30 07:30:00,SM NPI,1.357597152
2024-05-30 07:30:00,SM TLO,3.67
2024-05-30 08:00:00,IB GF,0.0
2024-05-30 08:00:00,IB NPI,2.5
2024-05-30 08:00:00,IB OPF,69.5
2024-05-30 08:00:00,SM FT OPF,0.0
2024-05-30 08:00:00,SM GF,2.11
2024-05-30 08:00:00,SM KV OPF,0.0
2024-05-30 08:00:00,SM NPI,1.346817195
2024-05-30 08:00:00,SM TLO,3.67
2024-05-30 08:30:00,IB GF,0.0
2024-05-30 08:30:00,IB NPI,2.5
2024-05-30 08:30:00,IB OPF,69.5
2024-05-30 08:30:00,SM FT OPF,0.0
2024-05-30 08:30:00,SM GF,2.11
2024-05-30 08:30:00,SM KV OPF,0.0
2024-05-30 08:30:00,SM NPI,1.333508776
2024-05-30 08:30:00,SM TLO,3.67
2024-05-30 09:00:00,IB GF,0.0
2024-05-30 09:00:00,IB NPI,2.5
2024-05-30 09:00:00,IB OPF,69.5
2024-05-30 09:00:00,SM FT OPF,0.0
2024-05-30 09:00:00,SM GF,2.11
2024-05-30 09:00:00,SM KV OPF,0.0
2024-05-30 09:00:00,SM NPI,1.328347436
2024-05-30 09:00:00,SM TLO,3.67
2024-05-30 09:30:00,IB GF,0.0
2024-05-30 09:30:00,IB NPI,2.5
2024-05-30 09:30:00,IB OPF,69.5
2024-05-30 09:30:00,SM FT OPF,0.0
2024-05-30 09:30:00,SM GF,2.11
2024-05-30 09:30:00,SM KV OPF,0.0
2024-05-30 09:30:00,SM NPI,1.37401303
2024-05-30 09:30:00,SM TLO,3.67
2024-05-30 10:00:00,IB GF,0.0
2024-05-30 10:00:00,IB NPI,2.5
2024-05-30 10:00:00,IB OPF,69.5
2024-05-30 10:00:00,SM FT OPF,0.0
2024-05-30 10:00:00,SM GF,2.11
2024-05-30 10:00:00,SM KV OPF,0.0
2024-05-30 10:00:00,SM NPI,1.440516009
2024-05-30 10:00:00,SM TLO,3.67
2024-05-30 10:30:00,IB GF,0.0
2024-05-30 10:30:00,IB NPI,2.5
2024-05-30 10:30:00,IB OPF,69.5
2024-05-30 10:30:00,SM FT OPF,0.0
2024-05-30 10:30:00,SM GF,2.11
2024-05-30 10:30:00,SM KV OPF,0.0
2024-05-30 10:30:00,SM NPI,1.494757188
2024-05-30 10:30:00,SM TLO,3.67
2024-05-30 11:00:00,IB GF,0.0
2024-05-30 11:00:00,IB NPI,2.5
2024-05-30 11:00:00,IB OPF,69.5
2024-05-30 11:00:00,SM FT OPF,0.0
2024-05-30 11:00:00,SM GF,2.11
2024-05-30 11:00:00,SM KV OPF,0.0
2024-05-30 11:00:00,SM NPI,1.541646661
2024-05-30 11:00:00,SM TLO,3.67
2024-05-30 11:30:00,IB GF,0.0
2024-05-30 11:30:00,IB NPI,2.5
2024-05-30 11:30:00,IB OPF,69.5
2024-05-30 11:30:00,SM FT OPF,0.0
2024-05-30 11:30:00,SM GF,2.11
2024-05-30 11:30:00,SM KV OPF,0.0
2024-05-30 11:30:00,SM NPI,1.582010323
2024-05-30 11:30:00,SM TLO,3.67
2024-05-30 12:00:00,IB GF,0.0
2024-05-30 12:00:00,IB NPI,2.5
2024-05-30 12:00:00,IB OPF,69.5
2024-05-30 12:00:00,SM FT OPF,0.0
2024-05-30 12:00:00,SM GF,2.11
2024-05-30 12:00:00,SM KV OPF,0.0
2024-05-30 12:00:00,SM NPI,1.614728452
2024-05-30 12:00:00,SM TLO,3.67
2024-05-30 12:30:00,IB GF,0.0
2024-05-30 12:30:00,IB NPI,2.5
2024-05-30 12:30:00,IB OPF,69.5
2024-05-30 12:30:00,SM FT OPF,0.0
2024-05-30 12:30:00,SM GF,2.11
2024-05-30 12:30:00,SM KV OPF,0.0
2024-05-30 12:30:00,SM NPI,1.642952909
2024-05-30 12:30:00,SM TLO,3.67
2024-05-30 13:00:00,IB GF,0.0
2024-05-30 13:00:00,IB NPI,2.5
2024-05-30 13:00:00,IB OPF,69.5
2024-05-30 13:00:00,SM FT OPF,0.0
2024-05-30 13:00:00,SM GF,2.11
2024-05-30 13:00:00,SM KV OPF,0.0
2024-05-30 13:00:00,SM NPI,1.679923904
2024-05-30 13:00:00,SM TLO,3.67
2024-05-30 13:30:00,IB GF,0.0
2024-05-30 13:30:00,IB NPI,2.5
2024-05-30 13:30:00,IB OPF,69.5
2024-05-30 13:30:00,SM FT OPF,0.0
2024-05-30 13:30:00,SM GF,2.11
2024-05-30 13:30:00,SM KV OPF,0.0
2024-05-30 13:30:00,SM NPI,1.723145929
2024-05-30 13:30:00,SM TLO,3.67
2024-05-30 14:00:00,IB GF,0.0
2024-05-30 14:00:00,IB NPI,2.5
2024-05-30 14:00:00,IB OPF,69.5
2024-05-30 14:00:00,SM FT OPF,0.0
2024-05-30 14:00:00,SM GF,2.11
2024-05-30 14:00:00,SM KV OPF,0.0
2024-05-30 14:00:00,SM NPI,1.783245349
2024-05-30 14:00:00,SM TLO,3.67
2024-05-30 14:30:00,IB GF,0.0
2024-05-30 14:30:00,IB NPI,2.5
2024-05-30 14:30:00,IB OPF,69.5
2024-05-30 14:30:00,SM FT OPF,0.0
2024-05-30 14:30:00,SM GF,2.11
2024-05-30 14:30:00,SM KV OPF,0.0
2024-05-30 14:30:00,SM NPI,1.823080632
2024-05-30 14:30:00,SM TLO,3.67
2024-05-30 15:00:00,IB GF,0.0
2024-05-30 15:00:00,IB NPI,2.5
2024-05-30 15:00:00,IB OPF,69.5
2024-05-30 15:00:00,SM FT OPF,0.0
2024-05-30 15:00:00,SM GF,2.11
2024-05-30 15:00:00,SM KV OPF,0.0
2024-05-30 15:00:00,SM NPI,1.84868518
2024-05-30 15:00:00,SM TLO,3.67
2024-05-30 15:30:00,IB GF,0.0
2024-05-30 15:30:00,IB NPI,2.5
2024-05-30 15:30:00,IB OPF,69.5
2024-05-30 15:30:00,SM FT OPF,0.0
2024-05-30 15:30:00,SM GF,2.11
2024-05-30 15:30:00,SM KV OPF,0.0
2024-05-30 15:30:00,SM NPI,1.893580671
2024-05-30 15:30:00,SM TLO,3.67
2024-05-30 16:00:00,IB GF,0.0
2024-05-30 16:00:00,IB NPI,2.5
2024-05-30 16:00:00,IB OPF,69.5
2024-05-30 16:00:00,SM FT OPF,0.0
2024-05-30 16:00:00,SM GF,2.11
2024-05-30 16:00:00,SM KV OPF,0.0
2024-05-30 16:00:00,SM NPI,1.893906127
2024-05-30 16:00:00,SM TLO,3.67
2024-05-30 16:30:00,IB GF,0.0
2024-05-30 16:30:00,IB NPI,2.5
2024-05-30 16:30:00,IB OPF,69.5
2024-05-30 16:30:00,SM FT OPF,0.0
2024-05-30 16:30:00,SM GF,2.11
2024-05-30 16:30:00,SM KV OPF,0.0
2024-05-30 16:30:00,SM NPI,1.839413378
2024-05-30 16:30:00,SM TLO,3.67
2024-05-30 17:00:00,IB GF,0.0
2024-05-30 17:00:00,IB NPI,2.5
2024-05-30 17:00:00,IB OPF,69.5
2024-05-30 17:00:00,SM FT OPF,0.0
2024-05-30 17:00:00,SM GF,2.11
2024-05-30 17:00:00,SM KV OPF,0.0
2024-05-30 17:00:00,SM NPI,1.798277263
2024-05-30 17:00:00,SM TLO,3.67
2024-05-30 17:30:00,IB GF,0.0
2024-05-30 17:30:00,IB NPI,2.5
2024-05-30 17:30:00,IB OPF,69.5
2024-05-30 17:30:00,SM FT OPF,0.0
2024-05-30 17:30:00,SM GF,2.11
2024-05-30 17:30:00,SM KV OPF,0.0
2024-05-30 17:30:00,SM NPI,1.837569293
2024-05-30 17:30:00,SM TLO,3.67
2024-05-30 18:00:00,IB GF,0.0
2024-05-30 18:00:00,IB NPI,2.5
2024-05-30 18:00:00,IB OPF,69.5
2024-05-30 18:00:00,SM FT OPF,0.0
2024-05-30 18:00:00,SM GF,2.11
2024-05-30 18:00:00,SM KV OPF,0.0
2024-05-30 18:00:00,SM NPI,1.9430034
2024-05-30 18:00:00,SM TLO,3.67
2024-05-30 18:30:00,IB GF,0.0
2024-05-30 18:30:00,IB NPI,2.5
2024-05-30 18:30:00,IB OPF,69.5
2024-05-30 18:30:00,SM FT OPF,0.0
2024-05-30 18:30:00,SM GF,2.11
2024-05-30 18:30:00,SM KV OPF,0.0
2024-05-30 18:30:00,SM NPI,2.015918941
2024-05-30 18:30:00,SM TLO,3.67
2024-05-30 19:00:00,IB GF,0.0
2024-05-30 19:00:00,IB NPI,2.5
2024-05-30 19:00:00,IB OPF,69.5
2024-05-30 19:00:00,SM FT OPF,0.0
2024-05-30 19:00:00,SM GF,2.11
2024-05-30 19:00:00,SM KV OPF,0.0
2024-05-30 19:00:00,SM NPI,2.046111495
2024-05-30 19:00:00,SM TLO,3.67
2024-05-30 19:30:00,IB GF,0.0
2024-05-30 19:30:00,IB NPI,2.5
2024-05-30 19:30:00,IB OPF,69.5
2024-05-30 19:30:00,SM FT OPF,0.0
2024-05-30 19:30:00,SM GF,2.11
2024-05-30 19:30:00,SM KV OPF,0.0
2024-05-30 19:30:00,SM NPI,1.965614595
2024-05-30 19:30:00,SM TLO,3.67
2024-05-30 20:00:00,IB GF,0.0
2024-05-30 20:00:00,IB NPI,2.5
2024-05-30 20:00:00,IB OPF,69.5
2024-05-30 20:00:00,SM FT OPF,0.0
2024-05-30 20:00:00,SM GF,2.11
2024-05-30 20:00:00,SM KV OPF,0.0
2024-05-30 20:00:00,SM NPI,1.802823625
2024-05-30 20:00:00,SM TLO,3.67
2024-05-30 20:30:00,IB GF,0.0
2024-05-30 20:30:00,IB NPI,2.5
2024-05-30 20:30:00,IB OPF,69.5
2024-05-30 20:30:00,SM FT OPF,0.0
2024-05-30 20:30:00,SM GF,2.11
2024-05-30 20:30:00,SM KV OPF,0.0
2024-05-30 20:30:00,SM NPI,1.629330744
2024-05-30 20:30:00,SM TLO,3.67
2024-05-30 21:00:00,IB GF,0.0
2024-05-30 21:00:00,IB NPI,2.5
2024-05-30 21:00:00,IB OPF,69.5
2024-05-30 21:00:00,SM FT OPF,0.0
2024-05-30 21:00:00,SM GF,2.11
2024-05-30 21:00:00,SM KV OPF,0.0
2024-05-30 21:00:00,SM NPI,1.483133703
2024-05-30 21:00:00,SM TLO,3.67
2024-05-30 21:30:00,IB GF,0.0
2024-05-30 21:30:00,IB NPI,2.5
2024-05-30 21:30:00,IB OPF,69.5
2024-05-30 21:30:00,SM FT OPF,0.0
2024-05-30 21:30:00,SM GF,2.11
2024-05-30 21:30:00,SM KV OPF,0.0
2024-05-30 21:30:00,SM NPI,1.398814532
2024-05-30 21:30:00,SM TLO,3.67
2024-05-30 22:00:00,IB GF,0.0
2024-05-30 22:00:00,IB NPI,2.5
2024-05-30 22:00:00,IB OPF,69.5
2024-05-30 22:00:00,SM FT OPF,0.0
2024-05-30 22:00:00,SM GF,2.11
2024-05-30 22:00:00,SM KV OPF,0.0
2024-05-30 22:00:00,SM NPI,1.326345164
2024-05-30 22:00:00,SM TLO,3.67
2024-05-30 22:30:00,IB GF,0.0
2024-05-30 22:30:00,IB NPI,2.5
2024-05-30 22:30:00,IB OPF,69.5
2024-05-30 22:30:00,SM FT OPF,0.0
2024-05-30 22:30:00,SM GF,2.11
2024-05-30 22:30:00,SM KV OPF,0.0
2024-05-30 22:30:00,SM NPI,1.261525486
2024-05-30 22:30:00,SM TLO,3.67
2024-05-30 23:00:00,IB GF,0.0
2024-05-30 23:00:00,IB NPI,2.5
2024-05-30 23:00:00,IB OPF,69.5
2024-05-30 23:00:00,SM FT OPF,0.0
2024-05-30 23:00:00,SM GF,2.11
2024-05-30 23:00:00,SM KV OPF,0.0
2024-05-30 23:00:00,SM NPI,1.210246677
2024-05-30 23:00:00,SM TLO,3.67
2024-05-30 23:30:00,IB GF,0.0
2024-05-30 23:30:00,IB NPI,2.5
2024-05-30 23:30:00,IB OPF,69.5
2024-05-30 23:30:00,SM FT OPF,0.0
2024-05-30 23:30:00,SM GF,2.11
2024-05-30 23:30:00,SM KV OPF,0.0
2024-05-30 23:30:00,SM NPI,1.173780199
2024-05-30 23:30:00,SM TLO,3.67
2024-05-31 00:00:00,IB GF,0.0
2024-05-31 00:00:00,IB NPI,2.5
2024-05-31 00:00:00,IB OPF,69.5
2024-05-31 00:00:00,SM FT OPF,0.0
2024-05-31 00:00:00,SM GF,2.11
2024-05-31 00:00:00,SM KV OPF,0.0
2024-05-31 00:00:00,SM NPI,1.134873196
2024-05-31 00:00:00,SM TLO,3.67
2024-05-31 00:30:00,IB GF,0.0
2024-05-31 00:30:00,IB NPI,2.5
2024-05-31 00:30:00,IB OPF,69.5
2024-05-31 00:30:00,SM FT OPF,0.0
2024-05-31 00:30:00,SM GF,2.11
2024-05-31 00:30:00,SM KV OPF,0.0
2024-05-31 00:30:00,SM NPI,1.109662967
2024-05-31 00:30:00,SM TLO,3.67
2024-05-31 01:00:00,IB GF,0.0
2024-05-31 01:00:00,IB NPI,2.5
2024-05-31 01:00:00,IB OPF,69.5
2024-05-31 01:00:00,SM FT OPF,0.0
2024-05-31 01:00:00,SM GF,2.11
2024-05-31 01:00:00,SM KV OPF,0.0
2024-05-31 01:00:00,SM NPI,1.095179604
2024-05-31 01:00:00,SM TLO,3.67
2024-05-31 01:30:00,IB GF,0.0
2024-05-31 01:30:00,IB NPI,2.5
2024-05-31 01:30:00,IB OPF,69.5
2024-05-31 01:30:00,SM FT OPF,0.0
2024-05-31 01:30:00,SM GF,2.11
2024-05-31 01:30:00,SM KV OPF,0.0
2024-05-31 01:30:00,SM NPI,1.081054215
2024-05-31 01:30:00,SM TLO,3.67
2024-05-31 02:00:00,IB GF,0.0
2024-05-31 02:00:00,IB NPI,2.5
2024-05-31 02:00:00,IB OPF,69.5
2024-05-31 02:00:00,SM FT OPF,0.0
2024-05-31 02:00:00,SM GF,2.11
2024-05-31 02:00:00,SM KV OPF,0.0
2024-05-31 02:00:00,SM NPI,1.075050169
2024-05-31 02:00:00,SM TLO,3.67
2024-05-31 02:30:00,IB GF,0.0
2024-05-31 02:30:00,IB NPI,2.5
2024-05-31 02:30:00,IB OPF,69.5
2024-05-31 02:30:00,SM FT OPF,0.0
2024-05-31 02:30:00,SM GF,2.11
2024-05-31 02:30:00,SM KV OPF,0.0
2024-05-31 02:30:00,SM NPI,1.076824906
2024-05-31 02:30:00,SM TLO,3.67
2024-05-31 03:00:00,IB GF,0.0
2024-05-31 03:00:00,IB NPI,2.5
2024-05-31 03:00:00,IB OPF,69.5
2024-05-31 03:00:00,SM FT OPF,0.0
2024-05-31 03:00:00,SM GF,2.11
2024-05-31 03:00:00,SM KV OPF,0.0
2024-05-31 03:00:00,SM NPI,1.086749664
2024-05-31 03:00:00,SM TLO,3.67
2024-05-31 03:30:00,IB GF,0.0
2024-05-31 03:30:00,IB NPI,2.5
2024-05-31 03:30:00,IB OPF,69.5
2024-05-31 03:30:00,SM FT OPF,0.0
2024-05-31 03:30:00,SM GF,2.11
2024-05-31 03:30:00,SM KV OPF,0.0
2024-05-31 03:30:00,SM NPI,1.157044553
2024-05-31 03:30:00,SM TLO,3.67
2024-05-31 04:00:00,IB GF,0.0
2024-05-31 04:00:00,IB NPI,2.5
2024-05-31 04:00:00,IB OPF,69.5
2024-05-31 04:00:00,SM FT OPF,0.0
2024-05-31 04:00:00,SM GF,2.11
2024-05-31 04:00:00,SM KV OPF,0.0
2024-05-31 04:00:00,SM NPI,1.27615285
2024-05-31 04:00:00,SM TLO,3.67
2024-05-31 04:30:00,IB GF,0.0
2024-05-31 04:30:00,IB NPI,2.5
2024-05-31 04:30:00,IB OPF,69.5
2024-05-31 04:30:00,SM FT OPF,0.0
2024-05-31 04:30:00,SM GF,2.11
2024-05-31 04:30:00,SM KV OPF,0.0
2024-05-31 04:30:00,SM NPI,1.325838073
2024-05-31 04:30:00,SM TLO,3.67
2024-05-31 05:00:00,IB GF,0.0
2024-05-31 05:00:00,IB NPI,2.5
2024-05-31 05:00:00,IB OPF,69.5
2024-05-31 05:00:00,SM FT OPF,0.0
2024-05-31 05:00:00,SM GF,2.11
2024-05-31 05:00:00,SM KV OPF,0.0
2024-05-31 05:00:00,SM NPI,1.293108061
2024-05-31 05:00:00,SM TLO,3.67
2024-05-31 05:30:00,IB GF,0.0
2024-05-31 05:30:00,IB NPI,2.5
2024-05-31 05:30:00,IB OPF,69.5
2024-05-31 05:30:00,SM FT OPF,0.0
2024-05-31 05:30:00,SM GF,2.11
2024-05-31 05:30:00,SM KV OPF,0.0
2024-05-31 05:30:00,SM NPI,1.271342746
2024-05-31 05:30:00,SM TLO,3.67
2024-05-31 06:00:00,IB GF,0.0
2024-05-31 06:00:00,IB NPI,2.5
2024-05-31 06:00:00,IB OPF,69.5
2024-05-31 06:00:00,SM FT OPF,0.0
2024-05-31 06:00:00,SM GF,2.11
2024-05-31 06:00:00,SM KV OPF,0.0
2024-05-31 06:00:00,SM NPI,1.304650059
2024-05-31 06:00:00,SM TLO,3.67
2024-05-31 06:30:00,IB GF,0.0
2024-05-31 06:30:00,IB NPI,2.5
2024-05-31 06:30:00,IB OPF,69.5
2024-05-31 06:30:00,SM FT OPF,0.0
2024-05-31 06:30:00,SM GF,2.11
2024-05-31 06:30:00,SM KV OPF,0.0
2024-05-31 06:30:00,SM NPI,1.327878346
2024-05-31 06:30:00,SM TLO,3.67
2024-05-31 07:00:00,IB GF,0.0
2024-05-31 07:00:00,IB NPI,2.5
2024-05-31 07:00:00,IB OPF,69.5
2024-05-31 07:00:00,SM FT OPF,0.0
2024-05-31 07:00:00,SM GF,2.11
2024-05-31 07:00:00,SM KV OPF,0.0
2024-05-31 07:00:00,SM NPI,1.348839112
2024-05-31 07:00:00,SM TLO,3.67
2024-05-31 07:30:00,IB GF,0.0
2024-05-31 07:30:00,IB NPI,2.5
2024-05-31 07:30:00,IB OPF,69.5
2024-05-31 07:30:00,SM FT OPF,0.0
2024-05-31 07:30:00,SM GF,2.11
2024-05-31 07:30:00,SM KV OPF,0.0
2024-05-31 07:30:00,SM NPI,1.348485762
2024-05-31 07:30:00,SM TLO,3.67
2024-05-31 08:00:00,IB GF,0.0
2024-05-31 08:00:00,IB NPI,2.5
2024-05-31 08:00:00,IB OPF,69.5
2024-05-31 08:00:00,SM FT OPF,0.0
2024-05-31 08:00:00,SM GF,2.11
2024-05-31 08:00:00,SM KV OPF,0.0
2024-05-31 08:00:00,SM NPI,1.337778154
2024-05-31 08:00:00,SM TLO,3.67
2024-05-31 08:30:00,IB GF,0.0
2024-05-31 08:30:00,IB NPI,2.5
2024-05-31 08:30:00,IB OPF,69.5
2024-05-31 08:30:00,SM FT OPF,0.0
2024-05-31 08:30:00,SM GF,2.11
2024-05-31 08:30:00,SM KV OPF,0.0
2024-05-31 08:30:00,SM NPI,1.324559052
2024-05-31 08:30:00,SM TLO,3.67
2024-05-31 09:00:00,IB GF,0.0
2024-05-31 09:00:00,IB NPI,2.5
2024-05-31 09:00:00,IB OPF,69.5
2024-05-31 09:00:00,SM FT OPF,0.0
2024-05-31 09:00:00,SM GF,2.11
2024-05-31 09:00:00,SM KV OPF,0.0
2024-05-31 09:00:00,SM NPI,1.319432352
2024-05-31 09:00:00,SM TLO,3.67
2024-05-31 09:30:00,IB GF,0.0
2024-05-31 09:30:00,IB NPI,2.5
2024-05-31 09:30:00,IB OPF,69.5
2024-05-31 09:30:00,SM FT OPF,0.0
2024-05-31 09:30:00,SM GF,2.11
2024-05-31 09:30:00,SM KV OPF,0.0
2024-05-31 09:30:00,SM NPI,1.364791466
2024-05-31 09:30:00,SM TLO,3.67
2024-05-31 10:00:00,IB GF,0.0
2024-05-31 10:00:00,IB NPI,2.5
2024-05-31 10:00:00,IB OPF,69.5
2024-05-31 10:00:00,SM FT OPF,0.0
2024-05-31 10:00:00,SM GF,2.11
2024-05-31 10:00:00,SM KV OPF,0.0
2024-05-31 10:00:00,SM NPI,1.430848116
2024-05-31 10:00:00,SM TLO,3.67
2024-05-31 10:30:00,IB GF,0.0
2024-05-31 10:30:00,IB NPI,2.5
2024-05-31 10:30:00,IB OPF,69.5
2024-05-31 10:30:00,SM FT OPF,0.0
2024-05-31 10:30:00,SM GF,2.11
2024-05-31 10:30:00,SM KV OPF,0.0
2024-05-31 10:30:00,SM NPI,1.48472526
2024-05-31 10:30:00,SM TLO,3.67
2024-05-31 11:00:00,IB GF,0.0
2024-05-31 11:00:00,IB NPI,2.5
2024-05-31 11:00:00,IB OPF,69.5
2024-05-31 11:00:00,SM FT OPF,0.0
2024-05-31 11:00:00,SM GF,2.11
2024-05-31 11:00:00,SM KV OPF,0.0
2024-05-31 11:00:00,SM NPI,1.53130004
2024-05-31 11:00:00,SM TLO,3.67
2024-05-31 11:30:00,IB GF,0.0
2024-05-31 11:30:00,IB NPI,2.5
2024-05-31 11:30:00,IB OPF,69.5
2024-05-31 11:30:00,SM FT OPF,0.0
2024-05-31 11:30:00,SM GF,2.11
2024-05-31 11:30:00,SM KV OPF,0.0
2024-05-31 11:30:00,SM NPI,1.571392804
2024-05-31 11:30:00,SM TLO,3.67
2024-05-31 12:00:00,IB GF,0.0
2024-05-31 12:00:00,IB NPI,2.5
2024-05-31 12:00:00,IB OPF,69.5
2024-05-31 12:00:00,SM FT OPF,0.0
2024-05-31 12:00:00,SM GF,2.11
2024-05-31 12:00:00,SM KV OPF,0.0
2024-05-31 12:00:00,SM NPI,1.603891349
2024-05-31 12:00:00,SM TLO,3.67
2024-05-31 12:30:00,IB GF,0.0
2024-05-31 12:30:00,IB NPI,2.5
2024-05-31 12:30:00,IB OPF,69.5
2024-05-31 12:30:00,SM FT OPF,0.0
2024-05-31 12:30:00,SM GF,2.11
2024-05-31 12:30:00,SM KV OPF,0.0
2024-05-31 12:30:00,SM NPI,1.631926379
2024-05-31 12:30:00,SM TLO,3.67
2024-05-31 13:00:00,IB GF,0.0
2024-05-31 13:00:00,IB NPI,2.5
2024-05-31 13:00:00,IB OPF,69.5
2024-05-31 13:00:00,SM FT OPF,0.0
2024-05-31 13:00:00,SM GF,2.11
2024-05-31 13:00:00,SM KV OPF,0.0
2024-05-31 13:00:00,SM NPI,1.668649247
2024-05-31 13:00:00,SM TLO,3.67
2024-05-31 13:30:00,IB GF,0.0
2024-05-31 13:30:00,IB NPI,2.5
2024-05-31 13:30:00,IB OPF,69.5
2024-05-31 13:30:00,SM FT OPF,0.0
2024-05-31 13:30:00,SM GF,2.11
2024-05-31 13:30:00,SM KV OPF,0.0
2024-05-31 13:30:00,SM NPI,1.711581191
2024-05-31 13:30:00,SM TLO,3.67
2024-05-31 14:00:00,IB GF,0.0
2024-05-31 14:00:00,IB NPI,2.5
2024-05-31 14:00:00,IB OPF,69.5
2024-05-31 14:00:00,SM FT OPF,0.0
2024-05-31 14:00:00,SM GF,2.11
2024-05-31 14:00:00,SM KV OPF,0.0
2024-05-31 14:00:00,SM NPI,1.771277259
2024-05-31 14:00:00,SM TLO,3.67
2024-05-31 14:30:00,IB GF,0.0
2024-05-31 14:30:00,IB NPI,2.5
2024-05-31 14:30:00,IB OPF,69.5
2024-05-31 14:30:00,SM FT OPF,0.0
2024-05-31 14:30:00,SM GF,2.11
2024-05-31 14:30:00,SM KV OPF,0.0
2024-05-31 14:30:00,SM NPI,1.810845192
2024-05-31 14:30:00,SM TLO,3.67
2024-05-31 15:00:00,IB GF,0.0
2024-05-31 15:00:00,IB NPI,2.5
2024-05-31 15:00:00,IB OPF,69.5
2024-05-31 15:00:00,SM FT OPF,0.0
2024-05-31 15:00:00,SM GF,2.11
2024-05-31 15:00:00,SM KV OPF,0.0
2024-05-31 15:00:00,SM NPI,1.836277897
2024-05-31 15:00:00,SM TLO,3.67
2024-05-31 15:30:00,IB GF,0.0
2024-05-31 15:30:00,IB NPI,2.5
2024-05-31 15:30:00,IB OPF,69.5
2024-05-31 15:30:00,SM FT OPF,0.0
2024-05-31 15:30:00,SM GF,2.11
2024-05-31 15:30:00,SM KV OPF,0.0
2024-05-31 15:30:00,SM NPI,1.880872076
2024-05-31 15:30:00,SM TLO,3.67
2024-05-31 16:00:00,IB GF,0.0
2024-05-31 16:00:00,IB NPI,2.5
2024-05-31 16:00:00,IB OPF,69.5
2024-05-31 16:00:00,SM FT OPF,0.0
2024-05-31 16:00:00,SM GF,2.11
2024-05-31 16:00:00,SM KV OPF,0.0
2024-05-31 16:00:00,SM NPI,1.881195348
2024-05-31 16:00:00,SM TLO,3.67
2024-05-31 16:30:00,IB GF,0.0
2024-05-31 16:30:00,IB NPI,2.5
2024-05-31 16:30:00,IB OPF,69.5
2024-05-31 16:30:00,SM FT OPF,0.0
2024-05-31 16:30:00,SM GF,2.11
2024-05-31 16:30:00,SM KV OPF,0.0
2024-05-31 16:30:00,SM NPI,1.827068322
2024-05-31 16:30:00,SM TLO,3.67
2024-05-31 17:00:00,IB GF,0.0
2024-05-31 17:00:00,IB NPI,2.5
2024-05-31 17:00:00,IB OPF,69.5
2024-05-31 17:00:00,SM FT OPF,0.0
2024-05-31 17:00:00,SM GF,2.11
2024-05-31 17:00:00,SM KV OPF,0.0
2024-05-31 17:00:00,SM NPI,1.786208289
2024-05-31 17:00:00,SM TLO,3.67
2024-05-31 17:30:00,IB GF,0.0
2024-05-31 17:30:00,IB NPI,2.5
2024-05-31 17:30:00,IB OPF,69.5
2024-05-31 17:30:00,SM FT OPF,0.0
2024-05-31 17:30:00,SM GF,2.11
2024-05-31 17:30:00,SM KV OPF,0.0
2024-05-31 17:30:00,SM NPI,1.825236613
2024-05-31 17:30:00,SM TLO,3.67
2024-05-31 18:00:00,IB GF,0.0
2024-05-31 18:00:00,IB NPI,2.5
2024-05-31 18:00:00,IB OPF,69.5
2024-05-31 18:00:00,SM FT OPF,0.0
2024-05-31 18:00:00,SM GF,2.11
2024-05-31 18:00:00,SM KV OPF,0.0
2024-05-31 18:00:00,SM NPI,1.929963109
2024-05-31 18:00:00,SM TLO,3.67
2024-05-31 18:30:00,IB GF,0.0
2024-05-31 18:30:00,IB NPI,2.5
2024-05-31 18:30:00,IB OPF,69.5
2024-05-31 18:30:00,SM FT OPF,0.0
2024-05-31 18:30:00,SM GF,2.11
2024-05-31 18:30:00,SM KV OPF,0.0
2024-05-31 18:30:00,SM NPI,2.002389284
2024-05-31 18:30:00,SM TLO,3.67
2024-05-31 19:00:00,IB GF,0.0
2024-05-31 19:00:00,IB NPI,2.5
2024-05-31 19:00:00,IB OPF,69.5
2024-05-31 19:00:00,SM FT OPF,0.0
2024-05-31 19:00:00,SM GF,2.11
2024-05-31 19:00:00,SM KV OPF,0.0
2024-05-31 19:00:00,SM NPI,2.032379203
2024-05-31 19:00:00,SM TLO,3.67
2024-05-31 19:30:00,IB GF,0.0
2024-05-31 19:30:00,IB NPI,2.5
2024-05-31 19:30:00,IB OPF,69.5
2024-05-31 19:30:00,SM FT OPF,0.0
2024-05-31 19:30:00,SM GF,2.11
2024-05-31 19:30:00,SM KV OPF,0.0
2024-05-31 19:30:00,SM NPI,1.952422551
2024-05-31 19:30:00,SM TLO,3.67
2024-05-31 20:00:00,IB GF,0.0
2024-05-31 20:00:00,IB NPI,2.5
2024-05-31 20:00:00,IB OPF,69.5
2024-05-31 20:00:00,SM FT OPF,0.0
2024-05-31 20:00:00,SM GF,2.11
2024-05-31 20:00:00,SM KV OPF,0.0
2024-05-31 20:00:00,SM NPI,1.790724138
2024-05-31 20:00:00,SM TLO,3.67
2024-05-31 20:30:00,IB GF,0.0
2024-05-31 20:30:00,IB NPI,2.5
2024-05-31 20:30:00,IB OPF,69.5
2024-05-31 20:30:00,SM FT OPF,0.0
2024-05-31 20:30:00,SM GF,2.11
2024-05-31 20:30:00,SM KV OPF,0.0
2024-05-31 20:30:00,SM NPI,1.618395639
2024-05-31 20:30:00,SM TLO,3.67
2024-05-31 21:00:00,IB GF,0.0
2024-05-31 21:00:00,IB NPI,2.5
2024-05-31 21:00:00,IB OPF,69.5
2024-05-31 21:00:00,SM FT OPF,0.0
2024-05-31 21:00:00,SM GF,2.11
2024-05-31 21:00:00,SM KV OPF,0.0
2024-05-31 21:00:00,SM NPI,1.473179785
2024-05-31 21:00:00,SM TLO,3.67
2024-05-31 21:30:00,IB GF,0.0
2024-05-31 21:30:00,IB NPI,2.5
2024-05-31 21:30:00,IB OPF,69.5
2024-05-31 21:30:00,SM FT OPF,0.0
2024-05-31 21:30:00,SM GF,2.11
2024-05-31 21:30:00,SM KV OPF,0.0
2024-05-31 21:30:00,SM NPI,1.389426515
2024-05-31 21:30:00,SM TLO,3.67
2024-05-31 22:00:00,IB GF,0.0
2024-05-31 22:00:00,IB NPI,2.5
2024-05-31 22:00:00,IB OPF,69.5
2024-05-31 22:00:00,SM FT OPF,0.0
2024-05-31 22:00:00,SM GF,2.11
2024-05-31 22:00:00,SM KV OPF,0.0
2024-05-31 22:00:00,SM NPI,1.317443518
2024-05-31 22:00:00,SM TLO,3.67
2024-05-31 22:30:00,IB GF,0.0
2024-05-31 22:30:00,IB NPI,2.5
2024-05-31 22:30:00,IB OPF,69.5
2024-05-31 22:30:00,SM FT OPF,0.0
2024-05-31 22:30:00,SM GF,2.11
2024-05-31 22:30:00,SM KV OPF,0.0
2024-05-31 22:30:00,SM NPI,1.253058872
2024-05-31 22:30:00,SM TLO,3.67
2024-05-31 23:00:00,IB GF,0.0
2024-05-31 23:00:00,IB NPI,2.5
2024-05-31 23:00:00,IB OPF,69.5
2024-05-31 23:00:00,SM FT OPF,0.0
2024-05-31 23:00:00,SM GF,2.11
2024-05-31 23:00:00,SM KV OPF,0.0
2024-05-31 23:00:00,SM NPI,1.202124216
2024-05-31 23:00:00,SM TLO,3.67
2024-05-31 23:30:00,IB GF,0.0
2024-05-31 23:30:00,IB NPI,2.5
2024-05-31 23:30:00,IB OPF,69.5
2024-05-31 23:30:00,SM FT OPF,0.0
2024-05-31 23:30:00,SM GF,2.11
2024-05-31 23:30:00,SM KV OPF,0.0
2024-05-31 23:30:00,SM NPI,1.16590248
2024-05-31 23:30:00,SM TLO,3.67
2024-06-01 00:00:00,IB GF,0.0
2024-06-01 00:00:00,IB NPI,2.5
2024-06-01 00:00:00,IB OPF,69.5
2024-06-01 00:00:00,SM FT OPF,0.0
2024-06-01 00:00:00,SM GF,2.11
2024-06-01 00:00:00,SM KV OPF,0.0
2024-06-01 00:00:00,SM NPI,1.134873196
2024-06-01 00:00:00,SM TLO,3.67
2024-06-01 00:30:00,IB GF,0.0
2024-06-01 00:30:00,IB NPI,2.5
2024-06-01 00:30:00,IB OPF,69.5
2024-06-01 00:30:00,SM FT OPF,0.0
2024-06-01 00:30:00,SM GF,2.11
2024-06-01 00:30:00,SM KV OPF,0.0
2024-06-01 00:30:00,SM NPI,1.109662967
2024-06-01 00:30:00,SM TLO,3.67
2024-06-01 01:00:00,IB GF,0.0
2024-06-01 01:00:00,IB NPI,2.5
2024-06-01 01:00:00,IB OPF,69.5
2024-06-01 01:00:00,SM FT OPF,0.0
2024-06-01 01:00:00,SM GF,2.11
2024-06-01 01:00:00,SM KV OPF,0.0
2024-06-01 01:00:00,SM NPI,1.095179604
2024-06-01 01:00:00,SM TLO,3.67
2024-06-01 01:30:00,IB GF,0.0
2024-06-01 01:30:00,IB NPI,2.5
2024-06-01 01:30:00,IB OPF,69.5
2024-06-01 01:30:00,SM FT OPF,0.0
2024-06-01 01:30:00,SM GF,2.11
2024-06-01 01:30:00,SM KV OPF,0.0
2024-06-01 01:30:00,SM NPI,1.081054215
2024-06-01 01:30:00,SM TLO,3.67
2024-06-01 02:00:00,IB GF,0.0
2024-06-01 02:00:00,IB NPI,2.5
2024-06-01 02:00:00,IB OPF,69.5
2024-06-01 02:00:00,SM FT OPF,0.0
2024-06-01 02:00:00,SM GF,2.11
2024-06-01 02:00:00,SM KV OPF,0.0
2024-06-01 02:00:00,SM NPI,1.075050169
2024-06-01 02:00:00,SM TLO,3.67
2024-06-01 02:30:00,IB GF,0.0
2024-06-01 02:30:00,IB NPI,2.5
2024-06-01 02:30:00,IB OPF,69.5
2024-06-01 02:30:00,SM FT OPF,0.0
2024-06-01 02:30:00,SM GF,2.11
2024-06-01 02:30:00,SM KV OPF,0.0
2024-06-01 02:30:00,SM NPI,1.076824906
2024-06-01 02:30:00,SM TLO,3.67
2024-06-01 03:00:00,IB GF,0.0
2024-06-01 03:00:00,IB NPI,2.5
2024-06-01 03:00:00,IB OPF,69.5
2024-06-01 03:00:00,SM FT OPF,0.0
2024-06-01 03:00:00,SM GF,2.11
2024-06-01 03:00:00,SM KV OPF,0.0
2024-06-01 03:00:00,SM NPI,1.086749664
2024-06-01 03:00:00,SM TLO,3.67
2024-06-01 03:30:00,IB GF,0.0
2024-06-01 03:30:00,IB NPI,2.5
2024-06-01 03:30:00,IB OPF,69.5
2024-06-01 03:30:00,SM FT OPF,0.0
2024-06-01 03:30:00,SM GF,2.11
2024-06-01 03:30:00,SM KV OPF,0.0
2024-06-01 03:30:00,SM NPI,1.157044553
2024-06-01 03:30:00,SM TLO,3.67
2024-06-01 04:00:00,IB GF,0.0
2024-06-01 04:00:00,IB NPI,2.5
2024-06-01 04:00:00,IB OPF,69.5
2024-06-01 04:00:00,SM FT OPF,0.0
2024-06-01 04:00:00,SM GF,2.11
2024-06-01 04:00:00,SM KV OPF,0.0
2024-06-01 04:00:00,SM NPI,1.27615285
2024-06-01 04:00:00,SM TLO,3.67
2024-06-01 04:30:00,IB GF,0.0
2024-06-01 04:30:00,IB NPI,2.5
2024-06-01 04:30:00,IB OPF,69.5
2024-06-01 04:30:00,SM FT OPF,0.0
2024-06-01 04:30:00,SM GF,2.11
2024-06-01 04:30:00,SM KV OPF,0.0
2024-06-01 04:30:00,SM NPI,1.325838073
2024-06-01 04:30:00,SM TLO,3.67
2024-06-01 05:00:00,IB GF,0.0
2024-06-01 05:00:00,IB NPI,2.5
2024-06-01 05:00:00,IB OPF,69.5
2024-06-01 05:00:00,SM FT OPF,0.0
2024-06-01 05:00:00,SM GF,2.11
2024-06-01 05:00:00,SM KV OPF,0.0
2024-06-01 05:00:00,SM NPI,1.293108061
2024-06-01 05:00:00,SM TLO,3.67
2024-06-01 05:30:00,IB GF,0.0
2024-06-01 05:30:00,IB NPI,2.5
2024-06-01 05:30:00,IB OPF,69.5
2024-06-01 05:30:00,SM FT OPF,0.0
2024-06-01 05:30:00,SM GF,2.11
2024-06-01 05:30:00,SM KV OPF,0.0
2024-06-01 05:30:00,SM NPI,1.271342746
2024-06-01 05:30:00,SM TLO,3.67
2024-06-01 06:00:00,IB GF,0.0
2024-06-01 06:00:00,IB NPI,2.5
2024-06-01 06:00:00,IB OPF,92.87
2024-06-01 06:00:00,SM FT OPF,0.0
2024-06-01 06:00:00,SM GF,2.11
2024-06-01 06:00:00,SM KV OPF,0.0
2024-06-01 06:00:00,SM NPI,1.304650059
2024-06-01 06:00:00,SM TLO,3.67
2024-06-01 06:30:00,IB GF,0.0
2024-06-01 06:30:00,IB NPI,2.5
2024-06-01 06:30:00,IB OPF,92.87
2024-06-01 06:30:00,SM FT OPF,0.0
2024-06-01 06:30:00,SM GF,2.11
2024-06-01 06:30:00,SM KV OPF,0.0
2024-06-01 06:30:00,SM NPI,1.327878346
2024-06-01 06:30:00,SM TLO,3.67
2024-06-01 07:00:00,IB GF,0.0
2024-06-01 07:00:00,IB NPI,2.5
2024-06-01 07:00:00,IB OPF,92.87
2024-06-01 07:00:00,SM FT OPF,0.0
2024-06-01 07:00:00,SM GF,2.11
2024-06-01 07:00:00,SM KV OPF,0.0
2024-06-01 07:00:00,SM NPI,1.348839112
2024-06-01 07:00:00,SM TLO,3.67
2024-06-01 07:30:00,IB GF,0.0
2024-06-01 07:30:00,IB NPI,2.5
2024-06-01 07:30:00,IB OPF,92.87
2024-06-01 07:30:00,SM FT OPF,0.0
2024-06-01 07:30:00,SM GF,2.11
2024-06-01 07:30:00,SM KV OPF,0.0
2024-06-01 07:30:00,SM NPI,1.348485762
2024-06-01 07:30:00,SM TLO,3.67
2024-06-01 08:00:00,IB GF,0.0
2024-06-01 08:00:00,IB NPI,2.5
2024-06-01 08:00:00,IB OPF,92.87
2024-06-01 08:00:00,SM FT OPF,0.0
2024-06-01 08:00:00,SM GF,2.11
2024-06-01 08:00:00,SM KV OPF,0.0
2024-06-01 08:00:00,SM NPI,1.337778154
2024-06-01 08:00:00,SM TLO,3.67
2024-06-01 08:30:00,IB GF,0.0
2024-06-01 08:30:00,IB NPI,2.5
2024-06-01 08:30:00,IB OPF,92.87
2024-06-01 08:30:00,SM FT OPF,0.0
2024-06-01 08:30:00,SM GF,2.11
2024-06-01 08:30:00,SM KV OPF,0.0
2024-06-01 08:30:00,SM NPI,1.324559052
2024-06-01 08:30:00,SM TLO,3.67
2024-06-01 09:00:00,IB GF,0.0
2024-06-01 09:00:00,IB NPI,2.5
2024-06-01 09:00:00,IB OPF,92.87
2024-06-01 09:00:00,SM FT OPF,0.0
2024-06-01 09:00:00,SM GF,2.11
2024-06-01 09:00:00,SM KV OPF,0.0
2024-06-01 09:00:00,SM NPI,1.319432352
2024-06-01 09:00:00,SM TLO,3.67
2024-06-01 09:30:00,IB GF,0.0
2024-06-01 09:30:00,IB NPI,2.5
2024-06-01 09:30:00,IB OPF,92.87
2024-06-01 09:30:00,SM FT OPF,0.0
2024-06-01 09:30:00,SM GF,2.11
2024-06-01 09:30:00,SM KV OPF,0.0
2024-06-01 09:30:00,SM NPI,1.364791466
2024-06-01 09:30:00,SM TLO,3.67
2024-06-01 10:00:00,IB GF,0.0
2024-06-01 10:00:00,IB NPI,2.5
2024-06-01 10:00:00,IB OPF,92.87
2024-06-01 10:00:00,SM FT OPF,0.0
2024-06-01 10:00:00,SM GF,2.11
2024-06-01 10:00:00,SM KV OPF,0.0
2024-06-01 10:00:00,SM NPI,1.430848116
2024-06-01 10:00:00,SM TLO,3.67
2024-06-01 10:30:00,IB GF,0.0
2024-06-01 10:30:00,IB NPI,2.5
2024-06-01 10:30:00,IB OPF,92.87
2024-06-01 10:30:00,SM FT OPF,0.0
2024-06-01 10:30:00,SM GF,2.11
2024-06-01 10:30:00,SM KV OPF,0.0
2024-06-01 10:30:00,SM NPI,1.48472526
2024-06-01 10:30:00,SM TLO,3.67
2024-06-01 11:00:00,IB GF,0.0
2024-06-01 11:00:00,IB NPI,2.5
2024-06-01 11:00:00,IB OPF,92.87
2024-06-01 11:00:00,SM FT OPF,0.0
2024-06-01 11:00:00,SM GF,2.11
2024-06-01 11:00:00,SM KV OPF,0.0
2024-06-01 11:00:00,SM NPI,1.53130004
2024-06-01 11:00:00,SM TLO,3.67
2024-06-01 11:30:00,IB GF,0.0
2024-06-01 11:30:00,IB NPI,2.5
2024-06-01 11:30:00,IB OPF,92.87
2024-06-01 11:30:00,SM FT OPF,0.0
2024-06-01 11:30:00,SM GF,2.11
2024-06-01 11:30:00,SM KV OPF,0.0
2024-06-01 11:30:00,SM NPI,1.571392804
2024-06-01 11:30:00,SM TLO,3.67
2024-06-01 12:00:00,IB GF,0.0
2024-06-01 12:00:00,IB NPI,2.5
2024-06-01 12:00:00,IB OPF,92.87
2024-06-01 12:00:00,SM FT OPF,0.0
2024-06-01 12:00:00,SM GF,2.11
2024-06-01 12:00:00,SM KV OPF,0.0
2024-06-01 12:00:00,SM NPI,1.603891349
2024-06-01 12:00:00,SM TLO,3.67
2024-06-01 12:30:00,IB GF,0.0
2024-06-01 12:30:00,IB NPI,2.5
2024-06-01 12:30:00,IB OPF,92.87
2024-06-01 12:30:00,SM FT OPF,0.0
2024-06-01 12:30:00,SM GF,2.11
2024-06-01 12:30:00,SM KV OPF,0.0
2024-06-01 12:30:00,SM NPI,1.631926379
2024-06-01 12:30:00,SM TLO,3.67
2024-06-01 13:00:00,IB GF,0.0
2024-06-01 13:00:00,IB NPI,2.5
2024-06-01 13:00:00,IB OPF,92.87
2024-06-01 13:00:00,SM FT OPF,0.0
2024-06-01 13:00:00,SM GF,2.11
2024-06-01 13:00:00,SM KV OPF,0.0
2024-06-01 13:00:00,SM NPI,1.668649247
2024-06-01 13:00:00,SM TLO,3.67
2024-06-01 13:30:00,IB GF,0.0
2024-06-01 13:30:00,IB NPI,2.5
2024-06-01 13:30:00,IB OPF,92.87
2024-06-01 13:30:00,SM FT OPF,0.0
2024-06-01 13:30:00,SM GF,2.11
2024-06-01 13:30:00,SM KV OPF,0.0
2024-06-01 13:30:00,SM NPI,1.711581191
2024-06-01 13:30:00,SM TLO,3.67
2024-06-01 14:00:00,IB GF,0.0
2024-06-01 14:00:00,IB NPI,2.5
2024-06-01 14:00:00,IB OPF,92.87
2024-06-01 14:00:00,SM FT OPF,0.0
2024-06-01 14:00:00,SM GF,2.11
2024-06-01 14:00:00,SM KV OPF,0.0
2024-06-01 14:00:00,SM NPI,1.771277259
2024-06-01 14:00:00,SM TLO,3.67
2024-06-01 14:30:00,IB GF,0.0
2024-06-01 14:30:00,IB NPI,2.5
2024-06-01 14:30:00,IB OPF,92.87
2024-06-01 14:30:00,SM FT OPF,0.0
2024-06-01 14:30:00,SM GF,2.11
2024-06-01 14:30:00,SM KV OPF,0.0
2024-06-01 14:30:00,SM NPI,1.810845192
2024-06-01 14:30:00,SM TLO,3.67
2024-06-01 15:00:00,IB GF,0.0
2024-06-01 15:00:00,IB NPI,2.5
2024-06-01 15:00:00,IB OPF,92.87
2024-06-01 15:00:00,SM FT OPF,0.0
2024-06-01 15:00:00,SM GF,2.11
2024-06-01 15:00:00,SM KV OPF,0.0
2024-06-01 15:00:00,SM NPI,1.836277897
2024-06-01 15:00:00,SM TLO,3.67
2024-06-01 15:30:00,IB GF,0.0
2024-06-01 15:30:00,IB NPI,2.5
2024-06-01 15:30:00,IB OPF,92.87
2024-06-01 15:30:00,SM FT OPF,0.0
2024-06-01 15:30:00,SM GF,2.11
2024-06-01 15:30:00,SM KV OPF,0.0
2024-06-01 15:30:00,SM NPI,1.880872076
2024-06-01 15:30:00,SM TLO,3.67
2024-06-01 16:00:00,IB GF,0.0
2024-06-01 16:00:00,IB NPI,2.5
2024-06-01 16:00:00,IB OPF,92.87
2024-06-01 16:00:00,SM FT OPF,0.0
2024-06-01 16:00:00,SM GF,2.11
2024-06-01 16:00:00,SM KV OPF,0.0
2024-06-01 16:00:00,SM NPI,1.881195348
2024-06-01 16:00:00,SM TLO,3.67
2024-06-01 16:30:00,IB GF,0.0
2024-06-01 16:30:00,IB NPI,2.5
2024-06-01 16:30:00,IB OPF,92.87
2024-06-01 16:30:00,SM FT OPF,0.0
2024-06-01 16:30:00,SM GF,2.11
2024-06-01 16:30:00,SM KV OPF,0.0
2024-06-01 16:30:00,SM NPI,1.827068322
2024-06-01 16:30:00,SM TLO,3.67
2024-06-01 17:00:00,IB GF,0.0
2024-06-01 17:00:00,IB NPI,2.5
2024-06-01 17:00:00,IB OPF,92.87
2024-06-01 17:00:00,SM FT OPF,0.0
2024-06-01 17:00:00,SM GF,2.11
2024-06-01 17:00:00,SM KV OPF,0.0
2024-06-01 17:00:00,SM NPI,1.786208289
2024-06-01 17:00:00,SM TLO,3.67
2024-06-01 17:30:00,IB GF,0.0
2024-06-01 17:30:00,IB NPI,2.5
2024-06-01 17:30:00,IB OPF,92.87
2024-06-01 17:30:00,SM FT OPF,0.0
2024-06-01 17:30:00,SM GF,2.11
2024-06-01 17:30:00,SM KV OPF,0.0
2024-06-01 17:30:00,SM NPI,1.825236613
2024-06-01 17:30:00,SM TLO,3.67
2024-06-01 18:00:00,IB GF,0.0
2024-06-01 18:00:00,IB NPI,2.5
2024-06-01 18:00:00,IB OPF,92.87
2024-06-01 18:00:00,SM FT OPF,0.0
2024-06-01 18:00:00,SM GF,2.11
2024-06-01 18:00:00,SM KV OPF,0.0
2024-06-01 18:00:00,SM NPI,1.929963109
2024-06-01 18:00:00,SM TLO,3.67
2024-06-01 18:30:00,IB GF,0.0
2024-06-01 18:30:00,IB NPI,2.5
2024-06-01 18:30:00,IB OPF,92.87
2024-06-01 18:30:00,SM FT OPF,0.0
2024-06-01 18:30:00,SM GF,2.11
2024-06-01 18:30:00,SM KV OPF,0.0
2024-06-01 18:30:00,SM NPI,2.002389284
2024-06-01 18:30:00,SM TLO,3.67
2024-06-01 19:00:00,IB GF,0.0
2024-06-01 19:00:00,IB NPI,2.5
2024-06-01 19:00:00,IB OPF,92.87
2024-06-01 19:00:00,SM FT OPF,0.0
2024-06-01 19:00:00,SM GF,2.11
2024-06-01 19:00:00,SM KV OPF,0.0
2024-06-01 19:00:00,SM NPI,2.032379203
2024-06-01 19:00:00,SM TLO,3.67
2024-06-01 19:30:00,IB GF,0.0
2024-06-01 19:30:00,IB NPI,2.5
2024-06-01 19:30:00,IB OPF,92.87
2024-06-01 19:30:00,SM FT OPF,0.0
2024-06-01 19:30:00,SM GF,2.11
2024-06-01 19:30:00,SM KV OPF,0.0
2024-06-01 19:30:00,SM NPI,1.952422551
2024-06-01 19:30:00,SM TLO,3.67
2024-06-01 20:00:00,IB GF,0.0
2024-06-01 20:00:00,IB NPI,2.5
2024-06-01 20:00:00,IB OPF,92.87
2024-06-01 20:00:00,SM FT OPF,0.0
2024-06-01 20:00:00,SM GF,2.11
2024-06-01 20:00:00,SM KV OPF,0.0
2024-06-01 20:00:00,SM NPI,1.790724138
2024-06-01 20:00:00,SM TLO,3.67
2024-06-01 20:30:00,IB GF,0.0
2024-06-01 20:30:00,IB NPI,2.5
2024-06-01 20:30:00,IB OPF,92.87
2024-06-01 20:30:00,SM FT OPF,0.0
2024-06-01 20:30:00,SM GF,2.11
2024-06-01 20:30:00,SM KV OPF,0.0
2024-06-01 20:30:00,SM NPI,1.618395639
2024-06-01 20:30:00,SM TLO,3.67
2024-06-01 21:00:00,IB GF,0.0
2024-06-01 21:00:00,IB NPI,2.5
2024-06-01 21:00:00,IB OPF,92.87
2024-06-01 21:00:00,SM FT OPF,0.0
2024-06-01 21:00:00,SM GF,2.11
2024-06-01 21:00:00,SM KV OPF,0.0
2024-06-01 21:00:00,SM NPI,1.473179785
2024-06-01 21:00:00,SM TLO,3.67
2024-06-01 21:30:00,IB GF,0.0
2024-06-01 21:30:00,IB NPI,2.5
2024-06-01 21:30:00,IB OPF,92.87
2024-06-01 21:30:00,SM FT OPF,0.0
2024-06-01 21:30:00,SM GF,2.11
2024-06-01 21:30:00,SM KV OPF,0.0
2024-06-01 21:30:00,SM NPI,1.389426515
2024-06-01 21:30:00,SM TLO,3.67
2024-06-01 22:00:00,IB GF,0.0
2024-06-01 22:00:00,IB NPI,2.5
2024-06-01 22:00:00,IB OPF,92.87
2024-06-01 22:00:00,SM FT OPF,0.0
2024-06-01 22:00:00,SM GF,2.11
2024-06-01 22:00:00,SM KV OPF,0.0
2024-06-01 22:00:00,SM NPI,1.317443518
2024-06-01 22:00:00,SM TLO,3.67
2024-06-01 22:30:00,IB GF,0.0
2024-06-01 22:30:00,IB NPI,2.5
2024-06-01 22:30:00,IB OPF,92.87
2024-06-01 22:30:00,SM FT OPF,0.0
2024-06-01 22:30:00,SM GF,2.11
2024-06-01 22:30:00,SM KV OPF,0.0
2024-06-01 22:30:00,SM NPI,1.253058872
2024-06-01 22:30:00,SM TLO,3.67
2024-06-01 23:00:00,IB GF,0.0
2024-06-01 23:00:00,IB NPI,2.5
2024-06-01 23:00:00,IB OPF,92.87
2024-06-01 23:00:00,SM FT OPF,0.0
2024-06-01 23:00:00,SM GF,2.11
2024-06-01 23:00:00,SM KV OPF,0.0
2024-06-01 23:00:00,SM NPI,1.202124216
2024-06-01 23:00:00,SM TLO,3.67
2024-06-01 23:30:00,IB GF,0.0
2024-06-01 23:30:00,IB NPI,2.5
2024-06-01 23:30:00,IB OPF,92.87
2024-06-01 23:30:00,SM FT OPF,0.0
2024-06-01 23:30:00,SM GF,2.11
2024-06-01 23:30:00,SM KV OPF,0.0
2024-06-01 23:30:00,SM NPI,1.16590248
2024-06-01 23:30:00,SM TLO,3.67
2024-06-02 00:00:00,IB GF,0.0
2024-06-02 00:00:00,IB NPI,2.5
2024-06-02 00:00:00,IB OPF,92.87
2024-06-02 00:00:00,SM FT OPF,0.0
2024-06-02 00:00:00,SM GF,2.11
2024-06-02 00:00:00,SM KV OPF,0.0
2024-06-02 00:00:00,SM NPI,1.127205134
2024-06-02 00:00:00,SM TLO,3.67
2024-06-02 00:30:00,IB GF,0.0
2024-06-02 00:30:00,IB NPI,2.5
2024-06-02 00:30:00,IB OPF,92.87
2024-06-02 00:30:00,SM FT OPF,0.0
2024-06-02 00:30:00,SM GF,2.11
2024-06-02 00:30:00,SM KV OPF,0.0
2024-06-02 00:30:00,SM NPI,1.102165244
2024-06-02 00:30:00,SM TLO,3.67
2024-06-02 01:00:00,IB GF,0.0
2024-06-02 01:00:00,IB NPI,2.5
2024-06-02 01:00:00,IB OPF,92.87
2024-06-02 01:00:00,SM FT OPF,0.0
2024-06-02 01:00:00,SM GF,2.11
2024-06-02 01:00:00,SM KV OPF,0.0
2024-06-02 01:00:00,SM NPI,1.087779742
2024-06-02 01:00:00,SM TLO,3.67
2024-06-02 01:30:00,IB GF,0.0
2024-06-02 01:30:00,IB NPI,2.5
2024-06-02 01:30:00,IB OPF,92.87
2024-06-02 01:30:00,SM FT OPF,0.0
2024-06-02 01:30:00,SM GF,2.11
2024-06-02 01:30:00,SM KV OPF,0.0
2024-06-02 01:30:00,SM NPI,1.073749795
2024-06-02 01:30:00,SM TLO,3.67
2024-06-02 02:00:00,IB GF,0.0
2024-06-02 02:00:00,IB NPI,2.5
2024-06-02 02:00:00,IB OPF,92.87
2024-06-02 02:00:00,SM FT OPF,0.0
2024-06-02 02:00:00,SM GF,2.11
2024-06-02 02:00:00,SM KV OPF,0.0
2024-06-02 02:00:00,SM NPI,1.067786317
2024-06-02 02:00:00,SM TLO,3.67
2024-06-02 02:30:00,IB GF,0.0
2024-06-02 02:30:00,IB NPI,2.5
2024-06-02 02:30:00,IB OPF,92.87
2024-06-02 02:30:00,SM FT OPF,0.0
2024-06-02 02:30:00,SM GF,2.11
2024-06-02 02:30:00,SM KV OPF,0.0
2024-06-02 02:30:00,SM NPI,1.069549062
2024-06-02 02:30:00,SM TLO,3.67
2024-06-02 03:00:00,IB GF,0.0
2024-06-02 03:00:00,IB NPI,2.5
2024-06-02 03:00:00,IB OPF,92.87
2024-06-02 03:00:00,SM FT OPF,0.0
2024-06-02 03:00:00,SM GF,2.11
2024-06-02 03:00:00,SM KV OPF,0.0
2024-06-02 03:00:00,SM NPI,1.079406761
2024-06-02 03:00:00,SM TLO,3.67
2024-06-02 03:30:00,IB GF,0.0
2024-06-02 03:30:00,IB NPI,2.5
2024-06-02 03:30:00,IB OPF,92.87
2024-06-02 03:30:00,SM FT OPF,0.0
2024-06-02 03:30:00,SM GF,2.11
2024-06-02 03:30:00,SM KV OPF,0.0
2024-06-02 03:30:00,SM NPI,1.149226684
2024-06-02 03:30:00,SM TLO,3.67
2024-06-02 04:00:00,IB GF,0.0
2024-06-02 04:00:00,IB NPI,2.5
2024-06-02 04:00:00,IB OPF,92.87
2024-06-02 04:00:00,SM FT OPF,0.0
2024-06-02 04:00:00,SM GF,2.11
2024-06-02 04:00:00,SM KV OPF,0.0
2024-06-02 04:00:00,SM NPI,1.267530196
2024-06-02 04:00:00,SM TLO,3.67
2024-06-02 04:30:00,IB GF,0.0
2024-06-02 04:30:00,IB NPI,2.5
2024-06-02 04:30:00,IB OPF,92.87
2024-06-02 04:30:00,SM FT OPF,0.0
2024-06-02 04:30:00,SM GF,2.11
2024-06-02 04:30:00,SM KV OPF,0.0
2024-06-02 04:30:00,SM NPI,1.316879708
2024-06-02 04:30:00,SM TLO,3.67
2024-06-02 05:00:00,IB GF,0.0
2024-06-02 05:00:00,IB NPI,2.5
2024-06-02 05:00:00,IB OPF,92.87
2024-06-02 05:00:00,SM FT OPF,0.0
2024-06-02 05:00:00,SM GF,2.11
2024-06-02 05:00:00,SM KV OPF,0.0
2024-06-02 05:00:00,SM NPI,1.284370844
2024-06-02 05:00:00,SM TLO,3.67
2024-06-02 05:30:00,IB GF,0.0
2024-06-02 05:30:00,IB NPI,2.5
2024-06-02 05:30:00,IB OPF,92.87
2024-06-02 05:30:00,SM FT OPF,0.0
2024-06-02 05:30:00,SM GF,2.11
2024-06-02 05:30:00,SM KV OPF,0.0
2024-06-02 05:30:00,SM NPI,1.262752593
2024-06-02 05:30:00,SM TLO,3.67
2024-06-02 06:00:00,IB GF,0.0
2024-06-02 06:00:00,IB NPI,2.5
2024-06-02 06:00:00,IB OPF,92.87
2024-06-02 06:00:00,SM FT OPF,0.0
2024-06-02 06:00:00,SM GF,2.11
2024-06-02 06:00:00,SM KV OPF,0.0
2024-06-02 06:00:00,SM NPI,1.295834856
2024-06-02 06:00:00,SM TLO,3.67
2024-06-02 06:30:00,IB GF,0.0
2024-06-02 06:30:00,IB NPI,2.5
2024-06-02 06:30:00,IB OPF,92.87
2024-06-02 06:30:00,SM FT OPF,0.0
2024-06-02 06:30:00,SM GF,2.11
2024-06-02 06:30:00,SM KV OPF,0.0
2024-06-02 06:30:00,SM NPI,1.318906195
2024-06-02 06:30:00,SM TLO,3.67
2024-06-02 07:00:00,IB GF,0.0
2024-06-02 07:00:00,IB NPI,2.5
2024-06-02 07:00:00,IB OPF,92.87
2024-06-02 07:00:00,SM FT OPF,0.0
2024-06-02 07:00:00,SM GF,2.11
2024-06-02 07:00:00,SM KV OPF,0.0
2024-06-02 07:00:00,SM NPI,1.339725335
2024-06-02 07:00:00,SM TLO,3.67
2024-06-02 07:30:00,IB GF,0.0
2024-06-02 07:30:00,IB NPI,2.5
2024-06-02 07:30:00,IB OPF,92.87
2024-06-02 07:30:00,SM FT OPF,0.0
2024-06-02 07:30:00,SM GF,2.11
2024-06-02 07:30:00,SM KV OPF,0.0
2024-06-02 07:30:00,SM NPI,1.339374372
2024-06-02 07:30:00,SM TLO,3.67
2024-06-02 08:00:00,IB GF,0.0
2024-06-02 08:00:00,IB NPI,2.5
2024-06-02 08:00:00,IB OPF,92.87
2024-06-02 08:00:00,SM FT OPF,0.0
2024-06-02 08:00:00,SM GF,2.11
2024-06-02 08:00:00,SM KV OPF,0.0
2024-06-02 08:00:00,SM NPI,1.328739112
2024-06-02 08:00:00,SM TLO,3.67
2024-06-02 08:30:00,IB GF,0.0
2024-06-02 08:30:00,IB NPI,2.5
2024-06-02 08:30:00,IB OPF,92.87
2024-06-02 08:30:00,SM FT OPF,0.0
2024-06-02 08:30:00,SM GF,2.11
2024-06-02 08:30:00,SM KV OPF,0.0
2024-06-02 08:30:00,SM NPI,1.315609329
2024-06-02 08:30:00,SM TLO,3.67
2024-06-02 09:00:00,IB GF,0.0
2024-06-02 09:00:00,IB NPI,2.5
2024-06-02 09:00:00,IB OPF,92.87
2024-06-02 09:00:00,SM FT OPF,0.0
2024-06-02 09:00:00,SM GF,2.11
2024-06-02 09:00:00,SM KV OPF,0.0
2024-06-02 09:00:00,SM NPI,1.310517269
2024-06-02 09:00:00,SM TLO,3.67
2024-06-02 09:30:00,IB GF,0.0
2024-06-02 09:30:00,IB NPI,2.5
2024-06-02 09:30:00,IB OPF,92.87
2024-06-02 09:30:00,SM FT OPF,0.0
2024-06-02 09:30:00,SM GF,2.11
2024-06-02 09:30:00,SM KV OPF,0.0
2024-06-02 09:30:00,SM NPI,1.355569902
2024-06-02 09:30:00,SM TLO,3.67
2024-06-02 10:00:00,IB GF,0.0
2024-06-02 10:00:00,IB NPI,2.5
2024-06-02 10:00:00,IB OPF,92.87
2024-06-02 10:00:00,SM FT OPF,0.0
2024-06-02 10:00:00,SM GF,2.11
2024-06-02 10:00:00,SM KV OPF,0.0
2024-06-02 10:00:00,SM NPI,1.421180223
2024-06-02 10:00:00,SM TLO,3.67
2024-06-02 10:30:00,IB GF,0.0
2024-06-02 10:30:00,IB NPI,2.5
2024-06-02 10:30:00,IB OPF,92.87
2024-06-02 10:30:00,SM FT OPF,0.0
2024-06-02 10:30:00,SM GF,2.11
2024-06-02 10:30:00,SM KV OPF,0.0
2024-06-02 10:30:00,SM NPI,1.474693333
2024-06-02 10:30:00,SM TLO,3.67
2024-06-02 11:00:00,IB GF,0.0
2024-06-02 11:00:00,IB NPI,2.5
2024-06-02 11:00:00,IB OPF,92.87
2024-06-02 11:00:00,SM FT OPF,0.0
2024-06-02 11:00:00,SM GF,2.11
2024-06-02 11:00:00,SM KV OPF,0.0
2024-06-02 11:00:00,SM NPI,1.520953418
2024-06-02 11:00:00,SM TLO,3.67
2024-06-02 11:30:00,IB GF,0.0
2024-06-02 11:30:00,IB NPI,2.5
2024-06-02 11:30:00,IB OPF,92.87
2024-06-02 11:30:00,SM FT OPF,0.0
2024-06-02 11:30:00,SM GF,2.11
2024-06-02 11:30:00,SM KV OPF,0.0
2024-06-02 11:30:00,SM NPI,1.560775285
2024-06-02 11:30:00,SM TLO,3.67
2024-06-02 12:00:00,IB GF,0.0
2024-06-02 12:00:00,IB NPI,2.5
2024-06-02 12:00:00,IB OPF,92.87
2024-06-02 12:00:00,SM FT OPF,0.0
2024-06-02 12:00:00,SM GF,2.11
2024-06-02 12:00:00,SM KV OPF,0.0
2024-06-02 12:00:00,SM NPI,1.593054245
2024-06-02 12:00:00,SM TLO,3.67
2024-06-02 12:30:00,IB GF,0.0
2024-06-02 12:30:00,IB NPI,2.5
2024-06-02 12:30:00,IB OPF,92.87
2024-06-02 12:30:00,SM FT OPF,0.0
2024-06-02 12:30:00,SM GF,2.11
2024-06-02 12:30:00,SM KV OPF,0.0
2024-06-02 12:30:00,SM NPI,1.62089985
2024-06-02 12:30:00,SM TLO,3.67
2024-06-02 13:00:00,IB GF,0.0
2024-06-02 13:00:00,IB NPI,2.5
2024-06-02 13:00:00,IB OPF,92.87
2024-06-02 13:00:00,SM FT OPF,0.0
2024-06-02 13:00:00,SM GF,2.11
2024-06-02 13:00:00,SM KV OPF,0.0
2024-06-02 13:00:00,SM NPI,1.65737459
2024-06-02 13:00:00,SM TLO,3.67
2024-06-02 13:30:00,IB GF,0.0
2024-06-02 13:30:00,IB NPI,2.5
2024-06-02 13:30:00,IB OPF,92.87
2024-06-02 13:30:00,SM FT OPF,0.0
2024-06-02 13:30:00,SM GF,2.11
2024-06-02 13:30:00,SM KV OPF,0.0
2024-06-02 13:30:00,SM NPI,1.700016453
2024-06-02 13:30:00,SM TLO,3.67
2024-06-02 14:00:00,IB GF,0.0
2024-06-02 14:00:00,IB NPI,2.5
2024-06-02 14:00:00,IB OPF,92.87
2024-06-02 14:00:00,SM FT OPF,0.0
2024-06-02 14:00:00,SM GF,2.11
2024-06-02 14:00:00,SM KV OPF,0.0
2024-06-02 14:00:00,SM NPI,1.75930917
2024-06-02 14:00:00,SM TLO,3.67
2024-06-02 14:30:00,IB GF,0.0
2024-06-02 14:30:00,IB NPI,2.5
2024-06-02 14:30:00,IB OPF,92.87
2024-06-02 14:30:00,SM FT OPF,0.0
2024-06-02 14:30:00,SM GF,2.11
2024-06-02 14:30:00,SM KV OPF,0.0
2024-06-02 14:30:00,SM NPI,1.798609752
2024-06-02 14:30:00,SM TLO,3.67
2024-06-02 15:00:00,IB GF,0.0
2024-06-02 15:00:00,IB NPI,2.5
2024-06-02 15:00:00,IB OPF,92.87
2024-06-02 15:00:00,SM FT OPF,0.0
2024-06-02 15:00:00,SM GF,2.11
2024-06-02 15:00:00,SM KV OPF,0.0
2024-06-02 15:00:00,SM NPI,1.823870614
2024-06-02 15:00:00,SM TLO,3.67
2024-06-02 15:30:00,IB GF,0.0
2024-06-02 15:30:00,IB NPI,2.5
2024-06-02 15:30:00,IB OPF,92.87
2024-06-02 15:30:00,SM FT OPF,0.0
2024-06-02 15:30:00,SM GF,2.11
2024-06-02 15:30:00,SM KV OPF,0.0
2024-06-02 15:30:00,SM NPI,1.868163481
2024-06-02 15:30:00,SM TLO,3.67
2024-06-02 16:00:00,IB GF,0.0
2024-06-02 16:00:00,IB NPI,2.5
2024-06-02 16:00:00,IB OPF,92.87
2024-06-02 16:00:00,SM FT OPF,0.0
2024-06-02 16:00:00,SM GF,2.11
2024-06-02 16:00:00,SM KV OPF,0.0
2024-06-02 16:00:00,SM NPI,1.868484569
2024-06-02 16:00:00,SM TLO,3.67
2024-06-02 16:30:00,IB GF,0.0
2024-06-02 16:30:00,IB NPI,2.5
2024-06-02 16:30:00,IB OPF,92.87
2024-06-02 16:30:00,SM FT OPF,0.0
2024-06-02 16:30:00,SM GF,2.11
2024-06-02 16:30:00,SM KV OPF,0.0
2024-06-02 16:30:00,SM NPI,1.814723265
2024-06-02 16:30:00,SM TLO,3.67
2024-06-02 17:00:00,IB GF,0.0
2024-06-02 17:00:00,IB NPI,2.5
2024-06-02 17:00:00,IB OPF,92.87
2024-06-02 17:00:00,SM FT OPF,0.0
2024-06-02 17:00:00,SM GF,2.11
2024-06-02 17:00:00,SM KV OPF,0.0
2024-06-02 17:00:00,SM NPI,1.774139314
2024-06-02 17:00:00,SM TLO,3.67
2024-06-02 17:30:00,IB GF,0.0
2024-06-02 17:30:00,IB NPI,2.5
2024-06-02 17:30:00,IB OPF,92.87
2024-06-02 17:30:00,SM FT OPF,0.0
2024-06-02 17:30:00,SM GF,2.11
2024-06-02 17:30:00,SM KV OPF,0.0
2024-06-02 17:30:00,SM NPI,1.812903933
2024-06-02 17:30:00,SM TLO,3.67
2024-06-02 18:00:00,IB GF,0.0
2024-06-02 18:00:00,IB NPI,2.5
2024-06-02 18:00:00,IB OPF,92.87
2024-06-02 18:00:00,SM FT OPF,0.0
2024-06-02 18:00:00,SM GF,2.11
2024-06-02 18:00:00,SM KV OPF,0.0
2024-06-02 18:00:00,SM NPI,1.916922818
2024-06-02 18:00:00,SM TLO,3.67
2024-06-02 18:30:00,IB GF,0.0
2024-06-02 18:30:00,IB NPI,2.5
2024-06-02 18:30:00,IB OPF,92.87
2024-06-02 18:30:00,SM FT OPF,0.0
2024-06-02 18:30:00,SM GF,2.11
2024-06-02 18:30:00,SM KV OPF,0.0
2024-06-02 18:30:00,SM NPI,1.988859627
2024-06-02 18:30:00,SM TLO,3.67
2024-06-02 19:00:00,IB GF,0.0
2024-06-02 19:00:00,IB NPI,2.5
2024-06-02 19:00:00,IB OPF,92.87
2024-06-02 19:00:00,SM FT OPF,0.0
2024-06-02 19:00:00,SM GF,2.11
2024-06-02 19:00:00,SM KV OPF,0.0
2024-06-02 19:00:00,SM NPI,2.018646911
2024-06-02 19:00:00,SM TLO,3.67
2024-06-02 19:30:00,IB GF,0.0
2024-06-02 19:30:00,IB NPI,2.5
2024-06-02 19:30:00,IB OPF,92.87
2024-06-02 19:30:00,SM FT OPF,0.0
2024-06-02 19:30:00,SM GF,2.11
2024-06-02 19:30:00,SM KV OPF,0.0
2024-06-02 19:30:00,SM NPI,1.939230507
2024-06-02 19:30:00,SM TLO,3.67
2024-06-02 20:00:00,IB GF,0.0
2024-06-02 20:00:00,IB NPI,2.5
2024-06-02 20:00:00,IB OPF,92.87
2024-06-02 20:00:00,SM FT OPF,0.0
2024-06-02 20:00:00,SM GF,2.11
2024-06-02 20:00:00,SM KV OPF,0.0
2024-06-02 20:00:00,SM NPI,1.77862465
2024-06-02 20:00:00,SM TLO,3.67
2024-06-02 20:30:00,IB GF,0.0
2024-06-02 20:30:00,IB NPI,2.5
2024-06-02 20:30:00,IB OPF,92.87
2024-06-02 20:30:00,SM FT OPF,0.0
2024-06-02 20:30:00,SM GF,2.11
2024-06-02 20:30:00,SM KV OPF,0.0
2024-06-02 20:30:00,SM NPI,1.607460533
2024-06-02 20:30:00,SM TLO,3.67
2024-06-02 21:00:00,IB GF,0.0
2024-06-02 21:00:00,IB NPI,2.5
2024-06-02 21:00:00,IB OPF,92.87
2024-06-02 21:00:00,SM FT OPF,0.0
2024-06-02 21:00:00,SM GF,2.11
2024-06-02 21:00:00,SM KV OPF,0.0
2024-06-02 21:00:00,SM NPI,1.463225868
2024-06-02 21:00:00,SM TLO,3.67
2024-06-02 21:30:00,IB GF,0.0
2024-06-02 21:30:00,IB NPI,2.5
2024-06-02 21:30:00,IB OPF,92.87
2024-06-02 21:30:00,SM FT OPF,0.0
2024-06-02 21:30:00,SM GF,2.11
2024-06-02 21:30:00,SM KV OPF,0.0
2024-06-02 21:30:00,SM NPI,1.380038498
2024-06-02 21:30:00,SM TLO,3.67
2024-06-02 22:00:00,IB GF,0.0
2024-06-02 22:00:00,IB NPI,2.5
2024-06-02 22:00:00,IB OPF,92.87
2024-06-02 22:00:00,SM FT OPF,0.0
2024-06-02 22:00:00,SM GF,2.11
2024-06-02 22:00:00,SM KV OPF,0.0
2024-06-02 22:00:00,SM NPI,1.308541873
2024-06-02 22:00:00,SM TLO,3.67
2024-06-02 22:30:00,IB GF,0.0
2024-06-02 22:30:00,IB NPI,2.5
2024-06-02 22:30:00,IB OPF,92.87
2024-06-02 22:30:00,SM FT OPF,0.0
2024-06-02 22:30:00,SM GF,2.11
2024-06-02 22:30:00,SM KV OPF,0.0
2024-06-02 22:30:00,SM NPI,1.244592258
2024-06-02 22:30:00,SM TLO,3.67
2024-06-02 23:00:00,IB GF,0.0
2024-06-02 23:00:00,IB NPI,2.5
2024-06-02 23:00:00,IB OPF,92.87
2024-06-02 23:00:00,SM FT OPF,0.0
2024-06-02 23:00:00,SM GF,2.11
2024-06-02 23:00:00,SM KV OPF,0.0
2024-06-02 23:00:00,SM NPI,1.194001755
2024-06-02 23:00:00,SM TLO,3.67
2024-06-02 23:30:00,IB GF,0.0
2024-06-02 23:30:00,IB NPI,2.5
2024-06-02 23:30:00,IB OPF,92.87
2024-06-02 23:30:00,SM FT OPF,0.0
2024-06-02 23:30:00,SM GF,2.11
2024-06-02 23:30:00,SM KV OPF,0.0
2024-06-02 23:30:00,SM NPI,1.15802476
2024-06-02 23:30:00,SM TLO,3.67
2024-06-03 00:00:00,IB GF,0.0
2024-06-03 00:00:00,IB NPI,2.5
2024-06-03 00:00:00,IB OPF,92.87
2024-06-03 00:00:00,SM FT OPF,0.0
2024-06-03 00:00:00,SM GF,2.11
2024-06-03 00:00:00,SM KV OPF,0.0
2024-06-03 00:00:00,SM NPI,1.127205134
2024-06-03 00:00:00,SM TLO,3.67
2024-06-03 00:30:00,IB GF,0.0
2024-06-03 00:30:00,IB NPI,2.5
2024-06-03 00:30:00,IB OPF,92.87
2024-06-03 00:30:00,SM FT OPF,0.0
2024-06-03 00:30:00,SM GF,2.11
2024-06-03 00:30:00,SM KV OPF,0.0
2024-06-03 00:30:00,SM NPI,1.102165244
2024-06-03 00:30:00,SM TLO,3.67
2024-06-03 01:00:00,IB GF,0.0
2024-06-03 01:00:00,IB NPI,2.5
2024-06-03 01:00:00,IB OPF,92.87
2024-06-03 01:00:00,SM FT OPF,0.0
2024-06-03 01:00:00,SM GF,2.11
2024-06-03 01:00:00,SM KV OPF,0.0
2024-06-03 01:00:00,SM NPI,1.087779742
2024-06-03 01:00:00,SM TLO,3.67
2024-06-03 01:30:00,IB GF,0.0
2024-06-03 01:30:00,IB NPI,2.5
2024-06-03 01:30:00,IB OPF,92.87
2024-06-03 01:30:00,SM FT OPF,0.0
2024-06-03 01:30:00,SM GF,2.11
2024-06-03 01:30:00,SM KV OPF,0.0
2024-06-03 01:30:00,SM NPI,1.073749795
2024-06-03 01:30:00,SM TLO,3.67
2024-06-03 02:00:00,IB GF,0.0
2024-06-03 02:00:00,IB NPI,2.5
2024-06-03 02:00:00,IB OPF,92.87
2024-06-03 02:00:00,SM FT OPF,0.0
2024-06-03 02:00:00,SM GF,2.11
2024-06-03 02:00:00,SM KV OPF,0.0
2024-06-03 02:00:00,SM NPI,1.067786317
2024-06-03 02:00:00,SM TLO,3.67
2024-06-03 02:30:00,IB GF,0.0
2024-06-03 02:30:00,IB NPI,2.5
2024-06-03 02:30:00,IB OPF,92.87
2024-06-03 02:30:00,SM FT OPF,0.0
2024-06-03 02:30:00,SM GF,2.11
2024-06-03 02:30:00,SM KV OPF,0.0
2024-06-03 02:30:00,SM NPI,1.069549062
2024-06-03 02:30:00,SM TLO,3.67
2024-06-03 03:00:00,IB GF,0.0
2024-06-03 03:00:00,IB NPI,2.5
2024-06-03 03:00:00,IB OPF,92.87
2024-06-03 03:00:00,SM FT OPF,0.0
2024-06-03 03:00:00,SM GF,2.11
2024-06-03 03:00:00,SM KV OPF,0.0
2024-06-03 03:00:00,SM NPI,1.079406761
2024-06-03 03:00:00,SM TLO,3.67
2024-06-03 03:30:00,IB GF,0.0
2024-06-03 03:30:00,IB NPI,2.5
2024-06-03 03:30:00,IB OPF,92.87
2024-06-03 03:30:00,SM FT OPF,0.0
2024-06-03 03:30:00,SM GF,2.11
2024-06-03 03:30:00,SM KV OPF,0.0
2024-06-03 03:30:00,SM NPI,1.149226684
2024-06-03 03:30:00,SM TLO,3.67
2024-06-03 04:00:00,IB GF,0.0
2024-06-03 04:00:00,IB NPI,2.5
2024-06-03 04:00:00,IB OPF,92.87
2024-06-03 04:00:00,SM FT OPF,0.0
2024-06-03 04:00:00,SM GF,2.11
2024-06-03 04:00:00,SM KV OPF,0.0
2024-06-03 04:00:00,SM NPI,1.267530196
2024-06-03 04:00:00,SM TLO,3.67
2024-06-03 04:30:00,IB GF,0.0
2024-06-03 04:30:00,IB NPI,2.5
2024-06-03 04:30:00,IB OPF,92.87
2024-06-03 04:30:00,SM FT OPF,0.0
2024-06-03 04:30:00,SM GF,2.11
2024-06-03 04:30:00,SM KV OPF,0.0
2024-06-03 04:30:00,SM NPI,1.316879708
2024-06-03 04:30:00,SM TLO,3.67
2024-06-03 05:00:00,IB GF,0.0
2024-06-03 05:00:00,IB NPI,2.5
2024-06-03 05:00:00,IB OPF,92.87
2024-06-03 05:00:00,SM FT OPF,0.0
2024-06-03 05:00:00,SM GF,2.11
2024-06-03 05:00:00,SM KV OPF,0.0
2024-06-03 05:00:00,SM NPI,1.284370844
2024-06-03 05:00:00,SM TLO,3.67
2024-06-03 05:30:00,IB GF,0.0
2024-06-03 05:30:00,IB NPI,2.5
2024-06-03 05:30:00,IB OPF,92.87
2024-06-03 05:30:00,SM FT OPF,0.0
2024-06-03 05:30:00,SM GF,2.11
2024-06-03 05:30:00,SM KV OPF,0.0
2024-06-03 05:30:00,SM NPI,1.262752593
2024-06-03 05:30:00,SM TLO,3.67
2024-06-03 06:00:00,IB GF,0.0
2024-06-03 06:00:00,IB NPI,2.5
2024-06-03 06:00:00,IB OPF,92.87
2024-06-03 06:00:00,SM FT OPF,0.0
2024-06-03 06:00:00,SM GF,2.11
2024-06-03 06:00:00,SM KV OPF,0.0
2024-06-03 06:00:00,SM NPI,1.295834856
2024-06-03 06:00:00,SM TLO,3.67
2024-06-03 06:30:00,IB GF,0.0
2024-06-03 06:30:00,IB NPI,2.5
2024-06-03 06:30:00,IB OPF,92.87
2024-06-03 06:30:00,SM FT OPF,0.0
2024-06-03 06:30:00,SM GF,2.11
2024-06-03 06:30:00,SM KV OPF,0.0
2024-06-03 06:30:00,SM NPI,1.318906195
2024-06-03 06:30:00,SM TLO,3.67
2024-06-03 07:00:00,IB GF,0.0
2024-06-03 07:00:00,IB NPI,2.5
2024-06-03 07:00:00,IB OPF,92.87
2024-06-03 07:00:00,SM FT OPF,0.0
2024-06-03 07:00:00,SM GF,2.11
2024-06-03 07:00:00,SM KV OPF,0.0
2024-06-03 07:00:00,SM NPI,1.339725335
2024-06-03 07:00:00,SM TLO,3.67
2024-06-03 07:30:00,IB GF,0.0
2024-06-03 07:30:00,IB NPI,2.5
2024-06-03 07:30:00,IB OPF,92.87
2024-06-03 07:30:00,SM FT OPF,0.0
2024-06-03 07:30:00,SM GF,2.11
2024-06-03 07:30:00,SM KV OPF,0.0
2024-06-03 07:30:00,SM NPI,1.339374372
2024-06-03 07:30:00,SM TLO,3.67
2024-06-03 08:00:00,IB GF,0.0
2024-06-03 08:00:00,IB NPI,2.5
2024-06-03 08:00:00,IB OPF,92.87
2024-06-03 08:00:00,SM FT OPF,0.0
2024-06-03 08:00:00,SM GF,2.11
2024-06-03 08:00:00,SM KV OPF,0.0
2024-06-03 08:00:00,SM NPI,1.328739112
2024-06-03 08:00:00,SM TLO,3.67
2024-06-03 08:30:00,IB GF,0.0
2024-06-03 08:30:00,IB NPI,2.5
2024-06-03 08:30:00,IB OPF,92.87
2024-06-03 08:30:00,SM FT OPF,0.0
2024-06-03 08:30:00,SM GF,2.11
2024-06-03 08:30:00,SM KV OPF,0.0
2024-06-03 08:30:00,SM NPI,1.315609329
2024-06-03 08:30:00,SM TLO,3.67
2024-06-03 09:00:00,IB GF,0.0
2024-06-03 09:00:00,IB NPI,2.5
2024-06-03 09:00:00,IB OPF,92.87
2024-06-03 09:00:00,SM FT OPF,0.0
2024-06-03 09:00:00,SM GF,2.11
2024-06-03 09:00:00,SM KV OPF,0.0
2024-06-03 09:00:00,SM NPI,1.310517269
2024-06-03 09:00:00,SM TLO,3.67
2024-06-03 09:30:00,IB GF,0.0
2024-06-03 09:30:00,IB NPI,2.5
2024-06-03 09:30:00,IB OPF,92.87
2024-06-03 09:30:00,SM FT OPF,0.0
2024-06-03 09:30:00,SM GF,2.11
2024-06-03 09:30:00,SM KV OPF,0.0
2024-06-03 09:30:00,SM NPI,1.355569902
2024-06-03 09:30:00,SM TLO,3.67
2024-06-03 10:00:00,IB GF,0.0
2024-06-03 10:00:00,IB NPI,2.5
2024-06-03 10:00:00,IB OPF,92.87
2024-06-03 10:00:00,SM FT OPF,0.0
2024-06-03 10:00:00,SM GF,2.11
2024-06-03 10:00:00,SM KV OPF,0.0
2024-06-03 10:00:00,SM NPI,1.421180223
2024-06-03 10:00:00,SM TLO,3.67
2024-06-03 10:30:00,IB GF,0.0
2024-06-03 10:30:00,IB NPI,2.5
2024-06-03 10:30:00,IB OPF,92.87
2024-06-03 10:30:00,SM FT OPF,0.0
2024-06-03 10:30:00,SM GF,2.11
2024-06-03 10:30:00,SM KV OPF,0.0
2024-06-03 10:30:00,SM NPI,1.474693333
2024-06-03 10:30:00,SM TLO,3.67
2024-06-03 11:00:00,IB GF,0.0
2024-06-03 11:00:00,IB NPI,2.5
2024-06-03 11:00:00,IB OPF,92.87
2024-06-03 11:00:00,SM FT OPF,0.0
2024-06-03 11:00:00,SM GF,2.11
2024-06-03 11:00:00,SM KV OPF,0.0
2024-06-03 11:00:00,SM NPI,1.520953418
2024-06-03 11:00:00,SM TLO,3.67
2024-06-03 11:30:00,IB GF,0.0
2024-06-03 11:30:00,IB NPI,2.5
2024-06-03 11:30:00,IB OPF,92.87
2024-06-03 11:30:00,SM FT OPF,0.0
2024-06-03 11:30:00,SM GF,2.11
2024-06-03 11:30:00,SM KV OPF,0.0
2024-06-03 11:30:00,SM NPI,1.560775285
2024-06-03 11:30:00,SM TLO,3.67
2024-06-03 12:00:00,IB GF,0.0
2024-06-03 12:00:00,IB NPI,2.5
2024-06-03 12:00:00,IB OPF,92.87
2024-06-03 12:00:00,SM FT OPF,0.0
2024-06-03 12:00:00,SM GF,2.11
2024-06-03 12:00:00,SM KV OPF,0.0
2024-06-03 12:00:00,SM NPI,1.593054245
2024-06-03 12:00:00,SM TLO,3.67
2024-06-03 12:30:00,IB GF,0.0
2024-06-03 12:30:00,IB NPI,2.5
2024-06-03 12:30:00,IB OPF,92.87
2024-06-03 12:30:00,SM FT OPF,0.0
2024-06-03 12:30:00,SM GF,2.11
2024-06-03 12:30:00,SM KV OPF,0.0
2024-06-03 12:30:00,SM NPI,1.62089985
2024-06-03 12:30:00,SM TLO,3.67
2024-06-03 13:00:00,IB GF,0.0
2024-06-03 13:00:00,IB NPI,2.5
2024-06-03 13:00:00,IB OPF,92.87
2024-06-03 13:00:00,SM FT OPF,0.0
2024-06-03 13:00:00,SM GF,2.11
2024-06-03 13:00:00,SM KV OPF,0.0
2024-06-03 13:00:00,SM NPI,1.65737459
2024-06-03 13:00:00,SM TLO,3.67
2024-06-03 13:30:00,IB GF,0.0
2024-06-03 13:30:00,IB NPI,2.5
2024-06-03 13:30:00,IB OPF,92.87
2024-06-03 13:30:00,SM FT OPF,0.0
2024-06-03 13:30:00,SM GF,2.11
2024-06-03 13:30:00,SM KV OPF,0.0
2024-06-03 13:30:00,SM NPI,1.700016453
2024-06-03 13:30:00,SM TLO,3.67
2024-06-03 14:00:00,IB GF,0.0
2024-06-03 14:00:00,IB NPI,2.5
2024-06-03 14:00:00,IB OPF,92.87
2024-06-03 14:00:00,SM FT OPF,0.0
2024-06-03 14:00:00,SM GF,2.11
2024-06-03 14:00:00,SM KV OPF,0.0
2024-06-03 14:00:00,SM NPI,1.75930917
2024-06-03 14:00:00,SM TLO,3.67
2024-06-03 14:30:00,IB GF,0.0
2024-06-03 14:30:00,IB NPI,2.5
2024-06-03 14:30:00,IB OPF,92.87
2024-06-03 14:30:00,SM FT OPF,0.0
2024-06-03 14:30:00,SM GF,2.11
2024-06-03 14:30:00,SM KV OPF,0.0
2024-06-03 14:30:00,SM NPI,1.798609752
2024-06-03 14:30:00,SM TLO,3.67
2024-06-03 15:00:00,IB GF,0.0
2024-06-03 15:00:00,IB NPI,2.5
2024-06-03 15:00:00,IB OPF,92.87
2024-06-03 15:00:00,SM FT OPF,0.0
2024-06-03 15:00:00,SM GF,2.11
2024-06-03 15:00:00,SM KV OPF,0.0
2024-06-03 15:00:00,SM NPI,1.823870614
2024-06-03 15:00:00,SM TLO,3.67
2024-06-03 15:30:00,IB GF,0.0
2024-06-03 15:30:00,IB NPI,2.5
2024-06-03 15:30:00,IB OPF,92.87
2024-06-03 15:30:00,SM FT OPF,0.0
2024-06-03 15:30:00,SM GF,2.11
2024-06-03 15:30:00,SM KV OPF,0.0
2024-06-03 15:30:00,SM NPI,1.868163481
2024-06-03 15:30:00,SM TLO,3.67
2024-06-03 16:00:00,IB GF,0.0
2024-06-03 16:00:00,IB NPI,2.5
2024-06-03 16:00:00,IB OPF,92.87
2024-06-03 16:00:00,SM FT OPF,0.0
2024-06-03 16:00:00,SM GF,2.11
2024-06-03 16:00:00,SM KV OPF,0.0
2024-06-03 16:00:00,SM NPI,1.868484569
2024-06-03 16:00:00,SM TLO,3.67
2024-06-03 16:30:00,IB GF,0.0
2024-06-03 16:30:00,IB NPI,2.5
2024-06-03 16:30:00,IB OPF,92.87
2024-06-03 16:30:00,SM FT OPF,0.0
2024-06-03 16:30:00,SM GF,2.11
2024-06-03 16:30:00,SM KV OPF,0.0
2024-06-03 16:30:00,SM NPI,1.814723265
2024-06-03 16:30:00,SM TLO,3.67
2024-06-03 17:00:00,IB GF,0.0
2024-06-03 17:00:00,IB NPI,2.5
2024-06-03 17:00:00,IB OPF,92.87
2024-06-03 17:00:00,SM FT OPF,0.0
2024-06-03 17:00:00,SM GF,2.11
2024-06-03 17:00:00,SM KV OPF,0.0
2024-06-03 17:00:00,SM NPI,1.774139314
2024-06-03 17:00:00,SM TLO,3.67
2024-06-03 17:30:00,IB GF,0.0
2024-06-03 17:30:00,IB NPI,2.5
2024-06-03 17:30:00,IB OPF,92.87
2024-06-03 17:30:00,SM FT OPF,0.0
2024-06-03 17:30:00,SM GF,2.11
2024-06-03 17:30:00,SM KV OPF,0.0
2024-06-03 17:30:00,SM NPI,1.812903933
2024-06-03 17:30:00,SM TLO,3.67
2024-06-03 18:00:00,IB GF,0.0
2024-06-03 18:00:00,IB NPI,2.5
2024-06-03 18:00:00,IB OPF,92.87
2024-06-03 18:00:00,SM FT OPF,0.0
2024-06-03 18:00:00,SM GF,2.11
2024-06-03 18:00:00,SM KV OPF,0.0
2024-06-03 18:00:00,SM NPI,1.916922818
2024-06-03 18:00:00,SM TLO,3.67
2024-06-03 18:30:00,IB GF,0.0
2024-06-03 18:30:00,IB NPI,2.5
2024-06-03 18:30:00,IB OPF,92.87
2024-06-03 18:30:00,SM FT OPF,0.0
2024-06-03 18:30:00,SM GF,2.11
2024-06-03 18:30:00,SM KV OPF,0.0
2024-06-03 18:30:00,SM NPI,1.988859627
2024-06-03 18:30:00,SM TLO,3.67
2024-06-03 19:00:00,IB GF,0.0
2024-06-03 19:00:00,IB NPI,2.5
2024-06-03 19:00:00,IB OPF,92.87
2024-06-03 19:00:00,SM FT OPF,0.0
2024-06-03 19:00:00,SM GF,2.11
2024-06-03 19:00:00,SM KV OPF,0.0
2024-06-03 19:00:00,SM NPI,2.018646911
2024-06-03 19:00:00,SM TLO,3.67
2024-06-03 19:30:00,IB GF,0.0
2024-06-03 19:30:00,IB NPI,2.5
2024-06-03 19:30:00,IB OPF,92.87
2024-06-03 19:30:00,SM FT OPF,0.0
2024-06-03 19:30:00,SM GF,2.11
2024-06-03 19:30:00,SM KV OPF,0.0
2024-06-03 19:30:00,SM NPI,1.939230507
2024-06-03 19:30:00,SM TLO,3.67
2024-06-03 20:00:00,IB GF,0.0
2024-06-03 20:00:00,IB NPI,2.5
2024-06-03 20:00:00,IB OPF,92.87
2024-06-03 20:00:00,SM FT OPF,0.0
2024-06-03 20:00:00,SM GF,2.11
2024-06-03 20:00:00,SM KV OPF,0.0
2024-06-03 20:00:00,SM NPI,1.77862465
2024-06-03 20:00:00,SM TLO,3.67
2024-06-03 20:30:00,IB GF,0.0
2024-06-03 20:30:00,IB NPI,2.5
2024-06-03 20:30:00,IB OPF,92.87
2024-06-03 20:30:00,SM FT OPF,0.0
2024-06-03 20:30:00,SM GF,2.11
2024-06-03 20:30:00,SM KV OPF,0.0
2024-06-03 20:30:00,SM NPI,1.607460533
2024-06-03 20:30:00,SM TLO,3.67
2024-06-03 21:00:00,IB GF,0.0
2024-06-03 21:00:00,IB NPI,2.5
2024-06-03 21:00:00,IB OPF,92.87
2024-06-03 21:00:00,SM FT OPF,0.0
2024-06-03 21:00:00,SM GF,2.11
2024-06-03 21:00:00,SM KV OPF,0.0
2024-06-03 21:00:00,SM NPI,1.463225868
2024-06-03 21:00:00,SM TLO,3.67
2024-06-03 21:30:00,IB GF,0.0
2024-06-03 21:30:00,IB NPI,2.5
2024-06-03 21:30:00,IB OPF,92.87
2024-06-03 21:30:00,SM FT OPF,0.0
2024-06-03 21:30:00,SM GF,2.11
2024-06-03 21:30:00,SM KV OPF,0.0
2024-06-03 21:30:00,SM NPI,1.380038498
2024-06-03 21:30:00,SM TLO,3.67
2024-06-03 22:00:00,IB GF,0.0
2024-06-03 22:00:00,IB NPI,2.5
2024-06-03 22:00:00,IB OPF,92.87
2024-06-03 22:00:00,SM FT OPF,0.0
2024-06-03 22:00:00,SM GF,2.11
2024-06-03 22:00:00,SM KV OPF,0.0
2024-06-03 22:00:00,SM NPI,1.308541873
2024-06-03 22:00:00,SM TLO,3.67
2024-06-03 22:30:00,IB GF,0.0
2024-06-03 22:30:00,IB NPI,2.5
2024-06-03 22:30:00,IB OPF,92.87
2024-06-03 22:30:00,SM FT OPF,0.0
2024-06-03 22:30:00,SM GF,2.11
2024-06-03 22:30:00,SM KV OPF,0.0
2024-06-03 22:30:00,SM NPI,1.244592258
2024-06-03 22:30:00,SM TLO,3.67
2024-06-03 23:00:00,IB GF,0.0
2024-06-03 23:00:00,IB NPI,2.5
2024-06-03 23:00:00,IB OPF,92.87
2024-06-03 23:00:00,SM FT OPF,0.0
2024-06-03 23:00:00,SM GF,2.11
2024-06-03 23:00:00,SM KV OPF,0.0
2024-06-03 23:00:00,SM NPI,1.194001755
2024-06-03 23:00:00,SM TLO,3.67
2024-06-03 23:30:00,IB GF,0.0
2024-06-03 23:30:00,IB NPI,2.5
2024-06-03 23:30:00,IB OPF,92.87
2024-06-03 23:30:00,SM FT OPF,0.0
2024-06-03 23:30:00,SM GF,2.11
2024-06-03 23:30:00,SM KV OPF,0.0
2024-06-03 23:30:00,SM NPI,1.15802476
2024-06-03 23:30:00,SM TLO,3.67
2024-06-04 00:00:00,IB GF,0.0
2024-06-04 00:00:00,IB NPI,2.5
2024-06-04 00:00:00,IB OPF,92.87
2024-06-04 00:00:00,SM FT OPF,0.0
2024-06-04 00:00:00,SM GF,2.11
2024-06-04 00:00:00,SM KV OPF,0.0
2024-06-04 00:00:00,SM NPI,1.119537071
2024-06-04 00:00:00,SM TLO,3.67
2024-06-04 00:30:00,IB GF,0.0
2024-06-04 00:30:00,IB NPI,2.5
2024-06-04 00:30:00,IB OPF,92.87
2024-06-04 00:30:00,SM FT OPF,0.0
2024-06-04 00:30:00,SM GF,2.11
2024-06-04 00:30:00,SM KV OPF,0.0
2024-06-04 00:30:00,SM NPI,1.094667521
2024-06-04 00:30:00,SM TLO,3.67
2024-06-04 01:00:00,IB GF,0.0
2024-06-04 01:00:00,IB NPI,2.5
2024-06-04 01:00:00,IB OPF,92.87
2024-06-04 01:00:00,SM FT OPF,0.0
2024-06-04 01:00:00,SM GF,2.11
2024-06-04 01:00:00,SM KV OPF,0.0
2024-06-04 01:00:00,SM NPI,1.08037988
2024-06-04 01:00:00,SM TLO,3.67
2024-06-04 01:30:00,IB GF,0.0
2024-06-04 01:30:00,IB NPI,2.5
2024-06-04 01:30:00,IB OPF,92.87
2024-06-04 01:30:00,SM FT OPF,0.0
2024-06-04 01:30:00,SM GF,2.11
2024-06-04 01:30:00,SM KV OPF,0.0
2024-06-04 01:30:00,SM NPI,1.066445375
2024-06-04 01:30:00,SM TLO,3.67
2024-06-04 02:00:00,IB GF,0.0
2024-06-04 02:00:00,IB NPI,2.5
2024-06-04 02:00:00,IB OPF,92.87
2024-06-04 02:00:00,SM FT OPF,0.0
2024-06-04 02:00:00,SM GF,2.11
2024-06-04 02:00:00,SM KV OPF,0.0
2024-06-04 02:00:00,SM NPI,1.060522464
2024-06-04 02:00:00,SM TLO,3.67
2024-06-04 02:30:00,IB GF,0.0
2024-06-04 02:30:00,IB NPI,2.5
2024-06-04 02:30:00,IB OPF,92.87
2024-06-04 02:30:00,SM FT OPF,0.0
2024-06-04 02:30:00,SM GF,2.11
2024-06-04 02:30:00,SM KV OPF,0.0
2024-06-04 02:30:00,SM NPI,1.062273218
2024-06-04 02:30:00,SM TLO,3.67
2024-06-04 03:00:00,IB GF,0.0
2024-06-04 03:00:00,IB NPI,2.5
2024-06-04 03:00:00,IB OPF,92.87
2024-06-04 03:00:00,SM FT OPF,0.0
2024-06-04 03:00:00,SM GF,2.11
2024-06-04 03:00:00,SM KV OPF,0.0
2024-06-04 03:00:00,SM NPI,1.072063858
2024-06-04 03:00:00,SM TLO,3.67
2024-06-04 03:30:00,IB GF,0.0
2024-06-04 03:30:00,IB NPI,2.5
2024-06-04 03:30:00,IB OPF,92.87
2024-06-04 03:30:00,SM FT OPF,0.0
2024-06-04 03:30:00,SM GF,2.11
2024-06-04 03:30:00,SM KV OPF,0.0
2024-06-04 03:30:00,SM NPI,1.141408816
2024-06-04 03:30:00,SM TLO,3.67
2024-06-04 04:00:00,IB GF,0.0
2024-06-04 04:00:00,IB NPI,2.5
2024-06-04 04:00:00,IB OPF,92.87
2024-06-04 04:00:00,SM FT OPF,0.0
2024-06-04 04:00:00,SM GF,2.11
2024-06-04 04:00:00,SM KV OPF,0.0
2024-06-04 04:00:00,SM NPI,1.258907542
2024-06-04 04:00:00,SM TLO,3.67
2024-06-04 04:30:00,IB GF,0.0
2024-06-04 04:30:00,IB NPI,2.5
2024-06-04 04:30:00,IB OPF,92.87
2024-06-04 04:30:00,SM FT OPF,0.0
2024-06-04 04:30:00,SM GF,2.11
2024-06-04 04:30:00,SM KV OPF,0.0
2024-06-04 04:30:00,SM NPI,1.307921343
2024-06-04 04:30:00,SM TLO,3.67
2024-06-04 05:00:00,IB GF,0.0
2024-06-04 05:00:00,IB NPI,2.5
2024-06-04 05:00:00,IB OPF,92.87
2024-06-04 05:00:00,SM FT OPF,0.0
2024-06-04 05:00:00,SM GF,2.11
2024-06-04 05:00:00,SM KV OPF,0.0
2024-06-04 05:00:00,SM NPI,1.275633627
2024-06-04 05:00:00,SM TLO,3.67
2024-06-04 05:30:00,IB GF,0.0
2024-06-04 05:30:00,IB NPI,2.5
2024-06-04 05:30:00,IB OPF,92.87
2024-06-04 05:30:00,SM FT OPF,0.0
2024-06-04 05:30:00,SM GF,2.11
2024-06-04 05:30:00,SM KV OPF,0.0
2024-06-04 05:30:00,SM NPI,1.254162439
2024-06-04 05:30:00,SM TLO,3.67
2024-06-04 06:00:00,IB GF,0.0
2024-06-04 06:00:00,IB NPI,2.5
2024-06-04 06:00:00,IB OPF,92.87
2024-06-04 06:00:00,SM FT OPF,0.0
2024-06-04 06:00:00,SM GF,2.11
2024-06-04 06:00:00,SM KV OPF,0.0
2024-06-04 06:00:00,SM NPI,1.287019653
2024-06-04 06:00:00,SM TLO,3.67
2024-06-04 06:30:00,IB GF,0.0
2024-06-04 06:30:00,IB NPI,2.5
2024-06-04 06:30:00,IB OPF,92.87
2024-06-04 06:30:00,SM FT OPF,0.0
2024-06-04 06:30:00,SM GF,2.11
2024-06-04 06:30:00,SM KV OPF,0.0
2024-06-04 06:30:00,SM NPI,1.309934044
2024-06-04 06:30:00,SM TLO,3.67
2024-06-04 07:00:00,IB GF,0.0
2024-06-04 07:00:00,IB NPI,2.5
2024-06-04 07:00:00,IB OPF,92.87
2024-06-04 07:00:00,SM FT OPF,0.0
2024-06-04 07:00:00,SM GF,2.11
2024-06-04 07:00:00,SM KV OPF,0.0
2024-06-04 07:00:00,SM NPI,1.330611557
2024-06-04 07:00:00,SM TLO,3.67
2024-06-04 07:30:00,IB GF,0.0
2024-06-04 07:30:00,IB NPI,2.5
2024-06-04 07:30:00,IB OPF,92.87
2024-06-04 07:30:00,SM FT OPF,0.0
2024-06-04 07:30:00,SM GF,2.11
2024-06-04 07:30:00,SM KV OPF,0.0
2024-06-04 07:30:00,SM NPI,1.330262982
2024-06-04 07:30:00,SM TLO,3.67
2024-06-04 08:00:00,IB GF,0.0
2024-06-04 08:00:00,IB NPI,2.5
2024-06-04 08:00:00,IB OPF,92.87
2024-06-04 08:00:00,SM FT OPF,0.0
2024-06-04 08:00:00,SM GF,2.11
2024-06-04 08:00:00,SM KV OPF,0.0
2024-06-04 08:00:00,SM NPI,1.319700071
2024-06-04 08:00:00,SM TLO,3.67
2024-06-04 08:30:00,IB GF,0.0
2024-06-04 08:30:00,IB NPI,2.5
2024-06-04 08:30:00,IB OPF,92.87
2024-06-04 08:30:00,SM FT OPF,0.0
2024-06-04 08:30:00,SM GF,2.11
2024-06-04 08:30:00,SM KV OPF,0.0
2024-06-04 08:30:00,SM NPI,1.306659606
2024-06-04 08:30:00,SM TLO,3.67
2024-06-04 09:00:00,IB GF,0.0
2024-06-04 09:00:00,IB NPI,2.5
2024-06-04 09:00:00,IB OPF,92.87
2024-06-04 09:00:00,SM FT OPF,0.0
2024-06-04 09:00:00,SM GF,2.11
2024-06-04 09:00:00,SM KV OPF,0.0
2024-06-04 09:00:00,SM NPI,1.301602185
2024-06-04 09:00:00,SM TLO,3.67
2024-06-04 09:30:00,IB GF,0.0
2024-06-04 09:30:00,IB NPI,2.5
2024-06-04 09:30:00,IB OPF,92.87
2024-06-04 09:30:00,SM FT OPF,0.0
2024-06-04 09:30:00,SM GF,2.11
2024-06-04 09:30:00,SM KV OPF,0.0
2024-06-04 09:30:00,SM NPI,1.346348338
2024-06-04 09:30:00,SM TLO,3.67
2024-06-04 10:00:00,IB GF,0.0
2024-06-04 10:00:00,IB NPI,2.5
2024-06-04 10:00:00,IB OPF,92.87
2024-06-04 10:00:00,SM FT OPF,0.0
2024-06-04 10:00:00,SM GF,2.11
2024-06-04 10:00:00,SM KV OPF,0.0
2024-06-04 10:00:00,SM NPI,1.411512331
2024-06-04 10:00:00,SM TLO,3.67
2024-06-04 10:30:00,IB GF,0.0
2024-06-04 10:30:00,IB NPI,2.5
2024-06-04 10:30:00,IB OPF,92.87
2024-06-04 10:30:00,SM FT OPF,0.0
2024-06-04 10:30:00,SM GF,2.11
2024-06-04 10:30:00,SM KV OPF,0.0
2024-06-04 10:30:00,SM NPI,1.464661405
2024-06-04 10:30:00,SM TLO,3.67
2024-06-04 11:00:00,IB GF,0.0
2024-06-04 11:00:00,IB NPI,2.5
2024-06-04 11:00:00,IB OPF,92.87
2024-06-04 11:00:00,SM FT OPF,0.0
2024-06-04 11:00:00,SM GF,2.11
2024-06-04 11:00:00,SM KV OPF,0.0
2024-06-04 11:00:00,SM NPI,1.510606796
2024-06-04 11:00:00,SM TLO,3.67
2024-06-04 11:30:00,IB GF,0.0
2024-06-04 11:30:00,IB NPI,2.5
2024-06-04 11:30:00,IB OPF,92.87
2024-06-04 11:30:00,SM FT OPF,0.0
2024-06-04 11:30:00,SM GF,2.11
2024-06-04 11:30:00,SM KV OPF,0.0
2024-06-04 11:30:00,SM NPI,1.550157766
2024-06-04 11:30:00,SM TLO,3.67
2024-06-04 12:00:00,IB GF,0.0
2024-06-04 12:00:00,IB NPI,2.5
2024-06-04 12:00:00,IB OPF,92.87
2024-06-04 12:00:00,SM FT OPF,0.0
2024-06-04 12:00:00,SM GF,2.11
2024-06-04 12:00:00,SM KV OPF,0.0
2024-06-04 12:00:00,SM NPI,1.582217141
2024-06-04 12:00:00,SM TLO,3.67
2024-06-04 12:30:00,IB GF,0.0
2024-06-04 12:30:00,IB NPI,2.5
2024-06-04 12:30:00,IB OPF,92.87
2024-06-04 12:30:00,SM FT OPF,0.0
2024-06-04 12:30:00,SM GF,2.11
2024-06-04 12:30:00,SM KV OPF,0.0
2024-06-04 12:30:00,SM NPI,1.60987332
2024-06-04 12:30:00,SM TLO,3.67
2024-06-04 13:00:00,IB GF,0.0
2024-06-04 13:00:00,IB NPI,2.5
2024-06-04 13:00:00,IB OPF,92.87
2024-06-04 13:00:00,SM FT OPF,0.0
2024-06-04 13:00:00,SM GF,2.11
2024-06-04 13:00:00,SM KV OPF,0.0
2024-06-04 13:00:00,SM NPI,1.646099933
2024-06-04 13:00:00,SM TLO,3.67
2024-06-04 13:30:00,IB GF,0.0
2024-06-04 13:30:00,IB NPI,2.5
2024-06-04 13:30:00,IB OPF,92.87
2024-06-04 13:30:00,SM FT OPF,0.0
2024-06-04 13:30:00,SM GF,2.11
2024-06-04 13:30:00,SM KV OPF,0.0
2024-06-04 13:30:00,SM NPI,1.688451715
2024-06-04 13:30:00,SM TLO,3.67
2024-06-04 14:00:00,IB GF,0.0
2024-06-04 14:00:00,IB NPI,2.5
2024-06-04 14:00:00,IB OPF,92.87
2024-06-04 14:00:00,SM FT OPF,0.0
2024-06-04 14:00:00,SM GF,2.11
2024-06-04 14:00:00,SM KV OPF,0.0
2024-06-04 14:00:00,SM NPI,1.74734108
2024-06-04 14:00:00,SM TLO,3.67
2024-06-04 14:30:00,IB GF,0.0
2024-06-04 14:30:00,IB NPI,2.5
2024-06-04 14:30:00,IB OPF,92.87
2024-06-04 14:30:00,SM FT OPF,0.0
2024-06-04 14:30:00,SM GF,2.11
2024-06-04 14:30:00,SM KV OPF,0.0
2024-06-04 14:30:00,SM NPI,1.786374311
2024-06-04 14:30:00,SM TLO,3.67
2024-06-04 15:00:00,IB GF,0.0
2024-06-04 15:00:00,IB NPI,2.5
2024-06-04 15:00:00,IB OPF,92.87
2024-06-04 15:00:00,SM FT OPF,0.0
2024-06-04 15:00:00,SM GF,2.11
2024-06-04 15:00:00,SM KV OPF,0.0
2024-06-04 15:00:00,SM NPI,1.811463331
2024-06-04 15:00:00,SM TLO,3.67
2024-06-04 15:30:00,IB GF,0.0
2024-06-04 15:30:00,IB NPI,2.5
2024-06-04 15:30:00,IB OPF,92.87
2024-06-04 15:30:00,SM FT OPF,0.0
2024-06-04 15:30:00,SM GF,2.11
2024-06-04 15:30:00,SM KV OPF,0.0
2024-06-04 15:30:00,SM NPI,1.855454886
2024-06-04 15:30:00,SM TLO,3.67
2024-06-04 16:00:00,IB GF,0.0
2024-06-04 16:00:00,IB NPI,2.5
2024-06-04 16:00:00,IB OPF,92.87
2024-06-04 16:00:00,SM FT OPF,0.0
2024-06-04 16:00:00,SM GF,2.11
2024-06-04 16:00:00,SM KV OPF,0.0
2024-06-04 16:00:00,SM NPI,1.855773789
2024-06-04 16:00:00,SM TLO,3.67
2024-06-04 16:30:00,IB GF,0.0
2024-06-04 16:30:00,IB NPI,2.5
2024-06-04 16:30:00,IB OPF,92.87
2024-06-04 16:30:00,SM FT OPF,0.0
2024-06-04 16:30:00,SM GF,2.11
2024-06-04 16:30:00,SM KV OPF,0.0
2024-06-04 16:30:00,SM NPI,1.802378209
2024-06-04 16:30:00,SM TLO,3.67
2024-06-04 17:00:00,IB GF,0.0
2024-06-04 17:00:00,IB NPI,2.5
2024-06-04 17:00:00,IB OPF,92.87
2024-06-04 17:00:00,SM FT OPF,0.0
2024-06-04 17:00:00,SM GF,2.11
2024-06-04 17:00:00,SM KV OPF,0.0
2024-06-04 17:00:00,SM NPI,1.762070339
2024-06-04 17:00:00,SM TLO,3.67
2024-06-04 17:30:00,IB GF,0.0
2024-06-04 17:30:00,IB NPI,2.5
2024-06-04 17:30:00,IB OPF,92.87
2024-06-04 17:30:00,SM FT OPF,0.0
2024-06-04 17:30:00,SM GF,2.11
2024-06-04 17:30:00,SM KV OPF,0.0
2024-06-04 17:30:00,SM NPI,1.800571253
2024-06-04 17:30:00,SM TLO,3.67
2024-06-04 18:00:00,IB GF,0.0
2024-06-04 18:00:00,IB NPI,2.5
2024-06-04 18:00:00,IB OPF,92.87
2024-06-04 18:00:00,SM FT OPF,0.0
2024-06-04 18:00:00,SM GF,2.11
2024-06-04 18:00:00,SM KV OPF,0.0
2024-06-04 18:00:00,SM NPI,1.903882526
2024-06-04 18:00:00,SM TLO,3.67
2024-06-04 18:30:00,IB GF,0.0
2024-06-04 18:30:00,IB NPI,2.5
2024-06-04 18:30:00,IB OPF,92.87
2024-06-04 18:30:00,SM FT OPF,0.0
2024-06-04 18:30:00,SM GF,2.11
2024-06-04 18:30:00,SM KV OPF,0.0
2024-06-04 18:30:00,SM NPI,1.97532997
2024-06-04 18:30:00,SM TLO,3.67
2024-06-04 19:00:00,IB GF,0.0
2024-06-04 19:00:00,IB NPI,2.5
2024-06-04 19:00:00,IB OPF,92.87
2024-06-04 19:00:00,SM FT OPF,0.0
2024-06-04 19:00:00,SM GF,2.11
2024-06-04 19:00:00,SM KV OPF,0.0
2024-06-04 19:00:00,SM NPI,2.004914619
2024-06-04 19:00:00,SM TLO,3.67
2024-06-04 19:30:00,IB GF,0.0
2024-06-04 19:30:00,IB NPI,2.5
2024-06-04 19:30:00,IB OPF,92.87
2024-06-04 19:30:00,SM FT OPF,0.0
2024-06-04 19:30:00,SM GF,2.11
2024-06-04 19:30:00,SM KV OPF,0.0
2024-06-04 19:30:00,SM NPI,1.926038463
2024-06-04 19:30:00,SM TLO,3.67
2024-06-04 20:00:00,IB GF,0.0
2024-06-04 20:00:00,IB NPI,2.5
2024-06-04 20:00:00,IB OPF,92.87
2024-06-04 20:00:00,SM FT OPF,0.0
2024-06-04 20:00:00,SM GF,2.11
2024-06-04 20:00:00,SM KV OPF,0.0
2024-06-04 20:00:00,SM NPI,1.766525163
2024-06-04 20:00:00,SM TLO,3.67
2024-06-04 20:30:00,IB GF,0.0
2024-06-04 20:30:00,IB NPI,2.5
2024-06-04 20:30:00,IB OPF,92.87
2024-06-04 20:30:00,SM FT OPF,0.0
2024-06-04 20:30:00,SM GF,2.11
2024-06-04 20:30:00,SM KV OPF,0.0
2024-06-04 20:30:00,SM NPI,1.596525427
2024-06-04 20:30:00,SM TLO,3.67
2024-06-04 21:00:00,IB GF,0.0
2024-06-04 21:00:00,IB NPI,2.5
2024-06-04 21:00:00,IB OPF,92.87
2024-06-04 21:00:00,SM FT OPF,0.0
2024-06-04 21:00:00,SM GF,2.11
2024-06-04 21:00:00,SM KV OPF,0.0
2024-06-04 21:00:00,SM NPI,1.45327195
2024-06-04 21:00:00,SM TLO,3.67
2024-06-04 21:30:00,IB GF,0.0
2024-06-04 21:30:00,IB NPI,2.5
2024-06-04 21:30:00,IB OPF,92.87
2024-06-04 21:30:00,SM FT OPF,0.0
2024-06-04 21:30:00,SM GF,2.11
2024-06-04 21:30:00,SM KV OPF,0.0
2024-06-04 21:30:00,SM NPI,1.370650481
2024-06-04 21:30:00,SM TLO,3.67
2024-06-04 22:00:00,IB GF,0.0
2024-06-04 22:00:00,IB NPI,2.5
2024-06-04 22:00:00,IB OPF,92.87
2024-06-04 22:00:00,SM FT OPF,0.0
2024-06-04 22:00:00,SM GF,2.11
2024-06-04 22:00:00,SM KV OPF,0.0
2024-06-04 22:00:00,SM NPI,1.299640228
2024-06-04 22:00:00,SM TLO,3.67
2024-06-04 22:30:00,IB GF,0.0
2024-06-04 22:30:00,IB NPI,2.5
2024-06-04 22:30:00,IB OPF,92.87
2024-06-04 22:30:00,SM FT OPF,0.0
2024-06-04 22:30:00,SM GF,2.11
2024-06-04 22:30:00,SM KV OPF,0.0
2024-06-04 22:30:00,SM NPI,1.236125644
2024-06-04 22:30:00,SM TLO,3.67
2024-06-04 23:00:00,IB GF,0.0
2024-06-04 23:00:00,IB NPI,2.5
2024-06-04 23:00:00,IB OPF,92.87
2024-06-04 23:00:00,SM FT OPF,0.0
2024-06-04 23:00:00,SM GF,2.11
2024-06-04 23:00:00,SM KV OPF,0.0
2024-06-04 23:00:00,SM NPI,1.185879294
2024-06-04 23:00:00,SM TLO,3.67
2024-06-04 23:30:00,IB GF,0.0
2024-06-04 23:30:00,IB NPI,2.5
2024-06-04 23:30:00,IB OPF,92.87
2024-06-04 23:30:00,SM FT OPF,0.0
2024-06-04 23:30:00,SM GF,2.11
2024-06-04 23:30:00,SM KV OPF,0.0
2024-06-04 23:30:00,SM NPI,1.150147041
2024-06-04 23:30:00,SM TLO,3.67
2024-06-05 00:00:00,IB GF,0.0
2024-06-05 00:00:00,IB NPI,2.5
2024-06-05 00:00:00,IB OPF,92.87
2024-06-05 00:00:00,SM FT OPF,0.0
2024-06-05 00:00:00,SM GF,2.11
2024-06-05 00:00:00,SM KV OPF,0.0
2024-06-05 00:00:00,SM NPI,1.119537071
2024-06-05 00:00:00,SM TLO,3.67
2024-06-05 00:30:00,IB GF,0.0
2024-06-05 00:30:00,IB NPI,2.5
2024-06-05 00:30:00,IB OPF,92.87
2024-06-05 00:30:00,SM FT OPF,0.0
2024-06-05 00:30:00,SM GF,2.11
2024-06-05 00:30:00,SM KV OPF,0.0
2024-06-05 00:30:00,SM NPI,1.094667521
2024-06-05 00:30:00,SM TLO,3.67
2024-06-05 01:00:00,IB GF,0.0
2024-06-05 01:00:00,IB NPI,2.5
2024-06-05 01:00:00,IB OPF,92.87
2024-06-05 01:00:00,SM FT OPF,0.0
2024-06-05 01:00:00,SM GF,2.11
2024-06-05 01:00:00,SM KV OPF,0.0
2024-06-05 01:00:00,SM NPI,1.08037988
2024-06-05 01:00:00,SM TLO,3.67
2024-06-05 01:30:00,IB GF,0.0
2024-06-05 01:30:00,IB NPI,2.5
2024-06-05 01:30:00,IB OPF,92.87
2024-06-05 01:30:00,SM FT OPF,0.0
2024-06-05 01:30:00,SM GF,2.11
2024-06-05 01:30:00,SM KV OPF,0.0
2024-06-05 01:30:00,SM NPI,1.066445375
2024-06-05 01:30:00,SM TLO,3.67
2024-06-05 02:00:00,IB GF,0.0
2024-06-05 02:00:00,IB NPI,2.5
2024-06-05 02:00:00,IB OPF,92.87
2024-06-05 02:00:00,SM FT OPF,0.0
2024-06-05 02:00:00,SM GF,2.11
2024-06-05 02:00:00,SM KV OPF,0.0
2024-06-05 02:00:00,SM NPI,1.060522464
2024-06-05 02:00:00,SM TLO,3.67
2024-06-05 02:30:00,IB GF,0.0
2024-06-05 02:30:00,IB NPI,2.5
2024-06-05 02:30:00,IB OPF,92.87
2024-06-05 02:30:00,SM FT OPF,0.0
2024-06-05 02:30:00,SM GF,2.11
2024-06-05 02:30:00,SM KV OPF,0.0
2024-06-05 02:30:00,SM NPI,1.062273218
2024-06-05 02:30:00,SM TLO,3.67
2024-06-05 03:00:00,IB GF,0.0
2024-06-05 03:00:00,IB NPI,2.5
2024-06-05 03:00:00,IB OPF,92.87
2024-06-05 03:00:00,SM FT OPF,0.0
2024-06-05 03:00:00,SM GF,2.11
2024-06-05 03:00:00,SM KV OPF,0.0
2024-06-05 03:00:00,SM NPI,1.072063858
2024-06-05 03:00:00,SM TLO,3.67
2024-06-05 03:30:00,IB GF,0.0
2024-06-05 03:30:00,IB NPI,2.5
2024-06-05 03:30:00,IB OPF,92.87
2024-06-05 03:30:00,SM FT OPF,0.0
2024-06-05 03:30:00,SM GF,2.11
2024-06-05 03:30:00,SM KV OPF,0.0
2024-06-05 03:30:00,SM NPI,1.141408816
2024-06-05 03:30:00,SM TLO,3.67
2024-06-05 04:00:00,IB GF,0.0
2024-06-05 04:00:00,IB NPI,2.5
2024-06-05 04:00:00,IB OPF,92.87
2024-06-05 04:00:00,SM FT OPF,0.0
2024-06-05 04:00:00,SM GF,2.11
2024-06-05 04:00:00,SM KV OPF,0.0
2024-06-05 04:00:00,SM NPI,1.258907542
2024-06-05 04:00:00,SM TLO,3.67
2024-06-05 04:30:00,IB GF,0.0
2024-06-05 04:30:00,IB NPI,2.5
2024-06-05 04:30:00,IB OPF,92.87
2024-06-05 04:30:00,SM FT OPF,0.0
2024-06-05 04:30:00,SM GF,2.11
2024-06-05 04:30:00,SM KV OPF,0.0
2024-06-05 04:30:00,SM NPI,1.307921343
2024-06-05 04:30:00,SM TLO,3.67
2024-06-05 05:00:00,IB GF,0.0
2024-06-05 05:00:00,IB NPI,2.5
2024-06-05 05:00:00,IB OPF,92.87
2024-06-05 05:00:00,SM FT OPF,0.0
2024-06-05 05:00:00,SM GF,2.11
2024-06-05 05:00:00,SM KV OPF,0.0
2024-06-05 05:00:00,SM NPI,1.275633627
2024-06-05 05:00:00,SM TLO,3.67
2024-06-05 05:30:00,IB GF,0.0
2024-06-05 05:30:00,IB NPI,2.5
2024-06-05 05:30:00,IB OPF,92.87
2024-06-05 05:30:00,SM FT OPF,0.0
2024-06-05 05:30:00,SM GF,2.11
2024-06-05 05:30:00,SM KV OPF,0.0
2024-06-05 05:30:00,SM NPI,1.254162439
2024-06-05 05:30:00,SM TLO,3.67
2024-06-05 06:00:00,IB GF,0.0
2024-06-05 06:00:00,IB NPI,2.5
2024-06-05 06:00:00,IB OPF,92.87
2024-06-05 06:00:00,SM FT OPF,0.0
2024-06-05 06:00:00,SM GF,2.11
2024-06-05 06:00:00,SM KV OPF,0.0
2024-06-05 06:00:00,SM NPI,1.287019653
2024-06-05 06:00:00,SM TLO,3.39
2024-06-05 06:30:00,IB GF,0.0
2024-06-05 06:30:00,IB NPI,2.5
2024-06-05 06:30:00,IB OPF,92.87
2024-06-05 06:30:00,SM FT OPF,0.0
2024-06-05 06:30:00,SM GF,2.11
2024-06-05 06:30:00,SM KV OPF,0.0
2024-06-05 06:30:00,SM NPI,1.309934044
2024-06-05 06:30:00,SM TLO,3.39
2024-06-05 07:00:00,IB GF,0.0
2024-06-05 07:00:00,IB NPI,2.5
2024-06-05 07:00:00,IB OPF,92.87
2024-06-05 07:00:00,SM FT OPF,0.0
2024-06-05 07:00:00,SM GF,2.11
2024-06-05 07:00:00,SM KV OPF,0.0
2024-06-05 07:00:00,SM NPI,1.330611557
2024-06-05 07:00:00,SM TLO,3.39
2024-06-05 07:30:00,IB GF,0.0
2024-06-05 07:30:00,IB NPI,2.5
2024-06-05 07:30:00,IB OPF,92.87
2024-06-05 07:30:00,SM FT OPF,0.0
2024-06-05 07:30:00,SM GF,2.11
2024-06-05 07:30:00,SM KV OPF,0.0
2024-06-05 07:30:00,SM NPI,1.330262982
2024-06-05 07:30:00,SM TLO,3.39
2024-06-05 08:00:00,IB GF,0.0
2024-06-05 08:00:00,IB NPI,2.5
2024-06-05 08:00:00,IB OPF,92.87
2024-06-05 08:00:00,SM FT OPF,0.0
2024-06-05 08:00:00,SM GF,2.11
2024-06-05 08:00:00,SM KV OPF,0.0
2024-06-05 08:00:00,SM NPI,1.319700071
2024-06-05 08:00:00,SM TLO,3.39
2024-06-05 08:30:00,IB GF,0.0
2024-06-05 08:30:00,IB NPI,2.5
2024-06-05 08:30:00,IB OPF,92.87
2024-06-05 08:30:00,SM FT OPF,0.0
2024-06-05 08:30:00,SM GF,2.11
2024-06-05 08:30:00,SM KV OPF,0.0
2024-06-05 08:30:00,SM NPI,1.306659606
2024-06-05 08:30:00,SM TLO,3.39
2024-06-05 09:00:00,IB GF,0.0
2024-06-05 09:00:00,IB NPI,2.5
2024-06-05 09:00:00,IB OPF,92.87
2024-06-05 09:00:00,SM FT OPF,0.0
2024-06-05 09:00:00,SM GF,2.11
2024-06-05 09:00:00,SM KV OPF,0.0
2024-06-05 09:00:00,SM NPI,1.301602185
2024-06-05 09:00:00,SM TLO,3.39
2024-06-05 09:30:00,IB GF,0.0
2024-06-05 09:30:00,IB NPI,2.5
2024-06-05 09:30:00,IB OPF,92.87
2024-06-05 09:30:00,SM FT OPF,0.0
2024-06-05 09:30:00,SM GF,2.11
2024-06-05 09:30:00,SM KV OPF,0.0
2024-06-05 09:30:00,SM NPI,1.346348338
2024-06-05 09:30:00,SM TLO,3.39
2024-06-05 10:00:00,IB GF,0.0
2024-06-05 10:00:00,IB NPI,2.5
2024-06-05 10:00:00,IB OPF,92.87
2024-06-05 10:00:00,SM FT OPF,0.0
2024-06-05 10:00:00,SM GF,2.11
2024-06-05 10:00:00,SM KV OPF,0.0
2024-06-05 10:00:00,SM NPI,1.411512331
2024-06-05 10:00:00,SM TLO,3.39
2024-06-05 10:30:00,IB GF,0.0
2024-06-05 10:30:00,IB NPI,2.5
2024-06-05 10:30:00,IB OPF,92.87
2024-06-05 10:30:00,SM FT OPF,0.0
2024-06-05 10:30:00,SM GF,2.11
2024-06-05 10:30:00,SM KV OPF,0.0
2024-06-05 10:30:00,SM NPI,1.464661405
2024-06-05 10:30:00,SM TLO,3.39
2024-06-05 11:00:00,IB GF,0.0
2024-06-05 11:00:00,IB NPI,2.5
2024-06-05 11:00:00,IB OPF,92.87
2024-06-05 11:00:00,SM FT OPF,0.0
2024-06-05 11:00:00,SM GF,2.11
2024-06-05 11:00:00,SM KV OPF,0.0
2024-06-05 11:00:00,SM NPI,1.510606796
2024-06-05 11:00:00,SM TLO,3.39
2024-06-05 11:30:00,IB GF,0.0
2024-06-05 11:30:00,IB NPI,2.5
2024-06-05 11:30:00,IB OPF,92.87
2024-06-05 11:30:00,SM FT OPF,0.0
2024-06-05 11:30:00,SM GF,2.11
2024-06-05 11:30:00,SM KV OPF,0.0
2024-06-05 11:30:00,SM NPI,1.550157766
2024-06-05 11:30:00,SM TLO,3.39
2024-06-05 12:00:00,IB GF,0.0
2024-06-05 12:00:00,IB NPI,2.5
2024-06-05 12:00:00,IB OPF,92.87
2024-06-05 12:00:00,SM FT OPF,0.0
2024-06-05 12:00:00,SM GF,2.11
2024-06-05 12:00:00,SM KV OPF,0.0
2024-06-05 12:00:00,SM NPI,1.582217141
2024-06-05 12:00:00,SM TLO,3.39
2024-06-05 12:30:00,IB GF,0.0
2024-06-05 12:30:00,IB NPI,2.5
2024-06-05 12:30:00,IB OPF,92.87
2024-06-05 12:30:00,SM FT OPF,0.0
2024-06-05 12:30:00,SM GF,2.11
2024-06-05 12:30:00,SM KV OPF,0.0
2024-06-05 12:30:00,SM NPI,1.60987332
2024-06-05 12:30:00,SM TLO,3.39
2024-06-05 13:00:00,IB GF,0.0
2024-06-05 13:00:00,IB NPI,2.5
2024-06-05 13:00:00,IB OPF,92.87
2024-06-05 13:00:00,SM FT OPF,0.0
2024-06-05 13:00:00,SM GF,2.11
2024-06-05 13:00:00,SM KV OPF,0.0
2024-06-05 13:00:00,SM NPI,1.646099933
2024-06-05 13:00:00,SM TLO,3.39
2024-06-05 13:30:00,IB GF,0.0
2024-06-05 13:30:00,IB NPI,2.5
2024-06-05 13:30:00,IB OPF,92.87
2024-06-05 13:30:00,SM FT OPF,0.0
2024-06-05 13:30:00,SM GF,2.11
2024-06-05 13:30:00,SM KV OPF,0.0
2024-06-05 13:30:00,SM NPI,1.688451715
2024-06-05 13:30:00,SM TLO,3.39
2024-06-05 14:00:00,IB GF,0.0
2024-06-05 14:00:00,IB NPI,2.5
2024-06-05 14:00:00,IB OPF,92.87
2024-06-05 14:00:00,SM FT OPF,0.0
2024-06-05 14:00:00,SM GF,2.11
2024-06-05 14:00:00,SM KV OPF,0.0
2024-06-05 14:00:00,SM NPI,1.74734108
2024-06-05 14:00:00,SM TLO,3.39
2024-06-05 14:30:00,IB GF,0.0
2024-06-05 14:30:00,IB NPI,2.5
2024-06-05 14:30:00,IB OPF,92.87
2024-06-05 14:30:00,SM FT OPF,0.0
2024-06-05 14:30:00,SM GF,2.11
2024-06-05 14:30:00,SM KV OPF,0.0
2024-06-05 14:30:00,SM NPI,1.786374311
2024-06-05 14:30:00,SM TLO,3.39
2024-06-05 15:00:00,IB GF,0.0
2024-06-05 15:00:00,IB NPI,2.5
2024-06-05 15:00:00,IB OPF,92.87
2024-06-05 15:00:00,SM FT OPF,0.0
2024-06-05 15:00:00,SM GF,2.11
2024-06-05 15:00:00,SM KV OPF,0.0
2024-06-05 15:00:00,SM NPI,1.811463331
2024-06-05 15:00:00,SM TLO,3.39
2024-06-05 15:30:00,IB GF,0.0
2024-06-05 15:30:00,IB NPI,2.5
2024-06-05 15:30:00,IB OPF,92.87
2024-06-05 15:30:00,SM FT OPF,0.0
2024-06-05 15:30:00,SM GF,2.11
2024-06-05 15:30:00,SM KV OPF,0.0
2024-06-05 15:30:00,SM NPI,1.855454886
2024-06-05 15:30:00,SM TLO,3.39
2024-06-05 16:00:00,IB GF,0.0
2024-06-05 16:00:00,IB NPI,2.5
2024-06-05 16:00:00,IB OPF,92.87
2024-06-05 16:00:00,SM FT OPF,0.0
2024-06-05 16:00:00,SM GF,2.11
2024-06-05 16:00:00,SM KV OPF,0.0
2024-06-05 16:00:00,SM NPI,1.855773789
2024-06-05 16:00:00,SM TLO,3.39
2024-06-05 16:30:00,IB GF,0.0
2024-06-05 16:30:00,IB NPI,2.5
2024-06-05 16:30:00,IB OPF,92.87
2024-06-05 16:30:00,SM FT OPF,0.0
2024-06-05 16:30:00,SM GF,2.11
2024-06-05 16:30:00,SM KV OPF,0.0
2024-06-05 16:30:00,SM NPI,1.802378209
2024-06-05 16:30:00,SM TLO,3.39
2024-06-05 17:00:00,IB GF,0.0
2024-06-05 17:00:00,IB NPI,2.5
2024-06-05 17:00:00,IB OPF,92.87
2024-06-05 17:00:00,SM FT OPF,0.0
2024-06-05 17:00:00,SM GF,2.11
2024-06-05 17:00:00,SM KV OPF,0.0
2024-06-05 17:00:00,SM NPI,1.762070339
2024-06-05 17:00:00,SM TLO,3.39
2024-06-05 17:30:00,IB GF,0.0
2024-06-05 17:30:00,IB NPI,2.5
2024-06-05 17:30:00,IB OPF,92.87
2024-06-05 17:30:00,SM FT OPF,0.0
2024-06-05 17:30:00,SM GF,2.11
2024-06-05 17:30:00,SM KV OPF,0.0
2024-06-05 17:30:00,SM NPI,1.800571253
2024-06-05 17:30:00,SM TLO,3.39
2024-06-05 18:00:00,IB GF,0.0
2024-06-05 18:00:00,IB NPI,2.5
2024-06-05 18:00:00,IB OPF,92.87
2024-06-05 18:00:00,SM FT OPF,0.0
2024-06-05 18:00:00,SM GF,2.11
2024-06-05 18:00:00,SM KV OPF,0.0
2024-06-05 18:00:00,SM NPI,1.903882526
2024-06-05 18:00:00,SM TLO,3.39
2024-06-05 18:30:00,IB GF,0.0
2024-06-05 18:30:00,IB NPI,2.5
2024-06-05 18:30:00,IB OPF,92.87
2024-06-05 18:30:00,SM FT OPF,0.0
2024-06-05 18:30:00,SM GF,2.11
2024-06-05 18:30:00,SM KV OPF,0.0
2024-06-05 18:30:00,SM NPI,1.97532997
2024-06-05 18:30:00,SM TLO,3.39
2024-06-05 19:00:00,IB GF,0.0
2024-06-05 19:00:00,IB NPI,2.5
2024-06-05 19:00:00,IB OPF,92.87
2024-06-05 19:00:00,SM FT OPF,0.0
2024-06-05 19:00:00,SM GF,2.11
2024-06-05 19:00:00,SM KV OPF,0.0
2024-06-05 19:00:00,SM NPI,2.004914619
2024-06-05 19:00:00,SM TLO,3.39
2024-06-05 19:30:00,IB GF,0.0
2024-06-05 19:30:00,IB NPI,2.5
2024-06-05 19:30:00,IB OPF,92.87
2024-06-05 19:30:00,SM FT OPF,0.0
2024-06-05 19:30:00,SM GF,2.11
2024-06-05 19:30:00,SM KV OPF,0.0
2024-06-05 19:30:00,SM NPI,1.926038463
2024-06-05 19:30:00,SM TLO,3.39
2024-06-05 20:00:00,IB GF,0.0
2024-06-05 20:00:00,IB NPI,2.5
2024-06-05 20:00:00,IB OPF,92.87
2024-06-05 20:00:00,SM FT OPF,0.0
2024-06-05 20:00:00,SM GF,2.11
2024-06-05 20:00:00,SM KV OPF,0.0
2024-06-05 20:00:00,SM NPI,1.766525163
2024-06-05 20:00:00,SM TLO,3.39
2024-06-05 20:30:00,IB GF,0.0
2024-06-05 20:30:00,IB NPI,2.5
2024-06-05 20:30:00,IB OPF,92.87
2024-06-05 20:30:00,SM FT OPF,0.0
2024-06-05 20:30:00,SM GF,2.11
2024-06-05 20:30:00,SM KV OPF,0.0
2024-06-05 20:30:00,SM NPI,1.596525427
2024-06-05 20:30:00,SM TLO,3.39
2024-06-05 21:00:00,IB GF,0.0
2024-06-05 21:00:00,IB NPI,2.5
2024-06-05 21:00:00,IB OPF,92.87
2024-06-05 21:00:00,SM FT OPF,0.0
2024-06-05 21:00:00,SM GF,2.11
2024-06-05 21:00:00,SM KV OPF,0.0
2024-06-05 21:00:00,SM NPI,1.45327195
2024-06-05 21:00:00,SM TLO,3.39
2024-06-05 21:30:00,IB GF,0.0
2024-06-05 21:30:00,IB NPI,2.5
2024-06-05 21:30:00,IB OPF,92.87
2024-06-05 21:30:00,SM FT OPF,0.0
2024-06-05 21:30:00,SM GF,2.11
2024-06-05 21:30:00,SM KV OPF,0.0
2024-06-05 21:30:00,SM NPI,1.370650481
2024-06-05 21:30:00,SM TLO,3.39
2024-06-05 22:00:00,IB GF,0.0
2024-06-05 22:00:00,IB NPI,2.5
2024-06-05 22:00:00,IB OPF,92.87
2024-06-05 22:00:00,SM FT OPF,0.0
2024-06-05 22:00:00,SM GF,2.11
2024-06-05 22:00:00,SM KV OPF,0.0
2024-06-05 22:00:00,SM NPI,1.299640228
2024-06-05 22:00:00,SM TLO,3.39
2024-06-05 22:30:00,IB GF,0.0
2024-06-05 22:30:00,IB NPI,2.5
2024-06-05 22:30:00,IB OPF,92.87
2024-06-05 22:30:00,SM FT OPF,0.0
2024-06-05 22:30:00,SM GF,2.11
2024-06-05 22:30:00,SM KV OPF,0.0
2024-06-05 22:30:00,SM NPI,1.236125644
2024-06-05 22:30:00,SM TLO,3.39
2024-06-05 23:00:00,IB GF,0.0
2024-06-05 23:00:00,IB NPI,2.5
2024-06-05 23:00:00,IB OPF,92.87
2024-06-05 23:00:00,SM FT OPF,0.0
2024-06-05 23:00:00,SM GF,2.11
2024-06-05 23:00:00,SM KV OPF,0.0
2024-06-05 23:00:00,SM NPI,1.185879294
2024-06-05 23:00:00,SM TLO,3.39
2024-06-05 23:30:00,IB GF,0.0
2024-06-05 23:30:00,IB NPI,2.5
2024-06-05 23:30:00,IB OPF,92.87
2024-06-05 23:30:00,SM FT OPF,0.0
2024-06-05 23:30:00,SM GF,2.11
2024-06-05 23:30:00,SM KV OPF,0.0
2024-06-05 23:30:00,SM NPI,1.150147041
2024-06-05 23:30:00,SM TLO,3.39
2024-06-06 00:00:00,IB GF,0.0
2024-06-06 00:00:00,IB NPI,2.5
2024-06-06 00:00:00,IB OPF,92.87
2024-06-06 00:00:00,SM FT OPF,0.0
2024-06-06 00:00:00,SM GF,2.11
2024-06-06 00:00:00,SM KV OPF,0.0
2024-06-06 00:00:00,SM NPI,1.111869009
2024-06-06 00:00:00,SM TLO,3.39
2024-06-06 00:30:00,IB GF,0.0
2024-06-06 00:30:00,IB NPI,2.5
2024-06-06 00:30:00,IB OPF,92.87
2024-06-06 00:30:00,SM FT OPF,0.0
2024-06-06 00:30:00,SM GF,2.11
2024-06-06 00:30:00,SM KV OPF,0.0
2024-06-06 00:30:00,SM NPI,1.087169799
2024-06-06 00:30:00,SM TLO,3.39
2024-06-06 01:00:00,IB GF,0.0
2024-06-06 01:00:00,IB NPI,2.5
2024-06-06 01:00:00,IB OPF,92.87
2024-06-06 01:00:00,SM FT OPF,0.0
2024-06-06 01:00:00,SM GF,2.11
2024-06-06 01:00:00,SM KV OPF,0.0
2024-06-06 01:00:00,SM NPI,1.072980018
2024-06-06 01:00:00,SM TLO,3.39
2024-06-06 01:30:00,IB GF,0.0
2024-06-06 01:30:00,IB NPI,2.5
2024-06-06 01:30:00,IB OPF,92.87
2024-06-06 01:30:00,SM FT OPF,0.0
2024-06-06 01:30:00,SM GF,2.11
2024-06-06 01:30:00,SM KV OPF,0.0
2024-06-06 01:30:00,SM NPI,1.059140954
2024-06-06 01:30:00,SM TLO,3.39
2024-06-06 02:00:00,IB GF,0.0
2024-06-06 02:00:00,IB NPI,2.5
2024-06-06 02:00:00,IB OPF,92.87
2024-06-06 02:00:00,SM FT OPF,0.0
2024-06-06 02:00:00,SM GF,2.11
2024-06-06 02:00:00,SM KV OPF,0.0
2024-06-06 02:00:00,SM NPI,1.053258612
2024-06-06 02:00:00,SM TLO,3.39
2024-06-06 02:30:00,IB GF,0.0
2024-06-06 02:30:00,IB NPI,2.5
2024-06-06 02:30:00,IB OPF,92.87
2024-06-06 02:30:00,SM FT OPF,0.0
2024-06-06 02:30:00,SM GF,2.11
2024-06-06 02:30:00,SM KV OPF,0.0
2024-06-06 02:30:00,SM NPI,1.054997374
2024-06-06 02:30:00,SM TLO,3.39
2024-06-06 03:00:00,IB GF,0.0
2024-06-06 03:00:00,IB NPI,2.5
2024-06-06 03:00:00,IB OPF,92.87
2024-06-06 03:00:00,SM FT OPF,0.0
2024-06-06 03:00:00,SM GF,2.11
2024-06-06 03:00:00,SM KV OPF,0.0
2024-06-06 03:00:00,SM NPI,1.064720955
2024-06-06 03:00:00,SM TLO,3.39
2024-06-06 03:30:00,IB GF,0.0
2024-06-06 03:30:00,IB NPI,2.5
2024-06-06 03:30:00,IB OPF,92.87
2024-06-06 03:30:00,SM FT OPF,0.0
2024-06-06 03:30:00,SM GF,2.11
2024-06-06 03:30:00,SM KV OPF,0.0
2024-06-06 03:30:00,SM NPI,1.133590947
2024-06-06 03:30:00,SM TLO,3.39
2024-06-06 04:00:00,IB GF,0.0
2024-06-06 04:00:00,IB NPI,2.5
2024-06-06 04:00:00,IB OPF,92.87
2024-06-06 04:00:00,SM FT OPF,0.0
2024-06-06 04:00:00,SM GF,2.11
2024-06-06 04:00:00,SM KV OPF,0.0
2024-06-06 04:00:00,SM NPI,1.250284887
2024-06-06 04:00:00,SM TLO,3.39
2024-06-06 04:30:00,IB GF,0.0
2024-06-06 04:30:00,IB NPI,2.5
2024-06-06 04:30:00,IB OPF,92.87
2024-06-06 04:30:00,SM FT OPF,0.0
2024-06-06 04:30:00,SM GF,2.11
2024-06-06 04:30:00,SM KV OPF,0.0
2024-06-06 04:30:00,SM NPI,1.298962977
2024-06-06 04:30:00,SM TLO,3.39
2024-06-06 05:00:00,IB GF,0.0
2024-06-06 05:00:00,IB NPI,2.5
2024-06-06 05:00:00,IB OPF,92.87
2024-06-06 05:00:00,SM FT OPF,0.0
2024-06-06 05:00:00,SM GF,2.11
2024-06-06 05:00:00,SM KV OPF,0.0
2024-06-06 05:00:00,SM NPI,1.266896411
2024-06-06 05:00:00,SM TLO,3.39
2024-06-06 05:30:00,IB GF,0.0
2024-06-06 05:30:00,IB NPI,2.5
2024-06-06 05:30:00,IB OPF,92.87
2024-06-06 05:30:00,SM FT OPF,0.0
2024-06-06 05:30:00,SM GF,2.11
2024-06-06 05:30:00,SM KV OPF,0.0
2024-06-06 05:30:00,SM NPI,1.245572285
2024-06-06 05:30:00,SM TLO,3.39
2024-06-06 06:00:00,IB GF,0.0
2024-06-06 06:00:00,IB NPI,2.5
2024-06-06 06:00:00,IB OPF,92.87
2024-06-06 06:00:00,SM FT OPF,0.0
2024-06-06 06:00:00,SM GF,2.11
2024-06-06 06:00:00,SM KV OPF,0.0
2024-06-06 06:00:00,SM NPI,1.27820445
2024-06-06 06:00:00,SM TLO,3.67
2024-06-06 06:30:00,IB GF,0.0
2024-06-06 06:30:00,IB NPI,2.5
2024-06-06 06:30:00,IB OPF,92.87
2024-06-06 06:30:00,SM FT OPF,0.0
2024-06-06 06:30:00,SM GF,2.11
2024-06-06 06:30:00,SM KV OPF,0.0
2024-06-06 06:30:00,SM NPI,1.300961893
2024-06-06 06:30:00,SM TLO,3.67
2024-06-06 07:00:00,IB GF,0.0
2024-06-06 07:00:00,IB NPI,2.5
2024-06-06 07:00:00,IB OPF,92.87
2024-06-06 07:00:00,SM FT OPF,0.0
2024-06-06 07:00:00,SM GF,2.11
2024-06-06 07:00:00,SM KV OPF,0.0
2024-06-06 07:00:00,SM NPI,1.321497779
2024-06-06 07:00:00,SM TLO,3.67
2024-06-06 07:30:00,IB GF,0.0
2024-06-06 07:30:00,IB NPI,2.5
2024-06-06 07:30:00,IB OPF,92.87
2024-06-06 07:30:00,SM FT OPF,0.0
2024-06-06 07:30:00,SM GF,2.11
2024-06-06 07:30:00,SM KV OPF,0.0
2024-06-06 07:30:00,SM NPI,1.321151591
2024-06-06 07:30:00,SM TLO,3.67
2024-06-06 08:00:00,IB GF,0.0
2024-06-06 08:00:00,IB NPI,2.5
2024-06-06 08:00:00,IB OPF,92.87
2024-06-06 08:00:00,SM FT OPF,0.0
2024-06-06 08:00:00,SM GF,2.11
2024-06-06 08:00:00,SM KV OPF,0.0
2024-06-06 08:00:00,SM NPI,1.310661029
2024-06-06 08:00:00,SM TLO,3.67
2024-06-06 08:30:00,IB GF,0.0
2024-06-06 08:30:00,IB NPI,2.5
2024-06-06 08:30:00,IB OPF,92.87
2024-06-06 08:30:00,SM FT OPF,0.0
2024-06-06 08:30:00,SM GF,2.11
2024-06-06 08:30:00,SM KV OPF,0.0
2024-06-06 08:30:00,SM NPI,1.297709882
2024-06-06 08:30:00,SM TLO,3.67
2024-06-06 09:00:00,IB GF,0.0
2024-06-06 09:00:00,IB NPI,2.5
2024-06-06 09:00:00,IB OPF,92.87
2024-06-06 09:00:00,SM FT OPF,0.0
2024-06-06 09:00:00,SM GF,2.11
2024-06-06 09:00:00,SM KV OPF,0.0
2024-06-06 09:00:00,SM NPI,1.292687102
2024-06-06 09:00:00,SM TLO,3.67
2024-06-06 09:30:00,IB GF,0.0
2024-06-06 09:30:00,IB NPI,2.5
2024-06-06 09:30:00,IB OPF,92.87
2024-06-06 09:30:00,SM FT OPF,0.0
2024-06-06 09:30:00,SM GF,2.11
2024-06-06 09:30:00,SM KV OPF,0.0
2024-06-06 09:30:00,SM NPI,1.337126774
2024-06-06 09:30:00,SM TLO,3.67
2024-06-06 10:00:00,IB GF,0.0
2024-06-06 10:00:00,IB NPI,2.5
2024-06-06 10:00:00,IB OPF,92.87
2024-06-06 10:00:00,SM FT OPF,0.0
2024-06-06 10:00:00,SM GF,2.11
2024-06-06 10:00:00,SM KV OPF,0.0
2024-06-06 10:00:00,SM NPI,1.401844438
2024-06-06 10:00:00,SM TLO,3.67
2024-06-06 10:30:00,IB GF,0.0
2024-06-06 10:30:00,IB NPI,2.5
2024-06-06 10:30:00,IB OPF,92.87
2024-06-06 10:30:00,SM FT OPF,0.0
2024-06-06 10:30:00,SM GF,2.11
2024-06-06 10:30:00,SM KV OPF,0.0
2024-06-06 10:30:00,SM NPI,1.454629478
2024-06-06 10:30:00,SM TLO,3.67
2024-06-06 11:00:00,IB GF,0.0
2024-06-06 11:00:00,IB NPI,2.5
2024-06-06 11:00:00,IB OPF,92.87
2024-06-06 11:00:00,SM FT OPF,0.0
2024-06-06 11:00:00,SM GF,2.11
2024-06-06 11:00:00,SM KV OPF,0.0
2024-06-06 11:00:00,SM NPI,1.500260174
2024-06-06 11:00:00,SM TLO,3.67
2024-06-06 11:30:00,IB GF,0.0
2024-06-06 11:30:00,IB NPI,2.5
2024-06-06 11:30:00,IB OPF,92.87
2024-06-06 11:30:00,SM FT OPF,0.0
2024-06-06 11:30:00,SM GF,2.11
2024-06-06 11:30:00,SM KV OPF,0.0
2024-06-06 11:30:00,SM NPI,1.539540247
2024-06-06 11:30:00,SM TLO,3.67
2024-06-06 12:00:00,IB GF,0.0
2024-06-06 12:00:00,IB NPI,2.5
2024-06-06 12:00:00,IB OPF,92.87
2024-06-06 12:00:00,SM FT OPF,0.0
2024-06-06 12:00:00,SM GF,2.11
2024-06-06 12:00:00,SM KV OPF,0.0
2024-06-06 12:00:00,SM NPI,1.571380037
2024-06-06 12:00:00,SM TLO,3.67
2024-06-06 12:30:00,IB GF,0.0
2024-06-06 12:30:00,IB NPI,2.5
2024-06-06 12:30:00,IB OPF,92.87
2024-06-06 12:30:00,SM FT OPF,0.0
2024-06-06 12:30:00,SM GF,2.11
2024-06-06 12:30:00,SM KV OPF,0.0
2024-06-06 12:30:00,SM NPI,1.59884679
2024-06-06 12:30:00,SM TLO,3.67
2024-06-06 13:00:00,IB GF,0.0
2024-06-06 13:00:00,IB NPI,2.5
2024-06-06 13:00:00,IB OPF,92.87
2024-06-06 13:00:00,SM FT OPF,0.0
2024-06-06 13:00:00,SM GF,2.11
2024-06-06 13:00:00,SM KV OPF,0.0
2024-06-06 13:00:00,SM NPI,1.634825275
2024-06-06 13:00:00,SM TLO,3.67
2024-06-06 13:30:00,IB GF,0.0
2024-06-06 13:30:00,IB NPI,2.5
2024-06-06 13:30:00,IB OPF,92.87
2024-06-06 13:30:00,SM FT OPF,0.0
2024-06-06 13:30:00,SM GF,2.11
2024-06-06 13:30:00,SM KV OPF,0.0
2024-06-06 13:30:00,SM NPI,1.676886978
2024-06-06 13:30:00,SM TLO,3.67
2024-06-06 14:00:00,IB GF,0.0
2024-06-06 14:00:00,IB NPI,2.5
2024-06-06 14:00:00,IB OPF,92.87
2024-06-06 14:00:00,SM FT OPF,0.0
2024-06-06 14:00:00,SM GF,2.11
2024-06-06 14:00:00,SM KV OPF,0.0
2024-06-06 14:00:00,SM NPI,1.73537299
2024-06-06 14:00:00,SM TLO,3.67
2024-06-06 14:30:00,IB GF,0.0
2024-06-06 14:30:00,IB NPI,2.5
2024-06-06 14:30:00,IB OPF,92.87
2024-06-06 14:30:00,SM FT OPF,0.0
2024-06-06 14:30:00,SM GF,2.11
2024-06-06 14:30:00,SM KV OPF,0.0
2024-06-06 14:30:00,SM NPI,1.774138871
2024-06-06 14:30:00,SM TLO,3.67
2024-06-06 15:00:00,IB GF,0.0
2024-06-06 15:00:00,IB NPI,2.5
2024-06-06 15:00:00,IB OPF,92.87
2024-06-06 15:00:00,SM FT OPF,0.0
2024-06-06 15:00:00,SM GF,2.11
2024-06-06 15:00:00,SM KV OPF,0.0
2024-06-06 15:00:00,SM NPI,1.799056048
2024-06-06 15:00:00,SM TLO,3.67
2024-06-06 15:30:00,IB GF,0.0
2024-06-06 15:30:00,IB NPI,2.5
2024-06-06 15:30:00,IB OPF,92.87
2024-06-06 15:30:00,SM FT OPF,0.0
2024-06-06 15:30:00,SM GF,2.11
2024-06-06 15:30:00,SM KV OPF,0.0
2024-06-06 15:30:00,SM NPI,1.842746291
2024-06-06 15:30:00,SM TLO,3.67
2024-06-06 16:00:00,IB GF,0.0
2024-06-06 16:00:00,IB NPI,2.5
2024-06-06 16:00:00,IB OPF,92.87
2024-06-06 16:00:00,SM FT OPF,0.0
2024-06-06 16:00:00,SM GF,2.11
2024-06-06 16:00:00,SM KV OPF,0.0
2024-06-06 16:00:00,SM NPI,1.84306301
2024-06-06 16:00:00,SM TLO,3.67
2024-06-06 16:30:00,IB GF,0.0
2024-06-06 16:30:00,IB NPI,2.5
2024-06-06 16:30:00,IB OPF,92.87
2024-06-06 16:30:00,SM FT OPF,0.0
2024-06-06 16:30:00,SM GF,2.11
2024-06-06 16:30:00,SM KV OPF,0.0
2024-06-06 16:30:00,SM NPI,1.790033153
2024-06-06 16:30:00,SM TLO,3.67
2024-06-06 17:00:00,IB GF,0.0
2024-06-06 17:00:00,IB NPI,2.5
2024-06-06 17:00:00,IB OPF,92.87
2024-06-06 17:00:00,SM FT OPF,0.0
2024-06-06 17:00:00,SM GF,2.11
2024-06-06 17:00:00,SM KV OPF,0.0
2024-06-06 17:00:00,SM NPI,1.750001364
2024-06-06 17:00:00,SM TLO,3.67
2024-06-06 17:30:00,IB GF,0.0
2024-06-06 17:30:00,IB NPI,2.5
2024-06-06 17:30:00,IB OPF,92.87
2024-06-06 17:30:00,SM FT OPF,0.0
2024-06-06 17:30:00,SM GF,2.11
2024-06-06 17:30:00,SM KV OPF,0.0
2024-06-06 17:30:00,SM NPI,1.788238573
2024-06-06 17:30:00,SM TLO,3.67
2024-06-06 18:00:00,IB GF,0.0
2024-06-06 18:00:00,IB NPI,2.5
2024-06-06 18:00:00,IB OPF,92.87
2024-06-06 18:00:00,SM FT OPF,0.0
2024-06-06 18:00:00,SM GF,2.11
2024-06-06 18:00:00,SM KV OPF,0.0
2024-06-06 18:00:00,SM NPI,1.890842235
2024-06-06 18:00:00,SM TLO,3.67
2024-06-06 18:30:00,IB GF,0.0
2024-06-06 18:30:00,IB NPI,2.5
2024-06-06 18:30:00,IB OPF,92.87
2024-06-06 18:30:00,SM FT OPF,0.0
2024-06-06 18:30:00,SM GF,2.11
2024-06-06 18:30:00,SM KV OPF,0.0
2024-06-06 18:30:00,SM NPI,1.961800312
2024-06-06 18:30:00,SM TLO,3.67
2024-06-06 19:00:00,IB GF,0.0
2024-06-06 19:00:00,IB NPI,2.5
2024-06-06 19:00:00,IB OPF,92.87
2024-06-06 19:00:00,SM FT OPF,0.0
2024-06-06 19:00:00,SM GF,2.11
2024-06-06 19:00:00,SM KV OPF,0.0
2024-06-06 19:00:00,SM NPI,1.991182327
2024-06-06 19:00:00,SM TLO,3.67
2024-06-06 19:30:00,IB GF,0.0
2024-06-06 19:30:00,IB NPI,2.5
2024-06-06 19:30:00,IB OPF,92.87
2024-06-06 19:30:00,SM FT OPF,0.0
2024-06-06 19:30:00,SM GF,2.11
2024-06-06 19:30:00,SM KV OPF,0.0
2024-06-06 19:30:00,SM NPI,1.912846418
2024-06-06 19:30:00,SM TLO,3.67
2024-06-06 20:00:00,IB GF,0.0
2024-06-06 20:00:00,IB NPI,2.5
2024-06-06 20:00:00,IB OPF,92.87
2024-06-06 20:00:00,SM FT OPF,0.0
2024-06-06 20:00:00,SM GF,2.11
2024-06-06 20:00:00,SM KV OPF,0.0
2024-06-06 20:00:00,SM NPI,1.754425675
2024-06-06 20:00:00,SM TLO,3.67
2024-06-06 20:30:00,IB GF,0.0
2024-06-06 20:30:00,IB NPI,2.5
2024-06-06 20:30:00,IB OPF,92.87
2024-06-06 20:30:00,SM FT OPF,0.0
2024-06-06 20:30:00,SM GF,2.11
2024-06-06 20:30:00,SM KV OPF,0.0
2024-06-06 20:30:00,SM NPI,1.585590322
2024-06-06 20:30:00,SM TLO,3.67
2024-06-06 21:00:00,IB GF,0.0
2024-06-06 21:00:00,IB NPI,2.5
2024-06-06 21:00:00,IB OPF,92.87
2024-06-06 21:00:00,SM FT OPF,0.0
2024-06-06 21:00:00,SM GF,2.11
2024-06-06 21:00:00,SM KV OPF,0.0
2024-06-06 21:00:00,SM NPI,1.443318033
2024-06-06 21:00:00,SM TLO,3.67
2024-06-06 21:30:00,IB GF,0.0
2024-06-06 21:30:00,IB NPI,2.5
2024-06-06 21:30:00,IB OPF,92.87
2024-06-06 21:30:00,SM FT OPF,0.0
2024-06-06 21:30:00,SM GF,2.11
2024-06-06 21:30:00,SM KV OPF,0.0
2024-06-06 21:30:00,SM NPI,1.361262464
2024-06-06 21:30:00,SM TLO,3.67
2024-06-06 22:00:00,IB GF,0.0
2024-06-06 22:00:00,IB NPI,2.5
2024-06-06 22:00:00,IB OPF,92.87
2024-06-06 22:00:00,SM FT OPF,0.0
2024-06-06 22:00:00,SM GF,2.11
2024-06-06 22:00:00,SM KV OPF,0.0
2024-06-06 22:00:00,SM NPI,1.290738582
2024-06-06 22:00:00,SM TLO,3.67
2024-06-06 22:30:00,IB GF,0.0
2024-06-06 22:30:00,IB NPI,2.5
2024-06-06 22:30:00,IB OPF,92.87
2024-06-06 22:30:00,SM FT OPF,0.0
2024-06-06 22:30:00,SM GF,2.11
2024-06-06 22:30:00,SM KV OPF,0.0
2024-06-06 22:30:00,SM NPI,1.22765903
2024-06-06 22:30:00,SM TLO,3.67
2024-06-06 23:00:00,IB GF,0.0
2024-06-06 23:00:00,IB NPI,2.5
2024-06-06 23:00:00,IB OPF,92.87
2024-06-06 23:00:00,SM FT OPF,0.0
2024-06-06 23:00:00,SM GF,2.11
2024-06-06 23:00:00,SM KV OPF,0.0
2024-06-06 23:00:00,SM NPI,1.177756833
2024-06-06 23:00:00,SM TLO,3.67
2024-06-06 23:30:00,IB GF,0.0
2024-06-06 23:30:00,IB NPI,2.5
2024-06-06 23:30:00,IB OPF,92.87
2024-06-06 23:30:00,SM FT OPF,0.0
2024-06-06 23:30:00,SM GF,2.11
2024-06-06 23:30:00,SM KV OPF,0.0
2024-06-06 23:30:00,SM NPI,1.142269322
2024-06-06 23:30:00,SM TLO,3.67
2024-06-07 00:00:00,IB GF,0.0
2024-06-07 00:00:00,IB NPI,2.5
2024-06-07 00:00:00,IB OPF,92.87
2024-06-07 00:00:00,SM FT OPF,0.0
2024-06-07 00:00:00,SM GF,2.11
2024-06-07 00:00:00,SM KV OPF,0.0
2024-06-07 00:00:00,SM NPI,1.111869009
2024-06-07 00:00:00,SM TLO,3.67
2024-06-07 00:30:00,IB GF,0.0
2024-06-07 00:30:00,IB NPI,2.5
2024-06-07 00:30:00,IB OPF,92.87
2024-06-07 00:30:00,SM FT OPF,0.0
2024-06-07 00:30:00,SM GF,2.11
2024-06-07 00:30:00,SM KV OPF,0.0
2024-06-07 00:30:00,SM NPI,1.087169799
2024-06-07 00:30:00,SM TLO,3.67
2024-06-07 01:00:00,IB GF,0.0
2024-06-07 01:00:00,IB NPI,2.5
2024-06-07 01:00:00,IB OPF,92.87
2024-06-07 01:00:00,SM FT OPF,0.0
2024-06-07 01:00:00,SM GF,2.11
2024-06-07 01:00:00,SM KV OPF,0.0
2024-06-07 01:00:00,SM NPI,1.072980018
2024-06-07 01:00:00,SM TLO,3.67
2024-06-07 01:30:00,IB GF,0.0
2024-06-07 01:30:00,IB NPI,2.5
2024-06-07 01:30:00,IB OPF,92.87
2024-06-07 01:30:00,SM FT OPF,0.0
2024-06-07 01:30:00,SM GF,2.11
2024-06-07 01:30:00,SM KV OPF,0.0
2024-06-07 01:30:00,SM NPI,1.059140954
2024-06-07 01:30:00,SM TLO,3.67
2024-06-07 02:00:00,IB GF,0.0
2024-06-07 02:00:00,IB NPI,2.5
2024-06-07 02:00:00,IB OPF,92.87
2024-06-07 02:00:00,SM FT OPF,0.0
2024-06-07 02:00:00,SM GF,2.11
2024-06-07 02:00:00,SM KV OPF,0.0
2024-06-07 02:00:00,SM NPI,1.053258612
2024-06-07 02:00:00,SM TLO,3.67
2024-06-07 02:30:00,IB GF,0.0
2024-06-07 02:30:00,IB NPI,2.5
2024-06-07 02:30:00,IB OPF,92.87
2024-06-07 02:30:00,SM FT OPF,0.0
2024-06-07 02:30:00,SM GF,2.11
2024-06-07 02:30:00,SM KV OPF,0.0
2024-06-07 02:30:00,SM NPI,1.054997374
2024-06-07 02:30:00,SM TLO,3.67
2024-06-07 03:00:00,IB GF,0.0
2024-06-07 03:00:00,IB NPI,2.5
2024-06-07 03:00:00,IB OPF,92.87
2024-06-07 03:00:00,SM FT OPF,0.0
2024-06-07 03:00:00,SM GF,2.11
2024-06-07 03:00:00,SM KV OPF,0.0
2024-06-07 03:00:00,SM NPI,1.064720955
2024-06-07 03:00:00,SM TLO,3.67
2024-06-07 03:30:00,IB GF,0.0
2024-06-07 03:30:00,IB NPI,2.5
2024-06-07 03:30:00,IB OPF,92.87
2024-06-07 03:30:00,SM FT OPF,0.0
2024-06-07 03:30:00,SM GF,2.11
2024-06-07 03:30:00,SM KV OPF,0.0
2024-06-07 03:30:00,SM NPI,1.133590947
2024-06-07 03:30:00,SM TLO,3.67
2024-06-07 04:00:00,IB GF,0.0
2024-06-07 04:00:00,IB NPI,2.5
2024-06-07 04:00:00,IB OPF,92.87
2024-06-07 04:00:00,SM FT OPF,0.0
2024-06-07 04:00:00,SM GF,2.11
2024-06-07 04:00:00,SM KV OPF,0.0
2024-06-07 04:00:00,SM NPI,1.250284887
2024-06-07 04:00:00,SM TLO,3.67
2024-06-07 04:30:00,IB GF,0.0
2024-06-07 04:30:00,IB NPI,2.5
2024-06-07 04:30:00,IB OPF,92.87
2024-06-07 04:30:00,SM FT OPF,0.0
2024-06-07 04:30:00,SM GF,2.11
2024-06-07 04:30:00,SM KV OPF,0.0
2024-06-07 04:30:00,SM NPI,1.298962977
2024-06-07 04:30:00,SM TLO,3.67
2024-06-07 05:00:00,IB GF,0.0
2024-06-07 05:00:00,IB NPI,2.5
2024-06-07 05:00:00,IB OPF,92.87
2024-06-07 05:00:00,SM FT OPF,0.0
2024-06-07 05:00:00,SM GF,2.11
2024-06-07 05:00:00,SM KV OPF,0.0
2024-06-07 05:00:00,SM NPI,1.266896411
2024-06-07 05:00:00,SM TLO,3.67
2024-06-07 05:30:00,IB GF,0.0
2024-06-07 05:30:00,IB NPI,2.5
2024-06-07 05:30:00,IB OPF,92.87
2024-06-07 05:30:00,SM FT OPF,0.0
2024-06-07 05:30:00,SM GF,2.11
2024-06-07 05:30:00,SM KV OPF,0.0
2024-06-07 05:30:00,SM NPI,1.245572285
2024-06-07 05:30:00,SM TLO,3.67
2024-06-07 06:00:00,IB GF,0.0
2024-06-07 06:00:00,IB NPI,2.5
2024-06-07 06:00:00,IB OPF,92.87
2024-06-07 06:00:00,SM FT OPF,0.0
2024-06-07 06:00:00,SM GF,2.11
2024-06-07 06:00:00,SM KV OPF,0.0
2024-06-07 06:00:00,SM NPI,1.27820445
2024-06-07 06:00:00,SM TLO,3.67
2024-06-07 06:30:00,IB GF,0.0
2024-06-07 06:30:00,IB NPI,2.5
2024-06-07 06:30:00,IB OPF,92.87
2024-06-07 06:30:00,SM FT OPF,0.0
2024-06-07 06:30:00,SM GF,2.11
2024-06-07 06:30:00,SM KV OPF,0.0
2024-06-07 06:30:00,SM NPI,1.300961893
2024-06-07 06:30:00,SM TLO,3.67
2024-06-07 07:00:00,IB GF,0.0
2024-06-07 07:00:00,IB NPI,2.5
2024-06-07 07:00:00,IB OPF,92.87
2024-06-07 07:00:00,SM FT OPF,0.0
2024-06-07 07:00:00,SM GF,2.11
2024-06-07 07:00:00,SM KV OPF,0.0
2024-06-07 07:00:00,SM NPI,1.321497779
2024-06-07 07:00:00,SM TLO,3.67
2024-06-07 07:30:00,IB GF,0.0
2024-06-07 07:30:00,IB NPI,2.5
2024-06-07 07:30:00,IB OPF,92.87
2024-06-07 07:30:00,SM FT OPF,0.0
2024-06-07 07:30:00,SM GF,2.11
2024-06-07 07:30:00,SM KV OPF,0.0
2024-06-07 07:30:00,SM NPI,1.321151591
2024-06-07 07:30:00,SM TLO,3.67
2024-06-07 08:00:00,IB GF,0.0
2024-06-07 08:00:00,IB NPI,2.5
2024-06-07 08:00:00,IB OPF,92.87
2024-06-07 08:00:00,SM FT OPF,0.0
2024-06-07 08:00:00,SM GF,2.11
2024-06-07 08:00:00,SM KV OPF,0.0
2024-06-07 08:00:00,SM NPI,1.310661029
2024-06-07 08:00:00,SM TLO,3.67
2024-06-07 08:30:00,IB GF,0.0
2024-06-07 08:30:00,IB NPI,2.5
2024-06-07 08:30:00,IB OPF,92.87
2024-06-07 08:30:00,SM FT OPF,0.0
2024-06-07 08:30:00,SM GF,2.11
2024-06-07 08:30:00,SM KV OPF,0.0
2024-06-07 08:30:00,SM NPI,1.297709882
2024-06-07 08:30:00,SM TLO,3.67
2024-06-07 09:00:00,IB GF,0.0
2024-06-07 09:00:00,IB NPI,2.5
2024-06-07 09:00:00,IB OPF,92.87
2024-06-07 09:00:00,SM FT OPF,0.0
2024-06-07 09:00:00,SM GF,2.11
2024-06-07 09:00:00,SM KV OPF,0.0
2024-06-07 09:00:00,SM NPI,1.292687102
2024-06-07 09:00:00,SM TLO,3.67
2024-06-07 09:30:00,IB GF,0.0
2024-06-07 09:30:00,IB NPI,2.5
2024-06-07 09:30:00,IB OPF,92.87
2024-06-07 09:30:00,SM FT OPF,0.0
2024-06-07 09:30:00,SM GF,2.11
2024-06-07 09:30:00,SM KV OPF,0.0
2024-06-07 09:30:00,SM NPI,1.337126774
2024-06-07 09:30:00,SM TLO,3.67
2024-06-07 10:00:00,IB GF,0.0
2024-06-07 10:00:00,IB NPI,2.5
2024-06-07 10:00:00,IB OPF,92.87
2024-06-07 10:00:00,SM FT OPF,0.0
2024-06-07 10:00:00,SM GF,2.11
2024-06-07 10:00:00,SM KV OPF,0.0
2024-06-07 10:00:00,SM NPI,1.401844438
2024-06-07 10:00:00,SM TLO,3.67
2024-06-07 10:30:00,IB GF,0.0
2024-06-07 10:30:00,IB NPI,2.5
2024-06-07 10:30:00,IB OPF,92.87
2024-06-07 10:30:00,SM FT OPF,0.0
2024-06-07 10:30:00,SM GF,2.11
2024-06-07 10:30:00,SM KV OPF,0.0
2024-06-07 10:30:00,SM NPI,1.454629478
2024-06-07 10:30:00,SM TLO,3.67
2024-06-07 11:00:00,IB GF,0.0
2024-06-07 11:00:00,IB NPI,2.5
2024-06-07 11:00:00,IB OPF,92.87
2024-06-07 11:00:00,SM FT OPF,0.0
2024-06-07 11:00:00,SM GF,2.11
2024-06-07 11:00:00,SM KV OPF,0.0
2024-06-07 11:00:00,SM NPI,1.500260174
2024-06-07 11:00:00,SM TLO,3.67
2024-06-07 11:30:00,IB GF,0.0
2024-06-07 11:30:00,IB NPI,2.5
2024-06-07 11:30:00,IB OPF,92.87
2024-06-07 11:30:00,SM FT OPF,0.0
2024-06-07 11:30:00,SM GF,2.11
2024-06-07 11:30:00,SM KV OPF,0.0
2024-06-07 11:30:00,SM NPI,1.539540247
2024-06-07 11:30:00,SM TLO,3.67
2024-06-07 12:00:00,IB GF,0.0
2024-06-07 12:00:00,IB NPI,2.5
2024-06-07 12:00:00,IB OPF,92.87
2024-06-07 12:00:00,SM FT OPF,0.0
2024-06-07 12:00:00,SM GF,2.11
2024-06-07 12:00:00,SM KV OPF,0.0
2024-06-07 12:00:00,SM NPI,1.571380037
2024-06-07 12:00:00,SM TLO,3.67
2024-06-07 12:30:00,IB GF,0.0
2024-06-07 12:30:00,IB NPI,2.5
2024-06-07 12:30:00,IB OPF,92.87
2024-06-07 12:30:00,SM FT OPF,0.0
2024-06-07 12:30:00,SM GF,2.11
2024-06-07 12:30:00,SM KV OPF,0.0
2024-06-07 12:30:00,SM NPI,1.59884679
2024-06-07 12:30:00,SM TLO,3.67
2024-06-07 13:00:00,IB GF,0.0
2024-06-07 13:00:00,IB NPI,2.5
2024-06-07 13:00:00,IB OPF,92.87
2024-06-07 13:00:00,SM FT OPF,0.0
2024-06-07 13:00:00,SM GF,2.11
2024-06-07 13:00:00,SM KV OPF,0.0
2024-06-07 13:00:00,SM NPI,1.634825275
2024-06-07 13:00:00,SM TLO,3.67
2024-06-07 13:30:00,IB GF,0.0
2024-06-07 13:30:00,IB NPI,2.5
2024-06-07 13:30:00,IB OPF,92.87
2024-06-07 13:30:00,SM FT OPF,0.0
2024-06-07 13:30:00,SM GF,2.11
2024-06-07 13:30:00,SM KV OPF,0.0
2024-06-07 13:30:00,SM NPI,1.676886978
2024-06-07 13:30:00,SM TLO,3.67
2024-06-07 14:00:00,IB GF,0.0
2024-06-07 14:00:00,IB NPI,2.5
2024-06-07 14:00:00,IB OPF,92.87
2024-06-07 14:00:00,SM FT OPF,0.0
2024-06-07 14:00:00,SM GF,2.11
2024-06-07 14:00:00,SM KV OPF,0.0
2024-06-07 14:00:00,SM NPI,1.73537299
2024-06-07 14:00:00,SM TLO,3.67
2024-06-07 14:30:00,IB GF,0.0
2024-06-07 14:30:00,IB NPI,2.5
2024-06-07 14:30:00,IB OPF,92.87
2024-06-07 14:30:00,SM FT OPF,0.0
2024-06-07 14:30:00,SM GF,2.11
2024-06-07 14:30:00,SM KV OPF,0.0
2024-06-07 14:30:00,SM NPI,1.774138871
2024-06-07 14:30:00,SM TLO,3.67
2024-06-07 15:00:00,IB GF,0.0
2024-06-07 15:00:00,IB NPI,2.5
2024-06-07 15:00:00,IB OPF,92.87
2024-06-07 15:00:00,SM FT OPF,0.0
2024-06-07 15:00:00,SM GF,2.11
2024-06-07 15:00:00,SM KV OPF,0.0
2024-06-07 15:00:00,SM NPI,1.799056048
2024-06-07 15:00:00,SM TLO,3.67
2024-06-07 15:30:00,IB GF,0.0
2024-06-07 15:30:00,IB NPI,2.5
2024-06-07 15:30:00,IB OPF,92.87
2024-06-07 15:30:00,SM FT OPF,0.0
2024-06-07 15:30:00,SM GF,2.11
2024-06-07 15:30:00,SM KV OPF,0.0
2024-06-07 15:30:00,SM NPI,1.842746291
2024-06-07 15:30:00,SM TLO,3.67
2024-06-07 16:00:00,IB GF,0.0
2024-06-07 16:00:00,IB NPI,2.5
2024-06-07 16:00:00,IB OPF,92.87
2024-06-07 16:00:00,SM FT OPF,0.0
2024-06-07 16:00:00,SM GF,2.11
2024-06-07 16:00:00,SM KV OPF,0.0
2024-06-07 16:00:00,SM NPI,1.84306301
2024-06-07 16:00:00,SM TLO,3.67
2024-06-07 16:30:00,IB GF,0.0
2024-06-07 16:30:00,IB NPI,2.5
2024-06-07 16:30:00,IB OPF,92.87
2024-06-07 16:30:00,SM FT OPF,0.0
2024-06-07 16:30:00,SM GF,2.11
2024-06-07 16:30:00,SM KV OPF,0.0
2024-06-07 16:30:00,SM NPI,1.790033153
2024-06-07 16:30:00,SM TLO,3.67
2024-06-07 17:00:00,IB GF,0.0
2024-06-07 17:00:00,IB NPI,2.5
2024-06-07 17:00:00,IB OPF,92.87
2024-06-07 17:00:00,SM FT OPF,0.0
2024-06-07 17:00:00,SM GF,2.11
2024-06-07 17:00:00,SM KV OPF,0.0
2024-06-07 17:00:00,SM NPI,1.750001364
2024-06-07 17:00:00,SM TLO,3.67
2024-06-07 17:30:00,IB GF,0.0
2024-06-07 17:30:00,IB NPI,2.5
2024-06-07 17:30:00,IB OPF,92.87
2024-06-07 17:30:00,SM FT OPF,0.0
2024-06-07 17:30:00,SM GF,2.11
2024-06-07 17:30:00,SM KV OPF,0.0
2024-06-07 17:30:00,SM NPI,1.788238573
2024-06-07 17:30:00,SM TLO,3.67
2024-06-07 18:00:00,IB GF,0.0
2024-06-07 18:00:00,IB NPI,2.5
2024-06-07 18:00:00,IB OPF,92.87
2024-06-07 18:00:00,SM FT OPF,0.0
2024-06-07 18:00:00,SM GF,2.11
2024-06-07 18:00:00,SM KV OPF,0.0
2024-06-07 18:00:00,SM NPI,1.890842235
2024-06-07 18:00:00,SM TLO,3.67
2024-06-07 18:30:00,IB GF,0.0
2024-06-07 18:30:00,IB NPI,2.5
2024-06-07 18:30:00,IB OPF,92.87
2024-06-07 18:30:00,SM FT OPF,0.0
2024-06-07 18:30:00,SM GF,2.11
2024-06-07 18:30:00,SM KV OPF,0.0
2024-06-07 18:30:00,SM NPI,1.961800312
2024-06-07 18:30:00,SM TLO,3.67
2024-06-07 19:00:00,IB GF,0.0
2024-06-07 19:00:00,IB NPI,2.5
2024-06-07 19:00:00,IB OPF,92.87
2024-06-07 19:00:00,SM FT OPF,0.0
2024-06-07 19:00:00,SM GF,2.11
2024-06-07 19:00:00,SM KV OPF,0.0
2024-06-07 19:00:00,SM NPI,1.991182327
2024-06-07 19:00:00,SM TLO,3.67
2024-06-07 19:30:00,IB GF,0.0
2024-06-07 19:30:00,IB NPI,2.5
2024-06-07 19:30:00,IB OPF,92.87
2024-06-07 19:30:00,SM FT OPF,0.0
2024-06-07 19:30:00,SM GF,2.11
2024-06-07 19:30:00,SM KV OPF,0.0
2024-06-07 19:30:00,SM NPI,1.912846418
2024-06-07 19:30:00,SM TLO,3.67
2024-06-07 20:00:00,IB GF,0.0
2024-06-07 20:00:00,IB NPI,2.5
2024-06-07 20:00:00,IB OPF,92.87
2024-06-07 20:00:00,SM FT OPF,0.0
2024-06-07 20:00:00,SM GF,2.11
2024-06-07 20:00:00,SM KV OPF,0.0
2024-06-07 20:00:00,SM NPI,1.754425675
2024-06-07 20:00:00,SM TLO,3.67
2024-06-07 20:30:00,IB GF,0.0
2024-06-07 20:30:00,IB NPI,2.5
2024-06-07 20:30:00,IB OPF,92.87
2024-06-07 20:30:00,SM FT OPF,0.0
2024-06-07 20:30:00,SM GF,2.11
2024-06-07 20:30:00,SM KV OPF,0.0
2024-06-07 20:30:00,SM NPI,1.585590322
2024-06-07 20:30:00,SM TLO,3.67
2024-06-07 21:00:00,IB GF,0.0
2024-06-07 21:00:00,IB NPI,2.5
2024-06-07 21:00:00,IB OPF,92.87
2024-06-07 21:00:00,SM FT OPF,0.0
2024-06-07 21:00:00,SM GF,2.11
2024-06-07 21:00:00,SM KV OPF,0.0
2024-06-07 21:00:00,SM NPI,1.443318033
2024-06-07 21:00:00,SM TLO,3.67
2024-06-07 21:30:00,IB GF,0.0
2024-06-07 21:30:00,IB NPI,2.5
2024-06-07 21:30:00,IB OPF,92.87
2024-06-07 21:30:00,SM FT OPF,0.0
2024-06-07 21:30:00,SM GF,2.11
2024-06-07 21:30:00,SM KV OPF,0.0
2024-06-07 21:30:00,SM NPI,1.361262464
2024-06-07 21:30:00,SM TLO,3.67
2024-06-07 22:00:00,IB GF,0.0
2024-06-07 22:00:00,IB NPI,2.5
2024-06-07 22:00:00,IB OPF,92.87
2024-06-07 22:00:00,SM FT OPF,0.0
2024-06-07 22:00:00,SM GF,2.11
2024-06-07 22:00:00,SM KV OPF,0.0
2024-06-07 22:00:00,SM NPI,1.290738582
2024-06-07 22:00:00,SM TLO,3.67
2024-06-07 22:30:00,IB GF,0.0
2024-06-07 22:30:00,IB NPI,2.5
2024-06-07 22:30:00,IB OPF,92.87
2024-06-07 22:30:00,SM FT OPF,0.0
2024-06-07 22:30:00,SM GF,2.11
2024-06-07 22:30:00,SM KV OPF,0.0
2024-06-07 22:30:00,SM NPI,1.22765903
2024-06-07 22:30:00,SM TLO,3.67
2024-06-07 23:00:00,IB GF,0.0
2024-06-07 23:00:00,IB NPI,2.5
2024-06-07 23:00:00,IB OPF,92.87
2024-06-07 23:00:00,SM FT OPF,0.0
2024-06-07 23:00:00,SM GF,2.11
2024-06-07 23:00:00,SM KV OPF,0.0
2024-06-07 23:00:00,SM NPI,1.177756833
2024-06-07 23:00:00,SM TLO,3.67
2024-06-07 23:30:00,IB GF,0.0
2024-06-07 23:30:00,IB NPI,2.5
2024-06-07 23:30:00,IB OPF,92.87
2024-06-07 23:30:00,SM FT OPF,0.0
2024-06-07 23:30:00,SM GF,2.11
2024-06-07 23:30:00,SM KV OPF,0.0
2024-06-07 23:30:00,SM NPI,1.142269322
2024-06-07 23:30:00,SM TLO,3.67
2024-06-08 00:00:00,IB GF,0.0
2024-06-08 00:00:00,IB NPI,2.5
2024-06-08 00:00:00,IB OPF,92.87
2024-06-08 00:00:00,SM FT OPF,0.0
2024-06-08 00:00:00,SM GF,2.11
2024-06-08 00:00:00,SM KV OPF,0.0
2024-06-08 00:00:00,SM NPI,1.111869009
2024-06-08 00:00:00,SM TLO,3.67
2024-06-08 00:30:00,IB GF,0.0
2024-06-08 00:30:00,IB NPI,2.5
2024-06-08 00:30:00,IB OPF,92.87
2024-06-08 00:30:00,SM FT OPF,0.0
2024-06-08 00:30:00,SM GF,2.11
2024-06-08 00:30:00,SM KV OPF,0.0
2024-06-08 00:30:00,SM NPI,1.087169799
2024-06-08 00:30:00,SM TLO,3.67
2024-06-08 01:00:00,IB GF,0.0
2024-06-08 01:00:00,IB NPI,2.5
2024-06-08 01:00:00,IB OPF,92.87
2024-06-08 01:00:00,SM FT OPF,0.0
2024-06-08 01:00:00,SM GF,2.11
2024-06-08 01:00:00,SM KV OPF,0.0
2024-06-08 01:00:00,SM NPI,1.072980018
2024-06-08 01:00:00,SM TLO,3.67
2024-06-08 01:30:00,IB GF,0.0
2024-06-08 01:30:00,IB NPI,2.5
2024-06-08 01:30:00,IB OPF,92.87
2024-06-08 01:30:00,SM FT OPF,0.0
2024-06-08 01:30:00,SM GF,2.11
2024-06-08 01:30:00,SM KV OPF,0.0
2024-06-08 01:30:00,SM NPI,1.059140954
2024-06-08 01:30:00,SM TLO,3.67
2024-06-08 02:00:00,IB GF,0.0
2024-06-08 02:00:00,IB NPI,2.5
2024-06-08 02:00:00,IB OPF,92.87
2024-06-08 02:00:00,SM FT OPF,0.0
2024-06-08 02:00:00,SM GF,2.11
2024-06-08 02:00:00,SM KV OPF,0.0
2024-06-08 02:00:00,SM NPI,1.053258612
2024-06-08 02:00:00,SM TLO,3.67
2024-06-08 02:30:00,IB GF,0.0
2024-06-08 02:30:00,IB NPI,2.5
2024-06-08 02:30:00,IB OPF,92.87
2024-06-08 02:30:00,SM FT OPF,0.0
2024-06-08 02:30:00,SM GF,2.11
2024-06-08 02:30:00,SM KV OPF,0.0
2024-06-08 02:30:00,SM NPI,1.054997374
2024-06-08 02:30:00,SM TLO,3.67
2024-06-08 03:00:00,IB GF,0.0
2024-06-08 03:00:00,IB NPI,2.5
2024-06-08 03:00:00,IB OPF,92.87
2024-06-08 03:00:00,SM FT OPF,0.0
2024-06-08 03:00:00,SM GF,2.11
2024-06-08 03:00:00,SM KV OPF,0.0
2024-06-08 03:00:00,SM NPI,1.064720955
2024-06-08 03:00:00,SM TLO,3.67
2024-06-08 03:30:00,IB GF,0.0
2024-06-08 03:30:00,IB NPI,2.5
2024-06-08 03:30:00,IB OPF,92.87
2024-06-08 03:30:00,SM FT OPF,0.0
2024-06-08 03:30:00,SM GF,2.11
2024-06-08 03:30:00,SM KV OPF,0.0
2024-06-08 03:30:00,SM NPI,1.133590947
2024-06-08 03:30:00,SM TLO,3.67
2024-06-08 04:00:00,IB GF,0.0
2024-06-08 04:00:00,IB NPI,2.5
2024-06-08 04:00:00,IB OPF,92.87
2024-06-08 04:00:00,SM FT OPF,0.0
2024-06-08 04:00:00,SM GF,2.11
2024-06-08 04:00:00,SM KV OPF,0.0
2024-06-08 04:00:00,SM NPI,1.250284887
2024-06-08 04:00:00,SM TLO,3.67
2024-06-08 04:30:00,IB GF,0.0
2024-06-08 04:30:00,IB NPI,2.5
2024-06-08 04:30:00,IB OPF,92.87
2024-06-08 04:30:00,SM FT OPF,0.0
2024-06-08 04:30:00,SM GF,2.11
2024-06-08 04:30:00,SM KV OPF,0.0
2024-06-08 04:30:00,SM NPI,1.298962977
2024-06-08 04:30:00,SM TLO,3.67
2024-06-08 05:00:00,IB GF,0.0
2024-06-08 05:00:00,IB NPI,2.5
2024-06-08 05:00:00,IB OPF,92.87
2024-06-08 05:00:00,SM FT OPF,0.0
2024-06-08 05:00:00,SM GF,2.11
2024-06-08 05:00:00,SM KV OPF,0.0
2024-06-08 05:00:00,SM NPI,1.266896411
2024-06-08 05:00:00,SM TLO,3.67
2024-06-08 05:30:00,IB GF,0.0
2024-06-08 05:30:00,IB NPI,2.5
2024-06-08 05:30:00,IB OPF,92.87
2024-06-08 05:30:00,SM FT OPF,0.0
2024-06-08 05:30:00,SM GF,2.11
2024-06-08 05:30:00,SM KV OPF,0.0
2024-06-08 05:30:00,SM NPI,1.245572285
2024-06-08 05:30:00,SM TLO,3.67
2024-06-08 06:00:00,IB GF,0.0
2024-06-08 06:00:00,IB NPI,2.5
2024-06-08 06:00:00,IB OPF,92.87
2024-06-08 06:00:00,SM FT OPF,0.0
2024-06-08 06:00:00,SM GF,2.11
2024-06-08 06:00:00,SM KV OPF,0.0
2024-06-08 06:00:00,SM NPI,1.27820445
2024-06-08 06:00:00,SM TLO,3.67
2024-06-08 06:30:00,IB GF,0.0
2024-06-08 06:30:00,IB NPI,2.5
2024-06-08 06:30:00,IB OPF,92.87
2024-06-08 06:30:00,SM FT OPF,0.0
2024-06-08 06:30:00,SM GF,2.11
2024-06-08 06:30:00,SM KV OPF,0.0
2024-06-08 06:30:00,SM NPI,1.300961893
2024-06-08 06:30:00,SM TLO,3.67
2024-06-08 07:00:00,IB GF,0.0
2024-06-08 07:00:00,IB NPI,2.5
2024-06-08 07:00:00,IB OPF,92.87
2024-06-08 07:00:00,SM FT OPF,0.0
2024-06-08 07:00:00,SM GF,2.11
2024-06-08 07:00:00,SM KV OPF,0.0
2024-06-08 07:00:00,SM NPI,1.321497779
2024-06-08 07:00:00,SM TLO,3.67
2024-06-08 07:30:00,IB GF,0.0
2024-06-08 07:30:00,IB NPI,2.5
2024-06-08 07:30:00,IB OPF,92.87
2024-06-08 07:30:00,SM FT OPF,0.0
2024-06-08 07:30:00,SM GF,2.11
2024-06-08 07:30:00,SM KV OPF,0.0
2024-06-08 07:30:00,SM NPI,1.321151591
2024-06-08 07:30:00,SM TLO,3.67
2024-06-08 08:00:00,IB GF,0.0
2024-06-08 08:00:00,IB NPI,2.5
2024-06-08 08:00:00,IB OPF,92.87
2024-06-08 08:00:00,SM FT OPF,0.0
2024-06-08 08:00:00,SM GF,2.11
2024-06-08 08:00:00,SM KV OPF,0.0
2024-06-08 08:00:00,SM NPI,1.310661029
2024-06-08 08:00:00,SM TLO,3.67
2024-06-08 08:30:00,IB GF,0.0
2024-06-08 08:30:00,IB NPI,2.5
2024-06-08 08:30:00,IB OPF,92.87
2024-06-08 08:30:00,SM FT OPF,0.0
2024-06-08 08:30:00,SM GF,2.11
2024-06-08 08:30:00,SM KV OPF,0.0
2024-06-08 08:30:00,SM NPI,1.297709882
2024-06-08 08:30:00,SM TLO,3.67
2024-06-08 09:00:00,IB GF,0.0
2024-06-08 09:00:00,IB NPI,2.5
2024-06-08 09:00:00,IB OPF,92.87
2024-06-08 09:00:00,SM FT OPF,0.0
2024-06-08 09:00:00,SM GF,2.11
2024-06-08 09:00:00,SM KV OPF,0.0
2024-06-08 09:00:00,SM NPI,1.292687102
2024-06-08 09:00:00,SM TLO,3.67
2024-06-08 09:30:00,IB GF,0.0
2024-06-08 09:30:00,IB NPI,2.5
2024-06-08 09:30:00,IB OPF,92.87
2024-06-08 09:30:00,SM FT OPF,0.0
2024-06-08 09:30:00,SM GF,2.11
2024-06-08 09:30:00,SM KV OPF,0.0
2024-06-08 09:30:00,SM NPI,1.337126774
2024-06-08 09:30:00,SM TLO,3.67
2024-06-08 10:00:00,IB GF,0.0
2024-06-08 10:00:00,IB NPI,2.5
2024-06-08 10:00:00,IB OPF,92.87
2024-06-08 10:00:00,SM FT OPF,0.0
2024-06-08 10:00:00,SM GF,2.11
2024-06-08 10:00:00,SM KV OPF,0.0
2024-06-08 10:00:00,SM NPI,1.401844438
2024-06-08 10:00:00,SM TLO,3.67
2024-06-08 10:30:00,IB GF,0.0
2024-06-08 10:30:00,IB NPI,2.5
2024-06-08 10:30:00,IB OPF,92.87
2024-06-08 10:30:00,SM FT OPF,0.0
2024-06-08 10:30:00,SM GF,2.11
2024-06-08 10:30:00,SM KV OPF,0.0
2024-06-08 10:30:00,SM NPI,1.454629478
2024-06-08 10:30:00,SM TLO,3.67
2024-06-08 11:00:00,IB GF,0.0
2024-06-08 11:00:00,IB NPI,2.5
2024-06-08 11:00:00,IB OPF,92.87
2024-06-08 11:00:00,SM FT OPF,0.0
2024-06-08 11:00:00,SM GF,2.11
2024-06-08 11:00:00,SM KV OPF,0.0
2024-06-08 11:00:00,SM NPI,1.500260174
2024-06-08 11:00:00,SM TLO,3.67
2024-06-08 11:30:00,IB GF,0.0
2024-06-08 11:30:00,IB NPI,2.5
2024-06-08 11:30:00,IB OPF,92.87
2024-06-08 11:30:00,SM FT OPF,0.0
2024-06-08 11:30:00,SM GF,2.11
2024-06-08 11:30:00,SM KV OPF,0.0
2024-06-08 11:30:00,SM NPI,1.539540247
2024-06-08 11:30:00,SM TLO,3.67
2024-06-08 12:00:00,IB GF,0.0
2024-06-08 12:00:00,IB NPI,2.5
2024-06-08 12:00:00,IB OPF,92.87
2024-06-08 12:00:00,SM FT OPF,0.0
2024-06-08 12:00:00,SM GF,2.11
2024-06-08 12:00:00,SM KV OPF,0.0
2024-06-08 12:00:00,SM NPI,1.571380037
2024-06-08 12:00:00,SM TLO,3.67
2024-06-08 12:30:00,IB GF,0.0
2024-06-08 12:30:00,IB NPI,2.5
2024-06-08 12:30:00,IB OPF,92.87
2024-06-08 12:30:00,SM FT OPF,0.0
2024-06-08 12:30:00,SM GF,2.11
2024-06-08 12:30:00,SM KV OPF,0.0
2024-06-08 12:30:00,SM NPI,1.59884679
2024-06-08 12:30:00,SM TLO,3.67
2024-06-08 13:00:00,IB GF,0.0
2024-06-08 13:00:00,IB NPI,2.5
2024-06-08 13:00:00,IB OPF,92.87
2024-06-08 13:00:00,SM FT OPF,0.0
2024-06-08 13:00:00,SM GF,2.11
2024-06-08 13:00:00,SM KV OPF,0.0
2024-06-08 13:00:00,SM NPI,1.634825275
2024-06-08 13:00:00,SM TLO,3.67
2024-06-08 13:30:00,IB GF,0.0
2024-06-08 13:30:00,IB NPI,2.5
2024-06-08 13:30:00,IB OPF,92.87
2024-06-08 13:30:00,SM FT OPF,0.0
2024-06-08 13:30:00,SM GF,2.11
2024-06-08 13:30:00,SM KV OPF,0.0
2024-06-08 13:30:00,SM NPI,1.676886978
2024-06-08 13:30:00,SM TLO,3.67
2024-06-08 14:00:00,IB GF,0.0
2024-06-08 14:00:00,IB NPI,2.5
2024-06-08 14:00:00,IB OPF,92.87
2024-06-08 14:00:00,SM FT OPF,0.0
2024-06-08 14:00:00,SM GF,2.11
2024-06-08 14:00:00,SM KV OPF,0.0
2024-06-08 14:00:00,SM NPI,1.73537299
2024-06-08 14:00:00,SM TLO,3.67
2024-06-08 14:30:00,IB GF,0.0
2024-06-08 14:30:00,IB NPI,2.5
2024-06-08 14:30:00,IB OPF,92.87
2024-06-08 14:30:00,SM FT OPF,0.0
2024-06-08 14:30:00,SM GF,2.11
2024-06-08 14:30:00,SM KV OPF,0.0
2024-06-08 14:30:00,SM NPI,1.774138871
2024-06-08 14:30:00,SM TLO,3.67
2024-06-08 15:00:00,IB GF,0.0
2024-06-08 15:00:00,IB NPI,2.5
2024-06-08 15:00:00,IB OPF,92.87
2024-06-08 15:00:00,SM FT OPF,0.0
2024-06-08 15:00:00,SM GF,2.11
2024-06-08 15:00:00,SM KV OPF,0.0
2024-06-08 15:00:00,SM NPI,1.799056048
2024-06-08 15:00:00,SM TLO,3.67
2024-06-08 15:30:00,IB GF,0.0
2024-06-08 15:30:00,IB NPI,2.5
2024-06-08 15:30:00,IB OPF,92.87
2024-06-08 15:30:00,SM FT OPF,0.0
2024-06-08 15:30:00,SM GF,2.11
2024-06-08 15:30:00,SM KV OPF,0.0
2024-06-08 15:30:00,SM NPI,1.842746291
2024-06-08 15:30:00,SM TLO,3.67
2024-06-08 16:00:00,IB GF,0.0
2024-06-08 16:00:00,IB NPI,2.5
2024-06-08 16:00:00,IB OPF,92.87
2024-06-08 16:00:00,SM FT OPF,0.0
2024-06-08 16:00:00,SM GF,2.11
2024-06-08 16:00:00,SM KV OPF,0.0
2024-06-08 16:00:00,SM NPI,1.84306301
2024-06-08 16:00:00,SM TLO,3.67
2024-06-08 16:30:00,IB GF,0.0
2024-06-08 16:30:00,IB NPI,2.5
2024-06-08 16:30:00,IB OPF,92.87
2024-06-08 16:30:00,SM FT OPF,0.0
2024-06-08 16:30:00,SM GF,2.11
2024-06-08 16:30:00,SM KV OPF,0.0
2024-06-08 16:30:00,SM NPI,1.790033153
2024-06-08 16:30:00,SM TLO,3.67
2024-06-08 17:00:00,IB GF,0.0
2024-06-08 17:00:00,IB NPI,2.5
2024-06-08 17:00:00,IB OPF,92.87
2024-06-08 17:00:00,SM FT OPF,0.0
2024-06-08 17:00:00,SM GF,2.11
2024-06-08 17:00:00,SM KV OPF,0.0
2024-06-08 17:00:00,SM NPI,1.750001364
2024-06-08 17:00:00,SM TLO,3.67
2024-06-08 17:30:00,IB GF,0.0
2024-06-08 17:30:00,IB NPI,2.5
2024-06-08 17:30:00,IB OPF,92.87
2024-06-08 17:30:00,SM FT OPF,0.0
2024-06-08 17:30:00,SM GF,2.11
2024-06-08 17:30:00,SM KV OPF,0.0
2024-06-08 17:30:00,SM NPI,1.788238573
2024-06-08 17:30:00,SM TLO,3.67
2024-06-08 18:00:00,IB GF,0.0
2024-06-08 18:00:00,IB NPI,2.5
2024-06-08 18:00:00,IB OPF,92.87
2024-06-08 18:00:00,SM FT OPF,0.0
2024-06-08 18:00:00,SM GF,2.11
2024-06-08 18:00:00,SM KV OPF,0.0
2024-06-08 18:00:00,SM NPI,1.890842235
2024-06-08 18:00:00,SM TLO,3.67
2024-06-08 18:30:00,IB GF,0.0
2024-06-08 18:30:00,IB NPI,2.5
2024-06-08 18:30:00,IB OPF,92.87
2024-06-08 18:30:00,SM FT OPF,0.0
2024-06-08 18:30:00,SM GF,2.11
2024-06-08 18:30:00,SM KV OPF,0.0
2024-06-08 18:30:00,SM NPI,1.961800312
2024-06-08 18:30:00,SM TLO,3.67
2024-06-08 19:00:00,IB GF,0.0
2024-06-08 19:00:00,IB NPI,2.5
2024-06-08 19:00:00,IB OPF,92.87
2024-06-08 19:00:00,SM FT OPF,0.0
2024-06-08 19:00:00,SM GF,2.11
2024-06-08 19:00:00,SM KV OPF,0.0
2024-06-08 19:00:00,SM NPI,1.991182327
2024-06-08 19:00:00,SM TLO,3.67
2024-06-08 19:30:00,IB GF,0.0
2024-06-08 19:30:00,IB NPI,2.5
2024-06-08 19:30:00,IB OPF,92.87
2024-06-08 19:30:00,SM FT OPF,0.0
2024-06-08 19:30:00,SM GF,2.11
2024-06-08 19:30:00,SM KV OPF,0.0
2024-06-08 19:30:00,SM NPI,1.912846418
2024-06-08 19:30:00,SM TLO,3.67
2024-06-08 20:00:00,IB GF,0.0
2024-06-08 20:00:00,IB NPI,2.5
2024-06-08 20:00:00,IB OPF,92.87
2024-06-08 20:00:00,SM FT OPF,0.0
2024-06-08 20:00:00,SM GF,2.11
2024-06-08 20:00:00,SM KV OPF,0.0
2024-06-08 20:00:00,SM NPI,1.754425675
2024-06-08 20:00:00,SM TLO,3.67
2024-06-08 20:30:00,IB GF,0.0
2024-06-08 20:30:00,IB NPI,2.5
2024-06-08 20:30:00,IB OPF,92.87
2024-06-08 20:30:00,SM FT OPF,0.0
2024-06-08 20:30:00,SM GF,2.11
2024-06-08 20:30:00,SM KV OPF,0.0
2024-06-08 20:30:00,SM NPI,1.585590322
2024-06-08 20:30:00,SM TLO,3.67
2024-06-08 21:00:00,IB GF,0.0
2024-06-08 21:00:00,IB NPI,2.5
2024-06-08 21:00:00,IB OPF,92.87
2024-06-08 21:00:00,SM FT OPF,0.0
2024-06-08 21:00:00,SM GF,2.11
2024-06-08 21:00:00,SM KV OPF,0.0
2024-06-08 21:00:00,SM NPI,1.443318033
2024-06-08 21:00:00,SM TLO,3.67
2024-06-08 21:30:00,IB GF,0.0
2024-06-08 21:30:00,IB NPI,2.5
2024-06-08 21:30:00,IB OPF,92.87
2024-06-08 21:30:00,SM FT OPF,0.0
2024-06-08 21:30:00,SM GF,2.11
2024-06-08 21:30:00,SM KV OPF,0.0
2024-06-08 21:30:00,SM NPI,1.361262464
2024-06-08 21:30:00,SM TLO,3.67
2024-06-08 22:00:00,IB GF,0.0
2024-06-08 22:00:00,IB NPI,2.5
2024-06-08 22:00:00,IB OPF,92.87
2024-06-08 22:00:00,SM FT OPF,0.0
2024-06-08 22:00:00,SM GF,2.11
2024-06-08 22:00:00,SM KV OPF,0.0
2024-06-08 22:00:00,SM NPI,1.290738582
2024-06-08 22:00:00,SM TLO,3.67
2024-06-08 22:30:00,IB GF,0.0
2024-06-08 22:30:00,IB NPI,2.5
2024-06-08 22:30:00,IB OPF,92.87
2024-06-08 22:30:00,SM FT OPF,0.0
2024-06-08 22:30:00,SM GF,2.11
2024-06-08 22:30:00,SM KV OPF,0.0
2024-06-08 22:30:00,SM NPI,1.22765903
2024-06-08 22:30:00,SM TLO,3.67
2024-06-08 23:00:00,IB GF,0.0
2024-06-08 23:00:00,IB NPI,2.5
2024-06-08 23:00:00,IB OPF,92.87
2024-06-08 23:00:00,SM FT OPF,0.0
2024-06-08 23:00:00,SM GF,2.11
2024-06-08 23:00:00,SM KV OPF,0.0
2024-06-08 23:00:00,SM NPI,1.177756833
2024-06-08 23:00:00,SM TLO,3.67
2024-06-08 23:30:00,IB GF,0.0
2024-06-08 23:30:00,IB NPI,2.5
2024-06-08 23:30:00,IB OPF,92.87
2024-06-08 23:30:00,SM FT OPF,0.0
2024-06-08 23:30:00,SM GF,2.11
2024-06-08 23:30:00,SM KV OPF,0.0
2024-06-08 23:30:00,SM NPI,1.142269322
2024-06-08 23:30:00,SM TLO,3.67
2024-06-09 00:00:00,IB GF,0.0
2024-06-09 00:00:00,IB NPI,2.5
2024-06-09 00:00:00,IB OPF,92.87
2024-06-09 00:00:00,SM FT OPF,0.0
2024-06-09 00:00:00,SM GF,2.11
2024-06-09 00:00:00,SM KV OPF,0.0
2024-06-09 00:00:00,SM NPI,1.104200947
2024-06-09 00:00:00,SM TLO,3.67
2024-06-09 00:30:00,IB GF,0.0
2024-06-09 00:30:00,IB NPI,2.5
2024-06-09 00:30:00,IB OPF,92.87
2024-06-09 00:30:00,SM FT OPF,0.0
2024-06-09 00:30:00,SM GF,2.11
2024-06-09 00:30:00,SM KV OPF,0.0
2024-06-09 00:30:00,SM NPI,1.079672076
2024-06-09 00:30:00,SM TLO,3.67
2024-06-09 01:00:00,IB GF,0.0
2024-06-09 01:00:00,IB NPI,2.5
2024-06-09 01:00:00,IB OPF,92.87
2024-06-09 01:00:00,SM FT OPF,0.0
2024-06-09 01:00:00,SM GF,2.11
2024-06-09 01:00:00,SM KV OPF,0.0
2024-06-09 01:00:00,SM NPI,1.065580156
2024-06-09 01:00:00,SM TLO,3.67
2024-06-09 01:30:00,IB GF,0.0
2024-06-09 01:30:00,IB NPI,2.5
2024-06-09 01:30:00,IB OPF,92.87
2024-06-09 01:30:00,SM FT OPF,0.0
2024-06-09 01:30:00,SM GF,2.11
2024-06-09 01:30:00,SM KV OPF,0.0
2024-06-09 01:30:00,SM NPI,1.051836534
2024-06-09 01:30:00,SM TLO,3.67
2024-06-09 02:00:00,IB GF,0.0
2024-06-09 02:00:00,IB NPI,2.5
2024-06-09 02:00:00,IB OPF,92.87
2024-06-09 02:00:00,SM FT OPF,0.0
2024-06-09 02:00:00,SM GF,2.11
2024-06-09 02:00:00,SM KV OPF,0.0
2024-06-09 02:00:00,SM NPI,1.045994759
2024-06-09 02:00:00,SM TLO,3.67
2024-06-09 02:30:00,IB GF,0.0
2024-06-09 02:30:00,IB NPI,2.5
2024-06-09 02:30:00,IB OPF,92.87
2024-06-09 02:30:00,SM FT OPF,0.0
2024-06-09 02:30:00,SM GF,2.11
2024-06-09 02:30:00,SM KV OPF,0.0
2024-06-09 02:30:00,SM NPI,1.04772153
2024-06-09 02:30:00,SM TLO,3.67
2024-06-09 03:00:00,IB GF,0.0
2024-06-09 03:00:00,IB NPI,2.5
2024-06-09 03:00:00,IB OPF,92.87
2024-06-09 03:00:00,SM FT OPF,0.0
2024-06-09 03:00:00,SM GF,2.11
2024-06-09 03:00:00,SM KV OPF,0.0
2024-06-09 03:00:00,SM NPI,1.057378052
2024-06-09 03:00:00,SM TLO,3.67
2024-06-09 03:30:00,IB GF,0.0
2024-06-09 03:30:00,IB NPI,2.5
2024-06-09 03:30:00,IB OPF,92.87
2024-06-09 03:30:00,SM FT OPF,0.0
2024-06-09 03:30:00,SM GF,2.11
2024-06-09 03:30:00,SM KV OPF,0.0
2024-06-09 03:30:00,SM NPI,1.125773078
2024-06-09 03:30:00,SM TLO,3.67
2024-06-09 04:00:00,IB GF,0.0
2024-06-09 04:00:00,IB NPI,2.5
2024-06-09 04:00:00,IB OPF,92.87
2024-06-09 04:00:00,SM FT OPF,0.0
2024-06-09 04:00:00,SM GF,2.11
2024-06-09 04:00:00,SM KV OPF,0.0
2024-06-09 04:00:00,SM NPI,1.241662233
2024-06-09 04:00:00,SM TLO,3.67
2024-06-09 04:30:00,IB GF,0.0
2024-06-09 04:30:00,IB NPI,2.5
2024-06-09 04:30:00,IB OPF,92.87
2024-06-09 04:30:00,SM FT OPF,0.0
2024-06-09 04:30:00,SM GF,2.11
2024-06-09 04:30:00,SM KV OPF,0.0
2024-06-09 04:30:00,SM NPI,1.290004612
2024-06-09 04:30:00,SM TLO,3.67
2024-06-09 05:00:00,IB GF,0.0
2024-06-09 05:00:00,IB NPI,2.5
2024-06-09 05:00:00,IB OPF,92.87
2024-06-09 05:00:00,SM FT OPF,0.0
2024-06-09 05:00:00,SM GF,2.11
2024-06-09 05:00:00,SM KV OPF,0.0
2024-06-09 05:00:00,SM NPI,1.258159194
2024-06-09 05:00:00,SM TLO,3.67
2024-06-09 05:30:00,IB GF,0.0
2024-06-09 05:30:00,IB NPI,2.5
2024-06-09 05:30:00,IB OPF,92.87
2024-06-09 05:30:00,SM FT OPF,0.0
2024-06-09 05:30:00,SM GF,2.11
2024-06-09 05:30:00,SM KV OPF,0.0
2024-06-09 05:30:00,SM NPI,1.236982132
2024-06-09 05:30:00,SM TLO,3.67
2024-06-09 06:00:00,IB GF,0.0
2024-06-09 06:00:00,IB NPI,2.5
2024-06-09 06:00:00,IB OPF,92.87
2024-06-09 06:00:00,SM FT OPF,0.0
2024-06-09 06:00:00,SM GF,2.11
2024-06-09 06:00:00,SM KV OPF,0.0
2024-06-09 06:00:00,SM NPI,1.269389247
2024-06-09 06:00:00,SM TLO,3.67
2024-06-09 06:30:00,IB GF,0.0
2024-06-09 06:30:00,IB NPI,2.5
2024-06-09 06:30:00,IB OPF,92.87
2024-06-09 06:30:00,SM FT OPF,0.0
2024-06-09 06:30:00,SM GF,2.11
2024-06-09 06:30:00,SM KV OPF,0.0
2024-06-09 06:30:00,SM NPI,1.291989742
2024-06-09 06:30:00,SM TLO,3.67
2024-06-09 07:00:00,IB GF,0.0
2024-06-09 07:00:00,IB NPI,2.5
2024-06-09 07:00:00,IB OPF,92.87
2024-06-09 07:00:00,SM FT OPF,0.0
2024-06-09 07:00:00,SM GF,2.11
2024-06-09 07:00:00,SM KV OPF,0.0
2024-06-09 07:00:00,SM NPI,1.312384001
2024-06-09 07:00:00,SM TLO,3.67
2024-06-09 07:30:00,IB GF,0.0
2024-06-09 07:30:00,IB NPI,2.5
2024-06-09 07:30:00,IB OPF,92.87
2024-06-09 07:30:00,SM FT OPF,0.0
2024-06-09 07:30:00,SM GF,2.11
2024-06-09 07:30:00,SM KV OPF,0.0
2024-06-09 07:30:00,SM NPI,1.312040201
2024-06-09 07:30:00,SM TLO,3.67
2024-06-09 08:00:00,IB GF,0.0
2024-06-09 08:00:00,IB NPI,2.5
2024-06-09 08:00:00,IB OPF,92.87
2024-06-09 08:00:00,SM FT OPF,0.0
2024-06-09 08:00:00,SM GF,2.11
2024-06-09 08:00:00,SM KV OPF,0.0
2024-06-09 08:00:00,SM NPI,1.301621988
2024-06-09 08:00:00,SM TLO,3.67
2024-06-09 08:30:00,IB GF,0.0
2024-06-09 08:30:00,IB NPI,2.5
2024-06-09 08:30:00,IB OPF,92.87
2024-06-09 08:30:00,SM FT OPF,0.0
2024-06-09 08:30:00,SM GF,2.11
2024-06-09 08:30:00,SM KV OPF,0.0
2024-06-09 08:30:00,SM NPI,1.288760159
2024-06-09 08:30:00,SM TLO,3.67
2024-06-09 09:00:00,IB GF,0.0
2024-06-09 09:00:00,IB NPI,2.5
2024-06-09 09:00:00,IB OPF,92.87
2024-06-09 09:00:00,SM FT OPF,0.0
2024-06-09 09:00:00,SM GF,2.11
2024-06-09 09:00:00,SM KV OPF,0.0
2024-06-09 09:00:00,SM NPI,1.283772018
2024-06-09 09:00:00,SM TLO,3.67
2024-06-09 09:30:00,IB GF,0.0
2024-06-09 09:30:00,IB NPI,2.5
2024-06-09 09:30:00,IB OPF,92.87
2024-06-09 09:30:00,SM FT OPF,0.0
2024-06-09 09:30:00,SM GF,2.11
2024-06-09 09:30:00,SM KV OPF,0.0
2024-06-09 09:30:00,SM NPI,1.32790521
2024-06-09 09:30:00,SM TLO,3.67
2024-06-09 10:00:00,IB GF,0.0
2024-06-09 10:00:00,IB NPI,2.5
2024-06-09 10:00:00,IB OPF,92.87
2024-06-09 10:00:00,SM FT OPF,0.0
2024-06-09 10:00:00,SM GF,2.11
2024-06-09 10:00:00,SM KV OPF,0.0
2024-06-09 10:00:00,SM NPI,1.392176545
2024-06-09 10:00:00,SM TLO,3.67
2024-06-09 10:30:00,IB GF,0.0
2024-06-09 10:30:00,IB NPI,2.5
2024-06-09 10:30:00,IB OPF,92.87
2024-06-09 10:30:00,SM FT OPF,0.0
2024-06-09 10:30:00,SM GF,2.11
2024-06-09 10:30:00,SM KV OPF,0.0
2024-06-09 10:30:00,SM NPI,1.44459755
2024-06-09 10:30:00,SM TLO,3.67
2024-06-09 11:00:00,IB GF,0.0
2024-06-09 11:00:00,IB NPI,2.5
2024-06-09 11:00:00,IB OPF,92.87
2024-06-09 11:00:00,SM FT OPF,0.0
2024-06-09 11:00:00,SM GF,2.11
2024-06-09 11:00:00,SM KV OPF,0.0
2024-06-09 11:00:00,SM NPI,1.489913552
2024-06-09 11:00:00,SM TLO,3.67
2024-06-09 11:30:00,IB GF,0.0
2024-06-09 11:30:00,IB NPI,2.5
2024-06-09 11:30:00,IB OPF,92.87
2024-06-09 11:30:00,SM FT OPF,0.0
2024-06-09 11:30:00,SM GF,2.11
2024-06-09 11:30:00,SM KV OPF,0.0
2024-06-09 11:30:00,SM NPI,1.528922728
2024-06-09 11:30:00,SM TLO,3.67
2024-06-09 12:00:00,IB GF,0.0
2024-06-09 12:00:00,IB NPI,2.5
2024-06-09 12:00:00,IB OPF,92.87
2024-06-09 12:00:00,SM FT OPF,0.0
2024-06-09 12:00:00,SM GF,2.11
2024-06-09 12:00:00,SM KV OPF,0.0
2024-06-09 12:00:00,SM NPI,1.560542934
2024-06-09 12:00:00,SM TLO,3.67
2024-06-09 12:30:00,IB GF,0.0
2024-06-09 12:30:00,IB NPI,2.5
2024-06-09 12:30:00,IB OPF,92.87
2024-06-09 12:30:00,SM FT OPF,0.0
2024-06-09 12:30:00,SM GF,2.11
2024-06-09 12:30:00,SM KV OPF,0.0
2024-06-09 12:30:00,SM NPI,1.587820261
2024-06-09 12:30:00,SM TLO,3.67
2024-06-09 13:00:00,IB GF,0.0
2024-06-09 13:00:00,IB NPI,2.5
2024-06-09 13:00:00,IB OPF,92.87
2024-06-09 13:00:00,SM FT OPF,0.0
2024-06-09 13:00:00,SM GF,2.11
2024-06-09 13:00:00,SM KV OPF,0.0
2024-06-09 13:00:00,SM NPI,1.623550618
2024-06-09 13:00:00,SM TLO,3.67
2024-06-09 13:30:00,IB GF,0.0
2024-06-09 13:30:00,IB NPI,2.5
2024-06-09 13:30:00,IB OPF,92.87
2024-06-09 13:30:00,SM FT OPF,0.0
2024-06-09 13:30:00,SM GF,2.11
2024-06-09 13:30:00,SM KV OPF,0.0
2024-06-09 13:30:00,SM NPI,1.66532224
2024-06-09 13:30:00,SM TLO,3.67
2024-06-09 14:00:00,IB GF,0.0
2024-06-09 14:00:00,IB NPI,2.5
2024-06-09 14:00:00,IB OPF,92.87
2024-06-09 14:00:00,SM FT OPF,0.0
2024-06-09 14:00:00,SM GF,2.11
2024-06-09 14:00:00,SM KV OPF,0.0
2024-06-09 14:00:00,SM NPI,1.723404901
2024-06-09 14:00:00,SM TLO,3.67
2024-06-09 14:30:00,IB GF,0.0
2024-06-09 14:30:00,IB NPI,2.5
2024-06-09 14:30:00,IB OPF,92.87
2024-06-09 14:30:00,SM FT OPF,0.0
2024-06-09 14:30:00,SM GF,2.11
2024-06-09 14:30:00,SM KV OPF,0.0
2024-06-09 14:30:00,SM NPI,1.76190343
2024-06-09 14:30:00,SM TLO,3.67
2024-06-09 15:00:00,IB GF,0.0
2024-06-09 15:00:00,IB NPI,2.5
2024-06-09 15:00:00,IB OPF,92.87
2024-06-09 15:00:00,SM FT OPF,0.0
2024-06-09 15:00:00,SM GF,2.11
2024-06-09 15:00:00,SM KV OPF,0.0
2024-06-09 15:00:00,SM NPI,1.786648765
2024-06-09 15:00:00,SM TLO,3.67
2024-06-09 15:30:00,IB GF,0.0
2024-06-09 15:30:00,IB NPI,2.5
2024-06-09 15:30:00,IB OPF,92.87
2024-06-09 15:30:00,SM FT OPF,0.0
2024-06-09 15:30:00,SM GF,2.11
2024-06-09 15:30:00,SM KV OPF,0.0
2024-06-09 15:30:00,SM NPI,1.830037695
2024-06-09 15:30:00,SM TLO,3.67
2024-06-09 16:00:00,IB GF,0.0
2024-06-09 16:00:00,IB NPI,2.5
2024-06-09 16:00:00,IB OPF,92.87
2024-06-09 16:00:00,SM FT OPF,0.0
2024-06-09 16:00:00,SM GF,2.11
2024-06-09 16:00:00,SM KV OPF,0.0
2024-06-09 16:00:00,SM NPI,1.83035223
2024-06-09 16:00:00,SM TLO,3.67
2024-06-09 16:30:00,IB GF,0.0
2024-06-09 16:30:00,IB NPI,2.5
2024-06-09 16:30:00,IB OPF,92.87
2024-06-09 16:30:00,SM FT OPF,0.0
2024-06-09 16:30:00,SM GF,2.11
2024-06-09 16:30:00,SM KV OPF,0.0
2024-06-09 16:30:00,SM NPI,1.777688097
2024-06-09 16:30:00,SM TLO,3.67
2024-06-09 17:00:00,IB GF,0.0
2024-06-09 17:00:00,IB NPI,2.5
2024-06-09 17:00:00,IB OPF,92.87
2024-06-09 17:00:00,SM FT OPF,0.0
2024-06-09 17:00:00,SM GF,2.11
2024-06-09 17:00:00,SM KV OPF,0.0
2024-06-09 17:00:00,SM NPI,1.737932389
2024-06-09 17:00:00,SM TLO,3.67
2024-06-09 17:30:00,IB GF,0.0
2024-06-09 17:30:00,IB NPI,2.5
2024-06-09 17:30:00,IB OPF,92.87
2024-06-09 17:30:00,SM FT OPF,0.0
2024-06-09 17:30:00,SM GF,2.11
2024-06-09 17:30:00,SM KV OPF,0.0
2024-06-09 17:30:00,SM NPI,1.775905893
2024-06-09 17:30:00,SM TLO,3.67
2024-06-09 18:00:00,IB GF,0.0
2024-06-09 18:00:00,IB NPI,2.5
2024-06-09 18:00:00,IB OPF,92.87
2024-06-09 18:00:00,SM FT OPF,0.0
2024-06-09 18:00:00,SM GF,2.11
2024-06-09 18:00:00,SM KV OPF,0.0
2024-06-09 18:00:00,SM NPI,1.877801944
2024-06-09 18:00:00,SM TLO,3.67
2024-06-09 18:30:00,IB GF,0.0
2024-06-09 18:30:00,IB NPI,2.5
2024-06-09 18:30:00,IB OPF,92.87
2024-06-09 18:30:00,SM FT OPF,0.0
2024-06-09 18:30:00,SM GF,2.11
2024-06-09 18:30:00,SM KV OPF,0.0
2024-06-09 18:30:00,SM NPI,1.948270655
2024-06-09 18:30:00,SM TLO,3.67
2024-06-09 19:00:00,IB GF,0.0
2024-06-09 19:00:00,IB NPI,2.5
2024-06-09 19:00:00,IB OPF,92.87
2024-06-09 19:00:00,SM FT OPF,0.0
2024-06-09 19:00:00,SM GF,2.11
2024-06-09 19:00:00,SM KV OPF,0.0
2024-06-09 19:00:00,SM NPI,1.977450035
2024-06-09 19:00:00,SM TLO,3.67
2024-06-09 19:30:00,IB GF,0.0
2024-06-09 19:30:00,IB NPI,2.5
2024-06-09 19:30:00,IB OPF,92.87
2024-06-09 19:30:00,SM FT OPF,0.0
2024-06-09 19:30:00,SM GF,2.11
2024-06-09 19:30:00,SM KV OPF,0.0
2024-06-09 19:30:00,SM NPI,1.899654374
2024-06-09 19:30:00,SM TLO,3.67
2024-06-09 20:00:00,IB GF,0.0
2024-06-09 20:00:00,IB NPI,2.5
2024-06-09 20:00:00,IB OPF,92.87
2024-06-09 20:00:00,SM FT OPF,0.0
2024-06-09 20:00:00,SM GF,2.11
2024-06-09 20:00:00,SM KV OPF,0.0
2024-06-09 20:00:00,SM NPI,1.742326188
2024-06-09 20:00:00,SM TLO,3.67
2024-06-09 20:30:00,IB GF,0.0
2024-06-09 20:30:00,IB NPI,2.5
2024-06-09 20:30:00,IB OPF,92.87
2024-06-09 20:30:00,SM FT OPF,0.0
2024-06-09 20:30:00,SM GF,2.11
2024-06-09 20:30:00,SM KV OPF,0.0
2024-06-09 20:30:00,SM NPI,1.574655216
2024-06-09 20:30:00,SM TLO,3.67
2024-06-09 21:00:00,IB GF,0.0
2024-06-09 21:00:00,IB NPI,2.5
2024-06-09 21:00:00,IB OPF,92.87
2024-06-09 21:00:00,SM FT OPF,0.0
2024-06-09 21:00:00,SM GF,2.11
2024-06-09 21:00:00,SM KV OPF,0.0
2024-06-09 21:00:00,SM NPI,1.433364115
2024-06-09 21:00:00,SM TLO,3.67
2024-06-09 21:30:00,IB GF,0.0
2024-06-09 21:30:00,IB NPI,2.5
2024-06-09 21:30:00,IB OPF,92.87
2024-06-09 21:30:00,SM FT OPF,0.0
2024-06-09 21:30:00,SM GF,2.11
2024-06-09 21:30:00,SM KV OPF,0.0
2024-06-09 21:30:00,SM NPI,1.351874447
2024-06-09 21:30:00,SM TLO,3.67
2024-06-09 22:00:00,IB GF,0.0
2024-06-09 22:00:00,IB NPI,2.5
2024-06-09 22:00:00,IB OPF,92.87
2024-06-09 22:00:00,SM FT OPF,0.0
2024-06-09 22:00:00,SM GF,2.11
2024-06-09 22:00:00,SM KV OPF,0.0
2024-06-09 22:00:00,SM NPI,1.281836937
2024-06-09 22:00:00,SM TLO,3.67
2024-06-09 22:30:00,IB GF,0.0
2024-06-09 22:30:00,IB NPI,2.5
2024-06-09 22:30:00,IB OPF,92.87
2024-06-09 22:30:00,SM FT OPF,0.0
2024-06-09 22:30:00,SM GF,2.11
2024-06-09 22:30:00,SM KV OPF,0.0
2024-06-09 22:30:00,SM NPI,1.219192416
2024-06-09 22:30:00,SM TLO,3.67
2024-06-09 23:00:00,IB GF,0.0
2024-06-09 23:00:00,IB NPI,2.5
2024-06-09 23:00:00,IB OPF,92.87
2024-06-09 23:00:00,SM FT OPF,0.0
2024-06-09 23:00:00,SM GF,2.11
2024-06-09 23:00:00,SM KV OPF,0.0
2024-06-09 23:00:00,SM NPI,1.169634372
2024-06-09 23:00:00,SM TLO,3.67
2024-06-09 23:30:00,IB GF,0.0
2024-06-09 23:30:00,IB NPI,2.5
2024-06-09 23:30:00,IB OPF,92.87
2024-06-09 23:30:00,SM FT OPF,0.0
2024-06-09 23:30:00,SM GF,2.11
2024-06-09 23:30:00,SM KV OPF,0.0
2024-06-09 23:30:00,SM NPI,1.134391602
2024-06-09 23:30:00,SM TLO,3.67
2024-06-10 00:00:00,IB GF,0.0
2024-06-10 00:00:00,IB NPI,2.5
2024-06-10 00:00:00,IB OPF,92.87
2024-06-10 00:00:00,SM FT OPF,0.0
2024-06-10 00:00:00,SM GF,2.11
2024-06-10 00:00:00,SM KV OPF,0.0
2024-06-10 00:00:00,SM NPI,1.104200947
2024-06-10 00:00:00,SM TLO,3.67
2024-06-10 00:30:00,IB GF,0.0
2024-06-10 00:30:00,IB NPI,2.5
2024-06-10 00:30:00,IB OPF,92.87
2024-06-10 00:30:00,SM FT OPF,0.0
2024-06-10 00:30:00,SM GF,2.11
2024-06-10 00:30:00,SM KV OPF,0.0
2024-06-10 00:30:00,SM NPI,1.079672076
2024-06-10 00:30:00,SM TLO,3.67
2024-06-10 01:00:00,IB GF,0.0
2024-06-10 01:00:00,IB NPI,2.5
2024-06-10 01:00:00,IB OPF,92.87
2024-06-10 01:00:00,SM FT OPF,0.0
2024-06-10 01:00:00,SM GF,2.11
2024-06-10 01:00:00,SM KV OPF,0.0
2024-06-10 01:00:00,SM NPI,1.065580156
2024-06-10 01:00:00,SM TLO,3.67
2024-06-10 01:30:00,IB GF,0.0
2024-06-10 01:30:00,IB NPI,2.5
2024-06-10 01:30:00,IB OPF,92.87
2024-06-10 01:30:00,SM FT OPF,0.0
2024-06-10 01:30:00,SM GF,2.11
2024-06-10 01:30:00,SM KV OPF,0.0
2024-06-10 01:30:00,SM NPI,1.051836534
2024-06-10 01:30:00,SM TLO,3.67
2024-06-10 02:00:00,IB GF,0.0
2024-06-10 02:00:00,IB NPI,2.5
2024-06-10 02:00:00,IB OPF,92.87
2024-06-10 02:00:00,SM FT OPF,0.0
2024-06-10 02:00:00,SM GF,2.11
2024-06-10 02:00:00,SM KV OPF,0.0
2024-06-10 02:00:00,SM NPI,1.045994759
2024-06-10 02:00:00,SM TLO,3.67
2024-06-10 02:30:00,IB GF,0.0
2024-06-10 02:30:00,IB NPI,2.5
2024-06-10 02:30:00,IB OPF,92.87
2024-06-10 02:30:00,SM FT OPF,0.0
2024-06-10 02:30:00,SM GF,2.11
2024-06-10 02:30:00,SM KV OPF,0.0
2024-06-10 02:30:00,SM NPI,1.04772153
2024-06-10 02:30:00,SM TLO,3.67
2024-06-10 03:00:00,IB GF,0.0
2024-06-10 03:00:00,IB NPI,2.5
2024-06-10 03:00:00,IB OPF,92.87
2024-06-10 03:00:00,SM FT OPF,0.0
2024-06-10 03:00:00,SM GF,2.11
2024-06-10 03:00:00,SM KV OPF,0.0
2024-06-10 03:00:00,SM NPI,1.057378052
2024-06-10 03:00:00,SM TLO,3.67
2024-06-10 03:30:00,IB GF,0.0
2024-06-10 03:30:00,IB NPI,2.5
2024-06-10 03:30:00,IB OPF,92.87
2024-06-10 03:30:00,SM FT OPF,0.0
2024-06-10 03:30:00,SM GF,2.11
2024-06-10 03:30:00,SM KV OPF,0.0
2024-06-10 03:30:00,SM NPI,1.125773078
2024-06-10 03:30:00,SM TLO,3.67
2024-06-10 04:00:00,IB GF,0.0
2024-06-10 04:00:00,IB NPI,2.5
2024-06-10 04:00:00,IB OPF,92.87
2024-06-10 04:00:00,SM FT OPF,0.0
2024-06-10 04:00:00,SM GF,2.11
2024-06-10 04:00:00,SM KV OPF,0.0
2024-06-10 04:00:00,SM NPI,1.241662233
2024-06-10 04:00:00,SM TLO,3.67
2024-06-10 04:30:00,IB GF,0.0
2024-06-10 04:30:00,IB NPI,2.5
2024-06-10 04:30:00,IB OPF,92.87
2024-06-10 04:30:00,SM FT OPF,0.0
2024-06-10 04:30:00,SM GF,2.11
2024-06-10 04:30:00,SM KV OPF,0.0
2024-06-10 04:30:00,SM NPI,1.290004612
2024-06-10 04:30:00,SM TLO,3.67
2024-06-10 05:00:00,IB GF,0.0
2024-06-10 05:00:00,IB NPI,2.5
2024-06-10 05:00:00,IB OPF,92.87
2024-06-10 05:00:00,SM FT OPF,0.0
2024-06-10 05:00:00,SM GF,2.11
2024-06-10 05:00:00,SM KV OPF,0.0
2024-06-10 05:00:00,SM NPI,1.258159194
2024-06-10 05:00:00,SM TLO,3.67
2024-06-10 05:30:00,IB GF,0.0
2024-06-10 05:30:00,IB NPI,2.5
2024-06-10 05:30:00,IB OPF,92.87
2024-06-10 05:30:00,SM FT OPF,0.0
2024-06-10 05:30:00,SM GF,2.11
2024-06-10 05:30:00,SM KV OPF,0.0
2024-06-10 05:30:00,SM NPI,1.236982132
2024-06-10 05:30:00,SM TLO,3.67
2024-06-10 06:00:00,IB GF,0.0
2024-06-10 06:00:00,IB NPI,2.5
2024-06-10 06:00:00,IB OPF,92.87
2024-06-10 06:00:00,SM FT OPF,0.0
2024-06-10 06:00:00,SM GF,2.11
2024-06-10 06:00:00,SM KV OPF,0.0
2024-06-10 06:00:00,SM NPI,1.269389247
2024-06-10 06:00:00,SM TLO,3.67
2024-06-10 06:30:00,IB GF,0.0
2024-06-10 06:30:00,IB NPI,2.5
2024-06-10 06:30:00,IB OPF,92.87
2024-06-10 06:30:00,SM FT OPF,0.0
2024-06-10 06:30:00,SM GF,2.11
2024-06-10 06:30:00,SM KV OPF,0.0
2024-06-10 06:30:00,SM NPI,1.291989742
2024-06-10 06:30:00,SM TLO,3.67
2024-06-10 07:00:00,IB GF,0.0
2024-06-10 07:00:00,IB NPI,2.5
2024-06-10 07:00:00,IB OPF,92.87
2024-06-10 07:00:00,SM FT OPF,0.0
2024-06-10 07:00:00,SM GF,2.11
2024-06-10 07:00:00,SM KV OPF,0.0
2024-06-10 07:00:00,SM NPI,1.312384001
2024-06-10 07:00:00,SM TLO,3.67
2024-06-10 07:30:00,IB GF,0.0
2024-06-10 07:30:00,IB NPI,2.5
2024-06-10 07:30:00,IB OPF,92.87
2024-06-10 07:30:00,SM FT OPF,0.0
2024-06-10 07:30:00,SM GF,2.11
2024-06-10 07:30:00,SM KV OPF,0.0
2024-06-10 07:30:00,SM NPI,1.312040201
2024-06-10 07:30:00,SM TLO,3.67
2024-06-10 08:00:00,IB GF,0.0
2024-06-10 08:00:00,IB NPI,2.5
2024-06-10 08:00:00,IB OPF,92.87
2024-06-10 08:00:00,SM FT OPF,0.0
2024-06-10 08:00:00,SM GF,2.11
2024-06-10 08:00:00,SM KV OPF,0.0
2024-06-10 08:00:00,SM NPI,1.301621988
2024-06-10 08:00:00,SM TLO,3.67
2024-06-10 08:30:00,IB GF,0.0
2024-06-10 08:30:00,IB NPI,2.5
2024-06-10 08:30:00,IB OPF,92.87
2024-06-10 08:30:00,SM FT OPF,0.0
2024-06-10 08:30:00,SM GF,2.11
2024-06-10 08:30:00,SM KV OPF,0.0
2024-06-10 08:30:00,SM NPI,1.288760159
2024-06-10 08:30:00,SM TLO,3.67
2024-06-10 09:00:00,IB GF,0.0
2024-06-10 09:00:00,IB NPI,2.5
2024-06-10 09:00:00,IB OPF,92.87
2024-06-10 09:00:00,SM FT OPF,0.0
2024-06-10 09:00:00,SM GF,2.11
2024-06-10 09:00:00,SM KV OPF,0.0
2024-06-10 09:00:00,SM NPI,1.283772018
2024-06-10 09:00:00,SM TLO,3.67
2024-06-10 09:30:00,IB GF,0.0
2024-06-10 09:30:00,IB NPI,2.5
2024-06-10 09:30:00,IB OPF,92.87
2024-06-10 09:30:00,SM FT OPF,0.0
2024-06-10 09:30:00,SM GF,2.11
2024-06-10 09:30:00,SM KV OPF,0.0
2024-06-10 09:30:00,SM NPI,1.32790521
2024-06-10 09:30:00,SM TLO,3.67
2024-06-10 10:00:00,IB GF,0.0
2024-06-10 10:00:00,IB NPI,2.5
2024-06-10 10:00:00,IB OPF,92.87
2024-06-10 10:00:00,SM FT OPF,0.0
2024-06-10 10:00:00,SM GF,2.11
2024-06-10 10:00:00,SM KV OPF,0.0
2024-06-10 10:00:00,SM NPI,1.392176545
2024-06-10 10:00:00,SM TLO,3.67
2024-06-10 10:30:00,IB GF,0.0
2024-06-10 10:30:00,IB NPI,2.5
2024-06-10 10:30:00,IB OPF,92.87
2024-06-10 10:30:00,SM FT OPF,0.0
2024-06-10 10:30:00,SM GF,2.11
2024-06-10 10:30:00,SM KV OPF,0.0
2024-06-10 10:30:00,SM NPI,1.44459755
2024-06-10 10:30:00,SM TLO,3.67
2024-06-10 11:00:00,IB GF,0.0
2024-06-10 11:00:00,IB NPI,2.5
2024-06-10 11:00:00,IB OPF,92.87
2024-06-10 11:00:00,SM FT OPF,0.0
2024-06-10 11:00:00,SM GF,2.11
2024-06-10 11:00:00,SM KV OPF,0.0
2024-06-10 11:00:00,SM NPI,1.489913552
2024-06-10 11:00:00,SM TLO,3.67
2024-06-10 11:30:00,IB GF,0.0
2024-06-10 11:30:00,IB NPI,2.5
2024-06-10 11:30:00,IB OPF,92.87
2024-06-10 11:30:00,SM FT OPF,0.0
2024-06-10 11:30:00,SM GF,2.11
2024-06-10 11:30:00,SM KV OPF,0.0
2024-06-10 11:30:00,SM NPI,1.528922728
2024-06-10 11:30:00,SM TLO,3.67
2024-06-10 12:00:00,IB GF,0.0
2024-06-10 12:00:00,IB NPI,2.5
2024-06-10 12:00:00,IB OPF,92.87
2024-06-10 12:00:00,SM FT OPF,0.0
2024-06-10 12:00:00,SM GF,2.11
2024-06-10 12:00:00,SM KV OPF,0.0
2024-06-10 12:00:00,SM NPI,1.560542934
2024-06-10 12:00:00,SM TLO,3.67
2024-06-10 12:30:00,IB GF,0.0
2024-06-10 12:30:00,IB NPI,2.5
2024-06-10 12:30:00,IB OPF,92.87
2024-06-10 12:30:00,SM FT OPF,0.0
2024-06-10 12:30:00,SM GF,2.11
2024-06-10 12:30:00,SM KV OPF,0.0
2024-06-10 12:30:00,SM NPI,1.587820261
2024-06-10 12:30:00,SM TLO,3.67
2024-06-10 13:00:00,IB GF,0.0
2024-06-10 13:00:00,IB NPI,2.5
2024-06-10 13:00:00,IB OPF,92.87
2024-06-10 13:00:00,SM FT OPF,0.0
2024-06-10 13:00:00,SM GF,2.11
2024-06-10 13:00:00,SM KV OPF,0.0
2024-06-10 13:00:00,SM NPI,1.623550618
2024-06-10 13:00:00,SM TLO,3.67
2024-06-10 13:30:00,IB GF,0.0
2024-06-10 13:30:00,IB NPI,2.5
2024-06-10 13:30:00,IB OPF,92.87
2024-06-10 13:30:00,SM FT OPF,0.0
2024-06-10 13:30:00,SM GF,2.11
2024-06-10 13:30:00,SM KV OPF,0.0
2024-06-10 13:30:00,SM NPI,1.66532224
2024-06-10 13:30:00,SM TLO,3.67
2024-06-10 14:00:00,IB GF,0.0
2024-06-10 14:00:00,IB NPI,2.5
2024-06-10 14:00:00,IB OPF,92.87
2024-06-10 14:00:00,SM FT OPF,0.0
2024-06-10 14:00:00,SM GF,2.11
2024-06-10 14:00:00,SM KV OPF,0.0
2024-06-10 14:00:00,SM NPI,1.723404901
2024-06-10 14:00:00,SM TLO,3.67
2024-06-10 14:30:00,IB GF,0.0
2024-06-10 14:30:00,IB NPI,2.5
2024-06-10 14:30:00,IB OPF,92.87
2024-06-10 14:30:00,SM FT OPF,0.0
2024-06-10 14:30:00,SM GF,2.11
2024-06-10 14:30:00,SM KV OPF,0.0
2024-06-10 14:30:00,SM NPI,1.76190343
2024-06-10 14:30:00,SM TLO,3.67
2024-06-10 15:00:00,IB GF,0.0
2024-06-10 15:00:00,IB NPI,2.5
2024-06-10 15:00:00,IB OPF,92.87
2024-06-10 15:00:00,SM FT OPF,0.0
2024-06-10 15:00:00,SM GF,2.11
2024-06-10 15:00:00,SM KV OPF,0.0
2024-06-10 15:00:00,SM NPI,1.786648765
2024-06-10 15:00:00,SM TLO,3.67
2024-06-10 15:30:00,IB GF,0.0
2024-06-10 15:30:00,IB NPI,2.5
2024-06-10 15:30:00,IB OPF,92.87
2024-06-10 15:30:00,SM FT OPF,0.0
2024-06-10 15:30:00,SM GF,2.11
2024-06-10 15:30:00,SM KV OPF,0.0
2024-06-10 15:30:00,SM NPI,1.830037695
2024-06-10 15:30:00,SM TLO,3.67
2024-06-10 16:00:00,IB GF,0.0
2024-06-10 16:00:00,IB NPI,2.5
2024-06-10 16:00:00,IB OPF,92.87
2024-06-10 16:00:00,SM FT OPF,0.0
2024-06-10 16:00:00,SM GF,2.11
2024-06-10 16:00:00,SM KV OPF,0.0
2024-06-10 16:00:00,SM NPI,1.83035223
2024-06-10 16:00:00,SM TLO,3.67
2024-06-10 16:30:00,IB GF,0.0
2024-06-10 16:30:00,IB NPI,2.5
2024-06-10 16:30:00,IB OPF,92.87
2024-06-10 16:30:00,SM FT OPF,0.0
2024-06-10 16:30:00,SM GF,2.11
2024-06-10 16:30:00,SM KV OPF,0.0
2024-06-10 16:30:00,SM NPI,1.777688097
2024-06-10 16:30:00,SM TLO,3.67
2024-06-10 17:00:00,IB GF,0.0
2024-06-10 17:00:00,IB NPI,2.5
2024-06-10 17:00:00,IB OPF,92.87
2024-06-10 17:00:00,SM FT OPF,0.0
2024-06-10 17:00:00,SM GF,2.11
2024-06-10 17:00:00,SM KV OPF,0.0
2024-06-10 17:00:00,SM NPI,1.737932389
2024-06-10 17:00:00,SM TLO,3.67
2024-06-10 17:30:00,IB GF,0.0
2024-06-10 17:30:00,IB NPI,2.5
2024-06-10 17:30:00,IB OPF,92.87
2024-06-10 17:30:00,SM FT OPF,0.0
2024-06-10 17:30:00,SM GF,2.11
2024-06-10 17:30:00,SM KV OPF,0.0
2024-06-10 17:30:00,SM NPI,1.775905893
2024-06-10 17:30:00,SM TLO,3.67
2024-06-10 18:00:00,IB GF,0.0
2024-06-10 18:00:00,IB NPI,2.5
2024-06-10 18:00:00,IB OPF,92.87
2024-06-10 18:00:00,SM FT OPF,0.0
2024-06-10 18:00:00,SM GF,2.11
2024-06-10 18:00:00,SM KV OPF,0.0
2024-06-10 18:00:00,SM NPI,1.877801944
2024-06-10 18:00:00,SM TLO,3.67
2024-06-10 18:30:00,IB GF,0.0
2024-06-10 18:30:00,IB NPI,2.5
2024-06-10 18:30:00,IB OPF,92.87
2024-06-10 18:30:00,SM FT OPF,0.0
2024-06-10 18:30:00,SM GF,2.11
2024-06-10 18:30:00,SM KV OPF,0.0
2024-06-10 18:30:00,SM NPI,1.948270655
2024-06-10 18:30:00,SM TLO,3.67
2024-06-10 19:00:00,IB GF,0.0
2024-06-10 19:00:00,IB NPI,2.5
2024-06-10 19:00:00,IB OPF,92.87
2024-06-10 19:00:00,SM FT OPF,0.0
2024-06-10 19:00:00,SM GF,2.11
2024-06-10 19:00:00,SM KV OPF,0.0
2024-06-10 19:00:00,SM NPI,1.977450035
2024-06-10 19:00:00,SM TLO,3.67
2024-06-10 19:30:00,IB GF,0.0
2024-06-10 19:30:00,IB NPI,2.5
2024-06-10 19:30:00,IB OPF,92.87
2024-06-10 19:30:00,SM FT OPF,0.0
2024-06-10 19:30:00,SM GF,2.11
2024-06-10 19:30:00,SM KV OPF,0.0
2024-06-10 19:30:00,SM NPI,1.899654374
2024-06-10 19:30:00,SM TLO,3.67
2024-06-10 20:00:00,IB GF,0.0
2024-06-10 20:00:00,IB NPI,2.5
2024-06-10 20:00:00,IB OPF,92.87
2024-06-10 20:00:00,SM FT OPF,0.0
2024-06-10 20:00:00,SM GF,2.11
2024-06-10 20:00:00,SM KV OPF,0.0
2024-06-10 20:00:00,SM NPI,1.742326188
2024-06-10 20:00:00,SM TLO,3.67
2024-06-10 20:30:00,IB GF,0.0
2024-06-10 20:30:00,IB NPI,2.5
2024-06-10 20:30:00,IB OPF,92.87
2024-06-10 20:30:00,SM FT OPF,0.0
2024-06-10 20:30:00,SM GF,2.11
2024-06-10 20:30:00,SM KV OPF,0.0
2024-06-10 20:30:00,SM NPI,1.574655216
2024-06-10 20:30:00,SM TLO,3.67
2024-06-10 21:00:00,IB GF,0.0
2024-06-10 21:00:00,IB NPI,2.5
2024-06-10 21:00:00,IB OPF,92.87
2024-06-10 21:00:00,SM FT OPF,0.0
2024-06-10 21:00:00,SM GF,2.11
2024-06-10 21:00:00,SM KV OPF,0.0
2024-06-10 21:00:00,SM NPI,1.433364115
2024-06-10 21:00:00,SM TLO,3.67
2024-06-10 21:30:00,IB GF,0.0
2024-06-10 21:30:00,IB NPI,2.5
2024-06-10 21:30:00,IB OPF,92.87
2024-06-10 21:30:00,SM FT OPF,0.0
2024-06-10 21:30:00,SM GF,2.11
2024-06-10 21:30:00,SM KV OPF,0.0
2024-06-10 21:30:00,SM NPI,1.351874447
2024-06-10 21:30:00,SM TLO,3.67
2024-06-10 22:00:00,IB GF,0.0
2024-06-10 22:00:00,IB NPI,2.5
2024-06-10 22:00:00,IB OPF,92.87
2024-06-10 22:00:00,SM FT OPF,0.0
2024-06-10 22:00:00,SM GF,2.11
2024-06-10 22:00:00,SM KV OPF,0.0
2024-06-10 22:00:00,SM NPI,1.281836937
2024-06-10 22:00:00,SM TLO,3.67
2024-06-10 22:30:00,IB GF,0.0
2024-06-10 22:30:00,IB NPI,2.5
2024-06-10 22:30:00,IB OPF,92.87
2024-06-10 22:30:00,SM FT OPF,0.0
2024-06-10 22:30:00,SM GF,2.11
2024-06-10 22:30:00,SM KV OPF,0.0
2024-06-10 22:30:00,SM NPI,1.219192416
2024-06-10 22:30:00,SM TLO,3.67
2024-06-10 23:00:00,IB GF,0.0
2024-06-10 23:00:00,IB NPI,2.5
2024-06-10 23:00:00,IB OPF,92.87
2024-06-10 23:00:00,SM FT OPF,0.0
2024-06-10 23:00:00,SM GF,2.11
2024-06-10 23:00:00,SM KV OPF,0.0
2024-06-10 23:00:00,SM NPI,1.169634372
2024-06-10 23:00:00,SM TLO,3.67
2024-06-10 23:30:00,IB GF,0.0
2024-06-10 23:30:00,IB NPI,2.5
2024-06-10 23:30:00,IB OPF,92.87
2024-06-10 23:30:00,SM FT OPF,0.0
2024-06-10 23:30:00,SM GF,2.11
2024-06-10 23:30:00,SM KV OPF,0.0
2024-06-10 23:30:00,SM NPI,1.134391602
2024-06-10 23:30:00,SM TLO,3.67
2024-06-11 00:00:00,IB GF,0.0
2024-06-11 00:00:00,IB NPI,2.5
2024-06-11 00:00:00,IB OPF,92.87
2024-06-11 00:00:00,SM FT OPF,0.0
2024-06-11 00:00:00,SM GF,2.11
2024-06-11 00:00:00,SM KV OPF,0.0
2024-06-11 00:00:00,SM NPI,1.096532885
2024-06-11 00:00:00,SM TLO,3.67
2024-06-11 00:30:00,IB GF,0.0
2024-06-11 00:30:00,IB NPI,2.5
2024-06-11 00:30:00,IB OPF,92.87
2024-06-11 00:30:00,SM FT OPF,0.0
2024-06-11 00:30:00,SM GF,2.11
2024-06-11 00:30:00,SM KV OPF,0.0
2024-06-11 00:30:00,SM NPI,1.072174353
2024-06-11 00:30:00,SM TLO,3.67
2024-06-11 01:00:00,IB GF,0.0
2024-06-11 01:00:00,IB NPI,2.5
2024-06-11 01:00:00,IB OPF,92.87
2024-06-11 01:00:00,SM FT OPF,0.0
2024-06-11 01:00:00,SM GF,2.11
2024-06-11 01:00:00,SM KV OPF,0.0
2024-06-11 01:00:00,SM NPI,1.058180293
2024-06-11 01:00:00,SM TLO,3.67
2024-06-11 01:30:00,IB GF,0.0
2024-06-11 01:30:00,IB NPI,2.5
2024-06-11 01:30:00,IB OPF,92.87
2024-06-11 01:30:00,SM FT OPF,0.0
2024-06-11 01:30:00,SM GF,2.11
2024-06-11 01:30:00,SM KV OPF,0.0
2024-06-11 01:30:00,SM NPI,1.044532114
2024-06-11 01:30:00,SM TLO,3.67
2024-06-11 02:00:00,IB GF,0.0
2024-06-11 02:00:00,IB NPI,2.5
2024-06-11 02:00:00,IB OPF,92.87
2024-06-11 02:00:00,SM FT OPF,0.0
2024-06-11 02:00:00,SM GF,2.11
2024-06-11 02:00:00,SM KV OPF,0.0
2024-06-11 02:00:00,SM NPI,1.038730907
2024-06-11 02:00:00,SM TLO,3.67
2024-06-11 02:30:00,IB GF,0.0
2024-06-11 02:30:00,IB NPI,2.5
2024-06-11 02:30:00,IB OPF,92.87
2024-06-11 02:30:00,SM FT OPF,0.0
2024-06-11 02:30:00,SM GF,2.11
2024-06-11 02:30:00,SM KV OPF,0.0
2024-06-11 02:30:00,SM NPI,1.040445686
2024-06-11 02:30:00,SM TLO,3.67
2024-06-11 03:00:00,IB GF,0.0
2024-06-11 03:00:00,IB NPI,2.5
2024-06-11 03:00:00,IB OPF,92.87
2024-06-11 03:00:00,SM FT OPF,0.0
2024-06-11 03:00:00,SM GF,2.11
2024-06-11 03:00:00,SM KV OPF,0.0
2024-06-11 03:00:00,SM NPI,1.050035148
2024-06-11 03:00:00,SM TLO,3.67
2024-06-11 03:30:00,IB GF,0.0
2024-06-11 03:30:00,IB NPI,2.5
2024-06-11 03:30:00,IB OPF,92.87
2024-06-11 03:30:00,SM FT OPF,0.0
2024-06-11 03:30:00,SM GF,2.11
2024-06-11 03:30:00,SM KV OPF,0.0
2024-06-11 03:30:00,SM NPI,1.11795521
2024-06-11 03:30:00,SM TLO,3.67
2024-06-11 04:00:00,IB GF,0.0
2024-06-11 04:00:00,IB NPI,2.5
2024-06-11 04:00:00,IB OPF,92.87
2024-06-11 04:00:00,SM FT OPF,0.0
2024-06-11 04:00:00,SM GF,2.11
2024-06-11 04:00:00,SM KV OPF,0.0
2024-06-11 04:00:00,SM NPI,1.233039578
2024-06-11 04:00:00,SM TLO,3.67
2024-06-11 04:30:00,IB GF,0.0
2024-06-11 04:30:00,IB NPI,2.5
2024-06-11 04:30:00,IB OPF,92.87
2024-06-11 04:30:00,SM FT OPF,0.0
2024-06-11 04:30:00,SM GF,2.11
2024-06-11 04:30:00,SM KV OPF,0.0
2024-06-11 04:30:00,SM NPI,1.281046246
2024-06-11 04:30:00,SM TLO,3.67
2024-06-11 05:00:00,IB GF,0.0
2024-06-11 05:00:00,IB NPI,2.5
2024-06-11 05:00:00,IB OPF,92.87
2024-06-11 05:00:00,SM FT OPF,0.0
2024-06-11 05:00:00,SM GF,2.11
2024-06-11 05:00:00,SM KV OPF,0.0
2024-06-11 05:00:00,SM NPI,1.249421978
2024-06-11 05:00:00,SM TLO,3.67
2024-06-11 05:30:00,IB GF,0.0
2024-06-11 05:30:00,IB NPI,2.5
2024-06-11 05:30:00,IB OPF,92.87
2024-06-11 05:30:00,SM FT OPF,0.0
2024-06-11 05:30:00,SM GF,2.11
2024-06-11 05:30:00,SM KV OPF,0.0
2024-06-11 05:30:00,SM NPI,1.228391978
2024-06-11 05:30:00,SM TLO,3.67
2024-06-11 06:00:00,IB GF,0.0
2024-06-11 06:00:00,IB NPI,2.5
2024-06-11 06:00:00,IB OPF,92.87
2024-06-11 06:00:00,SM FT OPF,0.0
2024-06-11 06:00:00,SM GF,2.11
2024-06-11 06:00:00,SM KV OPF,0.0
2024-06-11 06:00:00,SM NPI,1.260574044
2024-06-11 06:00:00,SM TLO,3.67
2024-06-11 06:30:00,IB GF,0.0
2024-06-11 06:30:00,IB NPI,2.5
2024-06-11 06:30:00,IB OPF,92.87
2024-06-11 06:30:00,SM FT OPF,0.0
2024-06-11 06:30:00,SM GF,2.11
2024-06-11 06:30:00,SM KV OPF,0.0
2024-06-11 06:30:00,SM NPI,1.283017591
2024-06-11 06:30:00,SM TLO,3.67
2024-06-11 07:00:00,IB GF,0.0
2024-06-11 07:00:00,IB NPI,2.5
2024-06-11 07:00:00,IB OPF,92.87
2024-06-11 07:00:00,SM FT OPF,0.0
2024-06-11 07:00:00,SM GF,2.11
2024-06-11 07:00:00,SM KV OPF,0.0
2024-06-11 07:00:00,SM NPI,1.303270224
2024-06-11 07:00:00,SM TLO,3.67
2024-06-11 07:30:00,IB GF,0.0
2024-06-11 07:30:00,IB NPI,2.5
2024-06-11 07:30:00,IB OPF,92.87
2024-06-11 07:30:00,SM FT OPF,0.0
2024-06-11 07:30:00,SM GF,2.11
2024-06-11 07:30:00,SM KV OPF,0.0
2024-06-11 07:30:00,SM NPI,1.302928811
2024-06-11 07:30:00,SM TLO,3.67
2024-06-11 08:00:00,IB GF,0.0
2024-06-11 08:00:00,IB NPI,2.5
2024-06-11 08:00:00,IB OPF,92.87
2024-06-11 08:00:00,SM FT OPF,0.0
2024-06-11 08:00:00,SM GF,2.11
2024-06-11 08:00:00,SM KV OPF,0.0
2024-06-11 08:00:00,SM NPI,1.292582946
2024-06-11 08:00:00,SM TLO,3.67
2024-06-11 08:30:00,IB GF,0.0
2024-06-11 08:30:00,IB NPI,2.5
2024-06-11 08:30:00,IB OPF,92.87
2024-06-11 08:30:00,SM FT OPF,0.0
2024-06-11 08:30:00,SM GF,2.11
2024-06-11 08:30:00,SM KV OPF,0.0
2024-06-11 08:30:00,SM NPI,1.279810436
2024-06-11 08:30:00,SM TLO,3.67
2024-06-11 09:00:00,IB GF,0.0
2024-06-11 09:00:00,IB NPI,2.5
2024-06-11 09:00:00,IB OPF,92.87
2024-06-11 09:00:00,SM FT OPF,0.0
2024-06-11 09:00:00,SM GF,2.11
2024-06-11 09:00:00,SM KV OPF,0.0
2024-06-11 09:00:00,SM NPI,1.274856935
2024-06-11 09:00:00,SM TLO,3.67
2024-06-11 09:30:00,IB GF,0.0
2024-06-11 09:30:00,IB NPI,2.5
2024-06-11 09:30:00,IB OPF,92.87
2024-06-11 09:30:00,SM FT OPF,0.0
2024-06-11 09:30:00,SM GF,2.11
2024-06-11 09:30:00,SM KV OPF,0.0
2024-06-11 09:30:00,SM NPI,1.318683646
2024-06-11 09:30:00,SM TLO,3.67
2024-06-11 10:00:00,IB GF,0.0
2024-06-11 10:00:00,IB NPI,2.5
2024-06-11 10:00:00,IB OPF,92.87
2024-06-11 10:00:00,SM FT OPF,0.0
2024-06-11 10:00:00,SM GF,2.11
2024-06-11 10:00:00,SM KV OPF,0.0
2024-06-11 10:00:00,SM NPI,1.382508653
2024-06-11 10:00:00,SM TLO,3.67
2024-06-11 10:30:00,IB GF,0.0
2024-06-11 10:30:00,IB NPI,2.5
2024-06-11 10:30:00,IB OPF,92.87
2024-06-11 10:30:00,SM FT OPF,0.0
2024-06-11 10:30:00,SM GF,2.11
2024-06-11 10:30:00,SM KV OPF,0.0
2024-06-11 10:30:00,SM NPI,1.434565623
2024-06-11 10:30:00,SM TLO,3.67
2024-06-11 11:00:00,IB GF,0.0
2024-06-11 11:00:00,IB NPI,2.5
2024-06-11 11:00:00,IB OPF,92.87
2024-06-11 11:00:00,SM FT OPF,0.0
2024-06-11 11:00:00,SM GF,2.11
2024-06-11 11:00:00,SM KV OPF,0.0
2024-06-11 11:00:00,SM NPI,1.47956693
2024-06-11 11:00:00,SM TLO,3.67
2024-06-11 11:30:00,IB GF,0.0
2024-06-11 11:30:00,IB NPI,2.5
2024-06-11 11:30:00,IB OPF,92.87
2024-06-11 11:30:00,SM FT OPF,0.0
2024-06-11 11:30:00,SM GF,2.11
2024-06-11 11:30:00,SM KV OPF,0.0
2024-06-11 11:30:00,SM NPI,1.518305209
2024-06-11 11:30:00,SM TLO,3.67
2024-06-11 12:00:00,IB GF,0.0
2024-06-11 12:00:00,IB NPI,2.5
2024-06-11 12:00:00,IB OPF,92.87
2024-06-11 12:00:00,SM FT OPF,0.0
2024-06-11 12:00:00,SM GF,2.11
2024-06-11 12:00:00,SM KV OPF,0.0
2024-06-11 12:00:00,SM NPI,1.54970583
2024-06-11 12:00:00,SM TLO,3.67
2024-06-11 12:30:00,IB GF,0.0
2024-06-11 12:30:00,IB NPI,2.5
2024-06-11 12:30:00,IB OPF,92.87
2024-06-11 12:30:00,SM FT OPF,0.0
2024-06-11 12:30:00,SM GF,2.11
2024-06-11 12:30:00,SM KV OPF,0.0
2024-06-11 12:30:00,SM NPI,1.576793731
2024-06-11 12:30:00,SM TLO,3.67
2024-06-11 13:00:00,IB GF,0.0
2024-06-11 13:00:00,IB NPI,2.5
2024-06-11 13:00:00,IB OPF,92.87
2024-06-11 13:00:00,SM FT OPF,0.0
2024-06-11 13:00:00,SM GF,2.11
2024-06-11 13:00:00,SM KV OPF,0.0
2024-06-11 13:00:00,SM NPI,1.612275961
2024-06-11 13:00:00,SM TLO,3.67
2024-06-11 13:30:00,IB GF,0.0
2024-06-11 13:30:00,IB NPI,2.5
2024-06-11 13:30:00,IB OPF,92.87
2024-06-11 13:30:00,SM FT OPF,0.0
2024-06-11 13:30:00,SM GF,2.11
2024-06-11 13:30:00,SM KV OPF,0.0
2024-06-11 13:30:00,SM NPI,1.653757502
2024-06-11 13:30:00,SM TLO,3.67
2024-06-11 14:00:00,IB GF,0.0
2024-06-11 14:00:00,IB NPI,2.5
2024-06-11 14:00:00,IB OPF,92.87
2024-06-11 14:00:00,SM FT OPF,0.0
2024-06-11 14:00:00,SM GF,2.11
2024-06-11 14:00:00,SM KV OPF,0.0
2024-06-11 14:00:00,SM NPI,1.711436811
2024-06-11 14:00:00,SM TLO,3.67
2024-06-11 14:30:00,IB GF,0.0
2024-06-11 14:30:00,IB NPI,2.5
2024-06-11 14:30:00,IB OPF,92.87
2024-06-11 14:30:00,SM FT OPF,0.0
2024-06-11 14:30:00,SM GF,2.11
2024-06-11 14:30:00,SM KV OPF,0.0
2024-06-11 14:30:00,SM NPI,1.74966799
2024-06-11 14:30:00,SM TLO,3.67
2024-06-11 15:00:00,IB GF,0.0
2024-06-11 15:00:00,IB NPI,2.5
2024-06-11 15:00:00,IB OPF,92.87
2024-06-11 15:00:00,SM FT OPF,0.0
2024-06-11 15:00:00,SM GF,2.11
2024-06-11 15:00:00,SM KV OPF,0.0
2024-06-11 15:00:00,SM NPI,1.774241481
2024-06-11 15:00:00,SM TLO,3.67
2024-06-11 15:30:00,IB GF,0.0
2024-06-11 15:30:00,IB NPI,2.5
2024-06-11 15:30:00,IB OPF,92.87
2024-06-11 15:30:00,SM FT OPF,0.0
2024-06-11 15:30:00,SM GF,2.11
2024-06-11 15:30:00,SM KV OPF,0.0
2024-06-11 15:30:00,SM NPI,1.8173291
2024-06-11 15:30:00,SM TLO,3.67
2024-06-11 16:00:00,IB GF,0.0
2024-06-11 16:00:00,IB NPI,2.5
2024-06-11 16:00:00,IB OPF,92.87
2024-06-11 16:00:00,SM FT OPF,0.0
2024-06-11 16:00:00,SM GF,2.11
2024-06-11 16:00:00,SM KV OPF,0.0
2024-06-11 16:00:00,SM NPI,1.817641451
2024-06-11 16:00:00,SM TLO,3.67
2024-06-11 16:30:00,IB GF,0.0
2024-06-11 16:30:00,IB NPI,2.5
2024-06-11 16:30:00,IB OPF,92.87
2024-06-11 16:30:00,SM FT OPF,0.0
2024-06-11 16:30:00,SM GF,2.11
2024-06-11 16:30:00,SM KV OPF,0.0
2024-06-11 16:30:00,SM NPI,1.76534304
2024-06-11 16:30:00,SM TLO,3.67
2024-06-11 17:00:00,IB GF,0.0
2024-06-11 17:00:00,IB NPI,2.5
2024-06-11 17:00:00,IB OPF,92.87
2024-06-11 17:00:00,SM FT OPF,0.0
2024-06-11 17:00:00,SM GF,2.11
2024-06-11 17:00:00,SM KV OPF,0.0
2024-06-11 17:00:00,SM NPI,1.725863414
2024-06-11 17:00:00,SM TLO,3.67
2024-06-11 17:30:00,IB GF,0.0
2024-06-11 17:30:00,IB NPI,2.5
2024-06-11 17:30:00,IB OPF,92.87
2024-06-11 17:30:00,SM FT OPF,0.0
2024-06-11 17:30:00,SM GF,2.11
2024-06-11 17:30:00,SM KV OPF,0.0
2024-06-11 17:30:00,SM NPI,1.763573214
2024-06-11 17:30:00,SM TLO,3.67
2024-06-11 18:00:00,IB GF,0.0
2024-06-11 18:00:00,IB NPI,2.5
2024-06-11 18:00:00,IB OPF,92.87
2024-06-11 18:00:00,SM FT OPF,0.0
2024-06-11 18:00:00,SM GF,2.11
2024-06-11 18:00:00,SM KV OPF,0.0
2024-06-11 18:00:00,SM NPI,1.864761653
2024-06-11 18:00:00,SM TLO,3.67
2024-06-11 18:30:00,IB GF,0.0
2024-06-11 18:30:00,IB NPI,2.5
2024-06-11 18:30:00,IB OPF,92.87
2024-06-11 18:30:00,SM FT OPF,0.0
2024-06-11 18:30:00,SM GF,2.11
2024-06-11 18:30:00,SM KV OPF,0.0
2024-06-11 18:30:00,SM NPI,1.934740998
2024-06-11 18:30:00,SM TLO,3.67
2024-06-11 19:00:00,IB GF,0.0
2024-06-11 19:00:00,IB NPI,2.5
2024-06-11 19:00:00,IB OPF,92.87
2024-06-11 19:00:00,SM FT OPF,0.0
2024-06-11 19:00:00,SM GF,2.11
2024-06-11 19:00:00,SM KV OPF,0.0
2024-06-11 19:00:00,SM NPI,1.963717743
2024-06-11 19:00:00,SM TLO,3.67
2024-06-11 19:30:00,IB GF,0.0
2024-06-11 19:30:00,IB NPI,2.5
2024-06-11 19:30:00,IB OPF,92.87
2024-06-11 19:30:00,SM FT OPF,0.0
2024-06-11 19:30:00,SM GF,2.11
2024-06-11 19:30:00,SM KV OPF,0.0
2024-06-11 19:30:00,SM NPI,1.88646233
2024-06-11 19:30:00,SM TLO,3.67
2024-06-11 20:00:00,IB GF,0.0
2024-06-11 20:00:00,IB NPI,2.5
2024-06-11 20:00:00,IB OPF,92.87
2024-06-11 20:00:00,SM FT OPF,0.0
2024-06-11 20:00:00,SM GF,2.11
2024-06-11 20:00:00,SM KV OPF,0.0
2024-06-11 20:00:00,SM NPI,1.730226701
2024-06-11 20:00:00,SM TLO,3.67
2024-06-11 20:30:00,IB GF,0.0
2024-06-11 20:30:00,IB NPI,2.5
2024-06-11 20:30:00,IB OPF,92.87
2024-06-11 20:30:00,SM FT OPF,0.0
2024-06-11 20:30:00,SM GF,2.11
2024-06-11 20:30:00,SM KV OPF,0.0
2024-06-11 20:30:00,SM NPI,1.56372011
2024-06-11 20:30:00,SM TLO,3.67
2024-06-11 21:00:00,IB GF,0.0
2024-06-11 21:00:00,IB NPI,2.5
2024-06-11 21:00:00,IB OPF,92.87
2024-06-11 21:00:00,SM FT OPF,0.0
2024-06-11 21:00:00,SM GF,2.11
2024-06-11 21:00:00,SM KV OPF,0.0
2024-06-11 21:00:00,SM NPI,1.423410198
2024-06-11 21:00:00,SM TLO,3.67
2024-06-11 21:30:00,IB GF,0.0
2024-06-11 21:30:00,IB NPI,2.5
2024-06-11 21:30:00,IB OPF,92.87
2024-06-11 21:30:00,SM FT OPF,0.0
2024-06-11 21:30:00,SM GF,2.11
2024-06-11 21:30:00,SM KV OPF,0.0
2024-06-11 21:30:00,SM NPI,1.34248643
2024-06-11 21:30:00,SM TLO,3.67
2024-06-11 22:00:00,IB GF,0.0
2024-06-11 22:00:00,IB NPI,2.5
2024-06-11 22:00:00,IB OPF,92.87
2024-06-11 22:00:00,SM FT OPF,0.0
2024-06-11 22:00:00,SM GF,2.11
2024-06-11 22:00:00,SM KV OPF,0.0
2024-06-11 22:00:00,SM NPI,1.272935291
2024-06-11 22:00:00,SM TLO,3.67
2024-06-11 22:30:00,IB GF,0.0
2024-06-11 22:30:00,IB NPI,2.5
2024-06-11 22:30:00,IB OPF,92.87
2024-06-11 22:30:00,SM FT OPF,0.0
2024-06-11 22:30:00,SM GF,2.11
2024-06-11 22:30:00,SM KV OPF,0.0
2024-06-11 22:30:00,SM NPI,1.210725802
2024-06-11 22:30:00,SM TLO,3.67
2024-06-11 23:00:00,IB GF,0.0
2024-06-11 23:00:00,IB NPI,2.5
2024-06-11 23:00:00,IB OPF,92.87
2024-06-11 23:00:00,SM FT OPF,0.0
2024-06-11 23:00:00,SM GF,2.11
2024-06-11 23:00:00,SM KV OPF,0.0
2024-06-11 23:00:00,SM NPI,1.161511911
2024-06-11 23:00:00,SM TLO,3.67
2024-06-11 23:30:00,IB GF,0.0
2024-06-11 23:30:00,IB NPI,2.5
2024-06-11 23:30:00,IB OPF,92.87
2024-06-11 23:30:00,SM FT OPF,0.0
2024-06-11 23:30:00,SM GF,2.11
2024-06-11 23:30:00,SM KV OPF,0.0
2024-06-11 23:30:00,SM NPI,1.126513883
2024-06-11 23:30:00,SM TLO,3.67
2024-06-12 00:00:00,IB GF,0.0
2024-06-12 00:00:00,IB NPI,2.5
2024-06-12 00:00:00,IB OPF,92.87
2024-06-12 00:00:00,SM FT OPF,0.0
2024-06-12 00:00:00,SM GF,2.11
2024-06-12 00:00:00,SM KV OPF,0.0
2024-06-12 00:00:00,SM NPI,1.096532885
2024-06-12 00:00:00,SM TLO,3.67
2024-06-12 00:30:00,IB GF,0.0
2024-06-12 00:30:00,IB NPI,2.5
2024-06-12 00:30:00,IB OPF,92.87
2024-06-12 00:30:00,SM FT OPF,0.0
2024-06-12 00:30:00,SM GF,2.11
2024-06-12 00:30:00,SM KV OPF,0.0
2024-06-12 00:30:00,SM NPI,1.072174353
2024-06-12 00:30:00,SM TLO,3.67
2024-06-12 01:00:00,IB GF,0.0
2024-06-12 01:00:00,IB NPI,2.5
2024-06-12 01:00:00,IB OPF,92.87
2024-06-12 01:00:00,SM FT OPF,0.0
2024-06-12 01:00:00,SM GF,2.11
2024-06-12 01:00:00,SM KV OPF,0.0
2024-06-12 01:00:00,SM NPI,1.058180293
2024-06-12 01:00:00,SM TLO,3.67
2024-06-12 01:30:00,IB GF,0.0
2024-06-12 01:30:00,IB NPI,2.5
2024-06-12 01:30:00,IB OPF,92.87
2024-06-12 01:30:00,SM FT OPF,0.0
2024-06-12 01:30:00,SM GF,2.11
2024-06-12 01:30:00,SM KV OPF,0.0
2024-06-12 01:30:00,SM NPI,1.044532114
2024-06-12 01:30:00,SM TLO,3.67
2024-06-12 02:00:00,IB GF,0.0
2024-06-12 02:00:00,IB NPI,2.5
2024-06-12 02:00:00,IB OPF,92.87
2024-06-12 02:00:00,SM FT OPF,0.0
2024-06-12 02:00:00,SM GF,2.11
2024-06-12 02:00:00,SM KV OPF,0.0
2024-06-12 02:00:00,SM NPI,1.038730907
2024-06-12 02:00:00,SM TLO,3.67
2024-06-12 02:30:00,IB GF,0.0
2024-06-12 02:30:00,IB NPI,2.5
2024-06-12 02:30:00,IB OPF,92.87
2024-06-12 02:30:00,SM FT OPF,0.0
2024-06-12 02:30:00,SM GF,2.11
2024-06-12 02:30:00,SM KV OPF,0.0
2024-06-12 02:30:00,SM NPI,1.040445686
2024-06-12 02:30:00,SM TLO,3.67
2024-06-12 03:00:00,IB GF,0.0
2024-06-12 03:00:00,IB NPI,2.5
2024-06-12 03:00:00,IB OPF,92.87
2024-06-12 03:00:00,SM FT OPF,0.0
2024-06-12 03:00:00,SM GF,2.11
2024-06-12 03:00:00,SM KV OPF,0.0
2024-06-12 03:00:00,SM NPI,1.050035148
2024-06-12 03:00:00,SM TLO,3.67
2024-06-12 03:30:00,IB GF,0.0
2024-06-12 03:30:00,IB NPI,2.5
2024-06-12 03:30:00,IB OPF,92.87
2024-06-12 03:30:00,SM FT OPF,0.0
2024-06-12 03:30:00,SM GF,2.11
2024-06-12 03:30:00,SM KV OPF,0.0
2024-06-12 03:30:00,SM NPI,1.11795521
2024-06-12 03:30:00,SM TLO,3.67
2024-06-12 04:00:00,IB GF,0.0
2024-06-12 04:00:00,IB NPI,2.5
2024-06-12 04:00:00,IB OPF,92.87
2024-06-12 04:00:00,SM FT OPF,0.0
2024-06-12 04:00:00,SM GF,2.11
2024-06-12 04:00:00,SM KV OPF,0.0
2024-06-12 04:00:00,SM NPI,1.233039578
2024-06-12 04:00:00,SM TLO,3.67
2024-06-12 04:30:00,IB GF,0.0
2024-06-12 04:30:00,IB NPI,2.5
2024-06-12 04:30:00,IB OPF,92.87
2024-06-12 04:30:00,SM FT OPF,0.0
2024-06-12 04:30:00,SM GF,2.11
2024-06-12 04:30:00,SM KV OPF,0.0
2024-06-12 04:30:00,SM NPI,1.281046246
2024-06-12 04:30:00,SM TLO,3.67
2024-06-12 05:00:00,IB GF,0.0
2024-06-12 05:00:00,IB NPI,2.5
2024-06-12 05:00:00,IB OPF,92.87
2024-06-12 05:00:00,SM FT OPF,0.0
2024-06-12 05:00:00,SM GF,2.11
2024-06-12 05:00:00,SM KV OPF,0.0
2024-06-12 05:00:00,SM NPI,1.249421978
2024-06-12 05:00:00,SM TLO,3.67
2024-06-12 05:30:00,IB GF,0.0
2024-06-12 05:30:00,IB NPI,2.5
2024-06-12 05:30:00,IB OPF,92.87
2024-06-12 05:30:00,SM FT OPF,0.0
2024-06-12 05:30:00,SM GF,2.11
2024-06-12 05:30:00,SM KV OPF,0.0
2024-06-12 05:30:00,SM NPI,1.228391978
2024-06-12 05:30:00,SM TLO,3.67
2024-06-12 06:00:00,IB GF,0.0
2024-06-12 06:00:00,IB NPI,2.5
2024-06-12 06:00:00,IB OPF,92.87
2024-06-12 06:00:00,SM FT OPF,0.0
2024-06-12 06:00:00,SM GF,2.11
2024-06-12 06:00:00,SM KV OPF,0.0
2024-06-12 06:00:00,SM NPI,1.260574044
2024-06-12 06:00:00,SM TLO,3.67
2024-06-12 06:30:00,IB GF,0.0
2024-06-12 06:30:00,IB NPI,2.5
2024-06-12 06:30:00,IB OPF,92.87
2024-06-12 06:30:00,SM FT OPF,0.0
2024-06-12 06:30:00,SM GF,2.11
2024-06-12 06:30:00,SM KV OPF,0.0
2024-06-12 06:30:00,SM NPI,1.283017591
2024-06-12 06:30:00,SM TLO,3.67
2024-06-12 07:00:00,IB GF,0.0
2024-06-12 07:00:00,IB NPI,2.5
2024-06-12 07:00:00,IB OPF,92.87
2024-06-12 07:00:00,SM FT OPF,0.0
2024-06-12 07:00:00,SM GF,2.11
2024-06-12 07:00:00,SM KV OPF,0.0
2024-06-12 07:00:00,SM NPI,1.303270224
2024-06-12 07:00:00,SM TLO,3.67
2024-06-12 07:30:00,IB GF,0.0
2024-06-12 07:30:00,IB NPI,2.5
2024-06-12 07:30:00,IB OPF,92.87
2024-06-12 07:30:00,SM FT OPF,0.0
2024-06-12 07:30:00,SM GF,2.11
2024-06-12 07:30:00,SM KV OPF,0.0
2024-06-12 07:30:00,SM NPI,1.302928811
2024-06-12 07:30:00,SM TLO,3.67
2024-06-12 08:00:00,IB GF,0.0
2024-06-12 08:00:00,IB NPI,2.5
2024-06-12 08:00:00,IB OPF,92.87
2024-06-12 08:00:00,SM FT OPF,0.0
2024-06-12 08:00:00,SM GF,2.11
2024-06-12 08:00:00,SM KV OPF,0.0
2024-06-12 08:00:00,SM NPI,1.292582946
2024-06-12 08:00:00,SM TLO,3.67
2024-06-12 08:30:00,IB GF,0.0
2024-06-12 08:30:00,IB NPI,2.5
2024-06-12 08:30:00,IB OPF,92.87
2024-06-12 08:30:00,SM FT OPF,0.0
2024-06-12 08:30:00,SM GF,2.11
2024-06-12 08:30:00,SM KV OPF,0.0
2024-06-12 08:30:00,SM NPI,1.279810436
2024-06-12 08:30:00,SM TLO,3.67
2024-06-12 09:00:00,IB GF,0.0
2024-06-12 09:00:00,IB NPI,2.5
2024-06-12 09:00:00,IB OPF,92.87
2024-06-12 09:00:00,SM FT OPF,0.0
2024-06-12 09:00:00,SM GF,2.11
2024-06-12 09:00:00,SM KV OPF,0.0
2024-06-12 09:00:00,SM NPI,1.274856935
2024-06-12 09:00:00,SM TLO,3.67
2024-06-12 09:30:00,IB GF,0.0
2024-06-12 09:30:00,IB NPI,2.5
2024-06-12 09:30:00,IB OPF,92.87
2024-06-12 09:30:00,SM FT OPF,0.0
2024-06-12 09:30:00,SM GF,2.11
2024-06-12 09:30:00,SM KV OPF,0.0
2024-06-12 09:30:00,SM NPI,1.318683646
2024-06-12 09:30:00,SM TLO,3.67
2024-06-12 10:00:00,IB GF,0.0
2024-06-12 10:00:00,IB NPI,2.5
2024-06-12 10:00:00,IB OPF,92.87
2024-06-12 10:00:00,SM FT OPF,0.0
2024-06-12 10:00:00,SM GF,2.11
2024-06-12 10:00:00,SM KV OPF,0.0
2024-06-12 10:00:00,SM NPI,1.382508653
2024-06-12 10:00:00,SM TLO,3.67
2024-06-12 10:30:00,IB GF,0.0
2024-06-12 10:30:00,IB NPI,2.5
2024-06-12 10:30:00,IB OPF,92.87
2024-06-12 10:30:00,SM FT OPF,0.0
2024-06-12 10:30:00,SM GF,2.11
2024-06-12 10:30:00,SM KV OPF,0.0
2024-06-12 10:30:00,SM NPI,1.434565623
2024-06-12 10:30:00,SM TLO,3.67
2024-06-12 11:00:00,IB GF,0.0
2024-06-12 11:00:00,IB NPI,2.5
2024-06-12 11:00:00,IB OPF,92.87
2024-06-12 11:00:00,SM FT OPF,0.0
2024-06-12 11:00:00,SM GF,2.11
2024-06-12 11:00:00,SM KV OPF,0.0
2024-06-12 11:00:00,SM NPI,1.47956693
2024-06-12 11:00:00,SM TLO,3.67
2024-06-12 11:30:00,IB GF,0.0
2024-06-12 11:30:00,IB NPI,2.5
2024-06-12 11:30:00,IB OPF,92.87
2024-06-12 11:30:00,SM FT OPF,0.0
2024-06-12 11:30:00,SM GF,2.11
2024-06-12 11:30:00,SM KV OPF,0.0
2024-06-12 11:30:00,SM NPI,1.518305209
2024-06-12 11:30:00,SM TLO,3.67
2024-06-12 12:00:00,IB GF,0.0
2024-06-12 12:00:00,IB NPI,2.5
2024-06-12 12:00:00,IB OPF,92.87
2024-06-12 12:00:00,SM FT OPF,0.0
2024-06-12 12:00:00,SM GF,2.11
2024-06-12 12:00:00,SM KV OPF,0.0
2024-06-12 12:00:00,SM NPI,1.54970583
2024-06-12 12:00:00,SM TLO,3.67
2024-06-12 12:30:00,IB GF,0.0
2024-06-12 12:30:00,IB NPI,2.5
2024-06-12 12:30:00,IB OPF,92.87
2024-06-12 12:30:00,SM FT OPF,0.0
2024-06-12 12:30:00,SM GF,2.11
2024-06-12 12:30:00,SM KV OPF,0.0
2024-06-12 12:30:00,SM NPI,1.576793731
2024-06-12 12:30:00,SM TLO,3.67
2024-06-12 13:00:00,IB GF,0.0
2024-06-12 13:00:00,IB NPI,2.5
2024-06-12 13:00:00,IB OPF,92.87
2024-06-12 13:00:00,SM FT OPF,0.0
2024-06-12 13:00:00,SM GF,2.11
2024-06-12 13:00:00,SM KV OPF,0.0
2024-06-12 13:00:00,SM NPI,1.612275961
2024-06-12 13:00:00,SM TLO,3.67
2024-06-12 13:30:00,IB GF,0.0
2024-06-12 13:30:00,IB NPI,2.5
2024-06-12 13:30:00,IB OPF,92.87
2024-06-12 13:30:00,SM FT OPF,0.0
2024-06-12 13:30:00,SM GF,2.11
2024-06-12 13:30:00,SM KV OPF,0.0
2024-06-12 13:30:00,SM NPI,1.653757502
2024-06-12 13:30:00,SM TLO,3.67
2024-06-12 14:00:00,IB GF,0.0
2024-06-12 14:00:00,IB NPI,2.5
2024-06-12 14:00:00,IB OPF,92.87
2024-06-12 14:00:00,SM FT OPF,0.0
2024-06-12 14:00:00,SM GF,2.11
2024-06-12 14:00:00,SM KV OPF,0.0
2024-06-12 14:00:00,SM NPI,1.711436811
2024-06-12 14:00:00,SM TLO,3.67
2024-06-12 14:30:00,IB GF,0.0
2024-06-12 14:30:00,IB NPI,2.5
2024-06-12 14:30:00,IB OPF,92.87
2024-06-12 14:30:00,SM FT OPF,0.0
2024-06-12 14:30:00,SM GF,2.11
2024-06-12 14:30:00,SM KV OPF,0.0
2024-06-12 14:30:00,SM NPI,1.74966799
2024-06-12 14:30:00,SM TLO,3.67
2024-06-12 15:00:00,IB GF,0.0
2024-06-12 15:00:00,IB NPI,2.5
2024-06-12 15:00:00,IB OPF,92.87
2024-06-12 15:00:00,SM FT OPF,0.0
2024-06-12 15:00:00,SM GF,2.11
2024-06-12 15:00:00,SM KV OPF,0.0
2024-06-12 15:00:00,SM NPI,1.774241481
2024-06-12 15:00:00,SM TLO,3.67
2024-06-12 15:30:00,IB GF,0.0
2024-06-12 15:30:00,IB NPI,2.5
2024-06-12 15:30:00,IB OPF,92.87
2024-06-12 15:30:00,SM FT OPF,0.0
2024-06-12 15:30:00,SM GF,2.11
2024-06-12 15:30:00,SM KV OPF,0.0
2024-06-12 15:30:00,SM NPI,1.8173291
2024-06-12 15:30:00,SM TLO,3.67
2024-06-12 16:00:00,IB GF,0.0
2024-06-12 16:00:00,IB NPI,2.5
2024-06-12 16:00:00,IB OPF,92.87
2024-06-12 16:00:00,SM FT OPF,0.0
2024-06-12 16:00:00,SM GF,2.11
2024-06-12 16:00:00,SM KV OPF,0.0
2024-06-12 16:00:00,SM NPI,1.817641451
2024-06-12 16:00:00,SM TLO,3.67
2024-06-12 16:30:00,IB GF,0.0
2024-06-12 16:30:00,IB NPI,2.5
2024-06-12 16:30:00,IB OPF,92.87
2024-06-12 16:30:00,SM FT OPF,0.0
2024-06-12 16:30:00,SM GF,2.11
2024-06-12 16:30:00,SM KV OPF,0.0
2024-06-12 16:30:00,SM NPI,1.76534304
2024-06-12 16:30:00,SM TLO,3.67
2024-06-12 17:00:00,IB GF,0.0
2024-06-12 17:00:00,IB NPI,2.5
2024-06-12 17:00:00,IB OPF,92.87
2024-06-12 17:00:00,SM FT OPF,0.0
2024-06-12 17:00:00,SM GF,2.11
2024-06-12 17:00:00,SM KV OPF,0.0
2024-06-12 17:00:00,SM NPI,1.725863414
2024-06-12 17:00:00,SM TLO,3.67
2024-06-12 17:30:00,IB GF,0.0
2024-06-12 17:30:00,IB NPI,2.5
2024-06-12 17:30:00,IB OPF,92.87
2024-06-12 17:30:00,SM FT OPF,0.0
2024-06-12 17:30:00,SM GF,2.11
2024-06-12 17:30:00,SM KV OPF,0.0
2024-06-12 17:30:00,SM NPI,1.763573214
2024-06-12 17:30:00,SM TLO,3.67
2024-06-12 18:00:00,IB GF,0.0
2024-06-12 18:00:00,IB NPI,2.5
2024-06-12 18:00:00,IB OPF,92.87
2024-06-12 18:00:00,SM FT OPF,0.0
2024-06-12 18:00:00,SM GF,2.11
2024-06-12 18:00:00,SM KV OPF,0.0
2024-06-12 18:00:00,SM NPI,1.864761653
2024-06-12 18:00:00,SM TLO,3.67
2024-06-12 18:30:00,IB GF,0.0
2024-06-12 18:30:00,IB NPI,2.5
2024-06-12 18:30:00,IB OPF,92.87
2024-06-12 18:30:00,SM FT OPF,0.0
2024-06-12 18:30:00,SM GF,2.11
2024-06-12 18:30:00,SM KV OPF,0.0
2024-06-12 18:30:00,SM NPI,1.934740998
2024-06-12 18:30:00,SM TLO,3.67
2024-06-12 19:00:00,IB GF,0.0
2024-06-12 19:00:00,IB NPI,2.5
2024-06-12 19:00:00,IB OPF,92.87
2024-06-12 19:00:00,SM FT OPF,0.0
2024-06-12 19:00:00,SM GF,2.11
2024-06-12 19:00:00,SM KV OPF,0.0
2024-06-12 19:00:00,SM NPI,1.963717743
2024-06-12 19:00:00,SM TLO,3.67
2024-06-12 19:30:00,IB GF,0.0
2024-06-12 19:30:00,IB NPI,2.5
2024-06-12 19:30:00,IB OPF,92.87
2024-06-12 19:30:00,SM FT OPF,0.0
2024-06-12 19:30:00,SM GF,2.11
2024-06-12 19:30:00,SM KV OPF,0.0
2024-06-12 19:30:00,SM NPI,1.88646233
2024-06-12 19:30:00,SM TLO,3.67
2024-06-12 20:00:00,IB GF,0.0
2024-06-12 20:00:00,IB NPI,2.5
2024-06-12 20:00:00,IB OPF,92.87
2024-06-12 20:00:00,SM FT OPF,0.0
2024-06-12 20:00:00,SM GF,2.11
2024-06-12 20:00:00,SM KV OPF,0.0
2024-06-12 20:00:00,SM NPI,1.730226701
2024-06-12 20:00:00,SM TLO,3.67
2024-06-12 20:30:00,IB GF,0.0
2024-06-12 20:30:00,IB NPI,2.5
2024-06-12 20:30:00,IB OPF,92.87
2024-06-12 20:30:00,SM FT OPF,0.0
2024-06-12 20:30:00,SM GF,2.11
2024-06-12 20:30:00,SM KV OPF,0.0
2024-06-12 20:30:00,SM NPI,1.56372011
2024-06-12 20:30:00,SM TLO,3.67
2024-06-12 21:00:00,IB GF,0.0
2024-06-12 21:00:00,IB NPI,2.5
2024-06-12 21:00:00,IB OPF,92.87
2024-06-12 21:00:00,SM FT OPF,0.0
2024-06-12 21:00:00,SM GF,2.11
2024-06-12 21:00:00,SM KV OPF,0.0
2024-06-12 21:00:00,SM NPI,1.423410198
2024-06-12 21:00:00,SM TLO,3.67
2024-06-12 21:30:00,IB GF,0.0
2024-06-12 21:30:00,IB NPI,2.5
2024-06-12 21:30:00,IB OPF,92.87
2024-06-12 21:30:00,SM FT OPF,0.0
2024-06-12 21:30:00,SM GF,2.11
2024-06-12 21:30:00,SM KV OPF,0.0
2024-06-12 21:30:00,SM NPI,1.34248643
2024-06-12 21:30:00,SM TLO,3.67
2024-06-12 22:00:00,IB GF,0.0
2024-06-12 22:00:00,IB NPI,2.5
2024-06-12 22:00:00,IB OPF,92.87
2024-06-12 22:00:00,SM FT OPF,0.0
2024-06-12 22:00:00,SM GF,2.11
2024-06-12 22:00:00,SM KV OPF,0.0
2024-06-12 22:00:00,SM NPI,1.272935291
2024-06-12 22:00:00,SM TLO,3.67
2024-06-12 22:30:00,IB GF,0.0
2024-06-12 22:30:00,IB NPI,2.5
2024-06-12 22:30:00,IB OPF,92.87
2024-06-12 22:30:00,SM FT OPF,0.0
2024-06-12 22:30:00,SM GF,2.11
2024-06-12 22:30:00,SM KV OPF,0.0
2024-06-12 22:30:00,SM NPI,1.210725802
2024-06-12 22:30:00,SM TLO,3.67
2024-06-12 23:00:00,IB GF,0.0
2024-06-12 23:00:00,IB NPI,2.5
2024-06-12 23:00:00,IB OPF,92.87
2024-06-12 23:00:00,SM FT OPF,0.0
2024-06-12 23:00:00,SM GF,2.11
2024-06-12 23:00:00,SM KV OPF,0.0
2024-06-12 23:00:00,SM NPI,1.161511911
2024-06-12 23:00:00,SM TLO,3.67
2024-06-12 23:30:00,IB GF,0.0
2024-06-12 23:30:00,IB NPI,2.5
2024-06-12 23:30:00,IB OPF,92.87
2024-06-12 23:30:00,SM FT OPF,0.0
2024-06-12 23:30:00,SM GF,2.11
2024-06-12 23:30:00,SM KV OPF,0.0
2024-06-12 23:30:00,SM NPI,1.126513883
2024-06-12 23:30:00,SM TLO,3.67
2024-06-13 00:00:00,IB GF,0.0
2024-06-13 00:00:00,IB NPI,2.5
2024-06-13 00:00:00,IB OPF,92.87
2024-06-13 00:00:00,SM FT OPF,0.0
2024-06-13 00:00:00,SM GF,2.11
2024-06-13 00:00:00,SM KV OPF,0.0
2024-06-13 00:00:00,SM NPI,1.096532885
2024-06-13 00:00:00,SM TLO,3.67
2024-06-13 00:30:00,IB GF,0.0
2024-06-13 00:30:00,IB NPI,2.5
2024-06-13 00:30:00,IB OPF,92.87
2024-06-13 00:30:00,SM FT OPF,0.0
2024-06-13 00:30:00,SM GF,2.11
2024-06-13 00:30:00,SM KV OPF,0.0
2024-06-13 00:30:00,SM NPI,1.072174353
2024-06-13 00:30:00,SM TLO,3.67
2024-06-13 01:00:00,IB GF,0.0
2024-06-13 01:00:00,IB NPI,2.5
2024-06-13 01:00:00,IB OPF,92.87
2024-06-13 01:00:00,SM FT OPF,0.0
2024-06-13 01:00:00,SM GF,2.11
2024-06-13 01:00:00,SM KV OPF,0.0
2024-06-13 01:00:00,SM NPI,1.058180293
2024-06-13 01:00:00,SM TLO,3.67
2024-06-13 01:30:00,IB GF,0.0
2024-06-13 01:30:00,IB NPI,2.5
2024-06-13 01:30:00,IB OPF,92.87
2024-06-13 01:30:00,SM FT OPF,0.0
2024-06-13 01:30:00,SM GF,2.11
2024-06-13 01:30:00,SM KV OPF,0.0
2024-06-13 01:30:00,SM NPI,1.044532114
2024-06-13 01:30:00,SM TLO,3.67
2024-06-13 02:00:00,IB GF,0.0
2024-06-13 02:00:00,IB NPI,2.5
2024-06-13 02:00:00,IB OPF,92.87
2024-06-13 02:00:00,SM FT OPF,0.0
2024-06-13 02:00:00,SM GF,2.11
2024-06-13 02:00:00,SM KV OPF,0.0
2024-06-13 02:00:00,SM NPI,1.038730907
2024-06-13 02:00:00,SM TLO,3.67
2024-06-13 02:30:00,IB GF,0.0
2024-06-13 02:30:00,IB NPI,2.5
2024-06-13 02:30:00,IB OPF,92.87
2024-06-13 02:30:00,SM FT OPF,0.0
2024-06-13 02:30:00,SM GF,2.11
2024-06-13 02:30:00,SM KV OPF,0.0
2024-06-13 02:30:00,SM NPI,1.040445686
2024-06-13 02:30:00,SM TLO,3.67
2024-06-13 03:00:00,IB GF,0.0
2024-06-13 03:00:00,IB NPI,2.5
2024-06-13 03:00:00,IB OPF,92.87
2024-06-13 03:00:00,SM FT OPF,0.0
2024-06-13 03:00:00,SM GF,2.11
2024-06-13 03:00:00,SM KV OPF,0.0
2024-06-13 03:00:00,SM NPI,1.050035148
2024-06-13 03:00:00,SM TLO,3.67
2024-06-13 03:30:00,IB GF,0.0
2024-06-13 03:30:00,IB NPI,2.5
2024-06-13 03:30:00,IB OPF,92.87
2024-06-13 03:30:00,SM FT OPF,0.0
2024-06-13 03:30:00,SM GF,2.11
2024-06-13 03:30:00,SM KV OPF,0.0
2024-06-13 03:30:00,SM NPI,1.11795521
2024-06-13 03:30:00,SM TLO,3.67
2024-06-13 04:00:00,IB GF,0.0
2024-06-13 04:00:00,IB NPI,2.5
2024-06-13 04:00:00,IB OPF,92.87
2024-06-13 04:00:00,SM FT OPF,0.0
2024-06-13 04:00:00,SM GF,2.11
2024-06-13 04:00:00,SM KV OPF,0.0
2024-06-13 04:00:00,SM NPI,1.233039578
2024-06-13 04:00:00,SM TLO,3.67
2024-06-13 04:30:00,IB GF,0.0
2024-06-13 04:30:00,IB NPI,2.5
2024-06-13 04:30:00,IB OPF,92.87
2024-06-13 04:30:00,SM FT OPF,0.0
2024-06-13 04:30:00,SM GF,2.11
2024-06-13 04:30:00,SM KV OPF,0.0
2024-06-13 04:30:00,SM NPI,1.281046246
2024-06-13 04:30:00,SM TLO,3.67
2024-06-13 05:00:00,IB GF,0.0
2024-06-13 05:00:00,IB NPI,2.5
2024-06-13 05:00:00,IB OPF,92.87
2024-06-13 05:00:00,SM FT OPF,0.0
2024-06-13 05:00:00,SM GF,2.11
2024-06-13 05:00:00,SM KV OPF,0.0
2024-06-13 05:00:00,SM NPI,1.249421978
2024-06-13 05:00:00,SM TLO,3.67
2024-06-13 05:30:00,IB GF,0.0
2024-06-13 05:30:00,IB NPI,2.5
2024-06-13 05:30:00,IB OPF,92.87
2024-06-13 05:30:00,SM FT OPF,0.0
2024-06-13 05:30:00,SM GF,2.11
2024-06-13 05:30:00,SM KV OPF,0.0
2024-06-13 05:30:00,SM NPI,1.228391978
2024-06-13 05:30:00,SM TLO,3.67
2024-06-13 06:00:00,IB GF,0.0
2024-06-13 06:00:00,IB NPI,2.5
2024-06-13 06:00:00,IB OPF,92.87
2024-06-13 06:00:00,SM FT OPF,0.0
2024-06-13 06:00:00,SM GF,2.11
2024-06-13 06:00:00,SM KV OPF,0.0
2024-06-13 06:00:00,SM NPI,1.260574044
2024-06-13 06:00:00,SM TLO,3.67
2024-06-13 06:30:00,IB GF,0.0
2024-06-13 06:30:00,IB NPI,2.5
2024-06-13 06:30:00,IB OPF,92.87
2024-06-13 06:30:00,SM FT OPF,0.0
2024-06-13 06:30:00,SM GF,2.11
2024-06-13 06:30:00,SM KV OPF,0.0
2024-06-13 06:30:00,SM NPI,1.283017591
2024-06-13 06:30:00,SM TLO,3.67
2024-06-13 07:00:00,IB GF,0.0
2024-06-13 07:00:00,IB NPI,2.5
2024-06-13 07:00:00,IB OPF,92.87
2024-06-13 07:00:00,SM FT OPF,0.0
2024-06-13 07:00:00,SM GF,2.11
2024-06-13 07:00:00,SM KV OPF,0.0
2024-06-13 07:00:00,SM NPI,1.303270224
2024-06-13 07:00:00,SM TLO,3.67
2024-06-13 07:30:00,IB GF,0.0
2024-06-13 07:30:00,IB NPI,2.5
2024-06-13 07:30:00,IB OPF,92.87
2024-06-13 07:30:00,SM FT OPF,0.0
2024-06-13 07:30:00,SM GF,2.11
2024-06-13 07:30:00,SM KV OPF,0.0
2024-06-13 07:30:00,SM NPI,1.302928811
2024-06-13 07:30:00,SM TLO,3.67
2024-06-13 08:00:00,IB GF,0.0
2024-06-13 08:00:00,IB NPI,2.5
2024-06-13 08:00:00,IB OPF,92.87
2024-06-13 08:00:00,SM FT OPF,0.0
2024-06-13 08:00:00,SM GF,2.11
2024-06-13 08:00:00,SM KV OPF,0.0
2024-06-13 08:00:00,SM NPI,1.292582946
2024-06-13 08:00:00,SM TLO,3.67
2024-06-13 08:30:00,IB GF,0.0
2024-06-13 08:30:00,IB NPI,2.5
2024-06-13 08:30:00,IB OPF,92.87
2024-06-13 08:30:00,SM FT OPF,0.0
2024-06-13 08:30:00,SM GF,2.11
2024-06-13 08:30:00,SM KV OPF,0.0
2024-06-13 08:30:00,SM NPI,1.279810436
2024-06-13 08:30:00,SM TLO,3.67
2024-06-13 09:00:00,IB GF,0.0
2024-06-13 09:00:00,IB NPI,2.5
2024-06-13 09:00:00,IB OPF,92.87
2024-06-13 09:00:00,SM FT OPF,0.0
2024-06-13 09:00:00,SM GF,2.11
2024-06-13 09:00:00,SM KV OPF,0.0
2024-06-13 09:00:00,SM NPI,1.274856935
2024-06-13 09:00:00,SM TLO,3.67
2024-06-13 09:30:00,IB GF,0.0
2024-06-13 09:30:00,IB NPI,2.5
2024-06-13 09:30:00,IB OPF,92.87
2024-06-13 09:30:00,SM FT OPF,0.0
2024-06-13 09:30:00,SM GF,2.11
2024-06-13 09:30:00,SM KV OPF,0.0
2024-06-13 09:30:00,SM NPI,1.318683646
2024-06-13 09:30:00,SM TLO,3.67
2024-06-13 10:00:00,IB GF,0.0
2024-06-13 10:00:00,IB NPI,2.5
2024-06-13 10:00:00,IB OPF,92.87
2024-06-13 10:00:00,SM FT OPF,0.0
2024-06-13 10:00:00,SM GF,2.11
2024-06-13 10:00:00,SM KV OPF,0.0
2024-06-13 10:00:00,SM NPI,1.382508653
2024-06-13 10:00:00,SM TLO,3.67
2024-06-13 10:30:00,IB GF,0.0
2024-06-13 10:30:00,IB NPI,2.5
2024-06-13 10:30:00,IB OPF,92.87
2024-06-13 10:30:00,SM FT OPF,0.0
2024-06-13 10:30:00,SM GF,2.11
2024-06-13 10:30:00,SM KV OPF,0.0
2024-06-13 10:30:00,SM NPI,1.434565623
2024-06-13 10:30:00,SM TLO,3.67
2024-06-13 11:00:00,IB GF,0.0
2024-06-13 11:00:00,IB NPI,2.5
2024-06-13 11:00:00,IB OPF,92.87
2024-06-13 11:00:00,SM FT OPF,0.0
2024-06-13 11:00:00,SM GF,2.11
2024-06-13 11:00:00,SM KV OPF,0.0
2024-06-13 11:00:00,SM NPI,1.47956693
2024-06-13 11:00:00,SM TLO,3.67
2024-06-13 11:30:00,IB GF,0.0
2024-06-13 11:30:00,IB NPI,2.5
2024-06-13 11:30:00,IB OPF,92.87
2024-06-13 11:30:00,SM FT OPF,0.0
2024-06-13 11:30:00,SM GF,2.11
2024-06-13 11:30:00,SM KV OPF,0.0
2024-06-13 11:30:00,SM NPI,1.518305209
2024-06-13 11:30:00,SM TLO,3.67
2024-06-13 12:00:00,IB GF,0.0
2024-06-13 12:00:00,IB NPI,2.5
2024-06-13 12:00:00,IB OPF,92.87
2024-06-13 12:00:00,SM FT OPF,0.0
2024-06-13 12:00:00,SM GF,2.11
2024-06-13 12:00:00,SM KV OPF,0.0
2024-06-13 12:00:00,SM NPI,1.54970583
2024-06-13 12:00:00,SM TLO,3.67
2024-06-13 12:30:00,IB GF,0.0
2024-06-13 12:30:00,IB NPI,2.5
2024-06-13 12:30:00,IB OPF,92.87
2024-06-13 12:30:00,SM FT OPF,0.0
2024-06-13 12:30:00,SM GF,2.11
2024-06-13 12:30:00,SM KV OPF,0.0
2024-06-13 12:30:00,SM NPI,1.576793731
2024-06-13 12:30:00,SM TLO,3.67
2024-06-13 13:00:00,IB GF,0.0
2024-06-13 13:00:00,IB NPI,2.5
2024-06-13 13:00:00,IB OPF,92.87
2024-06-13 13:00:00,SM FT OPF,0.0
2024-06-13 13:00:00,SM GF,2.11
2024-06-13 13:00:00,SM KV OPF,0.0
2024-06-13 13:00:00,SM NPI,1.612275961
2024-06-13 13:00:00,SM TLO,3.67
2024-06-13 13:30:00,IB GF,0.0
2024-06-13 13:30:00,IB NPI,2.5
2024-06-13 13:30:00,IB OPF,92.87
2024-06-13 13:30:00,SM FT OPF,0.0
2024-06-13 13:30:00,SM GF,2.11
2024-06-13 13:30:00,SM KV OPF,0.0
2024-06-13 13:30:00,SM NPI,1.653757502
2024-06-13 13:30:00,SM TLO,3.67
2024-06-13 14:00:00,IB GF,0.0
2024-06-13 14:00:00,IB NPI,2.5
2024-06-13 14:00:00,IB OPF,92.87
2024-06-13 14:00:00,SM FT OPF,0.0
2024-06-13 14:00:00,SM GF,2.11
2024-06-13 14:00:00,SM KV OPF,0.0
2024-06-13 14:00:00,SM NPI,1.711436811
2024-06-13 14:00:00,SM TLO,3.67
2024-06-13 14:30:00,IB GF,0.0
2024-06-13 14:30:00,IB NPI,2.5
2024-06-13 14:30:00,IB OPF,92.87
2024-06-13 14:30:00,SM FT OPF,0.0
2024-06-13 14:30:00,SM GF,2.11
2024-06-13 14:30:00,SM KV OPF,0.0
2024-06-13 14:30:00,SM NPI,1.74966799
2024-06-13 14:30:00,SM TLO,3.67
2024-06-13 15:00:00,IB GF,0.0
2024-06-13 15:00:00,IB NPI,2.5
2024-06-13 15:00:00,IB OPF,92.87
2024-06-13 15:00:00,SM FT OPF,0.0
2024-06-13 15:00:00,SM GF,2.11
2024-06-13 15:00:00,SM KV OPF,0.0
2024-06-13 15:00:00,SM NPI,1.774241481
2024-06-13 15:00:00,SM TLO,3.67
2024-06-13 15:30:00,IB GF,0.0
2024-06-13 15:30:00,IB NPI,2.5
2024-06-13 15:30:00,IB OPF,92.87
2024-06-13 15:30:00,SM FT OPF,0.0
2024-06-13 15:30:00,SM GF,2.11
2024-06-13 15:30:00,SM KV OPF,0.0
2024-06-13 15:30:00,SM NPI,1.8173291
2024-06-13 15:30:00,SM TLO,3.67
2024-06-13 16:00:00,IB GF,0.0
2024-06-13 16:00:00,IB NPI,2.5
2024-06-13 16:00:00,IB OPF,92.87
2024-06-13 16:00:00,SM FT OPF,0.0
2024-06-13 16:00:00,SM GF,2.11
2024-06-13 16:00:00,SM KV OPF,0.0
2024-06-13 16:00:00,SM NPI,1.817641451
2024-06-13 16:00:00,SM TLO,3.67
2024-06-13 16:30:00,IB GF,0.0
2024-06-13 16:30:00,IB NPI,2.5
2024-06-13 16:30:00,IB OPF,92.87
2024-06-13 16:30:00,SM FT OPF,0.0
2024-06-13 16:30:00,SM GF,2.11
2024-06-13 16:30:00,SM KV OPF,0.0
2024-06-13 16:30:00,SM NPI,1.76534304
2024-06-13 16:30:00,SM TLO,3.67
2024-06-13 17:00:00,IB GF,0.0
2024-06-13 17:00:00,IB NPI,2.5
2024-06-13 17:00:00,IB OPF,92.87
2024-06-13 17:00:00,SM FT OPF,0.0
2024-06-13 17:00:00,SM GF,2.11
2024-06-13 17:00:00,SM KV OPF,0.0
2024-06-13 17:00:00,SM NPI,1.725863414
2024-06-13 17:00:00,SM TLO,3.67
2024-06-13 17:30:00,IB GF,0.0
2024-06-13 17:30:00,IB NPI,2.5
2024-06-13 17:30:00,IB OPF,92.87
2024-06-13 17:30:00,SM FT OPF,0.0
2024-06-13 17:30:00,SM GF,2.11
2024-06-13 17:30:00,SM KV OPF,0.0
2024-06-13 17:30:00,SM NPI,1.763573214
2024-06-13 17:30:00,SM TLO,3.67
2024-06-13 18:00:00,IB GF,0.0
2024-06-13 18:00:00,IB NPI,2.5
2024-06-13 18:00:00,IB OPF,92.87
2024-06-13 18:00:00,SM FT OPF,0.0
2024-06-13 18:00:00,SM GF,2.11
2024-06-13 18:00:00,SM KV OPF,0.0
2024-06-13 18:00:00,SM NPI,1.864761653
2024-06-13 18:00:00,SM TLO,3.67
2024-06-13 18:30:00,IB GF,0.0
2024-06-13 18:30:00,IB NPI,2.5
2024-06-13 18:30:00,IB OPF,92.87
2024-06-13 18:30:00,SM FT OPF,0.0
2024-06-13 18:30:00,SM GF,2.11
2024-06-13 18:30:00,SM KV OPF,0.0
2024-06-13 18:30:00,SM NPI,1.934740998
2024-06-13 18:30:00,SM TLO,3.67
2024-06-13 19:00:00,IB GF,0.0
2024-06-13 19:00:00,IB NPI,2.5
2024-06-13 19:00:00,IB OPF,92.87
2024-06-13 19:00:00,SM FT OPF,0.0
2024-06-13 19:00:00,SM GF,2.11
2024-06-13 19:00:00,SM KV OPF,0.0
2024-06-13 19:00:00,SM NPI,1.963717743
2024-06-13 19:00:00,SM TLO,3.67
2024-06-13 19:30:00,IB GF,0.0
2024-06-13 19:30:00,IB NPI,2.5
2024-06-13 19:30:00,IB OPF,92.87
2024-06-13 19:30:00,SM FT OPF,0.0
2024-06-13 19:30:00,SM GF,2.11
2024-06-13 19:30:00,SM KV OPF,0.0
2024-06-13 19:30:00,SM NPI,1.88646233
2024-06-13 19:30:00,SM TLO,3.67
2024-06-13 20:00:00,IB GF,0.0
2024-06-13 20:00:00,IB NPI,2.5
2024-06-13 20:00:00,IB OPF,92.87
2024-06-13 20:00:00,SM FT OPF,0.0
2024-06-13 20:00:00,SM GF,2.11
2024-06-13 20:00:00,SM KV OPF,0.0
2024-06-13 20:00:00,SM NPI,1.730226701
2024-06-13 20:00:00,SM TLO,3.67
2024-06-13 20:30:00,IB GF,0.0
2024-06-13 20:30:00,IB NPI,2.5
2024-06-13 20:30:00,IB OPF,92.87
2024-06-13 20:30:00,SM FT OPF,0.0
2024-06-13 20:30:00,SM GF,2.11
2024-06-13 20:30:00,SM KV OPF,0.0
2024-06-13 20:30:00,SM NPI,1.56372011
2024-06-13 20:30:00,SM TLO,3.67
2024-06-13 21:00:00,IB GF,0.0
2024-06-13 21:00:00,IB NPI,2.5
2024-06-13 21:00:00,IB OPF,92.87
2024-06-13 21:00:00,SM FT OPF,0.0
2024-06-13 21:00:00,SM GF,2.11
2024-06-13 21:00:00,SM KV OPF,0.0
2024-06-13 21:00:00,SM NPI,1.423410198
2024-06-13 21:00:00,SM TLO,3.67
2024-06-13 21:30:00,IB GF,0.0
2024-06-13 21:30:00,IB NPI,2.5
2024-06-13 21:30:00,IB OPF,92.87
2024-06-13 21:30:00,SM FT OPF,0.0
2024-06-13 21:30:00,SM GF,2.11
2024-06-13 21:30:00,SM KV OPF,0.0
2024-06-13 21:30:00,SM NPI,1.34248643
2024-06-13 21:30:00,SM TLO,3.67
2024-06-13 22:00:00,IB GF,0.0
2024-06-13 22:00:00,IB NPI,2.5
2024-06-13 22:00:00,IB OPF,92.87
2024-06-13 22:00:00,SM FT OPF,0.0
2024-06-13 22:00:00,SM GF,2.11
2024-06-13 22:00:00,SM KV OPF,0.0
2024-06-13 22:00:00,SM NPI,1.272935291
2024-06-13 22:00:00,SM TLO,3.67
2024-06-13 22:30:00,IB GF,0.0
2024-06-13 22:30:00,IB NPI,2.5
2024-06-13 22:30:00,IB OPF,92.87
2024-06-13 22:30:00,SM FT OPF,0.0
2024-06-13 22:30:00,SM GF,2.11
2024-06-13 22:30:00,SM KV OPF,0.0
2024-06-13 22:30:00,SM NPI,1.210725802
2024-06-13 22:30:00,SM TLO,3.67
2024-06-13 23:00:00,IB GF,0.0
2024-06-13 23:00:00,IB NPI,2.5
2024-06-13 23:00:00,IB OPF,92.87
2024-06-13 23:00:00,SM FT OPF,0.0
2024-06-13 23:00:00,SM GF,2.11
2024-06-13 23:00:00,SM KV OPF,0.0
2024-06-13 23:00:00,SM NPI,1.161511911
2024-06-13 23:00:00,SM TLO,3.67
2024-06-13 23:30:00,IB GF,0.0
2024-06-13 23:30:00,IB NPI,2.5
2024-06-13 23:30:00,IB OPF,92.87
2024-06-13 23:30:00,SM FT OPF,0.0
2024-06-13 23:30:00,SM GF,2.11
2024-06-13 23:30:00,SM KV OPF,0.0
2024-06-13 23:30:00,SM NPI,1.126513883
2024-06-13 23:30:00,SM TLO,3.67
2024-06-14 00:00:00,IB GF,0.0
2024-06-14 00:00:00,IB NPI,2.5
2024-06-14 00:00:00,IB OPF,92.87
2024-06-14 00:00:00,SM FT OPF,0.0
2024-06-14 00:00:00,SM GF,2.11
2024-06-14 00:00:00,SM KV OPF,0.0
2024-06-14 00:00:00,SM NPI,1.088864823
2024-06-14 00:00:00,SM TLO,3.67
2024-06-14 00:30:00,IB GF,0.0
2024-06-14 00:30:00,IB NPI,2.5
2024-06-14 00:30:00,IB OPF,92.87
2024-06-14 00:30:00,SM FT OPF,0.0
2024-06-14 00:30:00,SM GF,2.11
2024-06-14 00:30:00,SM KV OPF,0.0
2024-06-14 00:30:00,SM NPI,1.06467663
2024-06-14 00:30:00,SM TLO,3.67
2024-06-14 01:00:00,IB GF,0.0
2024-06-14 01:00:00,IB NPI,2.5
2024-06-14 01:00:00,IB OPF,92.87
2024-06-14 01:00:00,SM FT OPF,0.0
2024-06-14 01:00:00,SM GF,2.11
2024-06-14 01:00:00,SM KV OPF,0.0
2024-06-14 01:00:00,SM NPI,1.050780431
2024-06-14 01:00:00,SM TLO,3.67
2024-06-14 01:30:00,IB GF,0.0
2024-06-14 01:30:00,IB NPI,2.5
2024-06-14 01:30:00,IB OPF,92.87
2024-06-14 01:30:00,SM FT OPF,0.0
2024-06-14 01:30:00,SM GF,2.11
2024-06-14 01:30:00,SM KV OPF,0.0
2024-06-14 01:30:00,SM NPI,1.037227693
2024-06-14 01:30:00,SM TLO,3.67
2024-06-14 02:00:00,IB GF,0.0
2024-06-14 02:00:00,IB NPI,2.5
2024-06-14 02:00:00,IB OPF,92.87
2024-06-14 02:00:00,SM FT OPF,0.0
2024-06-14 02:00:00,SM GF,2.11
2024-06-14 02:00:00,SM KV OPF,0.0
2024-06-14 02:00:00,SM NPI,1.031467054
2024-06-14 02:00:00,SM TLO,3.67
2024-06-14 02:30:00,IB GF,0.0
2024-06-14 02:30:00,IB NPI,2.5
2024-06-14 02:30:00,IB OPF,92.87
2024-06-14 02:30:00,SM FT OPF,0.0
2024-06-14 02:30:00,SM GF,2.11
2024-06-14 02:30:00,SM KV OPF,0.0
2024-06-14 02:30:00,SM NPI,1.033169842
2024-06-14 02:30:00,SM TLO,3.67
2024-06-14 03:00:00,IB GF,0.0
2024-06-14 03:00:00,IB NPI,2.5
2024-06-14 03:00:00,IB OPF,92.87
2024-06-14 03:00:00,SM FT OPF,0.0
2024-06-14 03:00:00,SM GF,2.11
2024-06-14 03:00:00,SM KV OPF,0.0
2024-06-14 03:00:00,SM NPI,1.042692245
2024-06-14 03:00:00,SM TLO,3.67
2024-06-14 03:30:00,IB GF,0.0
2024-06-14 03:30:00,IB NPI,2.5
2024-06-14 03:30:00,IB OPF,92.87
2024-06-14 03:30:00,SM FT OPF,0.0
2024-06-14 03:30:00,SM GF,2.11
2024-06-14 03:30:00,SM KV OPF,0.0
2024-06-14 03:30:00,SM NPI,1.110137341
2024-06-14 03:30:00,SM TLO,3.67
2024-06-14 04:00:00,IB GF,0.0
2024-06-14 04:00:00,IB NPI,2.5
2024-06-14 04:00:00,IB OPF,92.87
2024-06-14 04:00:00,SM FT OPF,0.0
2024-06-14 04:00:00,SM GF,2.11
2024-06-14 04:00:00,SM KV OPF,0.0
2024-06-14 04:00:00,SM NPI,1.224416924
2024-06-14 04:00:00,SM TLO,3.67
2024-06-14 04:30:00,IB GF,0.0
2024-06-14 04:30:00,IB NPI,2.5
2024-06-14 04:30:00,IB OPF,92.87
2024-06-14 04:30:00,SM FT OPF,0.0
2024-06-14 04:30:00,SM GF,2.11
2024-06-14 04:30:00,SM KV OPF,0.0
2024-06-14 04:30:00,SM NPI,1.272087881
2024-06-14 04:30:00,SM TLO,3.67
2024-06-14 05:00:00,IB GF,0.0
2024-06-14 05:00:00,IB NPI,2.5
2024-06-14 05:00:00,IB OPF,92.87
2024-06-14 05:00:00,SM FT OPF,0.0
2024-06-14 05:00:00,SM GF,2.11
2024-06-14 05:00:00,SM KV OPF,0.0
2024-06-14 05:00:00,SM NPI,1.240684761
2024-06-14 05:00:00,SM TLO,3.67
2024-06-14 05:30:00,IB GF,0.0
2024-06-14 05:30:00,IB NPI,2.5
2024-06-14 05:30:00,IB OPF,92.87
2024-06-14 05:30:00,SM FT OPF,0.0
2024-06-14 05:30:00,SM GF,2.11
2024-06-14 05:30:00,SM KV OPF,0.0
2024-06-14 05:30:00,SM NPI,1.219801824
2024-06-14 05:30:00,SM TLO,3.67
2024-06-14 06:00:00,IB GF,0.0
2024-06-14 06:00:00,IB NPI,2.5
2024-06-14 06:00:00,IB OPF,92.87
2024-06-14 06:00:00,SM FT OPF,0.0
2024-06-14 06:00:00,SM GF,2.11
2024-06-14 06:00:00,SM KV OPF,0.0
2024-06-14 06:00:00,SM NPI,1.251758841
2024-06-14 06:00:00,SM TLO,3.67
2024-06-14 06:30:00,IB GF,0.0
2024-06-14 06:30:00,IB NPI,2.5
2024-06-14 06:30:00,IB OPF,92.87
2024-06-14 06:30:00,SM FT OPF,0.0
2024-06-14 06:30:00,SM GF,2.11
2024-06-14 06:30:00,SM KV OPF,0.0
2024-06-14 06:30:00,SM NPI,1.27404544
2024-06-14 06:30:00,SM TLO,3.67
2024-06-14 07:00:00,IB GF,0.0
2024-06-14 07:00:00,IB NPI,2.5
2024-06-14 07:00:00,IB OPF,92.87
2024-06-14 07:00:00,SM FT OPF,0.0
2024-06-14 07:00:00,SM GF,2.11
2024-06-14 07:00:00,SM KV OPF,0.0
2024-06-14 07:00:00,SM NPI,1.294156446
2024-06-14 07:00:00,SM TLO,3.67
2024-06-14 07:30:00,IB GF,0.0
2024-06-14 07:30:00,IB NPI,2.5
2024-06-14 07:30:00,IB OPF,92.87
2024-06-14 07:30:00,SM FT OPF,0.0
2024-06-14 07:30:00,SM GF,2.11
2024-06-14 07:30:00,SM KV OPF,0.0
2024-06-14 07:30:00,SM NPI,1.29381742
2024-06-14 07:30:00,SM TLO,3.67
2024-06-14 08:00:00,IB GF,0.0
2024-06-14 08:00:00,IB NPI,2.5
2024-06-14 08:00:00,IB OPF,92.87
2024-06-14 08:00:00,SM FT OPF,0.0
2024-06-14 08:00:00,SM GF,2.11
2024-06-14 08:00:00,SM KV OPF,0.0
2024-06-14 08:00:00,SM NPI,1.283543904
2024-06-14 08:00:00,SM TLO,3.67
2024-06-14 08:30:00,IB GF,0.0
2024-06-14 08:30:00,IB NPI,2.5
2024-06-14 08:30:00,IB OPF,92.87
2024-06-14 08:30:00,SM FT OPF,0.0
2024-06-14 08:30:00,SM GF,2.11
2024-06-14 08:30:00,SM KV OPF,0.0
2024-06-14 08:30:00,SM NPI,1.270860712
2024-06-14 08:30:00,SM TLO,3.67
2024-06-14 09:00:00,IB GF,0.0
2024-06-14 09:00:00,IB NPI,2.5
2024-06-14 09:00:00,IB OPF,92.87
2024-06-14 09:00:00,SM FT OPF,0.0
2024-06-14 09:00:00,SM GF,2.11
2024-06-14 09:00:00,SM KV OPF,0.0
2024-06-14 09:00:00,SM NPI,1.265941851
2024-06-14 09:00:00,SM TLO,3.67
2024-06-14 09:30:00,IB GF,0.0
2024-06-14 09:30:00,IB NPI,2.5
2024-06-14 09:30:00,IB OPF,92.87
2024-06-14 09:30:00,SM FT OPF,0.0
2024-06-14 09:30:00,SM GF,2.11
2024-06-14 09:30:00,SM KV OPF,0.0
2024-06-14 09:30:00,SM NPI,1.309462082
2024-06-14 09:30:00,SM TLO,3.67
2024-06-14 10:00:00,IB GF,0.0
2024-06-14 10:00:00,IB NPI,2.5
2024-06-14 10:00:00,IB OPF,92.87
2024-06-14 10:00:00,SM FT OPF,0.0
2024-06-14 10:00:00,SM GF,2.11
2024-06-14 10:00:00,SM KV OPF,0.0
2024-06-14 10:00:00,SM NPI,1.37284076
2024-06-14 10:00:00,SM TLO,3.67
2024-06-14 10:30:00,IB GF,0.0
2024-06-14 10:30:00,IB NPI,2.5
2024-06-14 10:30:00,IB OPF,92.87
2024-06-14 10:30:00,SM FT OPF,0.0
2024-06-14 10:30:00,SM GF,2.11
2024-06-14 10:30:00,SM KV OPF,0.0
2024-06-14 10:30:00,SM NPI,1.424533696
2024-06-14 10:30:00,SM TLO,3.67
2024-06-14 11:00:00,IB GF,0.0
2024-06-14 11:00:00,IB NPI,2.5
2024-06-14 11:00:00,IB OPF,92.87
2024-06-14 11:00:00,SM FT OPF,0.0
2024-06-14 11:00:00,SM GF,2.11
2024-06-14 11:00:00,SM KV OPF,0.0
2024-06-14 11:00:00,SM NPI,1.469220308
2024-06-14 11:00:00,SM TLO,3.67
2024-06-14 11:30:00,IB GF,0.0
2024-06-14 11:30:00,IB NPI,2.5
2024-06-14 11:30:00,IB OPF,92.87
2024-06-14 11:30:00,SM FT OPF,0.0
2024-06-14 11:30:00,SM GF,2.11
2024-06-14 11:30:00,SM KV OPF,0.0
2024-06-14 11:30:00,SM NPI,1.50768769
2024-06-14 11:30:00,SM TLO,3.67
2024-06-14 12:00:00,IB GF,0.0
2024-06-14 12:00:00,IB NPI,2.5
2024-06-14 12:00:00,IB OPF,92.87
2024-06-14 12:00:00,SM FT OPF,0.0
2024-06-14 12:00:00,SM GF,2.11
2024-06-14 12:00:00,SM KV OPF,0.0
2024-06-14 12:00:00,SM NPI,1.538868726
2024-06-14 12:00:00,SM TLO,3.67
2024-06-14 12:30:00,IB GF,0.0
2024-06-14 12:30:00,IB NPI,2.5
2024-06-14 12:30:00,IB OPF,92.87
2024-06-14 12:30:00,SM FT OPF,0.0
2024-06-14 12:30:00,SM GF,2.11
2024-06-14 12:30:00,SM KV OPF,0.0
2024-06-14 12:30:00,SM NPI,1.565767202
2024-06-14 12:30:00,SM TLO,3.67
2024-06-14 13:00:00,IB GF,0.0
2024-06-14 13:00:00,IB NPI,2.5
2024-06-14 13:00:00,IB OPF,92.87
2024-06-14 13:00:00,SM FT OPF,0.0
2024-06-14 13:00:00,SM GF,2.11
2024-06-14 13:00:00,SM KV OPF,0.0
2024-06-14 13:00:00,SM NPI,1.601001304
2024-06-14 13:00:00,SM TLO,3.67
2024-06-14 13:30:00,IB GF,0.0
2024-06-14 13:30:00,IB NPI,2.5
2024-06-14 13:30:00,IB OPF,92.87
2024-06-14 13:30:00,SM FT OPF,0.0
2024-06-14 13:30:00,SM GF,2.11
2024-06-14 13:30:00,SM KV OPF,0.0
2024-06-14 13:30:00,SM NPI,1.642192764
2024-06-14 13:30:00,SM TLO,3.67
2024-06-14 14:00:00,IB GF,0.0
2024-06-14 14:00:00,IB NPI,2.5
2024-06-14 14:00:00,IB OPF,92.87
2024-06-14 14:00:00,SM FT OPF,0.0
2024-06-14 14:00:00,SM GF,2.11
2024-06-14 14:00:00,SM KV OPF,0.0
2024-06-14 14:00:00,SM NPI,1.699468722
2024-06-14 14:00:00,SM TLO,3.67
2024-06-14 14:30:00,IB GF,0.0
2024-06-14 14:30:00,IB NPI,2.5
2024-06-14 14:30:00,IB OPF,92.87
2024-06-14 14:30:00,SM FT OPF,0.0
2024-06-14 14:30:00,SM GF,2.11
2024-06-14 14:30:00,SM KV OPF,0.0
2024-06-14 14:30:00,SM NPI,1.737432549
2024-06-14 14:30:00,SM TLO,3.67
2024-06-14 15:00:00,IB GF,0.0
2024-06-14 15:00:00,IB NPI,2.5
2024-06-14 15:00:00,IB OPF,92.87
2024-06-14 15:00:00,SM FT OPF,0.0
2024-06-14 15:00:00,SM GF,2.11
2024-06-14 15:00:00,SM KV OPF,0.0
2024-06-14 15:00:00,SM NPI,1.761834198
2024-06-14 15:00:00,SM TLO,3.67
2024-06-14 15:30:00,IB GF,0.0
2024-06-14 15:30:00,IB NPI,2.5
2024-06-14 15:30:00,IB OPF,92.87
2024-06-14 15:30:00,SM FT OPF,0.0
2024-06-14 15:30:00,SM GF,2.11
2024-06-14 15:30:00,SM KV OPF,0.0
2024-06-14 15:30:00,SM NPI,1.804620505
2024-06-14 15:30:00,SM TLO,3.67
2024-06-14 16:00:00,IB GF,0.0
2024-06-14 16:00:00,IB NPI,2.5
2024-06-14 16:00:00,IB OPF,92.87
2024-06-14 16:00:00,SM FT OPF,0.0
2024-06-14 16:00:00,SM GF,2.11
2024-06-14 16:00:00,SM KV OPF,0.0
2024-06-14 16:00:00,SM NPI,1.804930672
2024-06-14 16:00:00,SM TLO,3.67
2024-06-14 16:30:00,IB GF,0.0
2024-06-14 16:30:00,IB NPI,2.5
2024-06-14 16:30:00,IB OPF,92.87
2024-06-14 16:30:00,SM FT OPF,0.0
2024-06-14 16:30:00,SM GF,2.11
2024-06-14 16:30:00,SM KV OPF,0.0
2024-06-14 16:30:00,SM NPI,1.752997984
2024-06-14 16:30:00,SM TLO,3.67
2024-06-14 17:00:00,IB GF,0.0
2024-06-14 17:00:00,IB NPI,2.5
2024-06-14 17:00:00,IB OPF,92.87
2024-06-14 17:00:00,SM FT OPF,0.0
2024-06-14 17:00:00,SM GF,2.11
2024-06-14 17:00:00,SM KV OPF,0.0
2024-06-14 17:00:00,SM NPI,1.713794439
2024-06-14 17:00:00,SM TLO,3.67
2024-06-14 17:30:00,IB GF,0.0
2024-06-14 17:30:00,IB NPI,2.5
2024-06-14 17:30:00,IB OPF,92.87
2024-06-14 17:30:00,SM FT OPF,0.0
2024-06-14 17:30:00,SM GF,2.11
2024-06-14 17:30:00,SM KV OPF,0.0
2024-06-14 17:30:00,SM NPI,1.751240534
2024-06-14 17:30:00,SM TLO,3.67
2024-06-14 18:00:00,IB GF,0.0
2024-06-14 18:00:00,IB NPI,2.5
2024-06-14 18:00:00,IB OPF,92.87
2024-06-14 18:00:00,SM FT OPF,0.0
2024-06-14 18:00:00,SM GF,2.11
2024-06-14 18:00:00,SM KV OPF,0.0
2024-06-14 18:00:00,SM NPI,1.851721361
2024-06-14 18:00:00,SM TLO,3.67
2024-06-14 18:30:00,IB GF,0.0
2024-06-14 18:30:00,IB NPI,2.5
2024-06-14 18:30:00,IB OPF,92.87
2024-06-14 18:30:00,SM FT OPF,0.0
2024-06-14 18:30:00,SM GF,2.11
2024-06-14 18:30:00,SM KV OPF,0.0
2024-06-14 18:30:00,SM NPI,1.92121134
2024-06-14 18:30:00,SM TLO,3.67
2024-06-14 19:00:00,IB GF,0.0
2024-06-14 19:00:00,IB NPI,2.5
2024-06-14 19:00:00,IB OPF,92.87
2024-06-14 19:00:00,SM FT OPF,0.0
2024-06-14 19:00:00,SM GF,2.11
2024-06-14 19:00:00,SM KV OPF,0.0
2024-06-14 19:00:00,SM NPI,1.949985451
2024-06-14 19:00:00,SM TLO,3.67
2024-06-14 19:30:00,IB GF,0.0
2024-06-14 19:30:00,IB NPI,2.5
2024-06-14 19:30:00,IB OPF,92.87
2024-06-14 19:30:00,SM FT OPF,0.0
2024-06-14 19:30:00,SM GF,2.11
2024-06-14 19:30:00,SM KV OPF,0.0
2024-06-14 19:30:00,SM NPI,1.873270286
2024-06-14 19:30:00,SM TLO,3.67
2024-06-14 20:00:00,IB GF,0.0
2024-06-14 20:00:00,IB NPI,2.5
2024-06-14 20:00:00,IB OPF,92.87
2024-06-14 20:00:00,SM FT OPF,0.0
2024-06-14 20:00:00,SM GF,2.11
2024-06-14 20:00:00,SM KV OPF,0.0
2024-06-14 20:00:00,SM NPI,1.718127213
2024-06-14 20:00:00,SM TLO,3.67
2024-06-14 20:30:00,IB GF,0.0
2024-06-14 20:30:00,IB NPI,2.5
2024-06-14 20:30:00,IB OPF,92.87
2024-06-14 20:30:00,SM FT OPF,0.0
2024-06-14 20:30:00,SM GF,2.11
2024-06-14 20:30:00,SM KV OPF,0.0
2024-06-14 20:30:00,SM NPI,1.552785005
2024-06-14 20:30:00,SM TLO,3.67
2024-06-14 21:00:00,IB GF,0.0
2024-06-14 21:00:00,IB NPI,2.5
2024-06-14 21:00:00,IB OPF,92.87
2024-06-14 21:00:00,SM FT OPF,0.0
2024-06-14 21:00:00,SM GF,2.11
2024-06-14 21:00:00,SM KV OPF,0.0
2024-06-14 21:00:00,SM NPI,1.413456281
2024-06-14 21:00:00,SM TLO,3.67
2024-06-14 21:30:00,IB GF,0.0
2024-06-14 21:30:00,IB NPI,2.5
2024-06-14 21:30:00,IB OPF,92.87
2024-06-14 21:30:00,SM FT OPF,0.0
2024-06-14 21:30:00,SM GF,2.11
2024-06-14 21:30:00,SM KV OPF,0.0
2024-06-14 21:30:00,SM NPI,1.333098413
2024-06-14 21:30:00,SM TLO,3.67
2024-06-14 22:00:00,IB GF,0.0
2024-06-14 22:00:00,IB NPI,2.5
2024-06-14 22:00:00,IB OPF,92.87
2024-06-14 22:00:00,SM FT OPF,0.0
2024-06-14 22:00:00,SM GF,2.11
2024-06-14 22:00:00,SM KV OPF,0.0
2024-06-14 22:00:00,SM NPI,1.264033646
2024-06-14 22:00:00,SM TLO,3.67
2024-06-14 22:30:00,IB GF,0.0
2024-06-14 22:30:00,IB NPI,2.5
2024-06-14 22:30:00,IB OPF,92.87
2024-06-14 22:30:00,SM FT OPF,0.0
2024-06-14 22:30:00,SM GF,2.11
2024-06-14 22:30:00,SM KV OPF,0.0
2024-06-14 22:30:00,SM NPI,1.202259188
2024-06-14 22:30:00,SM TLO,3.67
2024-06-14 23:00:00,IB GF,0.0
2024-06-14 23:00:00,IB NPI,2.5
2024-06-14 23:00:00,IB OPF,92.87
2024-06-14 23:00:00,SM FT OPF,0.0
2024-06-14 23:00:00,SM GF,2.11
2024-06-14 23:00:00,SM KV OPF,0.0
2024-06-14 23:00:00,SM NPI,1.15338945
2024-06-14 23:00:00,SM TLO,3.67
2024-06-14 23:30:00,IB GF,0.0
2024-06-14 23:30:00,IB NPI,2.5
2024-06-14 23:30:00,IB OPF,92.87
2024-06-14 23:30:00,SM FT OPF,0.0
2024-06-14 23:30:00,SM GF,2.11
2024-06-14 23:30:00,SM KV OPF,0.0
2024-06-14 23:30:00,SM NPI,1.118636163
2024-06-14 23:30:00,SM TLO,3.67
2024-06-15 00:00:00,IB GF,0.0
2024-06-15 00:00:00,IB NPI,2.5
2024-06-15 00:00:00,IB OPF,92.87
2024-06-15 00:00:00,SM FT OPF,0.0
2024-06-15 00:00:00,SM GF,2.11
2024-06-15 00:00:00,SM KV OPF,0.0
2024-06-15 00:00:00,SM NPI,1.088864823
2024-06-15 00:00:00,SM TLO,3.67
2024-06-15 00:30:00,IB GF,0.0
2024-06-15 00:30:00,IB NPI,2.5
2024-06-15 00:30:00,IB OPF,92.87
2024-06-15 00:30:00,SM FT OPF,0.0
2024-06-15 00:30:00,SM GF,2.11
2024-06-15 00:30:00,SM KV OPF,0.0
2024-06-15 00:30:00,SM NPI,1.06467663
2024-06-15 00:30:00,SM TLO,3.67
2024-06-15 01:00:00,IB GF,0.0
2024-06-15 01:00:00,IB NPI,2.5
2024-06-15 01:00:00,IB OPF,92.87
2024-06-15 01:00:00,SM FT OPF,0.0
2024-06-15 01:00:00,SM GF,2.11
2024-06-15 01:00:00,SM KV OPF,0.0
2024-06-15 01:00:00,SM NPI,1.050780431
2024-06-15 01:00:00,SM TLO,3.67
2024-06-15 01:30:00,IB GF,0.0
2024-06-15 01:30:00,IB NPI,2.5
2024-06-15 01:30:00,IB OPF,92.87
2024-06-15 01:30:00,SM FT OPF,0.0
2024-06-15 01:30:00,SM GF,2.11
2024-06-15 01:30:00,SM KV OPF,0.0
2024-06-15 01:30:00,SM NPI,1.037227693
2024-06-15 01:30:00,SM TLO,3.67
2024-06-15 02:00:00,IB GF,0.0
2024-06-15 02:00:00,IB NPI,2.5
2024-06-15 02:00:00,IB OPF,92.87
2024-06-15 02:00:00,SM FT OPF,0.0
2024-06-15 02:00:00,SM GF,2.11
2024-06-15 02:00:00,SM KV OPF,0.0
2024-06-15 02:00:00,SM NPI,1.031467054
2024-06-15 02:00:00,SM TLO,3.67
2024-06-15 02:30:00,IB GF,0.0
2024-06-15 02:30:00,IB NPI,2.5
2024-06-15 02:30:00,IB OPF,92.87
2024-06-15 02:30:00,SM FT OPF,0.0
2024-06-15 02:30:00,SM GF,2.11
2024-06-15 02:30:00,SM KV OPF,0.0
2024-06-15 02:30:00,SM NPI,1.033169842
2024-06-15 02:30:00,SM TLO,3.67
2024-06-15 03:00:00,IB GF,0.0
2024-06-15 03:00:00,IB NPI,2.5
2024-06-15 03:00:00,IB OPF,92.87
2024-06-15 03:00:00,SM FT OPF,0.0
2024-06-15 03:00:00,SM GF,2.11
2024-06-15 03:00:00,SM KV OPF,0.0
2024-06-15 03:00:00,SM NPI,1.042692245
2024-06-15 03:00:00,SM TLO,3.67
2024-06-15 03:30:00,IB GF,0.0
2024-06-15 03:30:00,IB NPI,2.5
2024-06-15 03:30:00,IB OPF,92.87
2024-06-15 03:30:00,SM FT OPF,0.0
2024-06-15 03:30:00,SM GF,2.11
2024-06-15 03:30:00,SM KV OPF,0.0
2024-06-15 03:30:00,SM NPI,1.110137341
2024-06-15 03:30:00,SM TLO,3.67
2024-06-15 04:00:00,IB GF,0.0
2024-06-15 04:00:00,IB NPI,2.5
2024-06-15 04:00:00,IB OPF,92.87
2024-06-15 04:00:00,SM FT OPF,0.0
2024-06-15 04:00:00,SM GF,2.11
2024-06-15 04:00:00,SM KV OPF,0.0
2024-06-15 04:00:00,SM NPI,1.224416924
2024-06-15 04:00:00,SM TLO,3.67
2024-06-15 04:30:00,IB GF,0.0
2024-06-15 04:30:00,IB NPI,2.5
2024-06-15 04:30:00,IB OPF,92.87
2024-06-15 04:30:00,SM FT OPF,0.0
2024-06-15 04:30:00,SM GF,2.11
2024-06-15 04:30:00,SM KV OPF,0.0
2024-06-15 04:30:00,SM NPI,1.272087881
2024-06-15 04:30:00,SM TLO,3.67
2024-06-15 05:00:00,IB GF,0.0
2024-06-15 05:00:00,IB NPI,2.5
2024-06-15 05:00:00,IB OPF,92.87
2024-06-15 05:00:00,SM FT OPF,0.0
2024-06-15 05:00:00,SM GF,2.11
2024-06-15 05:00:00,SM KV OPF,0.0
2024-06-15 05:00:00,SM NPI,1.240684761
2024-06-15 05:00:00,SM TLO,3.67
2024-06-15 05:30:00,IB GF,0.0
2024-06-15 05:30:00,IB NPI,2.5
2024-06-15 05:30:00,IB OPF,92.87
2024-06-15 05:30:00,SM FT OPF,0.0
2024-06-15 05:30:00,SM GF,2.11
2024-06-15 05:30:00,SM KV OPF,0.0
2024-06-15 05:30:00,SM NPI,1.219801824
2024-06-15 05:30:00,SM TLO,3.67
2024-06-15 06:00:00,IB GF,0.0
2024-06-15 06:00:00,IB NPI,2.5
2024-06-15 06:00:00,IB OPF,92.87
2024-06-15 06:00:00,SM FT OPF,0.0
2024-06-15 06:00:00,SM GF,2.11
2024-06-15 06:00:00,SM KV OPF,0.0
2024-06-15 06:00:00,SM NPI,1.251758841
2024-06-15 06:00:00,SM TLO,3.84
2024-06-15 06:30:00,IB GF,0.0
2024-06-15 06:30:00,IB NPI,2.5
2024-06-15 06:30:00,IB OPF,92.87
2024-06-15 06:30:00,SM FT OPF,0.0
2024-06-15 06:30:00,SM GF,2.11
2024-06-15 06:30:00,SM KV OPF,0.0
2024-06-15 06:30:00,SM NPI,1.27404544
2024-06-15 06:30:00,SM TLO,3.84
2024-06-15 07:00:00,IB GF,0.0
2024-06-15 07:00:00,IB NPI,2.5
2024-06-15 07:00:00,IB OPF,92.87
2024-06-15 07:00:00,SM FT OPF,0.0
2024-06-15 07:00:00,SM GF,2.11
2024-06-15 07:00:00,SM KV OPF,0.0
2024-06-15 07:00:00,SM NPI,1.294156446
2024-06-15 07:00:00,SM TLO,3.84
2024-06-15 07:30:00,IB GF,0.0
2024-06-15 07:30:00,IB NPI,2.5
2024-06-15 07:30:00,IB OPF,92.87
2024-06-15 07:30:00,SM FT OPF,0.0
2024-06-15 07:30:00,SM GF,2.11
2024-06-15 07:30:00,SM KV OPF,0.0
2024-06-15 07:30:00,SM NPI,1.29381742
2024-06-15 07:30:00,SM TLO,3.84
2024-06-15 08:00:00,IB GF,0.0
2024-06-15 08:00:00,IB NPI,2.5
2024-06-15 08:00:00,IB OPF,92.87
2024-06-15 08:00:00,SM FT OPF,0.0
2024-06-15 08:00:00,SM GF,2.11
2024-06-15 08:00:00,SM KV OPF,0.0
2024-06-15 08:00:00,SM NPI,1.283543904
2024-06-15 08:00:00,SM TLO,3.84
2024-06-15 08:30:00,IB GF,0.0
2024-06-15 08:30:00,IB NPI,2.5
2024-06-15 08:30:00,IB OPF,92.87
2024-06-15 08:30:00,SM FT OPF,0.0
2024-06-15 08:30:00,SM GF,2.11
2024-06-15 08:30:00,SM KV OPF,0.0
2024-06-15 08:30:00,SM NPI,1.270860712
2024-06-15 08:30:00,SM TLO,3.84
2024-06-15 09:00:00,IB GF,0.0
2024-06-15 09:00:00,IB NPI,2.5
2024-06-15 09:00:00,IB OPF,92.87
2024-06-15 09:00:00,SM FT OPF,0.0
2024-06-15 09:00:00,SM GF,2.11
2024-06-15 09:00:00,SM KV OPF,0.0
2024-06-15 09:00:00,SM NPI,1.265941851
2024-06-15 09:00:00,SM TLO,3.84
2024-06-15 09:30:00,IB GF,0.0
2024-06-15 09:30:00,IB NPI,2.5
2024-06-15 09:30:00,IB OPF,92.87
2024-06-15 09:30:00,SM FT OPF,0.0
2024-06-15 09:30:00,SM GF,2.11
2024-06-15 09:30:00,SM KV OPF,0.0
2024-06-15 09:30:00,SM NPI,1.309462082
2024-06-15 09:30:00,SM TLO,3.84
2024-06-15 10:00:00,IB GF,0.0
2024-06-15 10:00:00,IB NPI,2.5
2024-06-15 10:00:00,IB OPF,92.87
2024-06-15 10:00:00,SM FT OPF,0.0
2024-06-15 10:00:00,SM GF,2.11
2024-06-15 10:00:00,SM KV OPF,0.0
2024-06-15 10:00:00,SM NPI,1.37284076
2024-06-15 10:00:00,SM TLO,3.84
2024-06-15 10:30:00,IB GF,0.0
2024-06-15 10:30:00,IB NPI,2.5
2024-06-15 10:30:00,IB OPF,92.87
2024-06-15 10:30:00,SM FT OPF,0.0
2024-06-15 10:30:00,SM GF,2.11
2024-06-15 10:30:00,SM KV OPF,0.0
2024-06-15 10:30:00,SM NPI,1.424533696
2024-06-15 10:30:00,SM TLO,3.84
2024-06-15 11:00:00,IB GF,0.0
2024-06-15 11:00:00,IB NPI,2.5
2024-06-15 11:00:00,IB OPF,92.87
2024-06-15 11:00:00,SM FT OPF,0.0
2024-06-15 11:00:00,SM GF,2.11
2024-06-15 11:00:00,SM KV OPF,0.0
2024-06-15 11:00:00,SM NPI,1.469220308
2024-06-15 11:00:00,SM TLO,3.84
2024-06-15 11:30:00,IB GF,0.0
2024-06-15 11:30:00,IB NPI,2.5
2024-06-15 11:30:00,IB OPF,92.87
2024-06-15 11:30:00,SM FT OPF,0.0
2024-06-15 11:30:00,SM GF,2.11
2024-06-15 11:30:00,SM KV OPF,0.0
2024-06-15 11:30:00,SM NPI,1.50768769
2024-06-15 11:30:00,SM TLO,3.84
2024-06-15 12:00:00,IB GF,0.0
2024-06-15 12:00:00,IB NPI,2.5
2024-06-15 12:00:00,IB OPF,92.87
2024-06-15 12:00:00,SM FT OPF,0.0
2024-06-15 12:00:00,SM GF,2.11
2024-06-15 12:00:00,SM KV OPF,0.0
2024-06-15 12:00:00,SM NPI,1.538868726
2024-06-15 12:00:00,SM TLO,3.84
2024-06-15 12:30:00,IB GF,0.0
2024-06-15 12:30:00,IB NPI,2.5
2024-06-15 12:30:00,IB OPF,92.87
2024-06-15 12:30:00,SM FT OPF,0.0
2024-06-15 12:30:00,SM GF,2.11
2024-06-15 12:30:00,SM KV OPF,0.0
2024-06-15 12:30:00,SM NPI,1.565767202
2024-06-15 12:30:00,SM TLO,3.84
2024-06-15 13:00:00,IB GF,0.0
2024-06-15 13:00:00,IB NPI,2.5
2024-06-15 13:00:00,IB OPF,92.87
2024-06-15 13:00:00,SM FT OPF,0.0
2024-06-15 13:00:00,SM GF,2.11
2024-06-15 13:00:00,SM KV OPF,0.0
2024-06-15 13:00:00,SM NPI,1.601001304
2024-06-15 13:00:00,SM TLO,3.84
2024-06-15 13:30:00,IB GF,0.0
2024-06-15 13:30:00,IB NPI,2.5
2024-06-15 13:30:00,IB OPF,92.87
2024-06-15 13:30:00,SM FT OPF,0.0
2024-06-15 13:30:00,SM GF,2.11
2024-06-15 13:30:00,SM KV OPF,0.0
2024-06-15 13:30:00,SM NPI,1.642192764
2024-06-15 13:30:00,SM TLO,3.84
2024-06-15 14:00:00,IB GF,0.0
2024-06-15 14:00:00,IB NPI,2.5
2024-06-15 14:00:00,IB OPF,92.87
2024-06-15 14:00:00,SM FT OPF,0.0
2024-06-15 14:00:00,SM GF,2.11
2024-06-15 14:00:00,SM KV OPF,0.0
2024-06-15 14:00:00,SM NPI,1.699468722
2024-06-15 14:00:00,SM TLO,3.84
2024-06-15 14:30:00,IB GF,0.0
2024-06-15 14:30:00,IB NPI,2.5
2024-06-15 14:30:00,IB OPF,92.87
2024-06-15 14:30:00,SM FT OPF,0.0
2024-06-15 14:30:00,SM GF,2.11
2024-06-15 14:30:00,SM KV OPF,0.0
2024-06-15 14:30:00,SM NPI,1.737432549
2024-06-15 14:30:00,SM TLO,3.84
2024-06-15 15:00:00,IB GF,0.0
2024-06-15 15:00:00,IB NPI,2.5
2024-06-15 15:00:00,IB OPF,92.87
2024-06-15 15:00:00,SM FT OPF,0.0
2024-06-15 15:00:00,SM GF,2.11
2024-06-15 15:00:00,SM KV OPF,0.0
2024-06-15 15:00:00,SM NPI,1.761834198
2024-06-15 15:00:00,SM TLO,3.84
2024-06-15 15:30:00,IB GF,0.0
2024-06-15 15:30:00,IB NPI,2.5
2024-06-15 15:30:00,IB OPF,92.87
2024-06-15 15:30:00,SM FT OPF,0.0
2024-06-15 15:30:00,SM GF,2.11
2024-06-15 15:30:00,SM KV OPF,0.0
2024-06-15 15:30:00,SM NPI,1.804620505
2024-06-15 15:30:00,SM TLO,3.84
2024-06-15 16:00:00,IB GF,0.0
2024-06-15 16:00:00,IB NPI,2.5
2024-06-15 16:00:00,IB OPF,92.87
2024-06-15 16:00:00,SM FT OPF,0.0
2024-06-15 16:00:00,SM GF,2.11
2024-06-15 16:00:00,SM KV OPF,0.0
2024-06-15 16:00:00,SM NPI,1.804930672
2024-06-15 16:00:00,SM TLO,3.84
2024-06-15 16:30:00,IB GF,0.0
2024-06-15 16:30:00,IB NPI,2.5
2024-06-15 16:30:00,IB OPF,92.87
2024-06-15 16:30:00,SM FT OPF,0.0
2024-06-15 16:30:00,SM GF,2.11
2024-06-15 16:30:00,SM KV OPF,0.0
2024-06-15 16:30:00,SM NPI,1.752997984
2024-06-15 16:30:00,SM TLO,3.84
2024-06-15 17:00:00,IB GF,0.0
2024-06-15 17:00:00,IB NPI,2.5
2024-06-15 17:00:00,IB OPF,92.87
2024-06-15 17:00:00,SM FT OPF,0.0
2024-06-15 17:00:00,SM GF,2.11
2024-06-15 17:00:00,SM KV OPF,0.0
2024-06-15 17:00:00,SM NPI,1.713794439
2024-06-15 17:00:00,SM TLO,3.84
2024-06-15 17:30:00,IB GF,0.0
2024-06-15 17:30:00,IB NPI,2.5
2024-06-15 17:30:00,IB OPF,92.87
2024-06-15 17:30:00,SM FT OPF,0.0
2024-06-15 17:30:00,SM GF,2.11
2024-06-15 17:30:00,SM KV OPF,0.0
2024-06-15 17:30:00,SM NPI,1.751240534
2024-06-15 17:30:00,SM TLO,3.84
2024-06-15 18:00:00,IB GF,0.0
2024-06-15 18:00:00,IB NPI,2.5
2024-06-15 18:00:00,IB OPF,92.87
2024-06-15 18:00:00,SM FT OPF,0.0
2024-06-15 18:00:00,SM GF,2.11
2024-06-15 18:00:00,SM KV OPF,0.0
2024-06-15 18:00:00,SM NPI,1.851721361
2024-06-15 18:00:00,SM TLO,3.84
2024-06-15 18:30:00,IB GF,0.0
2024-06-15 18:30:00,IB NPI,2.5
2024-06-15 18:30:00,IB OPF,92.87
2024-06-15 18:30:00,SM FT OPF,0.0
2024-06-15 18:30:00,SM GF,2.11
2024-06-15 18:30:00,SM KV OPF,0.0
2024-06-15 18:30:00,SM NPI,1.92121134
2024-06-15 18:30:00,SM TLO,3.84
2024-06-15 19:00:00,IB GF,0.0
2024-06-15 19:00:00,IB NPI,2.5
2024-06-15 19:00:00,IB OPF,92.87
2024-06-15 19:00:00,SM FT OPF,0.0
2024-06-15 19:00:00,SM GF,2.11
2024-06-15 19:00:00,SM KV OPF,0.0
2024-06-15 19:00:00,SM NPI,1.949985451
2024-06-15 19:00:00,SM TLO,3.84
2024-06-15 19:30:00,IB GF,0.0
2024-06-15 19:30:00,IB NPI,2.5
2024-06-15 19:30:00,IB OPF,92.87
2024-06-15 19:30:00,SM FT OPF,0.0
2024-06-15 19:30:00,SM GF,2.11
2024-06-15 19:30:00,SM KV OPF,0.0
2024-06-15 19:30:00,SM NPI,1.873270286
2024-06-15 19:30:00,SM TLO,3.84
2024-06-15 20:00:00,IB GF,0.0
2024-06-15 20:00:00,IB NPI,2.5
2024-06-15 20:00:00,IB OPF,92.87
2024-06-15 20:00:00,SM FT OPF,0.0
2024-06-15 20:00:00,SM GF,2.11
2024-06-15 20:00:00,SM KV OPF,0.0
2024-06-15 20:00:00,SM NPI,1.718127213
2024-06-15 20:00:00,SM TLO,3.84
2024-06-15 20:30:00,IB GF,0.0
2024-06-15 20:30:00,IB NPI,2.5
2024-06-15 20:30:00,IB OPF,92.87
2024-06-15 20:30:00,SM FT OPF,0.0
2024-06-15 20:30:00,SM GF,2.11
2024-06-15 20:30:00,SM KV OPF,0.0
2024-06-15 20:30:00,SM NPI,1.552785005
2024-06-15 20:30:00,SM TLO,3.84
2024-06-15 21:00:00,IB GF,0.0
2024-06-15 21:00:00,IB NPI,2.5
2024-06-15 21:00:00,IB OPF,92.87
2024-06-15 21:00:00,SM FT OPF,0.0
2024-06-15 21:00:00,SM GF,2.11
2024-06-15 21:00:00,SM KV OPF,0.0
2024-06-15 21:00:00,SM NPI,1.413456281
2024-06-15 21:00:00,SM TLO,3.84
2024-06-15 21:30:00,IB GF,0.0
2024-06-15 21:30:00,IB NPI,2.5
2024-06-15 21:30:00,IB OPF,92.87
2024-06-15 21:30:00,SM FT OPF,0.0
2024-06-15 21:30:00,SM GF,2.11
2024-06-15 21:30:00,SM KV OPF,0.0
2024-06-15 21:30:00,SM NPI,1.333098413
2024-06-15 21:30:00,SM TLO,3.84
2024-06-15 22:00:00,IB GF,0.0
2024-06-15 22:00:00,IB NPI,2.5
2024-06-15 22:00:00,IB OPF,92.87
2024-06-15 22:00:00,SM FT OPF,0.0
2024-06-15 22:00:00,SM GF,2.11
2024-06-15 22:00:00,SM KV OPF,0.0
2024-06-15 22:00:00,SM NPI,1.264033646
2024-06-15 22:00:00,SM TLO,3.84
2024-06-15 22:30:00,IB GF,0.0
2024-06-15 22:30:00,IB NPI,2.5
2024-06-15 22:30:00,IB OPF,92.87
2024-06-15 22:30:00,SM FT OPF,0.0
2024-06-15 22:30:00,SM GF,2.11
2024-06-15 22:30:00,SM KV OPF,0.0
2024-06-15 22:30:00,SM NPI,1.202259188
2024-06-15 22:30:00,SM TLO,3.84
2024-06-15 23:00:00,IB GF,0.0
2024-06-15 23:00:00,IB NPI,2.5
2024-06-15 23:00:00,IB OPF,92.87
2024-06-15 23:00:00,SM FT OPF,0.0
2024-06-15 23:00:00,SM GF,2.11
2024-06-15 23:00:00,SM KV OPF,0.0
2024-06-15 23:00:00,SM NPI,1.15338945
2024-06-15 23:00:00,SM TLO,3.84
2024-06-15 23:30:00,IB GF,0.0
2024-06-15 23:30:00,IB NPI,2.5
2024-06-15 23:30:00,IB OPF,92.87
2024-06-15 23:30:00,SM FT OPF,0.0
2024-06-15 23:30:00,SM GF,2.11
2024-06-15 23:30:00,SM KV OPF,0.0
2024-06-15 23:30:00,SM NPI,1.118636163
2024-06-15 23:30:00,SM TLO,3.84
2024-06-16 00:00:00,IB GF,0.0
2024-06-16 00:00:00,IB NPI,2.5
2024-06-16 00:00:00,IB OPF,92.87
2024-06-16 00:00:00,SM FT OPF,0.0
2024-06-16 00:00:00,SM GF,2.11
2024-06-16 00:00:00,SM KV OPF,0.0
2024-06-16 00:00:00,SM NPI,1.088864823
2024-06-16 00:00:00,SM TLO,3.84
2024-06-16 00:30:00,IB GF,0.0
2024-06-16 00:30:00,IB NPI,2.5
2024-06-16 00:30:00,IB OPF,92.87
2024-06-16 00:30:00,SM FT OPF,0.0
2024-06-16 00:30:00,SM GF,2.11
2024-06-16 00:30:00,SM KV OPF,0.0
2024-06-16 00:30:00,SM NPI,1.06467663
2024-06-16 00:30:00,SM TLO,3.84
2024-06-16 01:00:00,IB GF,0.0
2024-06-16 01:00:00,IB NPI,2.5
2024-06-16 01:00:00,IB OPF,92.87
2024-06-16 01:00:00,SM FT OPF,0.0
2024-06-16 01:00:00,SM GF,2.11
2024-06-16 01:00:00,SM KV OPF,0.0
2024-06-16 01:00:00,SM NPI,1.050780431
2024-06-16 01:00:00,SM TLO,3.84
2024-06-16 01:30:00,IB GF,0.0
2024-06-16 01:30:00,IB NPI,2.5
2024-06-16 01:30:00,IB OPF,92.87
2024-06-16 01:30:00,SM FT OPF,0.0
2024-06-16 01:30:00,SM GF,2.11
2024-06-16 01:30:00,SM KV OPF,0.0
2024-06-16 01:30:00,SM NPI,1.037227693
2024-06-16 01:30:00,SM TLO,3.84
2024-06-16 02:00:00,IB GF,0.0
2024-06-16 02:00:00,IB NPI,2.5
2024-06-16 02:00:00,IB OPF,92.87
2024-06-16 02:00:00,SM FT OPF,0.0
2024-06-16 02:00:00,SM GF,2.11
2024-06-16 02:00:00,SM KV OPF,0.0
2024-06-16 02:00:00,SM NPI,1.031467054
2024-06-16 02:00:00,SM TLO,3.84
2024-06-16 02:30:00,IB GF,0.0
2024-06-16 02:30:00,IB NPI,2.5
2024-06-16 02:30:00,IB OPF,92.87
2024-06-16 02:30:00,SM FT OPF,0.0
2024-06-16 02:30:00,SM GF,2.11
2024-06-16 02:30:00,SM KV OPF,0.0
2024-06-16 02:30:00,SM NPI,1.033169842
2024-06-16 02:30:00,SM TLO,3.84
2024-06-16 03:00:00,IB GF,0.0
2024-06-16 03:00:00,IB NPI,2.5
2024-06-16 03:00:00,IB OPF,92.87
2024-06-16 03:00:00,SM FT OPF,0.0
2024-06-16 03:00:00,SM GF,2.11
2024-06-16 03:00:00,SM KV OPF,0.0
2024-06-16 03:00:00,SM NPI,1.042692245
2024-06-16 03:00:00,SM TLO,3.84
2024-06-16 03:30:00,IB GF,0.0
2024-06-16 03:30:00,IB NPI,2.5
2024-06-16 03:30:00,IB OPF,92.87
2024-06-16 03:30:00,SM FT OPF,0.0
2024-06-16 03:30:00,SM GF,2.11
2024-06-16 03:30:00,SM KV OPF,0.0
2024-06-16 03:30:00,SM NPI,1.110137341
2024-06-16 03:30:00,SM TLO,3.84
2024-06-16 04:00:00,IB GF,0.0
2024-06-16 04:00:00,IB NPI,2.5
2024-06-16 04:00:00,IB OPF,92.87
2024-06-16 04:00:00,SM FT OPF,0.0
2024-06-16 04:00:00,SM GF,2.11
2024-06-16 04:00:00,SM KV OPF,0.0
2024-06-16 04:00:00,SM NPI,1.224416924
2024-06-16 04:00:00,SM TLO,3.84
2024-06-16 04:30:00,IB GF,0.0
2024-06-16 04:30:00,IB NPI,2.5
2024-06-16 04:30:00,IB OPF,92.87
2024-06-16 04:30:00,SM FT OPF,0.0
2024-06-16 04:30:00,SM GF,2.11
2024-06-16 04:30:00,SM KV OPF,0.0
2024-06-16 04:30:00,SM NPI,1.272087881
2024-06-16 04:30:00,SM TLO,3.84
2024-06-16 05:00:00,IB GF,0.0
2024-06-16 05:00:00,IB NPI,2.5
2024-06-16 05:00:00,IB OPF,92.87
2024-06-16 05:00:00,SM FT OPF,0.0
2024-06-16 05:00:00,SM GF,2.11
2024-06-16 05:00:00,SM KV OPF,0.0
2024-06-16 05:00:00,SM NPI,1.240684761
2024-06-16 05:00:00,SM TLO,3.84
2024-06-16 05:30:00,IB GF,0.0
2024-06-16 05:30:00,IB NPI,2.5
2024-06-16 05:30:00,IB OPF,92.87
2024-06-16 05:30:00,SM FT OPF,0.0
2024-06-16 05:30:00,SM GF,2.11
2024-06-16 05:30:00,SM KV OPF,0.0
2024-06-16 05:30:00,SM NPI,1.219801824
2024-06-16 05:30:00,SM TLO,3.84
2024-06-16 06:00:00,IB GF,0.0
2024-06-16 06:00:00,IB NPI,2.5
2024-06-16 06:00:00,IB OPF,92.87
2024-06-16 06:00:00,SM FT OPF,0.0
2024-06-16 06:00:00,SM GF,2.11
2024-06-16 06:00:00,SM KV OPF,0.0
2024-06-16 06:00:00,SM NPI,1.251758841
2024-06-16 06:00:00,SM TLO,3.67
2024-06-16 06:30:00,IB GF,0.0
2024-06-16 06:30:00,IB NPI,2.5
2024-06-16 06:30:00,IB OPF,92.87
2024-06-16 06:30:00,SM FT OPF,0.0
2024-06-16 06:30:00,SM GF,2.11
2024-06-16 06:30:00,SM KV OPF,0.0
2024-06-16 06:30:00,SM NPI,1.27404544
2024-06-16 06:30:00,SM TLO,3.67
2024-06-16 07:00:00,IB GF,0.0
2024-06-16 07:00:00,IB NPI,2.5
2024-06-16 07:00:00,IB OPF,92.87
2024-06-16 07:00:00,SM FT OPF,0.0
2024-06-16 07:00:00,SM GF,2.11
2024-06-16 07:00:00,SM KV OPF,0.0
2024-06-16 07:00:00,SM NPI,1.294156446
2024-06-16 07:00:00,SM TLO,3.67
2024-06-16 07:30:00,IB GF,0.0
2024-06-16 07:30:00,IB NPI,2.5
2024-06-16 07:30:00,IB OPF,92.87
2024-06-16 07:30:00,SM FT OPF,0.0
2024-06-16 07:30:00,SM GF,2.11
2024-06-16 07:30:00,SM KV OPF,0.0
2024-06-16 07:30:00,SM NPI,1.29381742
2024-06-16 07:30:00,SM TLO,3.67
2024-06-16 08:00:00,IB GF,0.0
2024-06-16 08:00:00,IB NPI,2.5
2024-06-16 08:00:00,IB OPF,92.87
2024-06-16 08:00:00,SM FT OPF,0.0
2024-06-16 08:00:00,SM GF,2.11
2024-06-16 08:00:00,SM KV OPF,0.0
2024-06-16 08:00:00,SM NPI,1.283543904
2024-06-16 08:00:00,SM TLO,3.67
2024-06-16 08:30:00,IB GF,0.0
2024-06-16 08:30:00,IB NPI,2.5
2024-06-16 08:30:00,IB OPF,92.87
2024-06-16 08:30:00,SM FT OPF,0.0
2024-06-16 08:30:00,SM GF,2.11
2024-06-16 08:30:00,SM KV OPF,0.0
2024-06-16 08:30:00,SM NPI,1.270860712
2024-06-16 08:30:00,SM TLO,3.67
2024-06-16 09:00:00,IB GF,0.0
2024-06-16 09:00:00,IB NPI,2.5
2024-06-16 09:00:00,IB OPF,92.87
2024-06-16 09:00:00,SM FT OPF,0.0
2024-06-16 09:00:00,SM GF,2.11
2024-06-16 09:00:00,SM KV OPF,0.0
2024-06-16 09:00:00,SM NPI,1.265941851
2024-06-16 09:00:00,SM TLO,3.67
2024-06-16 09:30:00,IB GF,0.0
2024-06-16 09:30:00,IB NPI,2.5
2024-06-16 09:30:00,IB OPF,92.87
2024-06-16 09:30:00,SM FT OPF,0.0
2024-06-16 09:30:00,SM GF,2.11
2024-06-16 09:30:00,SM KV OPF,0.0
2024-06-16 09:30:00,SM NPI,1.309462082
2024-06-16 09:30:00,SM TLO,3.67
2024-06-16 10:00:00,IB GF,0.0
2024-06-16 10:00:00,IB NPI,2.5
2024-06-16 10:00:00,IB OPF,92.87
2024-06-16 10:00:00,SM FT OPF,0.0
2024-06-16 10:00:00,SM GF,2.11
2024-06-16 10:00:00,SM KV OPF,0.0
2024-06-16 10:00:00,SM NPI,1.37284076
2024-06-16 10:00:00,SM TLO,3.67
2024-06-16 10:30:00,IB GF,0.0
2024-06-16 10:30:00,IB NPI,2.5
2024-06-16 10:30:00,IB OPF,92.87
2024-06-16 10:30:00,SM FT OPF,0.0
2024-06-16 10:30:00,SM GF,2.11
2024-06-16 10:30:00,SM KV OPF,0.0
2024-06-16 10:30:00,SM NPI,1.424533696
2024-06-16 10:30:00,SM TLO,3.67
2024-06-16 11:00:00,IB GF,0.0
2024-06-16 11:00:00,IB NPI,2.5
2024-06-16 11:00:00,IB OPF,92.87
2024-06-16 11:00:00,SM FT OPF,0.0
2024-06-16 11:00:00,SM GF,2.11
2024-06-16 11:00:00,SM KV OPF,0.0
2024-06-16 11:00:00,SM NPI,1.469220308
2024-06-16 11:00:00,SM TLO,3.67
2024-06-16 11:30:00,IB GF,0.0
2024-06-16 11:30:00,IB NPI,2.5
2024-06-16 11:30:00,IB OPF,92.87
2024-06-16 11:30:00,SM FT OPF,0.0
2024-06-16 11:30:00,SM GF,2.11
2024-06-16 11:30:00,SM KV OPF,0.0
2024-06-16 11:30:00,SM NPI,1.50768769
2024-06-16 11:30:00,SM TLO,3.67
2024-06-16 12:00:00,IB GF,0.0
2024-06-16 12:00:00,IB NPI,2.5
2024-06-16 12:00:00,IB OPF,92.87
2024-06-16 12:00:00,SM FT OPF,0.0
2024-06-16 12:00:00,SM GF,2.11
2024-06-16 12:00:00,SM KV OPF,0.0
2024-06-16 12:00:00,SM NPI,1.538868726
2024-06-16 12:00:00,SM TLO,3.67
2024-06-16 12:30:00,IB GF,0.0
2024-06-16 12:30:00,IB NPI,2.5
2024-06-16 12:30:00,IB OPF,92.87
2024-06-16 12:30:00,SM FT OPF,0.0
2024-06-16 12:30:00,SM GF,2.11
2024-06-16 12:30:00,SM KV OPF,0.0
2024-06-16 12:30:00,SM NPI,1.565767202
2024-06-16 12:30:00,SM TLO,3.67
2024-06-16 13:00:00,IB GF,0.0
2024-06-16 13:00:00,IB NPI,2.5
2024-06-16 13:00:00,IB OPF,92.87
2024-06-16 13:00:00,SM FT OPF,0.0
2024-06-16 13:00:00,SM GF,2.11
2024-06-16 13:00:00,SM KV OPF,0.0
2024-06-16 13:00:00,SM NPI,1.601001304
2024-06-16 13:00:00,SM TLO,3.67
2024-06-16 13:30:00,IB GF,0.0
2024-06-16 13:30:00,IB NPI,2.5
2024-06-16 13:30:00,IB OPF,92.87
2024-06-16 13:30:00,SM FT OPF,0.0
2024-06-16 13:30:00,SM GF,2.11
2024-06-16 13:30:00,SM KV OPF,0.0
2024-06-16 13:30:00,SM NPI,1.642192764
2024-06-16 13:30:00,SM TLO,3.67
2024-06-16 14:00:00,IB GF,0.0
2024-06-16 14:00:00,IB NPI,2.5
2024-06-16 14:00:00,IB OPF,92.87
2024-06-16 14:00:00,SM FT OPF,0.0
2024-06-16 14:00:00,SM GF,2.11
2024-06-16 14:00:00,SM KV OPF,0.0
2024-06-16 14:00:00,SM NPI,1.699468722
2024-06-16 14:00:00,SM TLO,3.67
2024-06-16 14:30:00,IB GF,0.0
2024-06-16 14:30:00,IB NPI,2.5
2024-06-16 14:30:00,IB OPF,92.87
2024-06-16 14:30:00,SM FT OPF,0.0
2024-06-16 14:30:00,SM GF,2.11
2024-06-16 14:30:00,SM KV OPF,0.0
2024-06-16 14:30:00,SM NPI,1.737432549
2024-06-16 14:30:00,SM TLO,3.67
2024-06-16 15:00:00,IB GF,0.0
2024-06-16 15:00:00,IB NPI,2.5
2024-06-16 15:00:00,IB OPF,92.87
2024-06-16 15:00:00,SM FT OPF,0.0
2024-06-16 15:00:00,SM GF,2.11
2024-06-16 15:00:00,SM KV OPF,0.0
2024-06-16 15:00:00,SM NPI,1.761834198
2024-06-16 15:00:00,SM TLO,3.67
2024-06-16 15:30:00,IB GF,0.0
2024-06-16 15:30:00,IB NPI,2.5
2024-06-16 15:30:00,IB OPF,92.87
2024-06-16 15:30:00,SM FT OPF,0.0
2024-06-16 15:30:00,SM GF,2.11
2024-06-16 15:30:00,SM KV OPF,0.0
2024-06-16 15:30:00,SM NPI,1.804620505
2024-06-16 15:30:00,SM TLO,3.67
2024-06-16 16:00:00,IB GF,0.0
2024-06-16 16:00:00,IB NPI,2.5
2024-06-16 16:00:00,IB OPF,92.87
2024-06-16 16:00:00,SM FT OPF,0.0
2024-06-16 16:00:00,SM GF,2.11
2024-06-16 16:00:00,SM KV OPF,0.0
2024-06-16 16:00:00,SM NPI,1.804930672
2024-06-16 16:00:00,SM TLO,3.67
2024-06-16 16:30:00,IB GF,0.0
2024-06-16 16:30:00,IB NPI,2.5
2024-06-16 16:30:00,IB OPF,92.87
2024-06-16 16:30:00,SM FT OPF,0.0
2024-06-16 16:30:00,SM GF,2.11
2024-06-16 16:30:00,SM KV OPF,0.0
2024-06-16 16:30:00,SM NPI,1.752997984
2024-06-16 16:30:00,SM TLO,3.67
2024-06-16 17:00:00,IB GF,0.0
2024-06-16 17:00:00,IB NPI,2.5
2024-06-16 17:00:00,IB OPF,92.87
2024-06-16 17:00:00,SM FT OPF,0.0
2024-06-16 17:00:00,SM GF,2.11
2024-06-16 17:00:00,SM KV OPF,0.0
2024-06-16 17:00:00,SM NPI,1.713794439
2024-06-16 17:00:00,SM TLO,3.67
2024-06-16 17:30:00,IB GF,0.0
2024-06-16 17:30:00,IB NPI,2.5
2024-06-16 17:30:00,IB OPF,92.87
2024-06-16 17:30:00,SM FT OPF,0.0
2024-06-16 17:30:00,SM GF,2.11
2024-06-16 17:30:00,SM KV OPF,0.0
2024-06-16 17:30:00,SM NPI,1.751240534
2024-06-16 17:30:00,SM TLO,3.67
2024-06-16 18:00:00,IB GF,0.0
2024-06-16 18:00:00,IB NPI,2.5
2024-06-16 18:00:00,IB OPF,92.87
2024-06-16 18:00:00,SM FT OPF,0.0
2024-06-16 18:00:00,SM GF,2.11
2024-06-16 18:00:00,SM KV OPF,0.0
2024-06-16 18:00:00,SM NPI,1.851721361
2024-06-16 18:00:00,SM TLO,3.67
2024-06-16 18:30:00,IB GF,0.0
2024-06-16 18:30:00,IB NPI,2.5
2024-06-16 18:30:00,IB OPF,92.87
2024-06-16 18:30:00,SM FT OPF,0.0
2024-06-16 18:30:00,SM GF,2.11
2024-06-16 18:30:00,SM KV OPF,0.0
2024-06-16 18:30:00,SM NPI,1.92121134
2024-06-16 18:30:00,SM TLO,3.67
2024-06-16 19:00:00,IB GF,0.0
2024-06-16 19:00:00,IB NPI,2.5
2024-06-16 19:00:00,IB OPF,92.87
2024-06-16 19:00:00,SM FT OPF,0.0
2024-06-16 19:00:00,SM GF,2.11
2024-06-16 19:00:00,SM KV OPF,0.0
2024-06-16 19:00:00,SM NPI,1.949985451
2024-06-16 19:00:00,SM TLO,3.67
2024-06-16 19:30:00,IB GF,0.0
2024-06-16 19:30:00,IB NPI,2.5
2024-06-16 19:30:00,IB OPF,92.87
2024-06-16 19:30:00,SM FT OPF,0.0
2024-06-16 19:30:00,SM GF,2.11
2024-06-16 19:30:00,SM KV OPF,0.0
2024-06-16 19:30:00,SM NPI,1.873270286
2024-06-16 19:30:00,SM TLO,3.67
2024-06-16 20:00:00,IB GF,0.0
2024-06-16 20:00:00,IB NPI,2.5
2024-06-16 20:00:00,IB OPF,92.87
2024-06-16 20:00:00,SM FT OPF,0.0
2024-06-16 20:00:00,SM GF,2.11
2024-06-16 20:00:00,SM KV OPF,0.0
2024-06-16 20:00:00,SM NPI,1.718127213
2024-06-16 20:00:00,SM TLO,3.67
2024-06-16 20:30:00,IB GF,0.0
2024-06-16 20:30:00,IB NPI,2.5
2024-06-16 20:30:00,IB OPF,92.87
2024-06-16 20:30:00,SM FT OPF,0.0
2024-06-16 20:30:00,SM GF,2.11
2024-06-16 20:30:00,SM KV OPF,0.0
2024-06-16 20:30:00,SM NPI,1.552785005
2024-06-16 20:30:00,SM TLO,3.67
2024-06-16 21:00:00,IB GF,0.0
2024-06-16 21:00:00,IB NPI,2.5
2024-06-16 21:00:00,IB OPF,92.87
2024-06-16 21:00:00,SM FT OPF,0.0
2024-06-16 21:00:00,SM GF,2.11
2024-06-16 21:00:00,SM KV OPF,0.0
2024-06-16 21:00:00,SM NPI,1.413456281
2024-06-16 21:00:00,SM TLO,3.67
2024-06-16 21:30:00,IB GF,0.0
2024-06-16 21:30:00,IB NPI,2.5
2024-06-16 21:30:00,IB OPF,92.87
2024-06-16 21:30:00,SM FT OPF,0.0
2024-06-16 21:30:00,SM GF,2.11
2024-06-16 21:30:00,SM KV OPF,0.0
2024-06-16 21:30:00,SM NPI,1.333098413
2024-06-16 21:30:00,SM TLO,3.67
2024-06-16 22:00:00,IB GF,0.0
2024-06-16 22:00:00,IB NPI,2.5
2024-06-16 22:00:00,IB OPF,92.87
2024-06-16 22:00:00,SM FT OPF,0.0
2024-06-16 22:00:00,SM GF,2.11
2024-06-16 22:00:00,SM KV OPF,0.0
2024-06-16 22:00:00,SM NPI,1.264033646
2024-06-16 22:00:00,SM TLO,3.67
2024-06-16 22:30:00,IB GF,0.0
2024-06-16 22:30:00,IB NPI,2.5
2024-06-16 22:30:00,IB OPF,92.87
2024-06-16 22:30:00,SM FT OPF,0.0
2024-06-16 22:30:00,SM GF,2.11
2024-06-16 22:30:00,SM KV OPF,0.0
2024-06-16 22:30:00,SM NPI,1.202259188
2024-06-16 22:30:00,SM TLO,3.67
2024-06-16 23:00:00,IB GF,0.0
2024-06-16 23:00:00,IB NPI,2.5
2024-06-16 23:00:00,IB OPF,92.87
2024-06-16 23:00:00,SM FT OPF,0.0
2024-06-16 23:00:00,SM GF,2.11
2024-06-16 23:00:00,SM KV OPF,0.0
2024-06-16 23:00:00,SM NPI,1.15338945
2024-06-16 23:00:00,SM TLO,3.67
2024-06-16 23:30:00,IB GF,0.0
2024-06-16 23:30:00,IB NPI,2.5
2024-06-16 23:30:00,IB OPF,92.87
2024-06-16 23:30:00,SM FT OPF,0.0
2024-06-16 23:30:00,SM GF,2.11
2024-06-16 23:30:00,SM KV OPF,0.0
2024-06-16 23:30:00,SM NPI,1.118636163
2024-06-16 23:30:00,SM TLO,3.67
2024-06-17 00:00:00,IB GF,0.0
2024-06-17 00:00:00,IB NPI,2.5
2024-06-17 00:00:00,IB OPF,92.87
2024-06-17 00:00:00,SM FT OPF,0.0
2024-06-17 00:00:00,SM GF,2.11
2024-06-17 00:00:00,SM KV OPF,0.0
2024-06-17 00:00:00,SM NPI,1.088864823
2024-06-17 00:00:00,SM TLO,3.67
2024-06-17 00:30:00,IB GF,0.0
2024-06-17 00:30:00,IB NPI,2.5
2024-06-17 00:30:00,IB OPF,92.87
2024-06-17 00:30:00,SM FT OPF,0.0
2024-06-17 00:30:00,SM GF,2.11
2024-06-17 00:30:00,SM KV OPF,0.0
2024-06-17 00:30:00,SM NPI,1.06467663
2024-06-17 00:30:00,SM TLO,3.67
2024-06-17 01:00:00,IB GF,0.0
2024-06-17 01:00:00,IB NPI,2.5
2024-06-17 01:00:00,IB OPF,92.87
2024-06-17 01:00:00,SM FT OPF,0.0
2024-06-17 01:00:00,SM GF,2.11
2024-06-17 01:00:00,SM KV OPF,0.0
2024-06-17 01:00:00,SM NPI,1.050780431
2024-06-17 01:00:00,SM TLO,3.67
2024-06-17 01:30:00,IB GF,0.0
2024-06-17 01:30:00,IB NPI,2.5
2024-06-17 01:30:00,IB OPF,92.87
2024-06-17 01:30:00,SM FT OPF,0.0
2024-06-17 01:30:00,SM GF,2.11
2024-06-17 01:30:00,SM KV OPF,0.0
2024-06-17 01:30:00,SM NPI,1.037227693
2024-06-17 01:30:00,SM TLO,3.67
2024-06-17 02:00:00,IB GF,0.0
2024-06-17 02:00:00,IB NPI,2.5
2024-06-17 02:00:00,IB OPF,92.87
2024-06-17 02:00:00,SM FT OPF,0.0
2024-06-17 02:00:00,SM GF,2.11
2024-06-17 02:00:00,SM KV OPF,0.0
2024-06-17 02:00:00,SM NPI,1.031467054
2024-06-17 02:00:00,SM TLO,3.67
2024-06-17 02:30:00,IB GF,0.0
2024-06-17 02:30:00,IB NPI,2.5
2024-06-17 02:30:00,IB OPF,92.87
2024-06-17 02:30:00,SM FT OPF,0.0
2024-06-17 02:30:00,SM GF,2.11
2024-06-17 02:30:00,SM KV OPF,0.0
2024-06-17 02:30:00,SM NPI,1.033169842
2024-06-17 02:30:00,SM TLO,3.67
2024-06-17 03:00:00,IB GF,0.0
2024-06-17 03:00:00,IB NPI,2.5
2024-06-17 03:00:00,IB OPF,92.87
2024-06-17 03:00:00,SM FT OPF,0.0
2024-06-17 03:00:00,SM GF,2.11
2024-06-17 03:00:00,SM KV OPF,0.0
2024-06-17 03:00:00,SM NPI,1.042692245
2024-06-17 03:00:00,SM TLO,3.67
2024-06-17 03:30:00,IB GF,0.0
2024-06-17 03:30:00,IB NPI,2.5
2024-06-17 03:30:00,IB OPF,92.87
2024-06-17 03:30:00,SM FT OPF,0.0
2024-06-17 03:30:00,SM GF,2.11
2024-06-17 03:30:00,SM KV OPF,0.0
2024-06-17 03:30:00,SM NPI,1.110137341
2024-06-17 03:30:00,SM TLO,3.67
2024-06-17 04:00:00,IB GF,0.0
2024-06-17 04:00:00,IB NPI,2.5
2024-06-17 04:00:00,IB OPF,92.87
2024-06-17 04:00:00,SM FT OPF,0.0
2024-06-17 04:00:00,SM GF,2.11
2024-06-17 04:00:00,SM KV OPF,0.0
2024-06-17 04:00:00,SM NPI,1.224416924
2024-06-17 04:00:00,SM TLO,3.67
2024-06-17 04:30:00,IB GF,0.0
2024-06-17 04:30:00,IB NPI,2.5
2024-06-17 04:30:00,IB OPF,92.87
2024-06-17 04:30:00,SM FT OPF,0.0
2024-06-17 04:30:00,SM GF,2.11
2024-06-17 04:30:00,SM KV OPF,0.0
2024-06-17 04:30:00,SM NPI,1.272087881
2024-06-17 04:30:00,SM TLO,3.67
2024-06-17 05:00:00,IB GF,0.0
2024-06-17 05:00:00,IB NPI,2.5
2024-06-17 05:00:00,IB OPF,92.87
2024-06-17 05:00:00,SM FT OPF,0.0
2024-06-17 05:00:00,SM GF,2.11
2024-06-17 05:00:00,SM KV OPF,0.0
2024-06-17 05:00:00,SM NPI,1.240684761
2024-06-17 05:00:00,SM TLO,3.67
2024-06-17 05:30:00,IB GF,0.0
2024-06-17 05:30:00,IB NPI,2.5
2024-06-17 05:30:00,IB OPF,92.87
2024-06-17 05:30:00,SM FT OPF,0.0
2024-06-17 05:30:00,SM GF,2.11
2024-06-17 05:30:00,SM KV OPF,0.0
2024-06-17 05:30:00,SM NPI,1.219801824
2024-06-17 05:30:00,SM TLO,3.67
2024-06-17 06:00:00,IB GF,0.0
2024-06-17 06:00:00,IB NPI,2.5
2024-06-17 06:00:00,IB OPF,92.87
2024-06-17 06:00:00,SM FT OPF,0.0
2024-06-17 06:00:00,SM GF,2.11
2024-06-17 06:00:00,SM KV OPF,0.0
2024-06-17 06:00:00,SM NPI,1.251758841
2024-06-17 06:00:00,SM TLO,3.82
2024-06-17 06:30:00,IB GF,0.0
2024-06-17 06:30:00,IB NPI,2.5
2024-06-17 06:30:00,IB OPF,92.87
2024-06-17 06:30:00,SM FT OPF,0.0
2024-06-17 06:30:00,SM GF,2.11
2024-06-17 06:30:00,SM KV OPF,0.0
2024-06-17 06:30:00,SM NPI,1.27404544
2024-06-17 06:30:00,SM TLO,3.82
2024-06-17 07:00:00,IB GF,0.0
2024-06-17 07:00:00,IB NPI,2.5
2024-06-17 07:00:00,IB OPF,92.87
2024-06-17 07:00:00,SM FT OPF,0.0
2024-06-17 07:00:00,SM GF,2.11
2024-06-17 07:00:00,SM KV OPF,0.0
2024-06-17 07:00:00,SM NPI,1.294156446
2024-06-17 07:00:00,SM TLO,3.82
2024-06-17 07:30:00,IB GF,0.0
2024-06-17 07:30:00,IB NPI,2.5
2024-06-17 07:30:00,IB OPF,92.87
2024-06-17 07:30:00,SM FT OPF,0.0
2024-06-17 07:30:00,SM GF,2.11
2024-06-17 07:30:00,SM KV OPF,0.0
2024-06-17 07:30:00,SM NPI,1.29381742
2024-06-17 07:30:00,SM TLO,3.82
2024-06-17 08:00:00,IB GF,0.0
2024-06-17 08:00:00,IB NPI,2.5
2024-06-17 08:00:00,IB OPF,92.87
2024-06-17 08:00:00,SM FT OPF,0.0
2024-06-17 08:00:00,SM GF,2.11
2024-06-17 08:00:00,SM KV OPF,0.0
2024-06-17 08:00:00,SM NPI,1.283543904
2024-06-17 08:00:00,SM TLO,3.82
2024-06-17 08:30:00,IB GF,0.0
2024-06-17 08:30:00,IB NPI,2.5
2024-06-17 08:30:00,IB OPF,92.87
2024-06-17 08:30:00,SM FT OPF,0.0
2024-06-17 08:30:00,SM GF,2.11
2024-06-17 08:30:00,SM KV OPF,0.0
2024-06-17 08:30:00,SM NPI,1.270860712
2024-06-17 08:30:00,SM TLO,3.82
2024-06-17 09:00:00,IB GF,0.0
2024-06-17 09:00:00,IB NPI,2.5
2024-06-17 09:00:00,IB OPF,92.87
2024-06-17 09:00:00,SM FT OPF,0.0
2024-06-17 09:00:00,SM GF,2.11
2024-06-17 09:00:00,SM KV OPF,0.0
2024-06-17 09:00:00,SM NPI,1.265941851
2024-06-17 09:00:00,SM TLO,3.82
2024-06-17 09:30:00,IB GF,0.0
2024-06-17 09:30:00,IB NPI,2.5
2024-06-17 09:30:00,IB OPF,92.87
2024-06-17 09:30:00,SM FT OPF,0.0
2024-06-17 09:30:00,SM GF,2.11
2024-06-17 09:30:00,SM KV OPF,0.0
2024-06-17 09:30:00,SM NPI,1.309462082
2024-06-17 09:30:00,SM TLO,3.82
2024-06-17 10:00:00,IB GF,0.0
2024-06-17 10:00:00,IB NPI,2.5
2024-06-17 10:00:00,IB OPF,92.87
2024-06-17 10:00:00,SM FT OPF,0.0
2024-06-17 10:00:00,SM GF,2.11
2024-06-17 10:00:00,SM KV OPF,0.0
2024-06-17 10:00:00,SM NPI,1.37284076
2024-06-17 10:00:00,SM TLO,3.82
2024-06-17 10:30:00,IB GF,0.0
2024-06-17 10:30:00,IB NPI,2.5
2024-06-17 10:30:00,IB OPF,92.87
2024-06-17 10:30:00,SM FT OPF,0.0
2024-06-17 10:30:00,SM GF,2.11
2024-06-17 10:30:00,SM KV OPF,0.0
2024-06-17 10:30:00,SM NPI,1.424533696
2024-06-17 10:30:00,SM TLO,3.82
2024-06-17 11:00:00,IB GF,0.0
2024-06-17 11:00:00,IB NPI,2.5
2024-06-17 11:00:00,IB OPF,92.87
2024-06-17 11:00:00,SM FT OPF,0.0
2024-06-17 11:00:00,SM GF,2.11
2024-06-17 11:00:00,SM KV OPF,0.0
2024-06-17 11:00:00,SM NPI,1.469220308
2024-06-17 11:00:00,SM TLO,3.82
2024-06-17 11:30:00,IB GF,0.0
2024-06-17 11:30:00,IB NPI,2.5
2024-06-17 11:30:00,IB OPF,92.87
2024-06-17 11:30:00,SM FT OPF,0.0
2024-06-17 11:30:00,SM GF,2.11
2024-06-17 11:30:00,SM KV OPF,0.0
2024-06-17 11:30:00,SM NPI,1.50768769
2024-06-17 11:30:00,SM TLO,3.82
2024-06-17 12:00:00,IB GF,0.0
2024-06-17 12:00:00,IB NPI,2.5
2024-06-17 12:00:00,IB OPF,92.87
2024-06-17 12:00:00,SM FT OPF,0.0
2024-06-17 12:00:00,SM GF,2.11
2024-06-17 12:00:00,SM KV OPF,0.0
2024-06-17 12:00:00,SM NPI,1.538868726
2024-06-17 12:00:00,SM TLO,3.82
2024-06-17 12:30:00,IB GF,0.0
2024-06-17 12:30:00,IB NPI,2.5
2024-06-17 12:30:00,IB OPF,92.87
2024-06-17 12:30:00,SM FT OPF,0.0
2024-06-17 12:30:00,SM GF,2.11
2024-06-17 12:30:00,SM KV OPF,0.0
2024-06-17 12:30:00,SM NPI,1.565767202
2024-06-17 12:30:00,SM TLO,3.82
2024-06-17 13:00:00,IB GF,0.0
2024-06-17 13:00:00,IB NPI,2.5
2024-06-17 13:00:00,IB OPF,92.87
2024-06-17 13:00:00,SM FT OPF,0.0
2024-06-17 13:00:00,SM GF,2.11
2024-06-17 13:00:00,SM KV OPF,0.0
2024-06-17 13:00:00,SM NPI,1.601001304
2024-06-17 13:00:00,SM TLO,3.82
2024-06-17 13:30:00,IB GF,0.0
2024-06-17 13:30:00,IB NPI,2.5
2024-06-17 13:30:00,IB OPF,92.87
2024-06-17 13:30:00,SM FT OPF,0.0
2024-06-17 13:30:00,SM GF,2.11
2024-06-17 13:30:00,SM KV OPF,0.0
2024-06-17 13:30:00,SM NPI,1.642192764
2024-06-17 13:30:00,SM TLO,3.82
2024-06-17 14:00:00,IB GF,0.0
2024-06-17 14:00:00,IB NPI,2.5
2024-06-17 14:00:00,IB OPF,92.87
2024-06-17 14:00:00,SM FT OPF,0.0
2024-06-17 14:00:00,SM GF,2.11
2024-06-17 14:00:00,SM KV OPF,0.0
2024-06-17 14:00:00,SM NPI,1.699468722
2024-06-17 14:00:00,SM TLO,3.82
2024-06-17 14:30:00,IB GF,0.0
2024-06-17 14:30:00,IB NPI,2.5
2024-06-17 14:30:00,IB OPF,92.87
2024-06-17 14:30:00,SM FT OPF,0.0
2024-06-17 14:30:00,SM GF,2.11
2024-06-17 14:30:00,SM KV OPF,0.0
2024-06-17 14:30:00,SM NPI,1.737432549
2024-06-17 14:30:00,SM TLO,3.82
2024-06-17 15:00:00,IB GF,0.0
2024-06-17 15:00:00,IB NPI,2.5
2024-06-17 15:00:00,IB OPF,92.87
2024-06-17 15:00:00,SM FT OPF,0.0
2024-06-17 15:00:00,SM GF,2.11
2024-06-17 15:00:00,SM KV OPF,0.0
2024-06-17 15:00:00,SM NPI,1.761834198
2024-06-17 15:00:00,SM TLO,3.82
2024-06-17 15:30:00,IB GF,0.0
2024-06-17 15:30:00,IB NPI,2.5
2024-06-17 15:30:00,IB OPF,92.87
2024-06-17 15:30:00,SM FT OPF,0.0
2024-06-17 15:30:00,SM GF,2.11
2024-06-17 15:30:00,SM KV OPF,0.0
2024-06-17 15:30:00,SM NPI,1.804620505
2024-06-17 15:30:00,SM TLO,3.82
2024-06-17 16:00:00,IB GF,0.0
2024-06-17 16:00:00,IB NPI,2.5
2024-06-17 16:00:00,IB OPF,92.87
2024-06-17 16:00:00,SM FT OPF,0.0
2024-06-17 16:00:00,SM GF,2.11
2024-06-17 16:00:00,SM KV OPF,0.0
2024-06-17 16:00:00,SM NPI,1.804930672
2024-06-17 16:00:00,SM TLO,3.82
2024-06-17 16:30:00,IB GF,0.0
2024-06-17 16:30:00,IB NPI,2.5
2024-06-17 16:30:00,IB OPF,92.87
2024-06-17 16:30:00,SM FT OPF,0.0
2024-06-17 16:30:00,SM GF,2.11
2024-06-17 16:30:00,SM KV OPF,0.0
2024-06-17 16:30:00,SM NPI,1.752997984
2024-06-17 16:30:00,SM TLO,3.82
2024-06-17 17:00:00,IB GF,0.0
2024-06-17 17:00:00,IB NPI,2.5
2024-06-17 17:00:00,IB OPF,92.87
2024-06-17 17:00:00,SM FT OPF,0.0
2024-06-17 17:00:00,SM GF,2.11
2024-06-17 17:00:00,SM KV OPF,0.0
2024-06-17 17:00:00,SM NPI,1.713794439
2024-06-17 17:00:00,SM TLO,3.82
2024-06-17 17:30:00,IB GF,0.0
2024-06-17 17:30:00,IB NPI,2.5
2024-06-17 17:30:00,IB OPF,92.87
2024-06-17 17:30:00,SM FT OPF,0.0
2024-06-17 17:30:00,SM GF,2.11
2024-06-17 17:30:00,SM KV OPF,0.0
2024-06-17 17:30:00,SM NPI,1.751240534
2024-06-17 17:30:00,SM TLO,3.82
2024-06-17 18:00:00,IB GF,0.0
2024-06-17 18:00:00,IB NPI,2.5
2024-06-17 18:00:00,IB OPF,92.87
2024-06-17 18:00:00,SM FT OPF,0.0
2024-06-17 18:00:00,SM GF,2.11
2024-06-17 18:00:00,SM KV OPF,0.0
2024-06-17 18:00:00,SM NPI,1.851721361
2024-06-17 18:00:00,SM TLO,3.82
2024-06-17 18:30:00,IB GF,0.0
2024-06-17 18:30:00,IB NPI,2.5
2024-06-17 18:30:00,IB OPF,92.87
2024-06-17 18:30:00,SM FT OPF,0.0
2024-06-17 18:30:00,SM GF,2.11
2024-06-17 18:30:00,SM KV OPF,0.0
2024-06-17 18:30:00,SM NPI,1.92121134
2024-06-17 18:30:00,SM TLO,3.82
2024-06-17 19:00:00,IB GF,0.0
2024-06-17 19:00:00,IB NPI,2.5
2024-06-17 19:00:00,IB OPF,92.87
2024-06-17 19:00:00,SM FT OPF,0.0
2024-06-17 19:00:00,SM GF,2.11
2024-06-17 19:00:00,SM KV OPF,0.0
2024-06-17 19:00:00,SM NPI,1.949985451
2024-06-17 19:00:00,SM TLO,3.82
2024-06-17 19:30:00,IB GF,0.0
2024-06-17 19:30:00,IB NPI,2.5
2024-06-17 19:30:00,IB OPF,92.87
2024-06-17 19:30:00,SM FT OPF,0.0
2024-06-17 19:30:00,SM GF,2.11
2024-06-17 19:30:00,SM KV OPF,0.0
2024-06-17 19:30:00,SM NPI,1.873270286
2024-06-17 19:30:00,SM TLO,3.82
2024-06-17 20:00:00,IB GF,0.0
2024-06-17 20:00:00,IB NPI,2.5
2024-06-17 20:00:00,IB OPF,92.87
2024-06-17 20:00:00,SM FT OPF,0.0
2024-06-17 20:00:00,SM GF,2.11
2024-06-17 20:00:00,SM KV OPF,0.0
2024-06-17 20:00:00,SM NPI,1.718127213
2024-06-17 20:00:00,SM TLO,3.82
2024-06-17 20:30:00,IB GF,0.0
2024-06-17 20:30:00,IB NPI,2.5
2024-06-17 20:30:00,IB OPF,92.87
2024-06-17 20:30:00,SM FT OPF,0.0
2024-06-17 20:30:00,SM GF,2.11
2024-06-17 20:30:00,SM KV OPF,0.0
2024-06-17 20:30:00,SM NPI,1.552785005
2024-06-17 20:30:00,SM TLO,3.82
2024-06-17 21:00:00,IB GF,0.0
2024-06-17 21:00:00,IB NPI,2.5
2024-06-17 21:00:00,IB OPF,92.87
2024-06-17 21:00:00,SM FT OPF,0.0
2024-06-17 21:00:00,SM GF,2.11
2024-06-17 21:00:00,SM KV OPF,0.0
2024-06-17 21:00:00,SM NPI,1.413456281
2024-06-17 21:00:00,SM TLO,3.82
2024-06-17 21:30:00,IB GF,0.0
2024-06-17 21:30:00,IB NPI,2.5
2024-06-17 21:30:00,IB OPF,92.87
2024-06-17 21:30:00,SM FT OPF,0.0
2024-06-17 21:30:00,SM GF,2.11
2024-06-17 21:30:00,SM KV OPF,0.0
2024-06-17 21:30:00,SM NPI,1.333098413
2024-06-17 21:30:00,SM TLO,3.82
2024-06-17 22:00:00,IB GF,0.0
2024-06-17 22:00:00,IB NPI,2.5
2024-06-17 22:00:00,IB OPF,92.87
2024-06-17 22:00:00,SM FT OPF,0.0
2024-06-17 22:00:00,SM GF,2.11
2024-06-17 22:00:00,SM KV OPF,0.0
2024-06-17 22:00:00,SM NPI,1.264033646
2024-06-17 22:00:00,SM TLO,3.82
2024-06-17 22:30:00,IB GF,0.0
2024-06-17 22:30:00,IB NPI,2.5
2024-06-17 22:30:00,IB OPF,92.87
2024-06-17 22:30:00,SM FT OPF,0.0
2024-06-17 22:30:00,SM GF,2.11
2024-06-17 22:30:00,SM KV OPF,0.0
2024-06-17 22:30:00,SM NPI,1.202259188
2024-06-17 22:30:00,SM TLO,3.82
2024-06-17 23:00:00,IB GF,0.0
2024-06-17 23:00:00,IB NPI,2.5
2024-06-17 23:00:00,IB OPF,92.87
2024-06-17 23:00:00,SM FT OPF,0.0
2024-06-17 23:00:00,SM GF,2.11
2024-06-17 23:00:00,SM KV OPF,0.0
2024-06-17 23:00:00,SM NPI,1.15338945
2024-06-17 23:00:00,SM TLO,3.82
2024-06-17 23:30:00,IB GF,0.0
2024-06-17 23:30:00,IB NPI,2.5
2024-06-17 23:30:00,IB OPF,92.87
2024-06-17 23:30:00,SM FT OPF,0.0
2024-06-17 23:30:00,SM GF,2.11
2024-06-17 23:30:00,SM KV OPF,0.0
2024-06-17 23:30:00,SM NPI,1.118636163
2024-06-17 23:30:00,SM TLO,3.82
2024-06-18 00:00:00,IB GF,0.0
2024-06-18 00:00:00,IB NPI,2.5
2024-06-18 00:00:00,IB OPF,92.87
2024-06-18 00:00:00,SM FT OPF,0.0
2024-06-18 00:00:00,SM GF,2.11
2024-06-18 00:00:00,SM KV OPF,0.0
2024-06-18 00:00:00,SM NPI,1.081196761
2024-06-18 00:00:00,SM TLO,3.82
2024-06-18 00:30:00,IB GF,0.0
2024-06-18 00:30:00,IB NPI,2.5
2024-06-18 00:30:00,IB OPF,92.87
2024-06-18 00:30:00,SM FT OPF,0.0
2024-06-18 00:30:00,SM GF,2.11
2024-06-18 00:30:00,SM KV OPF,0.0
2024-06-18 00:30:00,SM NPI,1.057178908
2024-06-18 00:30:00,SM TLO,3.82
2024-06-18 01:00:00,IB GF,0.0
2024-06-18 01:00:00,IB NPI,2.5
2024-06-18 01:00:00,IB OPF,92.87
2024-06-18 01:00:00,SM FT OPF,0.0
2024-06-18 01:00:00,SM GF,2.11
2024-06-18 01:00:00,SM KV OPF,0.0
2024-06-18 01:00:00,SM NPI,1.043380569
2024-06-18 01:00:00,SM TLO,3.82
2024-06-18 01:30:00,IB GF,0.0
2024-06-18 01:30:00,IB NPI,2.5
2024-06-18 01:30:00,IB OPF,92.87
2024-06-18 01:30:00,SM FT OPF,0.0
2024-06-18 01:30:00,SM GF,2.11
2024-06-18 01:30:00,SM KV OPF,0.0
2024-06-18 01:30:00,SM NPI,1.029923273
2024-06-18 01:30:00,SM TLO,3.82
2024-06-18 02:00:00,IB GF,0.0
2024-06-18 02:00:00,IB NPI,2.5
2024-06-18 02:00:00,IB OPF,92.87
2024-06-18 02:00:00,SM FT OPF,0.0
2024-06-18 02:00:00,SM GF,2.11
2024-06-18 02:00:00,SM KV OPF,0.0
2024-06-18 02:00:00,SM NPI,1.024203202
2024-06-18 02:00:00,SM TLO,3.82
2024-06-18 02:30:00,IB GF,0.0
2024-06-18 02:30:00,IB NPI,2.5
2024-06-18 02:30:00,IB OPF,92.87
2024-06-18 02:30:00,SM FT OPF,0.0
2024-06-18 02:30:00,SM GF,2.11
2024-06-18 02:30:00,SM KV OPF,0.0
2024-06-18 02:30:00,SM NPI,1.025893998
2024-06-18 02:30:00,SM TLO,3.82
2024-06-18 03:00:00,IB GF,0.0
2024-06-18 03:00:00,IB NPI,2.5
2024-06-18 03:00:00,IB OPF,92.87
2024-06-18 03:00:00,SM FT OPF,0.0
2024-06-18 03:00:00,SM GF,2.11
2024-06-18 03:00:00,SM KV OPF,0.0
2024-06-18 03:00:00,SM NPI,1.035349342
2024-06-18 03:00:00,SM TLO,3.82
2024-06-18 03:30:00,IB GF,0.0
2024-06-18 03:30:00,IB NPI,2.5
2024-06-18 03:30:00,IB OPF,92.87
2024-06-18 03:30:00,SM FT OPF,0.0
2024-06-18 03:30:00,SM GF,2.11
2024-06-18 03:30:00,SM KV OPF,0.0
2024-06-18 03:30:00,SM NPI,1.102319473
2024-06-18 03:30:00,SM TLO,3.82
2024-06-18 04:00:00,IB GF,0.0
2024-06-18 04:00:00,IB NPI,2.5
2024-06-18 04:00:00,IB OPF,92.87
2024-06-18 04:00:00,SM FT OPF,0.0
2024-06-18 04:00:00,SM GF,2.11
2024-06-18 04:00:00,SM KV OPF,0.0
2024-06-18 04:00:00,SM NPI,1.21579427
2024-06-18 04:00:00,SM TLO,3.82
2024-06-18 04:30:00,IB GF,0.0
2024-06-18 04:30:00,IB NPI,2.5
2024-06-18 04:30:00,IB OPF,92.87
2024-06-18 04:30:00,SM FT OPF,0.0
2024-06-18 04:30:00,SM GF,2.11
2024-06-18 04:30:00,SM KV OPF,0.0
2024-06-18 04:30:00,SM NPI,1.263129516
2024-06-18 04:30:00,SM TLO,3.82
2024-06-18 05:00:00,IB GF,0.0
2024-06-18 05:00:00,IB NPI,2.5
2024-06-18 05:00:00,IB OPF,92.87
2024-06-18 05:00:00,SM FT OPF,0.0
2024-06-18 05:00:00,SM GF,2.11
2024-06-18 05:00:00,SM KV OPF,0.0
2024-06-18 05:00:00,SM NPI,1.231947544
2024-06-18 05:00:00,SM TLO,3.82
2024-06-18 05:30:00,IB GF,0.0
2024-06-18 05:30:00,IB NPI,2.5
2024-06-18 05:30:00,IB OPF,92.87
2024-06-18 05:30:00,SM FT OPF,0.0
2024-06-18 05:30:00,SM GF,2.11
2024-06-18 05:30:00,SM KV OPF,0.0
2024-06-18 05:30:00,SM NPI,1.211211671
2024-06-18 05:30:00,SM TLO,3.82
2024-06-18 06:00:00,IB GF,0.0
2024-06-18 06:00:00,IB NPI,2.5
2024-06-18 06:00:00,IB OPF,92.87
2024-06-18 06:00:00,SM FT OPF,0.0
2024-06-18 06:00:00,SM GF,2.11
2024-06-18 06:00:00,SM KV OPF,0.0
2024-06-18 06:00:00,SM NPI,1.242943638
2024-06-18 06:00:00,SM TLO,3.67
2024-06-18 06:30:00,IB GF,0.0
2024-06-18 06:30:00,IB NPI,2.5
2024-06-18 06:30:00,IB OPF,92.87
2024-06-18 06:30:00,SM FT OPF,0.0
2024-06-18 06:30:00,SM GF,2.11
2024-06-18 06:30:00,SM KV OPF,0.0
2024-06-18 06:30:00,SM NPI,1.265073289
2024-06-18 06:30:00,SM TLO,3.67
2024-06-18 07:00:00,IB GF,0.0
2024-06-18 07:00:00,IB NPI,2.5
2024-06-18 07:00:00,IB OPF,92.87
2024-06-18 07:00:00,SM FT OPF,0.0
2024-06-18 07:00:00,SM GF,2.11
2024-06-18 07:00:00,SM KV OPF,0.0
2024-06-18 07:00:00,SM NPI,1.285042668
2024-06-18 07:00:00,SM TLO,3.67
2024-06-18 07:30:00,IB GF,0.0
2024-06-18 07:30:00,IB NPI,2.5
2024-06-18 07:30:00,IB OPF,92.87
2024-06-18 07:30:00,SM FT OPF,0.0
2024-06-18 07:30:00,SM GF,2.11
2024-06-18 07:30:00,SM KV OPF,0.0
2024-06-18 07:30:00,SM NPI,1.28470603
2024-06-18 07:30:00,SM TLO,3.67
2024-06-18 08:00:00,IB GF,0.0
2024-06-18 08:00:00,IB NPI,2.5
2024-06-18 08:00:00,IB OPF,92.87
2024-06-18 08:00:00,SM FT OPF,0.0
2024-06-18 08:00:00,SM GF,2.11
2024-06-18 08:00:00,SM KV OPF,0.0
2024-06-18 08:00:00,SM NPI,1.274504863
2024-06-18 08:00:00,SM TLO,3.67
2024-06-18 08:30:00,IB GF,0.0
2024-06-18 08:30:00,IB NPI,2.5
2024-06-18 08:30:00,IB OPF,92.87
2024-06-18 08:30:00,SM FT OPF,0.0
2024-06-18 08:30:00,SM GF,2.11
2024-06-18 08:30:00,SM KV OPF,0.0
2024-06-18 08:30:00,SM NPI,1.261910989
2024-06-18 08:30:00,SM TLO,3.67
2024-06-18 09:00:00,IB GF,0.0
2024-06-18 09:00:00,IB NPI,2.5
2024-06-18 09:00:00,IB OPF,92.87
2024-06-18 09:00:00,SM FT OPF,0.0
2024-06-18 09:00:00,SM GF,2.11
2024-06-18 09:00:00,SM KV OPF,0.0
2024-06-18 09:00:00,SM NPI,1.257026768
2024-06-18 09:00:00,SM TLO,3.67
2024-06-18 09:30:00,IB GF,0.0
2024-06-18 09:30:00,IB NPI,2.5
2024-06-18 09:30:00,IB OPF,92.87
2024-06-18 09:30:00,SM FT OPF,0.0
2024-06-18 09:30:00,SM GF,2.11
2024-06-18 09:30:00,SM KV OPF,0.0
2024-06-18 09:30:00,SM NPI,1.300240518
2024-06-18 09:30:00,SM TLO,3.67
2024-06-18 10:00:00,IB GF,0.0
2024-06-18 10:00:00,IB NPI,2.5
2024-06-18 10:00:00,IB OPF,92.87
2024-06-18 10:00:00,SM FT OPF,0.0
2024-06-18 10:00:00,SM GF,2.11
2024-06-18 10:00:00,SM KV OPF,0.0
2024-06-18 10:00:00,SM NPI,1.363172867
2024-06-18 10:00:00,SM TLO,3.67
2024-06-18 10:30:00,IB GF,0.0
2024-06-18 10:30:00,IB NPI,2.5
2024-06-18 10:30:00,IB OPF,92.87
2024-06-18 10:30:00,SM FT OPF,0.0
2024-06-18 10:30:00,SM GF,2.11
2024-06-18 10:30:00,SM KV OPF,0.0
2024-06-18 10:30:00,SM NPI,1.414501768
2024-06-18 10:30:00,SM TLO,3.67
2024-06-18 11:00:00,IB GF,0.0
2024-06-18 11:00:00,IB NPI,2.5
2024-06-18 11:00:00,IB OPF,92.87
2024-06-18 11:00:00,SM FT OPF,0.0
2024-06-18 11:00:00,SM GF,2.11
2024-06-18 11:00:00,SM KV OPF,0.0
2024-06-18 11:00:00,SM NPI,1.458873686
2024-06-18 11:00:00,SM TLO,3.67
2024-06-18 11:30:00,IB GF,0.0
2024-06-18 11:30:00,IB NPI,2.5
2024-06-18 11:30:00,IB OPF,92.87
2024-06-18 11:30:00,SM FT OPF,0.0
2024-06-18 11:30:00,SM GF,2.11
2024-06-18 11:30:00,SM KV OPF,0.0
2024-06-18 11:30:00,SM NPI,1.497070171
2024-06-18 11:30:00,SM TLO,3.67
2024-06-18 12:00:00,IB GF,0.0
2024-06-18 12:00:00,IB NPI,2.5
2024-06-18 12:00:00,IB OPF,92.87
2024-06-18 12:00:00,SM FT OPF,0.0
2024-06-18 12:00:00,SM GF,2.11
2024-06-18 12:00:00,SM KV OPF,0.0
2024-06-18 12:00:00,SM NPI,1.528031623
2024-06-18 12:00:00,SM TLO,3.67
2024-06-18 12:30:00,IB GF,0.0
2024-06-18 12:30:00,IB NPI,2.5
2024-06-18 12:30:00,IB OPF,92.87
2024-06-18 12:30:00,SM FT OPF,0.0
2024-06-18 12:30:00,SM GF,2.11
2024-06-18 12:30:00,SM KV OPF,0.0
2024-06-18 12:30:00,SM NPI,1.554740672
2024-06-18 12:30:00,SM TLO,3.67
2024-06-18 13:00:00,IB GF,0.0
2024-06-18 13:00:00,IB NPI,2.5
2024-06-18 13:00:00,IB OPF,92.87
2024-06-18 13:00:00,SM FT OPF,0.0
2024-06-18 13:00:00,SM GF,2.11
2024-06-18 13:00:00,SM KV OPF,0.0
2024-06-18 13:00:00,SM NPI,1.589726647
2024-06-18 13:00:00,SM TLO,3.67
2024-06-18 13:30:00,IB GF,0.0
2024-06-18 13:30:00,IB NPI,2.5
2024-06-18 13:30:00,IB OPF,92.87
2024-06-18 13:30:00,SM FT OPF,0.0
2024-06-18 13:30:00,SM GF,2.11
2024-06-18 13:30:00,SM KV OPF,0.0
2024-06-18 13:30:00,SM NPI,1.630628026
2024-06-18 13:30:00,SM TLO,3.67
2024-06-18 14:00:00,IB GF,0.0
2024-06-18 14:00:00,IB NPI,2.5
2024-06-18 14:00:00,IB OPF,92.87
2024-06-18 14:00:00,SM FT OPF,0.0
2024-06-18 14:00:00,SM GF,2.11
2024-06-18 14:00:00,SM KV OPF,0.0
2024-06-18 14:00:00,SM NPI,1.687500632
2024-06-18 14:00:00,SM TLO,3.67
2024-06-18 14:30:00,IB GF,0.0
2024-06-18 14:30:00,IB NPI,2.5
2024-06-18 14:30:00,IB OPF,92.87
2024-06-18 14:30:00,SM FT OPF,0.0
2024-06-18 14:30:00,SM GF,2.11
2024-06-18 14:30:00,SM KV OPF,0.0
2024-06-18 14:30:00,SM NPI,1.725197109
2024-06-18 14:30:00,SM TLO,3.67
2024-06-18 15:00:00,IB GF,0.0
2024-06-18 15:00:00,IB NPI,2.5
2024-06-18 15:00:00,IB OPF,92.87
2024-06-18 15:00:00,SM FT OPF,0.0
2024-06-18 15:00:00,SM GF,2.11
2024-06-18 15:00:00,SM KV OPF,0.0
2024-06-18 15:00:00,SM NPI,1.749426915
2024-06-18 15:00:00,SM TLO,3.67
2024-06-18 15:30:00,IB GF,0.0
2024-06-18 15:30:00,IB NPI,2.5
2024-06-18 15:30:00,IB OPF,92.87
2024-06-18 15:30:00,SM FT OPF,0.0
2024-06-18 15:30:00,SM GF,2.11
2024-06-18 15:30:00,SM KV OPF,0.0
2024-06-18 15:30:00,SM NPI,1.79191191
2024-06-18 15:30:00,SM TLO,3.67
2024-06-18 16:00:00,IB GF,0.0
2024-06-18 16:00:00,IB NPI,2.5
2024-06-18 16:00:00,IB OPF,92.87
2024-06-18 16:00:00,SM FT OPF,0.0
2024-06-18 16:00:00,SM GF,2.11
2024-06-18 16:00:00,SM KV OPF,0.0
2024-06-18 16:00:00,SM NPI,1.792219892
2024-06-18 16:00:00,SM TLO,3.67
2024-06-18 16:30:00,IB GF,0.0
2024-06-18 16:30:00,IB NPI,2.5
2024-06-18 16:30:00,IB OPF,92.87
2024-06-18 16:30:00,SM FT OPF,0.0
2024-06-18 16:30:00,SM GF,2.11
2024-06-18 16:30:00,SM KV OPF,0.0
2024-06-18 16:30:00,SM NPI,1.740652928
2024-06-18 16:30:00,SM TLO,3.67
2024-06-18 17:00:00,IB GF,0.0
2024-06-18 17:00:00,IB NPI,2.5
2024-06-18 17:00:00,IB OPF,92.87
2024-06-18 17:00:00,SM FT OPF,0.0
2024-06-18 17:00:00,SM GF,2.11
2024-06-18 17:00:00,SM KV OPF,0.0
2024-06-18 17:00:00,SM NPI,1.701725464
2024-06-18 17:00:00,SM TLO,3.67
2024-06-18 17:30:00,IB GF,0.0
2024-06-18 17:30:00,IB NPI,2.5
2024-06-18 17:30:00,IB OPF,92.87
2024-06-18 17:30:00,SM FT OPF,0.0
2024-06-18 17:30:00,SM GF,2.11
2024-06-18 17:30:00,SM KV OPF,0.0
2024-06-18 17:30:00,SM NPI,1.738907854
2024-06-18 17:30:00,SM TLO,3.67
2024-06-18 18:00:00,IB GF,0.0
2024-06-18 18:00:00,IB NPI,2.5
2024-06-18 18:00:00,IB OPF,92.87
2024-06-18 18:00:00,SM FT OPF,0.0
2024-06-18 18:00:00,SM GF,2.11
2024-06-18 18:00:00,SM KV OPF,0.0
2024-06-18 18:00:00,SM NPI,1.83868107
2024-06-18 18:00:00,SM TLO,3.67
2024-06-18 18:30:00,IB GF,0.0
2024-06-18 18:30:00,IB NPI,2.5
2024-06-18 18:30:00,IB OPF,92.87
2024-06-18 18:30:00,SM FT OPF,0.0
2024-06-18 18:30:00,SM GF,2.11
2024-06-18 18:30:00,SM KV OPF,0.0
2024-06-18 18:30:00,SM NPI,1.907681683
2024-06-18 18:30:00,SM TLO,3.67
2024-06-18 19:00:00,IB GF,0.0
2024-06-18 19:00:00,IB NPI,2.5
2024-06-18 19:00:00,IB OPF,92.87
2024-06-18 19:00:00,SM FT OPF,0.0
2024-06-18 19:00:00,SM GF,2.11
2024-06-18 19:00:00,SM KV OPF,0.0
2024-06-18 19:00:00,SM NPI,1.936253159
2024-06-18 19:00:00,SM TLO,3.67
2024-06-18 19:30:00,IB GF,0.0
2024-06-18 19:30:00,IB NPI,2.5
2024-06-18 19:30:00,IB OPF,92.87
2024-06-18 19:30:00,SM FT OPF,0.0
2024-06-18 19:30:00,SM GF,2.11
2024-06-18 19:30:00,SM KV OPF,0.0
2024-06-18 19:30:00,SM NPI,1.860078241
2024-06-18 19:30:00,SM TLO,3.67
2024-06-18 20:00:00,IB GF,0.0
2024-06-18 20:00:00,IB NPI,2.5
2024-06-18 20:00:00,IB OPF,92.87
2024-06-18 20:00:00,SM FT OPF,0.0
2024-06-18 20:00:00,SM GF,2.11
2024-06-18 20:00:00,SM KV OPF,0.0
2024-06-18 20:00:00,SM NPI,1.706027726
2024-06-18 20:00:00,SM TLO,3.67
2024-06-18 20:30:00,IB GF,0.0
2024-06-18 20:30:00,IB NPI,2.5
2024-06-18 20:30:00,IB OPF,92.87
2024-06-18 20:30:00,SM FT OPF,0.0
2024-06-18 20:30:00,SM GF,2.11
2024-06-18 20:30:00,SM KV OPF,0.0
2024-06-18 20:30:00,SM NPI,1.541849899
2024-06-18 20:30:00,SM TLO,3.67
2024-06-18 21:00:00,IB GF,0.0
2024-06-18 21:00:00,IB NPI,2.5
2024-06-18 21:00:00,IB OPF,92.87
2024-06-18 21:00:00,SM FT OPF,0.0
2024-06-18 21:00:00,SM GF,2.11
2024-06-18 21:00:00,SM KV OPF,0.0
2024-06-18 21:00:00,SM NPI,1.403502363
2024-06-18 21:00:00,SM TLO,3.67
2024-06-18 21:30:00,IB GF,0.0
2024-06-18 21:30:00,IB NPI,2.5
2024-06-18 21:30:00,IB OPF,92.87
2024-06-18 21:30:00,SM FT OPF,0.0
2024-06-18 21:30:00,SM GF,2.11
2024-06-18 21:30:00,SM KV OPF,0.0
2024-06-18 21:30:00,SM NPI,1.323710396
2024-06-18 21:30:00,SM TLO,3.67
2024-06-18 22:00:00,IB GF,0.0
2024-06-18 22:00:00,IB NPI,2.5
2024-06-18 22:00:00,IB OPF,92.87
2024-06-18 22:00:00,SM FT OPF,0.0
2024-06-18 22:00:00,SM GF,2.11
2024-06-18 22:00:00,SM KV OPF,0.0
2024-06-18 22:00:00,SM NPI,1.255132001
2024-06-18 22:00:00,SM TLO,3.67
2024-06-18 22:30:00,IB GF,0.0
2024-06-18 22:30:00,IB NPI,2.5
2024-06-18 22:30:00,IB OPF,92.87
2024-06-18 22:30:00,SM FT OPF,0.0
2024-06-18 22:30:00,SM GF,2.11
2024-06-18 22:30:00,SM KV OPF,0.0
2024-06-18 22:30:00,SM NPI,1.193792574
2024-06-18 22:30:00,SM TLO,3.67
2024-06-18 23:00:00,IB GF,0.0
2024-06-18 23:00:00,IB NPI,2.5
2024-06-18 23:00:00,IB OPF,92.87
2024-06-18 23:00:00,SM FT OPF,0.0
2024-06-18 23:00:00,SM GF,2.11
2024-06-18 23:00:00,SM KV OPF,0.0
2024-06-18 23:00:00,SM NPI,1.14526699
2024-06-18 23:00:00,SM TLO,3.67
2024-06-18 23:30:00,IB GF,0.0
2024-06-18 23:30:00,IB NPI,2.5
2024-06-18 23:30:00,IB OPF,92.87
2024-06-18 23:30:00,SM FT OPF,0.0
2024-06-18 23:30:00,SM GF,2.11
2024-06-18 23:30:00,SM KV OPF,0.0
2024-06-18 23:30:00,SM NPI,1.110758444
2024-06-18 23:30:00,SM TLO,3.67
2024-06-19 00:00:00,IB GF,0.0
2024-06-19 00:00:00,IB NPI,2.5
2024-06-19 00:00:00,IB OPF,92.87
2024-06-19 00:00:00,SM FT OPF,0.0
2024-06-19 00:00:00,SM GF,2.11
2024-06-19 00:00:00,SM KV OPF,0.0
2024-06-19 00:00:00,SM NPI,1.081196761
2024-06-19 00:00:00,SM TLO,3.67
2024-06-19 00:30:00,IB GF,0.0
2024-06-19 00:30:00,IB NPI,2.5
2024-06-19 00:30:00,IB OPF,92.87
2024-06-19 00:30:00,SM FT OPF,0.0
2024-06-19 00:30:00,SM GF,2.11
2024-06-19 00:30:00,SM KV OPF,0.0
2024-06-19 00:30:00,SM NPI,1.057178908
2024-06-19 00:30:00,SM TLO,3.67
2024-06-19 01:00:00,IB GF,0.0
2024-06-19 01:00:00,IB NPI,2.5
2024-06-19 01:00:00,IB OPF,92.87
2024-06-19 01:00:00,SM FT OPF,0.0
2024-06-19 01:00:00,SM GF,2.11
2024-06-19 01:00:00,SM KV OPF,0.0
2024-06-19 01:00:00,SM NPI,1.043380569
2024-06-19 01:00:00,SM TLO,3.67
2024-06-19 01:30:00,IB GF,0.0
2024-06-19 01:30:00,IB NPI,2.5
2024-06-19 01:30:00,IB OPF,92.87
2024-06-19 01:30:00,SM FT OPF,0.0
2024-06-19 01:30:00,SM GF,2.11
2024-06-19 01:30:00,SM KV OPF,0.0
2024-06-19 01:30:00,SM NPI,1.029923273
2024-06-19 01:30:00,SM TLO,3.67
2024-06-19 02:00:00,IB GF,0.0
2024-06-19 02:00:00,IB NPI,2.5
2024-06-19 02:00:00,IB OPF,92.87
2024-06-19 02:00:00,SM FT OPF,0.0
2024-06-19 02:00:00,SM GF,2.11
2024-06-19 02:00:00,SM KV OPF,0.0
2024-06-19 02:00:00,SM NPI,1.024203202
2024-06-19 02:00:00,SM TLO,3.67
2024-06-19 02:30:00,IB GF,0.0
2024-06-19 02:30:00,IB NPI,2.5
2024-06-19 02:30:00,IB OPF,92.87
2024-06-19 02:30:00,SM FT OPF,0.0
2024-06-19 02:30:00,SM GF,2.11
2024-06-19 02:30:00,SM KV OPF,0.0
2024-06-19 02:30:00,SM NPI,1.025893998
2024-06-19 02:30:00,SM TLO,3.67
2024-06-19 03:00:00,IB GF,0.0
2024-06-19 03:00:00,IB NPI,2.5
2024-06-19 03:00:00,IB OPF,92.87
2024-06-19 03:00:00,SM FT OPF,0.0
2024-06-19 03:00:00,SM GF,2.11
2024-06-19 03:00:00,SM KV OPF,0.0
2024-06-19 03:00:00,SM NPI,1.035349342
2024-06-19 03:00:00,SM TLO,3.67
2024-06-19 03:30:00,IB GF,0.0
2024-06-19 03:30:00,IB NPI,2.5
2024-06-19 03:30:00,IB OPF,92.87
2024-06-19 03:30:00,SM FT OPF,0.0
2024-06-19 03:30:00,SM GF,2.11
2024-06-19 03:30:00,SM KV OPF,0.0
2024-06-19 03:30:00,SM NPI,1.102319473
2024-06-19 03:30:00,SM TLO,3.67
2024-06-19 04:00:00,IB GF,0.0
2024-06-19 04:00:00,IB NPI,2.5
2024-06-19 04:00:00,IB OPF,92.87
2024-06-19 04:00:00,SM FT OPF,0.0
2024-06-19 04:00:00,SM GF,2.11
2024-06-19 04:00:00,SM KV OPF,0.0
2024-06-19 04:00:00,SM NPI,1.21579427
2024-06-19 04:00:00,SM TLO,3.67
2024-06-19 04:30:00,IB GF,0.0
2024-06-19 04:30:00,IB NPI,2.5
2024-06-19 04:30:00,IB OPF,92.87
2024-06-19 04:30:00,SM FT OPF,0.0
2024-06-19 04:30:00,SM GF,2.11
2024-06-19 04:30:00,SM KV OPF,0.0
2024-06-19 04:30:00,SM NPI,1.263129516
2024-06-19 04:30:00,SM TLO,3.67
2024-06-19 05:00:00,IB GF,0.0
2024-06-19 05:00:00,IB NPI,2.5
2024-06-19 05:00:00,IB OPF,92.87
2024-06-19 05:00:00,SM FT OPF,0.0
2024-06-19 05:00:00,SM GF,2.11
2024-06-19 05:00:00,SM KV OPF,0.0
2024-06-19 05:00:00,SM NPI,1.231947544
2024-06-19 05:00:00,SM TLO,3.67
2024-06-19 05:30:00,IB GF,0.0
2024-06-19 05:30:00,IB NPI,2.5
2024-06-19 05:30:00,IB OPF,92.87
2024-06-19 05:30:00,SM FT OPF,0.0
2024-06-19 05:30:00,SM GF,2.11
2024-06-19 05:30:00,SM KV OPF,0.0
2024-06-19 05:30:00,SM NPI,1.211211671
2024-06-19 05:30:00,SM TLO,3.67
2024-06-19 06:00:00,IB GF,0.0
2024-06-19 06:00:00,IB NPI,2.5
2024-06-19 06:00:00,IB OPF,92.87
2024-06-19 06:00:00,SM FT OPF,0.0
2024-06-19 06:00:00,SM GF,2.11
2024-06-19 06:00:00,SM KV OPF,0.0
2024-06-19 06:00:00,SM NPI,1.242943638
2024-06-19 06:00:00,SM TLO,3.84
2024-06-19 06:30:00,IB GF,0.0
2024-06-19 06:30:00,IB NPI,2.5
2024-06-19 06:30:00,IB OPF,92.87
2024-06-19 06:30:00,SM FT OPF,0.0
2024-06-19 06:30:00,SM GF,2.11
2024-06-19 06:30:00,SM KV OPF,0.0
2024-06-19 06:30:00,SM NPI,1.265073289
2024-06-19 06:30:00,SM TLO,3.84
2024-06-19 07:00:00,IB GF,0.0
2024-06-19 07:00:00,IB NPI,2.5
2024-06-19 07:00:00,IB OPF,92.87
2024-06-19 07:00:00,SM FT OPF,0.0
2024-06-19 07:00:00,SM GF,2.11
2024-06-19 07:00:00,SM KV OPF,0.0
2024-06-19 07:00:00,SM NPI,1.285042668
2024-06-19 07:00:00,SM TLO,3.84
2024-06-19 07:30:00,IB GF,0.0
2024-06-19 07:30:00,IB NPI,2.5
2024-06-19 07:30:00,IB OPF,92.87
2024-06-19 07:30:00,SM FT OPF,0.0
2024-06-19 07:30:00,SM GF,2.11
2024-06-19 07:30:00,SM KV OPF,0.0
2024-06-19 07:30:00,SM NPI,1.28470603
2024-06-19 07:30:00,SM TLO,3.84
2024-06-19 08:00:00,IB GF,0.0
2024-06-19 08:00:00,IB NPI,2.5
2024-06-19 08:00:00,IB OPF,92.87
2024-06-19 08:00:00,SM FT OPF,0.0
2024-06-19 08:00:00,SM GF,2.11
2024-06-19 08:00:00,SM KV OPF,0.0
2024-06-19 08:00:00,SM NPI,1.274504863
2024-06-19 08:00:00,SM TLO,3.84
2024-06-19 08:30:00,IB GF,0.0
2024-06-19 08:30:00,IB NPI,2.5
2024-06-19 08:30:00,IB OPF,92.87
2024-06-19 08:30:00,SM FT OPF,0.0
2024-06-19 08:30:00,SM GF,2.11
2024-06-19 08:30:00,SM KV OPF,0.0
2024-06-19 08:30:00,SM NPI,1.261910989
2024-06-19 08:30:00,SM TLO,3.84
2024-06-19 09:00:00,IB GF,0.0
2024-06-19 09:00:00,IB NPI,2.5
2024-06-19 09:00:00,IB OPF,92.87
2024-06-19 09:00:00,SM FT OPF,0.0
2024-06-19 09:00:00,SM GF,2.11
2024-06-19 09:00:00,SM KV OPF,0.0
2024-06-19 09:00:00,SM NPI,1.257026768
2024-06-19 09:00:00,SM TLO,3.84
2024-06-19 09:30:00,IB GF,0.0
2024-06-19 09:30:00,IB NPI,2.5
2024-06-19 09:30:00,IB OPF,92.87
2024-06-19 09:30:00,SM FT OPF,0.0
2024-06-19 09:30:00,SM GF,2.11
2024-06-19 09:30:00,SM KV OPF,0.0
2024-06-19 09:30:00,SM NPI,1.300240518
2024-06-19 09:30:00,SM TLO,3.84
2024-06-19 10:00:00,IB GF,0.0
2024-06-19 10:00:00,IB NPI,2.5
2024-06-19 10:00:00,IB OPF,92.87
2024-06-19 10:00:00,SM FT OPF,0.0
2024-06-19 10:00:00,SM GF,2.11
2024-06-19 10:00:00,SM KV OPF,0.0
2024-06-19 10:00:00,SM NPI,1.363172867
2024-06-19 10:00:00,SM TLO,3.84
2024-06-19 10:30:00,IB GF,0.0
2024-06-19 10:30:00,IB NPI,2.5
2024-06-19 10:30:00,IB OPF,92.87
2024-06-19 10:30:00,SM FT OPF,0.0
2024-06-19 10:30:00,SM GF,2.11
2024-06-19 10:30:00,SM KV OPF,0.0
2024-06-19 10:30:00,SM NPI,1.414501768
2024-06-19 10:30:00,SM TLO,3.84
2024-06-19 11:00:00,IB GF,0.0
2024-06-19 11:00:00,IB NPI,2.5
2024-06-19 11:00:00,IB OPF,92.87
2024-06-19 11:00:00,SM FT OPF,0.0
2024-06-19 11:00:00,SM GF,2.11
2024-06-19 11:00:00,SM KV OPF,0.0
2024-06-19 11:00:00,SM NPI,1.458873686
2024-06-19 11:00:00,SM TLO,3.84
2024-06-19 11:30:00,IB GF,0.0
2024-06-19 11:30:00,IB NPI,2.5
2024-06-19 11:30:00,IB OPF,92.87
2024-06-19 11:30:00,SM FT OPF,0.0
2024-06-19 11:30:00,SM GF,2.11
2024-06-19 11:30:00,SM KV OPF,0.0
2024-06-19 11:30:00,SM NPI,1.497070171
2024-06-19 11:30:00,SM TLO,3.84
2024-06-19 12:00:00,IB GF,0.0
2024-06-19 12:00:00,IB NPI,2.5
2024-06-19 12:00:00,IB OPF,92.87
2024-06-19 12:00:00,SM FT OPF,0.0
2024-06-19 12:00:00,SM GF,2.11
2024-06-19 12:00:00,SM KV OPF,0.0
2024-06-19 12:00:00,SM NPI,1.528031623
2024-06-19 12:00:00,SM TLO,3.84
2024-06-19 12:30:00,IB GF,0.0
2024-06-19 12:30:00,IB NPI,2.5
2024-06-19 12:30:00,IB OPF,92.87
2024-06-19 12:30:00,SM FT OPF,0.0
2024-06-19 12:30:00,SM GF,2.11
2024-06-19 12:30:00,SM KV OPF,0.0
2024-06-19 12:30:00,SM NPI,1.554740672
2024-06-19 12:30:00,SM TLO,3.84
2024-06-19 13:00:00,IB GF,0.0
2024-06-19 13:00:00,IB NPI,2.5
2024-06-19 13:00:00,IB OPF,92.87
2024-06-19 13:00:00,SM FT OPF,0.0
2024-06-19 13:00:00,SM GF,2.11
2024-06-19 13:00:00,SM KV OPF,0.0
2024-06-19 13:00:00,SM NPI,1.589726647
2024-06-19 13:00:00,SM TLO,3.84
2024-06-19 13:30:00,IB GF,0.0
2024-06-19 13:30:00,IB NPI,2.5
2024-06-19 13:30:00,IB OPF,92.87
2024-06-19 13:30:00,SM FT OPF,0.0
2024-06-19 13:30:00,SM GF,2.11
2024-06-19 13:30:00,SM KV OPF,0.0
2024-06-19 13:30:00,SM NPI,1.630628026
2024-06-19 13:30:00,SM TLO,3.84
2024-06-19 14:00:00,IB GF,0.0
2024-06-19 14:00:00,IB NPI,2.5
2024-06-19 14:00:00,IB OPF,92.87
2024-06-19 14:00:00,SM FT OPF,0.0
2024-06-19 14:00:00,SM GF,2.11
2024-06-19 14:00:00,SM KV OPF,0.0
2024-06-19 14:00:00,SM NPI,1.687500632
2024-06-19 14:00:00,SM TLO,3.84
2024-06-19 14:30:00,IB GF,0.0
2024-06-19 14:30:00,IB NPI,2.5
2024-06-19 14:30:00,IB OPF,92.87
2024-06-19 14:30:00,SM FT OPF,0.0
2024-06-19 14:30:00,SM GF,2.11
2024-06-19 14:30:00,SM KV OPF,0.0
2024-06-19 14:30:00,SM NPI,1.725197109
2024-06-19 14:30:00,SM TLO,3.84
2024-06-19 15:00:00,IB GF,0.0
2024-06-19 15:00:00,IB NPI,2.5
2024-06-19 15:00:00,IB OPF,92.87
2024-06-19 15:00:00,SM FT OPF,0.0
2024-06-19 15:00:00,SM GF,2.11
2024-06-19 15:00:00,SM KV OPF,0.0
2024-06-19 15:00:00,SM NPI,1.749426915
2024-06-19 15:00:00,SM TLO,3.84
2024-06-19 15:30:00,IB GF,0.0
2024-06-19 15:30:00,IB NPI,2.5
2024-06-19 15:30:00,IB OPF,92.87
2024-06-19 15:30:00,SM FT OPF,0.0
2024-06-19 15:30:00,SM GF,2.11
2024-06-19 15:30:00,SM KV OPF,0.0
2024-06-19 15:30:00,SM NPI,1.79191191
2024-06-19 15:30:00,SM TLO,3.84
2024-06-19 16:00:00,IB GF,0.0
2024-06-19 16:00:00,IB NPI,2.5
2024-06-19 16:00:00,IB OPF,92.87
2024-06-19 16:00:00,SM FT OPF,0.0
2024-06-19 16:00:00,SM GF,2.11
2024-06-19 16:00:00,SM KV OPF,0.0
2024-06-19 16:00:00,SM NPI,1.792219892
2024-06-19 16:00:00,SM TLO,3.84
2024-06-19 16:30:00,IB GF,0.0
2024-06-19 16:30:00,IB NPI,2.5
2024-06-19 16:30:00,IB OPF,92.87
2024-06-19 16:30:00,SM FT OPF,0.0
2024-06-19 16:30:00,SM GF,2.11
2024-06-19 16:30:00,SM KV OPF,0.0
2024-06-19 16:30:00,SM NPI,1.740652928
2024-06-19 16:30:00,SM TLO,3.84
2024-06-19 17:00:00,IB GF,0.0
2024-06-19 17:00:00,IB NPI,2.5
2024-06-19 17:00:00,IB OPF,92.87
2024-06-19 17:00:00,SM FT OPF,0.0
2024-06-19 17:00:00,SM GF,2.11
2024-06-19 17:00:00,SM KV OPF,0.0
2024-06-19 17:00:00,SM NPI,1.701725464
2024-06-19 17:00:00,SM TLO,3.84
2024-06-19 17:30:00,IB GF,0.0
2024-06-19 17:30:00,IB NPI,2.5
2024-06-19 17:30:00,IB OPF,92.87
2024-06-19 17:30:00,SM FT OPF,0.0
2024-06-19 17:30:00,SM GF,2.11
2024-06-19 17:30:00,SM KV OPF,0.0
2024-06-19 17:30:00,SM NPI,1.738907854
2024-06-19 17:30:00,SM TLO,3.84
2024-06-19 18:00:00,IB GF,0.0
2024-06-19 18:00:00,IB NPI,2.5
2024-06-19 18:00:00,IB OPF,92.87
2024-06-19 18:00:00,SM FT OPF,0.0
2024-06-19 18:00:00,SM GF,2.11
2024-06-19 18:00:00,SM KV OPF,0.0
2024-06-19 18:00:00,SM NPI,1.83868107
2024-06-19 18:00:00,SM TLO,3.84
2024-06-19 18:30:00,IB GF,0.0
2024-06-19 18:30:00,IB NPI,2.5
2024-06-19 18:30:00,IB OPF,92.87
2024-06-19 18:30:00,SM FT OPF,0.0
2024-06-19 18:30:00,SM GF,2.11
2024-06-19 18:30:00,SM KV OPF,0.0
2024-06-19 18:30:00,SM NPI,1.907681683
2024-06-19 18:30:00,SM TLO,3.84
2024-06-19 19:00:00,IB GF,0.0
2024-06-19 19:00:00,IB NPI,2.5
2024-06-19 19:00:00,IB OPF,92.87
2024-06-19 19:00:00,SM FT OPF,0.0
2024-06-19 19:00:00,SM GF,2.11
2024-06-19 19:00:00,SM KV OPF,0.0
2024-06-19 19:00:00,SM NPI,1.936253159
2024-06-19 19:00:00,SM TLO,3.84
2024-06-19 19:30:00,IB GF,0.0
2024-06-19 19:30:00,IB NPI,2.5
2024-06-19 19:30:00,IB OPF,92.87
2024-06-19 19:30:00,SM FT OPF,0.0
2024-06-19 19:30:00,SM GF,2.11
2024-06-19 19:30:00,SM KV OPF,0.0
2024-06-19 19:30:00,SM NPI,1.860078241
2024-06-19 19:30:00,SM TLO,3.84
2024-06-19 20:00:00,IB GF,0.0
2024-06-19 20:00:00,IB NPI,2.5
2024-06-19 20:00:00,IB OPF,92.87
2024-06-19 20:00:00,SM FT OPF,0.0
2024-06-19 20:00:00,SM GF,2.11
2024-06-19 20:00:00,SM KV OPF,0.0
2024-06-19 20:00:00,SM NPI,1.706027726
2024-06-19 20:00:00,SM TLO,3.84
2024-06-19 20:30:00,IB GF,0.0
2024-06-19 20:30:00,IB NPI,2.5
2024-06-19 20:30:00,IB OPF,92.87
2024-06-19 20:30:00,SM FT OPF,0.0
2024-06-19 20:30:00,SM GF,2.11
2024-06-19 20:30:00,SM KV OPF,0.0
2024-06-19 20:30:00,SM NPI,1.541849899
2024-06-19 20:30:00,SM TLO,3.84
2024-06-19 21:00:00,IB GF,0.0
2024-06-19 21:00:00,IB NPI,2.5
2024-06-19 21:00:00,IB OPF,92.87
2024-06-19 21:00:00,SM FT OPF,0.0
2024-06-19 21:00:00,SM GF,2.11
2024-06-19 21:00:00,SM KV OPF,0.0
2024-06-19 21:00:00,SM NPI,1.403502363
2024-06-19 21:00:00,SM TLO,3.84
2024-06-19 21:30:00,IB GF,0.0
2024-06-19 21:30:00,IB NPI,2.5
2024-06-19 21:30:00,IB OPF,92.87
2024-06-19 21:30:00,SM FT OPF,0.0
2024-06-19 21:30:00,SM GF,2.11
2024-06-19 21:30:00,SM KV OPF,0.0
2024-06-19 21:30:00,SM NPI,1.323710396
2024-06-19 21:30:00,SM TLO,3.84
2024-06-19 22:00:00,IB GF,0.0
2024-06-19 22:00:00,IB NPI,2.5
2024-06-19 22:00:00,IB OPF,92.87
2024-06-19 22:00:00,SM FT OPF,0.0
2024-06-19 22:00:00,SM GF,2.11
2024-06-19 22:00:00,SM KV OPF,0.0
2024-06-19 22:00:00,SM NPI,1.255132001
2024-06-19 22:00:00,SM TLO,3.84
2024-06-19 22:30:00,IB GF,0.0
2024-06-19 22:30:00,IB NPI,2.5
2024-06-19 22:30:00,IB OPF,92.87
2024-06-19 22:30:00,SM FT OPF,0.0
2024-06-19 22:30:00,SM GF,2.11
2024-06-19 22:30:00,SM KV OPF,0.0
2024-06-19 22:30:00,SM NPI,1.193792574
2024-06-19 22:30:00,SM TLO,3.84
2024-06-19 23:00:00,IB GF,0.0
2024-06-19 23:00:00,IB NPI,2.5
2024-06-19 23:00:00,IB OPF,92.87
2024-06-19 23:00:00,SM FT OPF,0.0
2024-06-19 23:00:00,SM GF,2.11
2024-06-19 23:00:00,SM KV OPF,0.0
2024-06-19 23:00:00,SM NPI,1.14526699
2024-06-19 23:00:00,SM TLO,3.84
2024-06-19 23:30:00,IB GF,0.0
2024-06-19 23:30:00,IB NPI,2.5
2024-06-19 23:30:00,IB OPF,92.87
2024-06-19 23:30:00,SM FT OPF,0.0
2024-06-19 23:30:00,SM GF,2.11
2024-06-19 23:30:00,SM KV OPF,0.0
2024-06-19 23:30:00,SM NPI,1.110758444
2024-06-19 23:30:00,SM TLO,3.84
2024-06-20 00:00:00,IB GF,0.0
2024-06-20 00:00:00,IB NPI,2.5
2024-06-20 00:00:00,IB OPF,92.87
2024-06-20 00:00:00,SM FT OPF,0.0
2024-06-20 00:00:00,SM GF,2.11
2024-06-20 00:00:00,SM KV OPF,0.0
2024-06-20 00:00:00,SM NPI,1.081196761
2024-06-20 00:00:00,SM TLO,3.84
2024-06-20 00:30:00,IB GF,0.0
2024-06-20 00:30:00,IB NPI,2.5
2024-06-20 00:30:00,IB OPF,92.87
2024-06-20 00:30:00,SM FT OPF,0.0
2024-06-20 00:30:00,SM GF,2.11
2024-06-20 00:30:00,SM KV OPF,0.0
2024-06-20 00:30:00,SM NPI,1.057178908
2024-06-20 00:30:00,SM TLO,3.84
2024-06-20 01:00:00,IB GF,0.0
2024-06-20 01:00:00,IB NPI,2.5
2024-06-20 01:00:00,IB OPF,92.87
2024-06-20 01:00:00,SM FT OPF,0.0
2024-06-20 01:00:00,SM GF,2.11
2024-06-20 01:00:00,SM KV OPF,0.0
2024-06-20 01:00:00,SM NPI,1.043380569
2024-06-20 01:00:00,SM TLO,3.84
2024-06-20 01:30:00,IB GF,0.0
2024-06-20 01:30:00,IB NPI,2.5
2024-06-20 01:30:00,IB OPF,92.87
2024-06-20 01:30:00,SM FT OPF,0.0
2024-06-20 01:30:00,SM GF,2.11
2024-06-20 01:30:00,SM KV OPF,0.0
2024-06-20 01:30:00,SM NPI,1.029923273
2024-06-20 01:30:00,SM TLO,3.84
2024-06-20 02:00:00,IB GF,0.0
2024-06-20 02:00:00,IB NPI,2.5
2024-06-20 02:00:00,IB OPF,92.87
2024-06-20 02:00:00,SM FT OPF,0.0
2024-06-20 02:00:00,SM GF,2.11
2024-06-20 02:00:00,SM KV OPF,0.0
2024-06-20 02:00:00,SM NPI,1.024203202
2024-06-20 02:00:00,SM TLO,3.84
2024-06-20 02:30:00,IB GF,0.0
2024-06-20 02:30:00,IB NPI,2.5
2024-06-20 02:30:00,IB OPF,92.87
2024-06-20 02:30:00,SM FT OPF,0.0
2024-06-20 02:30:00,SM GF,2.11
2024-06-20 02:30:00,SM KV OPF,0.0
2024-06-20 02:30:00,SM NPI,1.025893998
2024-06-20 02:30:00,SM TLO,3.84
2024-06-20 03:00:00,IB GF,0.0
2024-06-20 03:00:00,IB NPI,2.5
2024-06-20 03:00:00,IB OPF,92.87
2024-06-20 03:00:00,SM FT OPF,0.0
2024-06-20 03:00:00,SM GF,2.11
2024-06-20 03:00:00,SM KV OPF,0.0
2024-06-20 03:00:00,SM NPI,1.035349342
2024-06-20 03:00:00,SM TLO,3.84
2024-06-20 03:30:00,IB GF,0.0
2024-06-20 03:30:00,IB NPI,2.5
2024-06-20 03:30:00,IB OPF,92.87
2024-06-20 03:30:00,SM FT OPF,0.0
2024-06-20 03:30:00,SM GF,2.11
2024-06-20 03:30:00,SM KV OPF,0.0
2024-06-20 03:30:00,SM NPI,1.102319473
2024-06-20 03:30:00,SM TLO,3.84
2024-06-20 04:00:00,IB GF,0.0
2024-06-20 04:00:00,IB NPI,2.5
2024-06-20 04:00:00,IB OPF,92.87
2024-06-20 04:00:00,SM FT OPF,0.0
2024-06-20 04:00:00,SM GF,2.11
2024-06-20 04:00:00,SM KV OPF,0.0
2024-06-20 04:00:00,SM NPI,1.21579427
2024-06-20 04:00:00,SM TLO,3.84
2024-06-20 04:30:00,IB GF,0.0
2024-06-20 04:30:00,IB NPI,2.5
2024-06-20 04:30:00,IB OPF,92.87
2024-06-20 04:30:00,SM FT OPF,0.0
2024-06-20 04:30:00,SM GF,2.11
2024-06-20 04:30:00,SM KV OPF,0.0
2024-06-20 04:30:00,SM NPI,1.263129516
2024-06-20 04:30:00,SM TLO,3.84
2024-06-20 05:00:00,IB GF,0.0
2024-06-20 05:00:00,IB NPI,2.5
2024-06-20 05:00:00,IB OPF,92.87
2024-06-20 05:00:00,SM FT OPF,0.0
2024-06-20 05:00:00,SM GF,2.11
2024-06-20 05:00:00,SM KV OPF,0.0
2024-06-20 05:00:00,SM NPI,1.231947544
2024-06-20 05:00:00,SM TLO,3.84
2024-06-20 05:30:00,IB GF,0.0
2024-06-20 05:30:00,IB NPI,2.5
2024-06-20 05:30:00,IB OPF,92.87
2024-06-20 05:30:00,SM FT OPF,0.0
2024-06-20 05:30:00,SM GF,2.11
2024-06-20 05:30:00,SM KV OPF,0.0
2024-06-20 05:30:00,SM NPI,1.211211671
2024-06-20 05:30:00,SM TLO,3.84
2024-06-20 06:00:00,IB GF,0.0
2024-06-20 06:00:00,IB NPI,2.5
2024-06-20 06:00:00,IB OPF,92.87
2024-06-20 06:00:00,SM FT OPF,0.0
2024-06-20 06:00:00,SM GF,2.11
2024-06-20 06:00:00,SM KV OPF,0.0
2024-06-20 06:00:00,SM NPI,1.242943638
2024-06-20 06:00:00,SM TLO,3.67
2024-06-20 06:30:00,IB GF,0.0
2024-06-20 06:30:00,IB NPI,2.5
2024-06-20 06:30:00,IB OPF,92.87
2024-06-20 06:30:00,SM FT OPF,0.0
2024-06-20 06:30:00,SM GF,2.11
2024-06-20 06:30:00,SM KV OPF,0.0
2024-06-20 06:30:00,SM NPI,1.265073289
2024-06-20 06:30:00,SM TLO,3.67
2024-06-20 07:00:00,IB GF,0.0
2024-06-20 07:00:00,IB NPI,2.5
2024-06-20 07:00:00,IB OPF,92.87
2024-06-20 07:00:00,SM FT OPF,0.0
2024-06-20 07:00:00,SM GF,2.11
2024-06-20 07:00:00,SM KV OPF,0.0
2024-06-20 07:00:00,SM NPI,1.285042668
2024-06-20 07:00:00,SM TLO,3.67
2024-06-20 07:30:00,IB GF,0.0
2024-06-20 07:30:00,IB NPI,2.5
2024-06-20 07:30:00,IB OPF,92.87
2024-06-20 07:30:00,SM FT OPF,0.0
2024-06-20 07:30:00,SM GF,2.11
2024-06-20 07:30:00,SM KV OPF,0.0
2024-06-20 07:30:00,SM NPI,1.28470603
2024-06-20 07:30:00,SM TLO,3.67
2024-06-20 08:00:00,IB GF,0.0
2024-06-20 08:00:00,IB NPI,2.5
2024-06-20 08:00:00,IB OPF,92.87
2024-06-20 08:00:00,SM FT OPF,0.0
2024-06-20 08:00:00,SM GF,2.11
2024-06-20 08:00:00,SM KV OPF,0.0
2024-06-20 08:00:00,SM NPI,1.274504863
2024-06-20 08:00:00,SM TLO,3.67
2024-06-20 08:30:00,IB GF,0.0
2024-06-20 08:30:00,IB NPI,2.5
2024-06-20 08:30:00,IB OPF,92.87
2024-06-20 08:30:00,SM FT OPF,0.0
2024-06-20 08:30:00,SM GF,2.11
2024-06-20 08:30:00,SM KV OPF,0.0
2024-06-20 08:30:00,SM NPI,1.261910989
2024-06-20 08:30:00,SM TLO,3.67
2024-06-20 09:00:00,IB GF,0.0
2024-06-20 09:00:00,IB NPI,2.5
2024-06-20 09:00:00,IB OPF,92.87
2024-06-20 09:00:00,SM FT OPF,0.0
2024-06-20 09:00:00,SM GF,2.11
2024-06-20 09:00:00,SM KV OPF,0.0
2024-06-20 09:00:00,SM NPI,1.257026768
2024-06-20 09:00:00,SM TLO,3.67
2024-06-20 09:30:00,IB GF,0.0
2024-06-20 09:30:00,IB NPI,2.5
2024-06-20 09:30:00,IB OPF,92.87
2024-06-20 09:30:00,SM FT OPF,0.0
2024-06-20 09:30:00,SM GF,2.11
2024-06-20 09:30:00,SM KV OPF,0.0
2024-06-20 09:30:00,SM NPI,1.300240518
2024-06-20 09:30:00,SM TLO,3.67
2024-06-20 10:00:00,IB GF,0.0
2024-06-20 10:00:00,IB NPI,2.5
2024-06-20 10:00:00,IB OPF,92.87
2024-06-20 10:00:00,SM FT OPF,0.0
2024-06-20 10:00:00,SM GF,2.11
2024-06-20 10:00:00,SM KV OPF,0.0
2024-06-20 10:00:00,SM NPI,1.363172867
2024-06-20 10:00:00,SM TLO,3.67
2024-06-20 10:30:00,IB GF,0.0
2024-06-20 10:30:00,IB NPI,2.5
2024-06-20 10:30:00,IB OPF,92.87
2024-06-20 10:30:00,SM FT OPF,0.0
2024-06-20 10:30:00,SM GF,2.11
2024-06-20 10:30:00,SM KV OPF,0.0
2024-06-20 10:30:00,SM NPI,1.414501768
2024-06-20 10:30:00,SM TLO,3.67
2024-06-20 11:00:00,IB GF,0.0
2024-06-20 11:00:00,IB NPI,2.5
2024-06-20 11:00:00,IB OPF,92.87
2024-06-20 11:00:00,SM FT OPF,0.0
2024-06-20 11:00:00,SM GF,2.11
2024-06-20 11:00:00,SM KV OPF,0.0
2024-06-20 11:00:00,SM NPI,1.458873686
2024-06-20 11:00:00,SM TLO,3.67
2024-06-20 11:30:00,IB GF,0.0
2024-06-20 11:30:00,IB NPI,2.5
2024-06-20 11:30:00,IB OPF,92.87
2024-06-20 11:30:00,SM FT OPF,0.0
2024-06-20 11:30:00,SM GF,2.11
2024-06-20 11:30:00,SM KV OPF,0.0
2024-06-20 11:30:00,SM NPI,1.497070171
2024-06-20 11:30:00,SM TLO,3.67
2024-06-20 12:00:00,IB GF,0.0
2024-06-20 12:00:00,IB NPI,2.5
2024-06-20 12:00:00,IB OPF,92.87
2024-06-20 12:00:00,SM FT OPF,0.0
2024-06-20 12:00:00,SM GF,2.11
2024-06-20 12:00:00,SM KV OPF,0.0
2024-06-20 12:00:00,SM NPI,1.528031623
2024-06-20 12:00:00,SM TLO,3.67
2024-06-20 12:30:00,IB GF,0.0
2024-06-20 12:30:00,IB NPI,2.5
2024-06-20 12:30:00,IB OPF,92.87
2024-06-20 12:30:00,SM FT OPF,0.0
2024-06-20 12:30:00,SM GF,2.11
2024-06-20 12:30:00,SM KV OPF,0.0
2024-06-20 12:30:00,SM NPI,1.554740672
2024-06-20 12:30:00,SM TLO,3.67
2024-06-20 13:00:00,IB GF,0.0
2024-06-20 13:00:00,IB NPI,2.5
2024-06-20 13:00:00,IB OPF,92.87
2024-06-20 13:00:00,SM FT OPF,0.0
2024-06-20 13:00:00,SM GF,2.11
2024-06-20 13:00:00,SM KV OPF,0.0
2024-06-20 13:00:00,SM NPI,1.589726647
2024-06-20 13:00:00,SM TLO,3.67
2024-06-20 13:30:00,IB GF,0.0
2024-06-20 13:30:00,IB NPI,2.5
2024-06-20 13:30:00,IB OPF,92.87
2024-06-20 13:30:00,SM FT OPF,0.0
2024-06-20 13:30:00,SM GF,2.11
2024-06-20 13:30:00,SM KV OPF,0.0
2024-06-20 13:30:00,SM NPI,1.630628026
2024-06-20 13:30:00,SM TLO,3.67
2024-06-20 14:00:00,IB GF,0.0
2024-06-20 14:00:00,IB NPI,2.5
2024-06-20 14:00:00,IB OPF,92.87
2024-06-20 14:00:00,SM FT OPF,0.0
2024-06-20 14:00:00,SM GF,2.11
2024-06-20 14:00:00,SM KV OPF,0.0
2024-06-20 14:00:00,SM NPI,1.687500632
2024-06-20 14:00:00,SM TLO,3.67
2024-06-20 14:30:00,IB GF,0.0
2024-06-20 14:30:00,IB NPI,2.5
2024-06-20 14:30:00,IB OPF,92.87
2024-06-20 14:30:00,SM FT OPF,0.0
2024-06-20 14:30:00,SM GF,2.11
2024-06-20 14:30:00,SM KV OPF,0.0
2024-06-20 14:30:00,SM NPI,1.725197109
2024-06-20 14:30:00,SM TLO,3.67
2024-06-20 15:00:00,IB GF,0.0
2024-06-20 15:00:00,IB NPI,2.5
2024-06-20 15:00:00,IB OPF,92.87
2024-06-20 15:00:00,SM FT OPF,0.0
2024-06-20 15:00:00,SM GF,2.11
2024-06-20 15:00:00,SM KV OPF,0.0
2024-06-20 15:00:00,SM NPI,1.749426915
2024-06-20 15:00:00,SM TLO,3.67
2024-06-20 15:30:00,IB GF,0.0
2024-06-20 15:30:00,IB NPI,2.5
2024-06-20 15:30:00,IB OPF,92.87
2024-06-20 15:30:00,SM FT OPF,0.0
2024-06-20 15:30:00,SM GF,2.11
2024-06-20 15:30:00,SM KV OPF,0.0
2024-06-20 15:30:00,SM NPI,1.79191191
2024-06-20 15:30:00,SM TLO,3.67
2024-06-20 16:00:00,IB GF,0.0
2024-06-20 16:00:00,IB NPI,2.5
2024-06-20 16:00:00,IB OPF,92.87
2024-06-20 16:00:00,SM FT OPF,0.0
2024-06-20 16:00:00,SM GF,2.11
2024-06-20 16:00:00,SM KV OPF,0.0
2024-06-20 16:00:00,SM NPI,1.792219892
2024-06-20 16:00:00,SM TLO,3.67
2024-06-20 16:30:00,IB GF,0.0
2024-06-20 16:30:00,IB NPI,2.5
2024-06-20 16:30:00,IB OPF,92.87
2024-06-20 16:30:00,SM FT OPF,0.0
2024-06-20 16:30:00,SM GF,2.11
2024-06-20 16:30:00,SM KV OPF,0.0
2024-06-20 16:30:00,SM NPI,1.740652928
2024-06-20 16:30:00,SM TLO,3.67
2024-06-20 17:00:00,IB GF,0.0
2024-06-20 17:00:00,IB NPI,2.5
2024-06-20 17:00:00,IB OPF,92.87
2024-06-20 17:00:00,SM FT OPF,0.0
2024-06-20 17:00:00,SM GF,2.11
2024-06-20 17:00:00,SM KV OPF,0.0
2024-06-20 17:00:00,SM NPI,1.701725464
2024-06-20 17:00:00,SM TLO,3.67
2024-06-20 17:30:00,IB GF,0.0
2024-06-20 17:30:00,IB NPI,2.5
2024-06-20 17:30:00,IB OPF,92.87
2024-06-20 17:30:00,SM FT OPF,0.0
2024-06-20 17:30:00,SM GF,2.11
2024-06-20 17:30:00,SM KV OPF,0.0
2024-06-20 17:30:00,SM NPI,1.738907854
2024-06-20 17:30:00,SM TLO,3.67
2024-06-20 18:00:00,IB GF,0.0
2024-06-20 18:00:00,IB NPI,2.5
2024-06-20 18:00:00,IB OPF,92.87
2024-06-20 18:00:00,SM FT OPF,0.0
2024-06-20 18:00:00,SM GF,2.11
2024-06-20 18:00:00,SM KV OPF,0.0
2024-06-20 18:00:00,SM NPI,1.83868107
2024-06-20 18:00:00,SM TLO,3.67
2024-06-20 18:30:00,IB GF,0.0
2024-06-20 18:30:00,IB NPI,2.5
2024-06-20 18:30:00,IB OPF,92.87
2024-06-20 18:30:00,SM FT OPF,0.0
2024-06-20 18:30:00,SM GF,2.11
2024-06-20 18:30:00,SM KV OPF,0.0
2024-06-20 18:30:00,SM NPI,1.907681683
2024-06-20 18:30:00,SM TLO,3.67
2024-06-20 19:00:00,IB GF,0.0
2024-06-20 19:00:00,IB NPI,2.5
2024-06-20 19:00:00,IB OPF,92.87
2024-06-20 19:00:00,SM FT OPF,0.0
2024-06-20 19:00:00,SM GF,2.11
2024-06-20 19:00:00,SM KV OPF,0.0
2024-06-20 19:00:00,SM NPI,1.936253159
2024-06-20 19:00:00,SM TLO,3.67
2024-06-20 19:30:00,IB GF,0.0
2024-06-20 19:30:00,IB NPI,2.5
2024-06-20 19:30:00,IB OPF,92.87
2024-06-20 19:30:00,SM FT OPF,0.0
2024-06-20 19:30:00,SM GF,2.11
2024-06-20 19:30:00,SM KV OPF,0.0
2024-06-20 19:30:00,SM NPI,1.860078241
2024-06-20 19:30:00,SM TLO,3.67
2024-06-20 20:00:00,IB GF,0.0
2024-06-20 20:00:00,IB NPI,2.5
2024-06-20 20:00:00,IB OPF,92.87
2024-06-20 20:00:00,SM FT OPF,0.0
2024-06-20 20:00:00,SM GF,2.11
2024-06-20 20:00:00,SM KV OPF,0.0
2024-06-20 20:00:00,SM NPI,1.706027726
2024-06-20 20:00:00,SM TLO,3.67
2024-06-20 20:30:00,IB GF,0.0
2024-06-20 20:30:00,IB NPI,2.5
2024-06-20 20:30:00,IB OPF,92.87
2024-06-20 20:30:00,SM FT OPF,0.0
2024-06-20 20:30:00,SM GF,2.11
2024-06-20 20:30:00,SM KV OPF,0.0
2024-06-20 20:30:00,SM NPI,1.541849899
2024-06-20 20:30:00,SM TLO,3.67
2024-06-20 21:00:00,IB GF,0.0
2024-06-20 21:00:00,IB NPI,2.5
2024-06-20 21:00:00,IB OPF,92.87
2024-06-20 21:00:00,SM FT OPF,0.0
2024-06-20 21:00:00,SM GF,2.11
2024-06-20 21:00:00,SM KV OPF,0.0
2024-06-20 21:00:00,SM NPI,1.403502363
2024-06-20 21:00:00,SM TLO,3.67
2024-06-20 21:30:00,IB GF,0.0
2024-06-20 21:30:00,IB NPI,2.5
2024-06-20 21:30:00,IB OPF,92.87
2024-06-20 21:30:00,SM FT OPF,0.0
2024-06-20 21:30:00,SM GF,2.11
2024-06-20 21:30:00,SM KV OPF,0.0
2024-06-20 21:30:00,SM NPI,1.323710396
2024-06-20 21:30:00,SM TLO,3.67
2024-06-20 22:00:00,IB GF,0.0
2024-06-20 22:00:00,IB NPI,2.5
2024-06-20 22:00:00,IB OPF,92.87
2024-06-20 22:00:00,SM FT OPF,0.0
2024-06-20 22:00:00,SM GF,2.11
2024-06-20 22:00:00,SM KV OPF,0.0
2024-06-20 22:00:00,SM NPI,1.255132001
2024-06-20 22:00:00,SM TLO,3.67
2024-06-20 22:30:00,IB GF,0.0
2024-06-20 22:30:00,IB NPI,2.5
2024-06-20 22:30:00,IB OPF,92.87
2024-06-20 22:30:00,SM FT OPF,0.0
2024-06-20 22:30:00,SM GF,2.11
2024-06-20 22:30:00,SM KV OPF,0.0
2024-06-20 22:30:00,SM NPI,1.193792574
2024-06-20 22:30:00,SM TLO,3.67
2024-06-20 23:00:00,IB GF,0.0
2024-06-20 23:00:00,IB NPI,2.5
2024-06-20 23:00:00,IB OPF,92.87
2024-06-20 23:00:00,SM FT OPF,0.0
2024-06-20 23:00:00,SM GF,2.11
2024-06-20 23:00:00,SM KV OPF,0.0
2024-06-20 23:00:00,SM NPI,1.14526699
2024-06-20 23:00:00,SM TLO,3.67
2024-06-20 23:30:00,IB GF,0.0
2024-06-20 23:30:00,IB NPI,2.5
2024-06-20 23:30:00,IB OPF,92.87
2024-06-20 23:30:00,SM FT OPF,0.0
2024-06-20 23:30:00,SM GF,2.11
2024-06-20 23:30:00,SM KV OPF,0.0
2024-06-20 23:30:00,SM NPI,1.110758444
2024-06-20 23:30:00,SM TLO,3.67
2024-06-21 00:00:00,IB GF,0.0
2024-06-21 00:00:00,IB NPI,2.5
2024-06-21 00:00:00,IB OPF,92.87
2024-06-21 00:00:00,SM FT OPF,0.0
2024-06-21 00:00:00,SM GF,2.11
2024-06-21 00:00:00,SM KV OPF,0.0
2024-06-21 00:00:00,SM NPI,1.081196761
2024-06-21 00:00:00,SM TLO,3.67
2024-06-21 00:30:00,IB GF,0.0
2024-06-21 00:30:00,IB NPI,2.5
2024-06-21 00:30:00,IB OPF,92.87
2024-06-21 00:30:00,SM FT OPF,0.0
2024-06-21 00:30:00,SM GF,2.11
2024-06-21 00:30:00,SM KV OPF,0.0
2024-06-21 00:30:00,SM NPI,1.057178908
2024-06-21 00:30:00,SM TLO,3.67
2024-06-21 01:00:00,IB GF,0.0
2024-06-21 01:00:00,IB NPI,2.5
2024-06-21 01:00:00,IB OPF,92.87
2024-06-21 01:00:00,SM FT OPF,0.0
2024-06-21 01:00:00,SM GF,2.11
2024-06-21 01:00:00,SM KV OPF,0.0
2024-06-21 01:00:00,SM NPI,1.043380569
2024-06-21 01:00:00,SM TLO,3.67
2024-06-21 01:30:00,IB GF,0.0
2024-06-21 01:30:00,IB NPI,2.5
2024-06-21 01:30:00,IB OPF,92.87
2024-06-21 01:30:00,SM FT OPF,0.0
2024-06-21 01:30:00,SM GF,2.11
2024-06-21 01:30:00,SM KV OPF,0.0
2024-06-21 01:30:00,SM NPI,1.029923273
2024-06-21 01:30:00,SM TLO,3.67
2024-06-21 02:00:00,IB GF,0.0
2024-06-21 02:00:00,IB NPI,2.5
2024-06-21 02:00:00,IB OPF,92.87
2024-06-21 02:00:00,SM FT OPF,0.0
2024-06-21 02:00:00,SM GF,2.11
2024-06-21 02:00:00,SM KV OPF,0.0
2024-06-21 02:00:00,SM NPI,1.024203202
2024-06-21 02:00:00,SM TLO,3.67
2024-06-21 02:30:00,IB GF,0.0
2024-06-21 02:30:00,IB NPI,2.5
2024-06-21 02:30:00,IB OPF,92.87
2024-06-21 02:30:00,SM FT OPF,0.0
2024-06-21 02:30:00,SM GF,2.11
2024-06-21 02:30:00,SM KV OPF,0.0
2024-06-21 02:30:00,SM NPI,1.025893998
2024-06-21 02:30:00,SM TLO,3.67
2024-06-21 03:00:00,IB GF,0.0
2024-06-21 03:00:00,IB NPI,2.5
2024-06-21 03:00:00,IB OPF,92.87
2024-06-21 03:00:00,SM FT OPF,0.0
2024-06-21 03:00:00,SM GF,2.11
2024-06-21 03:00:00,SM KV OPF,0.0
2024-06-21 03:00:00,SM NPI,1.035349342
2024-06-21 03:00:00,SM TLO,3.67
2024-06-21 03:30:00,IB GF,0.0
2024-06-21 03:30:00,IB NPI,2.5
2024-06-21 03:30:00,IB OPF,92.87
2024-06-21 03:30:00,SM FT OPF,0.0
2024-06-21 03:30:00,SM GF,2.11
2024-06-21 03:30:00,SM KV OPF,0.0
2024-06-21 03:30:00,SM NPI,1.102319473
2024-06-21 03:30:00,SM TLO,3.67
2024-06-21 04:00:00,IB GF,0.0
2024-06-21 04:00:00,IB NPI,2.5
2024-06-21 04:00:00,IB OPF,92.87
2024-06-21 04:00:00,SM FT OPF,0.0
2024-06-21 04:00:00,SM GF,2.11
2024-06-21 04:00:00,SM KV OPF,0.0
2024-06-21 04:00:00,SM NPI,1.21579427
2024-06-21 04:00:00,SM TLO,3.67
2024-06-21 04:30:00,IB GF,0.0
2024-06-21 04:30:00,IB NPI,2.5
2024-06-21 04:30:00,IB OPF,92.87
2024-06-21 04:30:00,SM FT OPF,0.0
2024-06-21 04:30:00,SM GF,2.11
2024-06-21 04:30:00,SM KV OPF,0.0
2024-06-21 04:30:00,SM NPI,1.263129516
2024-06-21 04:30:00,SM TLO,3.67
2024-06-21 05:00:00,IB GF,0.0
2024-06-21 05:00:00,IB NPI,2.5
2024-06-21 05:00:00,IB OPF,92.87
2024-06-21 05:00:00,SM FT OPF,0.0
2024-06-21 05:00:00,SM GF,2.11
2024-06-21 05:00:00,SM KV OPF,0.0
2024-06-21 05:00:00,SM NPI,1.231947544
2024-06-21 05:00:00,SM TLO,3.67
2024-06-21 05:30:00,IB GF,0.0
2024-06-21 05:30:00,IB NPI,2.5
2024-06-21 05:30:00,IB OPF,92.87
2024-06-21 05:30:00,SM FT OPF,0.0
2024-06-21 05:30:00,SM GF,2.11
2024-06-21 05:30:00,SM KV OPF,0.0
2024-06-21 05:30:00,SM NPI,1.211211671
2024-06-21 05:30:00,SM TLO,3.67
2024-06-21 06:00:00,IB GF,0.0
2024-06-21 06:00:00,IB NPI,2.5
2024-06-21 06:00:00,IB OPF,92.87
2024-06-21 06:00:00,SM FT OPF,0.0
2024-06-21 06:00:00,SM GF,2.11
2024-06-21 06:00:00,SM KV OPF,0.0
2024-06-21 06:00:00,SM NPI,1.242943638
2024-06-21 06:00:00,SM TLO,3.83
2024-06-21 06:30:00,IB GF,0.0
2024-06-21 06:30:00,IB NPI,2.5
2024-06-21 06:30:00,IB OPF,92.87
2024-06-21 06:30:00,SM FT OPF,0.0
2024-06-21 06:30:00,SM GF,2.11
2024-06-21 06:30:00,SM KV OPF,0.0
2024-06-21 06:30:00,SM NPI,1.265073289
2024-06-21 06:30:00,SM TLO,3.83
2024-06-21 07:00:00,IB GF,0.0
2024-06-21 07:00:00,IB NPI,2.5
2024-06-21 07:00:00,IB OPF,92.87
2024-06-21 07:00:00,SM FT OPF,0.0
2024-06-21 07:00:00,SM GF,2.11
2024-06-21 07:00:00,SM KV OPF,0.0
2024-06-21 07:00:00,SM NPI,1.285042668
2024-06-21 07:00:00,SM TLO,3.83
2024-06-21 07:30:00,IB GF,0.0
2024-06-21 07:30:00,IB NPI,2.5
2024-06-21 07:30:00,IB OPF,92.87
2024-06-21 07:30:00,SM FT OPF,0.0
2024-06-21 07:30:00,SM GF,2.11
2024-06-21 07:30:00,SM KV OPF,0.0
2024-06-21 07:30:00,SM NPI,1.28470603
2024-06-21 07:30:00,SM TLO,3.83
2024-06-21 08:00:00,IB GF,0.0
2024-06-21 08:00:00,IB NPI,2.5
2024-06-21 08:00:00,IB OPF,92.87
2024-06-21 08:00:00,SM FT OPF,0.0
2024-06-21 08:00:00,SM GF,2.11
2024-06-21 08:00:00,SM KV OPF,0.0
2024-06-21 08:00:00,SM NPI,1.274504863
2024-06-21 08:00:00,SM TLO,3.83
2024-06-21 08:30:00,IB GF,0.0
2024-06-21 08:30:00,IB NPI,2.5
2024-06-21 08:30:00,IB OPF,92.87
2024-06-21 08:30:00,SM FT OPF,0.0
2024-06-21 08:30:00,SM GF,2.11
2024-06-21 08:30:00,SM KV OPF,0.0
2024-06-21 08:30:00,SM NPI,1.261910989
2024-06-21 08:30:00,SM TLO,3.83
2024-06-21 09:00:00,IB GF,0.0
2024-06-21 09:00:00,IB NPI,2.5
2024-06-21 09:00:00,IB OPF,92.87
2024-06-21 09:00:00,SM FT OPF,0.0
2024-06-21 09:00:00,SM GF,2.11
2024-06-21 09:00:00,SM KV OPF,0.0
2024-06-21 09:00:00,SM NPI,1.257026768
2024-06-21 09:00:00,SM TLO,3.83
2024-06-21 09:30:00,IB GF,0.0
2024-06-21 09:30:00,IB NPI,2.5
2024-06-21 09:30:00,IB OPF,92.87
2024-06-21 09:30:00,SM FT OPF,0.0
2024-06-21 09:30:00,SM GF,2.11
2024-06-21 09:30:00,SM KV OPF,0.0
2024-06-21 09:30:00,SM NPI,1.300240518
2024-06-21 09:30:00,SM TLO,3.83
2024-06-21 10:00:00,IB GF,0.0
2024-06-21 10:00:00,IB NPI,2.5
2024-06-21 10:00:00,IB OPF,92.87
2024-06-21 10:00:00,SM FT OPF,0.0
2024-06-21 10:00:00,SM GF,2.11
2024-06-21 10:00:00,SM KV OPF,0.0
2024-06-21 10:00:00,SM NPI,1.363172867
2024-06-21 10:00:00,SM TLO,3.83
2024-06-21 10:30:00,IB GF,0.0
2024-06-21 10:30:00,IB NPI,2.5
2024-06-21 10:30:00,IB OPF,92.87
2024-06-21 10:30:00,SM FT OPF,0.0
2024-06-21 10:30:00,SM GF,2.11
2024-06-21 10:30:00,SM KV OPF,0.0
2024-06-21 10:30:00,SM NPI,1.414501768
2024-06-21 10:30:00,SM TLO,3.83
2024-06-21 11:00:00,IB GF,0.0
2024-06-21 11:00:00,IB NPI,2.5
2024-06-21 11:00:00,IB OPF,92.87
2024-06-21 11:00:00,SM FT OPF,0.0
2024-06-21 11:00:00,SM GF,2.11
2024-06-21 11:00:00,SM KV OPF,0.0
2024-06-21 11:00:00,SM NPI,1.458873686
2024-06-21 11:00:00,SM TLO,3.83
2024-06-21 11:30:00,IB GF,0.0
2024-06-21 11:30:00,IB NPI,2.5
2024-06-21 11:30:00,IB OPF,92.87
2024-06-21 11:30:00,SM FT OPF,0.0
2024-06-21 11:30:00,SM GF,2.11
2024-06-21 11:30:00,SM KV OPF,0.0
2024-06-21 11:30:00,SM NPI,1.497070171
2024-06-21 11:30:00,SM TLO,3.83
2024-06-21 12:00:00,IB GF,0.0
2024-06-21 12:00:00,IB NPI,2.5
2024-06-21 12:00:00,IB OPF,92.87
2024-06-21 12:00:00,SM FT OPF,0.0
2024-06-21 12:00:00,SM GF,2.11
2024-06-21 12:00:00,SM KV OPF,0.0
2024-06-21 12:00:00,SM NPI,1.528031623
2024-06-21 12:00:00,SM TLO,3.83
2024-06-21 12:30:00,IB GF,0.0
2024-06-21 12:30:00,IB NPI,2.5
2024-06-21 12:30:00,IB OPF,92.87
2024-06-21 12:30:00,SM FT OPF,0.0
2024-06-21 12:30:00,SM GF,2.11
2024-06-21 12:30:00,SM KV OPF,0.0
2024-06-21 12:30:00,SM NPI,1.554740672
2024-06-21 12:30:00,SM TLO,3.83
2024-06-21 13:00:00,IB GF,0.0
2024-06-21 13:00:00,IB NPI,2.5
2024-06-21 13:00:00,IB OPF,92.87
2024-06-21 13:00:00,SM FT OPF,0.0
2024-06-21 13:00:00,SM GF,2.11
2024-06-21 13:00:00,SM KV OPF,0.0
2024-06-21 13:00:00,SM NPI,1.589726647
2024-06-21 13:00:00,SM TLO,3.83
2024-06-21 13:30:00,IB GF,0.0
2024-06-21 13:30:00,IB NPI,2.5
2024-06-21 13:30:00,IB OPF,92.87
2024-06-21 13:30:00,SM FT OPF,0.0
2024-06-21 13:30:00,SM GF,2.11
2024-06-21 13:30:00,SM KV OPF,0.0
2024-06-21 13:30:00,SM NPI,1.630628026
2024-06-21 13:30:00,SM TLO,3.83
2024-06-21 14:00:00,IB GF,0.0
2024-06-21 14:00:00,IB NPI,2.5
2024-06-21 14:00:00,IB OPF,92.87
2024-06-21 14:00:00,SM FT OPF,0.0
2024-06-21 14:00:00,SM GF,2.11
2024-06-21 14:00:00,SM KV OPF,0.0
2024-06-21 14:00:00,SM NPI,1.687500632
2024-06-21 14:00:00,SM TLO,3.83
2024-06-21 14:30:00,IB GF,0.0
2024-06-21 14:30:00,IB NPI,2.5
2024-06-21 14:30:00,IB OPF,92.87
2024-06-21 14:30:00,SM FT OPF,0.0
2024-06-21 14:30:00,SM GF,2.11
2024-06-21 14:30:00,SM KV OPF,0.0
2024-06-21 14:30:00,SM NPI,1.725197109
2024-06-21 14:30:00,SM TLO,3.83
2024-06-21 15:00:00,IB GF,0.0
2024-06-21 15:00:00,IB NPI,2.5
2024-06-21 15:00:00,IB OPF,92.87
2024-06-21 15:00:00,SM FT OPF,0.0
2024-06-21 15:00:00,SM GF,2.11
2024-06-21 15:00:00,SM KV OPF,0.0
2024-06-21 15:00:00,SM NPI,1.749426915
2024-06-21 15:00:00,SM TLO,3.83
2024-06-21 15:30:00,IB GF,0.0
2024-06-21 15:30:00,IB NPI,2.5
2024-06-21 15:30:00,IB OPF,92.87
2024-06-21 15:30:00,SM FT OPF,0.0
2024-06-21 15:30:00,SM GF,2.11
2024-06-21 15:30:00,SM KV OPF,0.0
2024-06-21 15:30:00,SM NPI,1.79191191
2024-06-21 15:30:00,SM TLO,3.83
2024-06-21 16:00:00,IB GF,0.0
2024-06-21 16:00:00,IB NPI,2.5
2024-06-21 16:00:00,IB OPF,92.87
2024-06-21 16:00:00,SM FT OPF,0.0
2024-06-21 16:00:00,SM GF,2.11
2024-06-21 16:00:00,SM KV OPF,0.0
2024-06-21 16:00:00,SM NPI,1.792219892
2024-06-21 16:00:00,SM TLO,3.83
2024-06-21 16:30:00,IB GF,0.0
2024-06-21 16:30:00,IB NPI,2.5
2024-06-21 16:30:00,IB OPF,92.87
2024-06-21 16:30:00,SM FT OPF,0.0
2024-06-21 16:30:00,SM GF,2.11
2024-06-21 16:30:00,SM KV OPF,0.0
2024-06-21 16:30:00,SM NPI,1.740652928
2024-06-21 16:30:00,SM TLO,3.83
2024-06-21 17:00:00,IB GF,0.0
2024-06-21 17:00:00,IB NPI,2.5
2024-06-21 17:00:00,IB OPF,92.87
2024-06-21 17:00:00,SM FT OPF,0.0
2024-06-21 17:00:00,SM GF,2.11
2024-06-21 17:00:00,SM KV OPF,0.0
2024-06-21 17:00:00,SM NPI,1.701725464
2024-06-21 17:00:00,SM TLO,3.83
2024-06-21 17:30:00,IB GF,0.0
2024-06-21 17:30:00,IB NPI,2.5
2024-06-21 17:30:00,IB OPF,92.87
2024-06-21 17:30:00,SM FT OPF,0.0
2024-06-21 17:30:00,SM GF,2.11
2024-06-21 17:30:00,SM KV OPF,0.0
2024-06-21 17:30:00,SM NPI,1.738907854
2024-06-21 17:30:00,SM TLO,3.83
2024-06-21 18:00:00,IB GF,0.0
2024-06-21 18:00:00,IB NPI,2.5
2024-06-21 18:00:00,IB OPF,92.87
2024-06-21 18:00:00,SM FT OPF,0.0
2024-06-21 18:00:00,SM GF,2.11
2024-06-21 18:00:00,SM KV OPF,0.0
2024-06-21 18:00:00,SM NPI,1.83868107
2024-06-21 18:00:00,SM TLO,3.83
2024-06-21 18:30:00,IB GF,0.0
2024-06-21 18:30:00,IB NPI,2.5
2024-06-21 18:30:00,IB OPF,92.87
2024-06-21 18:30:00,SM FT OPF,0.0
2024-06-21 18:30:00,SM GF,2.11
2024-06-21 18:30:00,SM KV OPF,0.0
2024-06-21 18:30:00,SM NPI,1.907681683
2024-06-21 18:30:00,SM TLO,3.83
2024-06-21 19:00:00,IB GF,0.0
2024-06-21 19:00:00,IB NPI,2.5
2024-06-21 19:00:00,IB OPF,92.87
2024-06-21 19:00:00,SM FT OPF,0.0
2024-06-21 19:00:00,SM GF,2.11
2024-06-21 19:00:00,SM KV OPF,0.0
2024-06-21 19:00:00,SM NPI,1.936253159
2024-06-21 19:00:00,SM TLO,3.83
2024-06-21 19:30:00,IB GF,0.0
2024-06-21 19:30:00,IB NPI,2.5
2024-06-21 19:30:00,IB OPF,92.87
2024-06-21 19:30:00,SM FT OPF,0.0
2024-06-21 19:30:00,SM GF,2.11
2024-06-21 19:30:00,SM KV OPF,0.0
2024-06-21 19:30:00,SM NPI,1.860078241
2024-06-21 19:30:00,SM TLO,3.83
2024-06-21 20:00:00,IB GF,0.0
2024-06-21 20:00:00,IB NPI,2.5
2024-06-21 20:00:00,IB OPF,92.87
2024-06-21 20:00:00,SM FT OPF,0.0
2024-06-21 20:00:00,SM GF,2.11
2024-06-21 20:00:00,SM KV OPF,0.0
2024-06-21 20:00:00,SM NPI,1.706027726
2024-06-21 20:00:00,SM TLO,3.83
2024-06-21 20:30:00,IB GF,0.0
2024-06-21 20:30:00,IB NPI,2.5
2024-06-21 20:30:00,IB OPF,92.87
2024-06-21 20:30:00,SM FT OPF,0.0
2024-06-21 20:30:00,SM GF,2.11
2024-06-21 20:30:00,SM KV OPF,0.0
2024-06-21 20:30:00,SM NPI,1.541849899
2024-06-21 20:30:00,SM TLO,3.83
2024-06-21 21:00:00,IB GF,0.0
2024-06-21 21:00:00,IB NPI,2.5
2024-06-21 21:00:00,IB OPF,92.87
2024-06-21 21:00:00,SM FT OPF,0.0
2024-06-21 21:00:00,SM GF,2.11
2024-06-21 21:00:00,SM KV OPF,0.0
2024-06-21 21:00:00,SM NPI,1.403502363
2024-06-21 21:00:00,SM TLO,3.83
2024-06-21 21:30:00,IB GF,0.0
2024-06-21 21:30:00,IB NPI,2.5
2024-06-21 21:30:00,IB OPF,92.87
2024-06-21 21:30:00,SM FT OPF,0.0
2024-06-21 21:30:00,SM GF,2.11
2024-06-21 21:30:00,SM KV OPF,0.0
2024-06-21 21:30:00,SM NPI,1.323710396
2024-06-21 21:30:00,SM TLO,3.83
2024-06-21 22:00:00,IB GF,0.0
2024-06-21 22:00:00,IB NPI,2.5
2024-06-21 22:00:00,IB OPF,92.87
2024-06-21 22:00:00,SM FT OPF,0.0
2024-06-21 22:00:00,SM GF,2.11
2024-06-21 22:00:00,SM KV OPF,0.0
2024-06-21 22:00:00,SM NPI,1.255132001
2024-06-21 22:00:00,SM TLO,3.83
2024-06-21 22:30:00,IB GF,0.0
2024-06-21 22:30:00,IB NPI,2.5
2024-06-21 22:30:00,IB OPF,92.87
2024-06-21 22:30:00,SM FT OPF,0.0
2024-06-21 22:30:00,SM GF,2.11
2024-06-21 22:30:00,SM KV OPF,0.0
2024-06-21 22:30:00,SM NPI,1.193792574
2024-06-21 22:30:00,SM TLO,3.83
2024-06-21 23:00:00,IB GF,0.0
2024-06-21 23:00:00,IB NPI,2.5
2024-06-21 23:00:00,IB OPF,92.87
2024-06-21 23:00:00,SM FT OPF,0.0
2024-06-21 23:00:00,SM GF,2.11
2024-06-21 23:00:00,SM KV OPF,0.0
2024-06-21 23:00:00,SM NPI,1.14526699
2024-06-21 23:00:00,SM TLO,3.83
2024-06-21 23:30:00,IB GF,0.0
2024-06-21 23:30:00,IB NPI,2.5
2024-06-21 23:30:00,IB OPF,92.87
2024-06-21 23:30:00,SM FT OPF,0.0
2024-06-21 23:30:00,SM GF,2.11
2024-06-21 23:30:00,SM KV OPF,0.0
2024-06-21 23:30:00,SM NPI,1.110758444
2024-06-21 23:30:00,SM TLO,3.83
2024-06-22 00:00:00,IB GF,0.0
2024-06-22 00:00:00,IB NPI,2.5
2024-06-22 00:00:00,IB OPF,92.87
2024-06-22 00:00:00,SM FT OPF,0.0
2024-06-22 00:00:00,SM GF,2.11
2024-06-22 00:00:00,SM KV OPF,0.0
2024-06-22 00:00:00,SM NPI,1.073528699
2024-06-22 00:00:00,SM TLO,3.83
2024-06-22 00:30:00,IB GF,0.0
2024-06-22 00:30:00,IB NPI,2.5
2024-06-22 00:30:00,IB OPF,92.87
2024-06-22 00:30:00,SM FT OPF,0.0
2024-06-22 00:30:00,SM GF,2.11
2024-06-22 00:30:00,SM KV OPF,0.0
2024-06-22 00:30:00,SM NPI,1.049681185
2024-06-22 00:30:00,SM TLO,3.83
2024-06-22 01:00:00,IB GF,0.0
2024-06-22 01:00:00,IB NPI,2.5
2024-06-22 01:00:00,IB OPF,92.87
2024-06-22 01:00:00,SM FT OPF,0.0
2024-06-22 01:00:00,SM GF,2.11
2024-06-22 01:00:00,SM KV OPF,0.0
2024-06-22 01:00:00,SM NPI,1.035980707
2024-06-22 01:00:00,SM TLO,3.83
2024-06-22 01:30:00,IB GF,0.0
2024-06-22 01:30:00,IB NPI,2.5
2024-06-22 01:30:00,IB OPF,92.87
2024-06-22 01:30:00,SM FT OPF,0.0
2024-06-22 01:30:00,SM GF,2.11
2024-06-22 01:30:00,SM KV OPF,0.0
2024-06-22 01:30:00,SM NPI,1.022618852
2024-06-22 01:30:00,SM TLO,3.83
2024-06-22 02:00:00,IB GF,0.0
2024-06-22 02:00:00,IB NPI,2.5
2024-06-22 02:00:00,IB OPF,92.87
2024-06-22 02:00:00,SM FT OPF,0.0
2024-06-22 02:00:00,SM GF,2.11
2024-06-22 02:00:00,SM KV OPF,0.0
2024-06-22 02:00:00,SM NPI,1.01693935
2024-06-22 02:00:00,SM TLO,3.83
2024-06-22 02:30:00,IB GF,0.0
2024-06-22 02:30:00,IB NPI,2.5
2024-06-22 02:30:00,IB OPF,92.87
2024-06-22 02:30:00,SM FT OPF,0.0
2024-06-22 02:30:00,SM GF,2.11
2024-06-22 02:30:00,SM KV OPF,0.0
2024-06-22 02:30:00,SM NPI,1.018618154
2024-06-22 02:30:00,SM TLO,3.83
2024-06-22 03:00:00,IB GF,0.0
2024-06-22 03:00:00,IB NPI,2.5
2024-06-22 03:00:00,IB OPF,92.87
2024-06-22 03:00:00,SM FT OPF,0.0
2024-06-22 03:00:00,SM GF,2.11
2024-06-22 03:00:00,SM KV OPF,0.0
2024-06-22 03:00:00,SM NPI,1.028006439
2024-06-22 03:00:00,SM TLO,3.83
2024-06-22 03:30:00,IB GF,0.0
2024-06-22 03:30:00,IB NPI,2.5
2024-06-22 03:30:00,IB OPF,92.87
2024-06-22 03:30:00,SM FT OPF,0.0
2024-06-22 03:30:00,SM GF,2.11
2024-06-22 03:30:00,SM KV OPF,0.0
2024-06-22 03:30:00,SM NPI,1.094501604
2024-06-22 03:30:00,SM TLO,3.83
2024-06-22 04:00:00,IB GF,0.0
2024-06-22 04:00:00,IB NPI,2.5
2024-06-22 04:00:00,IB OPF,92.87
2024-06-22 04:00:00,SM FT OPF,0.0
2024-06-22 04:00:00,SM GF,2.11
2024-06-22 04:00:00,SM KV OPF,0.0
2024-06-22 04:00:00,SM NPI,1.207171615
2024-06-22 04:00:00,SM TLO,3.83
2024-06-22 04:30:00,IB GF,0.0
2024-06-22 04:30:00,IB NPI,2.5
2024-06-22 04:30:00,IB OPF,92.87
2024-06-22 04:30:00,SM FT OPF,0.0
2024-06-22 04:30:00,SM GF,2.11
2024-06-22 04:30:00,SM KV OPF,0.0
2024-06-22 04:30:00,SM NPI,1.25417115
2024-06-22 04:30:00,SM TLO,3.83
2024-06-22 05:00:00,IB GF,0.0
2024-06-22 05:00:00,IB NPI,2.5
2024-06-22 05:00:00,IB OPF,92.87
2024-06-22 05:00:00,SM FT OPF,0.0
2024-06-22 05:00:00,SM GF,2.11
2024-06-22 05:00:00,SM KV OPF,0.0
2024-06-22 05:00:00,SM NPI,1.223210328
2024-06-22 05:00:00,SM TLO,3.83
2024-06-22 05:30:00,IB GF,0.0
2024-06-22 05:30:00,IB NPI,2.5
2024-06-22 05:30:00,IB OPF,92.87
2024-06-22 05:30:00,SM FT OPF,0.0
2024-06-22 05:30:00,SM GF,2.11
2024-06-22 05:30:00,SM KV OPF,0.0
2024-06-22 05:30:00,SM NPI,1.202621517
2024-06-22 05:30:00,SM TLO,3.83
2024-06-22 06:00:00,IB GF,0.0
2024-06-22 06:00:00,IB NPI,2.5
2024-06-22 06:00:00,IB OPF,92.87
2024-06-22 06:00:00,SM FT OPF,0.0
2024-06-22 06:00:00,SM GF,2.11
2024-06-22 06:00:00,SM KV OPF,0.0
2024-06-22 06:00:00,SM NPI,1.234128435
2024-06-22 06:00:00,SM TLO,3.67
2024-06-22 06:30:00,IB GF,0.0
2024-06-22 06:30:00,IB NPI,2.5
2024-06-22 06:30:00,IB OPF,92.87
2024-06-22 06:30:00,SM FT OPF,0.0
2024-06-22 06:30:00,SM GF,2.11
2024-06-22 06:30:00,SM KV OPF,0.0
2024-06-22 06:30:00,SM NPI,1.256101138
2024-06-22 06:30:00,SM TLO,3.67
2024-06-22 07:00:00,IB GF,0.0
2024-06-22 07:00:00,IB NPI,2.5
2024-06-22 07:00:00,IB OPF,92.87
2024-06-22 07:00:00,SM FT OPF,0.0
2024-06-22 07:00:00,SM GF,2.11
2024-06-22 07:00:00,SM KV OPF,0.0
2024-06-22 07:00:00,SM NPI,1.27592889
2024-06-22 07:00:00,SM TLO,3.67
2024-06-22 07:30:00,IB GF,0.0
2024-06-22 07:30:00,IB NPI,2.5
2024-06-22 07:30:00,IB OPF,92.87
2024-06-22 07:30:00,SM FT OPF,0.0
2024-06-22 07:30:00,SM GF,2.11
2024-06-22 07:30:00,SM KV OPF,0.0
2024-06-22 07:30:00,SM NPI,1.27559464
2024-06-22 07:30:00,SM TLO,3.67
2024-06-22 08:00:00,IB GF,0.0
2024-06-22 08:00:00,IB NPI,2.5
2024-06-22 08:00:00,IB OPF,92.87
2024-06-22 08:00:00,SM FT OPF,0.0
2024-06-22 08:00:00,SM GF,2.11
2024-06-22 08:00:00,SM KV OPF,0.0
2024-06-22 08:00:00,SM NPI,1.265465821
2024-06-22 08:00:00,SM TLO,3.67
2024-06-22 08:30:00,IB GF,0.0
2024-06-22 08:30:00,IB NPI,2.5
2024-06-22 08:30:00,IB OPF,92.87
2024-06-22 08:30:00,SM FT OPF,0.0
2024-06-22 08:30:00,SM GF,2.11
2024-06-22 08:30:00,SM KV OPF,0.0
2024-06-22 08:30:00,SM NPI,1.252961266
2024-06-22 08:30:00,SM TLO,3.67
2024-06-22 09:00:00,IB GF,0.0
2024-06-22 09:00:00,IB NPI,2.5
2024-06-22 09:00:00,IB OPF,92.87
2024-06-22 09:00:00,SM FT OPF,0.0
2024-06-22 09:00:00,SM GF,2.11
2024-06-22 09:00:00,SM KV OPF,0.0
2024-06-22 09:00:00,SM NPI,1.248111685
2024-06-22 09:00:00,SM TLO,3.67
2024-06-22 09:30:00,IB GF,0.0
2024-06-22 09:30:00,IB NPI,2.5
2024-06-22 09:30:00,IB OPF,92.87
2024-06-22 09:30:00,SM FT OPF,0.0
2024-06-22 09:30:00,SM GF,2.11
2024-06-22 09:30:00,SM KV OPF,0.0
2024-06-22 09:30:00,SM NPI,1.291018954
2024-06-22 09:30:00,SM TLO,3.67
2024-06-22 10:00:00,IB GF,0.0
2024-06-22 10:00:00,IB NPI,2.5
2024-06-22 10:00:00,IB OPF,92.87
2024-06-22 10:00:00,SM FT OPF,0.0
2024-06-22 10:00:00,SM GF,2.11
2024-06-22 10:00:00,SM KV OPF,0.0
2024-06-22 10:00:00,SM NPI,1.353504975
2024-06-22 10:00:00,SM TLO,3.67
2024-06-22 10:30:00,IB GF,0.0
2024-06-22 10:30:00,IB NPI,2.5
2024-06-22 10:30:00,IB OPF,92.87
2024-06-22 10:30:00,SM FT OPF,0.0
2024-06-22 10:30:00,SM GF,2.11
2024-06-22 10:30:00,SM KV OPF,0.0
2024-06-22 10:30:00,SM NPI,1.404469841
2024-06-22 10:30:00,SM TLO,3.67
2024-06-22 11:00:00,IB GF,0.0
2024-06-22 11:00:00,IB NPI,2.5
2024-06-22 11:00:00,IB OPF,92.87
2024-06-22 11:00:00,SM FT OPF,0.0
2024-06-22 11:00:00,SM GF,2.11
2024-06-22 11:00:00,SM KV OPF,0.0
2024-06-22 11:00:00,SM NPI,1.448527064
2024-06-22 11:00:00,SM TLO,3.67
2024-06-22 11:30:00,IB GF,0.0
2024-06-22 11:30:00,IB NPI,2.5
2024-06-22 11:30:00,IB OPF,92.87
2024-06-22 11:30:00,SM FT OPF,0.0
2024-06-22 11:30:00,SM GF,2.11
2024-06-22 11:30:00,SM KV OPF,0.0
2024-06-22 11:30:00,SM NPI,1.486452652
2024-06-22 11:30:00,SM TLO,3.67
2024-06-22 12:00:00,IB GF,0.0
2024-06-22 12:00:00,IB NPI,2.5
2024-06-22 12:00:00,IB OPF,92.87
2024-06-22 12:00:00,SM FT OPF,0.0
2024-06-22 12:00:00,SM GF,2.11
2024-06-22 12:00:00,SM KV OPF,0.0
2024-06-22 12:00:00,SM NPI,1.517194519
2024-06-22 12:00:00,SM TLO,3.67
2024-06-22 12:30:00,IB GF,0.0
2024-06-22 12:30:00,IB NPI,2.5
2024-06-22 12:30:00,IB OPF,92.87
2024-06-22 12:30:00,SM FT OPF,0.0
2024-06-22 12:30:00,SM GF,2.11
2024-06-22 12:30:00,SM KV OPF,0.0
2024-06-22 12:30:00,SM NPI,1.543714143
2024-06-22 12:30:00,SM TLO,3.67
2024-06-22 13:00:00,IB GF,0.0
2024-06-22 13:00:00,IB NPI,2.5
2024-06-22 13:00:00,IB OPF,92.87
2024-06-22 13:00:00,SM FT OPF,0.0
2024-06-22 13:00:00,SM GF,2.11
2024-06-22 13:00:00,SM KV OPF,0.0
2024-06-22 13:00:00,SM NPI,1.57845199
2024-06-22 13:00:00,SM TLO,3.67
2024-06-22 13:30:00,IB GF,0.0
2024-06-22 13:30:00,IB NPI,2.5
2024-06-22 13:30:00,IB OPF,92.87
2024-06-22 13:30:00,SM FT OPF,0.0
2024-06-22 13:30:00,SM GF,2.11
2024-06-22 13:30:00,SM KV OPF,0.0
2024-06-22 13:30:00,SM NPI,1.619063289
2024-06-22 13:30:00,SM TLO,3.67
2024-06-22 14:00:00,IB GF,0.0
2024-06-22 14:00:00,IB NPI,2.5
2024-06-22 14:00:00,IB OPF,92.87
2024-06-22 14:00:00,SM FT OPF,0.0
2024-06-22 14:00:00,SM GF,2.11
2024-06-22 14:00:00,SM KV OPF,0.0
2024-06-22 14:00:00,SM NPI,1.675532543
2024-06-22 14:00:00,SM TLO,3.67
2024-06-22 14:30:00,IB GF,0.0
2024-06-22 14:30:00,IB NPI,2.5
2024-06-22 14:30:00,IB OPF,92.87
2024-06-22 14:30:00,SM FT OPF,0.0
2024-06-22 14:30:00,SM GF,2.11
2024-06-22 14:30:00,SM KV OPF,0.0
2024-06-22 14:30:00,SM NPI,1.712961668
2024-06-22 14:30:00,SM TLO,3.67
2024-06-22 15:00:00,IB GF,0.0
2024-06-22 15:00:00,IB NPI,2.5
2024-06-22 15:00:00,IB OPF,92.87
2024-06-22 15:00:00,SM FT OPF,0.0
2024-06-22 15:00:00,SM GF,2.11
2024-06-22 15:00:00,SM KV OPF,0.0
2024-06-22 15:00:00,SM NPI,1.737019632
2024-06-22 15:00:00,SM TLO,3.67
2024-06-22 15:30:00,IB GF,0.0
2024-06-22 15:30:00,IB NPI,2.5
2024-06-22 15:30:00,IB OPF,92.87
2024-06-22 15:30:00,SM FT OPF,0.0
2024-06-22 15:30:00,SM GF,2.11
2024-06-22 15:30:00,SM KV OPF,0.0
2024-06-22 15:30:00,SM NPI,1.779203315
2024-06-22 15:30:00,SM TLO,3.67
2024-06-22 16:00:00,IB GF,0.0
2024-06-22 16:00:00,IB NPI,2.5
2024-06-22 16:00:00,IB OPF,92.87
2024-06-22 16:00:00,SM FT OPF,0.0
2024-06-22 16:00:00,SM GF,2.11
2024-06-22 16:00:00,SM KV OPF,0.0
2024-06-22 16:00:00,SM NPI,1.779509113
2024-06-22 16:00:00,SM TLO,3.67
2024-06-22 16:30:00,IB GF,0.0
2024-06-22 16:30:00,IB NPI,2.5
2024-06-22 16:30:00,IB OPF,92.87
2024-06-22 16:30:00,SM FT OPF,0.0
2024-06-22 16:30:00,SM GF,2.11
2024-06-22 16:30:00,SM KV OPF,0.0
2024-06-22 16:30:00,SM NPI,1.728307872
2024-06-22 16:30:00,SM TLO,3.67
2024-06-22 17:00:00,IB GF,0.0
2024-06-22 17:00:00,IB NPI,2.5
2024-06-22 17:00:00,IB OPF,92.87
2024-06-22 17:00:00,SM FT OPF,0.0
2024-06-22 17:00:00,SM GF,2.11
2024-06-22 17:00:00,SM KV OPF,0.0
2024-06-22 17:00:00,SM NPI,1.689656489
2024-06-22 17:00:00,SM TLO,3.67
2024-06-22 17:30:00,IB GF,0.0
2024-06-22 17:30:00,IB NPI,2.5
2024-06-22 17:30:00,IB OPF,92.87
2024-06-22 17:30:00,SM FT OPF,0.0
2024-06-22 17:30:00,SM GF,2.11
2024-06-22 17:30:00,SM KV OPF,0.0
2024-06-22 17:30:00,SM NPI,1.726575174
2024-06-22 17:30:00,SM TLO,3.67
2024-06-22 18:00:00,IB GF,0.0
2024-06-22 18:00:00,IB NPI,2.5
2024-06-22 18:00:00,IB OPF,92.87
2024-06-22 18:00:00,SM FT OPF,0.0
2024-06-22 18:00:00,SM GF,2.11
2024-06-22 18:00:00,SM KV OPF,0.0
2024-06-22 18:00:00,SM NPI,1.825640779
2024-06-22 18:00:00,SM TLO,3.67
2024-06-22 18:30:00,IB GF,0.0
2024-06-22 18:30:00,IB NPI,2.5
2024-06-22 18:30:00,IB OPF,92.87
2024-06-22 18:30:00,SM FT OPF,0.0
2024-06-22 18:30:00,SM GF,2.11
2024-06-22 18:30:00,SM KV OPF,0.0
2024-06-22 18:30:00,SM NPI,1.894152026
2024-06-22 18:30:00,SM TLO,3.67
2024-06-22 19:00:00,IB GF,0.0
2024-06-22 19:00:00,IB NPI,2.5
2024-06-22 19:00:00,IB OPF,92.87
2024-06-22 19:00:00,SM FT OPF,0.0
2024-06-22 19:00:00,SM GF,2.11
2024-06-22 19:00:00,SM KV OPF,0.0
2024-06-22 19:00:00,SM NPI,1.922520868
2024-06-22 19:00:00,SM TLO,3.67
2024-06-22 19:30:00,IB GF,0.0
2024-06-22 19:30:00,IB NPI,2.5
2024-06-22 19:30:00,IB OPF,92.87
2024-06-22 19:30:00,SM FT OPF,0.0
2024-06-22 19:30:00,SM GF,2.11
2024-06-22 19:30:00,SM KV OPF,0.0
2024-06-22 19:30:00,SM NPI,1.846886197
2024-06-22 19:30:00,SM TLO,3.67
2024-06-22 20:00:00,IB GF,0.0
2024-06-22 20:00:00,IB NPI,2.5
2024-06-22 20:00:00,IB OPF,92.87
2024-06-22 20:00:00,SM FT OPF,0.0
2024-06-22 20:00:00,SM GF,2.11
2024-06-22 20:00:00,SM KV OPF,0.0
2024-06-22 20:00:00,SM NPI,1.693928238
2024-06-22 20:00:00,SM TLO,3.67
2024-06-22 20:30:00,IB GF,0.0
2024-06-22 20:30:00,IB NPI,2.5
2024-06-22 20:30:00,IB OPF,92.87
2024-06-22 20:30:00,SM FT OPF,0.0
2024-06-22 20:30:00,SM GF,2.11
2024-06-22 20:30:00,SM KV OPF,0.0
2024-06-22 20:30:00,SM NPI,1.530914793
2024-06-22 20:30:00,SM TLO,3.67
2024-06-22 21:00:00,IB GF,0.0
2024-06-22 21:00:00,IB NPI,2.5
2024-06-22 21:00:00,IB OPF,92.87
2024-06-22 21:00:00,SM FT OPF,0.0
2024-06-22 21:00:00,SM GF,2.11
2024-06-22 21:00:00,SM KV OPF,0.0
2024-06-22 21:00:00,SM NPI,1.393548446
2024-06-22 21:00:00,SM TLO,3.67
2024-06-22 21:30:00,IB GF,0.0
2024-06-22 21:30:00,IB NPI,2.5
2024-06-22 21:30:00,IB OPF,92.87
2024-06-22 21:30:00,SM FT OPF,0.0
2024-06-22 21:30:00,SM GF,2.11
2024-06-22 21:30:00,SM KV OPF,0.0
2024-06-22 21:30:00,SM NPI,1.314322379
2024-06-22 21:30:00,SM TLO,3.67
2024-06-22 22:00:00,IB GF,0.0
2024-06-22 22:00:00,IB NPI,2.5
2024-06-22 22:00:00,IB OPF,92.87
2024-06-22 22:00:00,SM FT OPF,0.0
2024-06-22 22:00:00,SM GF,2.11
2024-06-22 22:00:00,SM KV OPF,0.0
2024-06-22 22:00:00,SM NPI,1.246230355
2024-06-22 22:00:00,SM TLO,3.67
2024-06-22 22:30:00,IB GF,0.0
2024-06-22 22:30:00,IB NPI,2.5
2024-06-22 22:30:00,IB OPF,92.87
2024-06-22 22:30:00,SM FT OPF,0.0
2024-06-22 22:30:00,SM GF,2.11
2024-06-22 22:30:00,SM KV OPF,0.0
2024-06-22 22:30:00,SM NPI,1.18532596
2024-06-22 22:30:00,SM TLO,3.67
2024-06-22 23:00:00,IB GF,0.0
2024-06-22 23:00:00,IB NPI,2.5
2024-06-22 23:00:00,IB OPF,92.87
2024-06-22 23:00:00,SM FT OPF,0.0
2024-06-22 23:00:00,SM GF,2.11
2024-06-22 23:00:00,SM KV OPF,0.0
2024-06-22 23:00:00,SM NPI,1.137144529
2024-06-22 23:00:00,SM TLO,3.67
2024-06-22 23:30:00,IB GF,0.0
2024-06-22 23:30:00,IB NPI,2.5
2024-06-22 23:30:00,IB OPF,92.87
2024-06-22 23:30:00,SM FT OPF,0.0
2024-06-22 23:30:00,SM GF,2.11
2024-06-22 23:30:00,SM KV OPF,0.0
2024-06-22 23:30:00,SM NPI,1.102880724
2024-06-22 23:30:00,SM TLO,3.67
2024-06-23 00:00:00,IB GF,0.0
2024-06-23 00:00:00,IB NPI,2.5
2024-06-23 00:00:00,IB OPF,92.87
2024-06-23 00:00:00,SM FT OPF,0.0
2024-06-23 00:00:00,SM GF,2.11
2024-06-23 00:00:00,SM KV OPF,0.0
2024-06-23 00:00:00,SM NPI,1.073528699
2024-06-23 00:00:00,SM TLO,3.67
2024-06-23 00:30:00,IB GF,0.0
2024-06-23 00:30:00,IB NPI,2.5
2024-06-23 00:30:00,IB OPF,92.87
2024-06-23 00:30:00,SM FT OPF,0.0
2024-06-23 00:30:00,SM GF,2.11
2024-06-23 00:30:00,SM KV OPF,0.0
2024-06-23 00:30:00,SM NPI,1.049681185
2024-06-23 00:30:00,SM TLO,3.67
2024-06-23 01:00:00,IB GF,0.0
2024-06-23 01:00:00,IB NPI,2.5
2024-06-23 01:00:00,IB OPF,92.87
2024-06-23 01:00:00,SM FT OPF,0.0
2024-06-23 01:00:00,SM GF,2.11
2024-06-23 01:00:00,SM KV OPF,0.0
2024-06-23 01:00:00,SM NPI,1.035980707
2024-06-23 01:00:00,SM TLO,3.67
2024-06-23 01:30:00,IB GF,0.0
2024-06-23 01:30:00,IB NPI,2.5
2024-06-23 01:30:00,IB OPF,92.87
2024-06-23 01:30:00,SM FT OPF,0.0
2024-06-23 01:30:00,SM GF,2.11
2024-06-23 01:30:00,SM KV OPF,0.0
2024-06-23 01:30:00,SM NPI,1.022618852
2024-06-23 01:30:00,SM TLO,3.67
2024-06-23 02:00:00,IB GF,0.0
2024-06-23 02:00:00,IB NPI,2.5
2024-06-23 02:00:00,IB OPF,92.87
2024-06-23 02:00:00,SM FT OPF,0.0
2024-06-23 02:00:00,SM GF,2.11
2024-06-23 02:00:00,SM KV OPF,0.0
2024-06-23 02:00:00,SM NPI,1.01693935
2024-06-23 02:00:00,SM TLO,3.67
2024-06-23 02:30:00,IB GF,0.0
2024-06-23 02:30:00,IB NPI,2.5
2024-06-23 02:30:00,IB OPF,92.87
2024-06-23 02:30:00,SM FT OPF,0.0
2024-06-23 02:30:00,SM GF,2.11
2024-06-23 02:30:00,SM KV OPF,0.0
2024-06-23 02:30:00,SM NPI,1.018618154
2024-06-23 02:30:00,SM TLO,3.67
2024-06-23 03:00:00,IB GF,0.0
2024-06-23 03:00:00,IB NPI,2.5
2024-06-23 03:00:00,IB OPF,92.87
2024-06-23 03:00:00,SM FT OPF,0.0
2024-06-23 03:00:00,SM GF,2.11
2024-06-23 03:00:00,SM KV OPF,0.0
2024-06-23 03:00:00,SM NPI,1.028006439
2024-06-23 03:00:00,SM TLO,3.67
2024-06-23 03:30:00,IB GF,0.0
2024-06-23 03:30:00,IB NPI,2.5
2024-06-23 03:30:00,IB OPF,92.87
2024-06-23 03:30:00,SM FT OPF,0.0
2024-06-23 03:30:00,SM GF,2.11
2024-06-23 03:30:00,SM KV OPF,0.0
2024-06-23 03:30:00,SM NPI,1.094501604
2024-06-23 03:30:00,SM TLO,3.67
2024-06-23 04:00:00,IB GF,0.0
2024-06-23 04:00:00,IB NPI,2.5
2024-06-23 04:00:00,IB OPF,92.87
2024-06-23 04:00:00,SM FT OPF,0.0
2024-06-23 04:00:00,SM GF,2.11
2024-06-23 04:00:00,SM KV OPF,0.0
2024-06-23 04:00:00,SM NPI,1.207171615
2024-06-23 04:00:00,SM TLO,3.67
2024-06-23 04:30:00,IB GF,0.0
2024-06-23 04:30:00,IB NPI,2.5
2024-06-23 04:30:00,IB OPF,92.87
2024-06-23 04:30:00,SM FT OPF,0.0
2024-06-23 04:30:00,SM GF,2.11
2024-06-23 04:30:00,SM KV OPF,0.0
2024-06-23 04:30:00,SM NPI,1.25417115
2024-06-23 04:30:00,SM TLO,3.67
2024-06-23 05:00:00,IB GF,0.0
2024-06-23 05:00:00,IB NPI,2.5
2024-06-23 05:00:00,IB OPF,92.87
2024-06-23 05:00:00,SM FT OPF,0.0
2024-06-23 05:00:00,SM GF,2.11
2024-06-23 05:00:00,SM KV OPF,0.0
2024-06-23 05:00:00,SM NPI,1.223210328
2024-06-23 05:00:00,SM TLO,3.67
2024-06-23 05:30:00,IB GF,0.0
2024-06-23 05:30:00,IB NPI,2.5
2024-06-23 05:30:00,IB OPF,92.87
2024-06-23 05:30:00,SM FT OPF,0.0
2024-06-23 05:30:00,SM GF,2.11
2024-06-23 05:30:00,SM KV OPF,0.0
2024-06-23 05:30:00,SM NPI,1.202621517
2024-06-23 05:30:00,SM TLO,3.67
2024-06-23 06:00:00,IB GF,0.0
2024-06-23 06:00:00,IB NPI,2.5
2024-06-23 06:00:00,IB OPF,92.87
2024-06-23 06:00:00,SM FT OPF,0.0
2024-06-23 06:00:00,SM GF,2.11
2024-06-23 06:00:00,SM KV OPF,0.0
2024-06-23 06:00:00,SM NPI,1.234128435
2024-06-23 06:00:00,SM TLO,3.55
2024-06-23 06:30:00,IB GF,0.0
2024-06-23 06:30:00,IB NPI,2.5
2024-06-23 06:30:00,IB OPF,92.87
2024-06-23 06:30:00,SM FT OPF,0.0
2024-06-23 06:30:00,SM GF,2.11
2024-06-23 06:30:00,SM KV OPF,0.0
2024-06-23 06:30:00,SM NPI,1.256101138
2024-06-23 06:30:00,SM TLO,3.55
2024-06-23 07:00:00,IB GF,0.0
2024-06-23 07:00:00,IB NPI,2.5
2024-06-23 07:00:00,IB OPF,92.87
2024-06-23 07:00:00,SM FT OPF,0.0
2024-06-23 07:00:00,SM GF,2.11
2024-06-23 07:00:00,SM KV OPF,0.0
2024-06-23 07:00:00,SM NPI,1.27592889
2024-06-23 07:00:00,SM TLO,3.55
2024-06-23 07:30:00,IB GF,0.0
2024-06-23 07:30:00,IB NPI,2.5
2024-06-23 07:30:00,IB OPF,92.87
2024-06-23 07:30:00,SM FT OPF,0.0
2024-06-23 07:30:00,SM GF,2.11
2024-06-23 07:30:00,SM KV OPF,0.0
2024-06-23 07:30:00,SM NPI,1.27559464
2024-06-23 07:30:00,SM TLO,3.55
2024-06-23 08:00:00,IB GF,0.0
2024-06-23 08:00:00,IB NPI,2.5
2024-06-23 08:00:00,IB OPF,92.87
2024-06-23 08:00:00,SM FT OPF,0.0
2024-06-23 08:00:00,SM GF,2.11
2024-06-23 08:00:00,SM KV OPF,0.0
2024-06-23 08:00:00,SM NPI,1.265465821
2024-06-23 08:00:00,SM TLO,3.55
2024-06-23 08:30:00,IB GF,0.0
2024-06-23 08:30:00,IB NPI,2.5
2024-06-23 08:30:00,IB OPF,92.87
2024-06-23 08:30:00,SM FT OPF,0.0
2024-06-23 08:30:00,SM GF,2.11
2024-06-23 08:30:00,SM KV OPF,0.0
2024-06-23 08:30:00,SM NPI,1.252961266
2024-06-23 08:30:00,SM TLO,3.55
2024-06-23 09:00:00,IB GF,0.0
2024-06-23 09:00:00,IB NPI,2.5
2024-06-23 09:00:00,IB OPF,92.87
2024-06-23 09:00:00,SM FT OPF,0.0
2024-06-23 09:00:00,SM GF,2.11
2024-06-23 09:00:00,SM KV OPF,0.0
2024-06-23 09:00:00,SM NPI,1.248111685
2024-06-23 09:00:00,SM TLO,3.55
2024-06-23 09:30:00,IB GF,0.0
2024-06-23 09:30:00,IB NPI,2.5
2024-06-23 09:30:00,IB OPF,92.87
2024-06-23 09:30:00,SM FT OPF,0.0
2024-06-23 09:30:00,SM GF,2.11
2024-06-23 09:30:00,SM KV OPF,0.0
2024-06-23 09:30:00,SM NPI,1.291018954
2024-06-23 09:30:00,SM TLO,3.55
2024-06-23 10:00:00,IB GF,0.0
2024-06-23 10:00:00,IB NPI,2.5
2024-06-23 10:00:00,IB OPF,92.87
2024-06-23 10:00:00,SM FT OPF,0.0
2024-06-23 10:00:00,SM GF,2.11
2024-06-23 10:00:00,SM KV OPF,0.0
2024-06-23 10:00:00,SM NPI,1.353504975
2024-06-23 10:00:00,SM TLO,3.55
2024-06-23 10:30:00,IB GF,0.0
2024-06-23 10:30:00,IB NPI,2.5
2024-06-23 10:30:00,IB OPF,92.87
2024-06-23 10:30:00,SM FT OPF,0.0
2024-06-23 10:30:00,SM GF,2.11
2024-06-23 10:30:00,SM KV OPF,0.0
2024-06-23 10:30:00,SM NPI,1.404469841
2024-06-23 10:30:00,SM TLO,3.55
2024-06-23 11:00:00,IB GF,0.0
2024-06-23 11:00:00,IB NPI,2.5
2024-06-23 11:00:00,IB OPF,92.87
2024-06-23 11:00:00,SM FT OPF,0.0
2024-06-23 11:00:00,SM GF,2.11
2024-06-23 11:00:00,SM KV OPF,0.0
2024-06-23 11:00:00,SM NPI,1.448527064
2024-06-23 11:00:00,SM TLO,3.55
2024-06-23 11:30:00,IB GF,0.0
2024-06-23 11:30:00,IB NPI,2.5
2024-06-23 11:30:00,IB OPF,92.87
2024-06-23 11:30:00,SM FT OPF,0.0
2024-06-23 11:30:00,SM GF,2.11
2024-06-23 11:30:00,SM KV OPF,0.0
2024-06-23 11:30:00,SM NPI,1.486452652
2024-06-23 11:30:00,SM TLO,3.55
2024-06-23 12:00:00,IB GF,0.0
2024-06-23 12:00:00,IB NPI,2.5
2024-06-23 12:00:00,IB OPF,92.87
2024-06-23 12:00:00,SM FT OPF,0.0
2024-06-23 12:00:00,SM GF,2.11
2024-06-23 12:00:00,SM KV OPF,0.0
2024-06-23 12:00:00,SM NPI,1.517194519
2024-06-23 12:00:00,SM TLO,3.55
2024-06-23 12:30:00,IB GF,0.0
2024-06-23 12:30:00,IB NPI,2.5
2024-06-23 12:30:00,IB OPF,92.87
2024-06-23 12:30:00,SM FT OPF,0.0
2024-06-23 12:30:00,SM GF,2.11
2024-06-23 12:30:00,SM KV OPF,0.0
2024-06-23 12:30:00,SM NPI,1.543714143
2024-06-23 12:30:00,SM TLO,3.55
2024-06-23 13:00:00,IB GF,0.0
2024-06-23 13:00:00,IB NPI,2.5
2024-06-23 13:00:00,IB OPF,92.87
2024-06-23 13:00:00,SM FT OPF,0.0
2024-06-23 13:00:00,SM GF,2.11
2024-06-23 13:00:00,SM KV OPF,0.0
2024-06-23 13:00:00,SM NPI,1.57845199
2024-06-23 13:00:00,SM TLO,3.55
2024-06-23 13:30:00,IB GF,0.0
2024-06-23 13:30:00,IB NPI,2.5
2024-06-23 13:30:00,IB OPF,92.87
2024-06-23 13:30:00,SM FT OPF,0.0
2024-06-23 13:30:00,SM GF,2.11
2024-06-23 13:30:00,SM KV OPF,0.0
2024-06-23 13:30:00,SM NPI,1.619063289
2024-06-23 13:30:00,SM TLO,3.55
2024-06-23 14:00:00,IB GF,0.0
2024-06-23 14:00:00,IB NPI,2.5
2024-06-23 14:00:00,IB OPF,92.87
2024-06-23 14:00:00,SM FT OPF,0.0
2024-06-23 14:00:00,SM GF,2.11
2024-06-23 14:00:00,SM KV OPF,0.0
2024-06-23 14:00:00,SM NPI,1.675532543
2024-06-23 14:00:00,SM TLO,3.55
2024-06-23 14:30:00,IB GF,0.0
2024-06-23 14:30:00,IB NPI,2.5
2024-06-23 14:30:00,IB OPF,92.87
2024-06-23 14:30:00,SM FT OPF,0.0
2024-06-23 14:30:00,SM GF,2.11
2024-06-23 14:30:00,SM KV OPF,0.0
2024-06-23 14:30:00,SM NPI,1.712961668
2024-06-23 14:30:00,SM TLO,3.55
2024-06-23 15:00:00,IB GF,0.0
2024-06-23 15:00:00,IB NPI,2.5
2024-06-23 15:00:00,IB OPF,92.87
2024-06-23 15:00:00,SM FT OPF,0.0
2024-06-23 15:00:00,SM GF,2.11
2024-06-23 15:00:00,SM KV OPF,0.0
2024-06-23 15:00:00,SM NPI,1.737019632
2024-06-23 15:00:00,SM TLO,3.55
2024-06-23 15:30:00,IB GF,0.0
2024-06-23 15:30:00,IB NPI,2.5
2024-06-23 15:30:00,IB OPF,92.87
2024-06-23 15:30:00,SM FT OPF,0.0
2024-06-23 15:30:00,SM GF,2.11
2024-06-23 15:30:00,SM KV OPF,0.0
2024-06-23 15:30:00,SM NPI,1.779203315
2024-06-23 15:30:00,SM TLO,3.55
2024-06-23 16:00:00,IB GF,0.0
2024-06-23 16:00:00,IB NPI,2.5
2024-06-23 16:00:00,IB OPF,92.87
2024-06-23 16:00:00,SM FT OPF,0.0
2024-06-23 16:00:00,SM GF,2.11
2024-06-23 16:00:00,SM KV OPF,0.0
2024-06-23 16:00:00,SM NPI,1.779509113
2024-06-23 16:00:00,SM TLO,3.55
2024-06-23 16:30:00,IB GF,0.0
2024-06-23 16:30:00,IB NPI,2.5
2024-06-23 16:30:00,IB OPF,92.87
2024-06-23 16:30:00,SM FT OPF,0.0
2024-06-23 16:30:00,SM GF,2.11
2024-06-23 16:30:00,SM KV OPF,0.0
2024-06-23 16:30:00,SM NPI,1.728307872
2024-06-23 16:30:00,SM TLO,3.55
2024-06-23 17:00:00,IB GF,0.0
2024-06-23 17:00:00,IB NPI,2.5
2024-06-23 17:00:00,IB OPF,92.87
2024-06-23 17:00:00,SM FT OPF,0.0
2024-06-23 17:00:00,SM GF,2.11
2024-06-23 17:00:00,SM KV OPF,0.0
2024-06-23 17:00:00,SM NPI,1.689656489
2024-06-23 17:00:00,SM TLO,3.55
2024-06-23 17:30:00,IB GF,0.0
2024-06-23 17:30:00,IB NPI,2.5
2024-06-23 17:30:00,IB OPF,92.87
2024-06-23 17:30:00,SM FT OPF,0.0
2024-06-23 17:30:00,SM GF,2.11
2024-06-23 17:30:00,SM KV OPF,0.0
2024-06-23 17:30:00,SM NPI,1.726575174
2024-06-23 17:30:00,SM TLO,3.55
2024-06-23 18:00:00,IB GF,0.0
2024-06-23 18:00:00,IB NPI,2.5
2024-06-23 18:00:00,IB OPF,92.87
2024-06-23 18:00:00,SM FT OPF,0.0
2024-06-23 18:00:00,SM GF,2.11
2024-06-23 18:00:00,SM KV OPF,0.0
2024-06-23 18:00:00,SM NPI,1.825640779
2024-06-23 18:00:00,SM TLO,3.55
2024-06-23 18:30:00,IB GF,0.0
2024-06-23 18:30:00,IB NPI,2.5
2024-06-23 18:30:00,IB OPF,92.87
2024-06-23 18:30:00,SM FT OPF,0.0
2024-06-23 18:30:00,SM GF,2.11
2024-06-23 18:30:00,SM KV OPF,0.0
2024-06-23 18:30:00,SM NPI,1.894152026
2024-06-23 18:30:00,SM TLO,3.55
2024-06-23 19:00:00,IB GF,0.0
2024-06-23 19:00:00,IB NPI,2.5
2024-06-23 19:00:00,IB OPF,92.87
2024-06-23 19:00:00,SM FT OPF,0.0
2024-06-23 19:00:00,SM GF,2.11
2024-06-23 19:00:00,SM KV OPF,0.0
2024-06-23 19:00:00,SM NPI,1.922520868
2024-06-23 19:00:00,SM TLO,3.55
2024-06-23 19:30:00,IB GF,0.0
2024-06-23 19:30:00,IB NPI,2.5
2024-06-23 19:30:00,IB OPF,92.87
2024-06-23 19:30:00,SM FT OPF,0.0
2024-06-23 19:30:00,SM GF,2.11
2024-06-23 19:30:00,SM KV OPF,0.0
2024-06-23 19:30:00,SM NPI,1.846886197
2024-06-23 19:30:00,SM TLO,3.55
2024-06-23 20:00:00,IB GF,0.0
2024-06-23 20:00:00,IB NPI,2.5
2024-06-23 20:00:00,IB OPF,92.87
2024-06-23 20:00:00,SM FT OPF,0.0
2024-06-23 20:00:00,SM GF,2.11
2024-06-23 20:00:00,SM KV OPF,0.0
2024-06-23 20:00:00,SM NPI,1.693928238
2024-06-23 20:00:00,SM TLO,3.55
2024-06-23 20:30:00,IB GF,0.0
2024-06-23 20:30:00,IB NPI,2.5
2024-06-23 20:30:00,IB OPF,92.87
2024-06-23 20:30:00,SM FT OPF,0.0
2024-06-23 20:30:00,SM GF,2.11
2024-06-23 20:30:00,SM KV OPF,0.0
2024-06-23 20:30:00,SM NPI,1.530914793
2024-06-23 20:30:00,SM TLO,3.55
2024-06-23 21:00:00,IB GF,0.0
2024-06-23 21:00:00,IB NPI,2.5
2024-06-23 21:00:00,IB OPF,92.87
2024-06-23 21:00:00,SM FT OPF,0.0
2024-06-23 21:00:00,SM GF,2.11
2024-06-23 21:00:00,SM KV OPF,0.0
2024-06-23 21:00:00,SM NPI,1.393548446
2024-06-23 21:00:00,SM TLO,3.55
2024-06-23 21:30:00,IB GF,0.0
2024-06-23 21:30:00,IB NPI,2.5
2024-06-23 21:30:00,IB OPF,92.87
2024-06-23 21:30:00,SM FT OPF,0.0
2024-06-23 21:30:00,SM GF,2.11
2024-06-23 21:30:00,SM KV OPF,0.0
2024-06-23 21:30:00,SM NPI,1.314322379
2024-06-23 21:30:00,SM TLO,3.55
2024-06-23 22:00:00,IB GF,0.0
2024-06-23 22:00:00,IB NPI,2.5
2024-06-23 22:00:00,IB OPF,92.87
2024-06-23 22:00:00,SM FT OPF,0.0
2024-06-23 22:00:00,SM GF,2.11
2024-06-23 22:00:00,SM KV OPF,0.0
2024-06-23 22:00:00,SM NPI,1.246230355
2024-06-23 22:00:00,SM TLO,3.55
2024-06-23 22:30:00,IB GF,0.0
2024-06-23 22:30:00,IB NPI,2.5
2024-06-23 22:30:00,IB OPF,92.87
2024-06-23 22:30:00,SM FT OPF,0.0
2024-06-23 22:30:00,SM GF,2.11
2024-06-23 22:30:00,SM KV OPF,0.0
2024-06-23 22:30:00,SM NPI,1.18532596
2024-06-23 22:30:00,SM TLO,3.55
2024-06-23 23:00:00,IB GF,0.0
2024-06-23 23:00:00,IB NPI,2.5
2024-06-23 23:00:00,IB OPF,92.87
2024-06-23 23:00:00,SM FT OPF,0.0
2024-06-23 23:00:00,SM GF,2.11
2024-06-23 23:00:00,SM KV OPF,0.0
2024-06-23 23:00:00,SM NPI,1.137144529
2024-06-23 23:00:00,SM TLO,3.55
2024-06-23 23:30:00,IB GF,0.0
2024-06-23 23:30:00,IB NPI,2.5
2024-06-23 23:30:00,IB OPF,92.87
2024-06-23 23:30:00,SM FT OPF,0.0
2024-06-23 23:30:00,SM GF,2.11
2024-06-23 23:30:00,SM KV OPF,0.0
2024-06-23 23:30:00,SM NPI,1.102880724
2024-06-23 23:30:00,SM TLO,3.55
2024-06-24 00:00:00,IB GF,0.0
2024-06-24 00:00:00,IB NPI,2.5
2024-06-24 00:00:00,IB OPF,92.87
2024-06-24 00:00:00,SM FT OPF,0.0
2024-06-24 00:00:00,SM GF,2.11
2024-06-24 00:00:00,SM KV OPF,0.0
2024-06-24 00:00:00,SM NPI,1.073528699
2024-06-24 00:00:00,SM TLO,3.55
2024-06-24 00:30:00,IB GF,0.0
2024-06-24 00:30:00,IB NPI,2.5
2024-06-24 00:30:00,IB OPF,92.87
2024-06-24 00:30:00,SM FT OPF,0.0
2024-06-24 00:30:00,SM GF,2.11
2024-06-24 00:30:00,SM KV OPF,0.0
2024-06-24 00:30:00,SM NPI,1.049681185
2024-06-24 00:30:00,SM TLO,3.55
2024-06-24 01:00:00,IB GF,0.0
2024-06-24 01:00:00,IB NPI,2.5
2024-06-24 01:00:00,IB OPF,92.87
2024-06-24 01:00:00,SM FT OPF,0.0
2024-06-24 01:00:00,SM GF,2.11
2024-06-24 01:00:00,SM KV OPF,0.0
2024-06-24 01:00:00,SM NPI,1.035980707
2024-06-24 01:00:00,SM TLO,3.55
2024-06-24 01:30:00,IB GF,0.0
2024-06-24 01:30:00,IB NPI,2.5
2024-06-24 01:30:00,IB OPF,92.87
2024-06-24 01:30:00,SM FT OPF,0.0
2024-06-24 01:30:00,SM GF,2.11
2024-06-24 01:30:00,SM KV OPF,0.0
2024-06-24 01:30:00,SM NPI,1.022618852
2024-06-24 01:30:00,SM TLO,3.55
2024-06-24 02:00:00,IB GF,0.0
2024-06-24 02:00:00,IB NPI,2.5
2024-06-24 02:00:00,IB OPF,92.87
2024-06-24 02:00:00,SM FT OPF,0.0
2024-06-24 02:00:00,SM GF,2.11
2024-06-24 02:00:00,SM KV OPF,0.0
2024-06-24 02:00:00,SM NPI,1.01693935
2024-06-24 02:00:00,SM TLO,3.55
2024-06-24 02:30:00,IB GF,0.0
2024-06-24 02:30:00,IB NPI,2.5
2024-06-24 02:30:00,IB OPF,92.87
2024-06-24 02:30:00,SM FT OPF,0.0
2024-06-24 02:30:00,SM GF,2.11
2024-06-24 02:30:00,SM KV OPF,0.0
2024-06-24 02:30:00,SM NPI,1.018618154
2024-06-24 02:30:00,SM TLO,3.55
2024-06-24 03:00:00,IB GF,0.0
2024-06-24 03:00:00,IB NPI,2.5
2024-06-24 03:00:00,IB OPF,92.87
2024-06-24 03:00:00,SM FT OPF,0.0
2024-06-24 03:00:00,SM GF,2.11
2024-06-24 03:00:00,SM KV OPF,0.0
2024-06-24 03:00:00,SM NPI,1.028006439
2024-06-24 03:00:00,SM TLO,3.55
2024-06-24 03:30:00,IB GF,0.0
2024-06-24 03:30:00,IB NPI,2.5
2024-06-24 03:30:00,IB OPF,92.87
2024-06-24 03:30:00,SM FT OPF,0.0
2024-06-24 03:30:00,SM GF,2.11
2024-06-24 03:30:00,SM KV OPF,0.0
2024-06-24 03:30:00,SM NPI,1.094501604
2024-06-24 03:30:00,SM TLO,3.55
2024-06-24 04:00:00,IB GF,0.0
2024-06-24 04:00:00,IB NPI,2.5
2024-06-24 04:00:00,IB OPF,92.87
2024-06-24 04:00:00,SM FT OPF,0.0
2024-06-24 04:00:00,SM GF,2.11
2024-06-24 04:00:00,SM KV OPF,0.0
2024-06-24 04:00:00,SM NPI,1.207171615
2024-06-24 04:00:00,SM TLO,3.55
2024-06-24 04:30:00,IB GF,0.0
2024-06-24 04:30:00,IB NPI,2.5
2024-06-24 04:30:00,IB OPF,92.87
2024-06-24 04:30:00,SM FT OPF,0.0
2024-06-24 04:30:00,SM GF,2.11
2024-06-24 04:30:00,SM KV OPF,0.0
2024-06-24 04:30:00,SM NPI,1.25417115
2024-06-24 04:30:00,SM TLO,3.55
2024-06-24 05:00:00,IB GF,0.0
2024-06-24 05:00:00,IB NPI,2.5
2024-06-24 05:00:00,IB OPF,92.87
2024-06-24 05:00:00,SM FT OPF,0.0
2024-06-24 05:00:00,SM GF,2.11
2024-06-24 05:00:00,SM KV OPF,0.0
2024-06-24 05:00:00,SM NPI,1.223210328
2024-06-24 05:00:00,SM TLO,3.55
2024-06-24 05:30:00,IB GF,0.0
2024-06-24 05:30:00,IB NPI,2.5
2024-06-24 05:30:00,IB OPF,92.87
2024-06-24 05:30:00,SM FT OPF,0.0
2024-06-24 05:30:00,SM GF,2.11
2024-06-24 05:30:00,SM KV OPF,0.0
2024-06-24 05:30:00,SM NPI,1.202621517
2024-06-24 05:30:00,SM TLO,3.55
2024-06-24 06:00:00,IB GF,0.0
2024-06-24 06:00:00,IB NPI,2.5
2024-06-24 06:00:00,IB OPF,92.87
2024-06-24 06:00:00,SM FT OPF,0.0
2024-06-24 06:00:00,SM GF,2.11
2024-06-24 06:00:00,SM KV OPF,0.0
2024-06-24 06:00:00,SM NPI,1.234128435
2024-06-24 06:00:00,SM TLO,3.39
2024-06-24 06:30:00,IB GF,0.0
2024-06-24 06:30:00,IB NPI,2.5
2024-06-24 06:30:00,IB OPF,92.87
2024-06-24 06:30:00,SM FT OPF,0.0
2024-06-24 06:30:00,SM GF,2.11
2024-06-24 06:30:00,SM KV OPF,0.0
2024-06-24 06:30:00,SM NPI,1.256101138
2024-06-24 06:30:00,SM TLO,3.39
2024-06-24 07:00:00,IB GF,0.0
2024-06-24 07:00:00,IB NPI,2.5
2024-06-24 07:00:00,IB OPF,92.87
2024-06-24 07:00:00,SM FT OPF,0.0
2024-06-24 07:00:00,SM GF,2.11
2024-06-24 07:00:00,SM KV OPF,0.0
2024-06-24 07:00:00,SM NPI,1.27592889
2024-06-24 07:00:00,SM TLO,3.39
2024-06-24 07:30:00,IB GF,0.0
2024-06-24 07:30:00,IB NPI,2.5
2024-06-24 07:30:00,IB OPF,92.87
2024-06-24 07:30:00,SM FT OPF,0.0
2024-06-24 07:30:00,SM GF,2.11
2024-06-24 07:30:00,SM KV OPF,0.0
2024-06-24 07:30:00,SM NPI,1.27559464
2024-06-24 07:30:00,SM TLO,3.39
2024-06-24 08:00:00,IB GF,0.0
2024-06-24 08:00:00,IB NPI,2.5
2024-06-24 08:00:00,IB OPF,92.87
2024-06-24 08:00:00,SM FT OPF,0.0
2024-06-24 08:00:00,SM GF,2.11
2024-06-24 08:00:00,SM KV OPF,0.0
2024-06-24 08:00:00,SM NPI,1.265465821
2024-06-24 08:00:00,SM TLO,3.39
2024-06-24 08:30:00,IB GF,0.0
2024-06-24 08:30:00,IB NPI,2.5
2024-06-24 08:30:00,IB OPF,92.87
2024-06-24 08:30:00,SM FT OPF,0.0
2024-06-24 08:30:00,SM GF,2.11
2024-06-24 08:30:00,SM KV OPF,0.0
2024-06-24 08:30:00,SM NPI,1.252961266
2024-06-24 08:30:00,SM TLO,3.39
2024-06-24 09:00:00,IB GF,0.0
2024-06-24 09:00:00,IB NPI,2.5
2024-06-24 09:00:00,IB OPF,92.87
2024-06-24 09:00:00,SM FT OPF,0.0
2024-06-24 09:00:00,SM GF,2.11
2024-06-24 09:00:00,SM KV OPF,0.0
2024-06-24 09:00:00,SM NPI,1.248111685
2024-06-24 09:00:00,SM TLO,3.39
2024-06-24 09:30:00,IB GF,0.0
2024-06-24 09:30:00,IB NPI,2.5
2024-06-24 09:30:00,IB OPF,92.87
2024-06-24 09:30:00,SM FT OPF,0.0
2024-06-24 09:30:00,SM GF,2.11
2024-06-24 09:30:00,SM KV OPF,0.0
2024-06-24 09:30:00,SM NPI,1.291018954
2024-06-24 09:30:00,SM TLO,3.39
2024-06-24 10:00:00,IB GF,0.0
2024-06-24 10:00:00,IB NPI,2.5
2024-06-24 10:00:00,IB OPF,92.87
2024-06-24 10:00:00,SM FT OPF,0.0
2024-06-24 10:00:00,SM GF,2.11
2024-06-24 10:00:00,SM KV OPF,0.0
2024-06-24 10:00:00,SM NPI,1.353504975
2024-06-24 10:00:00,SM TLO,3.39
2024-06-24 10:30:00,IB GF,0.0
2024-06-24 10:30:00,IB NPI,2.5
2024-06-24 10:30:00,IB OPF,92.87
2024-06-24 10:30:00,SM FT OPF,0.0
2024-06-24 10:30:00,SM GF,2.11
2024-06-24 10:30:00,SM KV OPF,0.0
2024-06-24 10:30:00,SM NPI,1.404469841
2024-06-24 10:30:00,SM TLO,3.39
2024-06-24 11:00:00,IB GF,0.0
2024-06-24 11:00:00,IB NPI,2.5
2024-06-24 11:00:00,IB OPF,92.87
2024-06-24 11:00:00,SM FT OPF,0.0
2024-06-24 11:00:00,SM GF,2.11
2024-06-24 11:00:00,SM KV OPF,0.0
2024-06-24 11:00:00,SM NPI,1.448527064
2024-06-24 11:00:00,SM TLO,3.39
2024-06-24 11:30:00,IB GF,0.0
2024-06-24 11:30:00,IB NPI,2.5
2024-06-24 11:30:00,IB OPF,92.87
2024-06-24 11:30:00,SM FT OPF,0.0
2024-06-24 11:30:00,SM GF,2.11
2024-06-24 11:30:00,SM KV OPF,0.0
2024-06-24 11:30:00,SM NPI,1.486452652
2024-06-24 11:30:00,SM TLO,3.39
2024-06-24 12:00:00,IB GF,0.0
2024-06-24 12:00:00,IB NPI,2.5
2024-06-24 12:00:00,IB OPF,92.87
2024-06-24 12:00:00,SM FT OPF,0.0
2024-06-24 12:00:00,SM GF,2.11
2024-06-24 12:00:00,SM KV OPF,0.0
2024-06-24 12:00:00,SM NPI,1.517194519
2024-06-24 12:00:00,SM TLO,3.39
2024-06-24 12:30:00,IB GF,0.0
2024-06-24 12:30:00,IB NPI,2.5
2024-06-24 12:30:00,IB OPF,92.87
2024-06-24 12:30:00,SM FT OPF,0.0
2024-06-24 12:30:00,SM GF,2.11
2024-06-24 12:30:00,SM KV OPF,0.0
2024-06-24 12:30:00,SM NPI,1.543714143
2024-06-24 12:30:00,SM TLO,3.39
2024-06-24 13:00:00,IB GF,0.0
2024-06-24 13:00:00,IB NPI,2.5
2024-06-24 13:00:00,IB OPF,92.87
2024-06-24 13:00:00,SM FT OPF,0.0
2024-06-24 13:00:00,SM GF,2.11
2024-06-24 13:00:00,SM KV OPF,0.0
2024-06-24 13:00:00,SM NPI,1.57845199
2024-06-24 13:00:00,SM TLO,3.39
2024-06-24 13:30:00,IB GF,0.0
2024-06-24 13:30:00,IB NPI,2.5
2024-06-24 13:30:00,IB OPF,92.87
2024-06-24 13:30:00,SM FT OPF,0.0
2024-06-24 13:30:00,SM GF,2.11
2024-06-24 13:30:00,SM KV OPF,0.0
2024-06-24 13:30:00,SM NPI,1.619063289
2024-06-24 13:30:00,SM TLO,3.39
2024-06-24 14:00:00,IB GF,0.0
2024-06-24 14:00:00,IB NPI,2.5
2024-06-24 14:00:00,IB OPF,92.87
2024-06-24 14:00:00,SM FT OPF,0.0
2024-06-24 14:00:00,SM GF,2.11
2024-06-24 14:00:00,SM KV OPF,0.0
2024-06-24 14:00:00,SM NPI,1.675532543
2024-06-24 14:00:00,SM TLO,3.39
2024-06-24 14:30:00,IB GF,0.0
2024-06-24 14:30:00,IB NPI,2.5
2024-06-24 14:30:00,IB OPF,92.87
2024-06-24 14:30:00,SM FT OPF,0.0
2024-06-24 14:30:00,SM GF,2.11
2024-06-24 14:30:00,SM KV OPF,0.0
2024-06-24 14:30:00,SM NPI,1.712961668
2024-06-24 14:30:00,SM TLO,3.39
2024-06-24 15:00:00,IB GF,0.0
2024-06-24 15:00:00,IB NPI,2.5
2024-06-24 15:00:00,IB OPF,92.87
2024-06-24 15:00:00,SM FT OPF,0.0
2024-06-24 15:00:00,SM GF,2.11
2024-06-24 15:00:00,SM KV OPF,0.0
2024-06-24 15:00:00,SM NPI,1.737019632
2024-06-24 15:00:00,SM TLO,3.39
2024-06-24 15:30:00,IB GF,0.0
2024-06-24 15:30:00,IB NPI,2.5
2024-06-24 15:30:00,IB OPF,92.87
2024-06-24 15:30:00,SM FT OPF,0.0
2024-06-24 15:30:00,SM GF,2.11
2024-06-24 15:30:00,SM KV OPF,0.0
2024-06-24 15:30:00,SM NPI,1.779203315
2024-06-24 15:30:00,SM TLO,3.39
2024-06-24 16:00:00,IB GF,0.0
2024-06-24 16:00:00,IB NPI,2.5
2024-06-24 16:00:00,IB OPF,92.87
2024-06-24 16:00:00,SM FT OPF,0.0
2024-06-24 16:00:00,SM GF,2.11
2024-06-24 16:00:00,SM KV OPF,0.0
2024-06-24 16:00:00,SM NPI,1.779509113
2024-06-24 16:00:00,SM TLO,3.39
2024-06-24 16:30:00,IB GF,0.0
2024-06-24 16:30:00,IB NPI,2.5
2024-06-24 16:30:00,IB OPF,92.87
2024-06-24 16:30:00,SM FT OPF,0.0
2024-06-24 16:30:00,SM GF,2.11
2024-06-24 16:30:00,SM KV OPF,0.0
2024-06-24 16:30:00,SM NPI,1.728307872
2024-06-24 16:30:00,SM TLO,3.39
2024-06-24 17:00:00,IB GF,0.0
2024-06-24 17:00:00,IB NPI,2.5
2024-06-24 17:00:00,IB OPF,92.87
2024-06-24 17:00:00,SM FT OPF,0.0
2024-06-24 17:00:00,SM GF,2.11
2024-06-24 17:00:00,SM KV OPF,0.0
2024-06-24 17:00:00,SM NPI,1.689656489
2024-06-24 17:00:00,SM TLO,3.39
2024-06-24 17:30:00,IB GF,0.0
2024-06-24 17:30:00,IB NPI,2.5
2024-06-24 17:30:00,IB OPF,92.87
2024-06-24 17:30:00,SM FT OPF,0.0
2024-06-24 17:30:00,SM GF,2.11
2024-06-24 17:30:00,SM KV OPF,0.0
2024-06-24 17:30:00,SM NPI,1.726575174
2024-06-24 17:30:00,SM TLO,3.39
2024-06-24 18:00:00,IB GF,0.0
2024-06-24 18:00:00,IB NPI,2.5
2024-06-24 18:00:00,IB OPF,92.87
2024-06-24 18:00:00,SM FT OPF,0.0
2024-06-24 18:00:00,SM GF,2.11
2024-06-24 18:00:00,SM KV OPF,0.0
2024-06-24 18:00:00,SM NPI,1.825640779
2024-06-24 18:00:00,SM TLO,3.39
2024-06-24 18:30:00,IB GF,0.0
2024-06-24 18:30:00,IB NPI,2.5
2024-06-24 18:30:00,IB OPF,92.87
2024-06-24 18:30:00,SM FT OPF,0.0
2024-06-24 18:30:00,SM GF,2.11
2024-06-24 18:30:00,SM KV OPF,0.0
2024-06-24 18:30:00,SM NPI,1.894152026
2024-06-24 18:30:00,SM TLO,3.39
2024-06-24 19:00:00,IB GF,0.0
2024-06-24 19:00:00,IB NPI,2.5
2024-06-24 19:00:00,IB OPF,92.87
2024-06-24 19:00:00,SM FT OPF,0.0
2024-06-24 19:00:00,SM GF,2.11
2024-06-24 19:00:00,SM KV OPF,0.0
2024-06-24 19:00:00,SM NPI,1.922520868
2024-06-24 19:00:00,SM TLO,3.39
2024-06-24 19:30:00,IB GF,0.0
2024-06-24 19:30:00,IB NPI,2.5
2024-06-24 19:30:00,IB OPF,92.87
2024-06-24 19:30:00,SM FT OPF,0.0
2024-06-24 19:30:00,SM GF,2.11
2024-06-24 19:30:00,SM KV OPF,0.0
2024-06-24 19:30:00,SM NPI,1.846886197
2024-06-24 19:30:00,SM TLO,3.39
2024-06-24 20:00:00,IB GF,0.0
2024-06-24 20:00:00,IB NPI,2.5
2024-06-24 20:00:00,IB OPF,92.87
2024-06-24 20:00:00,SM FT OPF,0.0
2024-06-24 20:00:00,SM GF,2.11
2024-06-24 20:00:00,SM KV OPF,0.0
2024-06-24 20:00:00,SM NPI,1.693928238
2024-06-24 20:00:00,SM TLO,3.39
2024-06-24 20:30:00,IB GF,0.0
2024-06-24 20:30:00,IB NPI,2.5
2024-06-24 20:30:00,IB OPF,92.87
2024-06-24 20:30:00,SM FT OPF,0.0
2024-06-24 20:30:00,SM GF,2.11
2024-06-24 20:30:00,SM KV OPF,0.0
2024-06-24 20:30:00,SM NPI,1.530914793
2024-06-24 20:30:00,SM TLO,3.39
2024-06-24 21:00:00,IB GF,0.0
2024-06-24 21:00:00,IB NPI,2.5
2024-06-24 21:00:00,IB OPF,92.87
2024-06-24 21:00:00,SM FT OPF,0.0
2024-06-24 21:00:00,SM GF,2.11
2024-06-24 21:00:00,SM KV OPF,0.0
2024-06-24 21:00:00,SM NPI,1.393548446
2024-06-24 21:00:00,SM TLO,3.39
2024-06-24 21:30:00,IB GF,0.0
2024-06-24 21:30:00,IB NPI,2.5
2024-06-24 21:30:00,IB OPF,92.87
2024-06-24 21:30:00,SM FT OPF,0.0
2024-06-24 21:30:00,SM GF,2.11
2024-06-24 21:30:00,SM KV OPF,0.0
2024-06-24 21:30:00,SM NPI,1.314322379
2024-06-24 21:30:00,SM TLO,3.39
2024-06-24 22:00:00,IB GF,0.0
2024-06-24 22:00:00,IB NPI,2.5
2024-06-24 22:00:00,IB OPF,92.87
2024-06-24 22:00:00,SM FT OPF,0.0
2024-06-24 22:00:00,SM GF,2.11
2024-06-24 22:00:00,SM KV OPF,0.0
2024-06-24 22:00:00,SM NPI,1.246230355
2024-06-24 22:00:00,SM TLO,3.39
2024-06-24 22:30:00,IB GF,0.0
2024-06-24 22:30:00,IB NPI,2.5
2024-06-24 22:30:00,IB OPF,92.87
2024-06-24 22:30:00,SM FT OPF,0.0
2024-06-24 22:30:00,SM GF,2.11
2024-06-24 22:30:00,SM KV OPF,0.0
2024-06-24 22:30:00,SM NPI,1.18532596
2024-06-24 22:30:00,SM TLO,3.39
2024-06-24 23:00:00,IB GF,0.0
2024-06-24 23:00:00,IB NPI,2.5
2024-06-24 23:00:00,IB OPF,92.87
2024-06-24 23:00:00,SM FT OPF,0.0
2024-06-24 23:00:00,SM GF,2.11
2024-06-24 23:00:00,SM KV OPF,0.0
2024-06-24 23:00:00,SM NPI,1.137144529
2024-06-24 23:00:00,SM TLO,3.39
2024-06-24 23:30:00,IB GF,0.0
2024-06-24 23:30:00,IB NPI,2.5
2024-06-24 23:30:00,IB OPF,92.87
2024-06-24 23:30:00,SM FT OPF,0.0
2024-06-24 23:30:00,SM GF,2.11
2024-06-24 23:30:00,SM KV OPF,0.0
2024-06-24 23:30:00,SM NPI,1.102880724
2024-06-24 23:30:00,SM TLO,3.39
2024-06-25 00:00:00,IB GF,0.0
2024-06-25 00:00:00,IB NPI,2.5
2024-06-25 00:00:00,IB OPF,92.87
2024-06-25 00:00:00,SM FT OPF,0.0
2024-06-25 00:00:00,SM GF,2.11
2024-06-25 00:00:00,SM KV OPF,0.0
2024-06-25 00:00:00,SM NPI,1.073528699
2024-06-25 00:00:00,SM TLO,3.39
2024-06-25 00:30:00,IB GF,0.0
2024-06-25 00:30:00,IB NPI,2.5
2024-06-25 00:30:00,IB OPF,92.87
2024-06-25 00:30:00,SM FT OPF,0.0
2024-06-25 00:30:00,SM GF,2.11
2024-06-25 00:30:00,SM KV OPF,0.0
2024-06-25 00:30:00,SM NPI,1.049681185
2024-06-25 00:30:00,SM TLO,3.39
2024-06-25 01:00:00,IB GF,0.0
2024-06-25 01:00:00,IB NPI,2.5
2024-06-25 01:00:00,IB OPF,92.87
2024-06-25 01:00:00,SM FT OPF,0.0
2024-06-25 01:00:00,SM GF,2.11
2024-06-25 01:00:00,SM KV OPF,0.0
2024-06-25 01:00:00,SM NPI,1.035980707
2024-06-25 01:00:00,SM TLO,3.39
2024-06-25 01:30:00,IB GF,0.0
2024-06-25 01:30:00,IB NPI,2.5
2024-06-25 01:30:00,IB OPF,92.87
2024-06-25 01:30:00,SM FT OPF,0.0
2024-06-25 01:30:00,SM GF,2.11
2024-06-25 01:30:00,SM KV OPF,0.0
2024-06-25 01:30:00,SM NPI,1.022618852
2024-06-25 01:30:00,SM TLO,3.39
2024-06-25 02:00:00,IB GF,0.0
2024-06-25 02:00:00,IB NPI,2.5
2024-06-25 02:00:00,IB OPF,92.87
2024-06-25 02:00:00,SM FT OPF,0.0
2024-06-25 02:00:00,SM GF,2.11
2024-06-25 02:00:00,SM KV OPF,0.0
2024-06-25 02:00:00,SM NPI,1.01693935
2024-06-25 02:00:00,SM TLO,3.39
2024-06-25 02:30:00,IB GF,0.0
2024-06-25 02:30:00,IB NPI,2.5
2024-06-25 02:30:00,IB OPF,92.87
2024-06-25 02:30:00,SM FT OPF,0.0
2024-06-25 02:30:00,SM GF,2.11
2024-06-25 02:30:00,SM KV OPF,0.0
2024-06-25 02:30:00,SM NPI,1.018618154
2024-06-25 02:30:00,SM TLO,3.39
2024-06-25 03:00:00,IB GF,0.0
2024-06-25 03:00:00,IB NPI,2.5
2024-06-25 03:00:00,IB OPF,92.87
2024-06-25 03:00:00,SM FT OPF,0.0
2024-06-25 03:00:00,SM GF,2.11
2024-06-25 03:00:00,SM KV OPF,0.0
2024-06-25 03:00:00,SM NPI,1.028006439
2024-06-25 03:00:00,SM TLO,3.39
2024-06-25 03:30:00,IB GF,0.0
2024-06-25 03:30:00,IB NPI,2.5
2024-06-25 03:30:00,IB OPF,92.87
2024-06-25 03:30:00,SM FT OPF,0.0
2024-06-25 03:30:00,SM GF,2.11
2024-06-25 03:30:00,SM KV OPF,0.0
2024-06-25 03:30:00,SM NPI,1.094501604
2024-06-25 03:30:00,SM TLO,3.39
2024-06-25 04:00:00,IB GF,0.0
2024-06-25 04:00:00,IB NPI,2.5
2024-06-25 04:00:00,IB OPF,92.87
2024-06-25 04:00:00,SM FT OPF,0.0
2024-06-25 04:00:00,SM GF,2.11
2024-06-25 04:00:00,SM KV OPF,0.0
2024-06-25 04:00:00,SM NPI,1.207171615
2024-06-25 04:00:00,SM TLO,3.39
2024-06-25 04:30:00,IB GF,0.0
2024-06-25 04:30:00,IB NPI,2.5
2024-06-25 04:30:00,IB OPF,92.87
2024-06-25 04:30:00,SM FT OPF,0.0
2024-06-25 04:30:00,SM GF,2.11
2024-06-25 04:30:00,SM KV OPF,0.0
2024-06-25 04:30:00,SM NPI,1.25417115
2024-06-25 04:30:00,SM TLO,3.39
2024-06-25 05:00:00,IB GF,0.0
2024-06-25 05:00:00,IB NPI,2.5
2024-06-25 05:00:00,IB OPF,92.87
2024-06-25 05:00:00,SM FT OPF,0.0
2024-06-25 05:00:00,SM GF,2.11
2024-06-25 05:00:00,SM KV OPF,0.0
2024-06-25 05:00:00,SM NPI,1.223210328
2024-06-25 05:00:00,SM TLO,3.39
2024-06-25 05:30:00,IB GF,0.0
2024-06-25 05:30:00,IB NPI,2.5
2024-06-25 05:30:00,IB OPF,92.87
2024-06-25 05:30:00,SM FT OPF,0.0
2024-06-25 05:30:00,SM GF,2.11
2024-06-25 05:30:00,SM KV OPF,0.0
2024-06-25 05:30:00,SM NPI,1.202621517
2024-06-25 05:30:00,SM TLO,3.39
2024-06-25 06:00:00,IB GF,0.0
2024-06-25 06:00:00,IB NPI,2.5
2024-06-25 06:00:00,IB OPF,92.87
2024-06-25 06:00:00,SM FT OPF,0.0
2024-06-25 06:00:00,SM GF,2.11
2024-06-25 06:00:00,SM KV OPF,0.0
2024-06-25 06:00:00,SM NPI,1.234128435
2024-06-25 06:00:00,SM TLO,3.55
2024-06-25 06:30:00,IB GF,0.0
2024-06-25 06:30:00,IB NPI,2.5
2024-06-25 06:30:00,IB OPF,92.87
2024-06-25 06:30:00,SM FT OPF,0.0
2024-06-25 06:30:00,SM GF,2.11
2024-06-25 06:30:00,SM KV OPF,0.0
2024-06-25 06:30:00,SM NPI,1.256101138
2024-06-25 06:30:00,SM TLO,3.55
2024-06-25 07:00:00,IB GF,0.0
2024-06-25 07:00:00,IB NPI,2.5
2024-06-25 07:00:00,IB OPF,92.87
2024-06-25 07:00:00,SM FT OPF,0.0
2024-06-25 07:00:00,SM GF,2.11
2024-06-25 07:00:00,SM KV OPF,0.0
2024-06-25 07:00:00,SM NPI,1.27592889
2024-06-25 07:00:00,SM TLO,3.55
2024-06-25 07:30:00,IB GF,0.0
2024-06-25 07:30:00,IB NPI,2.5
2024-06-25 07:30:00,IB OPF,92.87
2024-06-25 07:30:00,SM FT OPF,0.0
2024-06-25 07:30:00,SM GF,2.11
2024-06-25 07:30:00,SM KV OPF,0.0
2024-06-25 07:30:00,SM NPI,1.27559464
2024-06-25 07:30:00,SM TLO,3.55
2024-06-25 08:00:00,IB GF,0.0
2024-06-25 08:00:00,IB NPI,2.5
2024-06-25 08:00:00,IB OPF,92.87
2024-06-25 08:00:00,SM FT OPF,0.0
2024-06-25 08:00:00,SM GF,2.11
2024-06-25 08:00:00,SM KV OPF,0.0
2024-06-25 08:00:00,SM NPI,1.265465821
2024-06-25 08:00:00,SM TLO,3.55
2024-06-25 08:30:00,IB GF,0.0
2024-06-25 08:30:00,IB NPI,2.5
2024-06-25 08:30:00,IB OPF,92.87
2024-06-25 08:30:00,SM FT OPF,0.0
2024-06-25 08:30:00,SM GF,2.11
2024-06-25 08:30:00,SM KV OPF,0.0
2024-06-25 08:30:00,SM NPI,1.252961266
2024-06-25 08:30:00,SM TLO,3.55
2024-06-25 09:00:00,IB GF,0.0
2024-06-25 09:00:00,IB NPI,2.5
2024-06-25 09:00:00,IB OPF,92.87
2024-06-25 09:00:00,SM FT OPF,0.0
2024-06-25 09:00:00,SM GF,2.11
2024-06-25 09:00:00,SM KV OPF,0.0
2024-06-25 09:00:00,SM NPI,1.248111685
2024-06-25 09:00:00,SM TLO,3.55
2024-06-25 09:30:00,IB GF,0.0
2024-06-25 09:30:00,IB NPI,2.5
2024-06-25 09:30:00,IB OPF,92.87
2024-06-25 09:30:00,SM FT OPF,0.0
2024-06-25 09:30:00,SM GF,2.11
2024-06-25 09:30:00,SM KV OPF,0.0
2024-06-25 09:30:00,SM NPI,1.291018954
2024-06-25 09:30:00,SM TLO,3.55
2024-06-25 10:00:00,IB GF,0.0
2024-06-25 10:00:00,IB NPI,2.5
2024-06-25 10:00:00,IB OPF,92.87
2024-06-25 10:00:00,SM FT OPF,0.0
2024-06-25 10:00:00,SM GF,2.11
2024-06-25 10:00:00,SM KV OPF,0.0
2024-06-25 10:00:00,SM NPI,1.353504975
2024-06-25 10:00:00,SM TLO,3.55
2024-06-25 10:30:00,IB GF,0.0
2024-06-25 10:30:00,IB NPI,2.5
2024-06-25 10:30:00,IB OPF,92.87
2024-06-25 10:30:00,SM FT OPF,0.0
2024-06-25 10:30:00,SM GF,2.11
2024-06-25 10:30:00,SM KV OPF,0.0
2024-06-25 10:30:00,SM NPI,1.404469841
2024-06-25 10:30:00,SM TLO,3.55
2024-06-25 11:00:00,IB GF,0.0
2024-06-25 11:00:00,IB NPI,2.5
2024-06-25 11:00:00,IB OPF,92.87
2024-06-25 11:00:00,SM FT OPF,0.0
2024-06-25 11:00:00,SM GF,2.11
2024-06-25 11:00:00,SM KV OPF,0.0
2024-06-25 11:00:00,SM NPI,1.448527064
2024-06-25 11:00:00,SM TLO,3.55
2024-06-25 11:30:00,IB GF,0.0
2024-06-25 11:30:00,IB NPI,2.5
2024-06-25 11:30:00,IB OPF,92.87
2024-06-25 11:30:00,SM FT OPF,0.0
2024-06-25 11:30:00,SM GF,2.11
2024-06-25 11:30:00,SM KV OPF,0.0
2024-06-25 11:30:00,SM NPI,1.486452652
2024-06-25 11:30:00,SM TLO,3.55
2024-06-25 12:00:00,IB GF,0.0
2024-06-25 12:00:00,IB NPI,2.5
2024-06-25 12:00:00,IB OPF,92.87
2024-06-25 12:00:00,SM FT OPF,0.0
2024-06-25 12:00:00,SM GF,2.11
2024-06-25 12:00:00,SM KV OPF,0.0
2024-06-25 12:00:00,SM NPI,1.517194519
2024-06-25 12:00:00,SM TLO,3.55
2024-06-25 12:30:00,IB GF,0.0
2024-06-25 12:30:00,IB NPI,2.5
2024-06-25 12:30:00,IB OPF,92.87
2024-06-25 12:30:00,SM FT OPF,0.0
2024-06-25 12:30:00,SM GF,2.11
2024-06-25 12:30:00,SM KV OPF,0.0
2024-06-25 12:30:00,SM NPI,1.543714143
2024-06-25 12:30:00,SM TLO,3.55
2024-06-25 13:00:00,IB GF,0.0
2024-06-25 13:00:00,IB NPI,2.5
2024-06-25 13:00:00,IB OPF,92.87
2024-06-25 13:00:00,SM FT OPF,0.0
2024-06-25 13:00:00,SM GF,2.11
2024-06-25 13:00:00,SM KV OPF,0.0
2024-06-25 13:00:00,SM NPI,1.57845199
2024-06-25 13:00:00,SM TLO,3.55
2024-06-25 13:30:00,IB GF,0.0
2024-06-25 13:30:00,IB NPI,2.5
2024-06-25 13:30:00,IB OPF,92.87
2024-06-25 13:30:00,SM FT OPF,0.0
2024-06-25 13:30:00,SM GF,2.11
2024-06-25 13:30:00,SM KV OPF,0.0
2024-06-25 13:30:00,SM NPI,1.619063289
2024-06-25 13:30:00,SM TLO,3.55
2024-06-25 14:00:00,IB GF,0.0
2024-06-25 14:00:00,IB NPI,2.5
2024-06-25 14:00:00,IB OPF,92.87
2024-06-25 14:00:00,SM FT OPF,0.0
2024-06-25 14:00:00,SM GF,2.11
2024-06-25 14:00:00,SM KV OPF,0.0
2024-06-25 14:00:00,SM NPI,1.675532543
2024-06-25 14:00:00,SM TLO,3.55
2024-06-25 14:30:00,IB GF,0.0
2024-06-25 14:30:00,IB NPI,2.5
2024-06-25 14:30:00,IB OPF,92.87
2024-06-25 14:30:00,SM FT OPF,0.0
2024-06-25 14:30:00,SM GF,2.11
2024-06-25 14:30:00,SM KV OPF,0.0
2024-06-25 14:30:00,SM NPI,1.712961668
2024-06-25 14:30:00,SM TLO,3.55
2024-06-25 15:00:00,IB GF,0.0
2024-06-25 15:00:00,IB NPI,2.5
2024-06-25 15:00:00,IB OPF,92.87
2024-06-25 15:00:00,SM FT OPF,0.0
2024-06-25 15:00:00,SM GF,2.11
2024-06-25 15:00:00,SM KV OPF,0.0
2024-06-25 15:00:00,SM NPI,1.737019632
2024-06-25 15:00:00,SM TLO,3.55
2024-06-25 15:30:00,IB GF,0.0
2024-06-25 15:30:00,IB NPI,2.5
2024-06-25 15:30:00,IB OPF,92.87
2024-06-25 15:30:00,SM FT OPF,0.0
2024-06-25 15:30:00,SM GF,2.11
2024-06-25 15:30:00,SM KV OPF,0.0
2024-06-25 15:30:00,SM NPI,1.779203315
2024-06-25 15:30:00,SM TLO,3.55
2024-06-25 16:00:00,IB GF,0.0
2024-06-25 16:00:00,IB NPI,2.5
2024-06-25 16:00:00,IB OPF,92.87
2024-06-25 16:00:00,SM FT OPF,0.0
2024-06-25 16:00:00,SM GF,2.11
2024-06-25 16:00:00,SM KV OPF,0.0
2024-06-25 16:00:00,SM NPI,1.779509113
2024-06-25 16:00:00,SM TLO,3.55
2024-06-25 16:30:00,IB GF,0.0
2024-06-25 16:30:00,IB NPI,2.5
2024-06-25 16:30:00,IB OPF,92.87
2024-06-25 16:30:00,SM FT OPF,0.0
2024-06-25 16:30:00,SM GF,2.11
2024-06-25 16:30:00,SM KV OPF,0.0
2024-06-25 16:30:00,SM NPI,1.728307872
2024-06-25 16:30:00,SM TLO,3.55
2024-06-25 17:00:00,IB GF,0.0
2024-06-25 17:00:00,IB NPI,2.5
2024-06-25 17:00:00,IB OPF,92.87
2024-06-25 17:00:00,SM FT OPF,0.0
2024-06-25 17:00:00,SM GF,2.11
2024-06-25 17:00:00,SM KV OPF,0.0
2024-06-25 17:00:00,SM NPI,1.689656489
2024-06-25 17:00:00,SM TLO,3.55
2024-06-25 17:30:00,IB GF,0.0
2024-06-25 17:30:00,IB NPI,2.5
2024-06-25 17:30:00,IB OPF,92.87
2024-06-25 17:30:00,SM FT OPF,0.0
2024-06-25 17:30:00,SM GF,2.11
2024-06-25 17:30:00,SM KV OPF,0.0
2024-06-25 17:30:00,SM NPI,1.726575174
2024-06-25 17:30:00,SM TLO,3.55
2024-06-25 18:00:00,IB GF,0.0
2024-06-25 18:00:00,IB NPI,2.5
2024-06-25 18:00:00,IB OPF,92.87
2024-06-25 18:00:00,SM FT OPF,0.0
2024-06-25 18:00:00,SM GF,2.11
2024-06-25 18:00:00,SM KV OPF,0.0
2024-06-25 18:00:00,SM NPI,1.825640779
2024-06-25 18:00:00,SM TLO,3.55
2024-06-25 18:30:00,IB GF,0.0
2024-06-25 18:30:00,IB NPI,2.5
2024-06-25 18:30:00,IB OPF,92.87
2024-06-25 18:30:00,SM FT OPF,0.0
2024-06-25 18:30:00,SM GF,2.11
2024-06-25 18:30:00,SM KV OPF,0.0
2024-06-25 18:30:00,SM NPI,1.894152026
2024-06-25 18:30:00,SM TLO,3.55
2024-06-25 19:00:00,IB GF,0.0
2024-06-25 19:00:00,IB NPI,2.5
2024-06-25 19:00:00,IB OPF,92.87
2024-06-25 19:00:00,SM FT OPF,0.0
2024-06-25 19:00:00,SM GF,2.11
2024-06-25 19:00:00,SM KV OPF,0.0
2024-06-25 19:00:00,SM NPI,1.922520868
2024-06-25 19:00:00,SM TLO,3.55
2024-06-25 19:30:00,IB GF,0.0
2024-06-25 19:30:00,IB NPI,2.5
2024-06-25 19:30:00,IB OPF,92.87
2024-06-25 19:30:00,SM FT OPF,0.0
2024-06-25 19:30:00,SM GF,2.11
2024-06-25 19:30:00,SM KV OPF,0.0
2024-06-25 19:30:00,SM NPI,1.846886197
2024-06-25 19:30:00,SM TLO,3.55
2024-06-25 20:00:00,IB GF,0.0
2024-06-25 20:00:00,IB NPI,2.5
2024-06-25 20:00:00,IB OPF,92.87
2024-06-25 20:00:00,SM FT OPF,0.0
2024-06-25 20:00:00,SM GF,2.11
2024-06-25 20:00:00,SM KV OPF,0.0
2024-06-25 20:00:00,SM NPI,1.693928238
2024-06-25 20:00:00,SM TLO,3.55
2024-06-25 20:30:00,IB GF,0.0
2024-06-25 20:30:00,IB NPI,2.5
2024-06-25 20:30:00,IB OPF,92.87
2024-06-25 20:30:00,SM FT OPF,0.0
2024-06-25 20:30:00,SM GF,2.11
2024-06-25 20:30:00,SM KV OPF,0.0
2024-06-25 20:30:00,SM NPI,1.530914793
2024-06-25 20:30:00,SM TLO,3.55
2024-06-25 21:00:00,IB GF,0.0
2024-06-25 21:00:00,IB NPI,2.5
2024-06-25 21:00:00,IB OPF,92.87
2024-06-25 21:00:00,SM FT OPF,0.0
2024-06-25 21:00:00,SM GF,2.11
2024-06-25 21:00:00,SM KV OPF,0.0
2024-06-25 21:00:00,SM NPI,1.393548446
2024-06-25 21:00:00,SM TLO,3.55
2024-06-25 21:30:00,IB GF,0.0
2024-06-25 21:30:00,IB NPI,2.5
2024-06-25 21:30:00,IB OPF,92.87
2024-06-25 21:30:00,SM FT OPF,0.0
2024-06-25 21:30:00,SM GF,2.11
2024-06-25 21:30:00,SM KV OPF,0.0
2024-06-25 21:30:00,SM NPI,1.314322379
2024-06-25 21:30:00,SM TLO,3.55
2024-06-25 22:00:00,IB GF,0.0
2024-06-25 22:00:00,IB NPI,2.5
2024-06-25 22:00:00,IB OPF,92.87
2024-06-25 22:00:00,SM FT OPF,0.0
2024-06-25 22:00:00,SM GF,2.11
2024-06-25 22:00:00,SM KV OPF,0.0
2024-06-25 22:00:00,SM NPI,1.246230355
2024-06-25 22:00:00,SM TLO,3.55
2024-06-25 22:30:00,IB GF,0.0
2024-06-25 22:30:00,IB NPI,2.5
2024-06-25 22:30:00,IB OPF,92.87
2024-06-25 22:30:00,SM FT OPF,0.0
2024-06-25 22:30:00,SM GF,2.11
2024-06-25 22:30:00,SM KV OPF,0.0
2024-06-25 22:30:00,SM NPI,1.18532596
2024-06-25 22:30:00,SM TLO,3.55
2024-06-25 23:00:00,IB GF,0.0
2024-06-25 23:00:00,IB NPI,2.5
2024-06-25 23:00:00,IB OPF,92.87
2024-06-25 23:00:00,SM FT OPF,0.0
2024-06-25 23:00:00,SM GF,2.11
2024-06-25 23:00:00,SM KV OPF,0.0
2024-06-25 23:00:00,SM NPI,1.137144529
2024-06-25 23:00:00,SM TLO,3.55
2024-06-25 23:30:00,IB GF,0.0
2024-06-25 23:30:00,IB NPI,2.5
2024-06-25 23:30:00,IB OPF,92.87
2024-06-25 23:30:00,SM FT OPF,0.0
2024-06-25 23:30:00,SM GF,2.11
2024-06-25 23:30:00,SM KV OPF,0.0
2024-06-25 23:30:00,SM NPI,1.102880724
2024-06-25 23:30:00,SM TLO,3.55
2024-06-26 00:00:00,IB GF,0.0
2024-06-26 00:00:00,IB NPI,2.5
2024-06-26 00:00:00,IB OPF,92.87
2024-06-26 00:00:00,SM FT OPF,0.0
2024-06-26 00:00:00,SM GF,2.11
2024-06-26 00:00:00,SM KV OPF,0.0
2024-06-26 00:00:00,SM NPI,1.073528699
2024-06-26 00:00:00,SM TLO,3.55
2024-06-26 00:30:00,IB GF,0.0
2024-06-26 00:30:00,IB NPI,2.5
2024-06-26 00:30:00,IB OPF,92.87
2024-06-26 00:30:00,SM FT OPF,0.0
2024-06-26 00:30:00,SM GF,2.11
2024-06-26 00:30:00,SM KV OPF,0.0
2024-06-26 00:30:00,SM NPI,1.049681185
2024-06-26 00:30:00,SM TLO,3.55
2024-06-26 01:00:00,IB GF,0.0
2024-06-26 01:00:00,IB NPI,2.5
2024-06-26 01:00:00,IB OPF,92.87
2024-06-26 01:00:00,SM FT OPF,0.0
2024-06-26 01:00:00,SM GF,2.11
2024-06-26 01:00:00,SM KV OPF,0.0
2024-06-26 01:00:00,SM NPI,1.035980707
2024-06-26 01:00:00,SM TLO,3.55
2024-06-26 01:30:00,IB GF,0.0
2024-06-26 01:30:00,IB NPI,2.5
2024-06-26 01:30:00,IB OPF,92.87
2024-06-26 01:30:00,SM FT OPF,0.0
2024-06-26 01:30:00,SM GF,2.11
2024-06-26 01:30:00,SM KV OPF,0.0
2024-06-26 01:30:00,SM NPI,1.022618852
2024-06-26 01:30:00,SM TLO,3.55
2024-06-26 02:00:00,IB GF,0.0
2024-06-26 02:00:00,IB NPI,2.5
2024-06-26 02:00:00,IB OPF,92.87
2024-06-26 02:00:00,SM FT OPF,0.0
2024-06-26 02:00:00,SM GF,2.11
2024-06-26 02:00:00,SM KV OPF,0.0
2024-06-26 02:00:00,SM NPI,1.01693935
2024-06-26 02:00:00,SM TLO,3.55
2024-06-26 02:30:00,IB GF,0.0
2024-06-26 02:30:00,IB NPI,2.5
2024-06-26 02:30:00,IB OPF,92.87
2024-06-26 02:30:00,SM FT OPF,0.0
2024-06-26 02:30:00,SM GF,2.11
2024-06-26 02:30:00,SM KV OPF,0.0
2024-06-26 02:30:00,SM NPI,1.018618154
2024-06-26 02:30:00,SM TLO,3.55
2024-06-26 03:00:00,IB GF,0.0
2024-06-26 03:00:00,IB NPI,2.5
2024-06-26 03:00:00,IB OPF,92.87
2024-06-26 03:00:00,SM FT OPF,0.0
2024-06-26 03:00:00,SM GF,2.11
2024-06-26 03:00:00,SM KV OPF,0.0
2024-06-26 03:00:00,SM NPI,1.028006439
2024-06-26 03:00:00,SM TLO,3.55
2024-06-26 03:30:00,IB GF,0.0
2024-06-26 03:30:00,IB NPI,2.5
2024-06-26 03:30:00,IB OPF,92.87
2024-06-26 03:30:00,SM FT OPF,0.0
2024-06-26 03:30:00,SM GF,2.11
2024-06-26 03:30:00,SM KV OPF,0.0
2024-06-26 03:30:00,SM NPI,1.094501604
2024-06-26 03:30:00,SM TLO,3.55
2024-06-26 04:00:00,IB GF,0.0
2024-06-26 04:00:00,IB NPI,2.5
2024-06-26 04:00:00,IB OPF,92.87
2024-06-26 04:00:00,SM FT OPF,0.0
2024-06-26 04:00:00,SM GF,2.11
2024-06-26 04:00:00,SM KV OPF,0.0
2024-06-26 04:00:00,SM NPI,1.207171615
2024-06-26 04:00:00,SM TLO,3.55
2024-06-26 04:30:00,IB GF,0.0
2024-06-26 04:30:00,IB NPI,2.5
2024-06-26 04:30:00,IB OPF,92.87
2024-06-26 04:30:00,SM FT OPF,0.0
2024-06-26 04:30:00,SM GF,2.11
2024-06-26 04:30:00,SM KV OPF,0.0
2024-06-26 04:30:00,SM NPI,1.25417115
2024-06-26 04:30:00,SM TLO,3.55
2024-06-26 05:00:00,IB GF,0.0
2024-06-26 05:00:00,IB NPI,2.5
2024-06-26 05:00:00,IB OPF,92.87
2024-06-26 05:00:00,SM FT OPF,0.0
2024-06-26 05:00:00,SM GF,2.11
2024-06-26 05:00:00,SM KV OPF,0.0
2024-06-26 05:00:00,SM NPI,1.223210328
2024-06-26 05:00:00,SM TLO,3.55
2024-06-26 05:30:00,IB GF,0.0
2024-06-26 05:30:00,IB NPI,2.5
2024-06-26 05:30:00,IB OPF,92.87
2024-06-26 05:30:00,SM FT OPF,0.0
2024-06-26 05:30:00,SM GF,2.11
2024-06-26 05:30:00,SM KV OPF,0.0
2024-06-26 05:30:00,SM NPI,1.202621517
2024-06-26 05:30:00,SM TLO,3.55
2024-06-26 06:00:00,IB GF,0.0
2024-06-26 06:00:00,IB NPI,2.5
2024-06-26 06:00:00,IB OPF,92.87
2024-06-26 06:00:00,SM FT OPF,0.0
2024-06-26 06:00:00,SM GF,2.11
2024-06-26 06:00:00,SM KV OPF,0.0
2024-06-26 06:00:00,SM NPI,1.234128435
2024-06-26 06:00:00,SM TLO,3.39
2024-06-26 06:30:00,IB GF,0.0
2024-06-26 06:30:00,IB NPI,2.5
2024-06-26 06:30:00,IB OPF,92.87
2024-06-26 06:30:00,SM FT OPF,0.0
2024-06-26 06:30:00,SM GF,2.11
2024-06-26 06:30:00,SM KV OPF,0.0
2024-06-26 06:30:00,SM NPI,1.256101138
2024-06-26 06:30:00,SM TLO,3.39
2024-06-26 07:00:00,IB GF,0.0
2024-06-26 07:00:00,IB NPI,2.5
2024-06-26 07:00:00,IB OPF,92.87
2024-06-26 07:00:00,SM FT OPF,0.0
2024-06-26 07:00:00,SM GF,2.11
2024-06-26 07:00:00,SM KV OPF,0.0
2024-06-26 07:00:00,SM NPI,1.27592889
2024-06-26 07:00:00,SM TLO,3.39
2024-06-26 07:30:00,IB GF,0.0
2024-06-26 07:30:00,IB NPI,2.5
2024-06-26 07:30:00,IB OPF,92.87
2024-06-26 07:30:00,SM FT OPF,0.0
2024-06-26 07:30:00,SM GF,2.11
2024-06-26 07:30:00,SM KV OPF,0.0
2024-06-26 07:30:00,SM NPI,1.27559464
2024-06-26 07:30:00,SM TLO,3.39
2024-06-26 08:00:00,IB GF,0.0
2024-06-26 08:00:00,IB NPI,2.5
2024-06-26 08:00:00,IB OPF,92.87
2024-06-26 08:00:00,SM FT OPF,0.0
2024-06-26 08:00:00,SM GF,2.11
2024-06-26 08:00:00,SM KV OPF,0.0
2024-06-26 08:00:00,SM NPI,1.265465821
2024-06-26 08:00:00,SM TLO,3.39
2024-06-26 08:30:00,IB GF,0.0
2024-06-26 08:30:00,IB NPI,2.5
2024-06-26 08:30:00,IB OPF,92.87
2024-06-26 08:30:00,SM FT OPF,0.0
2024-06-26 08:30:00,SM GF,2.11
2024-06-26 08:30:00,SM KV OPF,0.0
2024-06-26 08:30:00,SM NPI,1.252961266
2024-06-26 08:30:00,SM TLO,3.39
2024-06-26 09:00:00,IB GF,0.0
2024-06-26 09:00:00,IB NPI,2.5
2024-06-26 09:00:00,IB OPF,92.87
2024-06-26 09:00:00,SM FT OPF,0.0
2024-06-26 09:00:00,SM GF,2.11
2024-06-26 09:00:00,SM KV OPF,0.0
2024-06-26 09:00:00,SM NPI,1.248111685
2024-06-26 09:00:00,SM TLO,3.39
2024-06-26 09:30:00,IB GF,0.0
2024-06-26 09:30:00,IB NPI,2.5
2024-06-26 09:30:00,IB OPF,92.87
2024-06-26 09:30:00,SM FT OPF,0.0
2024-06-26 09:30:00,SM GF,2.11
2024-06-26 09:30:00,SM KV OPF,0.0
2024-06-26 09:30:00,SM NPI,1.291018954
2024-06-26 09:30:00,SM TLO,3.39
2024-06-26 10:00:00,IB GF,0.0
2024-06-26 10:00:00,IB NPI,2.5
2024-06-26 10:00:00,IB OPF,92.87
2024-06-26 10:00:00,SM FT OPF,0.0
2024-06-26 10:00:00,SM GF,2.11
2024-06-26 10:00:00,SM KV OPF,0.0
2024-06-26 10:00:00,SM NPI,1.353504975
2024-06-26 10:00:00,SM TLO,3.39
2024-06-26 10:30:00,IB GF,0.0
2024-06-26 10:30:00,IB NPI,2.5
2024-06-26 10:30:00,IB OPF,92.87
2024-06-26 10:30:00,SM FT OPF,0.0
2024-06-26 10:30:00,SM GF,2.11
2024-06-26 10:30:00,SM KV OPF,0.0
2024-06-26 10:30:00,SM NPI,1.404469841
2024-06-26 10:30:00,SM TLO,3.39
2024-06-26 11:00:00,IB GF,0.0
2024-06-26 11:00:00,IB NPI,2.5
2024-06-26 11:00:00,IB OPF,92.87
2024-06-26 11:00:00,SM FT OPF,0.0
2024-06-26 11:00:00,SM GF,2.11
2024-06-26 11:00:00,SM KV OPF,0.0
2024-06-26 11:00:00,SM NPI,1.448527064
2024-06-26 11:00:00,SM TLO,3.39
2024-06-26 11:30:00,IB GF,0.0
2024-06-26 11:30:00,IB NPI,2.5
2024-06-26 11:30:00,IB OPF,92.87
2024-06-26 11:30:00,SM FT OPF,0.0
2024-06-26 11:30:00,SM GF,2.11
2024-06-26 11:30:00,SM KV OPF,0.0
2024-06-26 11:30:00,SM NPI,1.486452652
2024-06-26 11:30:00,SM TLO,3.39
2024-06-26 12:00:00,IB GF,0.0
2024-06-26 12:00:00,IB NPI,2.5
2024-06-26 12:00:00,IB OPF,92.87
2024-06-26 12:00:00,SM FT OPF,0.0
2024-06-26 12:00:00,SM GF,2.11
2024-06-26 12:00:00,SM KV OPF,0.0
2024-06-26 12:00:00,SM NPI,1.517194519
2024-06-26 12:00:00,SM TLO,3.39
2024-06-26 12:30:00,IB GF,0.0
2024-06-26 12:30:00,IB NPI,2.5
2024-06-26 12:30:00,IB OPF,92.87
2024-06-26 12:30:00,SM FT OPF,0.0
2024-06-26 12:30:00,SM GF,2.11
2024-06-26 12:30:00,SM KV OPF,0.0
2024-06-26 12:30:00,SM NPI,1.543714143
2024-06-26 12:30:00,SM TLO,3.39
2024-06-26 13:00:00,IB GF,0.0
2024-06-26 13:00:00,IB NPI,2.5
2024-06-26 13:00:00,IB OPF,92.87
2024-06-26 13:00:00,SM FT OPF,0.0
2024-06-26 13:00:00,SM GF,2.11
2024-06-26 13:00:00,SM KV OPF,0.0
2024-06-26 13:00:00,SM NPI,1.57845199
2024-06-26 13:00:00,SM TLO,3.39
2024-06-26 13:30:00,IB GF,0.0
2024-06-26 13:30:00,IB NPI,2.5
2024-06-26 13:30:00,IB OPF,92.87
2024-06-26 13:30:00,SM FT OPF,0.0
2024-06-26 13:30:00,SM GF,2.11
2024-06-26 13:30:00,SM KV OPF,0.0
2024-06-26 13:30:00,SM NPI,1.619063289
2024-06-26 13:30:00,SM TLO,3.39
2024-06-26 14:00:00,IB GF,0.0
2024-06-26 14:00:00,IB NPI,2.5
2024-06-26 14:00:00,IB OPF,92.87
2024-06-26 14:00:00,SM FT OPF,0.0
2024-06-26 14:00:00,SM GF,2.11
2024-06-26 14:00:00,SM KV OPF,0.0
2024-06-26 14:00:00,SM NPI,1.675532543
2024-06-26 14:00:00,SM TLO,3.39
2024-06-26 14:30:00,IB GF,0.0
2024-06-26 14:30:00,IB NPI,2.5
2024-06-26 14:30:00,IB OPF,92.87
2024-06-26 14:30:00,SM FT OPF,0.0
2024-06-26 14:30:00,SM GF,2.11
2024-06-26 14:30:00,SM KV OPF,0.0
2024-06-26 14:30:00,SM NPI,1.712961668
2024-06-26 14:30:00,SM TLO,3.39
2024-06-26 15:00:00,IB GF,0.0
2024-06-26 15:00:00,IB NPI,2.5
2024-06-26 15:00:00,IB OPF,92.87
2024-06-26 15:00:00,SM FT OPF,0.0
2024-06-26 15:00:00,SM GF,2.11
2024-06-26 15:00:00,SM KV OPF,0.0
2024-06-26 15:00:00,SM NPI,1.737019632
2024-06-26 15:00:00,SM TLO,3.39
2024-06-26 15:30:00,IB GF,0.0
2024-06-26 15:30:00,IB NPI,2.5
2024-06-26 15:30:00,IB OPF,92.87
2024-06-26 15:30:00,SM FT OPF,0.0
2024-06-26 15:30:00,SM GF,2.11
2024-06-26 15:30:00,SM KV OPF,0.0
2024-06-26 15:30:00,SM NPI,1.779203315
2024-06-26 15:30:00,SM TLO,3.39
2024-06-26 16:00:00,IB GF,0.0
2024-06-26 16:00:00,IB NPI,2.5
2024-06-26 16:00:00,IB OPF,92.87
2024-06-26 16:00:00,SM FT OPF,0.0
2024-06-26 16:00:00,SM GF,2.11
2024-06-26 16:00:00,SM KV OPF,0.0
2024-06-26 16:00:00,SM NPI,1.779509113
2024-06-26 16:00:00,SM TLO,3.39
2024-06-26 16:30:00,IB GF,0.0
2024-06-26 16:30:00,IB NPI,2.5
2024-06-26 16:30:00,IB OPF,92.87
2024-06-26 16:30:00,SM FT OPF,0.0
2024-06-26 16:30:00,SM GF,2.11
2024-06-26 16:30:00,SM KV OPF,0.0
2024-06-26 16:30:00,SM NPI,1.728307872
2024-06-26 16:30:00,SM TLO,3.39
2024-06-26 17:00:00,IB GF,0.0
2024-06-26 17:00:00,IB NPI,2.5
2024-06-26 17:00:00,IB OPF,92.87
2024-06-26 17:00:00,SM FT OPF,0.0
2024-06-26 17:00:00,SM GF,2.11
2024-06-26 17:00:00,SM KV OPF,0.0
2024-06-26 17:00:00,SM NPI,1.689656489
2024-06-26 17:00:00,SM TLO,3.39
2024-06-26 17:30:00,IB GF,0.0
2024-06-26 17:30:00,IB NPI,2.5
2024-06-26 17:30:00,IB OPF,92.87
2024-06-26 17:30:00,SM FT OPF,0.0
2024-06-26 17:30:00,SM GF,2.11
2024-06-26 17:30:00,SM KV OPF,0.0
2024-06-26 17:30:00,SM NPI,1.726575174
2024-06-26 17:30:00,SM TLO,3.39
2024-06-26 18:00:00,IB GF,0.0
2024-06-26 18:00:00,IB NPI,2.5
2024-06-26 18:00:00,IB OPF,92.87
2024-06-26 18:00:00,SM FT OPF,0.0
2024-06-26 18:00:00,SM GF,2.11
2024-06-26 18:00:00,SM KV OPF,0.0
2024-06-26 18:00:00,SM NPI,1.825640779
2024-06-26 18:00:00,SM TLO,3.39
2024-06-26 18:30:00,IB GF,0.0
2024-06-26 18:30:00,IB NPI,2.5
2024-06-26 18:30:00,IB OPF,92.87
2024-06-26 18:30:00,SM FT OPF,0.0
2024-06-26 18:30:00,SM GF,2.11
2024-06-26 18:30:00,SM KV OPF,0.0
2024-06-26 18:30:00,SM NPI,1.894152026
2024-06-26 18:30:00,SM TLO,3.39
2024-06-26 19:00:00,IB GF,0.0
2024-06-26 19:00:00,IB NPI,2.5
2024-06-26 19:00:00,IB OPF,92.87
2024-06-26 19:00:00,SM FT OPF,0.0
2024-06-26 19:00:00,SM GF,2.11
2024-06-26 19:00:00,SM KV OPF,0.0
2024-06-26 19:00:00,SM NPI,1.922520868
2024-06-26 19:00:00,SM TLO,3.39
2024-06-26 19:30:00,IB GF,0.0
2024-06-26 19:30:00,IB NPI,2.5
2024-06-26 19:30:00,IB OPF,92.87
2024-06-26 19:30:00,SM FT OPF,0.0
2024-06-26 19:30:00,SM GF,2.11
2024-06-26 19:30:00,SM KV OPF,0.0
2024-06-26 19:30:00,SM NPI,1.846886197
2024-06-26 19:30:00,SM TLO,3.39
2024-06-26 20:00:00,IB GF,0.0
2024-06-26 20:00:00,IB NPI,2.5
2024-06-26 20:00:00,IB OPF,92.87
2024-06-26 20:00:00,SM FT OPF,0.0
2024-06-26 20:00:00,SM GF,2.11
2024-06-26 20:00:00,SM KV OPF,0.0
2024-06-26 20:00:00,SM NPI,1.693928238
2024-06-26 20:00:00,SM TLO,3.39
2024-06-26 20:30:00,IB GF,0.0
2024-06-26 20:30:00,IB NPI,2.5
2024-06-26 20:30:00,IB OPF,92.87
2024-06-26 20:30:00,SM FT OPF,0.0
2024-06-26 20:30:00,SM GF,2.11
2024-06-26 20:30:00,SM KV OPF,0.0
2024-06-26 20:30:00,SM NPI,1.530914793
2024-06-26 20:30:00,SM TLO,3.39
2024-06-26 21:00:00,IB GF,0.0
2024-06-26 21:00:00,IB NPI,2.5
2024-06-26 21:00:00,IB OPF,92.87
2024-06-26 21:00:00,SM FT OPF,0.0
2024-06-26 21:00:00,SM GF,2.11
2024-06-26 21:00:00,SM KV OPF,0.0
2024-06-26 21:00:00,SM NPI,1.393548446
2024-06-26 21:00:00,SM TLO,3.39
2024-06-26 21:30:00,IB GF,0.0
2024-06-26 21:30:00,IB NPI,2.5
2024-06-26 21:30:00,IB OPF,92.87
2024-06-26 21:30:00,SM FT OPF,0.0
2024-06-26 21:30:00,SM GF,2.11
2024-06-26 21:30:00,SM KV OPF,0.0
2024-06-26 21:30:00,SM NPI,1.314322379
2024-06-26 21:30:00,SM TLO,3.39
2024-06-26 22:00:00,IB GF,0.0
2024-06-26 22:00:00,IB NPI,2.5
2024-06-26 22:00:00,IB OPF,92.87
2024-06-26 22:00:00,SM FT OPF,0.0
2024-06-26 22:00:00,SM GF,2.11
2024-06-26 22:00:00,SM KV OPF,0.0
2024-06-26 22:00:00,SM NPI,1.246230355
2024-06-26 22:00:00,SM TLO,3.39
2024-06-26 22:30:00,IB GF,0.0
2024-06-26 22:30:00,IB NPI,2.5
2024-06-26 22:30:00,IB OPF,92.87
2024-06-26 22:30:00,SM FT OPF,0.0
2024-06-26 22:30:00,SM GF,2.11
2024-06-26 22:30:00,SM KV OPF,0.0
2024-06-26 22:30:00,SM NPI,1.18532596
2024-06-26 22:30:00,SM TLO,3.39
2024-06-26 23:00:00,IB GF,0.0
2024-06-26 23:00:00,IB NPI,2.5
2024-06-26 23:00:00,IB OPF,92.87
2024-06-26 23:00:00,SM FT OPF,0.0
2024-06-26 23:00:00,SM GF,2.11
2024-06-26 23:00:00,SM KV OPF,0.0
2024-06-26 23:00:00,SM NPI,1.137144529
2024-06-26 23:00:00,SM TLO,3.39
2024-06-26 23:30:00,IB GF,0.0
2024-06-26 23:30:00,IB NPI,2.5
2024-06-26 23:30:00,IB OPF,92.87
2024-06-26 23:30:00,SM FT OPF,0.0
2024-06-26 23:30:00,SM GF,2.11
2024-06-26 23:30:00,SM KV OPF,0.0
2024-06-26 23:30:00,SM NPI,1.102880724
2024-06-26 23:30:00,SM TLO,3.39
2024-06-27 00:00:00,IB GF,0.0
2024-06-27 00:00:00,IB NPI,2.5
2024-06-27 00:00:00,IB OPF,92.87
2024-06-27 00:00:00,SM FT OPF,0.0
2024-06-27 00:00:00,SM GF,2.11
2024-06-27 00:00:00,SM KV OPF,0.0
2024-06-27 00:00:00,SM NPI,1.073528699
2024-06-27 00:00:00,SM TLO,3.39
2024-06-27 00:30:00,IB GF,0.0
2024-06-27 00:30:00,IB NPI,2.5
2024-06-27 00:30:00,IB OPF,92.87
2024-06-27 00:30:00,SM FT OPF,0.0
2024-06-27 00:30:00,SM GF,2.11
2024-06-27 00:30:00,SM KV OPF,0.0
2024-06-27 00:30:00,SM NPI,1.049681185
2024-06-27 00:30:00,SM TLO,3.39
2024-06-27 01:00:00,IB GF,0.0
2024-06-27 01:00:00,IB NPI,2.5
2024-06-27 01:00:00,IB OPF,92.87
2024-06-27 01:00:00,SM FT OPF,0.0
2024-06-27 01:00:00,SM GF,2.11
2024-06-27 01:00:00,SM KV OPF,0.0
2024-06-27 01:00:00,SM NPI,1.035980707
2024-06-27 01:00:00,SM TLO,3.39
2024-06-27 01:30:00,IB GF,0.0
2024-06-27 01:30:00,IB NPI,2.5
2024-06-27 01:30:00,IB OPF,92.87
2024-06-27 01:30:00,SM FT OPF,0.0
2024-06-27 01:30:00,SM GF,2.11
2024-06-27 01:30:00,SM KV OPF,0.0
2024-06-27 01:30:00,SM NPI,1.022618852
2024-06-27 01:30:00,SM TLO,3.39
2024-06-27 02:00:00,IB GF,0.0
2024-06-27 02:00:00,IB NPI,2.5
2024-06-27 02:00:00,IB OPF,92.87
2024-06-27 02:00:00,SM FT OPF,0.0
2024-06-27 02:00:00,SM GF,2.11
2024-06-27 02:00:00,SM KV OPF,0.0
2024-06-27 02:00:00,SM NPI,1.01693935
2024-06-27 02:00:00,SM TLO,3.39
2024-06-27 02:30:00,IB GF,0.0
2024-06-27 02:30:00,IB NPI,2.5
2024-06-27 02:30:00,IB OPF,92.87
2024-06-27 02:30:00,SM FT OPF,0.0
2024-06-27 02:30:00,SM GF,2.11
2024-06-27 02:30:00,SM KV OPF,0.0
2024-06-27 02:30:00,SM NPI,1.018618154
2024-06-27 02:30:00,SM TLO,3.39
2024-06-27 03:00:00,IB GF,0.0
2024-06-27 03:00:00,IB NPI,2.5
2024-06-27 03:00:00,IB OPF,92.87
2024-06-27 03:00:00,SM FT OPF,0.0
2024-06-27 03:00:00,SM GF,2.11
2024-06-27 03:00:00,SM KV OPF,0.0
2024-06-27 03:00:00,SM NPI,1.028006439
2024-06-27 03:00:00,SM TLO,3.39
2024-06-27 03:30:00,IB GF,0.0
2024-06-27 03:30:00,IB NPI,2.5
2024-06-27 03:30:00,IB OPF,92.87
2024-06-27 03:30:00,SM FT OPF,0.0
2024-06-27 03:30:00,SM GF,2.11
2024-06-27 03:30:00,SM KV OPF,0.0
2024-06-27 03:30:00,SM NPI,1.094501604
2024-06-27 03:30:00,SM TLO,3.39
2024-06-27 04:00:00,IB GF,0.0
2024-06-27 04:00:00,IB NPI,2.5
2024-06-27 04:00:00,IB OPF,92.87
2024-06-27 04:00:00,SM FT OPF,0.0
2024-06-27 04:00:00,SM GF,2.11
2024-06-27 04:00:00,SM KV OPF,0.0
2024-06-27 04:00:00,SM NPI,1.207171615
2024-06-27 04:00:00,SM TLO,3.39
2024-06-27 04:30:00,IB GF,0.0
2024-06-27 04:30:00,IB NPI,2.5
2024-06-27 04:30:00,IB OPF,92.87
2024-06-27 04:30:00,SM FT OPF,0.0
2024-06-27 04:30:00,SM GF,2.11
2024-06-27 04:30:00,SM KV OPF,0.0
2024-06-27 04:30:00,SM NPI,1.25417115
2024-06-27 04:30:00,SM TLO,3.39
2024-06-27 05:00:00,IB GF,0.0
2024-06-27 05:00:00,IB NPI,2.5
2024-06-27 05:00:00,IB OPF,92.87
2024-06-27 05:00:00,SM FT OPF,0.0
2024-06-27 05:00:00,SM GF,2.11
2024-06-27 05:00:00,SM KV OPF,0.0
2024-06-27 05:00:00,SM NPI,1.223210328
2024-06-27 05:00:00,SM TLO,3.39
2024-06-27 05:30:00,IB GF,0.0
2024-06-27 05:30:00,IB NPI,2.5
2024-06-27 05:30:00,IB OPF,92.87
2024-06-27 05:30:00,SM FT OPF,0.0
2024-06-27 05:30:00,SM GF,2.11
2024-06-27 05:30:00,SM KV OPF,0.0
2024-06-27 05:30:00,SM NPI,1.202621517
2024-06-27 05:30:00,SM TLO,3.39
2024-06-27 06:00:00,IB GF,0.0
2024-06-27 06:00:00,IB NPI,2.5
2024-06-27 06:00:00,IB OPF,92.87
2024-06-27 06:00:00,SM FT OPF,0.0
2024-06-27 06:00:00,SM GF,2.11
2024-06-27 06:00:00,SM KV OPF,0.0
2024-06-27 06:00:00,SM NPI,1.234128435
2024-06-27 06:00:00,SM TLO,3.55
2024-06-27 06:30:00,IB GF,0.0
2024-06-27 06:30:00,IB NPI,2.5
2024-06-27 06:30:00,IB OPF,92.87
2024-06-27 06:30:00,SM FT OPF,0.0
2024-06-27 06:30:00,SM GF,2.11
2024-06-27 06:30:00,SM KV OPF,0.0
2024-06-27 06:30:00,SM NPI,1.256101138
2024-06-27 06:30:00,SM TLO,3.55
2024-06-27 07:00:00,IB GF,0.0
2024-06-27 07:00:00,IB NPI,2.5
2024-06-27 07:00:00,IB OPF,92.87
2024-06-27 07:00:00,SM FT OPF,0.0
2024-06-27 07:00:00,SM GF,2.11
2024-06-27 07:00:00,SM KV OPF,0.0
2024-06-27 07:00:00,SM NPI,1.27592889
2024-06-27 07:00:00,SM TLO,3.55
2024-06-27 07:30:00,IB GF,0.0
2024-06-27 07:30:00,IB NPI,2.5
2024-06-27 07:30:00,IB OPF,92.87
2024-06-27 07:30:00,SM FT OPF,0.0
2024-06-27 07:30:00,SM GF,2.11
2024-06-27 07:30:00,SM KV OPF,0.0
2024-06-27 07:30:00,SM NPI,1.27559464
2024-06-27 07:30:00,SM TLO,3.55
2024-06-27 08:00:00,IB GF,0.0
2024-06-27 08:00:00,IB NPI,2.5
2024-06-27 08:00:00,IB OPF,92.87
2024-06-27 08:00:00,SM FT OPF,0.0
2024-06-27 08:00:00,SM GF,2.11
2024-06-27 08:00:00,SM KV OPF,0.0
2024-06-27 08:00:00,SM NPI,1.265465821
2024-06-27 08:00:00,SM TLO,3.55
2024-06-27 08:30:00,IB GF,0.0
2024-06-27 08:30:00,IB NPI,2.5
2024-06-27 08:30:00,IB OPF,92.87
2024-06-27 08:30:00,SM FT OPF,0.0
2024-06-27 08:30:00,SM GF,2.11
2024-06-27 08:30:00,SM KV OPF,0.0
2024-06-27 08:30:00,SM NPI,1.252961266
2024-06-27 08:30:00,SM TLO,3.55
2024-06-27 09:00:00,IB GF,0.0
2024-06-27 09:00:00,IB NPI,2.5
2024-06-27 09:00:00,IB OPF,92.87
2024-06-27 09:00:00,SM FT OPF,0.0
2024-06-27 09:00:00,SM GF,2.11
2024-06-27 09:00:00,SM KV OPF,0.0
2024-06-27 09:00:00,SM NPI,1.248111685
2024-06-27 09:00:00,SM TLO,3.55
2024-06-27 09:30:00,IB GF,0.0
2024-06-27 09:30:00,IB NPI,2.5
2024-06-27 09:30:00,IB OPF,92.87
2024-06-27 09:30:00,SM FT OPF,0.0
2024-06-27 09:30:00,SM GF,2.11
2024-06-27 09:30:00,SM KV OPF,0.0
2024-06-27 09:30:00,SM NPI,1.291018954
2024-06-27 09:30:00,SM TLO,3.55
2024-06-27 10:00:00,IB GF,0.0
2024-06-27 10:00:00,IB NPI,2.5
2024-06-27 10:00:00,IB OPF,92.87
2024-06-27 10:00:00,SM FT OPF,0.0
2024-06-27 10:00:00,SM GF,2.11
2024-06-27 10:00:00,SM KV OPF,0.0
2024-06-27 10:00:00,SM NPI,1.353504975
2024-06-27 10:00:00,SM TLO,3.55
2024-06-27 10:30:00,IB GF,0.0
2024-06-27 10:30:00,IB NPI,2.5
2024-06-27 10:30:00,IB OPF,92.87
2024-06-27 10:30:00,SM FT OPF,0.0
2024-06-27 10:30:00,SM GF,2.11
2024-06-27 10:30:00,SM KV OPF,0.0
2024-06-27 10:30:00,SM NPI,1.404469841
2024-06-27 10:30:00,SM TLO,3.55
2024-06-27 11:00:00,IB GF,0.0
2024-06-27 11:00:00,IB NPI,2.5
2024-06-27 11:00:00,IB OPF,92.87
2024-06-27 11:00:00,SM FT OPF,0.0
2024-06-27 11:00:00,SM GF,2.11
2024-06-27 11:00:00,SM KV OPF,0.0
2024-06-27 11:00:00,SM NPI,1.448527064
2024-06-27 11:00:00,SM TLO,3.55
2024-06-27 11:30:00,IB GF,0.0
2024-06-27 11:30:00,IB NPI,2.5
2024-06-27 11:30:00,IB OPF,92.87
2024-06-27 11:30:00,SM FT OPF,0.0
2024-06-27 11:30:00,SM GF,2.11
2024-06-27 11:30:00,SM KV OPF,0.0
2024-06-27 11:30:00,SM NPI,1.486452652
2024-06-27 11:30:00,SM TLO,3.55
2024-06-27 12:00:00,IB GF,0.0
2024-06-27 12:00:00,IB NPI,2.5
2024-06-27 12:00:00,IB OPF,92.87
2024-06-27 12:00:00,SM FT OPF,0.0
2024-06-27 12:00:00,SM GF,2.11
2024-06-27 12:00:00,SM KV OPF,0.0
2024-06-27 12:00:00,SM NPI,1.517194519
2024-06-27 12:00:00,SM TLO,3.55
2024-06-27 12:30:00,IB GF,0.0
2024-06-27 12:30:00,IB NPI,2.5
2024-06-27 12:30:00,IB OPF,92.87
2024-06-27 12:30:00,SM FT OPF,0.0
2024-06-27 12:30:00,SM GF,2.11
2024-06-27 12:30:00,SM KV OPF,0.0
2024-06-27 12:30:00,SM NPI,1.543714143
2024-06-27 12:30:00,SM TLO,3.55
2024-06-27 13:00:00,IB GF,0.0
2024-06-27 13:00:00,IB NPI,2.5
2024-06-27 13:00:00,IB OPF,92.87
2024-06-27 13:00:00,SM FT OPF,0.0
2024-06-27 13:00:00,SM GF,2.11
2024-06-27 13:00:00,SM KV OPF,0.0
2024-06-27 13:00:00,SM NPI,1.57845199
2024-06-27 13:00:00,SM TLO,3.55
2024-06-27 13:30:00,IB GF,0.0
2024-06-27 13:30:00,IB NPI,2.5
2024-06-27 13:30:00,IB OPF,92.87
2024-06-27 13:30:00,SM FT OPF,0.0
2024-06-27 13:30:00,SM GF,2.11
2024-06-27 13:30:00,SM KV OPF,0.0
2024-06-27 13:30:00,SM NPI,1.619063289
2024-06-27 13:30:00,SM TLO,3.55
2024-06-27 14:00:00,IB GF,0.0
2024-06-27 14:00:00,IB NPI,2.5
2024-06-27 14:00:00,IB OPF,92.87
2024-06-27 14:00:00,SM FT OPF,0.0
2024-06-27 14:00:00,SM GF,2.11
2024-06-27 14:00:00,SM KV OPF,0.0
2024-06-27 14:00:00,SM NPI,1.675532543
2024-06-27 14:00:00,SM TLO,3.55
2024-06-27 14:30:00,IB GF,0.0
2024-06-27 14:30:00,IB NPI,2.5
2024-06-27 14:30:00,IB OPF,92.87
2024-06-27 14:30:00,SM FT OPF,0.0
2024-06-27 14:30:00,SM GF,2.11
2024-06-27 14:30:00,SM KV OPF,0.0
2024-06-27 14:30:00,SM NPI,1.712961668
2024-06-27 14:30:00,SM TLO,3.55
2024-06-27 15:00:00,IB GF,0.0
2024-06-27 15:00:00,IB NPI,2.5
2024-06-27 15:00:00,IB OPF,92.87
2024-06-27 15:00:00,SM FT OPF,0.0
2024-06-27 15:00:00,SM GF,2.11
2024-06-27 15:00:00,SM KV OPF,0.0
2024-06-27 15:00:00,SM NPI,1.737019632
2024-06-27 15:00:00,SM TLO,3.55
2024-06-27 15:30:00,IB GF,0.0
2024-06-27 15:30:00,IB NPI,2.5
2024-06-27 15:30:00,IB OPF,92.87
2024-06-27 15:30:00,SM FT OPF,0.0
2024-06-27 15:30:00,SM GF,2.11
2024-06-27 15:30:00,SM KV OPF,0.0
2024-06-27 15:30:00,SM NPI,1.779203315
2024-06-27 15:30:00,SM TLO,3.55
2024-06-27 16:00:00,IB GF,0.0
2024-06-27 16:00:00,IB NPI,2.5
2024-06-27 16:00:00,IB OPF,92.87
2024-06-27 16:00:00,SM FT OPF,0.0
2024-06-27 16:00:00,SM GF,2.11
2024-06-27 16:00:00,SM KV OPF,0.0
2024-06-27 16:00:00,SM NPI,1.779509113
2024-06-27 16:00:00,SM TLO,3.55
2024-06-27 16:30:00,IB GF,0.0
2024-06-27 16:30:00,IB NPI,2.5
2024-06-27 16:30:00,IB OPF,92.87
2024-06-27 16:30:00,SM FT OPF,0.0
2024-06-27 16:30:00,SM GF,2.11
2024-06-27 16:30:00,SM KV OPF,0.0
2024-06-27 16:30:00,SM NPI,1.728307872
2024-06-27 16:30:00,SM TLO,3.55
2024-06-27 17:00:00,IB GF,0.0
2024-06-27 17:00:00,IB NPI,2.5
2024-06-27 17:00:00,IB OPF,92.87
2024-06-27 17:00:00,SM FT OPF,0.0
2024-06-27 17:00:00,SM GF,2.11
2024-06-27 17:00:00,SM KV OPF,0.0
2024-06-27 17:00:00,SM NPI,1.689656489
2024-06-27 17:00:00,SM TLO,3.55
2024-06-27 17:30:00,IB GF,0.0
2024-06-27 17:30:00,IB NPI,2.5
2024-06-27 17:30:00,IB OPF,92.87
2024-06-27 17:30:00,SM FT OPF,0.0
2024-06-27 17:30:00,SM GF,2.11
2024-06-27 17:30:00,SM KV OPF,0.0
2024-06-27 17:30:00,SM NPI,1.726575174
2024-06-27 17:30:00,SM TLO,3.55
2024-06-27 18:00:00,IB GF,0.0
2024-06-27 18:00:00,IB NPI,2.5
2024-06-27 18:00:00,IB OPF,92.87
2024-06-27 18:00:00,SM FT OPF,0.0
2024-06-27 18:00:00,SM GF,2.11
2024-06-27 18:00:00,SM KV OPF,0.0
2024-06-27 18:00:00,SM NPI,1.825640779
2024-06-27 18:00:00,SM TLO,3.55
2024-06-27 18:30:00,IB GF,0.0
2024-06-27 18:30:00,IB NPI,2.5
2024-06-27 18:30:00,IB OPF,92.87
2024-06-27 18:30:00,SM FT OPF,0.0
2024-06-27 18:30:00,SM GF,2.11
2024-06-27 18:30:00,SM KV OPF,0.0
2024-06-27 18:30:00,SM NPI,1.894152026
2024-06-27 18:30:00,SM TLO,3.55
2024-06-27 19:00:00,IB GF,0.0
2024-06-27 19:00:00,IB NPI,2.5
2024-06-27 19:00:00,IB OPF,92.87
2024-06-27 19:00:00,SM FT OPF,0.0
2024-06-27 19:00:00,SM GF,2.11
2024-06-27 19:00:00,SM KV OPF,0.0
2024-06-27 19:00:00,SM NPI,1.922520868
2024-06-27 19:00:00,SM TLO,3.55
2024-06-27 19:30:00,IB GF,0.0
2024-06-27 19:30:00,IB NPI,2.5
2024-06-27 19:30:00,IB OPF,92.87
2024-06-27 19:30:00,SM FT OPF,0.0
2024-06-27 19:30:00,SM GF,2.11
2024-06-27 19:30:00,SM KV OPF,0.0
2024-06-27 19:30:00,SM NPI,1.846886197
2024-06-27 19:30:00,SM TLO,3.55
2024-06-27 20:00:00,IB GF,0.0
2024-06-27 20:00:00,IB NPI,2.5
2024-06-27 20:00:00,IB OPF,92.87
2024-06-27 20:00:00,SM FT OPF,0.0
2024-06-27 20:00:00,SM GF,2.11
2024-06-27 20:00:00,SM KV OPF,0.0
2024-06-27 20:00:00,SM NPI,1.693928238
2024-06-27 20:00:00,SM TLO,3.55
2024-06-27 20:30:00,IB GF,0.0
2024-06-27 20:30:00,IB NPI,2.5
2024-06-27 20:30:00,IB OPF,92.87
2024-06-27 20:30:00,SM FT OPF,0.0
2024-06-27 20:30:00,SM GF,2.11
2024-06-27 20:30:00,SM KV OPF,0.0
2024-06-27 20:30:00,SM NPI,1.530914793
2024-06-27 20:30:00,SM TLO,3.55
2024-06-27 21:00:00,IB GF,0.0
2024-06-27 21:00:00,IB NPI,2.5
2024-06-27 21:00:00,IB OPF,92.87
2024-06-27 21:00:00,SM FT OPF,0.0
2024-06-27 21:00:00,SM GF,2.11
2024-06-27 21:00:00,SM KV OPF,0.0
2024-06-27 21:00:00,SM NPI,1.393548446
2024-06-27 21:00:00,SM TLO,3.55
2024-06-27 21:30:00,IB GF,0.0
2024-06-27 21:30:00,IB NPI,2.5
2024-06-27 21:30:00,IB OPF,92.87
2024-06-27 21:30:00,SM FT OPF,0.0
2024-06-27 21:30:00,SM GF,2.11
2024-06-27 21:30:00,SM KV OPF,0.0
2024-06-27 21:30:00,SM NPI,1.314322379
2024-06-27 21:30:00,SM TLO,3.55
2024-06-27 22:00:00,IB GF,0.0
2024-06-27 22:00:00,IB NPI,2.5
2024-06-27 22:00:00,IB OPF,92.87
2024-06-27 22:00:00,SM FT OPF,0.0
2024-06-27 22:00:00,SM GF,2.11
2024-06-27 22:00:00,SM KV OPF,0.0
2024-06-27 22:00:00,SM NPI,1.246230355
2024-06-27 22:00:00,SM TLO,3.55
2024-06-27 22:30:00,IB GF,0.0
2024-06-27 22:30:00,IB NPI,2.5
2024-06-27 22:30:00,IB OPF,92.87
2024-06-27 22:30:00,SM FT OPF,0.0
2024-06-27 22:30:00,SM GF,2.11
2024-06-27 22:30:00,SM KV OPF,0.0
2024-06-27 22:30:00,SM NPI,1.18532596
2024-06-27 22:30:00,SM TLO,3.55
2024-06-27 23:00:00,IB GF,0.0
2024-06-27 23:00:00,IB NPI,2.5
2024-06-27 23:00:00,IB OPF,92.87
2024-06-27 23:00:00,SM FT OPF,0.0
2024-06-27 23:00:00,SM GF,2.11
2024-06-27 23:00:00,SM KV OPF,0.0
2024-06-27 23:00:00,SM NPI,1.137144529
2024-06-27 23:00:00,SM TLO,3.55
2024-06-27 23:30:00,IB GF,0.0
2024-06-27 23:30:00,IB NPI,2.5
2024-06-27 23:30:00,IB OPF,92.87
2024-06-27 23:30:00,SM FT OPF,0.0
2024-06-27 23:30:00,SM GF,2.11
2024-06-27 23:30:00,SM KV OPF,0.0
2024-06-27 23:30:00,SM NPI,1.102880724
2024-06-27 23:30:00,SM TLO,3.55
2024-06-28 00:00:00,IB GF,0.0
2024-06-28 00:00:00,IB NPI,2.5
2024-06-28 00:00:00,IB OPF,92.87
2024-06-28 00:00:00,SM FT OPF,0.0
2024-06-28 00:00:00,SM GF,2.11
2024-06-28 00:00:00,SM KV OPF,0.0
2024-06-28 00:00:00,SM NPI,1.073528699
2024-06-28 00:00:00,SM TLO,3.55
2024-06-28 00:30:00,IB GF,0.0
2024-06-28 00:30:00,IB NPI,2.5
2024-06-28 00:30:00,IB OPF,92.87
2024-06-28 00:30:00,SM FT OPF,0.0
2024-06-28 00:30:00,SM GF,2.11
2024-06-28 00:30:00,SM KV OPF,0.0
2024-06-28 00:30:00,SM NPI,1.049681185
2024-06-28 00:30:00,SM TLO,3.55
2024-06-28 01:00:00,IB GF,0.0
2024-06-28 01:00:00,IB NPI,2.5
2024-06-28 01:00:00,IB OPF,92.87
2024-06-28 01:00:00,SM FT OPF,0.0
2024-06-28 01:00:00,SM GF,2.11
2024-06-28 01:00:00,SM KV OPF,0.0
2024-06-28 01:00:00,SM NPI,1.035980707
2024-06-28 01:00:00,SM TLO,3.55
2024-06-28 01:30:00,IB GF,0.0
2024-06-28 01:30:00,IB NPI,2.5
2024-06-28 01:30:00,IB OPF,92.87
2024-06-28 01:30:00,SM FT OPF,0.0
2024-06-28 01:30:00,SM GF,2.11
2024-06-28 01:30:00,SM KV OPF,0.0
2024-06-28 01:30:00,SM NPI,1.022618852
2024-06-28 01:30:00,SM TLO,3.55
2024-06-28 02:00:00,IB GF,0.0
2024-06-28 02:00:00,IB NPI,2.5
2024-06-28 02:00:00,IB OPF,92.87
2024-06-28 02:00:00,SM FT OPF,0.0
2024-06-28 02:00:00,SM GF,2.11
2024-06-28 02:00:00,SM KV OPF,0.0
2024-06-28 02:00:00,SM NPI,1.01693935
2024-06-28 02:00:00,SM TLO,3.55
2024-06-28 02:30:00,IB GF,0.0
2024-06-28 02:30:00,IB NPI,2.5
2024-06-28 02:30:00,IB OPF,92.87
2024-06-28 02:30:00,SM FT OPF,0.0
2024-06-28 02:30:00,SM GF,2.11
2024-06-28 02:30:00,SM KV OPF,0.0
2024-06-28 02:30:00,SM NPI,1.018618154
2024-06-28 02:30:00,SM TLO,3.55
2024-06-28 03:00:00,IB GF,0.0
2024-06-28 03:00:00,IB NPI,2.5
2024-06-28 03:00:00,IB OPF,92.87
2024-06-28 03:00:00,SM FT OPF,0.0
2024-06-28 03:00:00,SM GF,2.11
2024-06-28 03:00:00,SM KV OPF,0.0
2024-06-28 03:00:00,SM NPI,1.028006439
2024-06-28 03:00:00,SM TLO,3.55
2024-06-28 03:30:00,IB GF,0.0
2024-06-28 03:30:00,IB NPI,2.5
2024-06-28 03:30:00,IB OPF,92.87
2024-06-28 03:30:00,SM FT OPF,0.0
2024-06-28 03:30:00,SM GF,2.11
2024-06-28 03:30:00,SM KV OPF,0.0
2024-06-28 03:30:00,SM NPI,1.094501604
2024-06-28 03:30:00,SM TLO,3.55
2024-06-28 04:00:00,IB GF,0.0
2024-06-28 04:00:00,IB NPI,2.5
2024-06-28 04:00:00,IB OPF,92.87
2024-06-28 04:00:00,SM FT OPF,0.0
2024-06-28 04:00:00,SM GF,2.11
2024-06-28 04:00:00,SM KV OPF,0.0
2024-06-28 04:00:00,SM NPI,1.207171615
2024-06-28 04:00:00,SM TLO,3.55
2024-06-28 04:30:00,IB GF,0.0
2024-06-28 04:30:00,IB NPI,2.5
2024-06-28 04:30:00,IB OPF,92.87
2024-06-28 04:30:00,SM FT OPF,0.0
2024-06-28 04:30:00,SM GF,2.11
2024-06-28 04:30:00,SM KV OPF,0.0
2024-06-28 04:30:00,SM NPI,1.25417115
2024-06-28 04:30:00,SM TLO,3.55
2024-06-28 05:00:00,IB GF,0.0
2024-06-28 05:00:00,IB NPI,2.5
2024-06-28 05:00:00,IB OPF,92.87
2024-06-28 05:00:00,SM FT OPF,0.0
2024-06-28 05:00:00,SM GF,2.11
2024-06-28 05:00:00,SM KV OPF,0.0
2024-06-28 05:00:00,SM NPI,1.223210328
2024-06-28 05:00:00,SM TLO,3.55
2024-06-28 05:30:00,IB GF,0.0
2024-06-28 05:30:00,IB NPI,2.5
2024-06-28 05:30:00,IB OPF,92.87
2024-06-28 05:30:00,SM FT OPF,0.0
2024-06-28 05:30:00,SM GF,2.11
2024-06-28 05:30:00,SM KV OPF,0.0
2024-06-28 05:30:00,SM NPI,1.202621517
2024-06-28 05:30:00,SM TLO,3.55
2024-06-28 06:00:00,IB GF,0.0
2024-06-28 06:00:00,IB NPI,2.5
2024-06-28 06:00:00,IB OPF,92.87
2024-06-28 06:00:00,SM FT OPF,0.0
2024-06-28 06:00:00,SM GF,2.11
2024-06-28 06:00:00,SM KV OPF,0.0
2024-06-28 06:00:00,SM NPI,1.234128435
2024-06-28 06:00:00,SM TLO,3.67
2024-06-28 06:30:00,IB GF,0.0
2024-06-28 06:30:00,IB NPI,2.5
2024-06-28 06:30:00,IB OPF,92.87
2024-06-28 06:30:00,SM FT OPF,0.0
2024-06-28 06:30:00,SM GF,2.11
2024-06-28 06:30:00,SM KV OPF,0.0
2024-06-28 06:30:00,SM NPI,1.256101138
2024-06-28 06:30:00,SM TLO,3.67
2024-06-28 07:00:00,IB GF,0.0
2024-06-28 07:00:00,IB NPI,2.5
2024-06-28 07:00:00,IB OPF,92.87
2024-06-28 07:00:00,SM FT OPF,0.0
2024-06-28 07:00:00,SM GF,2.11
2024-06-28 07:00:00,SM KV OPF,0.0
2024-06-28 07:00:00,SM NPI,1.27592889
2024-06-28 07:00:00,SM TLO,3.67
2024-06-28 07:30:00,IB GF,0.0
2024-06-28 07:30:00,IB NPI,2.5
2024-06-28 07:30:00,IB OPF,92.87
2024-06-28 07:30:00,SM FT OPF,0.0
2024-06-28 07:30:00,SM GF,2.11
2024-06-28 07:30:00,SM KV OPF,0.0
2024-06-28 07:30:00,SM NPI,1.27559464
2024-06-28 07:30:00,SM TLO,3.67
2024-06-28 08:00:00,IB GF,0.0
2024-06-28 08:00:00,IB NPI,2.5
2024-06-28 08:00:00,IB OPF,92.87
2024-06-28 08:00:00,SM FT OPF,0.0
2024-06-28 08:00:00,SM GF,2.11
2024-06-28 08:00:00,SM KV OPF,0.0
2024-06-28 08:00:00,SM NPI,1.265465821
2024-06-28 08:00:00,SM TLO,3.67
2024-06-28 08:30:00,IB GF,0.0
2024-06-28 08:30:00,IB NPI,2.5
2024-06-28 08:30:00,IB OPF,92.87
2024-06-28 08:30:00,SM FT OPF,0.0
2024-06-28 08:30:00,SM GF,2.11
2024-06-28 08:30:00,SM KV OPF,0.0
2024-06-28 08:30:00,SM NPI,1.252961266
2024-06-28 08:30:00,SM TLO,3.67
2024-06-28 09:00:00,IB GF,0.0
2024-06-28 09:00:00,IB NPI,2.5
2024-06-28 09:00:00,IB OPF,92.87
2024-06-28 09:00:00,SM FT OPF,0.0
2024-06-28 09:00:00,SM GF,2.11
2024-06-28 09:00:00,SM KV OPF,0.0
2024-06-28 09:00:00,SM NPI,1.248111685
2024-06-28 09:00:00,SM TLO,3.67
2024-06-28 09:30:00,IB GF,0.0
2024-06-28 09:30:00,IB NPI,2.5
2024-06-28 09:30:00,IB OPF,92.87
2024-06-28 09:30:00,SM FT OPF,0.0
2024-06-28 09:30:00,SM GF,2.11
2024-06-28 09:30:00,SM KV OPF,0.0
2024-06-28 09:30:00,SM NPI,1.291018954
2024-06-28 09:30:00,SM TLO,3.67
2024-06-28 10:00:00,IB GF,0.0
2024-06-28 10:00:00,IB NPI,2.5
2024-06-28 10:00:00,IB OPF,92.87
2024-06-28 10:00:00,SM FT OPF,0.0
2024-06-28 10:00:00,SM GF,2.11
2024-06-28 10:00:00,SM KV OPF,0.0
2024-06-28 10:00:00,SM NPI,1.353504975
2024-06-28 10:00:00,SM TLO,3.67
2024-06-28 10:30:00,IB GF,0.0
2024-06-28 10:30:00,IB NPI,2.5
2024-06-28 10:30:00,IB OPF,92.87
2024-06-28 10:30:00,SM FT OPF,0.0
2024-06-28 10:30:00,SM GF,2.11
2024-06-28 10:30:00,SM KV OPF,0.0
2024-06-28 10:30:00,SM NPI,1.404469841
2024-06-28 10:30:00,SM TLO,3.67
2024-06-28 11:00:00,IB GF,0.0
2024-06-28 11:00:00,IB NPI,2.5
2024-06-28 11:00:00,IB OPF,92.87
2024-06-28 11:00:00,SM FT OPF,0.0
2024-06-28 11:00:00,SM GF,2.11
2024-06-28 11:00:00,SM KV OPF,0.0
2024-06-28 11:00:00,SM NPI,1.448527064
2024-06-28 11:00:00,SM TLO,3.67
2024-06-28 11:30:00,IB GF,0.0
2024-06-28 11:30:00,IB NPI,2.5
2024-06-28 11:30:00,IB OPF,92.87
2024-06-28 11:30:00,SM FT OPF,0.0
2024-06-28 11:30:00,SM GF,2.11
2024-06-28 11:30:00,SM KV OPF,0.0
2024-06-28 11:30:00,SM NPI,1.486452652
2024-06-28 11:30:00,SM TLO,3.67
2024-06-28 12:00:00,IB GF,0.0
2024-06-28 12:00:00,IB NPI,2.5
2024-06-28 12:00:00,IB OPF,92.87
2024-06-28 12:00:00,SM FT OPF,0.0
2024-06-28 12:00:00,SM GF,2.11
2024-06-28 12:00:00,SM KV OPF,0.0
2024-06-28 12:00:00,SM NPI,1.517194519
2024-06-28 12:00:00,SM TLO,3.67
2024-06-28 12:30:00,IB GF,0.0
2024-06-28 12:30:00,IB NPI,2.5
2024-06-28 12:30:00,IB OPF,92.87
2024-06-28 12:30:00,SM FT OPF,0.0
2024-06-28 12:30:00,SM GF,2.11
2024-06-28 12:30:00,SM KV OPF,0.0
2024-06-28 12:30:00,SM NPI,1.543714143
2024-06-28 12:30:00,SM TLO,3.67
2024-06-28 13:00:00,IB GF,0.0
2024-06-28 13:00:00,IB NPI,2.5
2024-06-28 13:00:00,IB OPF,92.87
2024-06-28 13:00:00,SM FT OPF,0.0
2024-06-28 13:00:00,SM GF,2.11
2024-06-28 13:00:00,SM KV OPF,0.0
2024-06-28 13:00:00,SM NPI,1.57845199
2024-06-28 13:00:00,SM TLO,3.67
2024-06-28 13:30:00,IB GF,0.0
2024-06-28 13:30:00,IB NPI,2.5
2024-06-28 13:30:00,IB OPF,92.87
2024-06-28 13:30:00,SM FT OPF,0.0
2024-06-28 13:30:00,SM GF,2.11
2024-06-28 13:30:00,SM KV OPF,0.0
2024-06-28 13:30:00,SM NPI,1.619063289
2024-06-28 13:30:00,SM TLO,3.67
2024-06-28 14:00:00,IB GF,0.0
2024-06-28 14:00:00,IB NPI,2.5
2024-06-28 14:00:00,IB OPF,92.87
2024-06-28 14:00:00,SM FT OPF,0.0
2024-06-28 14:00:00,SM GF,2.11
2024-06-28 14:00:00,SM KV OPF,0.0
2024-06-28 14:00:00,SM NPI,1.675532543
2024-06-28 14:00:00,SM TLO,3.67
2024-06-28 14:30:00,IB GF,0.0
2024-06-28 14:30:00,IB NPI,2.5
2024-06-28 14:30:00,IB OPF,92.87
2024-06-28 14:30:00,SM FT OPF,0.0
2024-06-28 14:30:00,SM GF,2.11
2024-06-28 14:30:00,SM KV OPF,0.0
2024-06-28 14:30:00,SM NPI,1.712961668
2024-06-28 14:30:00,SM TLO,3.67
2024-06-28 15:00:00,IB GF,0.0
2024-06-28 15:00:00,IB NPI,2.5
2024-06-28 15:00:00,IB OPF,92.87
2024-06-28 15:00:00,SM FT OPF,0.0
2024-06-28 15:00:00,SM GF,2.11
2024-06-28 15:00:00,SM KV OPF,0.0
2024-06-28 15:00:00,SM NPI,1.737019632
2024-06-28 15:00:00,SM TLO,3.67
2024-06-28 15:30:00,IB GF,0.0
2024-06-28 15:30:00,IB NPI,2.5
2024-06-28 15:30:00,IB OPF,92.87
2024-06-28 15:30:00,SM FT OPF,0.0
2024-06-28 15:30:00,SM GF,2.11
2024-06-28 15:30:00,SM KV OPF,0.0
2024-06-28 15:30:00,SM NPI,1.779203315
2024-06-28 15:30:00,SM TLO,3.67
2024-06-28 16:00:00,IB GF,0.0
2024-06-28 16:00:00,IB NPI,2.5
2024-06-28 16:00:00,IB OPF,92.87
2024-06-28 16:00:00,SM FT OPF,0.0
2024-06-28 16:00:00,SM GF,2.11
2024-06-28 16:00:00,SM KV OPF,0.0
2024-06-28 16:00:00,SM NPI,1.779509113
2024-06-28 16:00:00,SM TLO,3.67
2024-06-28 16:30:00,IB GF,0.0
2024-06-28 16:30:00,IB NPI,2.5
2024-06-28 16:30:00,IB OPF,92.87
2024-06-28 16:30:00,SM FT OPF,0.0
2024-06-28 16:30:00,SM GF,2.11
2024-06-28 16:30:00,SM KV OPF,0.0
2024-06-28 16:30:00,SM NPI,1.728307872
2024-06-28 16:30:00,SM TLO,3.67
2024-06-28 17:00:00,IB GF,0.0
2024-06-28 17:00:00,IB NPI,2.5
2024-06-28 17:00:00,IB OPF,92.87
2024-06-28 17:00:00,SM FT OPF,0.0
2024-06-28 17:00:00,SM GF,2.11
2024-06-28 17:00:00,SM KV OPF,0.0
2024-06-28 17:00:00,SM NPI,1.689656489
2024-06-28 17:00:00,SM TLO,3.67
2024-06-28 17:30:00,IB GF,0.0
2024-06-28 17:30:00,IB NPI,2.5
2024-06-28 17:30:00,IB OPF,92.87
2024-06-28 17:30:00,SM FT OPF,0.0
2024-06-28 17:30:00,SM GF,2.11
2024-06-28 17:30:00,SM KV OPF,0.0
2024-06-28 17:30:00,SM NPI,1.726575174
2024-06-28 17:30:00,SM TLO,3.67
2024-06-28 18:00:00,IB GF,0.0
2024-06-28 18:00:00,IB NPI,2.5
2024-06-28 18:00:00,IB OPF,92.87
2024-06-28 18:00:00,SM FT OPF,0.0
2024-06-28 18:00:00,SM GF,2.11
2024-06-28 18:00:00,SM KV OPF,0.0
2024-06-28 18:00:00,SM NPI,1.825640779
2024-06-28 18:00:00,SM TLO,3.67
2024-06-28 18:30:00,IB GF,0.0
2024-06-28 18:30:00,IB NPI,2.5
2024-06-28 18:30:00,IB OPF,92.87
2024-06-28 18:30:00,SM FT OPF,0.0
2024-06-28 18:30:00,SM GF,2.11
2024-06-28 18:30:00,SM KV OPF,0.0
2024-06-28 18:30:00,SM NPI,1.894152026
2024-06-28 18:30:00,SM TLO,3.67
2024-06-28 19:00:00,IB GF,0.0
2024-06-28 19:00:00,IB NPI,2.5
2024-06-28 19:00:00,IB OPF,92.87
2024-06-28 19:00:00,SM FT OPF,0.0
2024-06-28 19:00:00,SM GF,2.11
2024-06-28 19:00:00,SM KV OPF,0.0
2024-06-28 19:00:00,SM NPI,1.922520868
2024-06-28 19:00:00,SM TLO,3.67
2024-06-28 19:30:00,IB GF,0.0
2024-06-28 19:30:00,IB NPI,2.5
2024-06-28 19:30:00,IB OPF,92.87
2024-06-28 19:30:00,SM FT OPF,0.0
2024-06-28 19:30:00,SM GF,2.11
2024-06-28 19:30:00,SM KV OPF,0.0
2024-06-28 19:30:00,SM NPI,1.846886197
2024-06-28 19:30:00,SM TLO,3.67
2024-06-28 20:00:00,IB GF,0.0
2024-06-28 20:00:00,IB NPI,2.5
2024-06-28 20:00:00,IB OPF,92.87
2024-06-28 20:00:00,SM FT OPF,0.0
2024-06-28 20:00:00,SM GF,2.11
2024-06-28 20:00:00,SM KV OPF,0.0
2024-06-28 20:00:00,SM NPI,1.693928238
2024-06-28 20:00:00,SM TLO,3.67
2024-06-28 20:30:00,IB GF,0.0
2024-06-28 20:30:00,IB NPI,2.5
2024-06-28 20:30:00,IB OPF,92.87
2024-06-28 20:30:00,SM FT OPF,0.0
2024-06-28 20:30:00,SM GF,2.11
2024-06-28 20:30:00,SM KV OPF,0.0
2024-06-28 20:30:00,SM NPI,1.530914793
2024-06-28 20:30:00,SM TLO,3.67
2024-06-28 21:00:00,IB GF,0.0
2024-06-28 21:00:00,IB NPI,2.5
2024-06-28 21:00:00,IB OPF,92.87
2024-06-28 21:00:00,SM FT OPF,0.0
2024-06-28 21:00:00,SM GF,2.11
2024-06-28 21:00:00,SM KV OPF,0.0
2024-06-28 21:00:00,SM NPI,1.393548446
2024-06-28 21:00:00,SM TLO,3.67
2024-06-28 21:30:00,IB GF,0.0
2024-06-28 21:30:00,IB NPI,2.5
2024-06-28 21:30:00,IB OPF,92.87
2024-06-28 21:30:00,SM FT OPF,0.0
2024-06-28 21:30:00,SM GF,2.11
2024-06-28 21:30:00,SM KV OPF,0.0
2024-06-28 21:30:00,SM NPI,1.314322379
2024-06-28 21:30:00,SM TLO,3.67
2024-06-28 22:00:00,IB GF,0.0
2024-06-28 22:00:00,IB NPI,2.5
2024-06-28 22:00:00,IB OPF,92.87
2024-06-28 22:00:00,SM FT OPF,0.0
2024-06-28 22:00:00,SM GF,2.11
2024-06-28 22:00:00,SM KV OPF,0.0
2024-06-28 22:00:00,SM NPI,1.246230355
2024-06-28 22:00:00,SM TLO,3.67
2024-06-28 22:30:00,IB GF,0.0
2024-06-28 22:30:00,IB NPI,2.5
2024-06-28 22:30:00,IB OPF,92.87
2024-06-28 22:30:00,SM FT OPF,0.0
2024-06-28 22:30:00,SM GF,2.11
2024-06-28 22:30:00,SM KV OPF,0.0
2024-06-28 22:30:00,SM NPI,1.18532596
2024-06-28 22:30:00,SM TLO,3.67
2024-06-28 23:00:00,IB GF,0.0
2024-06-28 23:00:00,IB NPI,2.5
2024-06-28 23:00:00,IB OPF,92.87
2024-06-28 23:00:00,SM FT OPF,0.0
2024-06-28 23:00:00,SM GF,2.11
2024-06-28 23:00:00,SM KV OPF,0.0
2024-06-28 23:00:00,SM NPI,1.137144529
2024-06-28 23:00:00,SM TLO,3.67
2024-06-28 23:30:00,IB GF,0.0
2024-06-28 23:30:00,IB NPI,2.5
2024-06-28 23:30:00,IB OPF,92.87
2024-06-28 23:30:00,SM FT OPF,0.0
2024-06-28 23:30:00,SM GF,2.11
2024-06-28 23:30:00,SM KV OPF,0.0
2024-06-28 23:30:00,SM NPI,1.102880724
2024-06-28 23:30:00,SM TLO,3.67
2024-06-29 00:00:00,IB GF,0.0
2024-06-29 00:00:00,IB NPI,2.5
2024-06-29 00:00:00,IB OPF,92.87
2024-06-29 00:00:00,SM FT OPF,0.0
2024-06-29 00:00:00,SM GF,2.11
2024-06-29 00:00:00,SM KV OPF,0.0
2024-06-29 00:00:00,SM NPI,1.073528699
2024-06-29 00:00:00,SM TLO,3.67
2024-06-29 00:30:00,IB GF,0.0
2024-06-29 00:30:00,IB NPI,2.5
2024-06-29 00:30:00,IB OPF,92.87
2024-06-29 00:30:00,SM FT OPF,0.0
2024-06-29 00:30:00,SM GF,2.11
2024-06-29 00:30:00,SM KV OPF,0.0
2024-06-29 00:30:00,SM NPI,1.049681185
2024-06-29 00:30:00,SM TLO,3.67
2024-06-29 01:00:00,IB GF,0.0
2024-06-29 01:00:00,IB NPI,2.5
2024-06-29 01:00:00,IB OPF,92.87
2024-06-29 01:00:00,SM FT OPF,0.0
2024-06-29 01:00:00,SM GF,2.11
2024-06-29 01:00:00,SM KV OPF,0.0
2024-06-29 01:00:00,SM NPI,1.035980707
2024-06-29 01:00:00,SM TLO,3.67
2024-06-29 01:30:00,IB GF,0.0
2024-06-29 01:30:00,IB NPI,2.5
2024-06-29 01:30:00,IB OPF,92.87
2024-06-29 01:30:00,SM FT OPF,0.0
2024-06-29 01:30:00,SM GF,2.11
2024-06-29 01:30:00,SM KV OPF,0.0
2024-06-29 01:30:00,SM NPI,1.022618852
2024-06-29 01:30:00,SM TLO,3.67
2024-06-29 02:00:00,IB GF,0.0
2024-06-29 02:00:00,IB NPI,2.5
2024-06-29 02:00:00,IB OPF,92.87
2024-06-29 02:00:00,SM FT OPF,0.0
2024-06-29 02:00:00,SM GF,2.11
2024-06-29 02:00:00,SM KV OPF,0.0
2024-06-29 02:00:00,SM NPI,1.01693935
2024-06-29 02:00:00,SM TLO,3.67
2024-06-29 02:30:00,IB GF,0.0
2024-06-29 02:30:00,IB NPI,2.5
2024-06-29 02:30:00,IB OPF,92.87
2024-06-29 02:30:00,SM FT OPF,0.0
2024-06-29 02:30:00,SM GF,2.11
2024-06-29 02:30:00,SM KV OPF,0.0
2024-06-29 02:30:00,SM NPI,1.018618154
2024-06-29 02:30:00,SM TLO,3.67
2024-06-29 03:00:00,IB GF,0.0
2024-06-29 03:00:00,IB NPI,2.5
2024-06-29 03:00:00,IB OPF,92.87
2024-06-29 03:00:00,SM FT OPF,0.0
2024-06-29 03:00:00,SM GF,2.11
2024-06-29 03:00:00,SM KV OPF,0.0
2024-06-29 03:00:00,SM NPI,1.028006439
2024-06-29 03:00:00,SM TLO,3.67
2024-06-29 03:30:00,IB GF,0.0
2024-06-29 03:30:00,IB NPI,2.5
2024-06-29 03:30:00,IB OPF,92.87
2024-06-29 03:30:00,SM FT OPF,0.0
2024-06-29 03:30:00,SM GF,2.11
2024-06-29 03:30:00,SM KV OPF,0.0
2024-06-29 03:30:00,SM NPI,1.094501604
2024-06-29 03:30:00,SM TLO,3.67
2024-06-29 04:00:00,IB GF,0.0
2024-06-29 04:00:00,IB NPI,2.5
2024-06-29 04:00:00,IB OPF,92.87
2024-06-29 04:00:00,SM FT OPF,0.0
2024-06-29 04:00:00,SM GF,2.11
2024-06-29 04:00:00,SM KV OPF,0.0
2024-06-29 04:00:00,SM NPI,1.207171615
2024-06-29 04:00:00,SM TLO,3.67
2024-06-29 04:30:00,IB GF,0.0
2024-06-29 04:30:00,IB NPI,2.5
2024-06-29 04:30:00,IB OPF,92.87
2024-06-29 04:30:00,SM FT OPF,0.0
2024-06-29 04:30:00,SM GF,2.11
2024-06-29 04:30:00,SM KV OPF,0.0
2024-06-29 04:30:00,SM NPI,1.25417115
2024-06-29 04:30:00,SM TLO,3.67
2024-06-29 05:00:00,IB GF,0.0
2024-06-29 05:00:00,IB NPI,2.5
2024-06-29 05:00:00,IB OPF,92.87
2024-06-29 05:00:00,SM FT OPF,0.0
2024-06-29 05:00:00,SM GF,2.11
2024-06-29 05:00:00,SM KV OPF,0.0
2024-06-29 05:00:00,SM NPI,1.223210328
2024-06-29 05:00:00,SM TLO,3.67
2024-06-29 05:30:00,IB GF,0.0
2024-06-29 05:30:00,IB NPI,2.5
2024-06-29 05:30:00,IB OPF,92.87
2024-06-29 05:30:00,SM FT OPF,0.0
2024-06-29 05:30:00,SM GF,2.11
2024-06-29 05:30:00,SM KV OPF,0.0
2024-06-29 05:30:00,SM NPI,1.202621517
2024-06-29 05:30:00,SM TLO,3.67
2024-06-29 06:00:00,IB GF,0.0
2024-06-29 06:00:00,IB NPI,2.5
2024-06-29 06:00:00,IB OPF,92.87
2024-06-29 06:00:00,SM FT OPF,0.0
2024-06-29 06:00:00,SM GF,2.11
2024-06-29 06:00:00,SM KV OPF,0.0
2024-06-29 06:00:00,SM NPI,1.234128435
2024-06-29 06:00:00,SM TLO,3.55
