MONTH,DAY,PERIOD,1
1,1,1,0
1,1,2,0
1,1,3,0
1,1,4,0
1,1,5,0
1,1,6,0
1,1,7,0
1,1,8,0
1,1,9,0
1,1,10,0
1,1,11,0
1,1,12,0
1,1,13,0
1,1,14,0
1,1,15,0
1,1,16,0
1,1,17,0.779141156
1,1,18,0.779141156
1,1,19,0.83332483
1,1,20,0.83332483
1,1,21,0.850731293
1,1,22,0.850731293
1,1,23,0.860841837
1,1,24,0.860841837
1,1,25,0.85630102
1,1,26,0.85630102
1,1,27,0.847210884
1,1,28,0.847210884
1,1,29,0.825204082
1,1,30,0.825204082
1,1,31,0.78672619
1,1,32,0.78672619
1,1,33,0.635510204
1,1,34,0.635510204
1,1,35,0.437712585
1,1,36,0.437712585
1,1,37,0.050021259
1,1,38,0.050021259
1,1,39,0
1,1,40,0
1,1,41,0
1,1,42,0
1,1,43,0
1,1,44,0
1,1,45,0
1,1,46,0
1,1,47,0
1,1,48,0
1,2,1,0
1,2,2,0
1,2,3,0
1,2,4,0
1,2,5,0
1,2,6,0
1,2,7,0
1,2,8,0
1,2,9,0
1,2,10,0
1,2,11,0.004221344
1,2,12,0.004221344
1,2,13,0.366658163
1,2,14,0.366658163
1,2,15,0.709379252
1,2,16,0.709379252
1,2,17,0.812729592
1,2,18,0.812729592
1,2,19,0.841284014
1,2,20,0.841284014
1,2,21,0.861488095
1,2,22,0.861488095
1,2,23,0.872772109
1,2,24,0.872772109
1,2,25,0.875654762
1,2,26,0.875654762
1,2,27,0.871828231
1,2,28,0.871828231
1,2,29,0.844022109
1,2,30,0.844022109
1,2,31,0.805586735
1,2,32,0.805586735
1,2,33,0.168630952
1,2,34,0.168630952
1,2,35,0.002278316
1,2,36,0.002278316
1,2,37,0
1,2,38,0
1,2,39,0
1,2,40,0
1,2,41,0
1,2,42,0
1,2,43,0
1,2,44,0
1,2,45,0
1,2,46,0
1,2,47,0
1,2,48,0
1,3,1,0
1,3,2,0
1,3,3,0
1,3,4,0
1,3,5,0
1,3,6,0
1,3,7,0
1,3,8,0
1,3,9,0
1,3,10,0
1,3,11,0.004508673
1,3,12,0.004508673
1,3,13,0.387210884
1,3,14,0.387210884
1,3,15,0.725289116
1,3,16,0.725289116
1,3,17,0.813307823
1,3,18,0.813307823
1,3,19,0.840178571
1,3,20,0.840178571
1,3,21,0.853852041
1,3,22,0.853852041
1,3,23,0.864294218
1,3,24,0.864294218
1,3,25,0.862261905
1,3,26,0.862261905
1,3,27,0.84292517
1,3,28,0.84292517
1,3,29,0.83712585
1,3,30,0.83712585
1,3,31,0.795433673
1,3,32,0.795433673
1,3,33,0.739081633
1,3,34,0.739081633
1,3,35,0.371394558
1,3,36,0.371394558
1,3,37,0.068397109
1,3,38,0.068397109
1,3,39,0
1,3,40,0
1,3,41,0
1,3,42,0
1,3,43,0
1,3,44,0
1,3,45,0
1,3,46,0
1,3,47,0
1,3,48,0
1,4,1,0
1,4,2,0
1,4,3,0
1,4,4,0
1,4,5,0
1,4,6,0
1,4,7,0
1,4,8,0
1,4,9,0
1,4,10,0
1,4,11,0.004388861
1,4,12,0.004388861
1,4,13,0.378341837
1,4,14,0.378341837
1,4,15,0.711794218
1,4,16,0.711794218
1,4,17,0.82457483
1,4,18,0.82457483
1,4,19,0.854217687
1,4,20,0.854217687
1,4,21,0.87087585
1,4,22,0.87087585
1,4,23,0.876071429
1,4,24,0.876071429
1,4,25,0.872219388
1,4,26,0.872219388
1,4,27,0.86454932
1,4,28,0.86454932
1,4,29,0.849285714
1,4,30,0.849285714
1,4,31,0.816113946
1,4,32,0.816113946
1,4,33,0.754668367
1,4,34,0.754668367
1,4,35,0.553222789
1,4,36,0.553222789
1,4,37,0.068912415
1,4,38,0.068912415
1,4,39,0
1,4,40,0
1,4,41,0
1,4,42,0
1,4,43,0
1,4,44,0
1,4,45,0
1,4,46,0
1,4,47,0
1,4,48,0
1,5,1,0
1,5,2,0
1,5,3,0
1,5,4,0
1,5,5,0
1,5,6,0
1,5,7,0
1,5,8,0
1,5,9,0
1,5,10,0
1,5,11,0.002628656
1,5,12,0.002628656
1,5,13,0.346164966
1,5,14,0.346164966
1,5,15,0.48087585
1,5,16,0.48087585
1,5,17,0.306267007
1,5,18,0.306267007
1,5,19,0.505501701
1,5,20,0.505501701
1,5,21,0.689736395
1,5,22,0.689736395
1,5,23,0.56457483
1,5,24,0.56457483
1,5,25,0.819889456
1,5,26,0.819889456
1,5,27,0.705867347
1,5,28,0.705867347
1,5,29,0.800756803
1,5,30,0.800756803
1,5,31,0.526122449
1,5,32,0.526122449
1,5,33,0.063994048
1,5,34,0.063994048
1,5,35,0.089430272
1,5,36,0.089430272
1,5,37,0.008077976
1,5,38,0.008077976
1,5,39,0
1,5,40,0
1,5,41,0
1,5,42,0
1,5,43,0
1,5,44,0
1,5,45,0
1,5,46,0
1,5,47,0
1,5,48,0
1,6,1,0
1,6,2,0
1,6,3,0
1,6,4,0
1,6,5,0
1,6,6,0
1,6,7,0
1,6,8,0
1,6,9,0
1,6,10,0
1,6,11,0.000964711
1,6,12,0.000964711
1,6,13,0.281139456
1,6,14,0.281139456
1,6,15,0.504659864
1,6,16,0.504659864
1,6,17,0.733426871
1,6,18,0.733426871
1,6,19,0.752372449
1,6,20,0.752372449
1,6,21,0.465059524
1,6,22,0.465059524
1,6,23,0.442789116
1,6,24,0.442789116
1,6,25,0.470034014
1,6,26,0.470034014
1,6,27,0.464889456
1,6,28,0.464889456
1,6,29,0.377636054
1,6,30,0.377636054
1,6,31,0.431215986
1,6,32,0.431215986
1,6,33,0.078012755
1,6,34,0.078012755
1,6,35,0.172168367
1,6,36,0.172168367
1,6,37,0.070790816
1,6,38,0.070790816
1,6,39,0
1,6,40,0
1,6,41,0
1,6,42,0
1,6,43,0
1,6,44,0
1,6,45,0
1,6,46,0
1,6,47,0
1,6,48,0
1,7,1,0
1,7,2,0
1,7,3,0
1,7,4,0
1,7,5,0
1,7,6,0
1,7,7,0
1,7,8,0
1,7,9,0
1,7,10,0
1,7,11,0
1,7,12,0
1,7,13,0.185935374
1,7,14,0.185935374
1,7,15,0.404566327
1,7,16,0.404566327
1,7,17,0.818290816
1,7,18,0.818290816
1,7,19,0.848401361
1,7,20,0.848401361
1,7,21,0.861284014
1,7,22,0.861284014
1,7,23,0.813911565
1,7,24,0.813911565
1,7,25,0.801947279
1,7,26,0.801947279
1,7,27,0.819583333
1,7,28,0.819583333
1,7,29,0.803928571
1,7,30,0.803928571
1,7,31,0.795748299
1,7,32,0.795748299
1,7,33,0.610756803
1,7,34,0.610756803
1,7,35,0.029928571
1,7,36,0.029928571
1,7,37,0.025889456
1,7,38,0.025889456
1,7,39,0
1,7,40,0
1,7,41,0
1,7,42,0
1,7,43,0
1,7,44,0
1,7,45,0
1,7,46,0
1,7,47,0
1,7,48,0
1,8,1,0
1,8,2,0
1,8,3,0
1,8,4,0
1,8,5,0
1,8,6,0
1,8,7,0
1,8,8,0
1,8,9,0
1,8,10,0
1,8,11,0
1,8,12,0
1,8,13,0.319855442
1,8,14,0.319855442
1,8,15,0.674982993
1,8,16,0.674982993
1,8,17,0.717602041
1,8,18,0.717602041
1,8,19,0.839923469
1,8,20,0.839923469
1,8,21,0.855816327
1,8,22,0.855816327
1,8,23,0.86244898
1,8,24,0.86244898
1,8,25,0.85125
1,8,26,0.85125
1,8,27,0.843163265
1,8,28,0.843163265
1,8,29,0.809413265
1,8,30,0.809413265
1,8,31,0.794668367
1,8,32,0.794668367
1,8,33,0.720076531
1,8,34,0.720076531
1,8,35,0.472168367
1,8,36,0.472168367
1,8,37,0.046805272
1,8,38,0.046805272
1,8,39,0
1,8,40,0
1,8,41,0
1,8,42,0
1,8,43,0
1,8,44,0
1,8,45,0
1,8,46,0
1,8,47,0
1,8,48,0
1,9,1,0
1,9,2,0
1,9,3,0
1,9,4,0
1,9,5,0
1,9,6,0
1,9,7,0
1,9,8,0
1,9,9,0
1,9,10,0
1,9,11,0
1,9,12,0
1,9,13,0.311760204
1,9,14,0.311760204
1,9,15,0.677695578
1,9,16,0.677695578
1,9,17,0.699379252
1,9,18,0.699379252
1,9,19,0.740697279
1,9,20,0.740697279
1,9,21,0.843596939
1,9,22,0.843596939
1,9,23,0.851870748
1,9,24,0.851870748
1,9,25,0.846147959
1,9,26,0.846147959
1,9,27,0.829583333
1,9,28,0.829583333
1,9,29,0.822568027
1,9,30,0.822568027
1,9,31,0.756717687
1,9,32,0.756717687
1,9,33,0.68172619
1,9,34,0.68172619
1,9,35,0.048542517
1,9,36,0.048542517
1,9,37,0.052436224
1,9,38,0.052436224
1,9,39,0
1,9,40,0
1,9,41,0
1,9,42,0
1,9,43,0
1,9,44,0
1,9,45,0
1,9,46,0
1,9,47,0
1,9,48,0
1,10,1,0
1,10,2,0
1,10,3,0
1,10,4,0
1,10,5,0
1,10,6,0
1,10,7,0
1,10,8,0
1,10,9,0
1,10,10,0
1,10,11,0
1,10,12,0
1,10,13,0.181794218
1,10,14,0.181794218
1,10,15,0.583078231
1,10,16,0.583078231
1,10,17,0.789285714
1,10,18,0.789285714
1,10,19,0.823171769
1,10,20,0.823171769
1,10,21,0.843129252
1,10,22,0.843129252
1,10,23,0.854719388
1,10,24,0.854719388
1,10,25,0.853945578
1,10,26,0.853945578
1,10,27,0.850697279
1,10,28,0.850697279
1,10,29,0.834107143
1,10,30,0.834107143
1,10,31,0.80297619
1,10,32,0.80297619
1,10,33,0.735926871
1,10,34,0.735926871
1,10,35,0.529685374
1,10,36,0.529685374
1,10,37,0.058965136
1,10,38,0.058965136
1,10,39,0
1,10,40,0
1,10,41,0
1,10,42,0
1,10,43,0
1,10,44,0
1,10,45,0
1,10,46,0
1,10,47,0
1,10,48,0
1,11,1,0
1,11,2,0
1,11,3,0
1,11,4,0
1,11,5,0
1,11,6,0
1,11,7,0
1,11,8,0
1,11,9,0
1,11,10,0
1,11,11,0
1,11,12,0
1,11,13,0.195663265
1,11,14,0.195663265
1,11,15,0.150348639
1,11,16,0.150348639
1,11,17,0.115969388
1,11,18,0.115969388
1,11,19,0.138222789
1,11,20,0.138222789
1,11,21,0.289489796
1,11,22,0.289489796
1,11,23,0.411581633
1,11,24,0.411581633
1,11,25,0.473920068
1,11,26,0.473920068
1,11,27,0.656811224
1,11,28,0.656811224
1,11,29,0.820782313
1,11,30,0.820782313
1,11,31,0.778061224
1,11,32,0.778061224
1,11,33,0.453222789
1,11,34,0.453222789
1,11,35,0.249753401
1,11,36,0.249753401
1,11,37,0.045456633
1,11,38,0.045456633
1,11,39,0
1,11,40,0
1,11,41,0
1,11,42,0
1,11,43,0
1,11,44,0
1,11,45,0
1,11,46,0
1,11,47,0
1,11,48,0
1,12,1,0
1,12,2,0
1,12,3,0
1,12,4,0
1,12,5,0
1,12,6,0
1,12,7,0
1,12,8,0
1,12,9,0
1,12,10,0
1,12,11,0
1,12,12,0
1,12,13,0.01235034
1,12,14,0.01235034
1,12,15,0.107227891
1,12,16,0.107227891
1,12,17,0.298826531
1,12,18,0.298826531
1,12,19,0.456658163
1,12,20,0.456658163
1,12,21,0.746581633
1,12,22,0.746581633
1,12,23,0.623409864
1,12,24,0.623409864
1,12,25,0.462763605
1,12,26,0.462763605
1,12,27,0.486564626
1,12,28,0.486564626
1,12,29,0.646445578
1,12,30,0.646445578
1,12,31,0.480289116
1,12,32,0.480289116
1,12,33,0.632729592
1,12,34,0.632729592
1,12,35,0.453835034
1,12,36,0.453835034
1,12,37,0.053179422
1,12,38,0.053179422
1,12,39,0
1,12,40,0
1,12,41,0
1,12,42,0
1,12,43,0
1,12,44,0
1,12,45,0
1,12,46,0
1,12,47,0
1,12,48,0
1,13,1,0
1,13,2,0
1,13,3,0
1,13,4,0
1,13,5,0
1,13,6,0
1,13,7,0
1,13,8,0
1,13,9,0
1,13,10,0
1,13,11,0
1,13,12,0
1,13,13,0.061593537
1,13,14,0.061593537
1,13,15,0.101981293
1,13,16,0.101981293
1,13,17,0.094923469
1,13,18,0.094923469
1,13,19,0.057392007
1,13,20,0.057392007
1,13,21,0.093758503
1,13,22,0.093758503
1,13,23,0.261760204
1,13,24,0.261760204
1,13,25,0.314957483
1,13,26,0.314957483
1,13,27,0.22377551
1,13,28,0.22377551
1,13,29,0.201309524
1,13,30,0.201309524
1,13,31,0.250170068
1,13,32,0.250170068
1,13,33,0.307755102
1,13,34,0.307755102
1,13,35,0.219906463
1,13,36,0.219906463
1,13,37,0.050564626
1,13,38,0.050564626
1,13,39,0
1,13,40,0
1,13,41,0
1,13,42,0
1,13,43,0
1,13,44,0
1,13,45,0
1,13,46,0
1,13,47,0
1,13,48,0
1,14,1,0
1,14,2,0
1,14,3,0
1,14,4,0
1,14,5,0
1,14,6,0
1,14,7,0
1,14,8,0
1,14,9,0
1,14,10,0
1,14,11,0
1,14,12,0
1,14,13,0.018436224
1,14,14,0.018436224
1,14,15,0.032518707
1,14,16,0.032518707
1,14,17,0.069978741
1,14,18,0.069978741
1,14,19,0.329685374
1,14,20,0.329685374
1,14,21,0.469676871
1,14,22,0.469676871
1,14,23,0.428988095
1,14,24,0.428988095
1,14,25,0.424447279
1,14,26,0.424447279
1,14,27,0.48744898
1,14,28,0.48744898
1,14,29,0.616156463
1,14,30,0.616156463
1,14,31,0.232015306
1,14,32,0.232015306
1,14,33,0.059810374
1,14,34,0.059810374
1,14,35,0.268154762
1,14,36,0.268154762
1,14,37,0.064238946
1,14,38,0.064238946
1,14,39,0
1,14,40,0
1,14,41,0
1,14,42,0
1,14,43,0
1,14,44,0
1,14,45,0
1,14,46,0
1,14,47,0
1,14,48,0
1,15,1,0
1,15,2,0
1,15,3,0
1,15,4,0
1,15,5,0
1,15,6,0
1,15,7,0
1,15,8,0
1,15,9,0
1,15,10,0
1,15,11,0
1,15,12,0
1,15,13,0.173954082
1,15,14,0.173954082
1,15,15,0.585603741
1,15,16,0.585603741
1,15,17,0.326122449
1,15,18,0.326122449
1,15,19,0.622661565
1,15,20,0.622661565
1,15,21,0.602908163
1,15,22,0.602908163
1,15,23,0.75547619
1,15,24,0.75547619
1,15,25,0.830688776
1,15,26,0.830688776
1,15,27,0.763792517
1,15,28,0.763792517
1,15,29,0.823511905
1,15,30,0.823511905
1,15,31,0.797865646
1,15,32,0.797865646
1,15,33,0.724192177
1,15,34,0.724192177
1,15,35,0.516309524
1,15,36,0.516309524
1,15,37,0.066302721
1,15,38,0.066302721
1,15,39,0
1,15,40,0
1,15,41,0
1,15,42,0
1,15,43,0
1,15,44,0
1,15,45,0
1,15,46,0
1,15,47,0
1,15,48,0
1,16,1,0
1,16,2,0
1,16,3,0
1,16,4,0
1,16,5,0
1,16,6,0
1,16,7,0
1,16,8,0
1,16,9,0
1,16,10,0
1,16,11,0
1,16,12,0
1,16,13,0.290892857
1,16,14,0.290892857
1,16,15,0.579923469
1,16,16,0.579923469
1,16,17,0.482185374
1,16,18,0.482185374
1,16,19,0.311921769
1,16,20,0.311921769
1,16,21,0.579302721
1,16,22,0.579302721
1,16,23,0.812806122
1,16,24,0.812806122
1,16,25,0.564047619
1,16,26,0.564047619
1,16,27,0.640187075
1,16,28,0.640187075
1,16,29,0.387312925
1,16,30,0.387312925
1,16,31,0.206003401
1,16,32,0.206003401
1,16,33,0.182746599
1,16,34,0.182746599
1,16,35,0.306845238
1,16,36,0.306845238
1,16,37,0.074405612
1,16,38,0.074405612
1,16,39,0
1,16,40,0
1,16,41,0
1,16,42,0
1,16,43,0
1,16,44,0
1,16,45,0
1,16,46,0
1,16,47,0
1,16,48,0
1,17,1,0
1,17,2,0
1,17,3,0
1,17,4,0
1,17,5,0
1,17,6,0
1,17,7,0
1,17,8,0
1,17,9,0
1,17,10,0
1,17,11,0
1,17,12,0
1,17,13,0.21797619
1,17,14,0.21797619
1,17,15,0.627440476
1,17,16,0.627440476
1,17,17,0.789234694
1,17,18,0.789234694
1,17,19,0.790943878
1,17,20,0.790943878
1,17,21,0.744013605
1,17,22,0.744013605
1,17,23,0.618503401
1,17,24,0.618503401
1,17,25,0.64162415
1,17,26,0.64162415
1,17,27,0.426071429
1,17,28,0.426071429
1,17,29,0.618886054
1,17,30,0.618886054
1,17,31,0.54212585
1,17,32,0.54212585
1,17,33,0.314447279
1,17,34,0.314447279
1,17,35,0.211428571
1,17,36,0.211428571
1,17,37,0.02342602
1,17,38,0.02342602
1,17,39,0
1,17,40,0
1,17,41,0
1,17,42,0
1,17,43,0
1,17,44,0
1,17,45,0
1,17,46,0
1,17,47,0
1,17,48,0
1,18,1,0
1,18,2,0
1,18,3,0
1,18,4,0
1,18,5,0
1,18,6,0
1,18,7,0
1,18,8,0
1,18,9,0
1,18,10,0
1,18,11,0
1,18,12,0
1,18,13,0.09835034
1,18,14,0.09835034
1,18,15,0.405187075
1,18,16,0.405187075
1,18,17,0.68380102
1,18,18,0.68380102
1,18,19,0.694846939
1,18,20,0.694846939
1,18,21,0.778197279
1,18,22,0.778197279
1,18,23,0.575697279
1,18,24,0.575697279
1,18,25,0.632312925
1,18,26,0.632312925
1,18,27,0.673163265
1,18,28,0.673163265
1,18,29,0.542253401
1,18,30,0.542253401
1,18,31,0.383571429
1,18,32,0.383571429
1,18,33,0.337840136
1,18,34,0.337840136
1,18,35,0.167142857
1,18,36,0.167142857
1,18,37,0.009666667
1,18,38,0.009666667
1,18,39,0
1,18,40,0
1,18,41,0
1,18,42,0
1,18,43,0
1,18,44,0
1,18,45,0
1,18,46,0
1,18,47,0
1,18,48,0
1,19,1,0
1,19,2,0
1,19,3,0
1,19,4,0
1,19,5,0
1,19,6,0
1,19,7,0
1,19,8,0
1,19,9,0
1,19,10,0
1,19,11,0
1,19,12,0
1,19,13,0.116811224
1,19,14,0.116811224
1,19,15,0.310705782
1,19,16,0.310705782
1,19,17,0.640076531
1,19,18,0.640076531
1,19,19,0.776641156
1,19,20,0.776641156
1,19,21,0.774472789
1,19,22,0.774472789
1,19,23,0.83335034
1,19,24,0.83335034
1,19,25,0.768248299
1,19,26,0.768248299
1,19,27,0.793818027
1,19,28,0.793818027
1,19,29,0.790790816
1,19,30,0.790790816
1,19,31,0.71457483
1,19,32,0.71457483
1,19,33,0.492678571
1,19,34,0.492678571
1,19,35,0.152627551
1,19,36,0.152627551
1,19,37,0.027917517
1,19,38,0.027917517
1,19,39,0
1,19,40,0
1,19,41,0
1,19,42,0
1,19,43,0
1,19,44,0
1,19,45,0
1,19,46,0
1,19,47,0
1,19,48,0
1,20,1,0
1,20,2,0
1,20,3,0
1,20,4,0
1,20,5,0
1,20,6,0
1,20,7,0
1,20,8,0
1,20,9,0
1,20,10,0
1,20,11,0
1,20,12,0
1,20,13,0.129727891
1,20,14,0.129727891
1,20,15,0.237746599
1,20,16,0.237746599
1,20,17,0.141879252
1,20,18,0.141879252
1,20,19,0.398758503
1,20,20,0.398758503
1,20,21,0.787185374
1,20,22,0.787185374
1,20,23,0.595960884
1,20,24,0.595960884
1,20,25,0.712755102
1,20,26,0.712755102
1,20,27,0.769770408
1,20,28,0.769770408
1,20,29,0.787423469
1,20,30,0.787423469
1,20,31,0.727117347
1,20,32,0.727117347
1,20,33,0.628818027
1,20,34,0.628818027
1,20,35,0.498767007
1,20,36,0.498767007
1,20,37,0.03359949
1,20,38,0.03359949
1,20,39,0
1,20,40,0
1,20,41,0
1,20,42,0
1,20,43,0
1,20,44,0
1,20,45,0
1,20,46,0
1,20,47,0
1,20,48,0
1,21,1,0
1,21,2,0
1,21,3,0
1,21,4,0
1,21,5,0
1,21,6,0
1,21,7,0
1,21,8,0
1,21,9,0
1,21,10,0
1,21,11,0
1,21,12,0
1,21,13,0.015772959
1,21,14,0.015772959
1,21,15,0.341930272
1,21,16,0.341930272
1,21,17,0.782780612
1,21,18,0.782780612
1,21,19,0.833928571
1,21,20,0.833928571
1,21,21,0.839362245
1,21,22,0.839362245
1,21,23,0.83167517
1,21,24,0.83167517
1,21,25,0.817423469
1,21,26,0.817423469
1,21,27,0.830510204
1,21,28,0.830510204
1,21,29,0.768035714
1,21,30,0.768035714
1,21,31,0.714090136
1,21,32,0.714090136
1,21,33,0.655348639
1,21,34,0.655348639
1,21,35,0.345527211
1,21,36,0.345527211
1,21,37,0.035005102
1,21,38,0.035005102
1,21,39,0
1,21,40,0
1,21,41,0
1,21,42,0
1,21,43,0
1,21,44,0
1,21,45,0
1,21,46,0
1,21,47,0
1,21,48,0
1,22,1,0
1,22,2,0
1,22,3,0
1,22,4,0
1,22,5,0
1,22,6,0
1,22,7,0
1,22,8,0
1,22,9,0
1,22,10,0
1,22,11,0
1,22,12,0
1,22,13,0.271547619
1,22,14,0.271547619
1,22,15,0.720493197
1,22,16,0.720493197
1,22,17,0.830952381
1,22,18,0.830952381
1,22,19,0.854166667
1,22,20,0.854166667
1,22,21,0.872389456
1,22,22,0.872389456
1,22,23,0.877644558
1,22,24,0.877644558
1,22,25,0.873435374
1,22,26,0.873435374
1,22,27,0.866998299
1,22,28,0.866998299
1,22,29,0.854192177
1,22,30,0.854192177
1,22,31,0.82462585
1,22,32,0.82462585
1,22,33,0.790357143
1,22,34,0.790357143
1,22,35,0.596981293
1,22,36,0.596981293
1,22,37,0.078164966
1,22,38,0.078164966
1,22,39,0
1,22,40,0
1,22,41,0
1,22,42,0
1,22,43,0
1,22,44,0
1,22,45,0
1,22,46,0
1,22,47,0
1,22,48,0
1,23,1,0
1,23,2,0
1,23,3,0
1,23,4,0
1,23,5,0
1,23,6,0
1,23,7,0
1,23,8,0
1,23,9,0
1,23,10,0
1,23,11,0
1,23,12,0
1,23,13,0.266811224
1,23,14,0.266811224
1,23,15,0.715170068
1,23,16,0.715170068
1,23,17,0.813596939
1,23,18,0.813596939
1,23,19,0.844056122
1,23,20,0.844056122
1,23,21,0.858758503
1,23,22,0.858758503
1,23,23,0.863086735
1,23,24,0.863086735
1,23,25,0.858401361
1,23,26,0.858401361
1,23,27,0.851853741
1,23,28,0.851853741
1,23,29,0.840187075
1,23,30,0.840187075
1,23,31,0.79122449
1,23,32,0.79122449
1,23,33,0.778792517
1,23,34,0.778792517
1,23,35,0.589234694
1,23,36,0.589234694
1,23,37,0.076542517
1,23,38,0.076542517
1,23,39,0
1,23,40,0
1,23,41,0
1,23,42,0
1,23,43,0
1,23,44,0
1,23,45,0
1,23,46,0
1,23,47,0
1,23,48,0
1,24,1,0
1,24,2,0
1,24,3,0
1,24,4,0
1,24,5,0
1,24,6,0
1,24,7,0
1,24,8,0
1,24,9,0
1,24,10,0
1,24,11,0
1,24,12,0
1,24,13,0.237057823
1,24,14,0.237057823
1,24,15,0.125017007
1,24,16,0.125017007
1,24,17,0.546556122
1,24,18,0.546556122
1,24,19,0.775068027
1,24,20,0.775068027
1,24,21,0.791003401
1,24,22,0.791003401
1,24,23,0.809846939
1,24,24,0.809846939
1,24,25,0.76255102
1,24,26,0.76255102
1,24,27,0.800952381
1,24,28,0.800952381
1,24,29,0.825212585
1,24,30,0.825212585
1,24,31,0.789056122
1,24,32,0.789056122
1,24,33,0.756088435
1,24,34,0.756088435
1,24,35,0.46335034
1,24,36,0.46335034
1,24,37,0.074393707
1,24,38,0.074393707
1,24,39,0
1,24,40,0
1,24,41,0
1,24,42,0
1,24,43,0
1,24,44,0
1,24,45,0
1,24,46,0
1,24,47,0
1,24,48,0
1,25,1,0
1,25,2,0
1,25,3,0
1,25,4,0
1,25,5,0
1,25,6,0
1,25,7,0
1,25,8,0
1,25,9,0
1,25,10,0
1,25,11,0
1,25,12,0
1,25,13,0.242814626
1,25,14,0.242814626
1,25,15,0.686454082
1,25,16,0.686454082
1,25,17,0.791632653
1,25,18,0.791632653
1,25,19,0.769277211
1,25,20,0.769277211
1,25,21,0.739396259
1,25,22,0.739396259
1,25,23,0.729302721
1,25,24,0.729302721
1,25,25,0.772168367
1,25,26,0.772168367
1,25,27,0.689277211
1,25,28,0.689277211
1,25,29,0.713664966
1,25,30,0.713664966
1,25,31,0.528988095
1,25,32,0.528988095
1,25,33,0.322151361
1,25,34,0.322151361
1,25,35,0.103715986
1,25,36,0.103715986
1,25,37,0.032804422
1,25,38,0.032804422
1,25,39,0
1,25,40,0
1,25,41,0
1,25,42,0
1,25,43,0
1,25,44,0
1,25,45,0
1,25,46,0
1,25,47,0
1,25,48,0
1,26,1,0
1,26,2,0
1,26,3,0
1,26,4,0
1,26,5,0
1,26,6,0
1,26,7,0
1,26,8,0
1,26,9,0
1,26,10,0
1,26,11,0
1,26,12,0
1,26,13,0.235518707
1,26,14,0.235518707
1,26,15,0.682534014
1,26,16,0.682534014
1,26,17,0.792312925
1,26,18,0.792312925
1,26,19,0.820357143
1,26,20,0.820357143
1,26,21,0.839668367
1,26,22,0.839668367
1,26,23,0.848290816
1,26,24,0.848290816
1,26,25,0.854659864
1,26,26,0.854659864
1,26,27,0.833826531
1,26,28,0.833826531
1,26,29,0.82164966
1,26,30,0.82164966
1,26,31,0.598954082
1,26,32,0.598954082
1,26,33,0.184515306
1,26,34,0.184515306
1,26,35,0.045590136
1,26,36,0.045590136
1,26,37,0.044053571
1,26,38,0.044053571
1,26,39,0
1,26,40,0
1,26,41,0
1,26,42,0
1,26,43,0
1,26,44,0
1,26,45,0
1,26,46,0
1,26,47,0
1,26,48,0
1,27,1,0
1,27,2,0
1,27,3,0
1,27,4,0
1,27,5,0
1,27,6,0
1,27,7,0
1,27,8,0
1,27,9,0
1,27,10,0
1,27,11,0
1,27,12,0
1,27,13,0.161998299
1,27,14,0.161998299
1,27,15,0.225603741
1,27,16,0.225603741
1,27,17,0.472278912
1,27,18,0.472278912
1,27,19,0.465331633
1,27,20,0.465331633
1,27,21,0.514838435
1,27,22,0.514838435
1,27,23,0.595518707
1,27,24,0.595518707
1,27,25,0.674209184
1,27,26,0.674209184
1,27,27,0.555034014
1,27,28,0.555034014
1,27,29,0.208256803
1,27,30,0.208256803
1,27,31,0.121768707
1,27,32,0.121768707
1,27,33,0.085127551
1,27,34,0.085127551
1,27,35,0.129047619
1,27,36,0.129047619
1,27,37,0.02027381
1,27,38,0.02027381
1,27,39,0
1,27,40,0
1,27,41,0
1,27,42,0
1,27,43,0
1,27,44,0
1,27,45,0
1,27,46,0
1,27,47,0
1,27,48,0
1,28,1,0
1,28,2,0
1,28,3,0
1,28,4,0
1,28,5,0
1,28,6,0
1,28,7,0
1,28,8,0
1,28,9,0
1,28,10,0
1,28,11,0
1,28,12,0
1,28,13,0.151590136
1,28,14,0.151590136
1,28,15,0.074281463
1,28,16,0.074281463
1,28,17,0.095620748
1,28,18,0.095620748
1,28,19,0.219855442
1,28,20,0.219855442
1,28,21,0.10670068
1,28,22,0.10670068
1,28,23,0.221190476
1,28,24,0.221190476
1,28,25,0.406403061
1,28,26,0.406403061
1,28,27,0.729158163
1,28,28,0.729158163
1,28,29,0.508503401
1,28,30,0.508503401
1,28,31,0.099166667
1,28,32,0.099166667
1,28,33,0.053815476
1,28,34,0.053815476
1,28,35,0.229141156
1,28,36,0.229141156
1,28,37,0.066818878
1,28,38,0.066818878
1,28,39,0
1,28,40,0
1,28,41,0
1,28,42,0
1,28,43,0
1,28,44,0
1,28,45,0
1,28,46,0
1,28,47,0
1,28,48,0
1,29,1,0
1,29,2,0
1,29,3,0
1,29,4,0
1,29,5,0
1,29,6,0
1,29,7,0
1,29,8,0
1,29,9,0
1,29,10,0
1,29,11,0
1,29,12,0
1,29,13,0.205459184
1,29,14,0.205459184
1,29,15,0.59744898
1,29,16,0.59744898
1,29,17,0.616870748
1,29,18,0.616870748
1,29,19,0.499243197
1,29,20,0.499243197
1,29,21,0.473163265
1,29,22,0.473163265
1,29,23,0.549217687
1,29,24,0.549217687
1,29,25,0.796513605
1,29,26,0.796513605
1,29,27,0.804829932
1,29,28,0.804829932
1,29,29,0.695178571
1,29,30,0.695178571
1,29,31,0.77289966
1,29,32,0.77289966
1,29,33,0.775136054
1,29,34,0.775136054
1,29,35,0.439141156
1,29,36,0.439141156
1,29,37,0.073784014
1,29,38,0.073784014
1,29,39,0
1,29,40,0
1,29,41,0
1,29,42,0
1,29,43,0
1,29,44,0
1,29,45,0
1,29,46,0
1,29,47,0
1,29,48,0
1,30,1,0
1,30,2,0
1,30,3,0
1,30,4,0
1,30,5,0
1,30,6,0
1,30,7,0
1,30,8,0
1,30,9,0
1,30,10,0
1,30,11,0
1,30,12,0
1,30,13,0.225535714
1,30,14,0.225535714
1,30,15,0.59042517
1,30,16,0.59042517
1,30,17,0.718920068
1,30,18,0.718920068
1,30,19,0.832789116
1,30,20,0.832789116
1,30,21,0.83869898
1,30,22,0.83869898
1,30,23,0.823095238
1,30,24,0.823095238
1,30,25,0.773971088
1,30,26,0.773971088
1,30,27,0.829030612
1,30,28,0.829030612
1,30,29,0.838392857
1,30,30,0.838392857
1,30,31,0.826751701
1,30,32,0.826751701
1,30,33,0.773903061
1,30,34,0.773903061
1,30,35,0.393086735
1,30,36,0.393086735
1,30,37,0.020891156
1,30,38,0.020891156
1,30,39,0
1,30,40,0
1,30,41,0
1,30,42,0
1,30,43,0
1,30,44,0
1,30,45,0
1,30,46,0
1,30,47,0
1,30,48,0
1,31,1,0
1,31,2,0
1,31,3,0
1,31,4,0
1,31,5,0
1,31,6,0
1,31,7,0
1,31,8,0
1,31,9,0
1,31,10,0
1,31,11,0
1,31,12,0
1,31,13,0.160935374
1,31,14,0.160935374
1,31,15,0.299965986
1,31,16,0.299965986
1,31,17,0.546853741
1,31,18,0.546853741
1,31,19,0.817942177
1,31,20,0.817942177
1,31,21,0.849294218
1,31,22,0.849294218
1,31,23,0.807482993
1,31,24,0.807482993
1,31,25,0.771768707
1,31,26,0.771768707
1,31,27,0.798554422
1,31,28,0.798554422
1,31,29,0.835748299
1,31,30,0.835748299
1,31,31,0.789719388
1,31,32,0.789719388
1,31,33,0.714591837
1,31,34,0.714591837
1,31,35,0.330408163
1,31,36,0.330408163
1,31,37,0.067673469
1,31,38,0.067673469
1,31,39,0
1,31,40,0
1,31,41,0
1,31,42,0
1,31,43,0
1,31,44,0
1,31,45,0
1,31,46,0
1,31,47,0
1,31,48,0
2,1,1,0
2,1,2,0
2,1,3,0
2,1,4,0
2,1,5,0
2,1,6,0
2,1,7,0
2,1,8,0
2,1,9,0
2,1,10,0
2,1,11,0
2,1,12,0
2,1,13,0.210416667
2,1,14,0.210416667
2,1,15,0.691122449
2,1,16,0.691122449
2,1,17,0.759481293
2,1,18,0.759481293
2,1,19,0.814022109
2,1,20,0.814022109
2,1,21,0.833622449
2,1,22,0.833622449
2,1,23,0.845357143
2,1,24,0.845357143
2,1,25,0.841088435
2,1,26,0.841088435
2,1,27,0.805391156
2,1,28,0.805391156
2,1,29,0.789880952
2,1,30,0.789880952
2,1,31,0.721241497
2,1,32,0.721241497
2,1,33,0.561360544
2,1,34,0.561360544
2,1,35,0.097040816
2,1,36,0.097040816
2,1,37,0.006889966
2,1,38,0.006889966
2,1,39,0
2,1,40,0
2,1,41,0
2,1,42,0
2,1,43,0
2,1,44,0
2,1,45,0
2,1,46,0
2,1,47,0
2,1,48,0
2,2,1,0
2,2,2,0
2,2,3,0
2,2,4,0
2,2,5,0
2,2,6,0
2,2,7,0
2,2,8,0
2,2,9,0
2,2,10,0
2,2,11,0
2,2,12,0
2,2,13,0.149472789
2,2,14,0.149472789
2,2,15,0.490348639
2,2,16,0.490348639
2,2,17,0.767015306
2,2,18,0.767015306
2,2,19,0.830748299
2,2,20,0.830748299
2,2,21,0.850943878
2,2,22,0.850943878
2,2,23,0.858605442
2,2,24,0.858605442
2,2,25,0.853333333
2,2,26,0.853333333
2,2,27,0.846309524
2,2,28,0.846309524
2,2,29,0.834872449
2,2,30,0.834872449
2,2,31,0.810620748
2,2,32,0.810620748
2,2,33,0.771828231
2,2,34,0.771828231
2,2,35,0.246709184
2,2,36,0.246709184
2,2,37,0.051965136
2,2,38,0.051965136
2,2,39,0
2,2,40,0
2,2,41,0
2,2,42,0
2,2,43,0
2,2,44,0
2,2,45,0
2,2,46,0
2,2,47,0
2,2,48,0
2,3,1,0
2,3,2,0
2,3,3,0
2,3,4,0
2,3,5,0
2,3,6,0
2,3,7,0
2,3,8,0
2,3,9,0
2,3,10,0
2,3,11,0
2,3,12,0
2,3,13,0.128333333
2,3,14,0.128333333
2,3,15,0.386326531
2,3,16,0.386326531
2,3,17,0.655331633
2,3,18,0.655331633
2,3,19,0.742168367
2,3,20,0.742168367
2,3,21,0.681292517
2,3,22,0.681292517
2,3,23,0.77377551
2,3,24,0.77377551
2,3,25,0.734268707
2,3,26,0.734268707
2,3,27,0.829158163
2,3,28,0.829158163
2,3,29,0.766717687
2,3,30,0.766717687
2,3,31,0.146743197
2,3,32,0.146743197
2,3,33,0.105756803
2,3,34,0.105756803
2,3,35,0.049447279
2,3,36,0.049447279
2,3,37,0.004194983
2,3,38,0.004194983
2,3,39,0
2,3,40,0
2,3,41,0
2,3,42,0
2,3,43,0
2,3,44,0
2,3,45,0
2,3,46,0
2,3,47,0
2,3,48,0
2,4,1,0
2,4,2,0
2,4,3,0
2,4,4,0
2,4,5,0
2,4,6,0
2,4,7,0
2,4,8,0
2,4,9,0
2,4,10,0
2,4,11,0
2,4,12,0
2,4,13,0
2,4,14,0
2,4,15,0.017751701
2,4,16,0.017751701
2,4,17,0.110391156
2,4,18,0.110391156
2,4,19,0.548647959
2,4,20,0.548647959
2,4,21,0.618086735
2,4,22,0.618086735
2,4,23,0.765017007
2,4,24,0.765017007
2,4,25,0.705739796
2,4,26,0.705739796
2,4,27,0.793044218
2,4,28,0.793044218
2,4,29,0.824855442
2,4,30,0.824855442
2,4,31,0.575569728
2,4,32,0.575569728
2,4,33,0.744192177
2,4,34,0.744192177
2,4,35,0.539515306
2,4,36,0.539515306
2,4,37,0.052288265
2,4,38,0.052288265
2,4,39,0
2,4,40,0
2,4,41,0
2,4,42,0
2,4,43,0
2,4,44,0
2,4,45,0
2,4,46,0
2,4,47,0
2,4,48,0
2,5,1,0
2,5,2,0
2,5,3,0
2,5,4,0
2,5,5,0
2,5,6,0
2,5,7,0
2,5,8,0
2,5,9,0
2,5,10,0
2,5,11,0
2,5,12,0
2,5,13,0.00847381
2,5,14,0.00847381
2,5,15,0.02635034
2,5,16,0.02635034
2,5,17,0.081128401
2,5,18,0.081128401
2,5,19,0.27005102
2,5,20,0.27005102
2,5,21,0.548010204
2,5,22,0.548010204
2,5,23,0.584515306
2,5,24,0.584515306
2,5,25,0.251181973
2,5,26,0.251181973
2,5,27,0.215348639
2,5,28,0.215348639
2,5,29,0.304005102
2,5,30,0.304005102
2,5,31,0.384362245
2,5,32,0.384362245
2,5,33,0.603664966
2,5,34,0.603664966
2,5,35,0.55875
2,5,36,0.55875
2,5,37,0.062322279
2,5,38,0.062322279
2,5,39,0
2,5,40,0
2,5,41,0
2,5,42,0
2,5,43,0
2,5,44,0
2,5,45,0
2,5,46,0
2,5,47,0
2,5,48,0
2,6,1,0
2,6,2,0
2,6,3,0
2,6,4,0
2,6,5,0
2,6,6,0
2,6,7,0
2,6,8,0
2,6,9,0
2,6,10,0
2,6,11,0
2,6,12,0
2,6,13,0.131105442
2,6,14,0.131105442
2,6,15,0.372729592
2,6,16,0.372729592
2,6,17,0.631513605
2,6,18,0.631513605
2,6,19,0.748001701
2,6,20,0.748001701
2,6,21,0.830187075
2,6,22,0.830187075
2,6,23,0.73422619
2,6,24,0.73422619
2,6,25,0.752967687
2,6,26,0.752967687
2,6,27,0.55087585
2,6,28,0.55087585
2,6,29,0.656522109
2,6,30,0.656522109
2,6,31,0.688520408
2,6,32,0.688520408
2,6,33,0.545102041
2,6,34,0.545102041
2,6,35,0.521164966
2,6,36,0.521164966
2,6,37,0.059056973
2,6,38,0.059056973
2,6,39,0
2,6,40,0
2,6,41,0
2,6,42,0
2,6,43,0
2,6,44,0
2,6,45,0
2,6,46,0
2,6,47,0
2,6,48,0
2,7,1,0
2,7,2,0
2,7,3,0
2,7,4,0
2,7,5,0
2,7,6,0
2,7,7,0
2,7,8,0
2,7,9,0
2,7,10,0
2,7,11,0
2,7,12,0
2,7,13,0.064312925
2,7,14,0.064312925
2,7,15,0.254302721
2,7,16,0.254302721
2,7,17,0.263197279
2,7,18,0.263197279
2,7,19,0.362746599
2,7,20,0.362746599
2,7,21,0.355629252
2,7,22,0.355629252
2,7,23,0.178409864
2,7,24,0.178409864
2,7,25,0.239328231
2,7,26,0.239328231
2,7,27,0.207916667
2,7,28,0.207916667
2,7,29,0.032791667
2,7,30,0.032791667
2,7,31,0.112134354
2,7,32,0.112134354
2,7,33,0.120229592
2,7,34,0.120229592
2,7,35,0.016238095
2,7,36,0.016238095
2,7,37,0.00344915
2,7,38,0.00344915
2,7,39,0
2,7,40,0
2,7,41,0
2,7,42,0
2,7,43,0
2,7,44,0
2,7,45,0
2,7,46,0
2,7,47,0
2,7,48,0
2,8,1,0
2,8,2,0
2,8,3,0
2,8,4,0
2,8,5,0
2,8,6,0
2,8,7,0
2,8,8,0
2,8,9,0
2,8,10,0
2,8,11,0
2,8,12,0
2,8,13,0.048122449
2,8,14,0.048122449
2,8,15,0.172134354
2,8,16,0.172134354
2,8,17,0.20835034
2,8,18,0.20835034
2,8,19,0.152602041
2,8,20,0.152602041
2,8,21,0.394770408
2,8,22,0.394770408
2,8,23,0.718307823
2,8,24,0.718307823
2,8,25,0.598086735
2,8,26,0.598086735
2,8,27,0.650221088
2,8,28,0.650221088
2,8,29,0.547789116
2,8,30,0.547789116
2,8,31,0.471717687
2,8,32,0.471717687
2,8,33,0.376267007
2,8,34,0.376267007
2,8,35,0.109362245
2,8,36,0.109362245
2,8,37,0.017852891
2,8,38,0.017852891
2,8,39,0
2,8,40,0
2,8,41,0
2,8,42,0
2,8,43,0
2,8,44,0
2,8,45,0
2,8,46,0
2,8,47,0
2,8,48,0
2,9,1,0
2,9,2,0
2,9,3,0
2,9,4,0
2,9,5,0
2,9,6,0
2,9,7,0
2,9,8,0
2,9,9,0
2,9,10,0
2,9,11,0
2,9,12,0
2,9,13,0.11297619
2,9,14,0.11297619
2,9,15,0.167712585
2,9,16,0.167712585
2,9,17,0.12579932
2,9,18,0.12579932
2,9,19,0.264991497
2,9,20,0.264991497
2,9,21,0.162142857
2,9,22,0.162142857
2,9,23,0.409506803
2,9,24,0.409506803
2,9,25,0.512006803
2,9,26,0.512006803
2,9,27,0.260603741
2,9,28,0.260603741
2,9,29,0.390391156
2,9,30,0.390391156
2,9,31,0.237576531
2,9,32,0.237576531
2,9,33,0.418248299
2,9,34,0.418248299
2,9,35,0.070047619
2,9,36,0.070047619
2,9,37,0.015948129
2,9,38,0.015948129
2,9,39,0
2,9,40,0
2,9,41,0
2,9,42,0
2,9,43,0
2,9,44,0
2,9,45,0
2,9,46,0
2,9,47,0
2,9,48,0
2,10,1,0
2,10,2,0
2,10,3,0
2,10,4,0
2,10,5,0
2,10,6,0
2,10,7,0
2,10,8,0
2,10,9,0
2,10,10,0
2,10,11,0
2,10,12,0
2,10,13,0.118758503
2,10,14,0.118758503
2,10,15,0.542321429
2,10,16,0.542321429
2,10,17,0.578027211
2,10,18,0.578027211
2,10,19,0.388129252
2,10,20,0.388129252
2,10,21,0.364319728
2,10,22,0.364319728
2,10,23,0.377585034
2,10,24,0.377585034
2,10,25,0.295858844
2,10,26,0.295858844
2,10,27,0.391096939
2,10,28,0.391096939
2,10,29,0.828358844
2,10,30,0.828358844
2,10,31,0.840314626
2,10,32,0.840314626
2,10,33,0.676471088
2,10,34,0.676471088
2,10,35,0.50957483
2,10,36,0.50957483
2,10,37,0.047595238
2,10,38,0.047595238
2,10,39,0
2,10,40,0
2,10,41,0
2,10,42,0
2,10,43,0
2,10,44,0
2,10,45,0
2,10,46,0
2,10,47,0
2,10,48,0
2,11,1,0
2,11,2,0
2,11,3,0
2,11,4,0
2,11,5,0
2,11,6,0
2,11,7,0
2,11,8,0
2,11,9,0
2,11,10,0
2,11,11,0
2,11,12,0
2,11,13,0.159277211
2,11,14,0.159277211
2,11,15,0.678656463
2,11,16,0.678656463
2,11,17,0.687602041
2,11,18,0.687602041
2,11,19,0.835085034
2,11,20,0.835085034
2,11,21,0.551717687
2,11,22,0.551717687
2,11,23,0.365382653
2,11,24,0.365382653
2,11,25,0.870722789
2,11,26,0.870722789
2,11,27,0.852117347
2,11,28,0.852117347
2,11,29,0.783869048
2,11,30,0.783869048
2,11,31,0.686335034
2,11,32,0.686335034
2,11,33,0.554489796
2,11,34,0.554489796
2,11,35,0.531709184
2,11,36,0.531709184
2,11,37,0.045744898
2,11,38,0.045744898
2,11,39,0
2,11,40,0
2,11,41,0
2,11,42,0
2,11,43,0
2,11,44,0
2,11,45,0
2,11,46,0
2,11,47,0
2,11,48,0
2,12,1,0
2,12,2,0
2,12,3,0
2,12,4,0
2,12,5,0
2,12,6,0
2,12,7,0
2,12,8,0
2,12,9,0
2,12,10,0
2,12,11,0
2,12,12,0
2,12,13,0.153562925
2,12,14,0.153562925
2,12,15,0.67619898
2,12,16,0.67619898
2,12,17,0.795901361
2,12,18,0.795901361
2,12,19,0.826862245
2,12,20,0.826862245
2,12,21,0.846343537
2,12,22,0.846343537
2,12,23,0.855467687
2,12,24,0.855467687
2,12,25,0.803460884
2,12,26,0.803460884
2,12,27,0.715178571
2,12,28,0.715178571
2,12,29,0.781896259
2,12,30,0.781896259
2,12,31,0.756156463
2,12,32,0.756156463
2,12,33,0.762916667
2,12,34,0.762916667
2,12,35,0.413435374
2,12,36,0.413435374
2,12,37,0.051276361
2,12,38,0.051276361
2,12,39,0
2,12,40,0
2,12,41,0
2,12,42,0
2,12,43,0
2,12,44,0
2,12,45,0
2,12,46,0
2,12,47,0
2,12,48,0
2,13,1,0
2,13,2,0
2,13,3,0
2,13,4,0
2,13,5,0
2,13,6,0
2,13,7,0
2,13,8,0
2,13,9,0
2,13,10,0
2,13,11,0
2,13,12,0
2,13,13,0.158052721
2,13,14,0.158052721
2,13,15,0.685654762
2,13,16,0.685654762
2,13,17,0.797168367
2,13,18,0.797168367
2,13,19,0.815663265
2,13,20,0.815663265
2,13,21,0.833052721
2,13,22,0.833052721
2,13,23,0.843120748
2,13,24,0.843120748
2,13,25,0.842457483
2,13,26,0.842457483
2,13,27,0.839719388
2,13,28,0.839719388
2,13,29,0.821734694
2,13,30,0.821734694
2,13,31,0.797159864
2,13,32,0.797159864
2,13,33,0.739387755
2,13,34,0.739387755
2,13,35,0.407338435
2,13,36,0.407338435
2,13,37,0.051128401
2,13,38,0.051128401
2,13,39,0
2,13,40,0
2,13,41,0
2,13,42,0
2,13,43,0
2,13,44,0
2,13,45,0
2,13,46,0
2,13,47,0
2,13,48,0
2,14,1,0
2,14,2,0
2,14,3,0
2,14,4,0
2,14,5,0
2,14,6,0
2,14,7,0
2,14,8,0
2,14,9,0
2,14,10,0
2,14,11,0
2,14,12,0
2,14,13,0.142321429
2,14,14,0.142321429
2,14,15,0.662389456
2,14,16,0.662389456
2,14,17,0.789481293
2,14,18,0.789481293
2,14,19,0.816879252
2,14,20,0.816879252
2,14,21,0.840229592
2,14,22,0.840229592
2,14,23,0.85212585
2,14,24,0.85212585
2,14,25,0.854787415
2,14,26,0.854787415
2,14,27,0.448545918
2,14,28,0.448545918
2,14,29,0.027876701
2,14,30,0.027876701
2,14,31,0.04294983
2,14,32,0.04294983
2,14,33,0.116632653
2,14,34,0.116632653
2,14,35,0.132176871
2,14,36,0.132176871
2,14,37,0.021339286
2,14,38,0.021339286
2,14,39,0
2,14,40,0
2,14,41,0
2,14,42,0
2,14,43,0
2,14,44,0
2,14,45,0
2,14,46,0
2,14,47,0
2,14,48,0
2,15,1,0
2,15,2,0
2,15,3,0
2,15,4,0
2,15,5,0
2,15,6,0
2,15,7,0
2,15,8,0
2,15,9,0
2,15,10,0
2,15,11,0
2,15,12,0
2,15,13,0.13832483
2,15,14,0.13832483
2,15,15,0.668869048
2,15,16,0.668869048
2,15,17,0.786190476
2,15,18,0.786190476
2,15,19,0.823903061
2,15,20,0.823903061
2,15,21,0.844234694
2,15,22,0.844234694
2,15,23,0.85369898
2,15,24,0.85369898
2,15,25,0.76087585
2,15,26,0.76087585
2,15,27,0.524370748
2,15,28,0.524370748
2,15,29,0.69494898
2,15,30,0.69494898
2,15,31,0.444107143
2,15,32,0.444107143
2,15,33,0.263588435
2,15,34,0.263588435
2,15,35,0.221335034
2,15,36,0.221335034
2,15,37,0.023386905
2,15,38,0.023386905
2,15,39,0
2,15,40,0
2,15,41,0
2,15,42,0
2,15,43,0
2,15,44,0
2,15,45,0
2,15,46,0
2,15,47,0
2,15,48,0
2,16,1,0
2,16,2,0
2,16,3,0
2,16,4,0
2,16,5,0
2,16,6,0
2,16,7,0
2,16,8,0
2,16,9,0
2,16,10,0
2,16,11,0
2,16,12,0
2,16,13,0.130102041
2,16,14,0.130102041
2,16,15,0.683392857
2,16,16,0.683392857
2,16,17,0.796539116
2,16,18,0.796539116
2,16,19,0.820527211
2,16,20,0.820527211
2,16,21,0.841530612
2,16,22,0.841530612
2,16,23,0.851998299
2,16,24,0.851998299
2,16,25,0.827414966
2,16,26,0.827414966
2,16,27,0.810892857
2,16,28,0.810892857
2,16,29,0.80704932
2,16,30,0.80704932
2,16,31,0.785246599
2,16,32,0.785246599
2,16,33,0.730059524
2,16,34,0.730059524
2,16,35,0.537482993
2,16,36,0.537482993
2,16,37,0.045146259
2,16,38,0.045146259
2,16,39,0
2,16,40,0
2,16,41,0
2,16,42,0
2,16,43,0
2,16,44,0
2,16,45,0
2,16,46,0
2,16,47,0
2,16,48,0
2,17,1,0
2,17,2,0
2,17,3,0
2,17,4,0
2,17,5,0
2,17,6,0
2,17,7,0
2,17,8,0
2,17,9,0
2,17,10,0
2,17,11,0
2,17,12,0
2,17,13,0.092865646
2,17,14,0.092865646
2,17,15,0.597134354
2,17,16,0.597134354
2,17,17,0.801377551
2,17,18,0.801377551
2,17,19,0.830646259
2,17,20,0.830646259
2,17,21,0.848928571
2,17,22,0.848928571
2,17,23,0.844430272
2,17,24,0.844430272
2,17,25,0.843792517
2,17,26,0.843792517
2,17,27,0.853988095
2,17,28,0.853988095
2,17,29,0.850501701
2,17,30,0.850501701
2,17,31,0.824243197
2,17,32,0.824243197
2,17,33,0.767261905
2,17,34,0.767261905
2,17,35,0.531267007
2,17,36,0.531267007
2,17,37,0.043460034
2,17,38,0.043460034
2,17,39,0
2,17,40,0
2,17,41,0
2,17,42,0
2,17,43,0
2,17,44,0
2,17,45,0
2,17,46,0
2,17,47,0
2,17,48,0
2,18,1,0
2,18,2,0
2,18,3,0
2,18,4,0
2,18,5,0
2,18,6,0
2,18,7,0
2,18,8,0
2,18,9,0
2,18,10,0
2,18,11,0
2,18,12,0
2,18,13,0.142517007
2,18,14,0.142517007
2,18,15,0.648452381
2,18,16,0.648452381
2,18,17,0.566360544
2,18,18,0.566360544
2,18,19,0.756207483
2,18,20,0.756207483
2,18,21,0.806062925
2,18,22,0.806062925
2,18,23,0.831819728
2,18,24,0.831819728
2,18,25,0.833494898
2,18,26,0.833494898
2,18,27,0.826454082
2,18,28,0.826454082
2,18,29,0.844965986
2,18,30,0.844965986
2,18,31,0.799736395
2,18,32,0.799736395
2,18,33,0.780680272
2,18,34,0.780680272
2,18,35,0.481488095
2,18,36,0.481488095
2,18,37,0
2,18,38,0
2,18,39,0
2,18,40,0
2,18,41,0
2,18,42,0
2,18,43,0
2,18,44,0
2,18,45,0
2,18,46,0
2,18,47,0
2,18,48,0
2,19,1,0
2,19,2,0
2,19,3,0
2,19,4,0
2,19,5,0
2,19,6,0
2,19,7,0
2,19,8,0
2,19,9,0
2,19,10,0
2,19,11,0
2,19,12,0
2,19,13,0.144022109
2,19,14,0.144022109
2,19,15,0.713571429
2,19,16,0.713571429
2,19,17,0.72085034
2,19,18,0.72085034
2,19,19,0.682151361
2,19,20,0.682151361
2,19,21,0.85952381
2,19,22,0.85952381
2,19,23,0.871666667
2,19,24,0.871666667
2,19,25,0.87039966
2,19,26,0.87039966
2,19,27,0.868197279
2,19,28,0.868197279
2,19,29,0.859328231
2,19,30,0.859328231
2,19,31,0.833945578
2,19,32,0.833945578
2,19,33,0.758537415
2,19,34,0.758537415
2,19,35,0.346215986
2,19,36,0.346215986
2,19,37,0.034178571
2,19,38,0.034178571
2,19,39,0
2,19,40,0
2,19,41,0
2,19,42,0
2,19,43,0
2,19,44,0
2,19,45,0
2,19,46,0
2,19,47,0
2,19,48,0
2,20,1,0
2,20,2,0
2,20,3,0
2,20,4,0
2,20,5,0
2,20,6,0
2,20,7,0
2,20,8,0
2,20,9,0
2,20,10,0
2,20,11,0
2,20,12,0
2,20,13,0.141870748
2,20,14,0.141870748
2,20,15,0.715518707
2,20,16,0.715518707
2,20,17,0.815170068
2,20,18,0.815170068
2,20,19,0.840603741
2,20,20,0.840603741
2,20,21,0.855943878
2,20,22,0.855943878
2,20,23,0.859234694
2,20,24,0.859234694
2,20,25,0.853409864
2,20,26,0.853409864
2,20,27,0.848860544
2,20,28,0.848860544
2,20,29,0.841071429
2,20,30,0.841071429
2,20,31,0.819846939
2,20,32,0.819846939
2,20,33,0.77827381
2,20,34,0.77827381
2,20,35,0.524940476
2,20,36,0.524940476
2,20,37,0.037894558
2,20,38,0.037894558
2,20,39,0
2,20,40,0
2,20,41,0
2,20,42,0
2,20,43,0
2,20,44,0
2,20,45,0
2,20,46,0
2,20,47,0
2,20,48,0
2,21,1,0
2,21,2,0
2,21,3,0
2,21,4,0
2,21,5,0
2,21,6,0
2,21,7,0
2,21,8,0
2,21,9,0
2,21,10,0
2,21,11,0
2,21,12,0
2,21,13,0.128630952
2,21,14,0.128630952
2,21,15,0.671003401
2,21,16,0.671003401
2,21,17,0.786437075
2,21,18,0.786437075
2,21,19,0.812295918
2,21,20,0.812295918
2,21,21,0.828596939
2,21,22,0.828596939
2,21,23,0.832738095
2,21,24,0.832738095
2,21,25,0.828197279
2,21,26,0.828197279
2,21,27,0.827593537
2,21,28,0.827593537
2,21,29,0.819710884
2,21,30,0.819710884
2,21,31,0.793511905
2,21,32,0.793511905
2,21,33,0.756488095
2,21,34,0.756488095
2,21,35,0.491122449
2,21,36,0.491122449
2,21,37,0.034229592
2,21,38,0.034229592
2,21,39,0
2,21,40,0
2,21,41,0
2,21,42,0
2,21,43,0
2,21,44,0
2,21,45,0
2,21,46,0
2,21,47,0
2,21,48,0
2,22,1,0
2,22,2,0
2,22,3,0
2,22,4,0
2,22,5,0
2,22,6,0
2,22,7,0
2,22,8,0
2,22,9,0
2,22,10,0
2,22,11,0
2,22,12,0
2,22,13,0.101581633
2,22,14,0.101581633
2,22,15,0.565212585
2,22,16,0.565212585
2,22,17,0.671292517
2,22,18,0.671292517
2,22,19,0.776777211
2,22,20,0.776777211
2,22,21,0.823545918
2,22,22,0.823545918
2,22,23,0.84912415
2,22,24,0.84912415
2,22,25,0.799030612
2,22,26,0.799030612
2,22,27,0.762244898
2,22,28,0.762244898
2,22,29,0.27505102
2,22,30,0.27505102
2,22,31,0.038358844
2,22,32,0.038358844
2,22,33,0.162891156
2,22,34,0.162891156
2,22,35,0.014202381
2,22,36,0.014202381
2,22,37,0.00158665
2,22,38,0.00158665
2,22,39,0
2,22,40,0
2,22,41,0
2,22,42,0
2,22,43,0
2,22,44,0
2,22,45,0
2,22,46,0
2,22,47,0
2,22,48,0
2,23,1,0
2,23,2,0
2,23,3,0
2,23,4,0
2,23,5,0
2,23,6,0
2,23,7,0
2,23,8,0
2,23,9,0
2,23,10,0
2,23,11,0
2,23,12,0
2,23,13,0.059413265
2,23,14,0.059413265
2,23,15,0.661428571
2,23,16,0.661428571
2,23,17,0.801369048
2,23,18,0.801369048
2,23,19,0.835459184
2,23,20,0.835459184
2,23,21,0.855391156
2,23,22,0.855391156
2,23,23,0.86289966
2,23,24,0.86289966
2,23,25,0.86
2,23,26,0.86
2,23,27,0.85619898
2,23,28,0.85619898
2,23,29,0.845884354
2,23,30,0.845884354
2,23,31,0.821819728
2,23,32,0.821819728
2,23,33,0.785654762
2,23,34,0.785654762
2,23,35,0.509064626
2,23,36,0.509064626
2,23,37,0.029682823
2,23,38,0.029682823
2,23,39,0
2,23,40,0
2,23,41,0
2,23,42,0
2,23,43,0
2,23,44,0
2,23,45,0
2,23,46,0
2,23,47,0
2,23,48,0
2,24,1,0
2,24,2,0
2,24,3,0
2,24,4,0
2,24,5,0
2,24,6,0
2,24,7,0
2,24,8,0
2,24,9,0
2,24,10,0
2,24,11,0
2,24,12,0
2,24,13,0.123103741
2,24,14,0.123103741
2,24,15,0.698239796
2,24,16,0.698239796
2,24,17,0.804923469
2,24,18,0.804923469
2,24,19,0.805892857
2,24,20,0.805892857
2,24,21,0.825204082
2,24,22,0.825204082
2,24,23,0.835246599
2,24,24,0.835246599
2,24,25,0.845127551
2,24,26,0.845127551
2,24,27,0.844642857
2,24,28,0.844642857
2,24,29,0.806513605
2,24,30,0.806513605
2,24,31,0.703588435
2,24,32,0.703588435
2,24,33,0.572763605
2,24,34,0.572763605
2,24,35,0.493537415
2,24,36,0.493537415
2,24,37,0.025935374
2,24,38,0.025935374
2,24,39,0
2,24,40,0
2,24,41,0
2,24,42,0
2,24,43,0
2,24,44,0
2,24,45,0
2,24,46,0
2,24,47,0
2,24,48,0
2,25,1,0
2,25,2,0
2,25,3,0
2,25,4,0
2,25,5,0
2,25,6,0
2,25,7,0
2,25,8,0
2,25,9,0
2,25,10,0
2,25,11,0
2,25,12,0
2,25,13,0.125221088
2,25,14,0.125221088
2,25,15,0.531020408
2,25,16,0.531020408
2,25,17,0.533588435
2,25,18,0.533588435
2,25,19,0.816113946
2,25,20,0.816113946
2,25,21,0.840688776
2,25,22,0.840688776
2,25,23,0.84752551
2,25,24,0.84752551
2,25,25,0.845603741
2,25,26,0.845603741
2,25,27,0.843996599
2,25,28,0.843996599
2,25,29,0.831836735
2,25,30,0.831836735
2,25,31,0.808409864
2,25,32,0.808409864
2,25,33,0.767789116
2,25,34,0.767789116
2,25,35,0.488010204
2,25,36,0.488010204
2,25,37,0.026496599
2,25,38,0.026496599
2,25,39,0
2,25,40,0
2,25,41,0
2,25,42,0
2,25,43,0
2,25,44,0
2,25,45,0
2,25,46,0
2,25,47,0
2,25,48,0
2,26,1,0
2,26,2,0
2,26,3,0
2,26,4,0
2,26,5,0
2,26,6,0
2,26,7,0
2,26,8,0
2,26,9,0
2,26,10,0
2,26,11,0
2,26,12,0
2,26,13,0.119438776
2,26,14,0.119438776
2,26,15,0.669634354
2,26,16,0.669634354
2,26,17,0.792534014
2,26,18,0.792534014
2,26,19,0.815493197
2,26,20,0.815493197
2,26,21,0.831054422
2,26,22,0.831054422
2,26,23,0.838996599
2,26,24,0.838996599
2,26,25,0.83045068
2,26,26,0.83045068
2,26,27,0.825170068
2,26,28,0.825170068
2,26,29,0.749880952
2,26,30,0.749880952
2,26,31,0.773920068
2,26,32,0.773920068
2,26,33,0.738078231
2,26,34,0.738078231
2,26,35,0.100918367
2,26,36,0.100918367
2,26,37,0
2,26,38,0
2,26,39,0
2,26,40,0
2,26,41,0
2,26,42,0
2,26,43,0
2,26,44,0
2,26,45,0
2,26,46,0
2,26,47,0
2,26,48,0
2,27,1,0
2,27,2,0
2,27,3,0
2,27,4,0
2,27,5,0
2,27,6,0
2,27,7,0
2,27,8,0
2,27,9,0
2,27,10,0
2,27,11,0
2,27,12,0
2,27,13,0.081746599
2,27,14,0.081746599
2,27,15,0.485195578
2,27,16,0.485195578
2,27,17,0.447993197
2,27,18,0.447993197
2,27,19,0.830408163
2,27,20,0.830408163
2,27,21,0.841232993
2,27,22,0.841232993
2,27,23,0.816326531
2,27,24,0.816326531
2,27,25,0.84079932
2,27,26,0.84079932
2,27,27,0.79872449
2,27,28,0.79872449
2,27,29,0.804132653
2,27,30,0.804132653
2,27,31,0.761768707
2,27,32,0.761768707
2,27,33,0.762840136
2,27,34,0.762840136
2,27,35,0.461964286
2,27,36,0.461964286
2,27,37,0.020980442
2,27,38,0.020980442
2,27,39,0
2,27,40,0
2,27,41,0
2,27,42,0
2,27,43,0
2,27,44,0
2,27,45,0
2,27,46,0
2,27,47,0
2,27,48,0
2,28,1,0
2,28,2,0
2,28,3,0
2,28,4,0
2,28,5,0
2,28,6,0
2,28,7,0
2,28,8,0
2,28,9,0
2,28,10,0
2,28,11,0
2,28,12,0
2,28,13,0.108078231
2,28,14,0.108078231
2,28,15,0.486122449
2,28,16,0.486122449
2,28,17,0.783256803
2,28,18,0.783256803
2,28,19,0.819838435
2,28,20,0.819838435
2,28,21,0.828996599
2,28,22,0.828996599
2,28,23,0.825340136
2,28,24,0.825340136
2,28,25,0.785493197
2,28,26,0.785493197
2,28,27,0.816930272
2,28,28,0.816930272
2,28,29,0.823588435
2,28,30,0.823588435
2,28,31,0.805569728
2,28,32,0.805569728
2,28,33,0.754540816
2,28,34,0.754540816
2,28,35,0.406139456
2,28,36,0.406139456
2,28,37,0.006644218
2,28,38,0.006644218
2,28,39,0
2,28,40,0
2,28,41,0
2,28,42,0
2,28,43,0
2,28,44,0
2,28,45,0
2,28,46,0
2,28,47,0
2,28,48,0
2,29,1,0
2,29,2,0
2,29,3,0
2,29,4,0
2,29,5,0
2,29,6,0
2,29,7,0
2,29,8,0
2,29,9,0
2,29,10,0
2,29,11,0
2,29,12,0
2,29,13,0.108078231
2,29,14,0.108078231
2,29,15,0.486122449
2,29,16,0.486122449
2,29,17,0.783256803
2,29,18,0.783256803
2,29,19,0.819838435
2,29,20,0.819838435
2,29,21,0.828996599
2,29,22,0.828996599
2,29,23,0.825340136
2,29,24,0.825340136
2,29,25,0.785493197
2,29,26,0.785493197
2,29,27,0.816930272
2,29,28,0.816930272
2,29,29,0.823588435
2,29,30,0.823588435
2,29,31,0.805569728
2,29,32,0.805569728
2,29,33,0.754540816
2,29,34,0.754540816
2,29,35,0.406139456
2,29,36,0.406139456
2,29,37,0.006644218
2,29,38,0.006644218
2,29,39,0
2,29,40,0
2,29,41,0
2,29,42,0
2,29,43,0
2,29,44,0
2,29,45,0
2,29,46,0
2,29,47,0
2,29,48,0
3,1,1,0
3,1,2,0
3,1,3,0
3,1,4,0
3,1,5,0
3,1,6,0
3,1,7,0
3,1,8,0
3,1,9,0
3,1,10,0
3,1,11,0
3,1,12,0
3,1,13,0.113971088
3,1,14,0.113971088
3,1,15,0.668384354
3,1,16,0.668384354
3,1,17,0.76747449
3,1,18,0.76747449
3,1,19,0.811122449
3,1,20,0.811122449
3,1,21,0.824914966
3,1,22,0.824914966
3,1,23,0.830680272
3,1,24,0.830680272
3,1,25,0.82962585
3,1,26,0.82962585
3,1,27,0.828503401
3,1,28,0.828503401
3,1,29,0.802585034
3,1,30,0.802585034
3,1,31,0.782644558
3,1,32,0.782644558
3,1,33,0.599608844
3,1,34,0.599608844
3,1,35,0.444039116
3,1,36,0.444039116
3,1,37,0.019135204
3,1,38,0.019135204
3,1,39,0
3,1,40,0
3,1,41,0
3,1,42,0
3,1,43,0
3,1,44,0
3,1,45,0
3,1,46,0
3,1,47,0
3,1,48,0
3,2,1,0
3,2,2,0
3,2,3,0
3,2,4,0
3,2,5,0
3,2,6,0
3,2,7,0
3,2,8,0
3,2,9,0
3,2,10,0
3,2,11,0
3,2,12,0
3,2,13,0.119319728
3,2,14,0.119319728
3,2,15,0.685059524
3,2,16,0.685059524
3,2,17,0.811318027
3,2,18,0.811318027
3,2,19,0.835748299
3,2,20,0.835748299
3,2,21,0.848154762
3,2,22,0.848154762
3,2,23,0.851632653
3,2,24,0.851632653
3,2,25,0.845229592
3,2,26,0.845229592
3,2,27,0.84505102
3,2,28,0.84505102
3,2,29,0.839855442
3,2,30,0.839855442
3,2,31,0.820306122
3,2,32,0.820306122
3,2,33,0.780153061
3,2,34,0.780153061
3,2,35,0.467134354
3,2,36,0.467134354
3,2,37,0.017728741
3,2,38,0.017728741
3,2,39,0
3,2,40,0
3,2,41,0
3,2,42,0
3,2,43,0
3,2,44,0
3,2,45,0
3,2,46,0
3,2,47,0
3,2,48,0
3,3,1,0
3,3,2,0
3,3,3,0
3,3,4,0
3,3,5,0
3,3,6,0
3,3,7,0
3,3,8,0
3,3,9,0
3,3,10,0
3,3,11,0
3,3,12,0
3,3,13,0.118996599
3,3,14,0.118996599
3,3,15,0.69837585
3,3,16,0.69837585
3,3,17,0.820042517
3,3,18,0.820042517
3,3,19,0.838605442
3,3,20,0.838605442
3,3,21,0.852534014
3,3,22,0.852534014
3,3,23,0.860756803
3,3,24,0.860756803
3,3,25,0.857193878
3,3,26,0.857193878
3,3,27,0.854897959
3,3,28,0.854897959
3,3,29,0.849940476
3,3,30,0.849940476
3,3,31,0.833103741
3,3,32,0.833103741
3,3,33,0.795272109
3,3,34,0.795272109
3,3,35,0.473112245
3,3,36,0.473112245
3,3,37,0.015875
3,3,38,0.015875
3,3,39,0
3,3,40,0
3,3,41,0
3,3,42,0
3,3,43,0
3,3,44,0
3,3,45,0
3,3,46,0
3,3,47,0
3,3,48,0
3,4,1,0
3,4,2,0
3,4,3,0
3,4,4,0
3,4,5,0
3,4,6,0
3,4,7,0
3,4,8,0
3,4,9,0
3,4,10,0
3,4,11,0
3,4,12,0
3,4,13,0.11460034
3,4,14,0.11460034
3,4,15,0.691156463
3,4,16,0.691156463
3,4,17,0.817431973
3,4,18,0.817431973
3,4,19,0.836539116
3,4,20,0.836539116
3,4,21,0.847840136
3,4,22,0.847840136
3,4,23,0.853061224
3,4,24,0.853061224
3,4,25,0.848630952
3,4,26,0.848630952
3,4,27,0.848588435
3,4,28,0.848588435
3,4,29,0.842984694
3,4,30,0.842984694
3,4,31,0.826819728
3,4,32,0.826819728
3,4,33,0.792423469
3,4,34,0.792423469
3,4,35,0.465204082
3,4,36,0.465204082
3,4,37,0.014862245
3,4,38,0.014862245
3,4,39,0
3,4,40,0
3,4,41,0
3,4,42,0
3,4,43,0
3,4,44,0
3,4,45,0
3,4,46,0
3,4,47,0
3,4,48,0
3,5,1,0
3,5,2,0
3,5,3,0
3,5,4,0
3,5,5,0
3,5,6,0
3,5,7,0
3,5,8,0
3,5,9,0
3,5,10,0
3,5,11,0
3,5,12,0
3,5,13,0.111717687
3,5,14,0.111717687
3,5,15,0.686488095
3,5,16,0.686488095
3,5,17,0.814447279
3,5,18,0.814447279
3,5,19,0.832670068
3,5,20,0.832670068
3,5,21,0.842423469
3,5,22,0.842423469
3,5,23,0.845935374
3,5,24,0.845935374
3,5,25,0.841522109
3,5,26,0.841522109
3,5,27,0.836411565
3,5,28,0.836411565
3,5,29,0.755731293
3,5,30,0.755731293
3,5,31,0.800714286
3,5,32,0.800714286
3,5,33,0.751088435
3,5,34,0.751088435
3,5,35,0.434064626
3,5,36,0.434064626
3,5,37,0.010144558
3,5,38,0.010144558
3,5,39,0
3,5,40,0
3,5,41,0
3,5,42,0
3,5,43,0
3,5,44,0
3,5,45,0
3,5,46,0
3,5,47,0
3,5,48,0
3,6,1,0
3,6,2,0
3,6,3,0
3,6,4,0
3,6,5,0
3,6,6,0
3,6,7,0
3,6,8,0
3,6,9,0
3,6,10,0
3,6,11,0
3,6,12,0
3,6,13,0.107380952
3,6,14,0.107380952
3,6,15,0.671836735
3,6,16,0.671836735
3,6,17,0.806743197
3,6,18,0.806743197
3,6,19,0.828112245
3,6,20,0.828112245
3,6,21,0.838486395
3,6,22,0.838486395
3,6,23,0.842355442
3,6,24,0.842355442
3,6,25,0.838316327
3,6,26,0.838316327
3,6,27,0.824617347
3,6,28,0.824617347
3,6,29,0.795365646
3,6,30,0.795365646
3,6,31,0.799889456
3,6,32,0.799889456
3,6,33,0.73337585
3,6,34,0.73337585
3,6,35,0.407423469
3,6,36,0.407423469
3,6,37,0.008940476
3,6,38,0.008940476
3,6,39,0
3,6,40,0
3,6,41,0
3,6,42,0
3,6,43,0
3,6,44,0
3,6,45,0
3,6,46,0
3,6,47,0
3,6,48,0
3,7,1,0
3,7,2,0
3,7,3,0
3,7,4,0
3,7,5,0
3,7,6,0
3,7,7,0
3,7,8,0
3,7,9,0
3,7,10,0
3,7,11,0
3,7,12,0
3,7,13,0.09710034
3,7,14,0.09710034
3,7,15,0.645442177
3,7,16,0.645442177
3,7,17,0.790110544
3,7,18,0.790110544
3,7,19,0.810136054
3,7,20,0.810136054
3,7,21,0.827108844
3,7,22,0.827108844
3,7,23,0.833962585
3,7,24,0.833962585
3,7,25,0.834727891
3,7,26,0.834727891
3,7,27,0.821352041
3,7,28,0.821352041
3,7,29,0.655986395
3,7,30,0.655986395
3,7,31,0.560858844
3,7,32,0.560858844
3,7,33,0.095144558
3,7,34,0.095144558
3,7,35,0.219387755
3,7,36,0.219387755
3,7,37,0
3,7,38,0
3,7,39,0
3,7,40,0
3,7,41,0
3,7,42,0
3,7,43,0
3,7,44,0
3,7,45,0
3,7,46,0
3,7,47,0
3,7,48,0
3,8,1,0
3,8,2,0
3,8,3,0
3,8,4,0
3,8,5,0
3,8,6,0
3,8,7,0
3,8,8,0
3,8,9,0
3,8,10,0
3,8,11,0
3,8,12,0
3,8,13,0.098392857
3,8,14,0.098392857
3,8,15,0.653316327
3,8,16,0.653316327
3,8,17,0.787602041
3,8,18,0.787602041
3,8,19,0.813503401
3,8,20,0.813503401
3,8,21,0.829243197
3,8,22,0.829243197
3,8,23,0.83210034
3,8,24,0.83210034
3,8,25,0.828937075
3,8,26,0.828937075
3,8,27,0.830391156
3,8,28,0.830391156
3,8,29,0.825807823
3,8,30,0.825807823
3,8,31,0.803401361
3,8,32,0.803401361
3,8,33,0.766343537
3,8,34,0.766343537
3,8,35,0.418027211
3,8,36,0.418027211
3,8,37,0.008308418
3,8,38,0.008308418
3,8,39,0
3,8,40,0
3,8,41,0
3,8,42,0
3,8,43,0
3,8,44,0
3,8,45,0
3,8,46,0
3,8,47,0
3,8,48,0
3,9,1,0
3,9,2,0
3,9,3,0
3,9,4,0
3,9,5,0
3,9,6,0
3,9,7,0
3,9,8,0
3,9,9,0
3,9,10,0
3,9,11,0
3,9,12,0
3,9,13,0.090153061
3,9,14,0.090153061
3,9,15,0.62202381
3,9,16,0.62202381
3,9,17,0.770365646
3,9,18,0.770365646
3,9,19,0.791964286
3,9,20,0.791964286
3,9,21,0.808886054
3,9,22,0.808886054
3,9,23,0.815603741
3,9,24,0.815603741
3,9,25,0.815314626
3,9,26,0.815314626
3,9,27,0.813392857
3,9,28,0.813392857
3,9,29,0.807040816
3,9,30,0.807040816
3,9,31,0.738418367
3,9,32,0.738418367
3,9,33,0.59460034
3,9,34,0.59460034
3,9,35,0.185195578
3,9,36,0.185195578
3,9,37,0
3,9,38,0
3,9,39,0
3,9,40,0
3,9,41,0
3,9,42,0
3,9,43,0
3,9,44,0
3,9,45,0
3,9,46,0
3,9,47,0
3,9,48,0
3,10,1,0
3,10,2,0
3,10,3,0
3,10,4,0
3,10,5,0
3,10,6,0
3,10,7,0
3,10,8,0
3,10,9,0
3,10,10,0
3,10,11,0
3,10,12,0
3,10,13,0.080965136
3,10,14,0.080965136
3,10,15,0.366505102
3,10,16,0.366505102
3,10,17,0.536496599
3,10,18,0.536496599
3,10,19,0.257704082
3,10,20,0.257704082
3,10,21,0.542797619
3,10,22,0.542797619
3,10,23,0.653469388
3,10,24,0.653469388
3,10,25,0.393537415
3,10,26,0.393537415
3,10,27,0.370884354
3,10,28,0.370884354
3,10,29,0.309455782
3,10,30,0.309455782
3,10,31,0.57917517
3,10,32,0.57917517
3,10,33,0.205289116
3,10,34,0.205289116
3,10,35,0.007416667
3,10,36,0.007416667
3,10,37,0
3,10,38,0
3,10,39,0
3,10,40,0
3,10,41,0
3,10,42,0
3,10,43,0
3,10,44,0
3,10,45,0
3,10,46,0
3,10,47,0
3,10,48,0
3,11,1,0
3,11,2,0
3,11,3,0
3,11,4,0
3,11,5,0
3,11,6,0
3,11,7,0
3,11,8,0
3,11,9,0
3,11,10,0
3,11,11,0
3,11,12,0
3,11,13,0
3,11,14,0
3,11,15,0.019698129
3,11,16,0.019698129
3,11,17,0.015327381
3,11,18,0.015327381
3,11,19,0.02042602
3,11,20,0.02042602
3,11,21,0.026204932
3,11,22,0.026204932
3,11,23,0.033236395
3,11,24,0.033236395
3,11,25,0.081921769
3,11,26,0.081921769
3,11,27,0.144192177
3,11,28,0.144192177
3,11,29,0.151845238
3,11,30,0.151845238
3,11,31,0.186598639
3,11,32,0.186598639
3,11,33,0.068516156
3,11,34,0.068516156
3,11,35,0.029673469
3,11,36,0.029673469
3,11,37,0
3,11,38,0
3,11,39,0
3,11,40,0
3,11,41,0
3,11,42,0
3,11,43,0
3,11,44,0
3,11,45,0
3,11,46,0
3,11,47,0
3,11,48,0
3,12,1,0
3,12,2,0
3,12,3,0
3,12,4,0
3,12,5,0
3,12,6,0
3,12,7,0
3,12,8,0
3,12,9,0
3,12,10,0
3,12,11,0
3,12,12,0
3,12,13,0.082395408
3,12,14,0.082395408
3,12,15,0.350068027
3,12,16,0.350068027
3,12,17,0.576454082
3,12,18,0.576454082
3,12,19,0.762661565
3,12,20,0.762661565
3,12,21,0.648979592
3,12,22,0.648979592
3,12,23,0.732108844
3,12,24,0.732108844
3,12,25,0.798069728
3,12,26,0.798069728
3,12,27,0.732542517
3,12,28,0.732542517
3,12,29,0.546913265
3,12,30,0.546913265
3,12,31,0.528477891
3,12,32,0.528477891
3,12,33,0.545076531
3,12,34,0.545076531
3,12,35,0.302806122
3,12,36,0.302806122
3,12,37,0.000501114
3,12,38,0.000501114
3,12,39,0
3,12,40,0
3,12,41,0
3,12,42,0
3,12,43,0
3,12,44,0
3,12,45,0
3,12,46,0
3,12,47,0
3,12,48,0
3,13,1,0
3,13,2,0
3,13,3,0
3,13,4,0
3,13,5,0
3,13,6,0
3,13,7,0
3,13,8,0
3,13,9,0
3,13,10,0
3,13,11,0
3,13,12,0
3,13,13,0.072903061
3,13,14,0.072903061
3,13,15,0.590935374
3,13,16,0.590935374
3,13,17,0.762517007
3,13,18,0.762517007
3,13,19,0.782891156
3,13,20,0.782891156
3,13,21,0.794030612
3,13,22,0.794030612
3,13,23,0.805841837
3,13,24,0.805841837
3,13,25,0.69627551
3,13,26,0.69627551
3,13,27,0.650722789
3,13,28,0.650722789
3,13,29,0.785833333
3,13,30,0.785833333
3,13,31,0.740229592
3,13,32,0.740229592
3,13,33,0.208001701
3,13,34,0.208001701
3,13,35,0.127006803
3,13,36,0.127006803
3,13,37,0
3,13,38,0
3,13,39,0
3,13,40,0
3,13,41,0
3,13,42,0
3,13,43,0
3,13,44,0
3,13,45,0
3,13,46,0
3,13,47,0
3,13,48,0
3,14,1,0
3,14,2,0
3,14,3,0
3,14,4,0
3,14,5,0
3,14,6,0
3,14,7,0
3,14,8,0
3,14,9,0
3,14,10,0
3,14,11,0
3,14,12,0
3,14,13,0.056578231
3,14,14,0.056578231
3,14,15,0.566079932
3,14,16,0.566079932
3,14,17,0.698154762
3,14,18,0.698154762
3,14,19,0.723418367
3,14,20,0.723418367
3,14,21,0.791836735
3,14,22,0.791836735
3,14,23,0.756522109
3,14,24,0.756522109
3,14,25,0.728061224
3,14,26,0.728061224
3,14,27,0.664591837
3,14,28,0.664591837
3,14,29,0.412202381
3,14,30,0.412202381
3,14,31,0.440127551
3,14,32,0.440127551
3,14,33,0.39832483
3,14,34,0.39832483
3,14,35,0.338137755
3,14,36,0.338137755
3,14,37,0
3,14,38,0
3,14,39,0
3,14,40,0
3,14,41,0
3,14,42,0
3,14,43,0
3,14,44,0
3,14,45,0
3,14,46,0
3,14,47,0
3,14,48,0
3,15,1,0
3,15,2,0
3,15,3,0
3,15,4,0
3,15,5,0
3,15,6,0
3,15,7,0
3,15,8,0
3,15,9,0
3,15,10,0
3,15,11,0
3,15,12,0
3,15,13,0.064945578
3,15,14,0.064945578
3,15,15,0.572134354
3,15,16,0.572134354
3,15,17,0.758886054
3,15,18,0.758886054
3,15,19,0.784651361
3,15,20,0.784651361
3,15,21,0.797066327
3,15,22,0.797066327
3,15,23,0.802840136
3,15,24,0.802840136
3,15,25,0.759940476
3,15,26,0.759940476
3,15,27,0.736760204
3,15,28,0.736760204
3,15,29,0.786496599
3,15,30,0.786496599
3,15,31,0.678545918
3,15,32,0.678545918
3,15,33,0.666734694
3,15,34,0.666734694
3,15,35,0.318163265
3,15,36,0.318163265
3,15,37,0
3,15,38,0
3,15,39,0
3,15,40,0
3,15,41,0
3,15,42,0
3,15,43,0
3,15,44,0
3,15,45,0
3,15,46,0
3,15,47,0
3,15,48,0
3,16,1,0
3,16,2,0
3,16,3,0
3,16,4,0
3,16,5,0
3,16,6,0
3,16,7,0
3,16,8,0
3,16,9,0
3,16,10,0
3,16,11,0
3,16,12,0
3,16,13,0.054328231
3,16,14,0.054328231
3,16,15,0.553520408
3,16,16,0.553520408
3,16,17,0.770884354
3,16,18,0.770884354
3,16,19,0.785340136
3,16,20,0.785340136
3,16,21,0.78545068
3,16,22,0.78545068
3,16,23,0.789685374
3,16,24,0.789685374
3,16,25,0.800484694
3,16,26,0.800484694
3,16,27,0.798486395
3,16,28,0.798486395
3,16,29,0.792151361
3,16,30,0.792151361
3,16,31,0.772210884
3,16,32,0.772210884
3,16,33,0.737882653
3,16,34,0.737882653
3,16,35,0.350595238
3,16,36,0.350595238
3,16,37,0
3,16,38,0
3,16,39,0
3,16,40,0
3,16,41,0
3,16,42,0
3,16,43,0
3,16,44,0
3,16,45,0
3,16,46,0
3,16,47,0
3,16,48,0
3,17,1,0
3,17,2,0
3,17,3,0
3,17,4,0
3,17,5,0
3,17,6,0
3,17,7,0
3,17,8,0
3,17,9,0
3,17,10,0
3,17,11,0
3,17,12,0
3,17,13,0.050027211
3,17,14,0.050027211
3,17,15,0.238307823
3,17,16,0.238307823
3,17,17,0.426420068
3,17,18,0.426420068
3,17,19,0.681454082
3,17,20,0.681454082
3,17,21,0.77627551
3,17,22,0.77627551
3,17,23,0.798180272
3,17,24,0.798180272
3,17,25,0.797721088
3,17,26,0.797721088
3,17,27,0.793069728
3,17,28,0.793069728
3,17,29,0.751964286
3,17,30,0.751964286
3,17,31,0.768860544
3,17,32,0.768860544
3,17,33,0.719022109
3,17,34,0.719022109
3,17,35,0.331794218
3,17,36,0.331794218
3,17,37,0
3,17,38,0
3,17,39,0
3,17,40,0
3,17,41,0
3,17,42,0
3,17,43,0
3,17,44,0
3,17,45,0
3,17,46,0
3,17,47,0
3,17,48,0
3,18,1,0
3,18,2,0
3,18,3,0
3,18,4,0
3,18,5,0
3,18,6,0
3,18,7,0
3,18,8,0
3,18,9,0
3,18,10,0
3,18,11,0
3,18,12,0
3,18,13,0.075744898
3,18,14,0.075744898
3,18,15,0.53332483
3,18,16,0.53332483
3,18,17,0.762091837
3,18,18,0.762091837
3,18,19,0.782185374
3,18,20,0.782185374
3,18,21,0.793571429
3,18,22,0.793571429
3,18,23,0.797695578
3,18,24,0.797695578
3,18,25,0.792712585
3,18,26,0.792712585
3,18,27,0.789591837
3,18,28,0.789591837
3,18,29,0.783018707
3,18,30,0.783018707
3,18,31,0.739906463
3,18,32,0.739906463
3,18,33,0.683112245
3,18,34,0.683112245
3,18,35,0.328460884
3,18,36,0.328460884
3,18,37,0
3,18,38,0
3,18,39,0
3,18,40,0
3,18,41,0
3,18,42,0
3,18,43,0
3,18,44,0
3,18,45,0
3,18,46,0
3,18,47,0
3,18,48,0
3,19,1,0
3,19,2,0
3,19,3,0
3,19,4,0
3,19,5,0
3,19,6,0
3,19,7,0
3,19,8,0
3,19,9,0
3,19,10,0
3,19,11,0
3,19,12,0
3,19,13,0.073096939
3,19,14,0.073096939
3,19,15,0.56297619
3,19,16,0.56297619
3,19,17,0.767482993
3,19,18,0.767482993
3,19,19,0.783265306
3,19,20,0.783265306
3,19,21,0.789464286
3,19,22,0.789464286
3,19,23,0.791318027
3,19,24,0.791318027
3,19,25,0.783341837
3,19,26,0.783341837
3,19,27,0.780569728
3,19,28,0.780569728
3,19,29,0.750127551
3,19,30,0.750127551
3,19,31,0.639710884
3,19,32,0.639710884
3,19,33,0.687517007
3,19,34,0.687517007
3,19,35,0.311318027
3,19,36,0.311318027
3,19,37,0
3,19,38,0
3,19,39,0
3,19,40,0
3,19,41,0
3,19,42,0
3,19,43,0
3,19,44,0
3,19,45,0
3,19,46,0
3,19,47,0
3,19,48,0
3,20,1,0
3,20,2,0
3,20,3,0
3,20,4,0
3,20,5,0
3,20,6,0
3,20,7,0
3,20,8,0
3,20,9,0
3,20,10,0
3,20,11,0
3,20,12,0
3,20,13,0.049930272
3,20,14,0.049930272
3,20,15,0.298886054
3,20,16,0.298886054
3,20,17,0.31369898
3,20,18,0.31369898
3,20,19,0.527389456
3,20,20,0.527389456
3,20,21,0.514047619
3,20,22,0.514047619
3,20,23,0.356113946
3,20,24,0.356113946
3,20,25,0.398222789
3,20,26,0.398222789
3,20,27,0.61164966
3,20,28,0.61164966
3,20,29,0.748078231
3,20,30,0.748078231
3,20,31,0.759591837
3,20,32,0.759591837
3,20,33,0.698231293
3,20,34,0.698231293
3,20,35,0.215833333
3,20,36,0.215833333
3,20,37,0
3,20,38,0
3,20,39,0
3,20,40,0
3,20,41,0
3,20,42,0
3,20,43,0
3,20,44,0
3,20,45,0
3,20,46,0
3,20,47,0
3,20,48,0
3,21,1,0
3,21,2,0
3,21,3,0
3,21,4,0
3,21,5,0
3,21,6,0
3,21,7,0
3,21,8,0
3,21,9,0
3,21,10,0
3,21,11,0
3,21,12,0
3,21,13,0.049909864
3,21,14,0.049909864
3,21,15,0.216632653
3,21,16,0.216632653
3,21,17,0.323112245
3,21,18,0.323112245
3,21,19,0.632763605
3,21,20,0.632763605
3,21,21,0.643537415
3,21,22,0.643537415
3,21,23,0.723069728
3,21,24,0.723069728
3,21,25,0.711964286
3,21,26,0.711964286
3,21,27,0.464659864
3,21,28,0.464659864
3,21,29,0.602840136
3,21,30,0.602840136
3,21,31,0.603894558
3,21,32,0.603894558
3,21,33,0.618426871
3,21,34,0.618426871
3,21,35,0.161130952
3,21,36,0.161130952
3,21,37,0
3,21,38,0
3,21,39,0
3,21,40,0
3,21,41,0
3,21,42,0
3,21,43,0
3,21,44,0
3,21,45,0
3,21,46,0
3,21,47,0
3,21,48,0
3,22,1,0
3,22,2,0
3,22,3,0
3,22,4,0
3,22,5,0
3,22,6,0
3,22,7,0
3,22,8,0
3,22,9,0
3,22,10,0
3,22,11,0
3,22,12,0
3,22,13,0
3,22,14,0
3,22,15,0.000952721
3,22,16,0.000952721
3,22,17,0.015227891
3,22,18,0.015227891
3,22,19,0.055041667
3,22,20,0.055041667
3,22,21,0.062448129
3,22,22,0.062448129
3,22,23,0.403477891
3,22,24,0.403477891
3,22,25,0.45542517
3,22,26,0.45542517
3,22,27,0.59287415
3,22,28,0.59287415
3,22,29,0.519880952
3,22,30,0.519880952
3,22,31,0.028112245
3,22,32,0.028112245
3,22,33,0.013972789
3,22,34,0.013972789
3,22,35,0.031144558
3,22,36,0.031144558
3,22,37,0
3,22,38,0
3,22,39,0
3,22,40,0
3,22,41,0
3,22,42,0
3,22,43,0
3,22,44,0
3,22,45,0
3,22,46,0
3,22,47,0
3,22,48,0
3,23,1,0
3,23,2,0
3,23,3,0
3,23,4,0
3,23,5,0
3,23,6,0
3,23,7,0
3,23,8,0
3,23,9,0
3,23,10,0
3,23,11,0
3,23,12,0
3,23,13,0.002454592
3,23,14,0.002454592
3,23,15,0.018286565
3,23,16,0.018286565
3,23,17,0.027455782
3,23,18,0.027455782
3,23,19,0.046647959
3,23,20,0.046647959
3,23,21,0.02824915
3,23,22,0.02824915
3,23,23,0.078197279
3,23,24,0.078197279
3,23,25,0.036913265
3,23,26,0.036913265
3,23,27,0.050763605
3,23,28,0.050763605
3,23,29,0.048313776
3,23,30,0.048313776
3,23,31,0.017020408
3,23,32,0.017020408
3,23,33,0.023142857
3,23,34,0.023142857
3,23,35,0.004172789
3,23,36,0.004172789
3,23,37,0
3,23,38,0
3,23,39,0
3,23,40,0
3,23,41,0
3,23,42,0
3,23,43,0
3,23,44,0
3,23,45,0
3,23,46,0
3,23,47,0
3,23,48,0
3,24,1,0
3,24,2,0
3,24,3,0
3,24,4,0
3,24,5,0
3,24,6,0
3,24,7,0
3,24,8,0
3,24,9,0
3,24,10,0
3,24,11,0
3,24,12,0
3,24,13,0.063222789
3,24,14,0.063222789
3,24,15,0.567517007
3,24,16,0.567517007
3,24,17,0.734829932
3,24,18,0.734829932
3,24,19,0.713537415
3,24,20,0.713537415
3,24,21,0.703086735
3,24,22,0.703086735
3,24,23,0.711734694
3,24,24,0.711734694
3,24,25,0.713052721
3,24,26,0.713052721
3,24,27,0.702363946
3,24,28,0.702363946
3,24,29,0.49797619
3,24,30,0.49797619
3,24,31,0.366394558
3,24,32,0.366394558
3,24,33,0.553069728
3,24,34,0.553069728
3,24,35,0.257040816
3,24,36,0.257040816
3,24,37,0
3,24,38,0
3,24,39,0
3,24,40,0
3,24,41,0
3,24,42,0
3,24,43,0
3,24,44,0
3,24,45,0
3,24,46,0
3,24,47,0
3,24,48,0
3,25,1,0
3,25,2,0
3,25,3,0
3,25,4,0
3,25,5,0
3,25,6,0
3,25,7,0
3,25,8,0
3,25,9,0
3,25,10,0
3,25,11,0
3,25,12,0
3,25,13,0.060505952
3,25,14,0.060505952
3,25,15,0.331292517
3,25,16,0.331292517
3,25,17,0.624668367
3,25,18,0.624668367
3,25,19,0.76835034
3,25,20,0.76835034
3,25,21,0.771709184
3,25,22,0.771709184
3,25,23,0.48079932
3,25,24,0.48079932
3,25,25,0.404090136
3,25,26,0.404090136
3,25,27,0.369829932
3,25,28,0.369829932
3,25,29,0.779812925
3,25,30,0.779812925
3,25,31,0.231343537
3,25,32,0.231343537
3,25,33,0.525935374
3,25,34,0.525935374
3,25,35,0.251930272
3,25,36,0.251930272
3,25,37,0
3,25,38,0
3,25,39,0
3,25,40,0
3,25,41,0
3,25,42,0
3,25,43,0
3,25,44,0
3,25,45,0
3,25,46,0
3,25,47,0
3,25,48,0
3,26,1,0
3,26,2,0
3,26,3,0
3,26,4,0
3,26,5,0
3,26,6,0
3,26,7,0
3,26,8,0
3,26,9,0
3,26,10,0
3,26,11,0
3,26,12,0
3,26,13,0.06692432
3,26,14,0.06692432
3,26,15,0.577108844
3,26,16,0.577108844
3,26,17,0.748367347
3,26,18,0.748367347
3,26,19,0.765782313
3,26,20,0.765782313
3,26,21,0.777568027
3,26,22,0.777568027
3,26,23,0.779838435
3,26,24,0.779838435
3,26,25,0.781989796
3,26,26,0.781989796
3,26,27,0.779532313
3,26,28,0.779532313
3,26,29,0.753835034
3,26,30,0.753835034
3,26,31,0.60164966
3,26,32,0.60164966
3,26,33,0.705408163
3,26,34,0.705408163
3,26,35,0.206921769
3,26,36,0.206921769
3,26,37,0
3,26,38,0
3,26,39,0
3,26,40,0
3,26,41,0
3,26,42,0
3,26,43,0
3,26,44,0
3,26,45,0
3,26,46,0
3,26,47,0
3,26,48,0
3,27,1,0
3,27,2,0
3,27,3,0
3,27,4,0
3,27,5,0
3,27,6,0
3,27,7,0
3,27,8,0
3,27,9,0
3,27,10,0
3,27,11,0
3,27,12,0
3,27,13,0.063923469
3,27,14,0.063923469
3,27,15,0.568044218
3,27,16,0.568044218
3,27,17,0.743571429
3,27,18,0.743571429
3,27,19,0.762091837
3,27,20,0.762091837
3,27,21,0.775544218
3,27,22,0.775544218
3,27,23,0.773265306
3,27,24,0.773265306
3,27,25,0.426683673
3,27,26,0.426683673
3,27,27,0.03292517
3,27,28,0.03292517
3,27,29,0.019085034
3,27,30,0.019085034
3,27,31,0.024856293
3,27,32,0.024856293
3,27,33,0.018946429
3,27,34,0.018946429
3,27,35,0.036971088
3,27,36,0.036971088
3,27,37,0
3,27,38,0
3,27,39,0
3,27,40,0
3,27,41,0
3,27,42,0
3,27,43,0
3,27,44,0
3,27,45,0
3,27,46,0
3,27,47,0
3,27,48,0
3,28,1,0
3,28,2,0
3,28,3,0
3,28,4,0
3,28,5,0
3,28,6,0
3,28,7,0
3,28,8,0
3,28,9,0
3,28,10,0
3,28,11,0
3,28,12,0
3,28,13,0.047886905
3,28,14,0.047886905
3,28,15,0.44457483
3,28,16,0.44457483
3,28,17,0.741003401
3,28,18,0.741003401
3,28,19,0.773154762
3,28,20,0.773154762
3,28,21,0.77789966
3,28,22,0.77789966
3,28,23,0.779965986
3,28,24,0.779965986
3,28,25,0.769098639
3,28,26,0.769098639
3,28,27,0.774302721
3,28,28,0.774302721
3,28,29,0.76662415
3,28,30,0.76662415
3,28,31,0.756938776
3,28,32,0.756938776
3,28,33,0.705178571
3,28,34,0.705178571
3,28,35,0.228239796
3,28,36,0.228239796
3,28,37,0
3,28,38,0
3,28,39,0
3,28,40,0
3,28,41,0
3,28,42,0
3,28,43,0
3,28,44,0
3,28,45,0
3,28,46,0
3,28,47,0
3,28,48,0
3,29,1,0
3,29,2,0
3,29,3,0
3,29,4,0
3,29,5,0
3,29,6,0
3,29,7,0
3,29,8,0
3,29,9,0
3,29,10,0
3,29,11,0
3,29,12,0
3,29,13,0.057065476
3,29,14,0.057065476
3,29,15,0.414217687
3,29,16,0.414217687
3,29,17,0.420705782
3,29,18,0.420705782
3,29,19,0.48497449
3,29,20,0.48497449
3,29,21,0.649039116
3,29,22,0.649039116
3,29,23,0.698426871
3,29,24,0.698426871
3,29,25,0.649846939
3,29,26,0.649846939
3,29,27,0.676998299
3,29,28,0.676998299
3,29,29,0.422091837
3,29,30,0.422091837
3,29,31,0.564566327
3,29,32,0.564566327
3,29,33,0.653715986
3,29,34,0.653715986
3,29,35,0.204719388
3,29,36,0.204719388
3,29,37,0
3,29,38,0
3,29,39,0
3,29,40,0
3,29,41,0
3,29,42,0
3,29,43,0
3,29,44,0
3,29,45,0
3,29,46,0
3,29,47,0
3,29,48,0
3,30,1,0
3,30,2,0
3,30,3,0
3,30,4,0
3,30,5,0
3,30,6,0
3,30,7,0
3,30,8,0
3,30,9,0
3,30,10,0
3,30,11,0
3,30,12,0
3,30,13,0.056011054
3,30,14,0.056011054
3,30,15,0.341318027
3,30,16,0.341318027
3,30,17,0.500671769
3,30,18,0.500671769
3,30,19,0.474294218
3,30,20,0.474294218
3,30,21,0.681539116
3,30,22,0.681539116
3,30,23,0.633809524
3,30,24,0.633809524
3,30,25,0.441479592
3,30,26,0.441479592
3,30,27,0.329617347
3,30,28,0.329617347
3,30,29,0.615187075
3,30,30,0.615187075
3,30,31,0.666658163
3,30,32,0.666658163
3,30,33,0.501318027
3,30,34,0.501318027
3,30,35,0.088129252
3,30,36,0.088129252
3,30,37,0
3,30,38,0
3,30,39,0
3,30,40,0
3,30,41,0
3,30,42,0
3,30,43,0
3,30,44,0
3,30,45,0
3,30,46,0
3,30,47,0
3,30,48,0
3,31,1,0
3,31,2,0
3,31,3,0
3,31,4,0
3,31,5,0
3,31,6,0
3,31,7,0
3,31,8,0
3,31,9,0
3,31,10,0
3,31,11,0
3,31,12,0
3,31,13,0.054505102
3,31,14,0.054505102
3,31,15,0.494566327
3,31,16,0.494566327
3,31,17,0.672287415
3,31,18,0.672287415
3,31,19,0.764277211
3,31,20,0.764277211
3,31,21,0.771947279
3,31,22,0.771947279
3,31,23,0.774838435
3,31,24,0.774838435
3,31,25,0.772151361
3,31,26,0.772151361
3,31,27,0.771862245
3,31,28,0.771862245
3,31,29,0.769328231
3,31,30,0.769328231
3,31,31,0.665646259
3,31,32,0.665646259
3,31,33,0.196751701
3,31,34,0.196751701
3,31,35,0.080340136
3,31,36,0.080340136
3,31,37,0
3,31,38,0
3,31,39,0
3,31,40,0
3,31,41,0
3,31,42,0
3,31,43,0
3,31,44,0
3,31,45,0
3,31,46,0
3,31,47,0
3,31,48,0
4,1,1,0
4,1,2,0
4,1,3,0
4,1,4,0
4,1,5,0
4,1,6,0
4,1,7,0
4,1,8,0
4,1,9,0
4,1,10,0
4,1,11,0
4,1,12,0
4,1,13,0.060642857
4,1,14,0.060642857
4,1,15,0.507414966
4,1,16,0.507414966
4,1,17,0.698596939
4,1,18,0.698596939
4,1,19,0.721054422
4,1,20,0.721054422
4,1,21,0.71710034
4,1,22,0.71710034
4,1,23,0.789107143
4,1,24,0.789107143
4,1,25,0.787534014
4,1,26,0.787534014
4,1,27,0.790034014
4,1,28,0.790034014
4,1,29,0.785459184
4,1,30,0.785459184
4,1,31,0.764566327
4,1,32,0.764566327
4,1,33,0.715153061
4,1,34,0.715153061
4,1,35,0.206802721
4,1,36,0.206802721
4,1,37,0
4,1,38,0
4,1,39,0
4,1,40,0
4,1,41,0
4,1,42,0
4,1,43,0
4,1,44,0
4,1,45,0
4,1,46,0
4,1,47,0
4,1,48,0
4,2,1,0
4,2,2,0
4,2,3,0
4,2,4,0
4,2,5,0
4,2,6,0
4,2,7,0
4,2,8,0
4,2,9,0
4,2,10,0
4,2,11,0
4,2,12,0
4,2,13,0.063822279
4,2,14,0.063822279
4,2,15,0.601156463
4,2,16,0.601156463
4,2,17,0.793673469
4,2,18,0.793673469
4,2,19,0.809846939
4,2,20,0.809846939
4,2,21,0.816471088
4,2,22,0.816471088
4,2,23,0.814115646
4,2,24,0.814115646
4,2,25,0.811164966
4,2,26,0.811164966
4,2,27,0.812517007
4,2,28,0.812517007
4,2,29,0.809430272
4,2,30,0.809430272
4,2,31,0.795076531
4,2,32,0.795076531
4,2,33,0.744991497
4,2,34,0.744991497
4,2,35,0.213180272
4,2,36,0.213180272
4,2,37,0
4,2,38,0
4,2,39,0
4,2,40,0
4,2,41,0
4,2,42,0
4,2,43,0
4,2,44,0
4,2,45,0
4,2,46,0
4,2,47,0
4,2,48,0
4,3,1,0
4,3,2,0
4,3,3,0
4,3,4,0
4,3,5,0
4,3,6,0
4,3,7,0
4,3,8,0
4,3,9,0
4,3,10,0
4,3,11,0
4,3,12,0
4,3,13,0.065229592
4,3,14,0.065229592
4,3,15,0.608205782
4,3,16,0.608205782
4,3,17,0.798886054
4,3,18,0.798886054
4,3,19,0.810731293
4,3,20,0.810731293
4,3,21,0.815569728
4,3,22,0.815569728
4,3,23,0.814795918
4,3,24,0.814795918
4,3,25,0.81292517
4,3,26,0.81292517
4,3,27,0.816190476
4,3,28,0.816190476
4,3,29,0.814914966
4,3,30,0.814914966
4,3,31,0.801862245
4,3,32,0.801862245
4,3,33,0.756607143
4,3,34,0.756607143
4,3,35,0.20672619
4,3,36,0.20672619
4,3,37,0
4,3,38,0
4,3,39,0
4,3,40,0
4,3,41,0
4,3,42,0
4,3,43,0
4,3,44,0
4,3,45,0
4,3,46,0
4,3,47,0
4,3,48,0
4,4,1,0
4,4,2,0
4,4,3,0
4,4,4,0
4,4,5,0
4,4,6,0
4,4,7,0
4,4,8,0
4,4,9,0
4,4,10,0
4,4,11,0
4,4,12,0
4,4,13,0.063125
4,4,14,0.063125
4,4,15,0.611734694
4,4,16,0.611734694
4,4,17,0.802644558
4,4,18,0.802644558
4,4,19,0.806904762
4,4,20,0.806904762
4,4,21,0.807066327
4,4,22,0.807066327
4,4,23,0.815085034
4,4,24,0.815085034
4,4,25,0.812304422
4,4,26,0.812304422
4,4,27,0.816181973
4,4,28,0.816181973
4,4,29,0.815969388
4,4,30,0.815969388
4,4,31,0.803792517
4,4,32,0.803792517
4,4,33,0.757568027
4,4,34,0.757568027
4,4,35,0.203767007
4,4,36,0.203767007
4,4,37,0
4,4,38,0
4,4,39,0
4,4,40,0
4,4,41,0
4,4,42,0
4,4,43,0
4,4,44,0
4,4,45,0
4,4,46,0
4,4,47,0
4,4,48,0
4,5,1,0
4,5,2,0
4,5,3,0
4,5,4,0
4,5,5,0
4,5,6,0
4,5,7,0
4,5,8,0
4,5,9,0
4,5,10,0
4,5,11,0
4,5,12,0
4,5,13,0.062570578
4,5,14,0.062570578
4,5,15,0.605994898
4,5,16,0.605994898
4,5,17,0.802151361
4,5,18,0.802151361
4,5,19,0.812789116
4,5,20,0.812789116
4,5,21,0.815314626
4,5,22,0.815314626
4,5,23,0.813027211
4,5,24,0.813027211
4,5,25,0.809872449
4,5,26,0.809872449
4,5,27,0.813137755
4,5,28,0.813137755
4,5,29,0.811913265
4,5,30,0.811913265
4,5,31,0.799812925
4,5,32,0.799812925
4,5,33,0.753112245
4,5,34,0.753112245
4,5,35,0.193647959
4,5,36,0.193647959
4,5,37,0
4,5,38,0
4,5,39,0
4,5,40,0
4,5,41,0
4,5,42,0
4,5,43,0
4,5,44,0
4,5,45,0
4,5,46,0
4,5,47,0
4,5,48,0
4,6,1,0
4,6,2,0
4,6,3,0
4,6,4,0
4,6,5,0
4,6,6,0
4,6,7,0
4,6,8,0
4,6,9,0
4,6,10,0
4,6,11,0
4,6,12,0
4,6,13,0.050704082
4,6,14,0.050704082
4,6,15,0.533673469
4,6,16,0.533673469
4,6,17,0.773988095
4,6,18,0.773988095
4,6,19,0.775484694
4,6,20,0.775484694
4,6,21,0.788384354
4,6,22,0.788384354
4,6,23,0.790085034
4,6,24,0.790085034
4,6,25,0.784804422
4,6,26,0.784804422
4,6,27,0.789370748
4,6,28,0.789370748
4,6,29,0.787534014
4,6,30,0.787534014
4,6,31,0.775
4,6,32,0.775
4,6,33,0.725382653
4,6,34,0.725382653
4,6,35,0.172653061
4,6,36,0.172653061
4,6,37,0
4,6,38,0
4,6,39,0
4,6,40,0
4,6,41,0
4,6,42,0
4,6,43,0
4,6,44,0
4,6,45,0
4,6,46,0
4,6,47,0
4,6,48,0
4,7,1,0
4,7,2,0
4,7,3,0
4,7,4,0
4,7,5,0
4,7,6,0
4,7,7,0
4,7,8,0
4,7,9,0
4,7,10,0
4,7,11,0
4,7,12,0
4,7,13,0.053289116
4,7,14,0.053289116
4,7,15,0.562159864
4,7,16,0.562159864
4,7,17,0.752908163
4,7,18,0.752908163
4,7,19,0.762670068
4,7,20,0.762670068
4,7,21,0.754064626
4,7,22,0.754064626
4,7,23,0.713486395
4,7,24,0.713486395
4,7,25,0.658197279
4,7,26,0.658197279
4,7,27,0.390314626
4,7,28,0.390314626
4,7,29,0.450382653
4,7,30,0.450382653
4,7,31,0.364506803
4,7,32,0.364506803
4,7,33,0.183843537
4,7,34,0.183843537
4,7,35,0.116462585
4,7,36,0.116462585
4,7,37,0
4,7,38,0
4,7,39,0
4,7,40,0
4,7,41,0
4,7,42,0
4,7,43,0
4,7,44,0
4,7,45,0
4,7,46,0
4,7,47,0
4,7,48,0
4,8,1,0
4,8,2,0
4,8,3,0
4,8,4,0
4,8,5,0
4,8,6,0
4,8,7,0
4,8,8,0
4,8,9,0
4,8,10,0
4,8,11,0
4,8,12,0
4,8,13,0.002618537
4,8,14,0.002618537
4,8,15,0.188154762
4,8,16,0.188154762
4,8,17,0.212882653
4,8,18,0.212882653
4,8,19,0.365731293
4,8,20,0.365731293
4,8,21,0.546003401
4,8,22,0.546003401
4,8,23,0.50619898
4,8,24,0.50619898
4,8,25,0.449013605
4,8,26,0.449013605
4,8,27,0.396488095
4,8,28,0.396488095
4,8,29,0.450977891
4,8,30,0.450977891
4,8,31,0.358078231
4,8,32,0.358078231
4,8,33,0.368392857
4,8,34,0.368392857
4,8,35,0.074389456
4,8,36,0.074389456
4,8,37,0
4,8,38,0
4,8,39,0
4,8,40,0
4,8,41,0
4,8,42,0
4,8,43,0
4,8,44,0
4,8,45,0
4,8,46,0
4,8,47,0
4,8,48,0
4,9,1,0
4,9,2,0
4,9,3,0
4,9,4,0
4,9,5,0
4,9,6,0
4,9,7,0
4,9,8,0
4,9,9,0
4,9,10,0
4,9,11,0
4,9,12,0
4,9,13,0.038028061
4,9,14,0.038028061
4,9,15,0.505484694
4,9,16,0.505484694
4,9,17,0.719804422
4,9,18,0.719804422
4,9,19,0.742755102
4,9,20,0.742755102
4,9,21,0.760246599
4,9,22,0.760246599
4,9,23,0.771020408
4,9,24,0.771020408
4,9,25,0.76627551
4,9,26,0.76627551
4,9,27,0.768384354
4,9,28,0.768384354
4,9,29,0.751981293
4,9,30,0.751981293
4,9,31,0.627406463
4,9,32,0.627406463
4,9,33,0.666632653
4,9,34,0.666632653
4,9,35,0.13457483
4,9,36,0.13457483
4,9,37,0
4,9,38,0
4,9,39,0
4,9,40,0
4,9,41,0
4,9,42,0
4,9,43,0
4,9,44,0
4,9,45,0
4,9,46,0
4,9,47,0
4,9,48,0
4,10,1,0
4,10,2,0
4,10,3,0
4,10,4,0
4,10,5,0
4,10,6,0
4,10,7,0
4,10,8,0
4,10,9,0
4,10,10,0
4,10,11,0
4,10,12,0
4,10,13,0.036491497
4,10,14,0.036491497
4,10,15,0.390867347
4,10,16,0.390867347
4,10,17,0.694302721
4,10,18,0.694302721
4,10,19,0.771802721
4,10,20,0.771802721
4,10,21,0.792780612
4,10,22,0.792780612
4,10,23,0.788818027
4,10,24,0.788818027
4,10,25,0.783835034
4,10,26,0.783835034
4,10,27,0.787168367
4,10,28,0.787168367
4,10,29,0.787610544
4,10,30,0.787610544
4,10,31,0.772865646
4,10,32,0.772865646
4,10,33,0.719889456
4,10,34,0.719889456
4,10,35,0.150272109
4,10,36,0.150272109
4,10,37,0
4,10,38,0
4,10,39,0
4,10,40,0
4,10,41,0
4,10,42,0
4,10,43,0
4,10,44,0
4,10,45,0
4,10,46,0
4,10,47,0
4,10,48,0
4,11,1,0
4,11,2,0
4,11,3,0
4,11,4,0
4,11,5,0
4,11,6,0
4,11,7,0
4,11,8,0
4,11,9,0
4,11,10,0
4,11,11,0
4,11,12,0
4,11,13,0.051687925
4,11,14,0.051687925
4,11,15,0.575136054
4,11,16,0.575136054
4,11,17,0.787032313
4,11,18,0.787032313
4,11,19,0.795952381
4,11,20,0.795952381
4,11,21,0.797755102
4,11,22,0.797755102
4,11,23,0.793129252
4,11,24,0.793129252
4,11,25,0.791207483
4,11,26,0.791207483
4,11,27,0.793452381
4,11,28,0.793452381
4,11,29,0.793197279
4,11,30,0.793197279
4,11,31,0.782491497
4,11,32,0.782491497
4,11,33,0.729761905
4,11,34,0.729761905
4,11,35,0.149251701
4,11,36,0.149251701
4,11,37,0
4,11,38,0
4,11,39,0
4,11,40,0
4,11,41,0
4,11,42,0
4,11,43,0
4,11,44,0
4,11,45,0
4,11,46,0
4,11,47,0
4,11,48,0
4,12,1,0
4,12,2,0
4,12,3,0
4,12,4,0
4,12,5,0
4,12,6,0
4,12,7,0
4,12,8,0
4,12,9,0
4,12,10,0
4,12,11,0
4,12,12,0
4,12,13,0.050087585
4,12,14,0.050087585
4,12,15,0.575263605
4,12,16,0.575263605
4,12,17,0.785671769
4,12,18,0.785671769
4,12,19,0.793392857
4,12,20,0.793392857
4,12,21,0.795357143
4,12,22,0.795357143
4,12,23,0.792763605
4,12,24,0.792763605
4,12,25,0.791658163
4,12,26,0.791658163
4,12,27,0.795569728
4,12,28,0.795569728
4,12,29,0.796581633
4,12,30,0.796581633
4,12,31,0.788044218
4,12,32,0.788044218
4,12,33,0.722789116
4,12,34,0.722789116
4,12,35,0.143384354
4,12,36,0.143384354
4,12,37,0
4,12,38,0
4,12,39,0
4,12,40,0
4,12,41,0
4,12,42,0
4,12,43,0
4,12,44,0
4,12,45,0
4,12,46,0
4,12,47,0
4,12,48,0
4,13,1,0
4,13,2,0
4,13,3,0
4,13,4,0
4,13,5,0
4,13,6,0
4,13,7,0
4,13,8,0
4,13,9,0
4,13,10,0
4,13,11,0
4,13,12,0
4,13,13,0.044830782
4,13,14,0.044830782
4,13,15,0.548596939
4,13,16,0.548596939
4,13,17,0.75744898
4,13,18,0.75744898
4,13,19,0.769081633
4,13,20,0.769081633
4,13,21,0.773843537
4,13,22,0.773843537
4,13,23,0.770748299
4,13,24,0.770748299
4,13,25,0.769583333
4,13,26,0.769583333
4,13,27,0.772610544
4,13,28,0.772610544
4,13,29,0.770229592
4,13,30,0.770229592
4,13,31,0.754107143
4,13,32,0.754107143
4,13,33,0.677253401
4,13,34,0.677253401
4,13,35,0.127329932
4,13,36,0.127329932
4,13,37,0
4,13,38,0
4,13,39,0
4,13,40,0
4,13,41,0
4,13,42,0
4,13,43,0
4,13,44,0
4,13,45,0
4,13,46,0
4,13,47,0
4,13,48,0
4,14,1,0
4,14,2,0
4,14,3,0
4,14,4,0
4,14,5,0
4,14,6,0
4,14,7,0
4,14,8,0
4,14,9,0
4,14,10,0
4,14,11,0
4,14,12,0
4,14,13,0.039015306
4,14,14,0.039015306
4,14,15,0.502091837
4,14,16,0.502091837
4,14,17,0.721947279
4,14,18,0.721947279
4,14,19,0.746028912
4,14,20,0.746028912
4,14,21,0.749472789
4,14,22,0.749472789
4,14,23,0.748741497
4,14,24,0.748741497
4,14,25,0.747457483
4,14,26,0.747457483
4,14,27,0.748460884
4,14,28,0.748460884
4,14,29,0.747091837
4,14,30,0.747091837
4,14,31,0.701785714
4,14,32,0.701785714
4,14,33,0.53037415
4,14,34,0.53037415
4,14,35,0.058261905
4,14,36,0.058261905
4,14,37,0
4,14,38,0
4,14,39,0
4,14,40,0
4,14,41,0
4,14,42,0
4,14,43,0
4,14,44,0
4,14,45,0
4,14,46,0
4,14,47,0
4,14,48,0
4,15,1,0
4,15,2,0
4,15,3,0
4,15,4,0
4,15,5,0
4,15,6,0
4,15,7,0
4,15,8,0
4,15,9,0
4,15,10,0
4,15,11,0
4,15,12,0
4,15,13,0.039165816
4,15,14,0.039165816
4,15,15,0.410986395
4,15,16,0.410986395
4,15,17,0.658826531
4,15,18,0.658826531
4,15,19,0.730688776
4,15,20,0.730688776
4,15,21,0.749472789
4,15,22,0.749472789
4,15,23,0.74795068
4,15,24,0.74795068
4,15,25,0.74795068
4,15,26,0.74795068
4,15,27,0.751955782
4,15,28,0.751955782
4,15,29,0.713656463
4,15,30,0.713656463
4,15,31,0.592797619
4,15,32,0.592797619
4,15,33,0.626717687
4,15,34,0.626717687
4,15,35,0.107295918
4,15,36,0.107295918
4,15,37,0
4,15,38,0
4,15,39,0
4,15,40,0
4,15,41,0
4,15,42,0
4,15,43,0
4,15,44,0
4,15,45,0
4,15,46,0
4,15,47,0
4,15,48,0
4,16,1,0
4,16,2,0
4,16,3,0
4,16,4,0
4,16,5,0
4,16,6,0
4,16,7,0
4,16,8,0
4,16,9,0
4,16,10,0
4,16,11,0
4,16,12,0
4,16,13,0.015187925
4,16,14,0.015187925
4,16,15,0.135901361
4,16,16,0.135901361
4,16,17,0.484294218
4,16,18,0.484294218
4,16,19,0.523596939
4,16,20,0.523596939
4,16,21,0.53079932
4,16,22,0.53079932
4,16,23,0.545391156
4,16,24,0.545391156
4,16,25,0.67837585
4,16,26,0.67837585
4,16,27,0.732244898
4,16,28,0.732244898
4,16,29,0.620739796
4,16,30,0.620739796
4,16,31,0.625314626
4,16,32,0.625314626
4,16,33,0.551011905
4,16,34,0.551011905
4,16,35,0.024920068
4,16,36,0.024920068
4,16,37,0
4,16,38,0
4,16,39,0
4,16,40,0
4,16,41,0
4,16,42,0
4,16,43,0
4,16,44,0
4,16,45,0
4,16,46,0
4,16,47,0
4,16,48,0
4,17,1,0
4,17,2,0
4,17,3,0
4,17,4,0
4,17,5,0
4,17,6,0
4,17,7,0
4,17,8,0
4,17,9,0
4,17,10,0
4,17,11,0
4,17,12,0
4,17,13,0.02464966
4,17,14,0.02464966
4,17,15,0.20127551
4,17,16,0.20127551
4,17,17,0.638290816
4,17,18,0.638290816
4,17,19,0.678435374
4,17,20,0.678435374
4,17,21,0.331181973
4,17,22,0.331181973
4,17,23,0.578630952
4,17,24,0.578630952
4,17,25,0.282670068
4,17,26,0.282670068
4,17,27,0.083460884
4,17,28,0.083460884
4,17,29,0.078869048
4,17,30,0.078869048
4,17,31,0.140714286
4,17,32,0.140714286
4,17,33,0.097695578
4,17,34,0.097695578
4,17,35,0.045216837
4,17,36,0.045216837
4,17,37,0
4,17,38,0
4,17,39,0
4,17,40,0
4,17,41,0
4,17,42,0
4,17,43,0
4,17,44,0
4,17,45,0
4,17,46,0
4,17,47,0
4,17,48,0
4,18,1,0
4,18,2,0
4,18,3,0
4,18,4,0
4,18,5,0
4,18,6,0
4,18,7,0
4,18,8,0
4,18,9,0
4,18,10,0
4,18,11,0
4,18,12,0
4,18,13,0.033431122
4,18,14,0.033431122
4,18,15,0.48210034
4,18,16,0.48210034
4,18,17,0.586539116
4,18,18,0.586539116
4,18,19,0.219260204
4,18,20,0.219260204
4,18,21,0.515093537
4,18,22,0.515093537
4,18,23,0.442916667
4,18,24,0.442916667
4,18,25,0.092304422
4,18,26,0.092304422
4,18,27,0.241938776
4,18,28,0.241938776
4,18,29,0.259132653
4,18,30,0.259132653
4,18,31,0.228758503
4,18,32,0.228758503
4,18,33,0.037708333
4,18,34,0.037708333
4,18,35,0
4,18,36,0
4,18,37,0
4,18,38,0
4,18,39,0
4,18,40,0
4,18,41,0
4,18,42,0
4,18,43,0
4,18,44,0
4,18,45,0
4,18,46,0
4,18,47,0
4,18,48,0
4,19,1,0
4,19,2,0
4,19,3,0
4,19,4,0
4,19,5,0
4,19,6,0
4,19,7,0
4,19,8,0
4,19,9,0
4,19,10,0
4,19,11,0
4,19,12,0
4,19,13,0.035239796
4,19,14,0.035239796
4,19,15,0.501998299
4,19,16,0.501998299
4,19,17,0.729379252
4,19,18,0.729379252
4,19,19,0.739540816
4,19,20,0.739540816
4,19,21,0.746751701
4,19,22,0.746751701
4,19,23,0.744880952
4,19,24,0.744880952
4,19,25,0.746258503
4,19,26,0.746258503
4,19,27,0.752278912
4,19,28,0.752278912
4,19,29,0.753511905
4,19,30,0.753511905
4,19,31,0.743112245
4,19,32,0.743112245
4,19,33,0.618316327
4,19,34,0.618316327
4,19,35,0.088554422
4,19,36,0.088554422
4,19,37,0
4,19,38,0
4,19,39,0
4,19,40,0
4,19,41,0
4,19,42,0
4,19,43,0
4,19,44,0
4,19,45,0
4,19,46,0
4,19,47,0
4,19,48,0
4,20,1,0
4,20,2,0
4,20,3,0
4,20,4,0
4,20,5,0
4,20,6,0
4,20,7,0
4,20,8,0
4,20,9,0
4,20,10,0
4,20,11,0
4,20,12,0
4,20,13,0.034462585
4,20,14,0.034462585
4,20,15,0.510603741
4,20,16,0.510603741
4,20,17,0.726326531
4,20,18,0.726326531
4,20,19,0.739081633
4,20,20,0.739081633
4,20,21,0.74332483
4,20,22,0.74332483
4,20,23,0.739991497
4,20,24,0.739991497
4,20,25,0.741284014
4,20,26,0.741284014
4,20,27,0.748061224
4,20,28,0.748061224
4,20,29,0.750569728
4,20,30,0.750569728
4,20,31,0.736164966
4,20,32,0.736164966
4,20,33,0.613656463
4,20,34,0.613656463
4,20,35,0.086743197
4,20,36,0.086743197
4,20,37,0
4,20,38,0
4,20,39,0
4,20,40,0
4,20,41,0
4,20,42,0
4,20,43,0
4,20,44,0
4,20,45,0
4,20,46,0
4,20,47,0
4,20,48,0
4,21,1,0
4,21,2,0
4,21,3,0
4,21,4,0
4,21,5,0
4,21,6,0
4,21,7,0
4,21,8,0
4,21,9,0
4,21,10,0
4,21,11,0
4,21,12,0
4,21,13,0.03219983
4,21,14,0.03219983
4,21,15,0.500697279
4,21,16,0.500697279
4,21,17,0.720059524
4,21,18,0.720059524
4,21,19,0.731819728
4,21,20,0.731819728
4,21,21,0.73377551
4,21,22,0.73377551
4,21,23,0.725943878
4,21,24,0.725943878
4,21,25,0.722772109
4,21,26,0.722772109
4,21,27,0.726607143
4,21,28,0.726607143
4,21,29,0.729855442
4,21,30,0.729855442
4,21,31,0.714744898
4,21,32,0.714744898
4,21,33,0.591335034
4,21,34,0.591335034
4,21,35,0.080852891
4,21,36,0.080852891
4,21,37,0
4,21,38,0
4,21,39,0
4,21,40,0
4,21,41,0
4,21,42,0
4,21,43,0
4,21,44,0
4,21,45,0
4,21,46,0
4,21,47,0
4,21,48,0
4,22,1,0
4,22,2,0
4,22,3,0
4,22,4,0
4,22,5,0
4,22,6,0
4,22,7,0
4,22,8,0
4,22,9,0
4,22,10,0
4,22,11,0
4,22,12,0
4,22,13,0.031004252
4,22,14,0.031004252
4,22,15,0.467193878
4,22,16,0.467193878
4,22,17,0.707465986
4,22,18,0.707465986
4,22,19,0.720178571
4,22,20,0.720178571
4,22,21,0.724430272
4,22,22,0.724430272
4,22,23,0.719064626
4,22,24,0.719064626
4,22,25,0.717040816
4,22,26,0.717040816
4,22,27,0.711411565
4,22,28,0.711411565
4,22,29,0.670467687
4,22,30,0.670467687
4,22,31,0.538920068
4,22,32,0.538920068
4,22,33,0.439761905
4,22,34,0.439761905
4,22,35,0.061251701
4,22,36,0.061251701
4,22,37,0
4,22,38,0
4,22,39,0
4,22,40,0
4,22,41,0
4,22,42,0
4,22,43,0
4,22,44,0
4,22,45,0
4,22,46,0
4,22,47,0
4,22,48,0
4,23,1,0
4,23,2,0
4,23,3,0
4,23,4,0
4,23,5,0
4,23,6,0
4,23,7,0
4,23,8,0
4,23,9,0
4,23,10,0
4,23,11,0
4,23,12,0
4,23,13,0.027039116
4,23,14,0.027039116
4,23,15,0.449353741
4,23,16,0.449353741
4,23,17,0.674209184
4,23,18,0.674209184
4,23,19,0.711904762
4,23,20,0.711904762
4,23,21,0.717321429
4,23,22,0.717321429
4,23,23,0.70047619
4,23,24,0.70047619
4,23,25,0.463256803
4,23,26,0.463256803
4,23,27,0.644328231
4,23,28,0.644328231
4,23,29,0.575195578
4,23,30,0.575195578
4,23,31,0.423818027
4,23,32,0.423818027
4,23,33,0.286632653
4,23,34,0.286632653
4,23,35,0.065
4,23,36,0.065
4,23,37,0
4,23,38,0
4,23,39,0
4,23,40,0
4,23,41,0
4,23,42,0
4,23,43,0
4,23,44,0
4,23,45,0
4,23,46,0
4,23,47,0
4,23,48,0
4,24,1,0
4,24,2,0
4,24,3,0
4,24,4,0
4,24,5,0
4,24,6,0
4,24,7,0
4,24,8,0
4,24,9,0
4,24,10,0
4,24,11,0
4,24,12,0
4,24,13,0.024336735
4,24,14,0.024336735
4,24,15,0.447091837
4,24,16,0.447091837
4,24,17,0.682168367
4,24,18,0.682168367
4,24,19,0.695867347
4,24,20,0.695867347
4,24,21,0.668086735
4,24,22,0.668086735
4,24,23,0.691581633
4,24,24,0.691581633
4,24,25,0.657806122
4,24,26,0.657806122
4,24,27,0.709489796
4,24,28,0.709489796
4,24,29,0.68037415
4,24,30,0.68037415
4,24,31,0.690340136
4,24,32,0.690340136
4,24,33,0.394438776
4,24,34,0.394438776
4,24,35,0.061006803
4,24,36,0.061006803
4,24,37,0
4,24,38,0
4,24,39,0
4,24,40,0
4,24,41,0
4,24,42,0
4,24,43,0
4,24,44,0
4,24,45,0
4,24,46,0
4,24,47,0
4,24,48,0
4,25,1,0
4,25,2,0
4,25,3,0
4,25,4,0
4,25,5,0
4,25,6,0
4,25,7,0
4,25,8,0
4,25,9,0
4,25,10,0
4,25,11,0
4,25,12,0
4,25,13,0.019711735
4,25,14,0.019711735
4,25,15,0.290034014
4,25,16,0.290034014
4,25,17,0.551658163
4,25,18,0.551658163
4,25,19,0.457772109
4,25,20,0.457772109
4,25,21,0.254880952
4,25,22,0.254880952
4,25,23,0.318503401
4,25,24,0.318503401
4,25,25,0.424795918
4,25,26,0.424795918
4,25,27,0.288231293
4,25,28,0.288231293
4,25,29,0.117006803
4,25,30,0.117006803
4,25,31,0.10877551
4,25,32,0.10877551
4,25,33,0.095170068
4,25,34,0.095170068
4,25,35,0.011557823
4,25,36,0.011557823
4,25,37,0
4,25,38,0
4,25,39,0
4,25,40,0
4,25,41,0
4,25,42,0
4,25,43,0
4,25,44,0
4,25,45,0
4,25,46,0
4,25,47,0
4,25,48,0
4,26,1,0
4,26,2,0
4,26,3,0
4,26,4,0
4,26,5,0
4,26,6,0
4,26,7,0
4,26,8,0
4,26,9,0
4,26,10,0
4,26,11,0
4,26,12,0
4,26,13,0.021375
4,26,14,0.021375
4,26,15,0.253078231
4,26,16,0.253078231
4,26,17,0.586462585
4,26,18,0.586462585
4,26,19,0.385867347
4,26,20,0.385867347
4,26,21,0.481998299
4,26,22,0.481998299
4,26,23,0.482840136
4,26,24,0.482840136
4,26,25,0.500986395
4,26,26,0.500986395
4,26,27,0.659158163
4,26,28,0.659158163
4,26,29,0.415807823
4,26,30,0.415807823
4,26,31,0.193605442
4,26,32,0.193605442
4,26,33,0.104540816
4,26,34,0.104540816
4,26,35,0.020782313
4,26,36,0.020782313
4,26,37,0
4,26,38,0
4,26,39,0
4,26,40,0
4,26,41,0
4,26,42,0
4,26,43,0
4,26,44,0
4,26,45,0
4,26,46,0
4,26,47,0
4,26,48,0
4,27,1,0
4,27,2,0
4,27,3,0
4,27,4,0
4,27,5,0
4,27,6,0
4,27,7,0
4,27,8,0
4,27,9,0
4,27,10,0
4,27,11,0
4,27,12,0
4,27,13,0.021493197
4,27,14,0.021493197
4,27,15,0.350331633
4,27,16,0.350331633
4,27,17,0.659770408
4,27,18,0.659770408
4,27,19,0.714430272
4,27,20,0.714430272
4,27,21,0.723928571
4,27,22,0.723928571
4,27,23,0.712032313
4,27,24,0.712032313
4,27,25,0.713920068
4,27,26,0.713920068
4,27,27,0.721071429
4,27,28,0.721071429
4,27,29,0.716717687
4,27,30,0.716717687
4,27,31,0.651598639
4,27,32,0.651598639
4,27,33,0.528248299
4,27,34,0.528248299
4,27,35,0.054404762
4,27,36,0.054404762
4,27,37,0
4,27,38,0
4,27,39,0
4,27,40,0
4,27,41,0
4,27,42,0
4,27,43,0
4,27,44,0
4,27,45,0
4,27,46,0
4,27,47,0
4,27,48,0
4,28,1,0
4,28,2,0
4,28,3,0
4,28,4,0
4,28,5,0
4,28,6,0
4,28,7,0
4,28,8,0
4,28,9,0
4,28,10,0
4,28,11,0
4,28,12,0
4,28,13,0.024007653
4,28,14,0.024007653
4,28,15,0.457789116
4,28,16,0.457789116
4,28,17,0.716122449
4,28,18,0.716122449
4,28,19,0.724787415
4,28,20,0.724787415
4,28,21,0.72630102
4,28,22,0.72630102
4,28,23,0.722389456
4,28,24,0.722389456
4,28,25,0.718784014
4,28,26,0.718784014
4,28,27,0.72085034
4,28,28,0.72085034
4,28,29,0.72172619
4,28,30,0.72172619
4,28,31,0.706232993
4,28,32,0.706232993
4,28,33,0.513452381
4,28,34,0.513452381
4,28,35,0.045857143
4,28,36,0.045857143
4,28,37,0
4,28,38,0
4,28,39,0
4,28,40,0
4,28,41,0
4,28,42,0
4,28,43,0
4,28,44,0
4,28,45,0
4,28,46,0
4,28,47,0
4,28,48,0
4,29,1,0
4,29,2,0
4,29,3,0
4,29,4,0
4,29,5,0
4,29,6,0
4,29,7,0
4,29,8,0
4,29,9,0
4,29,10,0
4,29,11,0
4,29,12,0
4,29,13,0.020064626
4,29,14,0.020064626
4,29,15,0.459489796
4,29,16,0.459489796
4,29,17,0.734132653
4,29,18,0.734132653
4,29,19,0.74119898
4,29,20,0.74119898
4,29,21,0.737772109
4,29,22,0.737772109
4,29,23,0.73167517
4,29,24,0.73167517
4,29,25,0.729515306
4,29,26,0.729515306
4,29,27,0.734039116
4,29,28,0.734039116
4,29,29,0.687993197
4,29,30,0.687993197
4,29,31,0.590229592
4,29,32,0.590229592
4,29,33,0.189702381
4,29,34,0.189702381
4,29,35,0.035136905
4,29,36,0.035136905
4,29,37,0
4,29,38,0
4,29,39,0
4,29,40,0
4,29,41,0
4,29,42,0
4,29,43,0
4,29,44,0
4,29,45,0
4,29,46,0
4,29,47,0
4,29,48,0
4,30,1,0
4,30,2,0
4,30,3,0
4,30,4,0
4,30,5,0
4,30,6,0
4,30,7,0
4,30,8,0
4,30,9,0
4,30,10,0
4,30,11,0
4,30,12,0
4,30,13,0.024962585
4,30,14,0.024962585
4,30,15,0.485229592
4,30,16,0.485229592
4,30,17,0.739906463
4,30,18,0.739906463
4,30,19,0.749311224
4,30,20,0.749311224
4,30,21,0.745289116
4,30,22,0.745289116
4,30,23,0.73869898
4,30,24,0.73869898
4,30,25,0.735833333
4,30,26,0.735833333
4,30,27,0.74289966
4,30,28,0.74289966
4,30,29,0.751232993
4,30,30,0.751232993
4,30,31,0.742108844
4,30,32,0.742108844
4,30,33,0.564039116
4,30,34,0.564039116
4,30,35,0.054509354
4,30,36,0.054509354
4,30,37,0
4,30,38,0
4,30,39,0
4,30,40,0
4,30,41,0
4,30,42,0
4,30,43,0
4,30,44,0
4,30,45,0
4,30,46,0
4,30,47,0
4,30,48,0
5,1,1,0
5,1,2,0
5,1,3,0
5,1,4,0
5,1,5,0
5,1,6,0
5,1,7,0
5,1,8,0
5,1,9,0
5,1,10,0
5,1,11,0
5,1,12,0
5,1,13,0.015441327
5,1,14,0.015441327
5,1,15,0.469642857
5,1,16,0.469642857
5,1,17,0.74670068
5,1,18,0.74670068
5,1,19,0.748180272
5,1,20,0.748180272
5,1,21,0.744591837
5,1,22,0.744591837
5,1,23,0.73829932
5,1,24,0.73829932
5,1,25,0.735612245
5,1,26,0.735612245
5,1,27,0.742278912
5,1,28,0.742278912
5,1,29,0.751386054
5,1,30,0.751386054
5,1,31,0.742278912
5,1,32,0.742278912
5,1,33,0.558962585
5,1,34,0.558962585
5,1,35,0.050423469
5,1,36,0.050423469
5,1,37,0
5,1,38,0
5,1,39,0
5,1,40,0
5,1,41,0
5,1,42,0
5,1,43,0
5,1,44,0
5,1,45,0
5,1,46,0
5,1,47,0
5,1,48,0
5,2,1,0
5,2,2,0
5,2,3,0
5,2,4,0
5,2,5,0
5,2,6,0
5,2,7,0
5,2,8,0
5,2,9,0
5,2,10,0
5,2,11,0
5,2,12,0
5,2,13,0.02180102
5,2,14,0.02180102
5,2,15,0.47672619
5,2,16,0.47672619
5,2,17,0.743044218
5,2,18,0.743044218
5,2,19,0.748137755
5,2,20,0.748137755
5,2,21,0.744438776
5,2,22,0.744438776
5,2,23,0.738061224
5,2,24,0.738061224
5,2,25,0.734770408
5,2,26,0.734770408
5,2,27,0.740612245
5,2,28,0.740612245
5,2,29,0.748664966
5,2,30,0.748664966
5,2,31,0.739345238
5,2,32,0.739345238
5,2,33,0.549642857
5,2,34,0.549642857
5,2,35,0.046037415
5,2,36,0.046037415
5,2,37,0
5,2,38,0
5,2,39,0
5,2,40,0
5,2,41,0
5,2,42,0
5,2,43,0
5,2,44,0
5,2,45,0
5,2,46,0
5,2,47,0
5,2,48,0
5,3,1,0
5,3,2,0
5,3,3,0
5,3,4,0
5,3,5,0
5,3,6,0
5,3,7,0
5,3,8,0
5,3,9,0
5,3,10,0
5,3,11,0
5,3,12,0
5,3,13,0.020941327
5,3,14,0.020941327
5,3,15,0.463647959
5,3,16,0.463647959
5,3,17,0.728316327
5,3,18,0.728316327
5,3,19,0.742542517
5,3,20,0.742542517
5,3,21,0.738715986
5,3,22,0.738715986
5,3,23,0.732159864
5,3,24,0.732159864
5,3,25,0.72877551
5,3,26,0.72877551
5,3,27,0.734217687
5,3,28,0.734217687
5,3,29,0.738843537
5,3,30,0.738843537
5,3,31,0.726658163
5,3,32,0.726658163
5,3,33,0.529387755
5,3,34,0.529387755
5,3,35,0.043462585
5,3,36,0.043462585
5,3,37,0
5,3,38,0
5,3,39,0
5,3,40,0
5,3,41,0
5,3,42,0
5,3,43,0
5,3,44,0
5,3,45,0
5,3,46,0
5,3,47,0
5,3,48,0
5,4,1,0
5,4,2,0
5,4,3,0
5,4,4,0
5,4,5,0
5,4,6,0
5,4,7,0
5,4,8,0
5,4,9,0
5,4,10,0
5,4,11,0
5,4,12,0
5,4,13,0.019437925
5,4,14,0.019437925
5,4,15,0.46210034
5,4,16,0.46210034
5,4,17,0.72420068
5,4,18,0.72420068
5,4,19,0.735034014
5,4,20,0.735034014
5,4,21,0.730654762
5,4,22,0.730654762
5,4,23,0.723656463
5,4,24,0.723656463
5,4,25,0.72079932
5,4,26,0.72079932
5,4,27,0.727908163
5,4,28,0.727908163
5,4,29,0.731232993
5,4,30,0.731232993
5,4,31,0.721096939
5,4,32,0.721096939
5,4,33,0.525331633
5,4,34,0.525331633
5,4,35,0.041141156
5,4,36,0.041141156
5,4,37,0
5,4,38,0
5,4,39,0
5,4,40,0
5,4,41,0
5,4,42,0
5,4,43,0
5,4,44,0
5,4,45,0
5,4,46,0
5,4,47,0
5,4,48,0
5,5,1,0
5,5,2,0
5,5,3,0
5,5,4,0
5,5,5,0
5,5,6,0
5,5,7,0
5,5,8,0
5,5,9,0
5,5,10,0
5,5,11,0
5,5,12,0
5,5,13,0.018914116
5,5,14,0.018914116
5,5,15,0.46077381
5,5,16,0.46077381
5,5,17,0.720731293
5,5,18,0.720731293
5,5,19,0.730442177
5,5,20,0.730442177
5,5,21,0.725008503
5,5,22,0.725008503
5,5,23,0.718197279
5,5,24,0.718197279
5,5,25,0.714855442
5,5,26,0.714855442
5,5,27,0.723052721
5,5,28,0.723052721
5,5,29,0.729370748
5,5,30,0.729370748
5,5,31,0.721386054
5,5,32,0.721386054
5,5,33,0.521539116
5,5,34,0.521539116
5,5,35,0.038452381
5,5,36,0.038452381
5,5,37,0
5,5,38,0
5,5,39,0
5,5,40,0
5,5,41,0
5,5,42,0
5,5,43,0
5,5,44,0
5,5,45,0
5,5,46,0
5,5,47,0
5,5,48,0
5,6,1,0
5,6,2,0
5,6,3,0
5,6,4,0
5,6,5,0
5,6,6,0
5,6,7,0
5,6,8,0
5,6,9,0
5,6,10,0
5,6,11,0
5,6,12,0
5,6,13,0.016715986
5,6,14,0.016715986
5,6,15,0.461258503
5,6,16,0.461258503
5,6,17,0.724464286
5,6,18,0.724464286
5,6,19,0.73170068
5,6,20,0.73170068
5,6,21,0.726641156
5,6,22,0.726641156
5,6,23,0.721173469
5,6,24,0.721173469
5,6,25,0.719158163
5,6,26,0.719158163
5,6,27,0.728163265
5,6,28,0.728163265
5,6,29,0.735246599
5,6,30,0.735246599
5,6,31,0.727687075
5,6,32,0.727687075
5,6,33,0.520595238
5,6,34,0.520595238
5,6,35,0.037465136
5,6,36,0.037465136
5,6,37,0
5,6,38,0
5,6,39,0
5,6,40,0
5,6,41,0
5,6,42,0
5,6,43,0
5,6,44,0
5,6,45,0
5,6,46,0
5,6,47,0
5,6,48,0
5,7,1,0
5,7,2,0
5,7,3,0
5,7,4,0
5,7,5,0
5,7,6,0
5,7,7,0
5,7,8,0
5,7,9,0
5,7,10,0
5,7,11,0
5,7,12,0
5,7,13,0.014813776
5,7,14,0.014813776
5,7,15,0.445731293
5,7,16,0.445731293
5,7,17,0.713945578
5,7,18,0.713945578
5,7,19,0.721556122
5,7,20,0.721556122
5,7,21,0.716241497
5,7,22,0.716241497
5,7,23,0.709302721
5,7,24,0.709302721
5,7,25,0.705977891
5,7,26,0.705977891
5,7,27,0.712151361
5,7,28,0.712151361
5,7,29,0.7175
5,7,30,0.7175
5,7,31,0.709829932
5,7,32,0.709829932
5,7,33,0.502534014
5,7,34,0.502534014
5,7,35,0.035951531
5,7,36,0.035951531
5,7,37,0
5,7,38,0
5,7,39,0
5,7,40,0
5,7,41,0
5,7,42,0
5,7,43,0
5,7,44,0
5,7,45,0
5,7,46,0
5,7,47,0
5,7,48,0
5,8,1,0
5,8,2,0
5,8,3,0
5,8,4,0
5,8,5,0
5,8,6,0
5,8,7,0
5,8,8,0
5,8,9,0
5,8,10,0
5,8,11,0
5,8,12,0
5,8,13,0.014061224
5,8,14,0.014061224
5,8,15,0.429328231
5,8,16,0.429328231
5,8,17,0.695314626
5,8,18,0.695314626
5,8,19,0.709634354
5,8,20,0.709634354
5,8,21,0.705994898
5,8,22,0.705994898
5,8,23,0.698137755
5,8,24,0.698137755
5,8,25,0.694804422
5,8,26,0.694804422
5,8,27,0.702397959
5,8,28,0.702397959
5,8,29,0.704761905
5,8,30,0.704761905
5,8,31,0.692482993
5,8,32,0.692482993
5,8,33,0.480518707
5,8,34,0.480518707
5,8,35,0.031622449
5,8,36,0.031622449
5,8,37,0
5,8,38,0
5,8,39,0
5,8,40,0
5,8,41,0
5,8,42,0
5,8,43,0
5,8,44,0
5,8,45,0
5,8,46,0
5,8,47,0
5,8,48,0
5,9,1,0
5,9,2,0
5,9,3,0
5,9,4,0
5,9,5,0
5,9,6,0
5,9,7,0
5,9,8,0
5,9,9,0
5,9,10,0
5,9,11,0
5,9,12,0
5,9,13,0.011590986
5,9,14,0.011590986
5,9,15,0.407678571
5,9,16,0.407678571
5,9,17,0.682729592
5,9,18,0.682729592
5,9,19,0.695841837
5,9,20,0.695841837
5,9,21,0.69670068
5,9,22,0.69670068
5,9,23,0.690697279
5,9,24,0.690697279
5,9,25,0.688333333
5,9,26,0.688333333
5,9,27,0.693954082
5,9,28,0.693954082
5,9,29,0.69377551
5,9,30,0.69377551
5,9,31,0.681904762
5,9,32,0.681904762
5,9,33,0.460986395
5,9,34,0.460986395
5,9,35,0.025502551
5,9,36,0.025502551
5,9,37,0
5,9,38,0
5,9,39,0
5,9,40,0
5,9,41,0
5,9,42,0
5,9,43,0
5,9,44,0
5,9,45,0
5,9,46,0
5,9,47,0
5,9,48,0
5,10,1,0
5,10,2,0
5,10,3,0
5,10,4,0
5,10,5,0
5,10,6,0
5,10,7,0
5,10,8,0
5,10,9,0
5,10,10,0
5,10,11,0
5,10,12,0
5,10,13,0.011647959
5,10,14,0.011647959
5,10,15,0.419982993
5,10,16,0.419982993
5,10,17,0.682346939
5,10,18,0.682346939
5,10,19,0.694608844
5,10,20,0.694608844
5,10,21,0.692287415
5,10,22,0.692287415
5,10,23,0.687236395
5,10,24,0.687236395
5,10,25,0.685306122
5,10,26,0.685306122
5,10,27,0.693358844
5,10,28,0.693358844
5,10,29,0.69547619
5,10,30,0.69547619
5,10,31,0.681751701
5,10,32,0.681751701
5,10,33,0.456641156
5,10,34,0.456641156
5,10,35,0.023807823
5,10,36,0.023807823
5,10,37,0
5,10,38,0
5,10,39,0
5,10,40,0
5,10,41,0
5,10,42,0
5,10,43,0
5,10,44,0
5,10,45,0
5,10,46,0
5,10,47,0
5,10,48,0
5,11,1,0
5,11,2,0
5,11,3,0
5,11,4,0
5,11,5,0
5,11,6,0
5,11,7,0
5,11,8,0
5,11,9,0
5,11,10,0
5,11,11,0
5,11,12,0
5,11,13,0.010197279
5,11,14,0.010197279
5,11,15,0.416445578
5,11,16,0.416445578
5,11,17,0.677593537
5,11,18,0.677593537
5,11,19,0.688180272
5,11,20,0.688180272
5,11,21,0.683035714
5,11,22,0.683035714
5,11,23,0.677806122
5,11,24,0.677806122
5,11,25,0.677151361
5,11,26,0.677151361
5,11,27,0.686709184
5,11,28,0.686709184
5,11,29,0.690552721
5,11,30,0.690552721
5,11,31,0.679880952
5,11,32,0.679880952
5,11,33,0.46079932
5,11,34,0.46079932
5,11,35,0.025008503
5,11,36,0.025008503
5,11,37,0
5,11,38,0
5,11,39,0
5,11,40,0
5,11,41,0
5,11,42,0
5,11,43,0
5,11,44,0
5,11,45,0
5,11,46,0
5,11,47,0
5,11,48,0
5,12,1,0
5,12,2,0
5,12,3,0
5,12,4,0
5,12,5,0
5,12,6,0
5,12,7,0
5,12,8,0
5,12,9,0
5,12,10,0
5,12,11,0
5,12,12,0
5,12,13,0.009754252
5,12,14,0.009754252
5,12,15,0.40670068
5,12,16,0.40670068
5,12,17,0.674693878
5,12,18,0.674693878
5,12,19,0.690969388
5,12,20,0.690969388
5,12,21,0.687712585
5,12,22,0.687712585
5,12,23,0.680306122
5,12,24,0.680306122
5,12,25,0.677397959
5,12,26,0.677397959
5,12,27,0.683494898
5,12,28,0.683494898
5,12,29,0.686981293
5,12,30,0.686981293
5,12,31,0.674846939
5,12,32,0.674846939
5,12,33,0.455017007
5,12,34,0.455017007
5,12,35,0.022478741
5,12,36,0.022478741
5,12,37,0
5,12,38,0
5,12,39,0
5,12,40,0
5,12,41,0
5,12,42,0
5,12,43,0
5,12,44,0
5,12,45,0
5,12,46,0
5,12,47,0
5,12,48,0
5,13,1,0
5,13,2,0
5,13,3,0
5,13,4,0
5,13,5,0
5,13,6,0
5,13,7,0
5,13,8,0
5,13,9,0
5,13,10,0
5,13,11,0
5,13,12,0
5,13,13,0.008793367
5,13,14,0.008793367
5,13,15,0.407210884
5,13,16,0.407210884
5,13,17,0.681326531
5,13,18,0.681326531
5,13,19,0.693579932
5,13,20,0.693579932
5,13,21,0.689022109
5,13,22,0.689022109
5,13,23,0.681862245
5,13,24,0.681862245
5,13,25,0.676913265
5,13,26,0.676913265
5,13,27,0.685731293
5,13,28,0.685731293
5,13,29,0.69247449
5,13,30,0.69247449
5,13,31,0.676437075
5,13,32,0.676437075
5,13,33,0.455867347
5,13,34,0.455867347
5,13,35,0.022165816
5,13,36,0.022165816
5,13,37,0
5,13,38,0
5,13,39,0
5,13,40,0
5,13,41,0
5,13,42,0
5,13,43,0
5,13,44,0
5,13,45,0
5,13,46,0
5,13,47,0
5,13,48,0
5,14,1,0
5,14,2,0
5,14,3,0
5,14,4,0
5,14,5,0
5,14,6,0
5,14,7,0
5,14,8,0
5,14,9,0
5,14,10,0
5,14,11,0
5,14,12,0
5,14,13,0.008659864
5,14,14,0.008659864
5,14,15,0.410255102
5,14,16,0.410255102
5,14,17,0.688545918
5,14,18,0.688545918
5,14,19,0.698418367
5,14,20,0.698418367
5,14,21,0.693392857
5,14,22,0.693392857
5,14,23,0.686318027
5,14,24,0.686318027
5,14,25,0.683954082
5,14,26,0.683954082
5,14,27,0.692712585
5,14,28,0.692712585
5,14,29,0.698435374
5,14,30,0.698435374
5,14,31,0.684132653
5,14,32,0.684132653
5,14,33,0.459957483
5,14,34,0.459957483
5,14,35,0.023194728
5,14,36,0.023194728
5,14,37,0
5,14,38,0
5,14,39,0
5,14,40,0
5,14,41,0
5,14,42,0
5,14,43,0
5,14,44,0
5,14,45,0
5,14,46,0
5,14,47,0
5,14,48,0
5,15,1,0
5,15,2,0
5,15,3,0
5,15,4,0
5,15,5,0
5,15,6,0
5,15,7,0
5,15,8,0
5,15,9,0
5,15,10,0
5,15,11,0
5,15,12,0
5,15,13,0.008369218
5,15,14,0.008369218
5,15,15,0.404753401
5,15,16,0.404753401
5,15,17,0.683146259
5,15,18,0.683146259
5,15,19,0.690527211
5,15,20,0.690527211
5,15,21,0.68420068
5,15,22,0.68420068
5,15,23,0.678256803
5,15,24,0.678256803
5,15,25,0.67832483
5,15,26,0.67832483
5,15,27,0.688647959
5,15,28,0.688647959
5,15,29,0.696105442
5,15,30,0.696105442
5,15,31,0.681241497
5,15,32,0.681241497
5,15,33,0.452321429
5,15,34,0.452321429
5,15,35,0.021077381
5,15,36,0.021077381
5,15,37,0
5,15,38,0
5,15,39,0
5,15,40,0
5,15,41,0
5,15,42,0
5,15,43,0
5,15,44,0
5,15,45,0
5,15,46,0
5,15,47,0
5,15,48,0
5,16,1,0
5,16,2,0
5,16,3,0
5,16,4,0
5,16,5,0
5,16,6,0
5,16,7,0
5,16,8,0
5,16,9,0
5,16,10,0
5,16,11,0
5,16,12,0
5,16,13,0.006618282
5,16,14,0.006618282
5,16,15,0.398214286
5,16,16,0.398214286
5,16,17,0.676666667
5,16,18,0.676666667
5,16,19,0.689923469
5,16,20,0.689923469
5,16,21,0.683146259
5,16,22,0.683146259
5,16,23,0.675518707
5,16,24,0.675518707
5,16,25,0.673418367
5,16,26,0.673418367
5,16,27,0.683265306
5,16,28,0.683265306
5,16,29,0.687882653
5,16,30,0.687882653
5,16,31,0.669268707
5,16,32,0.669268707
5,16,33,0.437270408
5,16,34,0.437270408
5,16,35,0.019108844
5,16,36,0.019108844
5,16,37,0
5,16,38,0
5,16,39,0
5,16,40,0
5,16,41,0
5,16,42,0
5,16,43,0
5,16,44,0
5,16,45,0
5,16,46,0
5,16,47,0
5,16,48,0
5,17,1,0
5,17,2,0
5,17,3,0
5,17,4,0
5,17,5,0
5,17,6,0
5,17,7,0
5,17,8,0
5,17,9,0
5,17,10,0
5,17,11,0
5,17,12,0
5,17,13,0.004718367
5,17,14,0.004718367
5,17,15,0.388239796
5,17,16,0.388239796
5,17,17,0.680484694
5,17,18,0.680484694
5,17,19,0.697806122
5,17,20,0.697806122
5,17,21,0.692610544
5,17,22,0.692610544
5,17,23,0.684251701
5,17,24,0.684251701
5,17,25,0.681462585
5,17,26,0.681462585
5,17,27,0.688962585
5,17,28,0.688962585
5,17,29,0.693656463
5,17,30,0.693656463
5,17,31,0.676318027
5,17,32,0.676318027
5,17,33,0.439481293
5,17,34,0.439481293
5,17,35,0.017473639
5,17,36,0.017473639
5,17,37,0
5,17,38,0
5,17,39,0
5,17,40,0
5,17,41,0
5,17,42,0
5,17,43,0
5,17,44,0
5,17,45,0
5,17,46,0
5,17,47,0
5,17,48,0
5,18,1,0
5,18,2,0
5,18,3,0
5,18,4,0
5,18,5,0
5,18,6,0
5,18,7,0
5,18,8,0
5,18,9,0
5,18,10,0
5,18,11,0
5,18,12,0
5,18,13,0.00551318
5,18,14,0.00551318
5,18,15,0.396215986
5,18,16,0.396215986
5,18,17,0.689022109
5,18,18,0.689022109
5,18,19,0.705765306
5,18,20,0.705765306
5,18,21,0.699957483
5,18,22,0.699957483
5,18,23,0.691326531
5,18,24,0.691326531
5,18,25,0.690697279
5,18,26,0.690697279
5,18,27,0.698367347
5,18,28,0.698367347
5,18,29,0.705127551
5,18,30,0.705127551
5,18,31,0.689744898
5,18,32,0.689744898
5,18,33,0.44755102
5,18,34,0.44755102
5,18,35,0.017276361
5,18,36,0.017276361
5,18,37,0
5,18,38,0
5,18,39,0
5,18,40,0
5,18,41,0
5,18,42,0
5,18,43,0
5,18,44,0
5,18,45,0
5,18,46,0
5,18,47,0
5,18,48,0
5,19,1,0
5,19,2,0
5,19,3,0
5,19,4,0
5,19,5,0
5,19,6,0
5,19,7,0
5,19,8,0
5,19,9,0
5,19,10,0
5,19,11,0
5,19,12,0
5,19,13,0.005206633
5,19,14,0.005206633
5,19,15,0.387959184
5,19,16,0.387959184
5,19,17,0.682304422
5,19,18,0.682304422
5,19,19,0.698562925
5,19,20,0.698562925
5,19,21,0.694302721
5,19,22,0.694302721
5,19,23,0.685484694
5,19,24,0.685484694
5,19,25,0.683341837
5,19,26,0.683341837
5,19,27,0.691607143
5,19,28,0.691607143
5,19,29,0.69875
5,19,30,0.69875
5,19,31,0.681479592
5,19,32,0.681479592
5,19,33,0.439727891
5,19,34,0.439727891
5,19,35,0.015528912
5,19,36,0.015528912
5,19,37,0
5,19,38,0
5,19,39,0
5,19,40,0
5,19,41,0
5,19,42,0
5,19,43,0
5,19,44,0
5,19,45,0
5,19,46,0
5,19,47,0
5,19,48,0
5,20,1,0
5,20,2,0
5,20,3,0
5,20,4,0
5,20,5,0
5,20,6,0
5,20,7,0
5,20,8,0
5,20,9,0
5,20,10,0
5,20,11,0
5,20,12,0
5,20,13,0.003348384
5,20,14,0.003348384
5,20,15,0.373095238
5,20,16,0.373095238
5,20,17,0.66667517
5,20,18,0.66667517
5,20,19,0.680646259
5,20,20,0.680646259
5,20,21,0.67375
5,20,22,0.67375
5,20,23,0.665926871
5,20,24,0.665926871
5,20,25,0.66545068
5,20,26,0.66545068
5,20,27,0.67414966
5,20,28,0.67414966
5,20,29,0.680756803
5,20,30,0.680756803
5,20,31,0.662202381
5,20,32,0.662202381
5,20,33,0.424744898
5,20,34,0.424744898
5,20,35,0.016266156
5,20,36,0.016266156
5,20,37,0
5,20,38,0
5,20,39,0
5,20,40,0
5,20,41,0
5,20,42,0
5,20,43,0
5,20,44,0
5,20,45,0
5,20,46,0
5,20,47,0
5,20,48,0
5,21,1,0
5,21,2,0
5,21,3,0
5,21,4,0
5,21,5,0
5,21,6,0
5,21,7,0
5,21,8,0
5,21,9,0
5,21,10,0
5,21,11,0
5,21,12,0
5,21,13,0.001773895
5,21,14,0.001773895
5,21,15,0.36412415
5,21,16,0.36412415
5,21,17,0.654566327
5,21,18,0.654566327
5,21,19,0.675195578
5,21,20,0.675195578
5,21,21,0.669081633
5,21,22,0.669081633
5,21,23,0.662431973
5,21,24,0.662431973
5,21,25,0.662857143
5,21,26,0.662857143
5,21,27,0.673044218
5,21,28,0.673044218
5,21,29,0.678784014
5,21,30,0.678784014
5,21,31,0.65744898
5,21,32,0.65744898
5,21,33,0.419914966
5,21,34,0.419914966
5,21,35,0.014437925
5,21,36,0.014437925
5,21,37,0
5,21,38,0
5,21,39,0
5,21,40,0
5,21,41,0
5,21,42,0
5,21,43,0
5,21,44,0
5,21,45,0
5,21,46,0
5,21,47,0
5,21,48,0
5,22,1,0
5,22,2,0
5,22,3,0
5,22,4,0
5,22,5,0
5,22,6,0
5,22,7,0
5,22,8,0
5,22,9,0
5,22,10,0
5,22,11,0
5,22,12,0
5,22,13,0.001784609
5,22,14,0.001784609
5,22,15,0.366819728
5,22,16,0.366819728
5,22,17,0.670170068
5,22,18,0.670170068
5,22,19,0.688920068
5,22,20,0.688920068
5,22,21,0.680289116
5,22,22,0.680289116
5,22,23,0.671454082
5,22,24,0.671454082
5,22,25,0.668333333
5,22,26,0.668333333
5,22,27,0.676326531
5,22,28,0.676326531
5,22,29,0.681641156
5,22,30,0.681641156
5,22,31,0.66295068
5,22,32,0.66295068
5,22,33,0.41957483
5,22,34,0.41957483
5,22,35,0.014017857
5,22,36,0.014017857
5,22,37,0
5,22,38,0
5,22,39,0
5,22,40,0
5,22,41,0
5,22,42,0
5,22,43,0
5,22,44,0
5,22,45,0
5,22,46,0
5,22,47,0
5,22,48,0
5,23,1,0
5,23,2,0
5,23,3,0
5,23,4,0
5,23,5,0
5,23,6,0
5,23,7,0
5,23,8,0
5,23,9,0
5,23,10,0
5,23,11,0
5,23,12,0
5,23,13,0.000451539
5,23,14,0.000451539
5,23,15,0.353307823
5,23,16,0.353307823
5,23,17,0.65127551
5,23,18,0.65127551
5,23,19,0.675994898
5,23,20,0.675994898
5,23,21,0.671105442
5,23,22,0.671105442
5,23,23,0.66295068
5,23,24,0.66295068
5,23,25,0.659846939
5,23,26,0.659846939
5,23,27,0.665688776
5,23,28,0.665688776
5,23,29,0.668554422
5,23,30,0.668554422
5,23,31,0.645935374
5,23,32,0.645935374
5,23,33,0.407389456
5,23,34,0.407389456
5,23,35,0.01247449
5,23,36,0.01247449
5,23,37,0
5,23,38,0
5,23,39,0
5,23,40,0
5,23,41,0
5,23,42,0
5,23,43,0
5,23,44,0
5,23,45,0
5,23,46,0
5,23,47,0
5,23,48,0
5,24,1,0
5,24,2,0
5,24,3,0
5,24,4,0
5,24,5,0
5,24,6,0
5,24,7,0
5,24,8,0
5,24,9,0
5,24,10,0
5,24,11,0
5,24,12,0
5,24,13,0.000764923
5,24,14,0.000764923
5,24,15,0.339804422
5,24,16,0.339804422
5,24,17,0.645705782
5,24,18,0.645705782
5,24,19,0.665102041
5,24,20,0.665102041
5,24,21,0.660969388
5,24,22,0.660969388
5,24,23,0.65164966
5,24,24,0.65164966
5,24,25,0.647619048
5,24,26,0.647619048
5,24,27,0.654234694
5,24,28,0.654234694
5,24,29,0.655714286
5,24,30,0.655714286
5,24,31,0.638120748
5,24,32,0.638120748
5,24,33,0.392355442
5,24,34,0.392355442
5,24,35,0.010798469
5,24,36,0.010798469
5,24,37,0
5,24,38,0
5,24,39,0
5,24,40,0
5,24,41,0
5,24,42,0
5,24,43,0
5,24,44,0
5,24,45,0
5,24,46,0
5,24,47,0
5,24,48,0
5,25,1,0
5,25,2,0
5,25,3,0
5,25,4,0
5,25,5,0
5,25,6,0
5,25,7,0
5,25,8,0
5,25,9,0
5,25,10,0
5,25,11,0
5,25,12,0
5,25,13,0.000794787
5,25,14,0.000794787
5,25,15,0.330348639
5,25,16,0.330348639
5,25,17,0.635195578
5,25,18,0.635195578
5,25,19,0.649081633
5,25,20,0.649081633
5,25,21,0.649753401
5,25,22,0.649753401
5,25,23,0.642355442
5,25,24,0.642355442
5,25,25,0.640901361
5,25,26,0.640901361
5,25,27,0.648120748
5,25,28,0.648120748
5,25,29,0.649829932
5,25,30,0.649829932
5,25,31,0.630442177
5,25,32,0.630442177
5,25,33,0.341292517
5,25,34,0.341292517
5,25,35,0.007545493
5,25,36,0.007545493
5,25,37,0
5,25,38,0
5,25,39,0
5,25,40,0
5,25,41,0
5,25,42,0
5,25,43,0
5,25,44,0
5,25,45,0
5,25,46,0
5,25,47,0
5,25,48,0
5,26,1,0
5,26,2,0
5,26,3,0
5,26,4,0
5,26,5,0
5,26,6,0
5,26,7,0
5,26,8,0
5,26,9,0
5,26,10,0
5,26,11,0
5,26,12,0
5,26,13,0
5,26,14,0
5,26,15,0.331088435
5,26,16,0.331088435
5,26,17,0.639362245
5,26,18,0.639362245
5,26,19,0.652227891
5,26,20,0.652227891
5,26,21,0.652406463
5,26,22,0.652406463
5,26,23,0.643222789
5,26,24,0.643222789
5,26,25,0.64042517
5,26,26,0.64042517
5,26,27,0.647457483
5,26,28,0.647457483
5,26,29,0.646343537
5,26,30,0.646343537
5,26,31,0.611343537
5,26,32,0.611343537
5,26,33,0.267534014
5,26,34,0.267534014
5,26,35,0
5,26,36,0
5,26,37,0
5,26,38,0
5,26,39,0
5,26,40,0
5,26,41,0
5,26,42,0
5,26,43,0
5,26,44,0
5,26,45,0
5,26,46,0
5,26,47,0
5,26,48,0
5,27,1,0
5,27,2,0
5,27,3,0
5,27,4,0
5,27,5,0
5,27,6,0
5,27,7,0
5,27,8,0
5,27,9,0
5,27,10,0
5,27,11,0
5,27,12,0
5,27,13,0
5,27,14,0
5,27,15,0.219243197
5,27,16,0.219243197
5,27,17,0.537627551
5,27,18,0.537627551
5,27,19,0.645357143
5,27,20,0.645357143
5,27,21,0.648120748
5,27,22,0.648120748
5,27,23,0.639285714
5,27,24,0.639285714
5,27,25,0.638044218
5,27,26,0.638044218
5,27,27,0.645433673
5,27,28,0.645433673
5,27,29,0.617117347
5,27,30,0.617117347
5,27,31,0.599583333
5,27,32,0.599583333
5,27,33,0.355867347
5,27,34,0.355867347
5,27,35,0.008796769
5,27,36,0.008796769
5,27,37,0
5,27,38,0
5,27,39,0
5,27,40,0
5,27,41,0
5,27,42,0
5,27,43,0
5,27,44,0
5,27,45,0
5,27,46,0
5,27,47,0
5,27,48,0
5,28,1,0
5,28,2,0
5,28,3,0
5,28,4,0
5,28,5,0
5,28,6,0
5,28,7,0
5,28,8,0
5,28,9,0
5,28,10,0
5,28,11,0
5,28,12,0
5,28,13,0
5,28,14,0
5,28,15,0.334744898
5,28,16,0.334744898
5,28,17,0.62797619
5,28,18,0.62797619
5,28,19,0.619098639
5,28,20,0.619098639
5,28,21,0.645365646
5,28,22,0.645365646
5,28,23,0.627840136
5,28,24,0.627840136
5,28,25,0.65252551
5,28,26,0.65252551
5,28,27,0.647916667
5,28,28,0.647916667
5,28,29,0.62255102
5,28,30,0.62255102
5,28,31,0.526777211
5,28,32,0.526777211
5,28,33,0.372534014
5,28,34,0.372534014
5,28,35,0.008516156
5,28,36,0.008516156
5,28,37,0
5,28,38,0
5,28,39,0
5,28,40,0
5,28,41,0
5,28,42,0
5,28,43,0
5,28,44,0
5,28,45,0
5,28,46,0
5,28,47,0
5,28,48,0
5,29,1,0
5,29,2,0
5,29,3,0
5,29,4,0
5,29,5,0
5,29,6,0
5,29,7,0
5,29,8,0
5,29,9,0
5,29,10,0
5,29,11,0
5,29,12,0
5,29,13,0
5,29,14,0
5,29,15,0.332576531
5,29,16,0.332576531
5,29,17,0.650238095
5,29,18,0.650238095
5,29,19,0.670484694
5,29,20,0.670484694
5,29,21,0.67082483
5,29,22,0.67082483
5,29,23,0.660578231
5,29,24,0.660578231
5,29,25,0.656590136
5,29,26,0.656590136
5,29,27,0.664056122
5,29,28,0.664056122
5,29,29,0.66877551
5,29,30,0.66877551
5,29,31,0.643996599
5,29,32,0.643996599
5,29,33,0.395093537
5,29,34,0.395093537
5,29,35,0.009478741
5,29,36,0.009478741
5,29,37,0
5,29,38,0
5,29,39,0
5,29,40,0
5,29,41,0
5,29,42,0
5,29,43,0
5,29,44,0
5,29,45,0
5,29,46,0
5,29,47,0
5,29,48,0
5,30,1,0
5,30,2,0
5,30,3,0
5,30,4,0
5,30,5,0
5,30,6,0
5,30,7,0
5,30,8,0
5,30,9,0
5,30,10,0
5,30,11,0
5,30,12,0
5,30,13,0
5,30,14,0
5,30,15,0.307891156
5,30,16,0.307891156
5,30,17,0.626471088
5,30,18,0.626471088
5,30,19,0.654693878
5,30,20,0.654693878
5,30,21,0.65744898
5,30,22,0.65744898
5,30,23,0.646079932
5,30,24,0.646079932
5,30,25,0.643358844
5,30,26,0.643358844
5,30,27,0.649090136
5,30,28,0.649090136
5,30,29,0.655153061
5,30,30,0.655153061
5,30,31,0.62295068
5,30,32,0.62295068
5,30,33,0.368860544
5,30,34,0.368860544
5,30,35,0.006648639
5,30,36,0.006648639
5,30,37,0
5,30,38,0
5,30,39,0
5,30,40,0
5,30,41,0
5,30,42,0
5,30,43,0
5,30,44,0
5,30,45,0
5,30,46,0
5,30,47,0
5,30,48,0
5,31,1,0
5,31,2,0
5,31,3,0
5,31,4,0
5,31,5,0
5,31,6,0
5,31,7,0
5,31,8,0
5,31,9,0
5,31,10,0
5,31,11,0
5,31,12,0
5,31,13,0
5,31,14,0
5,31,15,0.325246599
5,31,16,0.325246599
5,31,17,0.642278912
5,31,18,0.642278912
5,31,19,0.66087585
5,31,20,0.66087585
5,31,21,0.661573129
5,31,22,0.661573129
5,31,23,0.653197279
5,31,24,0.653197279
5,31,25,0.650518707
5,31,26,0.650518707
5,31,27,0.660765306
5,31,28,0.660765306
5,31,29,0.666267007
5,31,30,0.666267007
5,31,31,0.643528912
5,31,32,0.643528912
5,31,33,0.388843537
5,31,34,0.388843537
5,31,35,0.009321429
5,31,36,0.009321429
5,31,37,0
5,31,38,0
5,31,39,0
5,31,40,0
5,31,41,0
5,31,42,0
5,31,43,0
5,31,44,0
5,31,45,0
5,31,46,0
5,31,47,0
5,31,48,0
6,1,1,0
6,1,2,0
6,1,3,0
6,1,4,0
6,1,5,0
6,1,6,0
6,1,7,0
6,1,8,0
6,1,9,0
6,1,10,0
6,1,11,0
6,1,12,0
6,1,13,0
6,1,14,0
6,1,15,0.333239796
6,1,16,0.333239796
6,1,17,0.666335034
6,1,18,0.666335034
6,1,19,0.679736395
6,1,20,0.679736395
6,1,21,0.676573129
6,1,22,0.676573129
6,1,23,0.666590136
6,1,24,0.666590136
6,1,25,0.666454082
6,1,26,0.666454082
6,1,27,0.677346939
6,1,28,0.677346939
6,1,29,0.687346939
6,1,30,0.687346939
6,1,31,0.66837585
6,1,32,0.66837585
6,1,33,0.410408163
6,1,34,0.410408163
6,1,35,0.010288265
6,1,36,0.010288265
6,1,37,0
6,1,38,0
6,1,39,0
6,1,40,0
6,1,41,0
6,1,42,0
6,1,43,0
6,1,44,0
6,1,45,0
6,1,46,0
6,1,47,0
6,1,48,0
6,2,1,0
6,2,2,0
6,2,3,0
6,2,4,0
6,2,5,0
6,2,6,0
6,2,7,0
6,2,8,0
6,2,9,0
6,2,10,0
6,2,11,0
6,2,12,0
6,2,13,0
6,2,14,0
6,2,15,0.327321429
6,2,16,0.327321429
6,2,17,0.666777211
6,2,18,0.666777211
6,2,19,0.683596939
6,2,20,0.683596939
6,2,21,0.682916667
6,2,22,0.682916667
6,2,23,0.673605442
6,2,24,0.673605442
6,2,25,0.672491497
6,2,26,0.672491497
6,2,27,0.681972789
6,2,28,0.681972789
6,2,29,0.689693878
6,2,30,0.689693878
6,2,31,0.667457483
6,2,32,0.667457483
6,2,33,0.405782313
6,2,34,0.405782313
6,2,35,0.009011054
6,2,36,0.009011054
6,2,37,0
6,2,38,0
6,2,39,0
6,2,40,0
6,2,41,0
6,2,42,0
6,2,43,0
6,2,44,0
6,2,45,0
6,2,46,0
6,2,47,0
6,2,48,0
6,3,1,0
6,3,2,0
6,3,3,0
6,3,4,0
6,3,5,0
6,3,6,0
6,3,7,0
6,3,8,0
6,3,9,0
6,3,10,0
6,3,11,0
6,3,12,0
6,3,13,0
6,3,14,0
6,3,15,0.284217687
6,3,16,0.284217687
6,3,17,0.657661565
6,3,18,0.657661565
6,3,19,0.612210884
6,3,20,0.612210884
6,3,21,0.63752551
6,3,22,0.63752551
6,3,23,0.649464286
6,3,24,0.649464286
6,3,25,0.653537415
6,3,26,0.653537415
6,3,27,0.658903061
6,3,28,0.658903061
6,3,29,0.678792517
6,3,30,0.678792517
6,3,31,0.654302721
6,3,32,0.654302721
6,3,33,0.356488095
6,3,34,0.356488095
6,3,35,0.008453912
6,3,36,0.008453912
6,3,37,0
6,3,38,0
6,3,39,0
6,3,40,0
6,3,41,0
6,3,42,0
6,3,43,0
6,3,44,0
6,3,45,0
6,3,46,0
6,3,47,0
6,3,48,0
6,4,1,0
6,4,2,0
6,4,3,0
6,4,4,0
6,4,5,0
6,4,6,0
6,4,7,0
6,4,8,0
6,4,9,0
6,4,10,0
6,4,11,0
6,4,12,0
6,4,13,0
6,4,14,0
6,4,15,0.138265306
6,4,16,0.138265306
6,4,17,0.186292517
6,4,18,0.186292517
6,4,19,0.641003401
6,4,20,0.641003401
6,4,21,0.680994898
6,4,22,0.680994898
6,4,23,0.617176871
6,4,24,0.617176871
6,4,25,0.507984694
6,4,26,0.507984694
6,4,27,0.560348639
6,4,28,0.560348639
6,4,29,0.620756803
6,4,30,0.620756803
6,4,31,0.557576531
6,4,32,0.557576531
6,4,33,0.39045068
6,4,34,0.39045068
6,4,35,0.009062075
6,4,36,0.009062075
6,4,37,0
6,4,38,0
6,4,39,0
6,4,40,0
6,4,41,0
6,4,42,0
6,4,43,0
6,4,44,0
6,4,45,0
6,4,46,0
6,4,47,0
6,4,48,0
6,5,1,0
6,5,2,0
6,5,3,0
6,5,4,0
6,5,5,0
6,5,6,0
6,5,7,0
6,5,8,0
6,5,9,0
6,5,10,0
6,5,11,0
6,5,12,0
6,5,13,0
6,5,14,0
6,5,15,0.316853741
6,5,16,0.316853741
6,5,17,0.662219388
6,5,18,0.662219388
6,5,19,0.675782313
6,5,20,0.675782313
6,5,21,0.673869048
6,5,22,0.673869048
6,5,23,0.663554422
6,5,24,0.663554422
6,5,25,0.66170068
6,5,26,0.66170068
6,5,27,0.671309524
6,5,28,0.671309524
6,5,29,0.678996599
6,5,30,0.678996599
6,5,31,0.658596939
6,5,32,0.658596939
6,5,33,0.400858844
6,5,34,0.400858844
6,5,35,0.008891156
6,5,36,0.008891156
6,5,37,0
6,5,38,0
6,5,39,0
6,5,40,0
6,5,41,0
6,5,42,0
6,5,43,0
6,5,44,0
6,5,45,0
6,5,46,0
6,5,47,0
6,5,48,0
6,6,1,0
6,6,2,0
6,6,3,0
6,6,4,0
6,6,5,0
6,6,6,0
6,6,7,0
6,6,8,0
6,6,9,0
6,6,10,0
6,6,11,0
6,6,12,0
6,6,13,0
6,6,14,0
6,6,15,0.306887755
6,6,16,0.306887755
6,6,17,0.652423469
6,6,18,0.652423469
6,6,19,0.669362245
6,6,20,0.669362245
6,6,21,0.668035714
6,6,22,0.668035714
6,6,23,0.657763605
6,6,24,0.657763605
6,6,25,0.654328231
6,6,26,0.654328231
6,6,27,0.66377551
6,6,28,0.66377551
6,6,29,0.671377551
6,6,30,0.671377551
6,6,31,0.648503401
6,6,32,0.648503401
6,6,33,0.392244898
6,6,34,0.392244898
6,6,35,0.008907313
6,6,36,0.008907313
6,6,37,0
6,6,38,0
6,6,39,0
6,6,40,0
6,6,41,0
6,6,42,0
6,6,43,0
6,6,44,0
6,6,45,0
6,6,46,0
6,6,47,0
6,6,48,0
6,7,1,0
6,7,2,0
6,7,3,0
6,7,4,0
6,7,5,0
6,7,6,0
6,7,7,0
6,7,8,0
6,7,9,0
6,7,10,0
6,7,11,0
6,7,12,0
6,7,13,0
6,7,14,0
6,7,15,0.233001701
6,7,16,0.233001701
6,7,17,0.399914966
6,7,18,0.399914966
6,7,19,0.621794218
6,7,20,0.621794218
6,7,21,0.644107143
6,7,22,0.644107143
6,7,23,0.659183673
6,7,24,0.659183673
6,7,25,0.65662415
6,7,26,0.65662415
6,7,27,0.667491497
6,7,28,0.667491497
6,7,29,0.675433673
6,7,30,0.675433673
6,7,31,0.656215986
6,7,32,0.656215986
6,7,33,0.40005102
6,7,34,0.40005102
6,7,35,0.008961735
6,7,36,0.008961735
6,7,37,0
6,7,38,0
6,7,39,0
6,7,40,0
6,7,41,0
6,7,42,0
6,7,43,0
6,7,44,0
6,7,45,0
6,7,46,0
6,7,47,0
6,7,48,0
6,8,1,0
6,8,2,0
6,8,3,0
6,8,4,0
6,8,5,0
6,8,6,0
6,8,7,0
6,8,8,0
6,8,9,0
6,8,10,0
6,8,11,0
6,8,12,0
6,8,13,0
6,8,14,0
6,8,15,0.315442177
6,8,16,0.315442177
6,8,17,0.67127551
6,8,18,0.67127551
6,8,19,0.683673469
6,8,20,0.683673469
6,8,21,0.680833333
6,8,22,0.680833333
6,8,23,0.669838435
6,8,24,0.669838435
6,8,25,0.6675
6,8,26,0.6675
6,8,27,0.678435374
6,8,28,0.678435374
6,8,29,0.689634354
6,8,30,0.689634354
6,8,31,0.671454082
6,8,32,0.671454082
6,8,33,0.413945578
6,8,34,0.413945578
6,8,35,0.010171769
6,8,36,0.010171769
6,8,37,0
6,8,38,0
6,8,39,0
6,8,40,0
6,8,41,0
6,8,42,0
6,8,43,0
6,8,44,0
6,8,45,0
6,8,46,0
6,8,47,0
6,8,48,0
6,9,1,0
6,9,2,0
6,9,3,0
6,9,4,0
6,9,5,0
6,9,6,0
6,9,7,0
6,9,8,0
6,9,9,0
6,9,10,0
6,9,11,0
6,9,12,0
6,9,13,0
6,9,14,0
6,9,15,0.316632653
6,9,16,0.316632653
6,9,17,0.677168367
6,9,18,0.677168367
6,9,19,0.688681973
6,9,20,0.688681973
6,9,21,0.685119048
6,9,22,0.685119048
6,9,23,0.674880952
6,9,24,0.674880952
6,9,25,0.67375
6,9,26,0.67375
6,9,27,0.684965986
6,9,28,0.684965986
6,9,29,0.696113946
6,9,30,0.696113946
6,9,31,0.678860544
6,9,32,0.678860544
6,9,33,0.418979592
6,9,34,0.418979592
6,9,35,0.010151361
6,9,36,0.010151361
6,9,37,0
6,9,38,0
6,9,39,0
6,9,40,0
6,9,41,0
6,9,42,0
6,9,43,0
6,9,44,0
6,9,45,0
6,9,46,0
6,9,47,0
6,9,48,0
6,10,1,0
6,10,2,0
6,10,3,0
6,10,4,0
6,10,5,0
6,10,6,0
6,10,7,0
6,10,8,0
6,10,9,0
6,10,10,0
6,10,11,0
6,10,12,0
6,10,13,0
6,10,14,0
6,10,15,0.308656463
6,10,16,0.308656463
6,10,17,0.673741497
6,10,18,0.673741497
6,10,19,0.685187075
6,10,20,0.685187075
6,10,21,0.683460884
6,10,22,0.683460884
6,10,23,0.672763605
6,10,24,0.672763605
6,10,25,0.671369048
6,10,26,0.671369048
6,10,27,0.681896259
6,10,28,0.681896259
6,10,29,0.694047619
6,10,30,0.694047619
6,10,31,0.67789966
6,10,32,0.67789966
6,10,33,0.418103741
6,10,34,0.418103741
6,10,35,0.010240646
6,10,36,0.010240646
6,10,37,0
6,10,38,0
6,10,39,0
6,10,40,0
6,10,41,0
6,10,42,0
6,10,43,0
6,10,44,0
6,10,45,0
6,10,46,0
6,10,47,0
6,10,48,0
6,11,1,0
6,11,2,0
6,11,3,0
6,11,4,0
6,11,5,0
6,11,6,0
6,11,7,0
6,11,8,0
6,11,9,0
6,11,10,0
6,11,11,0
6,11,12,0
6,11,13,0
6,11,14,0
6,11,15,0.296921769
6,11,16,0.296921769
6,11,17,0.656641156
6,11,18,0.656641156
6,11,19,0.676411565
6,11,20,0.676411565
6,11,21,0.675722789
6,11,22,0.675722789
6,11,23,0.666352041
6,11,24,0.666352041
6,11,25,0.664472789
6,11,26,0.664472789
6,11,27,0.674005102
6,11,28,0.674005102
6,11,29,0.683664966
6,11,30,0.683664966
6,11,31,0.661062925
6,11,32,0.661062925
6,11,33,0.401522109
6,11,34,0.401522109
6,11,35,0.008655612
6,11,36,0.008655612
6,11,37,0
6,11,38,0
6,11,39,0
6,11,40,0
6,11,41,0
6,11,42,0
6,11,43,0
6,11,44,0
6,11,45,0
6,11,46,0
6,11,47,0
6,11,48,0
6,12,1,0
6,12,2,0
6,12,3,0
6,12,4,0
6,12,5,0
6,12,6,0
6,12,7,0
6,12,8,0
6,12,9,0
6,12,10,0
6,12,11,0
6,12,12,0
6,12,13,0
6,12,14,0
6,12,15,0.25457483
6,12,16,0.25457483
6,12,17,0.608852041
6,12,18,0.608852041
6,12,19,0.63962585
6,12,20,0.63962585
6,12,21,0.649481293
6,12,22,0.649481293
6,12,23,0.641062925
6,12,24,0.641062925
6,12,25,0.638554422
6,12,26,0.638554422
6,12,27,0.647610544
6,12,28,0.647610544
6,12,29,0.642278912
6,12,30,0.642278912
6,12,31,0.613622449
6,12,32,0.613622449
6,12,33,0.338137755
6,12,34,0.338137755
6,12,35,0.005053997
6,12,36,0.005053997
6,12,37,0
6,12,38,0
6,12,39,0
6,12,40,0
6,12,41,0
6,12,42,0
6,12,43,0
6,12,44,0
6,12,45,0
6,12,46,0
6,12,47,0
6,12,48,0
6,13,1,0
6,13,2,0
6,13,3,0
6,13,4,0
6,13,5,0
6,13,6,0
6,13,7,0
6,13,8,0
6,13,9,0
6,13,10,0
6,13,11,0
6,13,12,0
6,13,13,0
6,13,14,0
6,13,15,0.17630102
6,13,16,0.17630102
6,13,17,0.544158163
6,13,18,0.544158163
6,13,19,0.622576531
6,13,20,0.622576531
6,13,21,0.614277211
6,13,22,0.614277211
6,13,23,0.52087585
6,13,24,0.52087585
6,13,25,0.494302721
6,13,26,0.494302721
6,13,27,0.601709184
6,13,28,0.601709184
6,13,29,0.564438776
6,13,30,0.564438776
6,13,31,0.282772109
6,13,32,0.282772109
6,13,33,0.190484694
6,13,34,0.190484694
6,13,35,0.001454507
6,13,36,0.001454507
6,13,37,0
6,13,38,0
6,13,39,0
6,13,40,0
6,13,41,0
6,13,42,0
6,13,43,0
6,13,44,0
6,13,45,0
6,13,46,0
6,13,47,0
6,13,48,0
6,14,1,0
6,14,2,0
6,14,3,0
6,14,4,0
6,14,5,0
6,14,6,0
6,14,7,0
6,14,8,0
6,14,9,0
6,14,10,0
6,14,11,0
6,14,12,0
6,14,13,0
6,14,14,0
6,14,15,0.193835034
6,14,16,0.193835034
6,14,17,0.460280612
6,14,18,0.460280612
6,14,19,0.579268707
6,14,20,0.579268707
6,14,21,0.628613946
6,14,22,0.628613946
6,14,23,0.619090136
6,14,24,0.619090136
6,14,25,0.616105442
6,14,26,0.616105442
6,14,27,0.62837585
6,14,28,0.62837585
6,14,29,0.627610544
6,14,30,0.627610544
6,14,31,0.593120748
6,14,32,0.593120748
6,14,33,0.310263605
6,14,34,0.310263605
6,14,35,0.00648665
6,14,36,0.00648665
6,14,37,0
6,14,38,0
6,14,39,0
6,14,40,0
6,14,41,0
6,14,42,0
6,14,43,0
6,14,44,0
6,14,45,0
6,14,46,0
6,14,47,0
6,14,48,0
6,15,1,0
6,15,2,0
6,15,3,0
6,15,4,0
6,15,5,0
6,15,6,0
6,15,7,0
6,15,8,0
6,15,9,0
6,15,10,0
6,15,11,0
6,15,12,0
6,15,13,0
6,15,14,0
6,15,15,0.216598639
6,15,16,0.216598639
6,15,17,0.583154762
6,15,18,0.583154762
6,15,19,0.574030612
6,15,20,0.574030612
6,15,21,0.623886054
6,15,22,0.623886054
6,15,23,0.617321429
6,15,24,0.617321429
6,15,25,0.612210884
6,15,26,0.612210884
6,15,27,0.500467687
6,15,28,0.500467687
6,15,29,0.489353741
6,15,30,0.489353741
6,15,31,0.364090136
6,15,32,0.364090136
6,15,33,0.170008503
6,15,34,0.170008503
6,15,35,0.000852296
6,15,36,0.000852296
6,15,37,0
6,15,38,0
6,15,39,0
6,15,40,0
6,15,41,0
6,15,42,0
6,15,43,0
6,15,44,0
6,15,45,0
6,15,46,0
6,15,47,0
6,15,48,0
6,16,1,0
6,16,2,0
6,16,3,0
6,16,4,0
6,16,5,0
6,16,6,0
6,16,7,0
6,16,8,0
6,16,9,0
6,16,10,0
6,16,11,0
6,16,12,0
6,16,13,0
6,16,14,0
6,16,15,0.245858844
6,16,16,0.245858844
6,16,17,0.599166667
6,16,18,0.599166667
6,16,19,0.627789116
6,16,20,0.627789116
6,16,21,0.629702381
6,16,22,0.629702381
6,16,23,0.622755102
6,16,24,0.622755102
6,16,25,0.621003401
6,16,26,0.621003401
6,16,27,0.628588435
6,16,28,0.628588435
6,16,29,0.638078231
6,16,30,0.638078231
6,16,31,0.607644558
6,16,32,0.607644558
6,16,33,0.361811224
6,16,34,0.361811224
6,16,35,0.008149745
6,16,36,0.008149745
6,16,37,0
6,16,38,0
6,16,39,0
6,16,40,0
6,16,41,0
6,16,42,0
6,16,43,0
6,16,44,0
6,16,45,0
6,16,46,0
6,16,47,0
6,16,48,0
6,17,1,0
6,17,2,0
6,17,3,0
6,17,4,0
6,17,5,0
6,17,6,0
6,17,7,0
6,17,8,0
6,17,9,0
6,17,10,0
6,17,11,0
6,17,12,0
6,17,13,0
6,17,14,0
6,17,15,0.16329932
6,17,16,0.16329932
6,17,17,0.298214286
6,17,18,0.298214286
6,17,19,0.534030612
6,17,20,0.534030612
6,17,21,0.63172619
6,17,22,0.63172619
6,17,23,0.628656463
6,17,24,0.628656463
6,17,25,0.62454932
6,17,26,0.62454932
6,17,27,0.631836735
6,17,28,0.631836735
6,17,29,0.624107143
6,17,30,0.624107143
6,17,31,0.482227891
6,17,32,0.482227891
6,17,33,0.320969388
6,17,34,0.320969388
6,17,35,0.00569966
6,17,36,0.00569966
6,17,37,0
6,17,38,0
6,17,39,0
6,17,40,0
6,17,41,0
6,17,42,0
6,17,43,0
6,17,44,0
6,17,45,0
6,17,46,0
6,17,47,0
6,17,48,0
6,18,1,0
6,18,2,0
6,18,3,0
6,18,4,0
6,18,5,0
6,18,6,0
6,18,7,0
6,18,8,0
6,18,9,0
6,18,10,0
6,18,11,0
6,18,12,0
6,18,13,0
6,18,14,0
6,18,15,0.263630952
6,18,16,0.263630952
6,18,17,0.626556122
6,18,18,0.626556122
6,18,19,0.64755102
6,18,20,0.64755102
6,18,21,0.649702381
6,18,22,0.649702381
6,18,23,0.642278912
6,18,24,0.642278912
6,18,25,0.637440476
6,18,26,0.637440476
6,18,27,0.647789116
6,18,28,0.647789116
6,18,29,0.654770408
6,18,30,0.654770408
6,18,31,0.631845238
6,18,32,0.631845238
6,18,33,0.39167517
6,18,34,0.39167517
6,18,35,0.008840986
6,18,36,0.008840986
6,18,37,0
6,18,38,0
6,18,39,0
6,18,40,0
6,18,41,0
6,18,42,0
6,18,43,0
6,18,44,0
6,18,45,0
6,18,46,0
6,18,47,0
6,18,48,0
6,19,1,0
6,19,2,0
6,19,3,0
6,19,4,0
6,19,5,0
6,19,6,0
6,19,7,0
6,19,8,0
6,19,9,0
6,19,10,0
6,19,11,0
6,19,12,0
6,19,13,0
6,19,14,0
6,19,15,0.266768707
6,19,16,0.266768707
6,19,17,0.634906463
6,19,18,0.634906463
6,19,19,0.653044218
6,19,20,0.653044218
6,19,21,0.65122449
6,19,22,0.65122449
6,19,23,0.643954082
6,19,24,0.643954082
6,19,25,0.640552721
6,19,26,0.640552721
6,19,27,0.650255102
6,19,28,0.650255102
6,19,29,0.65922619
6,19,30,0.65922619
6,19,31,0.640527211
6,19,32,0.640527211
6,19,33,0.399557823
6,19,34,0.399557823
6,19,35,0.01024915
6,19,36,0.01024915
6,19,37,0
6,19,38,0
6,19,39,0
6,19,40,0
6,19,41,0
6,19,42,0
6,19,43,0
6,19,44,0
6,19,45,0
6,19,46,0
6,19,47,0
6,19,48,0
6,20,1,0
6,20,2,0
6,20,3,0
6,20,4,0
6,20,5,0
6,20,6,0
6,20,7,0
6,20,8,0
6,20,9,0
6,20,10,0
6,20,11,0
6,20,12,0
6,20,13,0
6,20,14,0
6,20,15,0.259013605
6,20,16,0.259013605
6,20,17,0.622465986
6,20,18,0.622465986
6,20,19,0.638409864
6,20,20,0.638409864
6,20,21,0.636394558
6,20,22,0.636394558
6,20,23,0.631054422
6,20,24,0.631054422
6,20,25,0.627933673
6,20,26,0.627933673
6,20,27,0.636215986
6,20,28,0.636215986
6,20,29,0.644719388
6,20,30,0.644719388
6,20,31,0.622721088
6,20,32,0.622721088
6,20,33,0.387848639
6,20,34,0.387848639
6,20,35,0.009339286
6,20,36,0.009339286
6,20,37,0
6,20,38,0
6,20,39,0
6,20,40,0
6,20,41,0
6,20,42,0
6,20,43,0
6,20,44,0
6,20,45,0
6,20,46,0
6,20,47,0
6,20,48,0
6,21,1,0
6,21,2,0
6,21,3,0
6,21,4,0
6,21,5,0
6,21,6,0
6,21,7,0
6,21,8,0
6,21,9,0
6,21,10,0
6,21,11,0
6,21,12,0
6,21,13,0
6,21,14,0
6,21,15,0.148010204
6,21,16,0.148010204
6,21,17,0.365382653
6,21,18,0.365382653
6,21,19,0.594506803
6,21,20,0.594506803
6,21,21,0.62422619
6,21,22,0.62422619
6,21,23,0.618307823
6,21,24,0.618307823
6,21,25,0.567610544
6,21,26,0.567610544
6,21,27,0.623852041
6,21,28,0.623852041
6,21,29,0.631096939
6,21,30,0.631096939
6,21,31,0.596037415
6,21,32,0.596037415
6,21,33,0.347831633
6,21,34,0.347831633
6,21,35,0.009217687
6,21,36,0.009217687
6,21,37,0
6,21,38,0
6,21,39,0
6,21,40,0
6,21,41,0
6,21,42,0
6,21,43,0
6,21,44,0
6,21,45,0
6,21,46,0
6,21,47,0
6,21,48,0
6,22,1,0
6,22,2,0
6,22,3,0
6,22,4,0
6,22,5,0
6,22,6,0
6,22,7,0
6,22,8,0
6,22,9,0
6,22,10,0
6,22,11,0
6,22,12,0
6,22,13,0
6,22,14,0
6,22,15,0.241683673
6,22,16,0.241683673
6,22,17,0.601045918
6,22,18,0.601045918
6,22,19,0.622908163
6,22,20,0.622908163
6,22,21,0.621845238
6,22,22,0.621845238
6,22,23,0.615382653
6,22,24,0.615382653
6,22,25,0.611020408
6,22,26,0.611020408
6,22,27,0.620263605
6,22,28,0.620263605
6,22,29,0.625620748
6,22,30,0.625620748
6,22,31,0.605986395
6,22,32,0.605986395
6,22,33,0.35077381
6,22,34,0.35077381
6,22,35,0.009448129
6,22,36,0.009448129
6,22,37,0
6,22,38,0
6,22,39,0
6,22,40,0
6,22,41,0
6,22,42,0
6,22,43,0
6,22,44,0
6,22,45,0
6,22,46,0
6,22,47,0
6,22,48,0
6,23,1,0
6,23,2,0
6,23,3,0
6,23,4,0
6,23,5,0
6,23,6,0
6,23,7,0
6,23,8,0
6,23,9,0
6,23,10,0
6,23,11,0
6,23,12,0
6,23,13,0
6,23,14,0
6,23,15,0.172423469
6,23,16,0.172423469
6,23,17,0.498197279
6,23,18,0.498197279
6,23,19,0.607142857
6,23,20,0.607142857
6,23,21,0.605697279
6,23,22,0.605697279
6,23,23,0.607159864
6,23,24,0.607159864
6,23,25,0.586326531
6,23,26,0.586326531
6,23,27,0.57667517
6,23,28,0.57667517
6,23,29,0.490731293
6,23,30,0.490731293
6,23,31,0.461071429
6,23,32,0.461071429
6,23,33,0.202704082
6,23,34,0.202704082
6,23,35,0.007419048
6,23,36,0.007419048
6,23,37,0
6,23,38,0
6,23,39,0
6,23,40,0
6,23,41,0
6,23,42,0
6,23,43,0
6,23,44,0
6,23,45,0
6,23,46,0
6,23,47,0
6,23,48,0
6,24,1,0
6,24,2,0
6,24,3,0
6,24,4,0
6,24,5,0
6,24,6,0
6,24,7,0
6,24,8,0
6,24,9,0
6,24,10,0
6,24,11,0
6,24,12,0
6,24,13,0
6,24,14,0
6,24,15,0.09704932
6,24,16,0.09704932
6,24,17,0.341054422
6,24,18,0.341054422
6,24,19,0.433647959
6,24,20,0.433647959
6,24,21,0.454506803
6,24,22,0.454506803
6,24,23,0.463979592
6,24,24,0.463979592
6,24,25,0.473010204
6,24,26,0.473010204
6,24,27,0.307389456
6,24,28,0.307389456
6,24,29,0.341130952
6,24,30,0.341130952
6,24,31,0.08400085
6,24,32,0.08400085
6,24,33,0.046312075
6,24,34,0.046312075
6,24,35,0.00019131
6,24,36,0.00019131
6,24,37,0
6,24,38,0
6,24,39,0
6,24,40,0
6,24,41,0
6,24,42,0
6,24,43,0
6,24,44,0
6,24,45,0
6,24,46,0
6,24,47,0
6,24,48,0
6,25,1,0
6,25,2,0
6,25,3,0
6,25,4,0
6,25,5,0
6,25,6,0
6,25,7,0
6,25,8,0
6,25,9,0
6,25,10,0
6,25,11,0
6,25,12,0
6,25,13,0
6,25,14,0
6,25,15,0.176352041
6,25,16,0.176352041
6,25,17,0.515008503
6,25,18,0.515008503
6,25,19,0.587738095
6,25,20,0.587738095
6,25,21,0.636641156
6,25,22,0.636641156
6,25,23,0.624931973
6,25,24,0.624931973
6,25,25,0.622712585
6,25,26,0.622712585
6,25,27,0.623035714
6,25,28,0.623035714
6,25,29,0.615017007
6,25,30,0.615017007
6,25,31,0.569056122
6,25,32,0.569056122
6,25,33,0.313784014
6,25,34,0.313784014
6,25,35,0.007879337
6,25,36,0.007879337
6,25,37,0
6,25,38,0
6,25,39,0
6,25,40,0
6,25,41,0
6,25,42,0
6,25,43,0
6,25,44,0
6,25,45,0
6,25,46,0
6,25,47,0
6,25,48,0
6,26,1,0
6,26,2,0
6,26,3,0
6,26,4,0
6,26,5,0
6,26,6,0
6,26,7,0
6,26,8,0
6,26,9,0
6,26,10,0
6,26,11,0
6,26,12,0
6,26,13,0
6,26,14,0
6,26,15,0.233426871
6,26,16,0.233426871
6,26,17,0.355212585
6,26,18,0.355212585
6,26,19,0.514166667
6,26,20,0.514166667
6,26,21,0.481811224
6,26,22,0.481811224
6,26,23,0.648860544
6,26,24,0.648860544
6,26,25,0.630960884
6,26,26,0.630960884
6,26,27,0.65079932
6,26,28,0.65079932
6,26,29,0.66002551
6,26,30,0.66002551
6,26,31,0.628452381
6,26,32,0.628452381
6,26,33,0.405442177
6,26,34,0.405442177
6,26,35,0.011326531
6,26,36,0.011326531
6,26,37,0
6,26,38,0
6,26,39,0
6,26,40,0
6,26,41,0
6,26,42,0
6,26,43,0
6,26,44,0
6,26,45,0
6,26,46,0
6,26,47,0
6,26,48,0
6,27,1,0
6,27,2,0
6,27,3,0
6,27,4,0
6,27,5,0
6,27,6,0
6,27,7,0
6,27,8,0
6,27,9,0
6,27,10,0
6,27,11,0
6,27,12,0
6,27,13,0
6,27,14,0
6,27,15,0.255323129
6,27,16,0.255323129
6,27,17,0.642823129
6,27,18,0.642823129
6,27,19,0.666947279
6,27,20,0.666947279
6,27,21,0.668435374
6,27,22,0.668435374
6,27,23,0.661445578
6,27,24,0.661445578
6,27,25,0.655569728
6,27,26,0.655569728
6,27,27,0.663256803
6,27,28,0.663256803
6,27,29,0.673562925
6,27,30,0.673562925
6,27,31,0.65202381
6,27,32,0.65202381
6,27,33,0.418248299
6,27,34,0.418248299
6,27,35,0.014368197
6,27,36,0.014368197
6,27,37,0
6,27,38,0
6,27,39,0
6,27,40,0
6,27,41,0
6,27,42,0
6,27,43,0
6,27,44,0
6,27,45,0
6,27,46,0
6,27,47,0
6,27,48,0
6,28,1,0
6,28,2,0
6,28,3,0
6,28,4,0
6,28,5,0
6,28,6,0
6,28,7,0
6,28,8,0
6,28,9,0
6,28,10,0
6,28,11,0
6,28,12,0
6,28,13,0
6,28,14,0
6,28,15,0.257840136
6,28,16,0.257840136
6,28,17,0.649319728
6,28,18,0.649319728
6,28,19,0.674991497
6,28,20,0.674991497
6,28,21,0.677329932
6,28,22,0.677329932
6,28,23,0.670595238
6,28,24,0.670595238
6,28,25,0.664056122
6,28,26,0.664056122
6,28,27,0.67204932
6,28,28,0.67204932
6,28,29,0.681930272
6,28,30,0.681930272
6,28,31,0.660085034
6,28,32,0.660085034
6,28,33,0.426147959
6,28,34,0.426147959
6,28,35,0.014335884
6,28,36,0.014335884
6,28,37,0
6,28,38,0
6,28,39,0
6,28,40,0
6,28,41,0
6,28,42,0
6,28,43,0
6,28,44,0
6,28,45,0
6,28,46,0
6,28,47,0
6,28,48,0
6,29,1,0
6,29,2,0
6,29,3,0
6,29,4,0
6,29,5,0
6,29,6,0
6,29,7,0
6,29,8,0
6,29,9,0
6,29,10,0
6,29,11,0
6,29,12,0
6,29,13,0
6,29,14,0
6,29,15,0.244217687
6,29,16,0.244217687
6,29,17,0.63042517
6,29,18,0.63042517
6,29,19,0.660816327
6,29,20,0.660816327
6,29,21,0.664863946
6,29,22,0.664863946
6,29,23,0.657780612
6,29,24,0.657780612
6,29,25,0.651581633
6,29,26,0.651581633
6,29,27,0.65792517
6,29,28,0.65792517
6,29,29,0.666938776
6,29,30,0.666938776
6,29,31,0.642108844
6,29,32,0.642108844
6,29,33,0.416343537
6,29,34,0.416343537
6,29,35,0.014671769
6,29,36,0.014671769
6,29,37,0
6,29,38,0
6,29,39,0
6,29,40,0
6,29,41,0
6,29,42,0
6,29,43,0
6,29,44,0
6,29,45,0
6,29,46,0
6,29,47,0
6,29,48,0
6,30,1,0
6,30,2,0
6,30,3,0
6,30,4,0
6,30,5,0
6,30,6,0
6,30,7,0
6,30,8,0
6,30,9,0
6,30,10,0
6,30,11,0
6,30,12,0
6,30,13,0
6,30,14,0
6,30,15,0.230620748
6,30,16,0.230620748
6,30,17,0.606181973
6,30,18,0.606181973
6,30,19,0.636930272
6,30,20,0.636930272
6,30,21,0.636471088
6,30,22,0.636471088
6,30,23,0.631828231
6,30,24,0.631828231
6,30,25,0.600059524
6,30,26,0.600059524
6,30,27,0.605935374
6,30,28,0.605935374
6,30,29,0.570433673
6,30,30,0.570433673
6,30,31,0.451479592
6,30,32,0.451479592
6,30,33,0.308690476
6,30,34,0.308690476
6,30,35,0.006592942
6,30,36,0.006592942
6,30,37,0
6,30,38,0
6,30,39,0
6,30,40,0
6,30,41,0
6,30,42,0
6,30,43,0
6,30,44,0
6,30,45,0
6,30,46,0
6,30,47,0
6,30,48,0
7,1,1,0
7,1,2,0
7,1,3,0
7,1,4,0
7,1,5,0
7,1,6,0
7,1,7,0
7,1,8,0
7,1,9,0
7,1,10,0
7,1,11,0
7,1,12,0
7,1,13,0
7,1,14,0
7,1,15,0.210629252
7,1,16,0.210629252
7,1,17,0.334030612
7,1,18,0.334030612
7,1,19,0.601845238
7,1,20,0.601845238
7,1,21,0.640484694
7,1,22,0.640484694
7,1,23,0.633256803
7,1,24,0.633256803
7,1,25,0.548715986
7,1,26,0.548715986
7,1,27,0.594192177
7,1,28,0.594192177
7,1,29,0.59412415
7,1,30,0.59412415
7,1,31,0.60704932
7,1,32,0.60704932
7,1,33,0.406828231
7,1,34,0.406828231
7,1,35,0.015371599
7,1,36,0.015371599
7,1,37,0
7,1,38,0
7,1,39,0
7,1,40,0
7,1,41,0
7,1,42,0
7,1,43,0
7,1,44,0
7,1,45,0
7,1,46,0
7,1,47,0
7,1,48,0
7,2,1,0
7,2,2,0
7,2,3,0
7,2,4,0
7,2,5,0
7,2,6,0
7,2,7,0
7,2,8,0
7,2,9,0
7,2,10,0
7,2,11,0
7,2,12,0
7,2,13,0
7,2,14,0
7,2,15,0.235935374
7,2,16,0.235935374
7,2,17,0.62792517
7,2,18,0.62792517
7,2,19,0.647585034
7,2,20,0.647585034
7,2,21,0.651564626
7,2,22,0.651564626
7,2,23,0.644991497
7,2,24,0.644991497
7,2,25,0.638503401
7,2,26,0.638503401
7,2,27,0.643214286
7,2,28,0.643214286
7,2,29,0.649804422
7,2,30,0.649804422
7,2,31,0.626811224
7,2,32,0.626811224
7,2,33,0.416505102
7,2,34,0.416505102
7,2,35,0.016772109
7,2,36,0.016772109
7,2,37,0
7,2,38,0
7,2,39,0
7,2,40,0
7,2,41,0
7,2,42,0
7,2,43,0
7,2,44,0
7,2,45,0
7,2,46,0
7,2,47,0
7,2,48,0
7,3,1,0
7,3,2,0
7,3,3,0
7,3,4,0
7,3,5,0
7,3,6,0
7,3,7,0
7,3,8,0
7,3,9,0
7,3,10,0
7,3,11,0
7,3,12,0
7,3,13,0
7,3,14,0
7,3,15,0.231215986
7,3,16,0.231215986
7,3,17,0.626785714
7,3,18,0.626785714
7,3,19,0.657363946
7,3,20,0.657363946
7,3,21,0.659923469
7,3,22,0.659923469
7,3,23,0.653792517
7,3,24,0.653792517
7,3,25,0.646989796
7,3,26,0.646989796
7,3,27,0.651887755
7,3,28,0.651887755
7,3,29,0.660586735
7,3,30,0.660586735
7,3,31,0.618282313
7,3,32,0.618282313
7,3,33,0.406394558
7,3,34,0.406394558
7,3,35,0.015987245
7,3,36,0.015987245
7,3,37,0
7,3,38,0
7,3,39,0
7,3,40,0
7,3,41,0
7,3,42,0
7,3,43,0
7,3,44,0
7,3,45,0
7,3,46,0
7,3,47,0
7,3,48,0
7,4,1,0
7,4,2,0
7,4,3,0
7,4,4,0
7,4,5,0
7,4,6,0
7,4,7,0
7,4,8,0
7,4,9,0
7,4,10,0
7,4,11,0
7,4,12,0
7,4,13,0
7,4,14,0
7,4,15,0.172729592
7,4,16,0.172729592
7,4,17,0.519566327
7,4,18,0.519566327
7,4,19,0.627959184
7,4,20,0.627959184
7,4,21,0.654965986
7,4,22,0.654965986
7,4,23,0.649506803
7,4,24,0.649506803
7,4,25,0.616028912
7,4,26,0.616028912
7,4,27,0.645331633
7,4,28,0.645331633
7,4,29,0.655229592
7,4,30,0.655229592
7,4,31,0.639353741
7,4,32,0.639353741
7,4,33,0.420909864
7,4,34,0.420909864
7,4,35,0.017647109
7,4,36,0.017647109
7,4,37,0
7,4,38,0
7,4,39,0
7,4,40,0
7,4,41,0
7,4,42,0
7,4,43,0
7,4,44,0
7,4,45,0
7,4,46,0
7,4,47,0
7,4,48,0
7,5,1,0
7,5,2,0
7,5,3,0
7,5,4,0
7,5,5,0
7,5,6,0
7,5,7,0
7,5,8,0
7,5,9,0
7,5,10,0
7,5,11,0
7,5,12,0
7,5,13,0
7,5,14,0
7,5,15,0.215510204
7,5,16,0.215510204
7,5,17,0.606573129
7,5,18,0.606573129
7,5,19,0.643494898
7,5,20,0.643494898
7,5,21,0.650586735
7,5,22,0.650586735
7,5,23,0.639319728
7,5,24,0.639319728
7,5,25,0.596743197
7,5,26,0.596743197
7,5,27,0.637559524
7,5,28,0.637559524
7,5,29,0.570646259
7,5,30,0.570646259
7,5,31,0.265136054
7,5,32,0.265136054
7,5,33,0.102984694
7,5,34,0.102984694
7,5,35,0.002009779
7,5,36,0.002009779
7,5,37,0
7,5,38,0
7,5,39,0
7,5,40,0
7,5,41,0
7,5,42,0
7,5,43,0
7,5,44,0
7,5,45,0
7,5,46,0
7,5,47,0
7,5,48,0
7,6,1,0
7,6,2,0
7,6,3,0
7,6,4,0
7,6,5,0
7,6,6,0
7,6,7,0
7,6,8,0
7,6,9,0
7,6,10,0
7,6,11,0
7,6,12,0
7,6,13,0
7,6,14,0
7,6,15,0.235229592
7,6,16,0.235229592
7,6,17,0.640178571
7,6,18,0.640178571
7,6,19,0.654863946
7,6,20,0.654863946
7,6,21,0.66577381
7,6,22,0.66577381
7,6,23,0.659515306
7,6,24,0.659515306
7,6,25,0.651437075
7,6,26,0.651437075
7,6,27,0.659855442
7,6,28,0.659855442
7,6,29,0.668248299
7,6,30,0.668248299
7,6,31,0.648920068
7,6,32,0.648920068
7,6,33,0.440289116
7,6,34,0.440289116
7,6,35,0.019915816
7,6,36,0.019915816
7,6,37,0
7,6,38,0
7,6,39,0
7,6,40,0
7,6,41,0
7,6,42,0
7,6,43,0
7,6,44,0
7,6,45,0
7,6,46,0
7,6,47,0
7,6,48,0
7,7,1,0
7,7,2,0
7,7,3,0
7,7,4,0
7,7,5,0
7,7,6,0
7,7,7,0
7,7,8,0
7,7,9,0
7,7,10,0
7,7,11,0
7,7,12,0
7,7,13,0
7,7,14,0
7,7,15,0.250748299
7,7,16,0.250748299
7,7,17,0.650544218
7,7,18,0.650544218
7,7,19,0.672993197
7,7,20,0.672993197
7,7,21,0.673784014
7,7,22,0.673784014
7,7,23,0.666539116
7,7,24,0.666539116
7,7,25,0.659268707
7,7,26,0.659268707
7,7,27,0.6675
7,7,28,0.6675
7,7,29,0.678341837
7,7,30,0.678341837
7,7,31,0.659268707
7,7,32,0.659268707
7,7,33,0.449141156
7,7,34,0.449141156
7,7,35,0.021891156
7,7,36,0.021891156
7,7,37,0
7,7,38,0
7,7,39,0
7,7,40,0
7,7,41,0
7,7,42,0
7,7,43,0
7,7,44,0
7,7,45,0
7,7,46,0
7,7,47,0
7,7,48,0
7,8,1,0
7,8,2,0
7,8,3,0
7,8,4,0
7,8,5,0
7,8,6,0
7,8,7,0
7,8,8,0
7,8,9,0
7,8,10,0
7,8,11,0
7,8,12,0
7,8,13,0
7,8,14,0
7,8,15,0.255340136
7,8,16,0.255340136
7,8,17,0.664863946
7,8,18,0.664863946
7,8,19,0.686590136
7,8,20,0.686590136
7,8,21,0.685748299
7,8,22,0.685748299
7,8,23,0.679991497
7,8,24,0.679991497
7,8,25,0.673460884
7,8,26,0.673460884
7,8,27,0.681267007
7,8,28,0.681267007
7,8,29,0.693112245
7,8,30,0.693112245
7,8,31,0.675595238
7,8,32,0.675595238
7,8,33,0.465714286
7,8,34,0.465714286
7,8,35,0.023171769
7,8,36,0.023171769
7,8,37,0
7,8,38,0
7,8,39,0
7,8,40,0
7,8,41,0
7,8,42,0
7,8,43,0
7,8,44,0
7,8,45,0
7,8,46,0
7,8,47,0
7,8,48,0
7,9,1,0
7,9,2,0
7,9,3,0
7,9,4,0
7,9,5,0
7,9,6,0
7,9,7,0
7,9,8,0
7,9,9,0
7,9,10,0
7,9,11,0
7,9,12,0
7,9,13,0
7,9,14,0
7,9,15,0.267508503
7,9,16,0.267508503
7,9,17,0.673920068
7,9,18,0.673920068
7,9,19,0.693630952
7,9,20,0.693630952
7,9,21,0.693664966
7,9,22,0.693664966
7,9,23,0.686164966
7,9,24,0.686164966
7,9,25,0.679379252
7,9,26,0.679379252
7,9,27,0.689362245
7,9,28,0.689362245
7,9,29,0.701632653
7,9,30,0.701632653
7,9,31,0.685535714
7,9,32,0.685535714
7,9,33,0.479906463
7,9,34,0.479906463
7,9,35,0.025291667
7,9,36,0.025291667
7,9,37,0
7,9,38,0
7,9,39,0
7,9,40,0
7,9,41,0
7,9,42,0
7,9,43,0
7,9,44,0
7,9,45,0
7,9,46,0
7,9,47,0
7,9,48,0
7,10,1,0
7,10,2,0
7,10,3,0
7,10,4,0
7,10,5,0
7,10,6,0
7,10,7,0
7,10,8,0
7,10,9,0
7,10,10,0
7,10,11,0
7,10,12,0
7,10,13,0
7,10,14,0
7,10,15,0.26877551
7,10,16,0.26877551
7,10,17,0.677210884
7,10,18,0.677210884
7,10,19,0.693010204
7,10,20,0.693010204
7,10,21,0.69005102
7,10,22,0.69005102
7,10,23,0.683095238
7,10,24,0.683095238
7,10,25,0.675535714
7,10,26,0.675535714
7,10,27,0.68454932
7,10,28,0.68454932
7,10,29,0.696011905
7,10,30,0.696011905
7,10,31,0.680306122
7,10,32,0.680306122
7,10,33,0.482942177
7,10,34,0.482942177
7,10,35,0.027778061
7,10,36,0.027778061
7,10,37,0
7,10,38,0
7,10,39,0
7,10,40,0
7,10,41,0
7,10,42,0
7,10,43,0
7,10,44,0
7,10,45,0
7,10,46,0
7,10,47,0
7,10,48,0
7,11,1,0
7,11,2,0
7,11,3,0
7,11,4,0
7,11,5,0
7,11,6,0
7,11,7,0
7,11,8,0
7,11,9,0
7,11,10,0
7,11,11,0
7,11,12,0
7,11,13,0
7,11,14,0
7,11,15,0.259141156
7,11,16,0.259141156
7,11,17,0.646173469
7,11,18,0.646173469
7,11,19,0.663222789
7,11,20,0.663222789
7,11,21,0.661343537
7,11,22,0.661343537
7,11,23,0.654804422
7,11,24,0.654804422
7,11,25,0.647704082
7,11,26,0.647704082
7,11,27,0.658571429
7,11,28,0.658571429
7,11,29,0.668384354
7,11,30,0.668384354
7,11,31,0.653095238
7,11,32,0.653095238
7,11,33,0.430952381
7,11,34,0.430952381
7,11,35,0.028443878
7,11,36,0.028443878
7,11,37,0
7,11,38,0
7,11,39,0
7,11,40,0
7,11,41,0
7,11,42,0
7,11,43,0
7,11,44,0
7,11,45,0
7,11,46,0
7,11,47,0
7,11,48,0
7,12,1,0
7,12,2,0
7,12,3,0
7,12,4,0
7,12,5,0
7,12,6,0
7,12,7,0
7,12,8,0
7,12,9,0
7,12,10,0
7,12,11,0
7,12,12,0
7,12,13,0
7,12,14,0
7,12,15,0.246471088
7,12,16,0.246471088
7,12,17,0.634447279
7,12,18,0.634447279
7,12,19,0.648129252
7,12,20,0.648129252
7,12,21,0.64789966
7,12,22,0.64789966
7,12,23,0.642397959
7,12,24,0.642397959
7,12,25,0.634073129
7,12,26,0.634073129
7,12,27,0.641411565
7,12,28,0.641411565
7,12,29,0.647755102
7,12,30,0.647755102
7,12,31,0.566734694
7,12,32,0.566734694
7,12,33,0.352321429
7,12,34,0.352321429
7,12,35,0.022309524
7,12,36,0.022309524
7,12,37,0
7,12,38,0
7,12,39,0
7,12,40,0
7,12,41,0
7,12,42,0
7,12,43,0
7,12,44,0
7,12,45,0
7,12,46,0
7,12,47,0
7,12,48,0
7,13,1,0
7,13,2,0
7,13,3,0
7,13,4,0
7,13,5,0
7,13,6,0
7,13,7,0
7,13,8,0
7,13,9,0
7,13,10,0
7,13,11,0
7,13,12,0
7,13,13,0
7,13,14,0
7,13,15,0.248214286
7,13,16,0.248214286
7,13,17,0.628503401
7,13,18,0.628503401
7,13,19,0.651343537
7,13,20,0.651343537
7,13,21,0.652984694
7,13,22,0.652984694
7,13,23,0.647729592
7,13,24,0.647729592
7,13,25,0.631743197
7,13,26,0.631743197
7,13,27,0.648630952
7,13,28,0.648630952
7,13,29,0.656241497
7,13,30,0.656241497
7,13,31,0.63702381
7,13,32,0.63702381
7,13,33,0.448282313
7,13,34,0.448282313
7,13,35,0.02782398
7,13,36,0.02782398
7,13,37,0
7,13,38,0
7,13,39,0
7,13,40,0
7,13,41,0
7,13,42,0
7,13,43,0
7,13,44,0
7,13,45,0
7,13,46,0
7,13,47,0
7,13,48,0
7,14,1,0
7,14,2,0
7,14,3,0
7,14,4,0
7,14,5,0
7,14,6,0
7,14,7,0
7,14,8,0
7,14,9,0
7,14,10,0
7,14,11,0
7,14,12,0
7,14,13,0
7,14,14,0
7,14,15,0.264115646
7,14,16,0.264115646
7,14,17,0.657508503
7,14,18,0.657508503
7,14,19,0.676658163
7,14,20,0.676658163
7,14,21,0.67537415
7,14,22,0.67537415
7,14,23,0.667738095
7,14,24,0.667738095
7,14,25,0.658171769
7,14,26,0.658171769
7,14,27,0.666913265
7,14,28,0.666913265
7,14,29,0.677755102
7,14,30,0.677755102
7,14,31,0.663596939
7,14,32,0.663596939
7,14,33,0.47795068
7,14,34,0.47795068
7,14,35,0.030284864
7,14,36,0.030284864
7,14,37,0
7,14,38,0
7,14,39,0
7,14,40,0
7,14,41,0
7,14,42,0
7,14,43,0
7,14,44,0
7,14,45,0
7,14,46,0
7,14,47,0
7,14,48,0
7,15,1,0
7,15,2,0
7,15,3,0
7,15,4,0
7,15,5,0
7,15,6,0
7,15,7,0
7,15,8,0
7,15,9,0
7,15,10,0
7,15,11,0
7,15,12,0
7,15,13,0
7,15,14,0
7,15,15,0.272661565
7,15,16,0.272661565
7,15,17,0.667559524
7,15,18,0.667559524
7,15,19,0.682576531
7,15,20,0.682576531
7,15,21,0.680102041
7,15,22,0.680102041
7,15,23,0.672933673
7,15,24,0.672933673
7,15,25,0.665688776
7,15,26,0.665688776
7,15,27,0.674719388
7,15,28,0.674719388
7,15,29,0.686666667
7,15,30,0.686666667
7,15,31,0.674906463
7,15,32,0.674906463
7,15,33,0.492636054
7,15,34,0.492636054
7,15,35,0.033585884
7,15,36,0.033585884
7,15,37,0
7,15,38,0
7,15,39,0
7,15,40,0
7,15,41,0
7,15,42,0
7,15,43,0
7,15,44,0
7,15,45,0
7,15,46,0
7,15,47,0
7,15,48,0
7,16,1,0
7,16,2,0
7,16,3,0
7,16,4,0
7,16,5,0
7,16,6,0
7,16,7,0
7,16,8,0
7,16,9,0
7,16,10,0
7,16,11,0
7,16,12,0
7,16,13,0
7,16,14,0
7,16,15,0.277661565
7,16,16,0.277661565
7,16,17,0.671130952
7,16,18,0.671130952
7,16,19,0.676768707
7,16,20,0.676768707
7,16,21,0.671658163
7,16,22,0.671658163
7,16,23,0.663894558
7,16,24,0.663894558
7,16,25,0.657270408
7,16,26,0.657270408
7,16,27,0.667984694
7,16,28,0.667984694
7,16,29,0.67922619
7,16,30,0.67922619
7,16,31,0.66880102
7,16,32,0.66880102
7,16,33,0.492380952
7,16,34,0.492380952
7,16,35,0.034098639
7,16,36,0.034098639
7,16,37,0
7,16,38,0
7,16,39,0
7,16,40,0
7,16,41,0
7,16,42,0
7,16,43,0
7,16,44,0
7,16,45,0
7,16,46,0
7,16,47,0
7,16,48,0
7,17,1,0
7,17,2,0
7,17,3,0
7,17,4,0
7,17,5,0
7,17,6,0
7,17,7,0
7,17,8,0
7,17,9,0
7,17,10,0
7,17,11,0
7,17,12,0
7,17,13,0
7,17,14,0
7,17,15,0.27962585
7,17,16,0.27962585
7,17,17,0.671437075
7,17,18,0.671437075
7,17,19,0.679455782
7,17,20,0.679455782
7,17,21,0.674719388
7,17,22,0.674719388
7,17,23,0.66712585
7,17,24,0.66712585
7,17,25,0.658180272
7,17,26,0.658180272
7,17,27,0.667619048
7,17,28,0.667619048
7,17,29,0.678248299
7,17,30,0.678248299
7,17,31,0.668664966
7,17,32,0.668664966
7,17,33,0.496258503
7,17,34,0.496258503
7,17,35,0.036109694
7,17,36,0.036109694
7,17,37,0
7,17,38,0
7,17,39,0
7,17,40,0
7,17,41,0
7,17,42,0
7,17,43,0
7,17,44,0
7,17,45,0
7,17,46,0
7,17,47,0
7,17,48,0
7,18,1,0
7,18,2,0
7,18,3,0
7,18,4,0
7,18,5,0
7,18,6,0
7,18,7,0
7,18,8,0
7,18,9,0
7,18,10,0
7,18,11,0
7,18,12,0
7,18,13,0
7,18,14,0
7,18,15,0.271386054
7,18,16,0.271386054
7,18,17,0.656079932
7,18,18,0.656079932
7,18,19,0.671062925
7,18,20,0.671062925
7,18,21,0.66922619
7,18,22,0.66922619
7,18,23,0.662619048
7,18,24,0.662619048
7,18,25,0.653971088
7,18,26,0.653971088
7,18,27,0.662295918
7,18,28,0.662295918
7,18,29,0.671462585
7,18,30,0.671462585
7,18,31,0.657346939
7,18,32,0.657346939
7,18,33,0.48585034
7,18,34,0.48585034
7,18,35,0.036444728
7,18,36,0.036444728
7,18,37,0
7,18,38,0
7,18,39,0
7,18,40,0
7,18,41,0
7,18,42,0
7,18,43,0
7,18,44,0
7,18,45,0
7,18,46,0
7,18,47,0
7,18,48,0
7,19,1,0
7,19,2,0
7,19,3,0
7,19,4,0
7,19,5,0
7,19,6,0
7,19,7,0
7,19,8,0
7,19,9,0
7,19,10,0
7,19,11,0
7,19,12,0
7,19,13,0
7,19,14,0
7,19,15,0.265178571
7,19,16,0.265178571
7,19,17,0.642032313
7,19,18,0.642032313
7,19,19,0.661819728
7,19,20,0.661819728
7,19,21,0.66295068
7,19,22,0.66295068
7,19,23,0.656887755
7,19,24,0.656887755
7,19,25,0.650195578
7,19,26,0.650195578
7,19,27,0.659073129
7,19,28,0.659073129
7,19,29,0.666581633
7,19,30,0.666581633
7,19,31,0.650722789
7,19,32,0.650722789
7,19,33,0.481828231
7,19,34,0.481828231
7,19,35,0.035920068
7,19,36,0.035920068
7,19,37,0
7,19,38,0
7,19,39,0
7,19,40,0
7,19,41,0
7,19,42,0
7,19,43,0
7,19,44,0
7,19,45,0
7,19,46,0
7,19,47,0
7,19,48,0
7,20,1,0
7,20,2,0
7,20,3,0
7,20,4,0
7,20,5,0
7,20,6,0
7,20,7,0
7,20,8,0
7,20,9,0
7,20,10,0
7,20,11,0
7,20,12,0
7,20,13,0
7,20,14,0
7,20,15,0.271309524
7,20,16,0.271309524
7,20,17,0.650459184
7,20,18,0.650459184
7,20,19,0.666105442
7,20,20,0.666105442
7,20,21,0.66579932
7,20,22,0.66579932
7,20,23,0.659311224
7,20,24,0.659311224
7,20,25,0.650569728
7,20,26,0.650569728
7,20,27,0.656496599
7,20,28,0.656496599
7,20,29,0.665790816
7,20,30,0.665790816
7,20,31,0.651964286
7,20,32,0.651964286
7,20,33,0.488554422
7,20,34,0.488554422
7,20,35,0.037270408
7,20,36,0.037270408
7,20,37,0
7,20,38,0
7,20,39,0
7,20,40,0
7,20,41,0
7,20,42,0
7,20,43,0
7,20,44,0
7,20,45,0
7,20,46,0
7,20,47,0
7,20,48,0
7,21,1,0
7,21,2,0
7,21,3,0
7,21,4,0
7,21,5,0
7,21,6,0
7,21,7,0
7,21,8,0
7,21,9,0
7,21,10,0
7,21,11,0
7,21,12,0
7,21,13,0
7,21,14,0
7,21,15,0.268911565
7,21,16,0.268911565
7,21,17,0.653452381
7,21,18,0.653452381
7,21,19,0.663409864
7,21,20,0.663409864
7,21,21,0.663579932
7,21,22,0.663579932
7,21,23,0.656105442
7,21,24,0.656105442
7,21,25,0.647321429
7,21,26,0.647321429
7,21,27,0.65744898
7,21,28,0.65744898
7,21,29,0.665909864
7,21,30,0.665909864
7,21,31,0.65202381
7,21,32,0.65202381
7,21,33,0.488503401
7,21,34,0.488503401
7,21,35,0.038232993
7,21,36,0.038232993
7,21,37,0
7,21,38,0
7,21,39,0
7,21,40,0
7,21,41,0
7,21,42,0
7,21,43,0
7,21,44,0
7,21,45,0
7,21,46,0
7,21,47,0
7,21,48,0
7,22,1,0
7,22,2,0
7,22,3,0
7,22,4,0
7,22,5,0
7,22,6,0
7,22,7,0
7,22,8,0
7,22,9,0
7,22,10,0
7,22,11,0
7,22,12,0
7,22,13,0
7,22,14,0
7,22,15,0.223163265
7,22,16,0.223163265
7,22,17,0.552882653
7,22,18,0.552882653
7,22,19,0.670119048
7,22,20,0.670119048
7,22,21,0.662091837
7,22,22,0.662091837
7,22,23,0.658095238
7,22,24,0.658095238
7,22,25,0.653154762
7,22,26,0.653154762
7,22,27,0.661326531
7,22,28,0.661326531
7,22,29,0.666785714
7,22,30,0.666785714
7,22,31,0.655603741
7,22,32,0.655603741
7,22,33,0.479064626
7,22,34,0.479064626
7,22,35,0.03955017
7,22,36,0.03955017
7,22,37,0
7,22,38,0
7,22,39,0
7,22,40,0
7,22,41,0
7,22,42,0
7,22,43,0
7,22,44,0
7,22,45,0
7,22,46,0
7,22,47,0
7,22,48,0
7,23,1,0
7,23,2,0
7,23,3,0
7,23,4,0
7,23,5,0
7,23,6,0
7,23,7,0
7,23,8,0
7,23,9,0
7,23,10,0
7,23,11,0
7,23,12,0
7,23,13,0
7,23,14,0
7,23,15,0.273401361
7,23,16,0.273401361
7,23,17,0.644889456
7,23,18,0.644889456
7,23,19,0.667270408
7,23,20,0.667270408
7,23,21,0.666045918
7,23,22,0.666045918
7,23,23,0.664302721
7,23,24,0.664302721
7,23,25,0.660637755
7,23,26,0.660637755
7,23,27,0.669931973
7,23,28,0.669931973
7,23,29,0.677278912
7,23,30,0.677278912
7,23,31,0.661096939
7,23,32,0.661096939
7,23,33,0.498052721
7,23,34,0.498052721
7,23,35,0.038172619
7,23,36,0.038172619
7,23,37,0
7,23,38,0
7,23,39,0
7,23,40,0
7,23,41,0
7,23,42,0
7,23,43,0
7,23,44,0
7,23,45,0
7,23,46,0
7,23,47,0
7,23,48,0
7,24,1,0
7,24,2,0
7,24,3,0
7,24,4,0
7,24,5,0
7,24,6,0
7,24,7,0
7,24,8,0
7,24,9,0
7,24,10,0
7,24,11,0
7,24,12,0
7,24,13,0
7,24,14,0
7,24,15,0.289362245
7,24,16,0.289362245
7,24,17,0.658188776
7,24,18,0.658188776
7,24,19,0.679668367
7,24,20,0.679668367
7,24,21,0.671896259
7,24,22,0.671896259
7,24,23,0.665297619
7,24,24,0.665297619
7,24,25,0.661479592
7,24,26,0.661479592
7,24,27,0.671887755
7,24,28,0.671887755
7,24,29,0.67917517
7,24,30,0.67917517
7,24,31,0.666573129
7,24,32,0.666573129
7,24,33,0.505960884
7,24,34,0.505960884
7,24,35,0.043581633
7,24,36,0.043581633
7,24,37,0
7,24,38,0
7,24,39,0
7,24,40,0
7,24,41,0
7,24,42,0
7,24,43,0
7,24,44,0
7,24,45,0
7,24,46,0
7,24,47,0
7,24,48,0
7,25,1,0
7,25,2,0
7,25,3,0
7,25,4,0
7,25,5,0
7,25,6,0
7,25,7,0
7,25,8,0
7,25,9,0
7,25,10,0
7,25,11,0
7,25,12,0
7,25,13,0
7,25,14,0
7,25,15,0.298639456
7,25,16,0.298639456
7,25,17,0.675688776
7,25,18,0.675688776
7,25,19,0.691335034
7,25,20,0.691335034
7,25,21,0.68369898
7,25,22,0.68369898
7,25,23,0.67914966
7,25,24,0.67914966
7,25,25,0.675977891
7,25,26,0.675977891
7,25,27,0.684430272
7,25,28,0.684430272
7,25,29,0.692032313
7,25,30,0.692032313
7,25,31,0.681352041
7,25,32,0.681352041
7,25,33,0.526828231
7,25,34,0.526828231
7,25,35,0.048465986
7,25,36,0.048465986
7,25,37,0
7,25,38,0
7,25,39,0
7,25,40,0
7,25,41,0
7,25,42,0
7,25,43,0
7,25,44,0
7,25,45,0
7,25,46,0
7,25,47,0
7,25,48,0
7,26,1,0
7,26,2,0
7,26,3,0
7,26,4,0
7,26,5,0
7,26,6,0
7,26,7,0
7,26,8,0
7,26,9,0
7,26,10,0
7,26,11,0
7,26,12,0
7,26,13,0
7,26,14,0
7,26,15,0.303596939
7,26,16,0.303596939
7,26,17,0.681258503
7,26,18,0.681258503
7,26,19,0.69630102
7,26,20,0.69630102
7,26,21,0.687984694
7,26,22,0.687984694
7,26,23,0.682729592
7,26,24,0.682729592
7,26,25,0.679234694
7,26,26,0.679234694
7,26,27,0.686862245
7,26,28,0.686862245
7,26,29,0.696496599
7,26,30,0.696496599
7,26,31,0.685663265
7,26,32,0.685663265
7,26,33,0.533596939
7,26,34,0.533596939
7,26,35,0.05017602
7,26,36,0.05017602
7,26,37,0
7,26,38,0
7,26,39,0
7,26,40,0
7,26,41,0
7,26,42,0
7,26,43,0
7,26,44,0
7,26,45,0
7,26,46,0
7,26,47,0
7,26,48,0
7,27,1,0
7,27,2,0
7,27,3,0
7,27,4,0
7,27,5,0
7,27,6,0
7,27,7,0
7,27,8,0
7,27,9,0
7,27,10,0
7,27,11,0
7,27,12,0
7,27,13,0
7,27,14,0
7,27,15,0.296011905
7,27,16,0.296011905
7,27,17,0.658486395
7,27,18,0.658486395
7,27,19,0.680204082
7,27,20,0.680204082
7,27,21,0.676836735
7,27,22,0.676836735
7,27,23,0.675153061
7,27,24,0.675153061
7,27,25,0.669719388
7,27,26,0.669719388
7,27,27,0.67662415
7,27,28,0.67662415
7,27,29,0.683554422
7,27,30,0.683554422
7,27,31,0.676420068
7,27,32,0.676420068
7,27,33,0.516556122
7,27,34,0.516556122
7,27,35,0.050940476
7,27,36,0.050940476
7,27,37,0
7,27,38,0
7,27,39,0
7,27,40,0
7,27,41,0
7,27,42,0
7,27,43,0
7,27,44,0
7,27,45,0
7,27,46,0
7,27,47,0
7,27,48,0
7,28,1,0
7,28,2,0
7,28,3,0
7,28,4,0
7,28,5,0
7,28,6,0
7,28,7,0
7,28,8,0
7,28,9,0
7,28,10,0
7,28,11,0
7,28,12,0
7,28,13,0
7,28,14,0
7,28,15,0.29420068
7,28,16,0.29420068
7,28,17,0.660595238
7,28,18,0.660595238
7,28,19,0.671692177
7,28,20,0.671692177
7,28,21,0.667746599
7,28,22,0.667746599
7,28,23,0.664566327
7,28,24,0.664566327
7,28,25,0.659115646
7,28,26,0.659115646
7,28,27,0.666173469
7,28,28,0.666173469
7,28,29,0.673537415
7,28,30,0.673537415
7,28,31,0.664158163
7,28,32,0.664158163
7,28,33,0.513630952
7,28,34,0.513630952
7,28,35,0.050477041
7,28,36,0.050477041
7,28,37,0
7,28,38,0
7,28,39,0
7,28,40,0
7,28,41,0
7,28,42,0
7,28,43,0
7,28,44,0
7,28,45,0
7,28,46,0
7,28,47,0
7,28,48,0
7,29,1,0
7,29,2,0
7,29,3,0
7,29,4,0
7,29,5,0
7,29,6,0
7,29,7,0
7,29,8,0
7,29,9,0
7,29,10,0
7,29,11,0
7,29,12,0
7,29,13,0
7,29,14,0
7,29,15,0.237908163
7,29,16,0.237908163
7,29,17,0.58962585
7,29,18,0.58962585
7,29,19,0.686377551
7,29,20,0.686377551
7,29,21,0.675926871
7,29,22,0.675926871
7,29,23,0.656258503
7,29,24,0.656258503
7,29,25,0.665705782
7,29,26,0.665705782
7,29,27,0.675127551
7,29,28,0.675127551
7,29,29,0.679132653
7,29,30,0.679132653
7,29,31,0.673741497
7,29,32,0.673741497
7,29,33,0.504736395
7,29,34,0.504736395
7,29,35,0.038276361
7,29,36,0.038276361
7,29,37,0
7,29,38,0
7,29,39,0
7,29,40,0
7,29,41,0
7,29,42,0
7,29,43,0
7,29,44,0
7,29,45,0
7,29,46,0
7,29,47,0
7,29,48,0
7,30,1,0
7,30,2,0
7,30,3,0
7,30,4,0
7,30,5,0
7,30,6,0
7,30,7,0
7,30,8,0
7,30,9,0
7,30,10,0
7,30,11,0
7,30,12,0
7,30,13,0
7,30,14,0
7,30,15,0.331794218
7,30,16,0.331794218
7,30,17,0.717959184
7,30,18,0.717959184
7,30,19,0.738443878
7,30,20,0.738443878
7,30,21,0.731921769
7,30,22,0.731921769
7,30,23,0.724642857
7,30,24,0.724642857
7,30,25,0.716615646
7,30,26,0.716615646
7,30,27,0.721743197
7,30,28,0.721743197
7,30,29,0.730085034
7,30,30,0.730085034
7,30,31,0.724268707
7,30,32,0.724268707
7,30,33,0.571326531
7,30,34,0.571326531
7,30,35,0.05989881
7,30,36,0.05989881
7,30,37,0
7,30,38,0
7,30,39,0
7,30,40,0
7,30,41,0
7,30,42,0
7,30,43,0
7,30,44,0
7,30,45,0
7,30,46,0
7,30,47,0
7,30,48,0
7,31,1,0
7,31,2,0
7,31,3,0
7,31,4,0
7,31,5,0
7,31,6,0
7,31,7,0
7,31,8,0
7,31,9,0
7,31,10,0
7,31,11,0
7,31,12,0
7,31,13,0
7,31,14,0
7,31,15,0.342823129
7,31,16,0.342823129
7,31,17,0.719659864
7,31,18,0.719659864
7,31,19,0.737159864
7,31,20,0.737159864
7,31,21,0.730433673
7,31,22,0.730433673
7,31,23,0.722312925
7,31,24,0.722312925
7,31,25,0.713962585
7,31,26,0.713962585
7,31,27,0.718477891
7,31,28,0.718477891
7,31,29,0.727653061
7,31,30,0.727653061
7,31,31,0.726284014
7,31,32,0.726284014
7,31,33,0.584158163
7,31,34,0.584158163
7,31,35,0.065127551
7,31,36,0.065127551
7,31,37,0
7,31,38,0
7,31,39,0
7,31,40,0
7,31,41,0
7,31,42,0
7,31,43,0
7,31,44,0
7,31,45,0
7,31,46,0
7,31,47,0
7,31,48,0
8,1,1,0
8,1,2,0
8,1,3,0
8,1,4,0
8,1,5,0
8,1,6,0
8,1,7,0
8,1,8,0
8,1,9,0
8,1,10,0
8,1,11,0
8,1,12,0
8,1,13,0
8,1,14,0
8,1,15,0.351420068
8,1,16,0.351420068
8,1,17,0.730229592
8,1,18,0.730229592
8,1,19,0.748511905
8,1,20,0.748511905
8,1,21,0.742984694
8,1,22,0.742984694
8,1,23,0.737261905
8,1,24,0.737261905
8,1,25,0.730603741
8,1,26,0.730603741
8,1,27,0.737397959
8,1,28,0.737397959
8,1,29,0.748035714
8,1,30,0.748035714
8,1,31,0.745603741
8,1,32,0.745603741
8,1,33,0.596156463
8,1,34,0.596156463
8,1,35,0.066706633
8,1,36,0.066706633
8,1,37,0
8,1,38,0
8,1,39,0
8,1,40,0
8,1,41,0
8,1,42,0
8,1,43,0
8,1,44,0
8,1,45,0
8,1,46,0
8,1,47,0
8,1,48,0
8,2,1,0
8,2,2,0
8,2,3,0
8,2,4,0
8,2,5,0
8,2,6,0
8,2,7,0
8,2,8,0
8,2,9,0
8,2,10,0
8,2,11,0
8,2,12,0
8,2,13,0
8,2,14,0
8,2,15,0.351743197
8,2,16,0.351743197
8,2,17,0.733715986
8,2,18,0.733715986
8,2,19,0.75795068
8,2,20,0.75795068
8,2,21,0.752959184
8,2,22,0.752959184
8,2,23,0.748333333
8,2,24,0.748333333
8,2,25,0.741241497
8,2,26,0.741241497
8,2,27,0.747227891
8,2,28,0.747227891
8,2,29,0.755518707
8,2,30,0.755518707
8,2,31,0.748511905
8,2,32,0.748511905
8,2,33,0.596352041
8,2,34,0.596352041
8,2,35,0.069289116
8,2,36,0.069289116
8,2,37,0
8,2,38,0
8,2,39,0
8,2,40,0
8,2,41,0
8,2,42,0
8,2,43,0
8,2,44,0
8,2,45,0
8,2,46,0
8,2,47,0
8,2,48,0
8,3,1,0
8,3,2,0
8,3,3,0
8,3,4,0
8,3,5,0
8,3,6,0
8,3,7,0
8,3,8,0
8,3,9,0
8,3,10,0
8,3,11,0
8,3,12,0
8,3,13,0
8,3,14,0
8,3,15,0.365085034
8,3,16,0.365085034
8,3,17,0.739141156
8,3,18,0.739141156
8,3,19,0.757210884
8,3,20,0.757210884
8,3,21,0.74880102
8,3,22,0.74880102
8,3,23,0.74207483
8,3,24,0.74207483
8,3,25,0.733996599
8,3,26,0.733996599
8,3,27,0.739931973
8,3,28,0.739931973
8,3,29,0.749404762
8,3,30,0.749404762
8,3,31,0.74380102
8,3,32,0.74380102
8,3,33,0.603452381
8,3,34,0.603452381
8,3,35,0.070522959
8,3,36,0.070522959
8,3,37,0
8,3,38,0
8,3,39,0
8,3,40,0
8,3,41,0
8,3,42,0
8,3,43,0
8,3,44,0
8,3,45,0
8,3,46,0
8,3,47,0
8,3,48,0
8,4,1,0
8,4,2,0
8,4,3,0
8,4,4,0
8,4,5,0
8,4,6,0
8,4,7,0
8,4,8,0
8,4,9,0
8,4,10,0
8,4,11,0
8,4,12,0
8,4,13,0
8,4,14,0
8,4,15,0.369608844
8,4,16,0.369608844
8,4,17,0.732465986
8,4,18,0.732465986
8,4,19,0.745272109
8,4,20,0.745272109
8,4,21,0.738596939
8,4,22,0.738596939
8,4,23,0.734693878
8,4,24,0.734693878
8,4,25,0.728333333
8,4,26,0.728333333
8,4,27,0.734846939
8,4,28,0.734846939
8,4,29,0.744532313
8,4,30,0.744532313
8,4,31,0.740323129
8,4,32,0.740323129
8,4,33,0.605187075
8,4,34,0.605187075
8,4,35,0.072195578
8,4,36,0.072195578
8,4,37,0
8,4,38,0
8,4,39,0
8,4,40,0
8,4,41,0
8,4,42,0
8,4,43,0
8,4,44,0
8,4,45,0
8,4,46,0
8,4,47,0
8,4,48,0
8,5,1,0
8,5,2,0
8,5,3,0
8,5,4,0
8,5,5,0
8,5,6,0
8,5,7,0
8,5,8,0
8,5,9,0
8,5,10,0
8,5,11,0
8,5,12,0
8,5,13,0
8,5,14,0
8,5,15,0.372678571
8,5,16,0.372678571
8,5,17,0.730365646
8,5,18,0.730365646
8,5,19,0.741836735
8,5,20,0.741836735
8,5,21,0.734659864
8,5,22,0.734659864
8,5,23,0.73002551
8,5,24,0.73002551
8,5,25,0.723579932
8,5,26,0.723579932
8,5,27,0.729982993
8,5,28,0.729982993
8,5,29,0.73960034
8,5,30,0.73960034
8,5,31,0.736930272
8,5,32,0.736930272
8,5,33,0.606802721
8,5,34,0.606802721
8,5,35,0.074672619
8,5,36,0.074672619
8,5,37,0
8,5,38,0
8,5,39,0
8,5,40,0
8,5,41,0
8,5,42,0
8,5,43,0
8,5,44,0
8,5,45,0
8,5,46,0
8,5,47,0
8,5,48,0
8,6,1,0
8,6,2,0
8,6,3,0
8,6,4,0
8,6,5,0
8,6,6,0
8,6,7,0
8,6,8,0
8,6,9,0
8,6,10,0
8,6,11,0
8,6,12,0
8,6,13,0.000889966
8,6,14,0.000889966
8,6,15,0.378920068
8,6,16,0.378920068
8,6,17,0.731896259
8,6,18,0.731896259
8,6,19,0.742636054
8,6,20,0.742636054
8,6,21,0.736122449
8,6,22,0.736122449
8,6,23,0.730926871
8,6,24,0.730926871
8,6,25,0.724430272
8,6,26,0.724430272
8,6,27,0.731292517
8,6,28,0.731292517
8,6,29,0.737406463
8,6,30,0.737406463
8,6,31,0.736573129
8,6,32,0.736573129
8,6,33,0.60877551
8,6,34,0.60877551
8,6,35,0.077171769
8,6,36,0.077171769
8,6,37,0
8,6,38,0
8,6,39,0
8,6,40,0
8,6,41,0
8,6,42,0
8,6,43,0
8,6,44,0
8,6,45,0
8,6,46,0
8,6,47,0
8,6,48,0
8,7,1,0
8,7,2,0
8,7,3,0
8,7,4,0
8,7,5,0
8,7,6,0
8,7,7,0
8,7,8,0
8,7,9,0
8,7,10,0
8,7,11,0
8,7,12,0
8,7,13,0.000711803
8,7,14,0.000711803
8,7,15,0.379404762
8,7,16,0.379404762
8,7,17,0.722210884
8,7,18,0.722210884
8,7,19,0.732993197
8,7,20,0.732993197
8,7,21,0.725433673
8,7,22,0.725433673
8,7,23,0.720306122
8,7,24,0.720306122
8,7,25,0.714617347
8,7,26,0.714617347
8,7,27,0.721190476
8,7,28,0.721190476
8,7,29,0.728171769
8,7,30,0.728171769
8,7,31,0.725034014
8,7,32,0.725034014
8,7,33,0.602066327
8,7,34,0.602066327
8,7,35,0.079483844
8,7,36,0.079483844
8,7,37,0
8,7,38,0
8,7,39,0
8,7,40,0
8,7,41,0
8,7,42,0
8,7,43,0
8,7,44,0
8,7,45,0
8,7,46,0
8,7,47,0
8,7,48,0
8,8,1,0
8,8,2,0
8,8,3,0
8,8,4,0
8,8,5,0
8,8,6,0
8,8,7,0
8,8,8,0
8,8,9,0
8,8,10,0
8,8,11,0
8,8,12,0
8,8,13,0.00078381
8,8,14,0.00078381
8,8,15,0.36167517
8,8,16,0.36167517
8,8,17,0.689829932
8,8,18,0.689829932
8,8,19,0.702993197
8,8,20,0.702993197
8,8,21,0.69835034
8,8,22,0.69835034
8,8,23,0.697916667
8,8,24,0.697916667
8,8,25,0.695561224
8,8,26,0.695561224
8,8,27,0.705034014
8,8,28,0.705034014
8,8,29,0.710178571
8,8,30,0.710178571
8,8,31,0.701318027
8,8,32,0.701318027
8,8,33,0.582321429
8,8,34,0.582321429
8,8,35,0.074621599
8,8,36,0.074621599
8,8,37,0
8,8,38,0
8,8,39,0
8,8,40,0
8,8,41,0
8,8,42,0
8,8,43,0
8,8,44,0
8,8,45,0
8,8,46,0
8,8,47,0
8,8,48,0
8,9,1,0
8,9,2,0
8,9,3,0
8,9,4,0
8,9,5,0
8,9,6,0
8,9,7,0
8,9,8,0
8,9,9,0
8,9,10,0
8,9,11,0
8,9,12,0
8,9,13,0.001223554
8,9,14,0.001223554
8,9,15,0.359940476
8,9,16,0.359940476
8,9,17,0.693418367
8,9,18,0.693418367
8,9,19,0.722712585
8,9,20,0.722712585
8,9,21,0.719812925
8,9,22,0.719812925
8,9,23,0.71672619
8,9,24,0.71672619
8,9,25,0.702278912
8,9,26,0.702278912
8,9,27,0.626794218
8,9,28,0.626794218
8,9,29,0.623945578
8,9,30,0.623945578
8,9,31,0.679455782
8,9,32,0.679455782
8,9,33,0.484744898
8,9,34,0.484744898
8,9,35,0.071702381
8,9,36,0.071702381
8,9,37,0
8,9,38,0
8,9,39,0
8,9,40,0
8,9,41,0
8,9,42,0
8,9,43,0
8,9,44,0
8,9,45,0
8,9,46,0
8,9,47,0
8,9,48,0
8,10,1,0
8,10,2,0
8,10,3,0
8,10,4,0
8,10,5,0
8,10,6,0
8,10,7,0
8,10,8,0
8,10,9,0
8,10,10,0
8,10,11,0
8,10,12,0
8,10,13,0.002217177
8,10,14,0.002217177
8,10,15,0.390629252
8,10,16,0.390629252
8,10,17,0.724234694
8,10,18,0.724234694
8,10,19,0.744294218
8,10,20,0.744294218
8,10,21,0.740841837
8,10,22,0.740841837
8,10,23,0.73417517
8,10,24,0.73417517
8,10,25,0.726343537
8,10,26,0.726343537
8,10,27,0.728945578
8,10,28,0.728945578
8,10,29,0.731870748
8,10,30,0.731870748
8,10,31,0.723112245
8,10,32,0.723112245
8,10,33,0.605501701
8,10,34,0.605501701
8,10,35,0.082315476
8,10,36,0.082315476
8,10,37,0
8,10,38,0
8,10,39,0
8,10,40,0
8,10,41,0
8,10,42,0
8,10,43,0
8,10,44,0
8,10,45,0
8,10,46,0
8,10,47,0
8,10,48,0
8,11,1,0
8,11,2,0
8,11,3,0
8,11,4,0
8,11,5,0
8,11,6,0
8,11,7,0
8,11,8,0
8,11,9,0
8,11,10,0
8,11,11,0
8,11,12,0
8,11,13,0.003364456
8,11,14,0.003364456
8,11,15,0.398120748
8,11,16,0.398120748
8,11,17,0.721904762
8,11,18,0.721904762
8,11,19,0.740017007
8,11,20,0.740017007
8,11,21,0.735331633
8,11,22,0.735331633
8,11,23,0.730552721
8,11,24,0.730552721
8,11,25,0.723554422
8,11,26,0.723554422
8,11,27,0.728095238
8,11,28,0.728095238
8,11,29,0.732806122
8,11,30,0.732806122
8,11,31,0.722670068
8,11,32,0.722670068
8,11,33,0.607091837
8,11,34,0.607091837
8,11,35,0.08300085
8,11,36,0.08300085
8,11,37,0
8,11,38,0
8,11,39,0
8,11,40,0
8,11,41,0
8,11,42,0
8,11,43,0
8,11,44,0
8,11,45,0
8,11,46,0
8,11,47,0
8,11,48,0
8,12,1,0
8,12,2,0
8,12,3,0
8,12,4,0
8,12,5,0
8,12,6,0
8,12,7,0
8,12,8,0
8,12,9,0
8,12,10,0
8,12,11,0
8,12,12,0
8,12,13,0.003958503
8,12,14,0.003958503
8,12,15,0.401386054
8,12,16,0.401386054
8,12,17,0.714132653
8,12,18,0.714132653
8,12,19,0.72795068
8,12,20,0.72795068
8,12,21,0.72335034
8,12,22,0.72335034
8,12,23,0.72087585
8,12,24,0.72087585
8,12,25,0.716853741
8,12,26,0.716853741
8,12,27,0.726853741
8,12,28,0.726853741
8,12,29,0.732678571
8,12,30,0.732678571
8,12,31,0.723937075
8,12,32,0.723937075
8,12,33,0.609889456
8,12,34,0.609889456
8,12,35,0.085204082
8,12,36,0.085204082
8,12,37,0
8,12,38,0
8,12,39,0
8,12,40,0
8,12,41,0
8,12,42,0
8,12,43,0
8,12,44,0
8,12,45,0
8,12,46,0
8,12,47,0
8,12,48,0
8,13,1,0
8,13,2,0
8,13,3,0
8,13,4,0
8,13,5,0
8,13,6,0
8,13,7,0
8,13,8,0
8,13,9,0
8,13,10,0
8,13,11,0
8,13,12,0
8,13,13,0.005752381
8,13,14,0.005752381
8,13,15,0.412789116
8,13,16,0.412789116
8,13,17,0.721896259
8,13,18,0.721896259
8,13,19,0.736887755
8,13,20,0.736887755
8,13,21,0.732423469
8,13,22,0.732423469
8,13,23,0.728052721
8,13,24,0.728052721
8,13,25,0.720816327
8,13,26,0.720816327
8,13,27,0.728937075
8,13,28,0.728937075
8,13,29,0.733818027
8,13,30,0.733818027
8,13,31,0.724039116
8,13,32,0.724039116
8,13,33,0.614234694
8,13,34,0.614234694
8,13,35,0.089243197
8,13,36,0.089243197
8,13,37,0
8,13,38,0
8,13,39,0
8,13,40,0
8,13,41,0
8,13,42,0
8,13,43,0
8,13,44,0
8,13,45,0
8,13,46,0
8,13,47,0
8,13,48,0
8,14,1,0
8,14,2,0
8,14,3,0
8,14,4,0
8,14,5,0
8,14,6,0
8,14,7,0
8,14,8,0
8,14,9,0
8,14,10,0
8,14,11,0
8,14,12,0
8,14,13,0.006664201
8,14,14,0.006664201
8,14,15,0.416011905
8,14,16,0.416011905
8,14,17,0.723503401
8,14,18,0.723503401
8,14,19,0.731403061
8,14,20,0.731403061
8,14,21,0.730170068
8,14,22,0.730170068
8,14,23,0.727083333
8,14,24,0.727083333
8,14,25,0.719719388
8,14,26,0.719719388
8,14,27,0.726488095
8,14,28,0.726488095
8,14,29,0.732440476
8,14,30,0.732440476
8,14,31,0.723690476
8,14,32,0.723690476
8,14,33,0.617406463
8,14,34,0.617406463
8,14,35,0.087865646
8,14,36,0.087865646
8,14,37,0
8,14,38,0
8,14,39,0
8,14,40,0
8,14,41,0
8,14,42,0
8,14,43,0
8,14,44,0
8,14,45,0
8,14,46,0
8,14,47,0
8,14,48,0
8,15,1,0
8,15,2,0
8,15,3,0
8,15,4,0
8,15,5,0
8,15,6,0
8,15,7,0
8,15,8,0
8,15,9,0
8,15,10,0
8,15,11,0
8,15,12,0
8,15,13,0.008522109
8,15,14,0.008522109
8,15,15,0.411020408
8,15,16,0.411020408
8,15,17,0.711011905
8,15,18,0.711011905
8,15,19,0.723001701
8,15,20,0.723001701
8,15,21,0.721862245
8,15,22,0.721862245
8,15,23,0.719039116
8,15,24,0.719039116
8,15,25,0.713197279
8,15,26,0.713197279
8,15,27,0.720263605
8,15,28,0.720263605
8,15,29,0.722678571
8,15,30,0.722678571
8,15,31,0.710493197
8,15,32,0.710493197
8,15,33,0.60625
8,15,34,0.60625
8,15,35,0.088664966
8,15,36,0.088664966
8,15,37,0
8,15,38,0
8,15,39,0
8,15,40,0
8,15,41,0
8,15,42,0
8,15,43,0
8,15,44,0
8,15,45,0
8,15,46,0
8,15,47,0
8,15,48,0
8,16,1,0
8,16,2,0
8,16,3,0
8,16,4,0
8,16,5,0
8,16,6,0
8,16,7,0
8,16,8,0
8,16,9,0
8,16,10,0
8,16,11,0
8,16,12,0
8,16,13,0.008814626
8,16,14,0.008814626
8,16,15,0.411011905
8,16,16,0.411011905
8,16,17,0.722108844
8,16,18,0.722108844
8,16,19,0.73372449
8,16,20,0.73372449
8,16,21,0.734634354
8,16,22,0.734634354
8,16,23,0.730042517
8,16,24,0.730042517
8,16,25,0.719676871
8,16,26,0.719676871
8,16,27,0.722780612
8,16,28,0.722780612
8,16,29,0.721241497
8,16,30,0.721241497
8,16,31,0.705969388
8,16,32,0.705969388
8,16,33,0.607312925
8,16,34,0.607312925
8,16,35,0.08787415
8,16,36,0.08787415
8,16,37,0
8,16,38,0
8,16,39,0
8,16,40,0
8,16,41,0
8,16,42,0
8,16,43,0
8,16,44,0
8,16,45,0
8,16,46,0
8,16,47,0
8,16,48,0
8,17,1,0
8,17,2,0
8,17,3,0
8,17,4,0
8,17,5,0
8,17,6,0
8,17,7,0
8,17,8,0
8,17,9,0
8,17,10,0
8,17,11,0
8,17,12,0
8,17,13,0.010129252
8,17,14,0.010129252
8,17,15,0.430646259
8,17,16,0.430646259
8,17,17,0.731020408
8,17,18,0.731020408
8,17,19,0.745705782
8,17,20,0.745705782
8,17,21,0.746785714
8,17,22,0.746785714
8,17,23,0.742848639
8,17,24,0.742848639
8,17,25,0.734421769
8,17,26,0.734421769
8,17,27,0.738962585
8,17,28,0.738962585
8,17,29,0.739464286
8,17,30,0.739464286
8,17,31,0.725731293
8,17,32,0.725731293
8,17,33,0.621947279
8,17,34,0.621947279
8,17,35,0.094506803
8,17,36,0.094506803
8,17,37,0
8,17,38,0
8,17,39,0
8,17,40,0
8,17,41,0
8,17,42,0
8,17,43,0
8,17,44,0
8,17,45,0
8,17,46,0
8,17,47,0
8,17,48,0
8,18,1,0
8,18,2,0
8,18,3,0
8,18,4,0
8,18,5,0
8,18,6,0
8,18,7,0
8,18,8,0
8,18,9,0
8,18,10,0
8,18,11,0
8,18,12,0
8,18,13,0.012738095
8,18,14,0.012738095
8,18,15,0.433767007
8,18,16,0.433767007
8,18,17,0.718996599
8,18,18,0.718996599
8,18,19,0.733528912
8,18,20,0.733528912
8,18,21,0.735017007
8,18,22,0.735017007
8,18,23,0.732712585
8,18,24,0.732712585
8,18,25,0.725884354
8,18,26,0.725884354
8,18,27,0.733690476
8,18,28,0.733690476
8,18,29,0.734710884
8,18,30,0.734710884
8,18,31,0.720518707
8,18,32,0.720518707
8,18,33,0.628010204
8,18,34,0.628010204
8,18,35,0.094583333
8,18,36,0.094583333
8,18,37,0
8,18,38,0
8,18,39,0
8,18,40,0
8,18,41,0
8,18,42,0
8,18,43,0
8,18,44,0
8,18,45,0
8,18,46,0
8,18,47,0
8,18,48,0
8,19,1,0
8,19,2,0
8,19,3,0
8,19,4,0
8,19,5,0
8,19,6,0
8,19,7,0
8,19,8,0
8,19,9,0
8,19,10,0
8,19,11,0
8,19,12,0
8,19,13,0.01369898
8,19,14,0.01369898
8,19,15,0.429183673
8,19,16,0.429183673
8,19,17,0.71369898
8,19,18,0.71369898
8,19,19,0.721709184
8,19,20,0.721709184
8,19,21,0.726547619
8,19,22,0.726547619
8,19,23,0.725246599
8,19,24,0.725246599
8,19,25,0.722559524
8,19,26,0.722559524
8,19,27,0.729744898
8,19,28,0.729744898
8,19,29,0.728681973
8,19,30,0.728681973
8,19,31,0.719693878
8,19,32,0.719693878
8,19,33,0.616292517
8,19,34,0.616292517
8,19,35,0.09622449
8,19,36,0.09622449
8,19,37,0
8,19,38,0
8,19,39,0
8,19,40,0
8,19,41,0
8,19,42,0
8,19,43,0
8,19,44,0
8,19,45,0
8,19,46,0
8,19,47,0
8,19,48,0
8,20,1,0
8,20,2,0
8,20,3,0
8,20,4,0
8,20,5,0
8,20,6,0
8,20,7,0
8,20,8,0
8,20,9,0
8,20,10,0
8,20,11,0
8,20,12,0
8,20,13,0.015459184
8,20,14,0.015459184
8,20,15,0.440637755
8,20,16,0.440637755
8,20,17,0.729532313
8,20,18,0.729532313
8,20,19,0.741547619
8,20,20,0.741547619
8,20,21,0.748486395
8,20,22,0.748486395
8,20,23,0.742984694
8,20,24,0.742984694
8,20,25,0.735561224
8,20,26,0.735561224
8,20,27,0.737542517
8,20,28,0.737542517
8,20,29,0.727916667
8,20,30,0.727916667
8,20,31,0.696284014
8,20,32,0.696284014
8,20,33,0.607687075
8,20,34,0.607687075
8,20,35,0.096479592
8,20,36,0.096479592
8,20,37,0
8,20,38,0
8,20,39,0
8,20,40,0
8,20,41,0
8,20,42,0
8,20,43,0
8,20,44,0
8,20,45,0
8,20,46,0
8,20,47,0
8,20,48,0
8,21,1,0
8,21,2,0
8,21,3,0
8,21,4,0
8,21,5,0
8,21,6,0
8,21,7,0
8,21,8,0
8,21,9,0
8,21,10,0
8,21,11,0
8,21,12,0
8,21,13,0.018125
8,21,14,0.018125
8,21,15,0.4475
8,21,16,0.4475
8,21,17,0.728214286
8,21,18,0.728214286
8,21,19,0.738503401
8,21,20,0.738503401
8,21,21,0.742746599
8,21,22,0.742746599
8,21,23,0.73787415
8,21,24,0.73787415
8,21,25,0.729277211
8,21,26,0.729277211
8,21,27,0.730017007
8,21,28,0.730017007
8,21,29,0.725646259
8,21,30,0.725646259
8,21,31,0.713044218
8,21,32,0.713044218
8,21,33,0.614642857
8,21,34,0.614642857
8,21,35,0.097568027
8,21,36,0.097568027
8,21,37,0
8,21,38,0
8,21,39,0
8,21,40,0
8,21,41,0
8,21,42,0
8,21,43,0
8,21,44,0
8,21,45,0
8,21,46,0
8,21,47,0
8,21,48,0
8,22,1,0
8,22,2,0
8,22,3,0
8,22,4,0
8,22,5,0
8,22,6,0
8,22,7,0
8,22,8,0
8,22,9,0
8,22,10,0
8,22,11,0
8,22,12,0
8,22,13,0.019343537
8,22,14,0.019343537
8,22,15,0.463265306
8,22,16,0.463265306
8,22,17,0.725144558
8,22,18,0.725144558
8,22,19,0.737559524
8,22,20,0.737559524
8,22,21,0.737142857
8,22,22,0.737142857
8,22,23,0.732568027
8,22,24,0.732568027
8,22,25,0.727619048
8,22,26,0.727619048
8,22,27,0.733826531
8,22,28,0.733826531
8,22,29,0.73457483
8,22,30,0.73457483
8,22,31,0.720620748
8,22,32,0.720620748
8,22,33,0.637942177
8,22,34,0.637942177
8,22,35,0.104319728
8,22,36,0.104319728
8,22,37,0
8,22,38,0
8,22,39,0
8,22,40,0
8,22,41,0
8,22,42,0
8,22,43,0
8,22,44,0
8,22,45,0
8,22,46,0
8,22,47,0
8,22,48,0
8,23,1,0
8,23,2,0
8,23,3,0
8,23,4,0
8,23,5,0
8,23,6,0
8,23,7,0
8,23,8,0
8,23,9,0
8,23,10,0
8,23,11,0
8,23,12,0
8,23,13,0.02504932
8,23,14,0.02504932
8,23,15,0.481292517
8,23,16,0.481292517
8,23,17,0.735705782
8,23,18,0.735705782
8,23,19,0.743256803
8,23,20,0.743256803
8,23,21,0.74327381
8,23,22,0.74327381
8,23,23,0.738214286
8,23,24,0.738214286
8,23,25,0.732091837
8,23,26,0.732091837
8,23,27,0.735977891
8,23,28,0.735977891
8,23,29,0.735357143
8,23,30,0.735357143
8,23,31,0.722772109
8,23,32,0.722772109
8,23,33,0.636947279
8,23,34,0.636947279
8,23,35,0.108265306
8,23,36,0.108265306
8,23,37,0
8,23,38,0
8,23,39,0
8,23,40,0
8,23,41,0
8,23,42,0
8,23,43,0
8,23,44,0
8,23,45,0
8,23,46,0
8,23,47,0
8,23,48,0
8,24,1,0
8,24,2,0
8,24,3,0
8,24,4,0
8,24,5,0
8,24,6,0
8,24,7,0
8,24,8,0
8,24,9,0
8,24,10,0
8,24,11,0
8,24,12,0
8,24,13,0.026780612
8,24,14,0.026780612
8,24,15,0.484217687
8,24,16,0.484217687
8,24,17,0.734770408
8,24,18,0.734770408
8,24,19,0.748129252
8,24,20,0.748129252
8,24,21,0.749702381
8,24,22,0.749702381
8,24,23,0.743937075
8,24,24,0.743937075
8,24,25,0.7375
8,24,26,0.7375
8,24,27,0.741632653
8,24,28,0.741632653
8,24,29,0.738937075
8,24,30,0.738937075
8,24,31,0.724668367
8,24,32,0.724668367
8,24,33,0.646079932
8,24,34,0.646079932
8,24,35,0.109370748
8,24,36,0.109370748
8,24,37,0
8,24,38,0
8,24,39,0
8,24,40,0
8,24,41,0
8,24,42,0
8,24,43,0
8,24,44,0
8,24,45,0
8,24,46,0
8,24,47,0
8,24,48,0
8,25,1,0
8,25,2,0
8,25,3,0
8,25,4,0
8,25,5,0
8,25,6,0
8,25,7,0
8,25,8,0
8,25,9,0
8,25,10,0
8,25,11,0
8,25,12,0
8,25,13,0.027971088
8,25,14,0.027971088
8,25,15,0.480722789
8,25,16,0.480722789
8,25,17,0.731318027
8,25,18,0.731318027
8,25,19,0.738656463
8,25,20,0.738656463
8,25,21,0.743001701
8,25,22,0.743001701
8,25,23,0.736462585
8,25,24,0.736462585
8,25,25,0.73002551
8,25,26,0.73002551
8,25,27,0.733426871
8,25,28,0.733426871
8,25,29,0.730238095
8,25,30,0.730238095
8,25,31,0.720552721
8,25,32,0.720552721
8,25,33,0.629719388
8,25,34,0.629719388
8,25,35,0.106607143
8,25,36,0.106607143
8,25,37,0
8,25,38,0
8,25,39,0
8,25,40,0
8,25,41,0
8,25,42,0
8,25,43,0
8,25,44,0
8,25,45,0
8,25,46,0
8,25,47,0
8,25,48,0
8,26,1,0
8,26,2,0
8,26,3,0
8,26,4,0
8,26,5,0
8,26,6,0
8,26,7,0
8,26,8,0
8,26,9,0
8,26,10,0
8,26,11,0
8,26,12,0
8,26,13,0.029990646
8,26,14,0.029990646
8,26,15,0.488052721
8,26,16,0.488052721
8,26,17,0.739073129
8,26,18,0.739073129
8,26,19,0.749608844
8,26,20,0.749608844
8,26,21,0.75460034
8,26,22,0.75460034
8,26,23,0.748154762
8,26,24,0.748154762
8,26,25,0.739294218
8,26,26,0.739294218
8,26,27,0.741028912
8,26,28,0.741028912
8,26,29,0.733367347
8,26,30,0.733367347
8,26,31,0.719472789
8,26,32,0.719472789
8,26,33,0.632134354
8,26,34,0.632134354
8,26,35,0.108180272
8,26,36,0.108180272
8,26,37,0
8,26,38,0
8,26,39,0
8,26,40,0
8,26,41,0
8,26,42,0
8,26,43,0
8,26,44,0
8,26,45,0
8,26,46,0
8,26,47,0
8,26,48,0
8,27,1,0
8,27,2,0
8,27,3,0
8,27,4,0
8,27,5,0
8,27,6,0
8,27,7,0
8,27,8,0
8,27,9,0
8,27,10,0
8,27,11,0
8,27,12,0
8,27,13,0.031672619
8,27,14,0.031672619
8,27,15,0.491147959
8,27,16,0.491147959
8,27,17,0.728673469
8,27,18,0.728673469
8,27,19,0.746947279
8,27,20,0.746947279
8,27,21,0.748784014
8,27,22,0.748784014
8,27,23,0.747993197
8,27,24,0.747993197
8,27,25,0.744617347
8,27,26,0.744617347
8,27,27,0.748630952
8,27,28,0.748630952
8,27,29,0.743426871
8,27,30,0.743426871
8,27,31,0.730833333
8,27,32,0.730833333
8,27,33,0.635671769
8,27,34,0.635671769
8,27,35,0.109710884
8,27,36,0.109710884
8,27,37,0
8,27,38,0
8,27,39,0
8,27,40,0
8,27,41,0
8,27,42,0
8,27,43,0
8,27,44,0
8,27,45,0
8,27,46,0
8,27,47,0
8,27,48,0
8,28,1,0
8,28,2,0
8,28,3,0
8,28,4,0
8,28,5,0
8,28,6,0
8,28,7,0
8,28,8,0
8,28,9,0
8,28,10,0
8,28,11,0
8,28,12,0
8,28,13,0.031743197
8,28,14,0.031743197
8,28,15,0.481794218
8,28,16,0.481794218
8,28,17,0.727840136
8,28,18,0.727840136
8,28,19,0.74797619
8,28,20,0.74797619
8,28,21,0.752585034
8,28,22,0.752585034
8,28,23,0.753120748
8,28,24,0.753120748
8,28,25,0.751054422
8,28,26,0.751054422
8,28,27,0.754880952
8,28,28,0.754880952
8,28,29,0.753188776
8,28,30,0.753188776
8,28,31,0.725603741
8,28,32,0.725603741
8,28,33,0.630238095
8,28,34,0.630238095
8,28,35,0.107295918
8,28,36,0.107295918
8,28,37,0
8,28,38,0
8,28,39,0
8,28,40,0
8,28,41,0
8,28,42,0
8,28,43,0
8,28,44,0
8,28,45,0
8,28,46,0
8,28,47,0
8,28,48,0
8,29,1,0
8,29,2,0
8,29,3,0
8,29,4,0
8,29,5,0
8,29,6,0
8,29,7,0
8,29,8,0
8,29,9,0
8,29,10,0
8,29,11,0
8,29,12,0
8,29,13,0.039557823
8,29,14,0.039557823
8,29,15,0.517729592
8,29,16,0.517729592
8,29,17,0.742032313
8,29,18,0.742032313
8,29,19,0.747278912
8,29,20,0.747278912
8,29,21,0.753732993
8,29,22,0.753732993
8,29,23,0.753971088
8,29,24,0.753971088
8,29,25,0.752585034
8,29,26,0.752585034
8,29,27,0.723197279
8,29,28,0.723197279
8,29,29,0.744064626
8,29,30,0.744064626
8,29,31,0.659413265
8,29,32,0.659413265
8,29,33,0.556879252
8,29,34,0.556879252
8,29,35,0.113707483
8,29,36,0.113707483
8,29,37,0
8,29,38,0
8,29,39,0
8,29,40,0
8,29,41,0
8,29,42,0
8,29,43,0
8,29,44,0
8,29,45,0
8,29,46,0
8,29,47,0
8,29,48,0
8,30,1,0
8,30,2,0
8,30,3,0
8,30,4,0
8,30,5,0
8,30,6,0
8,30,7,0
8,30,8,0
8,30,9,0
8,30,10,0
8,30,11,0
8,30,12,0
8,30,13,0.044031463
8,30,14,0.044031463
8,30,15,0.53417517
8,30,16,0.53417517
8,30,17,0.753860544
8,30,18,0.753860544
8,30,19,0.755816327
8,30,20,0.755816327
8,30,21,0.758120748
8,30,22,0.758120748
8,30,23,0.755731293
8,30,24,0.755731293
8,30,25,0.757661565
8,30,26,0.757661565
8,30,27,0.762108844
8,30,28,0.762108844
8,30,29,0.757823129
8,30,30,0.757823129
8,30,31,0.747219388
8,30,32,0.747219388
8,30,33,0.663809524
8,30,34,0.663809524
8,30,35,0.119744898
8,30,36,0.119744898
8,30,37,0
8,30,38,0
8,30,39,0
8,30,40,0
8,30,41,0
8,30,42,0
8,30,43,0
8,30,44,0
8,30,45,0
8,30,46,0
8,30,47,0
8,30,48,0
8,31,1,0
8,31,2,0
8,31,3,0
8,31,4,0
8,31,5,0
8,31,6,0
8,31,7,0
8,31,8,0
8,31,9,0
8,31,10,0
8,31,11,0
8,31,12,0
8,31,13,0.050776361
8,31,14,0.050776361
8,31,15,0.550671769
8,31,16,0.550671769
8,31,17,0.761054422
8,31,18,0.761054422
8,31,19,0.761513605
8,31,20,0.761513605
8,31,21,0.765119048
8,31,22,0.765119048
8,31,23,0.766590136
8,31,24,0.766590136
8,31,25,0.770119048
8,31,26,0.770119048
8,31,27,0.775986395
8,31,28,0.775986395
8,31,29,0.771564626
8,31,30,0.771564626
8,31,31,0.752712585
8,31,32,0.752712585
8,31,33,0.680535714
8,31,34,0.680535714
8,31,35,0.123852041
8,31,36,0.123852041
8,31,37,0
8,31,38,0
8,31,39,0
8,31,40,0
8,31,41,0
8,31,42,0
8,31,43,0
8,31,44,0
8,31,45,0
8,31,46,0
8,31,47,0
8,31,48,0
9,1,1,0
9,1,2,0
9,1,3,0
9,1,4,0
9,1,5,0
9,1,6,0
9,1,7,0
9,1,8,0
9,1,9,0
9,1,10,0
9,1,11,0
9,1,12,0
9,1,13,0.054467687
9,1,14,0.054467687
9,1,15,0.56292517
9,1,16,0.56292517
9,1,17,0.77047619
9,1,18,0.77047619
9,1,19,0.778664966
9,1,20,0.778664966
9,1,21,0.783681973
9,1,22,0.783681973
9,1,23,0.783528912
9,1,24,0.783528912
9,1,25,0.784217687
9,1,26,0.784217687
9,1,27,0.787967687
9,1,28,0.787967687
9,1,29,0.784438776
9,1,30,0.784438776
9,1,31,0.765221088
9,1,32,0.765221088
9,1,33,0.698988095
9,1,34,0.698988095
9,1,35,0.127933673
9,1,36,0.127933673
9,1,37,0
9,1,38,0
9,1,39,0
9,1,40,0
9,1,41,0
9,1,42,0
9,1,43,0
9,1,44,0
9,1,45,0
9,1,46,0
9,1,47,0
9,1,48,0
9,2,1,0
9,2,2,0
9,2,3,0
9,2,4,0
9,2,5,0
9,2,6,0
9,2,7,0
9,2,8,0
9,2,9,0
9,2,10,0
9,2,11,0
9,2,12,0
9,2,13,0.058007653
9,2,14,0.058007653
9,2,15,0.567295918
9,2,16,0.567295918
9,2,17,0.775314626
9,2,18,0.775314626
9,2,19,0.78630102
9,2,20,0.78630102
9,2,21,0.79252551
9,2,22,0.79252551
9,2,23,0.788163265
9,2,24,0.788163265
9,2,25,0.782585034
9,2,26,0.782585034
9,2,27,0.780833333
9,2,28,0.780833333
9,2,29,0.773129252
9,2,30,0.773129252
9,2,31,0.75710034
9,2,32,0.75710034
9,2,33,0.68077381
9,2,34,0.68077381
9,2,35,0.126139456
9,2,36,0.126139456
9,2,37,0
9,2,38,0
9,2,39,0
9,2,40,0
9,2,41,0
9,2,42,0
9,2,43,0
9,2,44,0
9,2,45,0
9,2,46,0
9,2,47,0
9,2,48,0
9,3,1,0
9,3,2,0
9,3,3,0
9,3,4,0
9,3,5,0
9,3,6,0
9,3,7,0
9,3,8,0
9,3,9,0
9,3,10,0
9,3,11,0
9,3,12,0
9,3,13,0.060836735
9,3,14,0.060836735
9,3,15,0.582491497
9,3,16,0.582491497
9,3,17,0.786096939
9,3,18,0.786096939
9,3,19,0.800578231
9,3,20,0.800578231
9,3,21,0.807414966
9,3,22,0.807414966
9,3,23,0.803971088
9,3,24,0.803971088
9,3,25,0.798605442
9,3,26,0.798605442
9,3,27,0.795348639
9,3,28,0.795348639
9,3,29,0.785493197
9,3,30,0.785493197
9,3,31,0.768809524
9,3,32,0.768809524
9,3,33,0.687712585
9,3,34,0.687712585
9,3,35,0.128426871
9,3,36,0.128426871
9,3,37,0
9,3,38,0
9,3,39,0
9,3,40,0
9,3,41,0
9,3,42,0
9,3,43,0
9,3,44,0
9,3,45,0
9,3,46,0
9,3,47,0
9,3,48,0
9,4,1,0
9,4,2,0
9,4,3,0
9,4,4,0
9,4,5,0
9,4,6,0
9,4,7,0
9,4,8,0
9,4,9,0
9,4,10,0
9,4,11,0
9,4,12,0
9,4,13,0.068383503
9,4,14,0.068383503
9,4,15,0.595255102
9,4,16,0.595255102
9,4,17,0.791522109
9,4,18,0.791522109
9,4,19,0.801147959
9,4,20,0.801147959
9,4,21,0.807176871
9,4,22,0.807176871
9,4,23,0.804498299
9,4,24,0.804498299
9,4,25,0.797797619
9,4,26,0.797797619
9,4,27,0.794821429
9,4,28,0.794821429
9,4,29,0.786054422
9,4,30,0.786054422
9,4,31,0.77082483
9,4,32,0.77082483
9,4,33,0.696632653
9,4,34,0.696632653
9,4,35,0.130467687
9,4,36,0.130467687
9,4,37,0
9,4,38,0
9,4,39,0
9,4,40,0
9,4,41,0
9,4,42,0
9,4,43,0
9,4,44,0
9,4,45,0
9,4,46,0
9,4,47,0
9,4,48,0
9,5,1,0
9,5,2,0
9,5,3,0
9,5,4,0
9,5,5,0
9,5,6,0
9,5,7,0
9,5,8,0
9,5,9,0
9,5,10,0
9,5,11,0
9,5,12,0
9,5,13,0.068343537
9,5,14,0.068343537
9,5,15,0.594991497
9,5,16,0.594991497
9,5,17,0.780527211
9,5,18,0.780527211
9,5,19,0.794234694
9,5,20,0.794234694
9,5,21,0.799285714
9,5,22,0.799285714
9,5,23,0.799736395
9,5,24,0.799736395
9,5,25,0.792423469
9,5,26,0.792423469
9,5,27,0.789268707
9,5,28,0.789268707
9,5,29,0.781139456
9,5,30,0.781139456
9,5,31,0.764277211
9,5,32,0.764277211
9,5,33,0.682891156
9,5,34,0.682891156
9,5,35,0.130297619
9,5,36,0.130297619
9,5,37,0
9,5,38,0
9,5,39,0
9,5,40,0
9,5,41,0
9,5,42,0
9,5,43,0
9,5,44,0
9,5,45,0
9,5,46,0
9,5,47,0
9,5,48,0
9,6,1,0
9,6,2,0
9,6,3,0
9,6,4,0
9,6,5,0
9,6,6,0
9,6,7,0
9,6,8,0
9,6,9,0
9,6,10,0
9,6,11,0
9,6,12,0
9,6,13,0.054233844
9,6,14,0.054233844
9,6,15,0.543061224
9,6,16,0.543061224
9,6,17,0.745263605
9,6,18,0.745263605
9,6,19,0.769515306
9,6,20,0.769515306
9,6,21,0.778409864
9,6,22,0.778409864
9,6,23,0.777882653
9,6,24,0.777882653
9,6,25,0.774991497
9,6,26,0.774991497
9,6,27,0.777346939
9,6,28,0.777346939
9,6,29,0.765816327
9,6,30,0.765816327
9,6,31,0.734158163
9,6,32,0.734158163
9,6,33,0.638835034
9,6,34,0.638835034
9,6,35,0.117585034
9,6,36,0.117585034
9,6,37,0
9,6,38,0
9,6,39,0
9,6,40,0
9,6,41,0
9,6,42,0
9,6,43,0
9,6,44,0
9,6,45,0
9,6,46,0
9,6,47,0
9,6,48,0
9,7,1,0
9,7,2,0
9,7,3,0
9,7,4,0
9,7,5,0
9,7,6,0
9,7,7,0
9,7,8,0
9,7,9,0
9,7,10,0
9,7,11,0
9,7,12,0
9,7,13,0.042512755
9,7,14,0.042512755
9,7,15,0.116241497
9,7,16,0.116241497
9,7,17,0.212355442
9,7,18,0.212355442
9,7,19,0.330459184
9,7,20,0.330459184
9,7,21,0.33667517
9,7,22,0.33667517
9,7,23,0.395102041
9,7,24,0.395102041
9,7,25,0.373562925
9,7,26,0.373562925
9,7,27,0.340127551
9,7,28,0.340127551
9,7,29,0.335195578
9,7,30,0.335195578
9,7,31,0.372602041
9,7,32,0.372602041
9,7,33,0.195833333
9,7,34,0.195833333
9,7,35,0.026986395
9,7,36,0.026986395
9,7,37,0
9,7,38,0
9,7,39,0
9,7,40,0
9,7,41,0
9,7,42,0
9,7,43,0
9,7,44,0
9,7,45,0
9,7,46,0
9,7,47,0
9,7,48,0
9,8,1,0
9,8,2,0
9,8,3,0
9,8,4,0
9,8,5,0
9,8,6,0
9,8,7,0
9,8,8,0
9,8,9,0
9,8,10,0
9,8,11,0
9,8,12,0
9,8,13,0.057306973
9,8,14,0.057306973
9,8,15,0.382389456
9,8,16,0.382389456
9,8,17,0.518341837
9,8,18,0.518341837
9,8,19,0.675195578
9,8,20,0.675195578
9,8,21,0.738605442
9,8,22,0.738605442
9,8,23,0.706284014
9,8,24,0.706284014
9,8,25,0.714073129
9,8,26,0.714073129
9,8,27,0.708146259
9,8,28,0.708146259
9,8,29,0.666998299
9,8,30,0.666998299
9,8,31,0.632772109
9,8,32,0.632772109
9,8,33,0.543120748
9,8,34,0.543120748
9,8,35,0.060723639
9,8,36,0.060723639
9,8,37,0
9,8,38,0
9,8,39,0
9,8,40,0
9,8,41,0
9,8,42,0
9,8,43,0
9,8,44,0
9,8,45,0
9,8,46,0
9,8,47,0
9,8,48,0
9,9,1,0
9,9,2,0
9,9,3,0
9,9,4,0
9,9,5,0
9,9,6,0
9,9,7,0
9,9,8,0
9,9,9,0
9,9,10,0
9,9,11,0
9,9,12,0
9,9,13,0.090017007
9,9,14,0.090017007
9,9,15,0.642602041
9,9,16,0.642602041
9,9,17,0.776768707
9,9,18,0.776768707
9,9,19,0.792763605
9,9,20,0.792763605
9,9,21,0.794294218
9,9,22,0.794294218
9,9,23,0.79460034
9,9,24,0.79460034
9,9,25,0.790671769
9,9,26,0.790671769
9,9,27,0.792015306
9,9,28,0.792015306
9,9,29,0.784098639
9,9,30,0.784098639
9,9,31,0.764064626
9,9,32,0.764064626
9,9,33,0.704982993
9,9,34,0.704982993
9,9,35,0.141743197
9,9,36,0.141743197
9,9,37,0
9,9,38,0
9,9,39,0
9,9,40,0
9,9,41,0
9,9,42,0
9,9,43,0
9,9,44,0
9,9,45,0
9,9,46,0
9,9,47,0
9,9,48,0
9,10,1,0
9,10,2,0
9,10,3,0
9,10,4,0
9,10,5,0
9,10,6,0
9,10,7,0
9,10,8,0
9,10,9,0
9,10,10,0
9,10,11,0
9,10,12,0
9,10,13,0.098426871
9,10,14,0.098426871
9,10,15,0.659676871
9,10,16,0.659676871
9,10,17,0.777176871
9,10,18,0.777176871
9,10,19,0.785765306
9,10,20,0.785765306
9,10,21,0.78412415
9,10,22,0.78412415
9,10,23,0.78829932
9,10,24,0.78829932
9,10,25,0.790204082
9,10,26,0.790204082
9,10,27,0.792942177
9,10,28,0.792942177
9,10,29,0.78917517
9,10,30,0.78917517
9,10,31,0.770127551
9,10,32,0.770127551
9,10,33,0.715459184
9,10,34,0.715459184
9,10,35,0.146879252
9,10,36,0.146879252
9,10,37,0
9,10,38,0
9,10,39,0
9,10,40,0
9,10,41,0
9,10,42,0
9,10,43,0
9,10,44,0
9,10,45,0
9,10,46,0
9,10,47,0
9,10,48,0
9,11,1,0
9,11,2,0
9,11,3,0
9,11,4,0
9,11,5,0
9,11,6,0
9,11,7,0
9,11,8,0
9,11,9,0
9,11,10,0
9,11,11,0
9,11,12,0
9,11,13,0.110501701
9,11,14,0.110501701
9,11,15,0.685901361
9,11,16,0.685901361
9,11,17,0.800841837
9,11,18,0.800841837
9,11,19,0.8075
9,11,20,0.8075
9,11,21,0.806045918
9,11,22,0.806045918
9,11,23,0.806955782
9,11,24,0.806955782
9,11,25,0.804285714
9,11,26,0.804285714
9,11,27,0.806828231
9,11,28,0.806828231
9,11,29,0.804540816
9,11,30,0.804540816
9,11,31,0.790102041
9,11,32,0.790102041
9,11,33,0.731641156
9,11,34,0.731641156
9,11,35,0.155357143
9,11,36,0.155357143
9,11,37,0
9,11,38,0
9,11,39,0
9,11,40,0
9,11,41,0
9,11,42,0
9,11,43,0
9,11,44,0
9,11,45,0
9,11,46,0
9,11,47,0
9,11,48,0
9,12,1,0
9,12,2,0
9,12,3,0
9,12,4,0
9,12,5,0
9,12,6,0
9,12,7,0
9,12,8,0
9,12,9,0
9,12,10,0
9,12,11,0
9,12,12,0
9,12,13,0.118511905
9,12,14,0.118511905
9,12,15,0.694931973
9,12,16,0.694931973
9,12,17,0.804387755
9,12,18,0.804387755
9,12,19,0.809362245
9,12,20,0.809362245
9,12,21,0.810280612
9,12,22,0.810280612
9,12,23,0.808290816
9,12,24,0.808290816
9,12,25,0.804812925
9,12,26,0.804812925
9,12,27,0.806377551
9,12,28,0.806377551
9,12,29,0.804328231
9,12,30,0.804328231
9,12,31,0.788886054
9,12,32,0.788886054
9,12,33,0.732355442
9,12,34,0.732355442
9,12,35,0.158732993
9,12,36,0.158732993
9,12,37,0
9,12,38,0
9,12,39,0
9,12,40,0
9,12,41,0
9,12,42,0
9,12,43,0
9,12,44,0
9,12,45,0
9,12,46,0
9,12,47,0
9,12,48,0
9,13,1,0
9,13,2,0
9,13,3,0
9,13,4,0
9,13,5,0
9,13,6,0
9,13,7,0
9,13,8,0
9,13,9,0
9,13,10,0
9,13,11,0
9,13,12,0
9,13,13,0.118988095
9,13,14,0.118988095
9,13,15,0.69582483
9,13,16,0.69582483
9,13,17,0.803477891
9,13,18,0.803477891
9,13,19,0.817389456
9,13,20,0.817389456
9,13,21,0.82204932
9,13,22,0.82204932
9,13,23,0.821232993
9,13,24,0.821232993
9,13,25,0.813163265
9,13,26,0.813163265
9,13,27,0.808605442
9,13,28,0.808605442
9,13,29,0.800918367
9,13,30,0.800918367
9,13,31,0.778758503
9,13,32,0.778758503
9,13,33,0.721930272
9,13,34,0.721930272
9,13,35,0.150952381
9,13,36,0.150952381
9,13,37,0
9,13,38,0
9,13,39,0
9,13,40,0
9,13,41,0
9,13,42,0
9,13,43,0
9,13,44,0
9,13,45,0
9,13,46,0
9,13,47,0
9,13,48,0
9,14,1,0
9,14,2,0
9,14,3,0
9,14,4,0
9,14,5,0
9,14,6,0
9,14,7,0
9,14,8,0
9,14,9,0
9,14,10,0
9,14,11,0
9,14,12,0
9,14,13,0.130263605
9,14,14,0.130263605
9,14,15,0.724838435
9,14,16,0.724838435
9,14,17,0.821113946
9,14,18,0.821113946
9,14,19,0.82829932
9,14,20,0.82829932
9,14,21,0.829821429
9,14,22,0.829821429
9,14,23,0.827431973
9,14,24,0.827431973
9,14,25,0.821488095
9,14,26,0.821488095
9,14,27,0.82
9,14,28,0.82
9,14,29,0.812585034
9,14,30,0.812585034
9,14,31,0.792610544
9,14,32,0.792610544
9,14,33,0.730255102
9,14,34,0.730255102
9,14,35,0.155952381
9,14,36,0.155952381
9,14,37,0
9,14,38,0
9,14,39,0
9,14,40,0
9,14,41,0
9,14,42,0
9,14,43,0
9,14,44,0
9,14,45,0
9,14,46,0
9,14,47,0
9,14,48,0
9,15,1,0
9,15,2,0
9,15,3,0
9,15,4,0
9,15,5,0
9,15,6,0
9,15,7,0
9,15,8,0
9,15,9,0
9,15,10,0
9,15,11,0
9,15,12,0
9,15,13,0.113086735
9,15,14,0.113086735
9,15,15,0.639217687
9,15,16,0.639217687
9,15,17,0.767057823
9,15,18,0.767057823
9,15,19,0.786845238
9,15,20,0.786845238
9,15,21,0.790569728
9,15,22,0.790569728
9,15,23,0.795722789
9,15,24,0.795722789
9,15,25,0.795068027
9,15,26,0.795068027
9,15,27,0.790918367
9,15,28,0.790918367
9,15,29,0.782865646
9,15,30,0.782865646
9,15,31,0.751113946
9,15,32,0.751113946
9,15,33,0.658418367
9,15,34,0.658418367
9,15,35,0.126964286
9,15,36,0.126964286
9,15,37,0
9,15,38,0
9,15,39,0
9,15,40,0
9,15,41,0
9,15,42,0
9,15,43,0
9,15,44,0
9,15,45,0
9,15,46,0
9,15,47,0
9,15,48,0
9,16,1,0
9,16,2,0
9,16,3,0
9,16,4,0
9,16,5,0
9,16,6,0
9,16,7,0
9,16,8,0
9,16,9,0
9,16,10,0
9,16,11,0
9,16,12,0
9,16,13,0.11704932
9,16,14,0.11704932
9,16,15,0.638418367
9,16,16,0.638418367
9,16,17,0.76207483
9,16,18,0.76207483
9,16,19,0.777168367
9,16,20,0.777168367
9,16,21,0.785926871
9,16,22,0.785926871
9,16,23,0.787244898
9,16,24,0.787244898
9,16,25,0.787517007
9,16,26,0.787517007
9,16,27,0.786870748
9,16,28,0.786870748
9,16,29,0.70922619
9,16,30,0.70922619
9,16,31,0.642865646
9,16,32,0.642865646
9,16,33,0.646904762
9,16,34,0.646904762
9,16,35,0.128180272
9,16,36,0.128180272
9,16,37,0
9,16,38,0
9,16,39,0
9,16,40,0
9,16,41,0
9,16,42,0
9,16,43,0
9,16,44,0
9,16,45,0
9,16,46,0
9,16,47,0
9,16,48,0
9,17,1,0
9,17,2,0
9,17,3,0
9,17,4,0
9,17,5,0
9,17,6,0
9,17,7,0
9,17,8,0
9,17,9,0
9,17,10,0
9,17,11,0
9,17,12,0
9,17,13,0.137704082
9,17,14,0.137704082
9,17,15,0.679931973
9,17,16,0.679931973
9,17,17,0.780017007
9,17,18,0.780017007
9,17,19,0.781454082
9,17,20,0.781454082
9,17,21,0.786258503
9,17,22,0.786258503
9,17,23,0.788622449
9,17,24,0.788622449
9,17,25,0.789047619
9,17,26,0.789047619
9,17,27,0.789906463
9,17,28,0.789906463
9,17,29,0.780484694
9,17,30,0.780484694
9,17,31,0.761403061
9,17,32,0.761403061
9,17,33,0.686709184
9,17,34,0.686709184
9,17,35,0.117610544
9,17,36,0.117610544
9,17,37,0
9,17,38,0
9,17,39,0
9,17,40,0
9,17,41,0
9,17,42,0
9,17,43,0
9,17,44,0
9,17,45,0
9,17,46,0
9,17,47,0
9,17,48,0
9,18,1,0
9,18,2,0
9,18,3,0
9,18,4,0
9,18,5,0
9,18,6,0
9,18,7,0
9,18,8,0
9,18,9,0
9,18,10,0
9,18,11,0
9,18,12,0
9,18,13,0.153188776
9,18,14,0.153188776
9,18,15,0.715127551
9,18,16,0.715127551
9,18,17,0.797006803
9,18,18,0.797006803
9,18,19,0.80457483
9,18,20,0.80457483
9,18,21,0.808418367
9,18,22,0.808418367
9,18,23,0.808307823
9,18,24,0.808307823
9,18,25,0.803741497
9,18,26,0.803741497
9,18,27,0.80122449
9,18,28,0.80122449
9,18,29,0.793520408
9,18,30,0.793520408
9,18,31,0.773528912
9,18,32,0.773528912
9,18,33,0.710008503
9,18,34,0.710008503
9,18,35,0.155960884
9,18,36,0.155960884
9,18,37,0
9,18,38,0
9,18,39,0
9,18,40,0
9,18,41,0
9,18,42,0
9,18,43,0
9,18,44,0
9,18,45,0
9,18,46,0
9,18,47,0
9,18,48,0
9,19,1,0
9,19,2,0
9,19,3,0
9,19,4,0
9,19,5,0
9,19,6,0
9,19,7,0
9,19,8,0
9,19,9,0
9,19,10,0
9,19,11,0
9,19,12,0
9,19,13,0.162585034
9,19,14,0.162585034
9,19,15,0.718511905
9,19,16,0.718511905
9,19,17,0.8025
9,19,18,0.8025
9,19,19,0.809583333
9,19,20,0.809583333
9,19,21,0.813018707
9,19,22,0.813018707
9,19,23,0.812746599
9,19,24,0.812746599
9,19,25,0.808843537
9,19,26,0.808843537
9,19,27,0.805765306
9,19,28,0.805765306
9,19,29,0.796717687
9,19,30,0.796717687
9,19,31,0.775688776
9,19,32,0.775688776
9,19,33,0.716020408
9,19,34,0.716020408
9,19,35,0.158486395
9,19,36,0.158486395
9,19,37,0
9,19,38,0
9,19,39,0
9,19,40,0
9,19,41,0
9,19,42,0
9,19,43,0
9,19,44,0
9,19,45,0
9,19,46,0
9,19,47,0
9,19,48,0
9,20,1,0
9,20,2,0
9,20,3,0
9,20,4,0
9,20,5,0
9,20,6,0
9,20,7,0
9,20,8,0
9,20,9,0
9,20,10,0
9,20,11,0
9,20,12,0
9,20,13,0.161232993
9,20,14,0.161232993
9,20,15,0.705705782
9,20,16,0.705705782
9,20,17,0.797372449
9,20,18,0.797372449
9,20,19,0.80582483
9,20,20,0.80582483
9,20,21,0.809158163
9,20,22,0.809158163
9,20,23,0.806471088
9,20,24,0.806471088
9,20,25,0.799642857
9,20,26,0.799642857
9,20,27,0.80207483
9,20,28,0.80207483
9,20,29,0.796318027
9,20,30,0.796318027
9,20,31,0.78087585
9,20,32,0.78087585
9,20,33,0.709668367
9,20,34,0.709668367
9,20,35,0.154073129
9,20,36,0.154073129
9,20,37,0
9,20,38,0
9,20,39,0
9,20,40,0
9,20,41,0
9,20,42,0
9,20,43,0
9,20,44,0
9,20,45,0
9,20,46,0
9,20,47,0
9,20,48,0
9,21,1,0
9,21,2,0
9,21,3,0
9,21,4,0
9,21,5,0
9,21,6,0
9,21,7,0
9,21,8,0
9,21,9,0
9,21,10,0
9,21,11,0
9,21,12,0
9,21,13,0.151777211
9,21,14,0.151777211
9,21,15,0.675136054
9,21,16,0.675136054
9,21,17,0.792585034
9,21,18,0.792585034
9,21,19,0.807534014
9,21,20,0.807534014
9,21,21,0.80869898
9,21,22,0.80869898
9,21,23,0.808894558
9,21,24,0.808894558
9,21,25,0.810272109
9,21,26,0.810272109
9,21,27,0.81122449
9,21,28,0.81122449
9,21,29,0.805646259
9,21,30,0.805646259
9,21,31,0.773715986
9,21,32,0.773715986
9,21,33,0.68085034
9,21,34,0.68085034
9,21,35,0.142959184
9,21,36,0.142959184
9,21,37,0
9,21,38,0
9,21,39,0
9,21,40,0
9,21,41,0
9,21,42,0
9,21,43,0
9,21,44,0
9,21,45,0
9,21,46,0
9,21,47,0
9,21,48,0
9,22,1,0
9,22,2,0
9,22,3,0
9,22,4,0
9,22,5,0
9,22,6,0
9,22,7,0
9,22,8,0
9,22,9,0
9,22,10,0
9,22,11,0
9,22,12,0
9,22,13,0.167670068
9,22,14,0.167670068
9,22,15,0.692789116
9,22,16,0.692789116
9,22,17,0.796403061
9,22,18,0.796403061
9,22,19,0.813341837
9,22,20,0.813341837
9,22,21,0.819311224
9,22,22,0.819311224
9,22,23,0.828945578
9,22,24,0.828945578
9,22,25,0.829217687
9,22,26,0.829217687
9,22,27,0.826547619
9,22,28,0.826547619
9,22,29,0.821522109
9,22,30,0.821522109
9,22,31,0.787372449
9,22,32,0.787372449
9,22,33,0.701045918
9,22,34,0.701045918
9,22,35,0.146386054
9,22,36,0.146386054
9,22,37,0
9,22,38,0
9,22,39,0
9,22,40,0
9,22,41,0
9,22,42,0
9,22,43,0
9,22,44,0
9,22,45,0
9,22,46,0
9,22,47,0
9,22,48,0
9,23,1,0
9,23,2,0
9,23,3,0
9,23,4,0
9,23,5,0
9,23,6,0
9,23,7,0
9,23,8,0
9,23,9,0
9,23,10,0
9,23,11,0
9,23,12,0
9,23,13,0.180620748
9,23,14,0.180620748
9,23,15,0.706292517
9,23,16,0.706292517
9,23,17,0.813120748
9,23,18,0.813120748
9,23,19,0.823784014
9,23,20,0.823784014
9,23,21,0.834778912
9,23,22,0.834778912
9,23,23,0.841479592
9,23,24,0.841479592
9,23,25,0.841130952
9,23,26,0.841130952
9,23,27,0.83872449
9,23,28,0.83872449
9,23,29,0.825977891
9,23,30,0.825977891
9,23,31,0.800782313
9,23,32,0.800782313
9,23,33,0.721147959
9,23,34,0.721147959
9,23,35,0.155416667
9,23,36,0.155416667
9,23,37,0
9,23,38,0
9,23,39,0
9,23,40,0
9,23,41,0
9,23,42,0
9,23,43,0
9,23,44,0
9,23,45,0
9,23,46,0
9,23,47,0
9,23,48,0
9,24,1,0
9,24,2,0
9,24,3,0
9,24,4,0
9,24,5,0
9,24,6,0
9,24,7,0
9,24,8,0
9,24,9,0
9,24,10,0
9,24,11,0
9,24,12,0
9,24,13,0.176207483
9,24,14,0.176207483
9,24,15,0.687219388
9,24,16,0.687219388
9,24,17,0.809906463
9,24,18,0.809906463
9,24,19,0.83329932
9,24,20,0.83329932
9,24,21,0.841751701
9,24,22,0.841751701
9,24,23,0.847644558
9,24,24,0.847644558
9,24,25,0.845960884
9,24,26,0.845960884
9,24,27,0.841377551
9,24,28,0.841377551
9,24,29,0.833214286
9,24,30,0.833214286
9,24,31,0.797831633
9,24,32,0.797831633
9,24,33,0.699413265
9,24,34,0.699413265
9,24,35,0.148613946
9,24,36,0.148613946
9,24,37,0
9,24,38,0
9,24,39,0
9,24,40,0
9,24,41,0
9,24,42,0
9,24,43,0
9,24,44,0
9,24,45,0
9,24,46,0
9,24,47,0
9,24,48,0
9,25,1,0
9,25,2,0
9,25,3,0
9,25,4,0
9,25,5,0
9,25,6,0
9,25,7,0
9,25,8,0
9,25,9,0
9,25,10,0
9,25,11,0
9,25,12,0
9,25,13,0.179812925
9,25,14,0.179812925
9,25,15,0.679217687
9,25,16,0.679217687
9,25,17,0.802695578
9,25,18,0.802695578
9,25,19,0.829931973
9,25,20,0.829931973
9,25,21,0.843197279
9,25,22,0.843197279
9,25,23,0.843971088
9,25,24,0.843971088
9,25,25,0.84204932
9,25,26,0.84204932
9,25,27,0.84204932
9,25,28,0.84204932
9,25,29,0.825467687
9,25,30,0.825467687
9,25,31,0.788256803
9,25,32,0.788256803
9,25,33,0.685782313
9,25,34,0.685782313
9,25,35,0.147670068
9,25,36,0.147670068
9,25,37,0
9,25,38,0
9,25,39,0
9,25,40,0
9,25,41,0
9,25,42,0
9,25,43,0
9,25,44,0
9,25,45,0
9,25,46,0
9,25,47,0
9,25,48,0
9,26,1,0
9,26,2,0
9,26,3,0
9,26,4,0
9,26,5,0
9,26,6,0
9,26,7,0
9,26,8,0
9,26,9,0
9,26,10,0
9,26,11,0
9,26,12,0
9,26,13,0.186003401
9,26,14,0.186003401
9,26,15,0.679294218
9,26,16,0.679294218
9,26,17,0.804812925
9,26,18,0.804812925
9,26,19,0.834183673
9,26,20,0.834183673
9,26,21,0.847423469
9,26,22,0.847423469
9,26,23,0.846292517
9,26,24,0.846292517
9,26,25,0.842848639
9,26,26,0.842848639
9,26,27,0.843452381
9,26,28,0.843452381
9,26,29,0.825178571
9,26,30,0.825178571
9,26,31,0.785620748
9,26,32,0.785620748
9,26,33,0.682517007
9,26,34,0.682517007
9,26,35,0.148860544
9,26,36,0.148860544
9,26,37,0
9,26,38,0
9,26,39,0
9,26,40,0
9,26,41,0
9,26,42,0
9,26,43,0
9,26,44,0
9,26,45,0
9,26,46,0
9,26,47,0
9,26,48,0
9,27,1,0
9,27,2,0
9,27,3,0
9,27,4,0
9,27,5,0
9,27,6,0
9,27,7,0
9,27,8,0
9,27,9,0
9,27,10,0
9,27,11,0
9,27,12,0
9,27,13,0.202610544
9,27,14,0.202610544
9,27,15,0.736964286
9,27,16,0.736964286
9,27,17,0.838903061
9,27,18,0.838903061
9,27,19,0.848767007
9,27,20,0.848767007
9,27,21,0.854319728
9,27,22,0.854319728
9,27,23,0.851130952
9,27,24,0.851130952
9,27,25,0.842755102
9,27,26,0.842755102
9,27,27,0.838579932
9,27,28,0.838579932
9,27,29,0.826887755
9,27,30,0.826887755
9,27,31,0.804098639
9,27,32,0.804098639
9,27,33,0.724914966
9,27,34,0.724914966
9,27,35,0.167295918
9,27,36,0.167295918
9,27,37,0
9,27,38,0
9,27,39,0
9,27,40,0
9,27,41,0
9,27,42,0
9,27,43,0
9,27,44,0
9,27,45,0
9,27,46,0
9,27,47,0
9,27,48,0
9,28,1,0
9,28,2,0
9,28,3,0
9,28,4,0
9,28,5,0
9,28,6,0
9,28,7,0
9,28,8,0
9,28,9,0
9,28,10,0
9,28,11,0
9,28,12,0
9,28,13,0.247908163
9,28,14,0.247908163
9,28,15,0.758971088
9,28,16,0.758971088
9,28,17,0.83585034
9,28,18,0.83585034
9,28,19,0.846505102
9,28,20,0.846505102
9,28,21,0.856326531
9,28,22,0.856326531
9,28,23,0.859251701
9,28,24,0.859251701
9,28,25,0.857678571
9,28,26,0.857678571
9,28,27,0.857729592
9,28,28,0.857729592
9,28,29,0.849659864
9,28,30,0.849659864
9,28,31,0.825943878
9,28,32,0.825943878
9,28,33,0.766972789
9,28,34,0.766972789
9,28,35,0.181845238
9,28,36,0.181845238
9,28,37,0
9,28,38,0
9,28,39,0
9,28,40,0
9,28,41,0
9,28,42,0
9,28,43,0
9,28,44,0
9,28,45,0
9,28,46,0
9,28,47,0
9,28,48,0
9,29,1,0
9,29,2,0
9,29,3,0
9,29,4,0
9,29,5,0
9,29,6,0
9,29,7,0
9,29,8,0
9,29,9,0
9,29,10,0
9,29,11,0
9,29,12,0
9,29,13,0.261811224
9,29,14,0.261811224
9,29,15,0.776760204
9,29,16,0.776760204
9,29,17,0.866717687
9,29,18,0.866717687
9,29,19,0.879183673
9,29,20,0.879183673
9,29,21,0.882321429
9,29,22,0.882321429
9,29,23,0.875501701
9,29,24,0.875501701
9,29,25,0.869642857
9,29,26,0.869642857
9,29,27,0.865765306
9,29,28,0.865765306
9,29,29,0.856292517
9,29,30,0.856292517
9,29,31,0.832636054
9,29,32,0.832636054
9,29,33,0.766130952
9,29,34,0.766130952
9,29,35,0.187559524
9,29,36,0.187559524
9,29,37,0
9,29,38,0
9,29,39,0
9,29,40,0
9,29,41,0
9,29,42,0
9,29,43,0
9,29,44,0
9,29,45,0
9,29,46,0
9,29,47,0
9,29,48,0
9,30,1,0
9,30,2,0
9,30,3,0
9,30,4,0
9,30,5,0
9,30,6,0
9,30,7,0
9,30,8,0
9,30,9,0
9,30,10,0
9,30,11,0
9,30,12,0
9,30,13,0.244642857
9,30,14,0.244642857
9,30,15,0.744472789
9,30,16,0.744472789
9,30,17,0.84627551
9,30,18,0.84627551
9,30,19,0.859838435
9,30,20,0.859838435
9,30,21,0.868392857
9,30,22,0.868392857
9,30,23,0.865008503
9,30,24,0.865008503
9,30,25,0.857687075
9,30,26,0.857687075
9,30,27,0.848758503
9,30,28,0.848758503
9,30,29,0.832984694
9,30,30,0.832984694
9,30,31,0.807882653
9,30,32,0.807882653
9,30,33,0.725680272
9,30,34,0.725680272
9,30,35,0.166887755
9,30,36,0.166887755
9,30,37,0
9,30,38,0
9,30,39,0
9,30,40,0
9,30,41,0
9,30,42,0
9,30,43,0
9,30,44,0
9,30,45,0
9,30,46,0
9,30,47,0
9,30,48,0
10,1,1,0
10,1,2,0
10,1,3,0
10,1,4,0
10,1,5,0
10,1,6,0
10,1,7,0
10,1,8,0
10,1,9,0
10,1,10,0
10,1,11,0
10,1,12,0
10,1,13,0.248630952
10,1,14,0.248630952
10,1,15,0.73005102
10,1,16,0.73005102
10,1,17,0.830858844
10,1,18,0.830858844
10,1,19,0.843843537
10,1,20,0.843843537
10,1,21,0.854957483
10,1,22,0.854957483
10,1,23,0.850544218
10,1,24,0.850544218
10,1,25,0.843690476
10,1,26,0.843690476
10,1,27,0.835331633
10,1,28,0.835331633
10,1,29,0.817831633
10,1,30,0.817831633
10,1,31,0.788520408
10,1,32,0.788520408
10,1,33,0.711267007
10,1,34,0.711267007
10,1,35,0.166147959
10,1,36,0.166147959
10,1,37,0
10,1,38,0
10,1,39,0
10,1,40,0
10,1,41,0
10,1,42,0
10,1,43,0
10,1,44,0
10,1,45,0
10,1,46,0
10,1,47,0
10,1,48,0
10,2,1,0
10,2,2,0
10,2,3,0
10,2,4,0
10,2,5,0
10,2,6,0
10,2,7,0
10,2,8,0
10,2,9,0
10,2,10,0
10,2,11,0
10,2,12,0
10,2,13,0.271760204
10,2,14,0.271760204
10,2,15,0.737891156
10,2,16,0.737891156
10,2,17,0.810085034
10,2,18,0.810085034
10,2,19,0.825646259
10,2,20,0.825646259
10,2,21,0.835331633
10,2,22,0.835331633
10,2,23,0.833469388
10,2,24,0.833469388
10,2,25,0.831964286
10,2,26,0.831964286
10,2,27,0.83
10,2,28,0.83
10,2,29,0.819540816
10,2,30,0.819540816
10,2,31,0.791981293
10,2,32,0.791981293
10,2,33,0.732780612
10,2,34,0.732780612
10,2,35,0.177304422
10,2,36,0.177304422
10,2,37,0
10,2,38,0
10,2,39,0
10,2,40,0
10,2,41,0
10,2,42,0
10,2,43,0
10,2,44,0
10,2,45,0
10,2,46,0
10,2,47,0
10,2,48,0
10,3,1,0
10,3,2,0
10,3,3,0
10,3,4,0
10,3,5,0
10,3,6,0
10,3,7,0
10,3,8,0
10,3,9,0
10,3,10,0
10,3,11,0
10,3,12,0
10,3,13,0.272482993
10,3,14,0.272482993
10,3,15,0.720731293
10,3,16,0.720731293
10,3,17,0.808333333
10,3,18,0.808333333
10,3,19,0.820382653
10,3,20,0.820382653
10,3,21,0.831785714
10,3,22,0.831785714
10,3,23,0.833086735
10,3,24,0.833086735
10,3,25,0.834846939
10,3,26,0.834846939
10,3,27,0.831785714
10,3,28,0.831785714
10,3,29,0.819583333
10,3,30,0.819583333
10,3,31,0.794829932
10,3,32,0.794829932
10,3,33,0.717984694
10,3,34,0.717984694
10,3,35,0.172542517
10,3,36,0.172542517
10,3,37,0
10,3,38,0
10,3,39,0
10,3,40,0
10,3,41,0
10,3,42,0
10,3,43,0
10,3,44,0
10,3,45,0
10,3,46,0
10,3,47,0
10,3,48,0
10,4,1,0
10,4,2,0
10,4,3,0
10,4,4,0
10,4,5,0
10,4,6,0
10,4,7,0
10,4,8,0
10,4,9,0
10,4,10,0
10,4,11,0
10,4,12,0
10,4,13,0.24545068
10,4,14,0.24545068
10,4,15,0.682814626
10,4,16,0.682814626
10,4,17,0.796428571
10,4,18,0.796428571
10,4,19,0.819761905
10,4,20,0.819761905
10,4,21,0.826904762
10,4,22,0.826904762
10,4,23,0.82920068
10,4,24,0.82920068
10,4,25,0.828205782
10,4,26,0.828205782
10,4,27,0.828630952
10,4,28,0.828630952
10,4,29,0.811964286
10,4,30,0.811964286
10,4,31,0.768673469
10,4,32,0.768673469
10,4,33,0.629447279
10,4,34,0.629447279
10,4,35,0.100357143
10,4,36,0.100357143
10,4,37,0
10,4,38,0
10,4,39,0
10,4,40,0
10,4,41,0
10,4,42,0
10,4,43,0
10,4,44,0
10,4,45,0
10,4,46,0
10,4,47,0
10,4,48,0
10,5,1,0
10,5,2,0
10,5,3,0
10,5,4,0
10,5,5,0
10,5,6,0
10,5,7,0
10,5,8,0
10,5,9,0
10,5,10,0
10,5,11,0
10,5,12,0
10,5,13,0.210569728
10,5,14,0.210569728
10,5,15,0.699013605
10,5,16,0.699013605
10,5,17,0.804370748
10,5,18,0.804370748
10,5,19,0.828180272
10,5,20,0.828180272
10,5,21,0.837117347
10,5,22,0.837117347
10,5,23,0.840416667
10,5,24,0.840416667
10,5,25,0.841556122
10,5,26,0.841556122
10,5,27,0.837423469
10,5,28,0.837423469
10,5,29,0.827057823
10,5,30,0.827057823
10,5,31,0.785221088
10,5,32,0.785221088
10,5,33,0.607823129
10,5,34,0.607823129
10,5,35,0.160663265
10,5,36,0.160663265
10,5,37,0
10,5,38,0
10,5,39,0
10,5,40,0
10,5,41,0
10,5,42,0
10,5,43,0
10,5,44,0
10,5,45,0
10,5,46,0
10,5,47,0
10,5,48,0
10,6,1,0
10,6,2,0
10,6,3,0
10,6,4,0
10,6,5,0
10,6,6,0
10,6,7,0
10,6,8,0
10,6,9,0
10,6,10,0
10,6,11,0
10,6,12,0
10,6,13,0.295416667
10,6,14,0.295416667
10,6,15,0.750229592
10,6,16,0.750229592
10,6,17,0.842576531
10,6,18,0.842576531
10,6,19,0.851164966
10,6,20,0.851164966
10,6,21,0.861496599
10,6,22,0.861496599
10,6,23,0.861164966
10,6,24,0.861164966
10,6,25,0.858630952
10,6,26,0.858630952
10,6,27,0.854498299
10,6,28,0.854498299
10,6,29,0.841454082
10,6,30,0.841454082
10,6,31,0.814506803
10,6,32,0.814506803
10,6,33,0.730093537
10,6,34,0.730093537
10,6,35,0.179115646
10,6,36,0.179115646
10,6,37,0
10,6,38,0
10,6,39,0
10,6,40,0
10,6,41,0
10,6,42,0
10,6,43,0
10,6,44,0
10,6,45,0
10,6,46,0
10,6,47,0
10,6,48,0
10,7,1,0
10,7,2,0
10,7,3,0
10,7,4,0
10,7,5,0
10,7,6,0
10,7,7,0
10,7,8,0
10,7,9,0
10,7,10,0
10,7,11,0
10,7,12,0
10,7,13,0.299141156
10,7,14,0.299141156
10,7,15,0.738562925
10,7,16,0.738562925
10,7,17,0.828715986
10,7,18,0.828715986
10,7,19,0.843112245
10,7,20,0.843112245
10,7,21,0.85792517
10,7,22,0.85792517
10,7,23,0.86119898
10,7,24,0.86119898
10,7,25,0.86082483
10,7,26,0.86082483
10,7,27,0.856989796
10,7,28,0.856989796
10,7,29,0.841326531
10,7,30,0.841326531
10,7,31,0.812312925
10,7,32,0.812312925
10,7,33,0.723367347
10,7,34,0.723367347
10,7,35,0.181139456
10,7,36,0.181139456
10,7,37,0
10,7,38,0
10,7,39,0
10,7,40,0
10,7,41,0
10,7,42,0
10,7,43,0
10,7,44,0
10,7,45,0
10,7,46,0
10,7,47,0
10,7,48,0
10,8,1,0
10,8,2,0
10,8,3,0
10,8,4,0
10,8,5,0
10,8,6,0
10,8,7,0
10,8,8,0
10,8,9,0
10,8,10,0
10,8,11,0
10,8,12,0
10,8,13,0.302704082
10,8,14,0.302704082
10,8,15,0.731811224
10,8,16,0.731811224
10,8,17,0.824829932
10,8,18,0.824829932
10,8,19,0.842602041
10,8,20,0.842602041
10,8,21,0.85414966
10,8,22,0.85414966
10,8,23,0.860867347
10,8,24,0.860867347
10,8,25,0.860569728
10,8,26,0.860569728
10,8,27,0.857763605
10,8,28,0.857763605
10,8,29,0.849336735
10,8,30,0.849336735
10,8,31,0.809540816
10,8,32,0.809540816
10,8,33,0.71664966
10,8,34,0.71664966
10,8,35,0.18087585
10,8,36,0.18087585
10,8,37,0
10,8,38,0
10,8,39,0
10,8,40,0
10,8,41,0
10,8,42,0
10,8,43,0
10,8,44,0
10,8,45,0
10,8,46,0
10,8,47,0
10,8,48,0
10,9,1,0
10,9,2,0
10,9,3,0
10,9,4,0
10,9,5,0
10,9,6,0
10,9,7,0
10,9,8,0
10,9,9,0
10,9,10,0
10,9,11,0
10,9,12,0
10,9,13,0.296352041
10,9,14,0.296352041
10,9,15,0.715263605
10,9,16,0.715263605
10,9,17,0.822380952
10,9,18,0.822380952
10,9,19,0.845705782
10,9,20,0.845705782
10,9,21,0.852610544
10,9,22,0.852610544
10,9,23,0.858061224
10,9,24,0.858061224
10,9,25,0.853367347
10,9,26,0.853367347
10,9,27,0.84869898
10,9,28,0.84869898
10,9,29,0.837636054
10,9,30,0.837636054
10,9,31,0.798265306
10,9,32,0.798265306
10,9,33,0.692397959
10,9,34,0.692397959
10,9,35,0.175510204
10,9,36,0.175510204
10,9,37,0
10,9,38,0
10,9,39,0
10,9,40,0
10,9,41,0
10,9,42,0
10,9,43,0
10,9,44,0
10,9,45,0
10,9,46,0
10,9,47,0
10,9,48,0
10,10,1,0
10,10,2,0
10,10,3,0
10,10,4,0
10,10,5,0
10,10,6,0
10,10,7,0
10,10,8,0
10,10,9,0
10,10,10,0
10,10,11,0
10,10,12,0
10,10,13,0.294889456
10,10,14,0.294889456
10,10,15,0.706037415
10,10,16,0.706037415
10,10,17,0.820688776
10,10,18,0.820688776
10,10,19,0.847636054
10,10,20,0.847636054
10,10,21,0.862346939
10,10,22,0.862346939
10,10,23,0.863732993
10,10,24,0.863732993
10,10,25,0.85994898
10,10,26,0.85994898
10,10,27,0.860161565
10,10,28,0.860161565
10,10,29,0.82914966
10,10,30,0.82914966
10,10,31,0.781088435
10,10,32,0.781088435
10,10,33,0.678341837
10,10,34,0.678341837
10,10,35,0.170731293
10,10,36,0.170731293
10,10,37,0
10,10,38,0
10,10,39,0
10,10,40,0
10,10,41,0
10,10,42,0
10,10,43,0
10,10,44,0
10,10,45,0
10,10,46,0
10,10,47,0
10,10,48,0
10,11,1,0
10,11,2,0
10,11,3,0
10,11,4,0
10,11,5,0
10,11,6,0
10,11,7,0
10,11,8,0
10,11,9,0
10,11,10,0
10,11,11,0
10,11,12,0
10,11,13,0.173596939
10,11,14,0.173596939
10,11,15,0.111981293
10,11,16,0.111981293
10,11,17,0.582261905
10,11,18,0.582261905
10,11,19,0.606581633
10,11,20,0.606581633
10,11,21,0.210714286
10,11,22,0.210714286
10,11,23,0.790144558
10,11,24,0.790144558
10,11,25,0.304744898
10,11,26,0.304744898
10,11,27,0.307295918
10,11,28,0.307295918
10,11,29,0.787661565
10,11,30,0.787661565
10,11,31,0.679098639
10,11,32,0.679098639
10,11,33,0.545059524
10,11,34,0.545059524
10,11,35,0.181462585
10,11,36,0.181462585
10,11,37,0
10,11,38,0
10,11,39,0
10,11,40,0
10,11,41,0
10,11,42,0
10,11,43,0
10,11,44,0
10,11,45,0
10,11,46,0
10,11,47,0
10,11,48,0
10,12,1,0
10,12,2,0
10,12,3,0
10,12,4,0
10,12,5,0
10,12,6,0
10,12,7,0
10,12,8,0
10,12,9,0
10,12,10,0
10,12,11,0
10,12,12,0
10,12,13,0.324302721
10,12,14,0.324302721
10,12,15,0.607542517
10,12,16,0.607542517
10,12,17,0.715833333
10,12,18,0.715833333
10,12,19,0.752585034
10,12,20,0.752585034
10,12,21,0.808596939
10,12,22,0.808596939
10,12,23,0.812755102
10,12,24,0.812755102
10,12,25,0.761335034
10,12,26,0.761335034
10,12,27,0.684107143
10,12,28,0.684107143
10,12,29,0.267840136
10,12,30,0.267840136
10,12,31,0.430986395
10,12,32,0.430986395
10,12,33,0.670595238
10,12,34,0.670595238
10,12,35,0.18417517
10,12,36,0.18417517
10,12,37,0
10,12,38,0
10,12,39,0
10,12,40,0
10,12,41,0
10,12,42,0
10,12,43,0
10,12,44,0
10,12,45,0
10,12,46,0
10,12,47,0
10,12,48,0
10,13,1,0
10,13,2,0
10,13,3,0
10,13,4,0
10,13,5,0
10,13,6,0
10,13,7,0
10,13,8,0
10,13,9,0
10,13,10,0
10,13,11,0
10,13,12,0
10,13,13,0.14295068
10,13,14,0.14295068
10,13,15,0.435365646
10,13,16,0.435365646
10,13,17,0.21462585
10,13,18,0.21462585
10,13,19,0.738103741
10,13,20,0.738103741
10,13,21,0.837176871
10,13,22,0.837176871
10,13,23,0.837321429
10,13,24,0.837321429
10,13,25,0.788843537
10,13,26,0.788843537
10,13,27,0.685042517
10,13,28,0.685042517
10,13,29,0.693605442
10,13,30,0.693605442
10,13,31,0.736913265
10,13,32,0.736913265
10,13,33,0.687661565
10,13,34,0.687661565
10,13,35,0.182789116
10,13,36,0.182789116
10,13,37,0
10,13,38,0
10,13,39,0
10,13,40,0
10,13,41,0
10,13,42,0
10,13,43,0
10,13,44,0
10,13,45,0
10,13,46,0
10,13,47,0
10,13,48,0
10,14,1,0
10,14,2,0
10,14,3,0
10,14,4,0
10,14,5,0
10,14,6,0
10,14,7,0
10,14,8,0
10,14,9,0
10,14,10,0
10,14,11,0
10,14,12,0
10,14,13,0.355017007
10,14,14,0.355017007
10,14,15,0.732006803
10,14,16,0.732006803
10,14,17,0.81752551
10,14,18,0.81752551
10,14,19,0.827959184
10,14,20,0.827959184
10,14,21,0.837704082
10,14,22,0.837704082
10,14,23,0.844906463
10,14,24,0.844906463
10,14,25,0.843095238
10,14,26,0.843095238
10,14,27,0.841420068
10,14,28,0.841420068
10,14,29,0.82664966
10,14,30,0.82664966
10,14,31,0.79622449
10,14,32,0.79622449
10,14,33,0.715510204
10,14,34,0.715510204
10,14,35,0.197032313
10,14,36,0.197032313
10,14,37,0
10,14,38,0
10,14,39,0
10,14,40,0
10,14,41,0
10,14,42,0
10,14,43,0
10,14,44,0
10,14,45,0
10,14,46,0
10,14,47,0
10,14,48,0
10,15,1,0
10,15,2,0
10,15,3,0
10,15,4,0
10,15,5,0
10,15,6,0
10,15,7,0
10,15,8,0
10,15,9,0
10,15,10,0
10,15,11,0.00036335
10,15,12,0.00036335
10,15,13,0.373452381
10,15,14,0.373452381
10,15,15,0.747593537
10,15,16,0.747593537
10,15,17,0.818197279
10,15,18,0.818197279
10,15,19,0.832066327
10,15,20,0.832066327
10,15,21,0.844532313
10,15,22,0.844532313
10,15,23,0.851190476
10,15,24,0.851190476
10,15,25,0.84877551
10,15,26,0.84877551
10,15,27,0.849838435
10,15,28,0.849838435
10,15,29,0.836879252
10,15,30,0.836879252
10,15,31,0.814277211
10,15,32,0.814277211
10,15,33,0.731522109
10,15,34,0.731522109
10,15,35,0.205892857
10,15,36,0.205892857
10,15,37,0
10,15,38,0
10,15,39,0
10,15,40,0
10,15,41,0
10,15,42,0
10,15,43,0
10,15,44,0
10,15,45,0
10,15,46,0
10,15,47,0
10,15,48,0
10,16,1,0
10,16,2,0
10,16,3,0
10,16,4,0
10,16,5,0
10,16,6,0
10,16,7,0
10,16,8,0
10,16,9,0
10,16,10,0
10,16,11,0.001120748
10,16,12,0.001120748
10,16,13,0.368920068
10,16,14,0.368920068
10,16,15,0.748018707
10,16,16,0.748018707
10,16,17,0.830714286
10,16,18,0.830714286
10,16,19,0.843503401
10,16,20,0.843503401
10,16,21,0.854821429
10,16,22,0.854821429
10,16,23,0.858869048
10,16,24,0.858869048
10,16,25,0.853613946
10,16,26,0.853613946
10,16,27,0.850782313
10,16,28,0.850782313
10,16,29,0.833988095
10,16,30,0.833988095
10,16,31,0.803086735
10,16,32,0.803086735
10,16,33,0.71454932
10,16,34,0.71454932
10,16,35,0.201598639
10,16,36,0.201598639
10,16,37,0
10,16,38,0
10,16,39,0
10,16,40,0
10,16,41,0
10,16,42,0
10,16,43,0
10,16,44,0
10,16,45,0
10,16,46,0
10,16,47,0
10,16,48,0
10,17,1,0
10,17,2,0
10,17,3,0
10,17,4,0
10,17,5,0
10,17,6,0
10,17,7,0
10,17,8,0
10,17,9,0
10,17,10,0
10,17,11,0
10,17,12,0
10,17,13,0.365782313
10,17,14,0.365782313
10,17,15,0.706088435
10,17,16,0.706088435
10,17,17,0.82202381
10,17,18,0.82202381
10,17,19,0.833962585
10,17,20,0.833962585
10,17,21,0.847414966
10,17,22,0.847414966
10,17,23,0.857593537
10,17,24,0.857593537
10,17,25,0.857406463
10,17,26,0.857406463
10,17,27,0.85630102
10,17,28,0.85630102
10,17,29,0.84744898
10,17,30,0.84744898
10,17,31,0.80792517
10,17,32,0.80792517
10,17,33,0.716130952
10,17,34,0.716130952
10,17,35,0.19422619
10,17,36,0.19422619
10,17,37,0
10,17,38,0
10,17,39,0
10,17,40,0
10,17,41,0
10,17,42,0
10,17,43,0
10,17,44,0
10,17,45,0
10,17,46,0
10,17,47,0
10,17,48,0
10,18,1,0
10,18,2,0
10,18,3,0
10,18,4,0
10,18,5,0
10,18,6,0
10,18,7,0
10,18,8,0
10,18,9,0
10,18,10,0
10,18,11,0.000533537
10,18,12,0.000533537
10,18,13,0.406164966
10,18,14,0.406164966
10,18,15,0.777678571
10,18,16,0.777678571
10,18,17,0.848409864
10,18,18,0.848409864
10,18,19,0.863086735
10,18,20,0.863086735
10,18,21,0.867755102
10,18,22,0.867755102
10,18,23,0.866505102
10,18,24,0.866505102
10,18,25,0.858877551
10,18,26,0.858877551
10,18,27,0.856130952
10,18,28,0.856130952
10,18,29,0.841462585
10,18,30,0.841462585
10,18,31,0.80997449
10,18,32,0.80997449
10,18,33,0.741054422
10,18,34,0.741054422
10,18,35,0.223154762
10,18,36,0.223154762
10,18,37,0
10,18,38,0
10,18,39,0
10,18,40,0
10,18,41,0
10,18,42,0
10,18,43,0
10,18,44,0
10,18,45,0
10,18,46,0
10,18,47,0
10,18,48,0
10,19,1,0
10,19,2,0
10,19,3,0
10,19,4,0
10,19,5,0
10,19,6,0
10,19,7,0
10,19,8,0
10,19,9,0
10,19,10,0
10,19,11,0.003581037
10,19,12,0.003581037
10,19,13,0.398809524
10,19,14,0.398809524
10,19,15,0.757142857
10,19,16,0.757142857
10,19,17,0.833656463
10,19,18,0.833656463
10,19,19,0.852823129
10,19,20,0.852823129
10,19,21,0.859268707
10,19,22,0.859268707
10,19,23,0.858018707
10,19,24,0.858018707
10,19,25,0.84579932
10,19,26,0.84579932
10,19,27,0.836386054
10,19,28,0.836386054
10,19,29,0.817287415
10,19,30,0.817287415
10,19,31,0.789855442
10,19,32,0.789855442
10,19,33,0.70505102
10,19,34,0.70505102
10,19,35,0.211921769
10,19,36,0.211921769
10,19,37,0
10,19,38,0
10,19,39,0
10,19,40,0
10,19,41,0
10,19,42,0
10,19,43,0
10,19,44,0
10,19,45,0
10,19,46,0
10,19,47,0
10,19,48,0
10,20,1,0
10,20,2,0
10,20,3,0
10,20,4,0
10,20,5,0
10,20,6,0
10,20,7,0
10,20,8,0
10,20,9,0
10,20,10,0
10,20,11,0.001972279
10,20,12,0.001972279
10,20,13,0.353664966
10,20,14,0.353664966
10,20,15,0.707891156
10,20,16,0.707891156
10,20,17,0.814617347
10,20,18,0.814617347
10,20,19,0.839073129
10,20,20,0.839073129
10,20,21,0.851105442
10,20,22,0.851105442
10,20,23,0.850722789
10,20,24,0.850722789
10,20,25,0.844651361
10,20,26,0.844651361
10,20,27,0.841607143
10,20,28,0.841607143
10,20,29,0.780272109
10,20,30,0.780272109
10,20,31,0.438358844
10,20,32,0.438358844
10,20,33,0.384472789
10,20,34,0.384472789
10,20,35,0.188265306
10,20,36,0.188265306
10,20,37,0
10,20,38,0
10,20,39,0
10,20,40,0
10,20,41,0
10,20,42,0
10,20,43,0
10,20,44,0
10,20,45,0
10,20,46,0
10,20,47,0
10,20,48,0
10,21,1,0
10,21,2,0
10,21,3,0
10,21,4,0
10,21,5,0
10,21,6,0
10,21,7,0
10,21,8,0
10,21,9,0
10,21,10,0
10,21,11,0
10,21,12,0
10,21,13,0.239676871
10,21,14,0.239676871
10,21,15,0.566267007
10,21,16,0.566267007
10,21,17,0.358656463
10,21,18,0.358656463
10,21,19,0.771343537
10,21,20,0.771343537
10,21,21,0.832967687
10,21,22,0.832967687
10,21,23,0.837823129
10,21,24,0.837823129
10,21,25,0.818180272
10,21,26,0.818180272
10,21,27,0.763290816
10,21,28,0.763290816
10,21,29,0.815008503
10,21,30,0.815008503
10,21,31,0.776062925
10,21,32,0.776062925
10,21,33,0.661267007
10,21,34,0.661267007
10,21,35,0.178528912
10,21,36,0.178528912
10,21,37,0
10,21,38,0
10,21,39,0
10,21,40,0
10,21,41,0
10,21,42,0
10,21,43,0
10,21,44,0
10,21,45,0
10,21,46,0
10,21,47,0
10,21,48,0
10,22,1,0
10,22,2,0
10,22,3,0
10,22,4,0
10,22,5,0
10,22,6,0
10,22,7,0
10,22,8,0
10,22,9,0
10,22,10,0
10,22,11,0
10,22,12,0
10,22,13,0.173392857
10,22,14,0.173392857
10,22,15,0.371071429
10,22,16,0.371071429
10,22,17,0.191011905
10,22,18,0.191011905
10,22,19,0.471751701
10,22,20,0.471751701
10,22,21,0.812585034
10,22,22,0.812585034
10,22,23,0.837270408
10,22,24,0.837270408
10,22,25,0.834081633
10,22,26,0.834081633
10,22,27,0.757032313
10,22,28,0.757032313
10,22,29,0.633715986
10,22,30,0.633715986
10,22,31,0.388154762
10,22,32,0.388154762
10,22,33,0.547108844
10,22,34,0.547108844
10,22,35,0.077877551
10,22,36,0.077877551
10,22,37,0
10,22,38,0
10,22,39,0
10,22,40,0
10,22,41,0
10,22,42,0
10,22,43,0
10,22,44,0
10,22,45,0
10,22,46,0
10,22,47,0
10,22,48,0
10,23,1,0
10,23,2,0
10,23,3,0
10,23,4,0
10,23,5,0
10,23,6,0
10,23,7,0
10,23,8,0
10,23,9,0
10,23,10,0
10,23,11,0
10,23,12,0
10,23,13,0.354081633
10,23,14,0.354081633
10,23,15,0.721989796
10,23,16,0.721989796
10,23,17,0.811930272
10,23,18,0.811930272
10,23,19,0.832695578
10,23,20,0.832695578
10,23,21,0.846181973
10,23,22,0.846181973
10,23,23,0.851360544
10,23,24,0.851360544
10,23,25,0.836853741
10,23,26,0.836853741
10,23,27,0.735926871
10,23,28,0.735926871
10,23,29,0.491964286
10,23,30,0.491964286
10,23,31,0.223537415
10,23,32,0.223537415
10,23,33,0.421215986
10,23,34,0.421215986
10,23,35,0.126147959
10,23,36,0.126147959
10,23,37,0
10,23,38,0
10,23,39,0
10,23,40,0
10,23,41,0
10,23,42,0
10,23,43,0
10,23,44,0
10,23,45,0
10,23,46,0
10,23,47,0
10,23,48,0
10,24,1,0
10,24,2,0
10,24,3,0
10,24,4,0
10,24,5,0
10,24,6,0
10,24,7,0
10,24,8,0
10,24,9,0
10,24,10,0
10,24,11,0.01132483
10,24,12,0.01132483
10,24,13,0.42627551
10,24,14,0.42627551
10,24,15,0.748784014
10,24,16,0.748784014
10,24,17,0.760229592
10,24,18,0.760229592
10,24,19,0.842882653
10,24,20,0.842882653
10,24,21,0.85452381
10,24,22,0.85452381
10,24,23,0.854328231
10,24,24,0.854328231
10,24,25,0.845136054
10,24,26,0.845136054
10,24,27,0.809761905
10,24,28,0.809761905
10,24,29,0.79130102
10,24,30,0.79130102
10,24,31,0.785263605
10,24,32,0.785263605
10,24,33,0.714770408
10,24,34,0.714770408
10,24,35,0.229566327
10,24,36,0.229566327
10,24,37,0
10,24,38,0
10,24,39,0
10,24,40,0
10,24,41,0
10,24,42,0
10,24,43,0
10,24,44,0
10,24,45,0
10,24,46,0
10,24,47,0
10,24,48,0
10,25,1,0
10,25,2,0
10,25,3,0
10,25,4,0
10,25,5,0
10,25,6,0
10,25,7,0
10,25,8,0
10,25,9,0
10,25,10,0
10,25,11,0.011727891
10,25,12,0.011727891
10,25,13,0.433630952
10,25,14,0.433630952
10,25,15,0.737202381
10,25,16,0.737202381
10,25,17,0.826386054
10,25,18,0.826386054
10,25,19,0.846845238
10,25,20,0.846845238
10,25,21,0.855680272
10,25,22,0.855680272
10,25,23,0.848231293
10,25,24,0.848231293
10,25,25,0.783545918
10,25,26,0.783545918
10,25,27,0.82869898
10,25,28,0.82869898
10,25,29,0.809370748
10,25,30,0.809370748
10,25,31,0.782236395
10,25,32,0.782236395
10,25,33,0.713171769
10,25,34,0.713171769
10,25,35,0.212457483
10,25,36,0.212457483
10,25,37,0
10,25,38,0
10,25,39,0
10,25,40,0
10,25,41,0
10,25,42,0
10,25,43,0
10,25,44,0
10,25,45,0
10,25,46,0
10,25,47,0
10,25,48,0
10,26,1,0
10,26,2,0
10,26,3,0
10,26,4,0
10,26,5,0
10,26,6,0
10,26,7,0
10,26,8,0
10,26,9,0
10,26,10,0
10,26,11,0.013548469
10,26,12,0.013548469
10,26,13,0.436403061
10,26,14,0.436403061
10,26,15,0.75912415
10,26,16,0.75912415
10,26,17,0.833588435
10,26,18,0.833588435
10,26,19,0.852176871
10,26,20,0.852176871
10,26,21,0.859311224
10,26,22,0.859311224
10,26,23,0.854073129
10,26,24,0.854073129
10,26,25,0.849719388
10,26,26,0.849719388
10,26,27,0.850901361
10,26,28,0.850901361
10,26,29,0.835977891
10,26,30,0.835977891
10,26,31,0.810093537
10,26,32,0.810093537
10,26,33,0.730187075
10,26,34,0.730187075
10,26,35,0.23869898
10,26,36,0.23869898
10,26,37,0
10,26,38,0
10,26,39,0
10,26,40,0
10,26,41,0
10,26,42,0
10,26,43,0
10,26,44,0
10,26,45,0
10,26,46,0
10,26,47,0
10,26,48,0
10,27,1,0
10,27,2,0
10,27,3,0
10,27,4,0
10,27,5,0
10,27,6,0
10,27,7,0
10,27,8,0
10,27,9,0
10,27,10,0
10,27,11,0.013460884
10,27,12,0.013460884
10,27,13,0.436156463
10,27,14,0.436156463
10,27,15,0.764719388
10,27,16,0.764719388
10,27,17,0.852151361
10,27,18,0.852151361
10,27,19,0.868571429
10,27,20,0.868571429
10,27,21,0.881318027
10,27,22,0.881318027
10,27,23,0.885986395
10,27,24,0.885986395
10,27,25,0.881683673
10,27,26,0.881683673
10,27,27,0.877091837
10,27,28,0.877091837
10,27,29,0.857304422
10,27,30,0.857304422
10,27,31,0.823622449
10,27,32,0.823622449
10,27,33,0.736011905
10,27,34,0.736011905
10,27,35,0.238996599
10,27,36,0.238996599
10,27,37,0
10,27,38,0
10,27,39,0
10,27,40,0
10,27,41,0
10,27,42,0
10,27,43,0
10,27,44,0
10,27,45,0
10,27,46,0
10,27,47,0
10,27,48,0
10,28,1,0
10,28,2,0
10,28,3,0
10,28,4,0
10,28,5,0
10,28,6,0
10,28,7,0
10,28,8,0
10,28,9,0
10,28,10,0
10,28,11,0.016916667
10,28,12,0.016916667
10,28,13,0.479217687
10,28,14,0.479217687
10,28,15,0.798035714
10,28,16,0.798035714
10,28,17,0.86622449
10,28,18,0.86622449
10,28,19,0.881377551
10,28,20,0.881377551
10,28,21,0.887840136
10,28,22,0.887840136
10,28,23,0.885238095
10,28,24,0.885238095
10,28,25,0.874498299
10,28,26,0.874498299
10,28,27,0.867457483
10,28,28,0.867457483
10,28,29,0.848894558
10,28,30,0.848894558
10,28,31,0.816870748
10,28,32,0.816870748
10,28,33,0.755748299
10,28,34,0.755748299
10,28,35,0.265153061
10,28,36,0.265153061
10,28,37,0
10,28,38,0
10,28,39,0
10,28,40,0
10,28,41,0
10,28,42,0
10,28,43,0
10,28,44,0
10,28,45,0
10,28,46,0
10,28,47,0
10,28,48,0
10,29,1,0
10,29,2,0
10,29,3,0
10,29,4,0
10,29,5,0
10,29,6,0
10,29,7,0
10,29,8,0
10,29,9,0
10,29,10,0
10,29,11,0.018771259
10,29,12,0.018771259
10,29,13,0.482576531
10,29,14,0.482576531
10,29,15,0.792142857
10,29,16,0.792142857
10,29,17,0.858044218
10,29,18,0.858044218
10,29,19,0.873511905
10,29,20,0.873511905
10,29,21,0.882627551
10,29,22,0.882627551
10,29,23,0.883307823
10,29,24,0.883307823
10,29,25,0.87625
10,29,26,0.87625
10,29,27,0.871938776
10,29,28,0.871938776
10,29,29,0.855187075
10,29,30,0.855187075
10,29,31,0.82002551
10,29,32,0.82002551
10,29,33,0.752083333
10,29,34,0.752083333
10,29,35,0.266445578
10,29,36,0.266445578
10,29,37,0
10,29,38,0
10,29,39,0
10,29,40,0
10,29,41,0
10,29,42,0
10,29,43,0
10,29,44,0
10,29,45,0
10,29,46,0
10,29,47,0
10,29,48,0
10,30,1,0
10,30,2,0
10,30,3,0
10,30,4,0
10,30,5,0
10,30,6,0
10,30,7,0
10,30,8,0
10,30,9,0
10,30,10,0
10,30,11,0.018420068
10,30,12,0.018420068
10,30,13,0.28412415
10,30,14,0.28412415
10,30,15,0.761870748
10,30,16,0.761870748
10,30,17,0.812763605
10,30,18,0.812763605
10,30,19,0.831981293
10,30,20,0.831981293
10,30,21,0.880289116
10,30,22,0.880289116
10,30,23,0.878818027
10,30,24,0.878818027
10,30,25,0.871938776
10,30,26,0.871938776
10,30,27,0.84329932
10,30,28,0.84329932
10,30,29,0.746130952
10,30,30,0.746130952
10,30,31,0.655782313
10,30,32,0.655782313
10,30,33,0.604370748
10,30,34,0.604370748
10,30,35,0.218767007
10,30,36,0.218767007
10,30,37,0
10,30,38,0
10,30,39,0
10,30,40,0
10,30,41,0
10,30,42,0
10,30,43,0
10,30,44,0
10,30,45,0
10,30,46,0
10,30,47,0
10,30,48,0
10,31,1,0
10,31,2,0
10,31,3,0
10,31,4,0
10,31,5,0
10,31,6,0
10,31,7,0
10,31,8,0
10,31,9,0
10,31,10,0
10,31,11,0.019587585
10,31,12,0.019587585
10,31,13,0.467168367
10,31,14,0.467168367
10,31,15,0.752857143
10,31,16,0.752857143
10,31,17,0.727406463
10,31,18,0.727406463
10,31,19,0.600816327
10,31,20,0.600816327
10,31,21,0.744481293
10,31,22,0.744481293
10,31,23,0.85869898
10,31,24,0.85869898
10,31,25,0.787610544
10,31,26,0.787610544
10,31,27,0.74630102
10,31,28,0.74630102
10,31,29,0.200119048
10,31,30,0.200119048
10,31,31,0.305739796
10,31,32,0.305739796
10,31,33,0.555331633
10,31,34,0.555331633
10,31,35,0.250680272
10,31,36,0.250680272
10,31,37,0
10,31,38,0
10,31,39,0
10,31,40,0
10,31,41,0
10,31,42,0
10,31,43,0
10,31,44,0
10,31,45,0
10,31,46,0
10,31,47,0
10,31,48,0
11,1,1,0
11,1,2,0
11,1,3,0
11,1,4,0
11,1,5,0
11,1,6,0
11,1,7,0
11,1,8,0
11,1,9,0
11,1,10,0
11,1,11,0.023672619
11,1,12,0.023672619
11,1,13,0.496496599
11,1,14,0.496496599
11,1,15,0.779506803
11,1,16,0.779506803
11,1,17,0.847091837
11,1,18,0.847091837
11,1,19,0.866088435
11,1,20,0.866088435
11,1,21,0.878401361
11,1,22,0.878401361
11,1,23,0.880816327
11,1,24,0.880816327
11,1,25,0.876692177
11,1,26,0.876692177
11,1,27,0.871267007
11,1,28,0.871267007
11,1,29,0.854872449
11,1,30,0.854872449
11,1,31,0.819829932
11,1,32,0.819829932
11,1,33,0.745365646
11,1,34,0.745365646
11,1,35,0.27880102
11,1,36,0.27880102
11,1,37,0
11,1,38,0
11,1,39,0
11,1,40,0
11,1,41,0
11,1,42,0
11,1,43,0
11,1,44,0
11,1,45,0
11,1,46,0
11,1,47,0
11,1,48,0
11,2,1,0
11,2,2,0
11,2,3,0
11,2,4,0
11,2,5,0
11,2,6,0
11,2,7,0
11,2,8,0
11,2,9,0
11,2,10,0
11,2,11,0.022539116
11,2,12,0.022539116
11,2,13,0.465255102
11,2,14,0.465255102
11,2,15,0.753044218
11,2,16,0.753044218
11,2,17,0.832363946
11,2,18,0.832363946
11,2,19,0.844838435
11,2,20,0.844838435
11,2,21,0.857746599
11,2,22,0.857746599
11,2,23,0.864617347
11,2,24,0.864617347
11,2,25,0.861505102
11,2,26,0.861505102
11,2,27,0.791113946
11,2,28,0.791113946
11,2,29,0.799761905
11,2,30,0.799761905
11,2,31,0.771139456
11,2,32,0.771139456
11,2,33,0.715195578
11,2,34,0.715195578
11,2,35,0.267482993
11,2,36,0.267482993
11,2,37,0
11,2,38,0
11,2,39,0
11,2,40,0
11,2,41,0
11,2,42,0
11,2,43,0
11,2,44,0
11,2,45,0
11,2,46,0
11,2,47,0
11,2,48,0
11,3,1,0
11,3,2,0
11,3,3,0
11,3,4,0
11,3,5,0
11,3,6,0
11,3,7,0
11,3,8,0
11,3,9,0
11,3,10,0
11,3,11,0.023183673
11,3,12,0.023183673
11,3,13,0.465748299
11,3,14,0.465748299
11,3,15,0.757261905
11,3,16,0.757261905
11,3,17,0.836147959
11,3,18,0.836147959
11,3,19,0.851573129
11,3,20,0.851573129
11,3,21,0.865297619
11,3,22,0.865297619
11,3,23,0.867627551
11,3,24,0.867627551
11,3,25,0.862108844
11,3,26,0.862108844
11,3,27,0.855569728
11,3,28,0.855569728
11,3,29,0.83662415
11,3,30,0.83662415
11,3,31,0.751369048
11,3,32,0.751369048
11,3,33,0.707704082
11,3,34,0.707704082
11,3,35,0.267304422
11,3,36,0.267304422
11,3,37,0
11,3,38,0
11,3,39,0
11,3,40,0
11,3,41,0
11,3,42,0
11,3,43,0
11,3,44,0
11,3,45,0
11,3,46,0
11,3,47,0
11,3,48,0
11,4,1,0
11,4,2,0
11,4,3,0
11,4,4,0
11,4,5,0
11,4,6,0
11,4,7,0
11,4,8,0
11,4,9,0
11,4,10,0
11,4,11,0.012445578
11,4,12,0.012445578
11,4,13,0.38130102
11,4,14,0.38130102
11,4,15,0.763741497
11,4,16,0.763741497
11,4,17,0.793622449
11,4,18,0.793622449
11,4,19,0.842142857
11,4,20,0.842142857
11,4,21,0.856785714
11,4,22,0.856785714
11,4,23,0.858146259
11,4,24,0.858146259
11,4,25,0.829489796
11,4,26,0.829489796
11,4,27,0.824056122
11,4,28,0.824056122
11,4,29,0.815221088
11,4,30,0.815221088
11,4,31,0.645144558
11,4,32,0.645144558
11,4,33,0.658971088
11,4,34,0.658971088
11,4,35,0.216122449
11,4,36,0.216122449
11,4,37,0
11,4,38,0
11,4,39,0
11,4,40,0
11,4,41,0
11,4,42,0
11,4,43,0
11,4,44,0
11,4,45,0
11,4,46,0
11,4,47,0
11,4,48,0
11,5,1,0
11,5,2,0
11,5,3,0
11,5,4,0
11,5,5,0
11,5,6,0
11,5,7,0
11,5,8,0
11,5,9,0
11,5,10,0
11,5,11,0.021880102
11,5,12,0.021880102
11,5,13,0.384413265
11,5,14,0.384413265
11,5,15,0.487865646
11,5,16,0.487865646
11,5,17,0.806896259
11,5,18,0.806896259
11,5,19,0.832891156
11,5,20,0.832891156
11,5,21,0.840688776
11,5,22,0.840688776
11,5,23,0.833937075
11,5,24,0.833937075
11,5,25,0.835136054
11,5,26,0.835136054
11,5,27,0.693903061
11,5,28,0.693903061
11,5,29,0.496105442
11,5,30,0.496105442
11,5,31,0.147380952
11,5,32,0.147380952
11,5,33,0.171318027
11,5,34,0.171318027
11,5,35,0.067751701
11,5,36,0.067751701
11,5,37,0
11,5,38,0
11,5,39,0
11,5,40,0
11,5,41,0
11,5,42,0
11,5,43,0
11,5,44,0
11,5,45,0
11,5,46,0
11,5,47,0
11,5,48,0
11,6,1,0
11,6,2,0
11,6,3,0
11,6,4,0
11,6,5,0
11,6,6,0
11,6,7,0
11,6,8,0
11,6,9,0
11,6,10,0
11,6,11,0.023279762
11,6,12,0.023279762
11,6,13,0.304617347
11,6,14,0.304617347
11,6,15,0.158818027
11,6,16,0.158818027
11,6,17,0.324345238
11,6,18,0.324345238
11,6,19,0.803869048
11,6,20,0.803869048
11,6,21,0.852040816
11,6,22,0.852040816
11,6,23,0.856181973
11,6,24,0.856181973
11,6,25,0.846734694
11,6,26,0.846734694
11,6,27,0.769336735
11,6,28,0.769336735
11,6,29,0.783061224
11,6,30,0.783061224
11,6,31,0.719668367
11,6,32,0.719668367
11,6,33,0.225280612
11,6,34,0.225280612
11,6,35,0.065594388
11,6,36,0.065594388
11,6,37,0
11,6,38,0
11,6,39,0
11,6,40,0
11,6,41,0
11,6,42,0
11,6,43,0
11,6,44,0
11,6,45,0
11,6,46,0
11,6,47,0
11,6,48,0
11,7,1,0
11,7,2,0
11,7,3,0
11,7,4,0
11,7,5,0
11,7,6,0
11,7,7,0
11,7,8,0
11,7,9,0
11,7,10,0
11,7,11,0.006009609
11,7,12,0.006009609
11,7,13,0.164243197
11,7,14,0.164243197
11,7,15,0.448248299
11,7,16,0.448248299
11,7,17,0.149557823
11,7,18,0.149557823
11,7,19,0.456581633
11,7,20,0.456581633
11,7,21,0.71252551
11,7,22,0.71252551
11,7,23,0.874013605
11,7,24,0.874013605
11,7,25,0.869965986
11,7,26,0.869965986
11,7,27,0.863409864
11,7,28,0.863409864
11,7,29,0.84875
11,7,30,0.84875
11,7,31,0.810569728
11,7,32,0.810569728
11,7,33,0.702780612
11,7,34,0.702780612
11,7,35,0.259787415
11,7,36,0.259787415
11,7,37,0
11,7,38,0
11,7,39,0
11,7,40,0
11,7,41,0
11,7,42,0
11,7,43,0
11,7,44,0
11,7,45,0
11,7,46,0
11,7,47,0
11,7,48,0
11,8,1,0
11,8,2,0
11,8,3,0
11,8,4,0
11,8,5,0
11,8,6,0
11,8,7,0
11,8,8,0
11,8,9,0
11,8,10,0
11,8,11,0.022306122
11,8,12,0.022306122
11,8,13,0.435102041
11,8,14,0.435102041
11,8,15,0.728086735
11,8,16,0.728086735
11,8,17,0.831734694
11,8,18,0.831734694
11,8,19,0.855467687
11,8,20,0.855467687
11,8,21,0.867908163
11,8,22,0.867908163
11,8,23,0.873554422
11,8,24,0.873554422
11,8,25,0.872814626
11,8,26,0.872814626
11,8,27,0.872789116
11,8,28,0.872789116
11,8,29,0.849030612
11,8,30,0.849030612
11,8,31,0.801870748
11,8,32,0.801870748
11,8,33,0.693197279
11,8,34,0.693197279
11,8,35,0.260008503
11,8,36,0.260008503
11,8,37,0
11,8,38,0
11,8,39,0
11,8,40,0
11,8,41,0
11,8,42,0
11,8,43,0
11,8,44,0
11,8,45,0
11,8,46,0
11,8,47,0
11,8,48,0
11,9,1,0
11,9,2,0
11,9,3,0
11,9,4,0
11,9,5,0
11,9,6,0
11,9,7,0
11,9,8,0
11,9,9,0
11,9,10,0
11,9,11,0.023856293
11,9,12,0.023856293
11,9,13,0.42380102
11,9,14,0.42380102
11,9,15,0.719642857
11,9,16,0.719642857
11,9,17,0.829897959
11,9,18,0.829897959
11,9,19,0.856896259
11,9,20,0.856896259
11,9,21,0.87420068
11,9,22,0.87420068
11,9,23,0.880272109
11,9,24,0.880272109
11,9,25,0.878588435
11,9,26,0.878588435
11,9,27,0.867066327
11,9,28,0.867066327
11,9,29,0.848554422
11,9,30,0.848554422
11,9,31,0.793732993
11,9,32,0.793732993
11,9,33,0.670816327
11,9,34,0.670816327
11,9,35,0.253852041
11,9,36,0.253852041
11,9,37,0
11,9,38,0
11,9,39,0
11,9,40,0
11,9,41,0
11,9,42,0
11,9,43,0
11,9,44,0
11,9,45,0
11,9,46,0
11,9,47,0
11,9,48,0
11,10,1,0
11,10,2,0
11,10,3,0
11,10,4,0
11,10,5,0
11,10,6,0
11,10,7,0
11,10,8,0
11,10,9,0
11,10,10,0
11,10,11,0.033013605
11,10,12,0.033013605
11,10,13,0.499362245
11,10,14,0.499362245
11,10,15,0.781318027
11,10,16,0.781318027
11,10,17,0.862840136
11,10,18,0.862840136
11,10,19,0.877559524
11,10,20,0.877559524
11,10,21,0.890178571
11,10,22,0.890178571
11,10,23,0.892346939
11,10,24,0.892346939
11,10,25,0.885459184
11,10,26,0.885459184
11,10,27,0.880637755
11,10,28,0.880637755
11,10,29,0.861028912
11,10,30,0.861028912
11,10,31,0.827908163
11,10,32,0.827908163
11,10,33,0.748086735
11,10,34,0.748086735
11,10,35,0.304676871
11,10,36,0.304676871
11,10,37,0
11,10,38,0
11,10,39,0
11,10,40,0
11,10,41,0
11,10,42,0
11,10,43,0
11,10,44,0
11,10,45,0
11,10,46,0
11,10,47,0
11,10,48,0
11,11,1,0
11,11,2,0
11,11,3,0
11,11,4,0
11,11,5,0
11,11,6,0
11,11,7,0
11,11,8,0
11,11,9,0
11,11,10,0
11,11,11,0.03547619
11,11,12,0.03547619
11,11,13,0.52585034
11,11,14,0.52585034
11,11,15,0.795161565
11,11,16,0.795161565
11,11,17,0.862661565
11,11,18,0.862661565
11,11,19,0.885229592
11,11,20,0.885229592
11,11,21,0.89957483
11,11,22,0.89957483
11,11,23,0.904702381
11,11,24,0.904702381
11,11,25,0.900561224
11,11,26,0.900561224
11,11,27,0.896343537
11,11,28,0.896343537
11,11,29,0.880212585
11,11,30,0.880212585
11,11,31,0.842465986
11,11,32,0.842465986
11,11,33,0.771947279
11,11,34,0.771947279
11,11,35,0.325493197
11,11,36,0.325493197
11,11,37,0
11,11,38,0
11,11,39,0
11,11,40,0
11,11,41,0
11,11,42,0
11,11,43,0
11,11,44,0
11,11,45,0
11,11,46,0
11,11,47,0
11,11,48,0
11,12,1,0
11,12,2,0
11,12,3,0
11,12,4,0
11,12,5,0
11,12,6,0
11,12,7,0
11,12,8,0
11,12,9,0
11,12,10,0
11,12,11,0.037660714
11,12,12,0.037660714
11,12,13,0.535221088
11,12,14,0.535221088
11,12,15,0.807670068
11,12,16,0.807670068
11,12,17,0.871590136
11,12,18,0.871590136
11,12,19,0.891309524
11,12,20,0.891309524
11,12,21,0.90545068
11,12,22,0.90545068
11,12,23,0.912389456
11,12,24,0.912389456
11,12,25,0.908954082
11,12,26,0.908954082
11,12,27,0.90454932
11,12,28,0.90454932
11,12,29,0.888511905
11,12,30,0.888511905
11,12,31,0.852542517
11,12,32,0.852542517
11,12,33,0.781581633
11,12,34,0.781581633
11,12,35,0.339821429
11,12,36,0.339821429
11,12,37,0
11,12,38,0
11,12,39,0
11,12,40,0
11,12,41,0
11,12,42,0
11,12,43,0
11,12,44,0
11,12,45,0
11,12,46,0
11,12,47,0
11,12,48,0
11,13,1,0
11,13,2,0
11,13,3,0
11,13,4,0
11,13,5,0
11,13,6,0
11,13,7,0
11,13,8,0
11,13,9,0
11,13,10,0
11,13,11,0.03617517
11,13,12,0.03617517
11,13,13,0.512806122
11,13,14,0.512806122
11,13,15,0.78787415
11,13,16,0.78787415
11,13,17,0.871522109
11,13,18,0.871522109
11,13,19,0.885348639
11,13,20,0.885348639
11,13,21,0.9
11,13,22,0.9
11,13,23,0.907236395
11,13,24,0.907236395
11,13,25,0.907865646
11,13,26,0.907865646
11,13,27,0.901845238
11,13,28,0.901845238
11,13,29,0.882602041
11,13,30,0.882602041
11,13,31,0.848681973
11,13,32,0.848681973
11,13,33,0.761556122
11,13,34,0.761556122
11,13,35,0.331556122
11,13,36,0.331556122
11,13,37,0
11,13,38,0
11,13,39,0
11,13,40,0
11,13,41,0
11,13,42,0
11,13,43,0
11,13,44,0
11,13,45,0
11,13,46,0
11,13,47,0
11,13,48,0
11,14,1,0
11,14,2,0
11,14,3,0
11,14,4,0
11,14,5,0
11,14,6,0
11,14,7,0
11,14,8,0
11,14,9,0
11,14,10,0
11,14,11,0.023991497
11,14,12,0.023991497
11,14,13,0.320093537
11,14,14,0.320093537
11,14,15,0.429897959
11,14,16,0.429897959
11,14,17,0.585467687
11,14,18,0.585467687
11,14,19,0.839515306
11,14,20,0.839515306
11,14,21,0.903911565
11,14,22,0.903911565
11,14,23,0.912763605
11,14,24,0.912763605
11,14,25,0.909294218
11,14,26,0.909294218
11,14,27,0.898460884
11,14,28,0.898460884
11,14,29,0.877261905
11,14,30,0.877261905
11,14,31,0.842032313
11,14,32,0.842032313
11,14,33,0.757406463
11,14,34,0.757406463
11,14,35,0.328256803
11,14,36,0.328256803
11,14,37,0
11,14,38,0
11,14,39,0
11,14,40,0
11,14,41,0
11,14,42,0
11,14,43,0
11,14,44,0
11,14,45,0
11,14,46,0
11,14,47,0
11,14,48,0
11,15,1,0
11,15,2,0
11,15,3,0
11,15,4,0
11,15,5,0
11,15,6,0
11,15,7,0
11,15,8,0
11,15,9,0
11,15,10,0
11,15,11,0.035480442
11,15,12,0.035480442
11,15,13,0.50710034
11,15,14,0.50710034
11,15,15,0.757534014
11,15,16,0.757534014
11,15,17,0.847423469
11,15,18,0.847423469
11,15,19,0.882738095
11,15,20,0.882738095
11,15,21,0.896547619
11,15,22,0.896547619
11,15,23,0.903222789
11,15,24,0.903222789
11,15,25,0.900119048
11,15,26,0.900119048
11,15,27,0.892627551
11,15,28,0.892627551
11,15,29,0.877585034
11,15,30,0.877585034
11,15,31,0.84289966
11,15,32,0.84289966
11,15,33,0.778996599
11,15,34,0.778996599
11,15,35,0.356964286
11,15,36,0.356964286
11,15,37,0
11,15,38,0
11,15,39,0
11,15,40,0
11,15,41,0
11,15,42,0
11,15,43,0
11,15,44,0
11,15,45,0
11,15,46,0
11,15,47,0
11,15,48,0
11,16,1,0
11,16,2,0
11,16,3,0
11,16,4,0
11,16,5,0
11,16,6,0
11,16,7,0
11,16,8,0
11,16,9,0
11,16,10,0
11,16,11,0.037643707
11,16,12,0.037643707
11,16,13,0.516811224
11,16,14,0.516811224
11,16,15,0.775178571
11,16,16,0.775178571
11,16,17,0.845365646
11,16,18,0.845365646
11,16,19,0.863069728
11,16,20,0.863069728
11,16,21,0.877057823
11,16,22,0.877057823
11,16,23,0.883860544
11,16,24,0.883860544
11,16,25,0.881513605
11,16,26,0.881513605
11,16,27,0.874370748
11,16,28,0.874370748
11,16,29,0.856581633
11,16,30,0.856581633
11,16,31,0.824345238
11,16,32,0.824345238
11,16,33,0.741955782
11,16,34,0.741955782
11,16,35,0.340688776
11,16,36,0.340688776
11,16,37,0
11,16,38,0
11,16,39,0
11,16,40,0
11,16,41,0
11,16,42,0
11,16,43,0
11,16,44,0
11,16,45,0
11,16,46,0
11,16,47,0
11,16,48,0
11,17,1,0
11,17,2,0
11,17,3,0
11,17,4,0
11,17,5,0
11,17,6,0
11,17,7,0
11,17,8,0
11,17,9,0
11,17,10,0
11,17,11,0.039542517
11,17,12,0.039542517
11,17,13,0.518307823
11,17,14,0.518307823
11,17,15,0.784906463
11,17,16,0.784906463
11,17,17,0.854098639
11,17,18,0.854098639
11,17,19,0.876352041
11,17,20,0.876352041
11,17,21,0.889991497
11,17,22,0.889991497
11,17,23,0.894727891
11,17,24,0.894727891
11,17,25,0.893256803
11,17,26,0.893256803
11,17,27,0.888154762
11,17,28,0.888154762
11,17,29,0.87085034
11,17,30,0.87085034
11,17,31,0.833528912
11,17,32,0.833528912
11,17,33,0.761964286
11,17,34,0.761964286
11,17,35,0.356079932
11,17,36,0.356079932
11,17,37,0
11,17,38,0
11,17,39,0
11,17,40,0
11,17,41,0
11,17,42,0
11,17,43,0
11,17,44,0
11,17,45,0
11,17,46,0
11,17,47,0
11,17,48,0
11,18,1,0
11,18,2,0
11,18,3,0
11,18,4,0
11,18,5,0
11,18,6,0
11,18,7,0
11,18,8,0
11,18,9,0
11,18,10,0
11,18,11,0.039901361
11,18,12,0.039901361
11,18,13,0.525518707
11,18,14,0.525518707
11,18,15,0.786947279
11,18,16,0.786947279
11,18,17,0.85619898
11,18,18,0.85619898
11,18,19,0.87827381
11,18,20,0.87827381
11,18,21,0.893188776
11,18,22,0.893188776
11,18,23,0.898732993
11,18,24,0.898732993
11,18,25,0.892619048
11,18,26,0.892619048
11,18,27,0.884702381
11,18,28,0.884702381
11,18,29,0.867559524
11,18,30,0.867559524
11,18,31,0.828894558
11,18,32,0.828894558
11,18,33,0.75875
11,18,34,0.75875
11,18,35,0.36085034
11,18,36,0.36085034
11,18,37,0.001003146
11,18,38,0.001003146
11,18,39,0
11,18,40,0
11,18,41,0
11,18,42,0
11,18,43,0
11,18,44,0
11,18,45,0
11,18,46,0
11,18,47,0
11,18,48,0
11,19,1,0
11,19,2,0
11,19,3,0
11,19,4,0
11,19,5,0
11,19,6,0
11,19,7,0
11,19,8,0
11,19,9,0
11,19,10,0
11,19,11,0.041789116
11,19,12,0.041789116
11,19,13,0.518214286
11,19,14,0.518214286
11,19,15,0.767831633
11,19,16,0.767831633
11,19,17,0.833979592
11,19,18,0.833979592
11,19,19,0.855663265
11,19,20,0.855663265
11,19,21,0.870204082
11,19,22,0.870204082
11,19,23,0.877440476
11,19,24,0.877440476
11,19,25,0.876241497
11,19,26,0.876241497
11,19,27,0.869396259
11,19,28,0.869396259
11,19,29,0.848205782
11,19,30,0.848205782
11,19,31,0.815076531
11,19,32,0.815076531
11,19,33,0.753078231
11,19,34,0.753078231
11,19,35,0.364158163
11,19,36,0.364158163
11,19,37,0.001348044
11,19,38,0.001348044
11,19,39,0
11,19,40,0
11,19,41,0
11,19,42,0
11,19,43,0
11,19,44,0
11,19,45,0
11,19,46,0
11,19,47,0
11,19,48,0
11,20,1,0
11,20,2,0
11,20,3,0
11,20,4,0
11,20,5,0
11,20,6,0
11,20,7,0
11,20,8,0
11,20,9,0
11,20,10,0
11,20,11,0.040107143
11,20,12,0.040107143
11,20,13,0.511743197
11,20,14,0.511743197
11,20,15,0.763095238
11,20,16,0.763095238
11,20,17,0.830433673
11,20,18,0.830433673
11,20,19,0.850884354
11,20,20,0.850884354
11,20,21,0.865280612
11,20,22,0.865280612
11,20,23,0.869345238
11,20,24,0.869345238
11,20,25,0.866403061
11,20,26,0.866403061
11,20,27,0.863052721
11,20,28,0.863052721
11,20,29,0.830884354
11,20,30,0.830884354
11,20,31,0.807619048
11,20,32,0.807619048
11,20,33,0.620620748
11,20,34,0.620620748
11,20,35,0.147967687
11,20,36,0.147967687
11,20,37,0.001479082
11,20,38,0.001479082
11,20,39,0
11,20,40,0
11,20,41,0
11,20,42,0
11,20,43,0
11,20,44,0
11,20,45,0
11,20,46,0
11,20,47,0
11,20,48,0
11,21,1,0
11,21,2,0
11,21,3,0
11,21,4,0
11,21,5,0
11,21,6,0
11,21,7,0
11,21,8,0
11,21,9,0
11,21,10,0
11,21,11,0.039562925
11,21,12,0.039562925
11,21,13,0.500807823
11,21,14,0.500807823
11,21,15,0.745569728
11,21,16,0.745569728
11,21,17,0.827117347
11,21,18,0.827117347
11,21,19,0.842823129
11,21,20,0.842823129
11,21,21,0.855637755
11,21,22,0.855637755
11,21,23,0.858001701
11,21,24,0.858001701
11,21,25,0.851403061
11,21,26,0.851403061
11,21,27,0.841173469
11,21,28,0.841173469
11,21,29,0.823962585
11,21,30,0.823962585
11,21,31,0.795416667
11,21,32,0.795416667
11,21,33,0.664744898
11,21,34,0.664744898
11,21,35,0.326870748
11,21,36,0.326870748
11,21,37,0.000679082
11,21,38,0.000679082
11,21,39,0
11,21,40,0
11,21,41,0
11,21,42,0
11,21,43,0
11,21,44,0
11,21,45,0
11,21,46,0
11,21,47,0
11,21,48,0
11,22,1,0
11,22,2,0
11,22,3,0
11,22,4,0
11,22,5,0
11,22,6,0
11,22,7,0
11,22,8,0
11,22,9,0
11,22,10,0
11,22,11,0.030479592
11,22,12,0.030479592
11,22,13,0.427559524
11,22,14,0.427559524
11,22,15,0.695204082
11,22,16,0.695204082
11,22,17,0.805331633
11,22,18,0.805331633
11,22,19,0.840535714
11,22,20,0.840535714
11,22,21,0.863418367
11,22,22,0.863418367
11,22,23,0.866267007
11,22,24,0.866267007
11,22,25,0.858511905
11,22,26,0.858511905
11,22,27,0.845467687
11,22,28,0.845467687
11,22,29,0.820017007
11,22,30,0.820017007
11,22,31,0.706173469
11,22,32,0.706173469
11,22,33,0.589812925
11,22,34,0.589812925
11,22,35,0.20914966
11,22,36,0.20914966
11,22,37,0.001184694
11,22,38,0.001184694
11,22,39,0
11,22,40,0
11,22,41,0
11,22,42,0
11,22,43,0
11,22,44,0
11,22,45,0
11,22,46,0
11,22,47,0
11,22,48,0
11,23,1,0
11,23,2,0
11,23,3,0
11,23,4,0
11,23,5,0
11,23,6,0
11,23,7,0
11,23,8,0
11,23,9,0
11,23,10,0
11,23,11,0.02835034
11,23,12,0.02835034
11,23,13,0.406003401
11,23,14,0.406003401
11,23,15,0.670289116
11,23,16,0.670289116
11,23,17,0.793971088
11,23,18,0.793971088
11,23,19,0.842040816
11,23,20,0.842040816
11,23,21,0.860204082
11,23,22,0.860204082
11,23,23,0.86662415
11,23,24,0.86662415
11,23,25,0.861403061
11,23,26,0.861403061
11,23,27,0.846267007
11,23,28,0.846267007
11,23,29,0.817755102
11,23,30,0.817755102
11,23,31,0.750637755
11,23,32,0.750637755
11,23,33,0.620255102
11,23,34,0.620255102
11,23,35,0.241343537
11,23,36,0.241343537
11,23,37,0.001604422
11,23,38,0.001604422
11,23,39,0
11,23,40,0
11,23,41,0
11,23,42,0
11,23,43,0
11,23,44,0
11,23,45,0
11,23,46,0
11,23,47,0
11,23,48,0
11,24,1,0
11,24,2,0
11,24,3,0
11,24,4,0
11,24,5,0
11,24,6,0
11,24,7,0
11,24,8,0
11,24,9,0
11,24,10,0
11,24,11,0.038896259
11,24,12,0.038896259
11,24,13,0.494634354
11,24,14,0.494634354
11,24,15,0.749736395
11,24,16,0.749736395
11,24,17,0.829013605
11,24,18,0.829013605
11,24,19,0.849634354
11,24,20,0.849634354
11,24,21,0.86582483
11,24,22,0.86582483
11,24,23,0.870527211
11,24,24,0.870527211
11,24,25,0.86667517
11,24,26,0.86667517
11,24,27,0.857823129
11,24,28,0.857823129
11,24,29,0.83707483
11,24,30,0.83707483
11,24,31,0.808282313
11,24,32,0.808282313
11,24,33,0.731156463
11,24,34,0.731156463
11,24,35,0.373681973
11,24,36,0.373681973
11,24,37,0.005380612
11,24,38,0.005380612
11,24,39,0
11,24,40,0
11,24,41,0
11,24,42,0
11,24,43,0
11,24,44,0
11,24,45,0
11,24,46,0
11,24,47,0
11,24,48,0
11,25,1,0
11,25,2,0
11,25,3,0
11,25,4,0
11,25,5,0
11,25,6,0
11,25,7,0
11,25,8,0
11,25,9,0
11,25,10,0
11,25,11,0.039355442
11,25,12,0.039355442
11,25,13,0.500535714
11,25,14,0.500535714
11,25,15,0.748528912
11,25,16,0.748528912
11,25,17,0.835144558
11,25,18,0.835144558
11,25,19,0.851556122
11,25,20,0.851556122
11,25,21,0.867933673
11,25,22,0.867933673
11,25,23,0.875688776
11,25,24,0.875688776
11,25,25,0.873154762
11,25,26,0.873154762
11,25,27,0.837185374
11,25,28,0.837185374
11,25,29,0.690552721
11,25,30,0.690552721
11,25,31,0.789345238
11,25,32,0.789345238
11,25,33,0.626335034
11,25,34,0.626335034
11,25,35,0.297831633
11,25,36,0.297831633
11,25,37,0.00045682
11,25,38,0.00045682
11,25,39,0
11,25,40,0
11,25,41,0
11,25,42,0
11,25,43,0
11,25,44,0
11,25,45,0
11,25,46,0
11,25,47,0
11,25,48,0
11,26,1,0
11,26,2,0
11,26,3,0
11,26,4,0
11,26,5,0
11,26,6,0
11,26,7,0
11,26,8,0
11,26,9,0
11,26,10,0
11,26,11,0.041094388
11,26,12,0.041094388
11,26,13,0.514268707
11,26,14,0.514268707
11,26,15,0.758979592
11,26,16,0.758979592
11,26,17,0.840221088
11,26,18,0.840221088
11,26,19,0.868792517
11,26,20,0.868792517
11,26,21,0.886853741
11,26,22,0.886853741
11,26,23,0.893426871
11,26,24,0.893426871
11,26,25,0.891794218
11,26,26,0.891794218
11,26,27,0.886539116
11,26,28,0.886539116
11,26,29,0.865748299
11,26,30,0.865748299
11,26,31,0.832312925
11,26,32,0.832312925
11,26,33,0.753265306
11,26,34,0.753265306
11,26,35,0.388197279
11,26,36,0.388197279
11,26,37,0.005984014
11,26,38,0.005984014
11,26,39,0
11,26,40,0
11,26,41,0
11,26,42,0
11,26,43,0
11,26,44,0
11,26,45,0
11,26,46,0
11,26,47,0
11,26,48,0
11,27,1,0
11,27,2,0
11,27,3,0
11,27,4,0
11,27,5,0
11,27,6,0
11,27,7,0
11,27,8,0
11,27,9,0
11,27,10,0
11,27,11,0.041459184
11,27,12,0.041459184
11,27,13,0.520255102
11,27,14,0.520255102
11,27,15,0.769991497
11,27,16,0.769991497
11,27,17,0.847397959
11,27,18,0.847397959
11,27,19,0.86962585
11,27,20,0.86962585
11,27,21,0.883171769
11,27,22,0.883171769
11,27,23,0.888392857
11,27,24,0.888392857
11,27,25,0.886488095
11,27,26,0.886488095
11,27,27,0.88077381
11,27,28,0.88077381
11,27,29,0.865544218
11,27,30,0.865544218
11,27,31,0.829302721
11,27,32,0.829302721
11,27,33,0.758979592
11,27,34,0.758979592
11,27,35,0.407508503
11,27,36,0.407508503
11,27,37,0.00904932
11,27,38,0.00904932
11,27,39,0
11,27,40,0
11,27,41,0
11,27,42,0
11,27,43,0
11,27,44,0
11,27,45,0
11,27,46,0
11,27,47,0
11,27,48,0
11,28,1,0
11,28,2,0
11,28,3,0
11,28,4,0
11,28,5,0
11,28,6,0
11,28,7,0
11,28,8,0
11,28,9,0
11,28,10,0
11,28,11,0.043788265
11,28,12,0.043788265
11,28,13,0.524940476
11,28,14,0.524940476
11,28,15,0.769634354
11,28,16,0.769634354
11,28,17,0.84329932
11,28,18,0.84329932
11,28,19,0.865144558
11,28,20,0.865144558
11,28,21,0.88207483
11,28,22,0.88207483
11,28,23,0.889141156
11,28,24,0.889141156
11,28,25,0.886241497
11,28,26,0.886241497
11,28,27,0.881215986
11,28,28,0.881215986
11,28,29,0.864081633
11,28,30,0.864081633
11,28,31,0.828256803
11,28,32,0.828256803
11,28,33,0.760926871
11,28,34,0.760926871
11,28,35,0.415688776
11,28,36,0.415688776
11,28,37,0.009693027
11,28,38,0.009693027
11,28,39,0
11,28,40,0
11,28,41,0
11,28,42,0
11,28,43,0
11,28,44,0
11,28,45,0
11,28,46,0
11,28,47,0
11,28,48,0
11,29,1,0
11,29,2,0
11,29,3,0
11,29,4,0
11,29,5,0
11,29,6,0
11,29,7,0
11,29,8,0
11,29,9,0
11,29,10,0
11,29,11,0.043501701
11,29,12,0.043501701
11,29,13,0.52332483
11,29,14,0.52332483
11,29,15,0.764855442
11,29,16,0.764855442
11,29,17,0.837346939
11,29,18,0.837346939
11,29,19,0.854991497
11,29,20,0.854991497
11,29,21,0.871403061
11,29,22,0.871403061
11,29,23,0.881547619
11,29,24,0.881547619
11,29,25,0.880765306
11,29,26,0.880765306
11,29,27,0.876241497
11,29,28,0.876241497
11,29,29,0.860408163
11,29,30,0.860408163
11,29,31,0.826079932
11,29,32,0.826079932
11,29,33,0.759710884
11,29,34,0.759710884
11,29,35,0.421318027
11,29,36,0.421318027
11,29,37,0.011451531
11,29,38,0.011451531
11,29,39,0
11,29,40,0
11,29,41,0
11,29,42,0
11,29,43,0
11,29,44,0
11,29,45,0
11,29,46,0
11,29,47,0
11,29,48,0
11,30,1,0
11,30,2,0
11,30,3,0
11,30,4,0
11,30,5,0
11,30,6,0
11,30,7,0
11,30,8,0
11,30,9,0
11,30,10,0
11,30,11,0.039747449
11,30,12,0.039747449
11,30,13,0.496947279
11,30,14,0.496947279
11,30,15,0.728758503
11,30,16,0.728758503
11,30,17,0.80912415
11,30,18,0.80912415
11,30,19,0.833137755
11,30,20,0.833137755
11,30,21,0.848613946
11,30,22,0.848613946
11,30,23,0.858579932
11,30,24,0.858579932
11,30,25,0.859158163
11,30,26,0.859158163
11,30,27,0.854362245
11,30,28,0.854362245
11,30,29,0.834404762
11,30,30,0.834404762
11,30,31,0.794727891
11,30,32,0.794727891
11,30,33,0.724880952
11,30,34,0.724880952
11,30,35,0.394498299
11,30,36,0.394498299
11,30,37,0.006389201
11,30,38,0.006389201
11,30,39,0
11,30,40,0
11,30,41,0
11,30,42,0
11,30,43,0
11,30,44,0
11,30,45,0
11,30,46,0
11,30,47,0
11,30,48,0
12,1,1,0
12,1,2,0
12,1,3,0
12,1,4,0
12,1,5,0
12,1,6,0
12,1,7,0
12,1,8,0
12,1,9,0
12,1,10,0
12,1,11,0.033409864
12,1,12,0.033409864
12,1,13,0.450153061
12,1,14,0.450153061
12,1,15,0.699056122
12,1,16,0.699056122
12,1,17,0.797772109
12,1,18,0.797772109
12,1,19,0.818197279
12,1,20,0.818197279
12,1,21,0.838027211
12,1,22,0.838027211
12,1,23,0.84960034
12,1,24,0.84960034
12,1,25,0.849795918
12,1,26,0.849795918
12,1,27,0.842585034
12,1,28,0.842585034
12,1,29,0.80380102
12,1,30,0.80380102
12,1,31,0.779821429
12,1,32,0.779821429
12,1,33,0.627772109
12,1,34,0.627772109
12,1,35,0.365935374
12,1,36,0.365935374
12,1,37,0.010093537
12,1,38,0.010093537
12,1,39,0
12,1,40,0
12,1,41,0
12,1,42,0
12,1,43,0
12,1,44,0
12,1,45,0
12,1,46,0
12,1,47,0
12,1,48,0
12,2,1,0
12,2,2,0
12,2,3,0
12,2,4,0
12,2,5,0
12,2,6,0
12,2,7,0
12,2,8,0
12,2,9,0
12,2,10,0
12,2,11,0.016252551
12,2,12,0.016252551
12,2,13,0.214098639
12,2,14,0.214098639
12,2,15,0.214957483
12,2,16,0.214957483
12,2,17,0.427653061
12,2,18,0.427653061
12,2,19,0.534209184
12,2,20,0.534209184
12,2,21,0.620144558
12,2,22,0.620144558
12,2,23,0.362721088
12,2,24,0.362721088
12,2,25,0.372823129
12,2,26,0.372823129
12,2,27,0.473715986
12,2,28,0.473715986
12,2,29,0.459566327
12,2,30,0.459566327
12,2,31,0.151411565
12,2,32,0.151411565
12,2,33,0.076910714
12,2,34,0.076910714
12,2,35,0.065784014
12,2,36,0.065784014
12,2,37,0
12,2,38,0
12,2,39,0
12,2,40,0
12,2,41,0
12,2,42,0
12,2,43,0
12,2,44,0
12,2,45,0
12,2,46,0
12,2,47,0
12,2,48,0
12,3,1,0
12,3,2,0
12,3,3,0
12,3,4,0
12,3,5,0
12,3,6,0
12,3,7,0
12,3,8,0
12,3,9,0
12,3,10,0
12,3,11,0.013137755
12,3,12,0.013137755
12,3,13,0.363452381
12,3,14,0.363452381
12,3,15,0.350280612
12,3,16,0.350280612
12,3,17,0.169532313
12,3,18,0.169532313
12,3,19,0.213647959
12,3,20,0.213647959
12,3,21,0.661794218
12,3,22,0.661794218
12,3,23,0.59164966
12,3,24,0.59164966
12,3,25,0.382568027
12,3,26,0.382568027
12,3,27,0.26877551
12,3,28,0.26877551
12,3,29,0.120731293
12,3,30,0.120731293
12,3,31,0.273316327
12,3,32,0.273316327
12,3,33,0.376139456
12,3,34,0.376139456
12,3,35,0.046670068
12,3,36,0.046670068
12,3,37,0
12,3,38,0
12,3,39,0
12,3,40,0
12,3,41,0
12,3,42,0
12,3,43,0
12,3,44,0
12,3,45,0
12,3,46,0
12,3,47,0
12,3,48,0
12,4,1,0
12,4,2,0
12,4,3,0
12,4,4,0
12,4,5,0
12,4,6,0
12,4,7,0
12,4,8,0
12,4,9,0
12,4,10,0
12,4,11,0.014385204
12,4,12,0.014385204
12,4,13,0.214302721
12,4,14,0.214302721
12,4,15,0.223333333
12,4,16,0.223333333
12,4,17,0.664804422
12,4,18,0.664804422
12,4,19,0.831113946
12,4,20,0.831113946
12,4,21,0.772321429
12,4,22,0.772321429
12,4,23,0.807253401
12,4,24,0.807253401
12,4,25,0.847568027
12,4,26,0.847568027
12,4,27,0.830841837
12,4,28,0.830841837
12,4,29,0.727610544
12,4,30,0.727610544
12,4,31,0.384404762
12,4,32,0.384404762
12,4,33,0.198852041
12,4,34,0.198852041
12,4,35,0.082508503
12,4,36,0.082508503
12,4,37,0.002648469
12,4,38,0.002648469
12,4,39,0
12,4,40,0
12,4,41,0
12,4,42,0
12,4,43,0
12,4,44,0
12,4,45,0
12,4,46,0
12,4,47,0
12,4,48,0
12,5,1,0
12,5,2,0
12,5,3,0
12,5,4,0
12,5,5,0
12,5,6,0
12,5,7,0
12,5,8,0
12,5,9,0
12,5,10,0
12,5,11,0.03202466
12,5,12,0.03202466
12,5,13,0.449030612
12,5,14,0.449030612
12,5,15,0.62380102
12,5,16,0.62380102
12,5,17,0.415204082
12,5,18,0.415204082
12,5,19,0.335255102
12,5,20,0.335255102
12,5,21,0.552780612
12,5,22,0.552780612
12,5,23,0.77462585
12,5,24,0.77462585
12,5,25,0.841530612
12,5,26,0.841530612
12,5,27,0.841309524
12,5,28,0.841309524
12,5,29,0.715102041
12,5,30,0.715102041
12,5,31,0.70829932
12,5,32,0.70829932
12,5,33,0.350161565
12,5,34,0.350161565
12,5,35,0.119328231
12,5,36,0.119328231
12,5,37,0.008712585
12,5,38,0.008712585
12,5,39,0
12,5,40,0
12,5,41,0
12,5,42,0
12,5,43,0
12,5,44,0
12,5,45,0
12,5,46,0
12,5,47,0
12,5,48,0
12,6,1,0
12,6,2,0
12,6,3,0
12,6,4,0
12,6,5,0
12,6,6,0
12,6,7,0
12,6,8,0
12,6,9,0
12,6,10,0
12,6,11,0.032789966
12,6,12,0.032789966
12,6,13,0.424736395
12,6,14,0.424736395
12,6,15,0.695833333
12,6,16,0.695833333
12,6,17,0.811462585
12,6,18,0.811462585
12,6,19,0.843920068
12,6,20,0.843920068
12,6,21,0.85872449
12,6,22,0.85872449
12,6,23,0.863316327
12,6,24,0.863316327
12,6,25,0.830416667
12,6,26,0.830416667
12,6,27,0.857772109
12,6,28,0.857772109
12,6,29,0.834107143
12,6,30,0.834107143
12,6,31,0.805144558
12,6,32,0.805144558
12,6,33,0.722032313
12,6,34,0.722032313
12,6,35,0.426284014
12,6,36,0.426284014
12,6,37,0.018992347
12,6,38,0.018992347
12,6,39,0
12,6,40,0
12,6,41,0
12,6,42,0
12,6,43,0
12,6,44,0
12,6,45,0
12,6,46,0
12,6,47,0
12,6,48,0
12,7,1,0
12,7,2,0
12,7,3,0
12,7,4,0
12,7,5,0
12,7,6,0
12,7,7,0
12,7,8,0
12,7,9,0
12,7,10,0
12,7,11,0.035202381
12,7,12,0.035202381
12,7,13,0.479744898
12,7,14,0.479744898
12,7,15,0.729583333
12,7,16,0.729583333
12,7,17,0.811989796
12,7,18,0.811989796
12,7,19,0.838282313
12,7,20,0.838282313
12,7,21,0.853664966
12,7,22,0.853664966
12,7,23,0.85920068
12,7,24,0.85920068
12,7,25,0.800161565
12,7,26,0.800161565
12,7,27,0.803052721
12,7,28,0.803052721
12,7,29,0.64747449
12,7,30,0.64747449
12,7,31,0.73662415
12,7,32,0.73662415
12,7,33,0.729302721
12,7,34,0.729302721
12,7,35,0.313818027
12,7,36,0.313818027
12,7,37,0.014665816
12,7,38,0.014665816
12,7,39,0
12,7,40,0
12,7,41,0
12,7,42,0
12,7,43,0
12,7,44,0
12,7,45,0
12,7,46,0
12,7,47,0
12,7,48,0
12,8,1,0
12,8,2,0
12,8,3,0
12,8,4,0
12,8,5,0
12,8,6,0
12,8,7,0
12,8,8,0
12,8,9,0
12,8,10,0
12,8,11,0.004607313
12,8,12,0.004607313
12,8,13,0.170790816
12,8,14,0.170790816
12,8,15,0.15789966
12,8,16,0.15789966
12,8,17,0.455161565
12,8,18,0.455161565
12,8,19,0.52287415
12,8,20,0.52287415
12,8,21,0.801113946
12,8,22,0.801113946
12,8,23,0.850365646
12,8,24,0.850365646
12,8,25,0.813214286
12,8,26,0.813214286
12,8,27,0.802908163
12,8,28,0.802908163
12,8,29,0.747066327
12,8,30,0.747066327
12,8,31,0.435357143
12,8,32,0.435357143
12,8,33,0.088528912
12,8,34,0.088528912
12,8,35,0.291215986
12,8,36,0.291215986
12,8,37,0.010693878
12,8,38,0.010693878
12,8,39,0
12,8,40,0
12,8,41,0
12,8,42,0
12,8,43,0
12,8,44,0
12,8,45,0
12,8,46,0
12,8,47,0
12,8,48,0
12,9,1,0
12,9,2,0
12,9,3,0
12,9,4,0
12,9,5,0
12,9,6,0
12,9,7,0
12,9,8,0
12,9,9,0
12,9,10,0
12,9,11,0.032111395
12,9,12,0.032111395
12,9,13,0.474778912
12,9,14,0.474778912
12,9,15,0.722363946
12,9,16,0.722363946
12,9,17,0.815
12,9,18,0.815
12,9,19,0.83297619
12,9,20,0.83297619
12,9,21,0.84755102
12,9,22,0.84755102
12,9,23,0.861258503
12,9,24,0.861258503
12,9,25,0.865034014
12,9,26,0.865034014
12,9,27,0.858503401
12,9,28,0.858503401
12,9,29,0.821632653
12,9,30,0.821632653
12,9,31,0.79707483
12,9,32,0.79707483
12,9,33,0.713758503
12,9,34,0.713758503
12,9,35,0.442219388
12,9,36,0.442219388
12,9,37,0.022415816
12,9,38,0.022415816
12,9,39,0
12,9,40,0
12,9,41,0
12,9,42,0
12,9,43,0
12,9,44,0
12,9,45,0
12,9,46,0
12,9,47,0
12,9,48,0
12,10,1,0
12,10,2,0
12,10,3,0
12,10,4,0
12,10,5,0
12,10,6,0
12,10,7,0
12,10,8,0
12,10,9,0
12,10,10,0
12,10,11,0.031176871
12,10,12,0.031176871
12,10,13,0.453452381
12,10,14,0.453452381
12,10,15,0.717891156
12,10,16,0.717891156
12,10,17,0.816420068
12,10,18,0.816420068
12,10,19,0.843163265
12,10,20,0.843163265
12,10,21,0.864447279
12,10,22,0.864447279
12,10,23,0.873622449
12,10,24,0.873622449
12,10,25,0.874047619
12,10,26,0.874047619
12,10,27,0.867406463
12,10,28,0.867406463
12,10,29,0.845297619
12,10,30,0.845297619
12,10,31,0.812457483
12,10,32,0.812457483
12,10,33,0.729651361
12,10,34,0.729651361
12,10,35,0.441028912
12,10,36,0.441028912
12,10,37,0.024512755
12,10,38,0.024512755
12,10,39,0
12,10,40,0
12,10,41,0
12,10,42,0
12,10,43,0
12,10,44,0
12,10,45,0
12,10,46,0
12,10,47,0
12,10,48,0
12,11,1,0
12,11,2,0
12,11,3,0
12,11,4,0
12,11,5,0
12,11,6,0
12,11,7,0
12,11,8,0
12,11,9,0
12,11,10,0
12,11,11,0.02660119
12,11,12,0.02660119
12,11,13,0.423681973
12,11,14,0.423681973
12,11,15,0.6975
12,11,16,0.6975
12,11,17,0.807253401
12,11,18,0.807253401
12,11,19,0.838367347
12,11,20,0.838367347
12,11,21,0.858988095
12,11,22,0.858988095
12,11,23,0.865816327
12,11,24,0.865816327
12,11,25,0.865603741
12,11,26,0.865603741
12,11,27,0.861998299
12,11,28,0.861998299
12,11,29,0.842457483
12,11,30,0.842457483
12,11,31,0.800323129
12,11,32,0.800323129
12,11,33,0.701930272
12,11,34,0.701930272
12,11,35,0.409013605
12,11,36,0.409013605
12,11,37,0.020606293
12,11,38,0.020606293
12,11,39,0
12,11,40,0
12,11,41,0
12,11,42,0
12,11,43,0
12,11,44,0
12,11,45,0
12,11,46,0
12,11,47,0
12,11,48,0
12,12,1,0
12,12,2,0
12,12,3,0
12,12,4,0
12,12,5,0
12,12,6,0
12,12,7,0
12,12,8,0
12,12,9,0
12,12,10,0
12,12,11,0.026676871
12,12,12,0.026676871
12,12,13,0.435484694
12,12,14,0.435484694
12,12,15,0.709294218
12,12,16,0.709294218
12,12,17,0.818639456
12,12,18,0.818639456
12,12,19,0.851335034
12,12,20,0.851335034
12,12,21,0.86579932
12,12,22,0.86579932
12,12,23,0.876020408
12,12,24,0.876020408
12,12,25,0.876641156
12,12,26,0.876641156
12,12,27,0.867423469
12,12,28,0.867423469
12,12,29,0.852823129
12,12,30,0.852823129
12,12,31,0.811496599
12,12,32,0.811496599
12,12,33,0.716088435
12,12,34,0.716088435
12,12,35,0.427695578
12,12,36,0.427695578
12,12,37,0.025443027
12,12,38,0.025443027
12,12,39,0
12,12,40,0
12,12,41,0
12,12,42,0
12,12,43,0
12,12,44,0
12,12,45,0
12,12,46,0
12,12,47,0
12,12,48,0
12,13,1,0
12,13,2,0
12,13,3,0
12,13,4,0
12,13,5,0
12,13,6,0
12,13,7,0
12,13,8,0
12,13,9,0
12,13,10,0
12,13,11,0.026758503
12,13,12,0.026758503
12,13,13,0.448605442
12,13,14,0.448605442
12,13,15,0.723239796
12,13,16,0.723239796
12,13,17,0.823256803
12,13,18,0.823256803
12,13,19,0.848103741
12,13,20,0.848103741
12,13,21,0.866122449
12,13,22,0.866122449
12,13,23,0.875867347
12,13,24,0.875867347
12,13,25,0.876028912
12,13,26,0.876028912
12,13,27,0.86702381
12,13,28,0.86702381
12,13,29,0.848061224
12,13,30,0.848061224
12,13,31,0.816717687
12,13,32,0.816717687
12,13,33,0.73452381
12,13,34,0.73452381
12,13,35,0.451122449
12,13,36,0.451122449
12,13,37,0.026295068
12,13,38,0.026295068
12,13,39,0
12,13,40,0
12,13,41,0
12,13,42,0
12,13,43,0
12,13,44,0
12,13,45,0
12,13,46,0
12,13,47,0
12,13,48,0
12,14,1,0
12,14,2,0
12,14,3,0
12,14,4,0
12,14,5,0
12,14,6,0
12,14,7,0
12,14,8,0
12,14,9,0
12,14,10,0
12,14,11,0.026381803
12,14,12,0.026381803
12,14,13,0.460187075
12,14,14,0.460187075
12,14,15,0.738052721
12,14,16,0.738052721
12,14,17,0.83747449
12,14,18,0.83747449
12,14,19,0.861241497
12,14,20,0.861241497
12,14,21,0.878061224
12,14,22,0.878061224
12,14,23,0.885221088
12,14,24,0.885221088
12,14,25,0.879702381
12,14,26,0.879702381
12,14,27,0.868732993
12,14,28,0.868732993
12,14,29,0.849668367
12,14,30,0.849668367
12,14,31,0.817891156
12,14,32,0.817891156
12,14,33,0.740858844
12,14,34,0.740858844
12,14,35,0.469141156
12,14,36,0.469141156
12,14,37,0.032887755
12,14,38,0.032887755
12,14,39,0
12,14,40,0
12,14,41,0
12,14,42,0
12,14,43,0
12,14,44,0
12,14,45,0
12,14,46,0
12,14,47,0
12,14,48,0
12,15,1,0
12,15,2,0
12,15,3,0
12,15,4,0
12,15,5,0
12,15,6,0
12,15,7,0
12,15,8,0
12,15,9,0
12,15,10,0
12,15,11,0.026128401
12,15,12,0.026128401
12,15,13,0.460110544
12,15,14,0.460110544
12,15,15,0.737687075
12,15,16,0.737687075
12,15,17,0.833282313
12,15,18,0.833282313
12,15,19,0.854668367
12,15,20,0.854668367
12,15,21,0.871113946
12,15,22,0.871113946
12,15,23,0.878843537
12,15,24,0.878843537
12,15,25,0.87494898
12,15,26,0.87494898
12,15,27,0.865918367
12,15,28,0.865918367
12,15,29,0.848188776
12,15,30,0.848188776
12,15,31,0.817984694
12,15,32,0.817984694
12,15,33,0.737755102
12,15,34,0.737755102
12,15,35,0.475204082
12,15,36,0.475204082
12,15,37,0.03324915
12,15,38,0.03324915
12,15,39,0
12,15,40,0
12,15,41,0
12,15,42,0
12,15,43,0
12,15,44,0
12,15,45,0
12,15,46,0
12,15,47,0
12,15,48,0
12,16,1,0
12,16,2,0
12,16,3,0
12,16,4,0
12,16,5,0
12,16,6,0
12,16,7,0
12,16,8,0
12,16,9,0
12,16,10,0
12,16,11,0.025346088
12,16,12,0.025346088
12,16,13,0.440595238
12,16,14,0.440595238
12,16,15,0.717593537
12,16,16,0.717593537
12,16,17,0.814659864
12,16,18,0.814659864
12,16,19,0.833792517
12,16,20,0.833792517
12,16,21,0.847908163
12,16,22,0.847908163
12,16,23,0.857440476
12,16,24,0.857440476
12,16,25,0.85755102
12,16,26,0.85755102
12,16,27,0.852261905
12,16,28,0.852261905
12,16,29,0.836530612
12,16,30,0.836530612
12,16,31,0.80792517
12,16,32,0.80792517
12,16,33,0.731692177
12,16,34,0.731692177
12,16,35,0.468137755
12,16,36,0.468137755
12,16,37,0.035647109
12,16,38,0.035647109
12,16,39,0
12,16,40,0
12,16,41,0
12,16,42,0
12,16,43,0
12,16,44,0
12,16,45,0
12,16,46,0
12,16,47,0
12,16,48,0
12,17,1,0
12,17,2,0
12,17,3,0
12,17,4,0
12,17,5,0
12,17,6,0
12,17,7,0
12,17,8,0
12,17,9,0
12,17,10,0
12,17,11,0.023123299
12,17,12,0.023123299
12,17,13,0.440901361
12,17,14,0.440901361
12,17,15,0.726147959
12,17,16,0.726147959
12,17,17,0.824234694
12,17,18,0.824234694
12,17,19,0.848767007
12,17,20,0.848767007
12,17,21,0.870858844
12,17,22,0.870858844
12,17,23,0.88420068
12,17,24,0.88420068
12,17,25,0.88122449
12,17,26,0.88122449
12,17,27,0.874778912
12,17,28,0.874778912
12,17,29,0.857576531
12,17,30,0.857576531
12,17,31,0.827244898
12,17,32,0.827244898
12,17,33,0.752295918
12,17,34,0.752295918
12,17,35,0.483954082
12,17,36,0.483954082
12,17,37,0.037873299
12,17,38,0.037873299
12,17,39,0
12,17,40,0
12,17,41,0
12,17,42,0
12,17,43,0
12,17,44,0
12,17,45,0
12,17,46,0
12,17,47,0
12,17,48,0
12,18,1,0
12,18,2,0
12,18,3,0
12,18,4,0
12,18,5,0
12,18,6,0
12,18,7,0
12,18,8,0
12,18,9,0
12,18,10,0
12,18,11,0.024602891
12,18,12,0.024602891
12,18,13,0.467363946
12,18,14,0.467363946
12,18,15,0.754158163
12,18,16,0.754158163
12,18,17,0.84252551
12,18,18,0.84252551
12,18,19,0.866972789
12,18,20,0.866972789
12,18,21,0.881343537
12,18,22,0.881343537
12,18,23,0.893792517
12,18,24,0.893792517
12,18,25,0.889481293
12,18,26,0.889481293
12,18,27,0.883001701
12,18,28,0.883001701
12,18,29,0.868044218
12,18,30,0.868044218
12,18,31,0.834234694
12,18,32,0.834234694
12,18,33,0.771938776
12,18,34,0.771938776
12,18,35,0.515680272
12,18,36,0.515680272
12,18,37,0.042102891
12,18,38,0.042102891
12,18,39,0
12,18,40,0
12,18,41,0
12,18,42,0
12,18,43,0
12,18,44,0
12,18,45,0
12,18,46,0
12,18,47,0
12,18,48,0
12,19,1,0
12,19,2,0
12,19,3,0
12,19,4,0
12,19,5,0
12,19,6,0
12,19,7,0
12,19,8,0
12,19,9,0
12,19,10,0
12,19,11,0.02322534
12,19,12,0.02322534
12,19,13,0.469107143
12,19,14,0.469107143
12,19,15,0.75119898
12,19,16,0.75119898
12,19,17,0.839651361
12,19,18,0.839651361
12,19,19,0.864821429
12,19,20,0.864821429
12,19,21,0.879982993
12,19,22,0.879982993
12,19,23,0.88335034
12,19,24,0.88335034
12,19,25,0.871904762
12,19,26,0.871904762
12,19,27,0.861292517
12,19,28,0.861292517
12,19,29,0.845323129
12,19,30,0.845323129
12,19,31,0.815280612
12,19,32,0.815280612
12,19,33,0.74622449
12,19,34,0.74622449
12,19,35,0.513163265
12,19,36,0.513163265
12,19,37,0.043760204
12,19,38,0.043760204
12,19,39,0
12,19,40,0
12,19,41,0
12,19,42,0
12,19,43,0
12,19,44,0
12,19,45,0
12,19,46,0
12,19,47,0
12,19,48,0
12,20,1,0
12,20,2,0
12,20,3,0
12,20,4,0
12,20,5,0
12,20,6,0
12,20,7,0
12,20,8,0
12,20,9,0
12,20,10,0
12,20,11,0.02052381
12,20,12,0.02052381
12,20,13,0.438937075
12,20,14,0.438937075
12,20,15,0.724056122
12,20,16,0.724056122
12,20,17,0.831938776
12,20,18,0.831938776
12,20,19,0.858248299
12,20,20,0.858248299
12,20,21,0.882134354
12,20,22,0.882134354
12,20,23,0.886819728
12,20,24,0.886819728
12,20,25,0.877942177
12,20,26,0.877942177
12,20,27,0.866471088
12,20,28,0.866471088
12,20,29,0.834591837
12,20,30,0.834591837
12,20,31,0.817916667
12,20,32,0.817916667
12,20,33,0.745195578
12,20,34,0.745195578
12,20,35,0.504991497
12,20,36,0.504991497
12,20,37,0.045151361
12,20,38,0.045151361
12,20,39,0
12,20,40,0
12,20,41,0
12,20,42,0
12,20,43,0
12,20,44,0
12,20,45,0
12,20,46,0
12,20,47,0
12,20,48,0
12,21,1,0
12,21,2,0
12,21,3,0
12,21,4,0
12,21,5,0
12,21,6,0
12,21,7,0
12,21,8,0
12,21,9,0
12,21,10,0
12,21,11,0.021870748
12,21,12,0.021870748
12,21,13,0.450161565
12,21,14,0.450161565
12,21,15,0.729022109
12,21,16,0.729022109
12,21,17,0.815263605
12,21,18,0.815263605
12,21,19,0.841615646
12,21,20,0.841615646
12,21,21,0.866164966
12,21,22,0.866164966
12,21,23,0.876318027
12,21,24,0.876318027
12,21,25,0.872355442
12,21,26,0.872355442
12,21,27,0.862517007
12,21,28,0.862517007
12,21,29,0.84210034
12,21,30,0.84210034
12,21,31,0.80417517
12,21,32,0.80417517
12,21,33,0.740527211
12,21,34,0.740527211
12,21,35,0.510255102
12,21,36,0.510255102
12,21,37,0.048947279
12,21,38,0.048947279
12,21,39,0
12,21,40,0
12,21,41,0
12,21,42,0
12,21,43,0
12,21,44,0
12,21,45,0
12,21,46,0
12,21,47,0
12,21,48,0
12,22,1,0
12,22,2,0
12,22,3,0
12,22,4,0
12,22,5,0
12,22,6,0
12,22,7,0
12,22,8,0
12,22,9,0
12,22,10,0
12,22,11,0.01967517
12,22,12,0.01967517
12,22,13,0.447057823
12,22,14,0.447057823
12,22,15,0.731326531
12,22,16,0.731326531
12,22,17,0.817755102
12,22,18,0.817755102
12,22,19,0.840518707
12,22,20,0.840518707
12,22,21,0.856028912
12,22,22,0.856028912
12,22,23,0.865008503
12,22,24,0.865008503
12,22,25,0.846079932
12,22,26,0.846079932
12,22,27,0.779489796
12,22,28,0.779489796
12,22,29,0.747270408
12,22,30,0.747270408
12,22,31,0.693384354
12,22,32,0.693384354
12,22,33,0.744642857
12,22,34,0.744642857
12,22,35,0.518809524
12,22,36,0.518809524
12,22,37,0.047914966
12,22,38,0.047914966
12,22,39,0
12,22,40,0
12,22,41,0
12,22,42,0
12,22,43,0
12,22,44,0
12,22,45,0
12,22,46,0
12,22,47,0
12,22,48,0
12,23,1,0
12,23,2,0
12,23,3,0
12,23,4,0
12,23,5,0
12,23,6,0
12,23,7,0
12,23,8,0
12,23,9,0
12,23,10,0
12,23,11,0.01682483
12,23,12,0.01682483
12,23,13,0.372304422
12,23,14,0.372304422
12,23,15,0.724659864
12,23,16,0.724659864
12,23,17,0.814880952
12,23,18,0.814880952
12,23,19,0.841173469
12,23,20,0.841173469
12,23,21,0.858010204
12,23,22,0.858010204
12,23,23,0.861607143
12,23,24,0.861607143
12,23,25,0.704455782
12,23,26,0.704455782
12,23,27,0.81087585
12,23,28,0.81087585
12,23,29,0.838018707
12,23,30,0.838018707
12,23,31,0.750722789
12,23,32,0.750722789
12,23,33,0.593078231
12,23,34,0.593078231
12,23,35,0.239345238
12,23,36,0.239345238
12,23,37,0.010137755
12,23,38,0.010137755
12,23,39,0
12,23,40,0
12,23,41,0
12,23,42,0
12,23,43,0
12,23,44,0
12,23,45,0
12,23,46,0
12,23,47,0
12,23,48,0
12,24,1,0
12,24,2,0
12,24,3,0
12,24,4,0
12,24,5,0
12,24,6,0
12,24,7,0
12,24,8,0
12,24,9,0
12,24,10,0
12,24,11,0
12,24,12,0
12,24,13,0.255153061
12,24,14,0.255153061
12,24,15,0.710510204
12,24,16,0.710510204
12,24,17,0.80002551
12,24,18,0.80002551
12,24,19,0.833333333
12,24,20,0.833333333
12,24,21,0.853954082
12,24,22,0.853954082
12,24,23,0.86167517
12,24,24,0.86167517
12,24,25,0.859047619
12,24,26,0.859047619
12,24,27,0.851420068
12,24,28,0.851420068
12,24,29,0.838035714
12,24,30,0.838035714
12,24,31,0.805518707
12,24,32,0.805518707
12,24,33,0.739991497
12,24,34,0.739991497
12,24,35,0.516462585
12,24,36,0.516462585
12,24,37,0.051887755
12,24,38,0.051887755
12,24,39,0
12,24,40,0
12,24,41,0
12,24,42,0
12,24,43,0
12,24,44,0
12,24,45,0
12,24,46,0
12,24,47,0
12,24,48,0
12,25,1,0
12,25,2,0
12,25,3,0
12,25,4,0
12,25,5,0
12,25,6,0
12,25,7,0
12,25,8,0
12,25,9,0
12,25,10,0
12,25,11,0
12,25,12,0
12,25,13,0.325586735
12,25,14,0.325586735
12,25,15,0.635229592
12,25,16,0.635229592
12,25,17,0.786462585
12,25,18,0.786462585
12,25,19,0.42619898
12,25,20,0.42619898
12,25,21,0.48369898
12,25,22,0.48369898
12,25,23,0.288988095
12,25,24,0.288988095
12,25,25,0.213171769
12,25,26,0.213171769
12,25,27,0.274838435
12,25,28,0.274838435
12,25,29,0.641989796
12,25,30,0.641989796
12,25,31,0.771156463
12,25,32,0.771156463
12,25,33,0.410552721
12,25,34,0.410552721
12,25,35,0.343673469
12,25,36,0.343673469
12,25,37,0.033440476
12,25,38,0.033440476
12,25,39,0
12,25,40,0
12,25,41,0
12,25,42,0
12,25,43,0
12,25,44,0
12,25,45,0
12,25,46,0
12,25,47,0
12,25,48,0
12,26,1,0
12,26,2,0
12,26,3,0
12,26,4,0
12,26,5,0
12,26,6,0
12,26,7,0
12,26,8,0
12,26,9,0
12,26,10,0
12,26,11,0.010630102
12,26,12,0.010630102
12,26,13,0.333103741
12,26,14,0.333103741
12,26,15,0.680595238
12,26,16,0.680595238
12,26,17,0.775068027
12,26,18,0.775068027
12,26,19,0.725544218
12,26,20,0.725544218
12,26,21,0.844719388
12,26,22,0.844719388
12,26,23,0.854166667
12,26,24,0.854166667
12,26,25,0.837653061
12,26,26,0.837653061
12,26,27,0.787355442
12,26,28,0.787355442
12,26,29,0.694787415
12,26,30,0.694787415
12,26,31,0.417993197
12,26,32,0.417993197
12,26,33,0.527423469
12,26,34,0.527423469
12,26,35,0.291343537
12,26,36,0.291343537
12,26,37,0.038839286
12,26,38,0.038839286
12,26,39,0
12,26,40,0
12,26,41,0
12,26,42,0
12,26,43,0
12,26,44,0
12,26,45,0
12,26,46,0
12,26,47,0
12,26,48,0
12,27,1,0
12,27,2,0
12,27,3,0
12,27,4,0
12,27,5,0
12,27,6,0
12,27,7,0
12,27,8,0
12,27,9,0
12,27,10,0
12,27,11,0
12,27,12,0
12,27,13,0.045345238
12,27,14,0.045345238
12,27,15,0.041973639
12,27,16,0.041973639
12,27,17,0.065386905
12,27,18,0.065386905
12,27,19,0.288018707
12,27,20,0.288018707
12,27,21,0.667627551
12,27,22,0.667627551
12,27,23,0.270918367
12,27,24,0.270918367
12,27,25,0.478571429
12,27,26,0.478571429
12,27,27,0.59619898
12,27,28,0.59619898
12,27,29,0.337721088
12,27,30,0.337721088
12,27,31,0.023989796
12,27,32,0.023989796
12,27,33,0.049697279
12,27,34,0.049697279
12,27,35,0.097610544
12,27,36,0.097610544
12,27,37,0.02747449
12,27,38,0.02747449
12,27,39,0
12,27,40,0
12,27,41,0
12,27,42,0
12,27,43,0
12,27,44,0
12,27,45,0
12,27,46,0
12,27,47,0
12,27,48,0
12,28,1,0
12,28,2,0
12,28,3,0
12,28,4,0
12,28,5,0
12,28,6,0
12,28,7,0
12,28,8,0
12,28,9,0
12,28,10,0
12,28,11,0.009223639
12,28,12,0.009223639
12,28,13,0.40087585
12,28,14,0.40087585
12,28,15,0.689421769
12,28,16,0.689421769
12,28,17,0.676743197
12,28,18,0.676743197
12,28,19,0.82210034
12,28,20,0.82210034
12,28,21,0.859965986
12,28,22,0.859965986
12,28,23,0.840238095
12,28,24,0.840238095
12,28,25,0.829294218
12,28,26,0.829294218
12,28,27,0.736955782
12,28,28,0.736955782
12,28,29,0.780578231
12,28,30,0.780578231
12,28,31,0.713758503
12,28,32,0.713758503
12,28,33,0.275076531
12,28,34,0.275076531
12,28,35,0.208265306
12,28,36,0.208265306
12,28,37,0.039063776
12,28,38,0.039063776
12,28,39,0
12,28,40,0
12,28,41,0
12,28,42,0
12,28,43,0
12,28,44,0
12,28,45,0
12,28,46,0
12,28,47,0
12,28,48,0
12,29,1,0
12,29,2,0
12,29,3,0
12,29,4,0
12,29,5,0
12,29,6,0
12,29,7,0
12,29,8,0
12,29,9,0
12,29,10,0
12,29,11,0.004421854
12,29,12,0.004421854
12,29,13,0.218103741
12,29,14,0.218103741
12,29,15,0.543307823
12,29,16,0.543307823
12,29,17,0.630629252
12,29,18,0.630629252
12,29,19,0.809651361
12,29,20,0.809651361
12,29,21,0.80170068
12,29,22,0.80170068
12,29,23,0.834617347
12,29,24,0.834617347
12,29,25,0.711811224
12,29,26,0.711811224
12,29,27,0.751845238
12,29,28,0.751845238
12,29,29,0.754328231
12,29,30,0.754328231
12,29,31,0.686471088
12,29,32,0.686471088
12,29,33,0.691207483
12,29,34,0.691207483
12,29,35,0.319787415
12,29,36,0.319787415
12,29,37,0.051784864
12,29,38,0.051784864
12,29,39,0
12,29,40,0
12,29,41,0
12,29,42,0
12,29,43,0
12,29,44,0
12,29,45,0
12,29,46,0
12,29,47,0
12,29,48,0
12,30,1,0
12,30,2,0
12,30,3,0
12,30,4,0
12,30,5,0
12,30,6,0
12,30,7,0
12,30,8,0
12,30,9,0
12,30,10,0
12,30,11,0.007564456
12,30,12,0.007564456
12,30,13,0.379413265
12,30,14,0.379413265
12,30,15,0.704957483
12,30,16,0.704957483
12,30,17,0.80662415
12,30,18,0.80662415
12,30,19,0.843239796
12,30,20,0.843239796
12,30,21,0.863962585
12,30,22,0.863962585
12,30,23,0.843069728
12,30,24,0.843069728
12,30,25,0.853588435
12,30,26,0.853588435
12,30,27,0.855170068
12,30,28,0.855170068
12,30,29,0.836258503
12,30,30,0.836258503
12,30,31,0.810986395
12,30,32,0.810986395
12,30,33,0.740544218
12,30,34,0.740544218
12,30,35,0.521811224
12,30,36,0.521811224
12,30,37,0.057973639
12,30,38,0.057973639
12,30,39,0
12,30,40,0
12,30,41,0
12,30,42,0
12,30,43,0
12,30,44,0
12,30,45,0
12,30,46,0
12,30,47,0
12,30,48,0
12,31,1,0
12,31,2,0
12,31,3,0
12,31,4,0
12,31,5,0
12,31,6,0
12,31,7,0
12,31,8,0
12,31,9,0
12,31,10,0
12,31,11,0.002891327
12,31,12,0.002891327
12,31,13,0.386862245
12,31,14,0.386862245
12,31,15,0.715816327
12,31,16,0.715816327
12,31,17,0.815977891
12,31,18,0.815977891
12,31,19,0.837431973
12,31,20,0.837431973
12,31,21,0.859846939
12,31,22,0.859846939
12,31,23,0.870739796
12,31,24,0.870739796
12,31,25,0.864183673
12,31,26,0.864183673
12,31,27,0.856071429
12,31,28,0.856071429
12,31,29,0.840960884
12,31,30,0.840960884
12,31,31,0.811479592
12,31,32,0.811479592
12,31,33,0.751896259
12,31,34,0.751896259
12,31,35,0.544328231
12,31,36,0.544328231
12,31,37,0.064892857
12,31,38,0.064892857
12,31,39,0
12,31,40,0
12,31,41,0
12,31,42,0
12,31,43,0
12,31,44,0
12,31,45,0
12,31,46,0
12,31,47,0
12,31,48,0
