MONTH,DAY,PERIOD,1,2,3,4,5
1,1,1,0.0,0.0,0.0,0.0,0.0
1,1,2,0.0,0.0,0.0,0.0,0.0
1,1,3,0.0,0.0,0.0,0.0,0.0
1,1,4,0.0,0.0,0.0,0.0,0.0
1,1,5,0.0,0.0,0.0,0.0,0.0
1,1,6,0.0,0.0,0.0,0.0,0.0
1,1,7,0.0,0.0,0.0,0.0,0.0
1,1,8,0.0,0.0,0.0,0.0,0.0
1,1,9,0.0,0.0,0.0,0.0,0.0
1,1,10,0.0,0.0,0.0,0.0,0.0
1,1,11,0.0,0.0,0.0,0.0,0.0
1,1,12,0.0,0.0,0.0,0.0,0.0
1,1,13,0.0,0.0,0.0,0.0,0.0
1,1,14,0.0,0.0,0.0,0.0,0.0
1,1,15,0.0,0.0,0.0,0.0,0.0
1,1,16,0.0,0.0,0.0,0.0,0.0
1,1,17,0.779141156,0.841472448,0.891337482,0.87080971,0.828776395
1,1,18,0.779141156,0.818098214,0.86250926,0.828115372,0.85484464
1,1,19,0.83332483,0.891657568,0.948740319,0.962540178,0.836340466
1,1,20,0.83332483,0.824991582,0.762825549,0.83125874,0.837493181
1,1,21,0.850731293,0.765658164,0.864768359,0.843593657,0.797940354
1,1,22,0.850731293,0.791180102,0.755279242,0.759110369,0.796966004
1,1,23,0.860841837,0.835016582,0.915763546,0.809602809,0.821093946
1,1,24,0.860841837,0.886667092,0.943654822,0.941907313,0.862854378
1,1,25,0.85630102,0.916242091,0.912859702,0.82352353,0.903548533
1,1,26,0.85630102,0.830611989,0.843456505,0.894063895,0.941719187
1,1,27,0.847210884,0.923459864,0.841068605,0.922814571,0.865965711
1,1,28,0.847210884,0.787906122,0.735802653,0.837724946,0.802161151
1,1,29,0.825204082,0.882968368,0.922413123,0.824250146,0.820523483
1,1,30,0.825204082,0.849960204,0.8208305,0.748798436,0.77063839
1,1,31,0.78672619,0.739522619,0.732599428,0.700242953,0.687988702
1,1,32,0.78672619,0.723788095,0.815677714,0.798659253,0.726527916
1,1,33,0.635510204,0.673640816,0.700395796,0.616261024,0.676145519
1,1,34,0.635510204,0.59102449,0.58260398,0.554802526,0.632354271
1,1,35,0.437712585,0.433335459,0.444234503,0.420890415,0.408000646
1,1,36,0.437712585,0.420204082,0.433247917,0.421780431,0.453930429
1,1,37,0.050021259,0.052022109,0.048980817,0.051348223,0.05464055
1,1,38,0.050021259,0.048520621,0.046807393,0.048449758,0.045542772
1,1,39,0.0,0.0,0.0,0.0,0.0
1,1,40,0.0,0.0,0.0,0.0,0.0
1,1,41,0.0,0.0,0.0,0.0,0.0
1,1,42,0.0,0.0,0.0,0.0,0.0
1,1,43,0.0,0.0,0.0,0.0,0.0
1,1,44,0.0,0.0,0.0,0.0,0.0
1,1,45,0.0,0.0,0.0,0.0,0.0
1,1,46,0.0,0.0,0.0,0.0,0.0
1,1,47,0.0,0.0,0.0,0.0,0.0
1,1,48,0.0,0.0,0.0,0.0,0.0
1,2,1,0.0,0.0,0.0,0.0,0.0
1,2,2,0.0,0.0,0.0,0.0,0.0
1,2,3,0.0,0.0,0.0,0.0,0.0
1,2,4,0.0,0.0,0.0,0.0,0.0
1,2,5,0.0,0.0,0.0,0.0,0.0
1,2,6,0.0,0.0,0.0,0.0,0.0
1,2,7,0.0,0.0,0.0,0.0,0.0
1,2,8,0.0,0.0,0.0,0.0,0.0
1,2,9,0.0,0.0,0.0,0.0,0.0
1,2,10,0.0,0.0,0.0,0.0,0.0
1,2,11,0.004221344,0.00379921,0.003849866,0.003640262,0.003994
1,2,12,0.004221344,0.00379921,0.003970174,0.003916971,0.004136002
1,2,13,0.366658163,0.340992092,0.382131137,0.348730045,0.348839024
1,2,14,0.366658163,0.351991836,0.3952575,0.3713025,0.34902435
1,2,15,0.709379252,0.737754422,0.766980847,0.738038174,0.701136265
1,2,16,0.709379252,0.723566837,0.680649392,0.704531827,0.690441191
1,2,17,0.812729592,0.739583929,0.760633625,0.763272558,0.699839983
1,2,18,0.812729592,0.804602296,0.832925922,0.759579921,0.802459433
1,2,19,0.841284014,0.900173895,0.879436244,0.952258209,0.946885376
1,2,20,0.841284014,0.908586735,0.874935375,0.804940545,0.9003085
1,2,21,0.861488095,0.913177381,0.798599464,0.892065179,0.926975807
1,2,22,0.861488095,0.887332738,0.909386833,0.859487145,0.791481333
1,2,23,0.872772109,0.785494898,0.771094158,0.809787055,0.777395573
1,2,24,0.872772109,0.925138436,0.854007509,0.81325487,0.779663908
1,2,25,0.875654762,0.823115476,0.840891268,0.787295067,0.773517403
1,2,26,0.875654762,0.945707143,0.865146905,0.958188142,0.829168557
1,2,27,0.871828231,0.79336369,0.815944041,0.810504414,0.773535489
1,2,28,0.871828231,0.802081973,0.778368245,0.784729103,0.86589952
1,2,29,0.844022109,0.818701446,0.914497955,0.867664575,0.921507028
1,2,30,0.844022109,0.92842432,0.974845536,0.869975789,0.841014753
1,2,31,0.805586735,0.749195664,0.839582495,0.718309468,0.747041847
1,2,32,0.805586735,0.757251531,0.812675898,0.847266719,0.805695221
1,2,33,0.168630952,0.158513095,0.163572023,0.166843464,0.16932158
1,2,34,0.168630952,0.182121428,0.184145,0.185431092,0.172878833
1,2,35,0.002278316,0.002073268,0.002371613,0.002241066,0.00239794
1,2,36,0.002278316,0.002369449,0.002393599,0.002276708,0.002422698
1,2,37,0.0,0.0,0.0,0.0,0.0
1,2,38,0.0,0.0,0.0,0.0,0.0
1,2,39,0.0,0.0,0.0,0.0,0.0
1,2,40,0.0,0.0,0.0,0.0,0.0
1,2,41,0.0,0.0,0.0,0.0,0.0
1,2,42,0.0,0.0,0.0,0.0,0.0
1,2,43,0.0,0.0,0.0,0.0,0.0
1,2,44,0.0,0.0,0.0,0.0,0.0
1,2,45,0.0,0.0,0.0,0.0,0.0
1,2,46,0.0,0.0,0.0,0.0,0.0
1,2,47,0.0,0.0,0.0,0.0,0.0
1,2,48,0.0,0.0,0.0,0.0,0.0
1,3,1,0.0,0.0,0.0,0.0,0.0
1,3,2,0.0,0.0,0.0,0.0,0.0
1,3,3,0.0,0.0,0.0,0.0,0.0
1,3,4,0.0,0.0,0.0,0.0,0.0
1,3,5,0.0,0.0,0.0,0.0,0.0
1,3,6,0.0,0.0,0.0,0.0,0.0
1,3,7,0.0,0.0,0.0,0.0,0.0
1,3,8,0.0,0.0,0.0,0.0,0.0
1,3,9,0.0,0.0,0.0,0.0,0.0
1,3,10,0.0,0.0,0.0,0.0,0.0
1,3,11,0.004508673,0.004914454,0.004523101,0.00432333,0.004932781
1,3,12,0.004508673,0.0044185,0.004776037,0.004202318,0.004879256
1,3,13,0.387210884,0.363978231,0.413154013,0.364827513,0.363178027
1,3,14,0.387210884,0.414315646,0.368702204,0.397877769,0.407707691
1,3,15,0.725289116,0.747047789,0.728806768,0.660343102,0.758293996
1,3,16,0.725289116,0.732542007,0.677891472,0.676312155,0.67488834
1,3,17,0.813307823,0.870239371,0.757596237,0.854400201,0.799169331
1,3,18,0.813307823,0.78077551,0.781100833,0.839231739,0.803603976
1,3,19,0.840178571,0.890589285,0.796153214,0.774922462,0.825460883
1,3,20,0.840178571,0.798169642,0.835557589,0.766910799,0.858816399
1,3,21,0.853852041,0.802620919,0.81167175,0.789806307,0.887791652
1,3,22,0.853852041,0.888006123,0.809964046,0.876125625,0.814137611
1,3,23,0.864294218,0.786507738,0.75111489,0.768613391,0.832264187
1,3,24,0.864294218,0.907508929,0.930196652,0.936693264,0.882383068
1,3,25,0.862261905,0.879507143,0.783796072,0.909203443,0.789996769
1,3,26,0.862261905,0.931242857,0.851914762,0.802443922,0.853346203
1,3,27,0.84292517,0.84292517,0.783920408,0.765628932,0.889734912
1,3,28,0.84292517,0.918788435,0.854431099,0.889489199,0.867644391
1,3,29,0.83712585,0.920838435,0.808663571,0.838431766,0.842752257
1,3,30,0.83712585,0.887353401,0.922596399,0.838240623,0.932322103
1,3,31,0.795433673,0.787479336,0.728139984,0.708722918,0.67944958
1,3,32,0.795433673,0.80338801,0.799410841,0.80740495,0.753324806
1,3,33,0.739081633,0.768644898,0.761401898,0.710993575,0.677977756
1,3,34,0.739081633,0.694736735,0.752754643,0.677837633,0.759068821
1,3,35,0.371394558,0.378822449,0.345099823,0.379709835,0.3650691
1,3,36,0.371394558,0.371394558,0.397392177,0.391462244,0.356107122
1,3,37,0.068397109,0.07523682,0.074689643,0.074230014,0.074601165
1,3,38,0.068397109,0.064977254,0.067354053,0.062894904,0.059315247
1,3,39,0.0,0.0,0.0,0.0,0.0
1,3,40,0.0,0.0,0.0,0.0,0.0
1,3,41,0.0,0.0,0.0,0.0,0.0
1,3,42,0.0,0.0,0.0,0.0,0.0
1,3,43,0.0,0.0,0.0,0.0,0.0
1,3,44,0.0,0.0,0.0,0.0,0.0
1,3,45,0.0,0.0,0.0,0.0,0.0
1,3,46,0.0,0.0,0.0,0.0,0.0
1,3,47,0.0,0.0,0.0,0.0,0.0
1,3,48,0.0,0.0,0.0,0.0,0.0
1,4,1,0.0,0.0,0.0,0.0,0.0
1,4,2,0.0,0.0,0.0,0.0,0.0
1,4,3,0.0,0.0,0.0,0.0,0.0
1,4,4,0.0,0.0,0.0,0.0,0.0
1,4,5,0.0,0.0,0.0,0.0,0.0
1,4,6,0.0,0.0,0.0,0.0,0.0
1,4,7,0.0,0.0,0.0,0.0,0.0
1,4,8,0.0,0.0,0.0,0.0,0.0
1,4,9,0.0,0.0,0.0,0.0,0.0
1,4,10,0.0,0.0,0.0,0.0,0.0
1,4,11,0.004388861,0.00473997,0.004929569,0.004451827,0.005090312
1,4,12,0.004388861,0.004476638,0.004033802,0.004084779,0.004500781
1,4,13,0.378341837,0.408609184,0.424953551,0.371650735,0.407765492
1,4,14,0.378341837,0.378341837,0.370775,0.379577754,0.399364653
1,4,15,0.711794218,0.733148045,0.77304411,0.81326167,0.68203081
1,4,16,0.711794218,0.654850681,0.649156327,0.685372417,0.722563949
1,4,17,0.82457483,0.849312075,0.862051756,0.862219145,0.824053268
1,4,18,0.82457483,0.750363095,0.811093032,0.811250525,0.743367945
1,4,19,0.854217687,0.914012925,0.884115306,0.813386082,0.89242599
1,4,20,0.854217687,0.888386394,0.801597877,0.771741261,0.828985805
1,4,21,0.87087585,0.818623299,0.929224532,0.916553288,0.963362974
1,4,22,0.87087585,0.914419643,0.919427179,0.973700162,1.011566279
1,4,23,0.876071429,0.902353572,0.94256525,0.83443701,0.942188224
1,4,24,0.876071429,0.788464286,0.898849286,0.837372434,0.87569504
1,4,25,0.872219388,0.837330612,0.9060615,0.915464025,0.829802749
1,4,26,0.872219388,0.793719643,0.774661649,0.789127553,0.807432058
1,4,27,0.86454932,0.855903827,0.920442434,0.809874645,0.888573333
1,4,28,0.86454932,0.951004252,0.898699018,0.841418303,0.880028546
1,4,29,0.849285714,0.849285714,0.840792857,0.846454762,0.846454762
1,4,30,0.849285714,0.934214285,0.89175,0.96309,0.9459684
1,4,31,0.816113946,0.783469388,0.775797917,0.847219313,0.805650141
1,4,32,0.816113946,0.840597364,0.869773438,0.842161583,0.917956125
1,4,33,0.754668367,0.754668367,0.799948469,0.800552204,0.699713417
1,4,34,0.754668367,0.716934949,0.750517691,0.688857512,0.684079952
1,4,35,0.553222789,0.514497194,0.571230191,0.551779892,0.49839109
1,4,36,0.553222789,0.564287245,0.541992366,0.558699141,0.593368912
1,4,37,0.068912415,0.070979787,0.074842328,0.070146613,0.074069097
1,4,38,0.068912415,0.068223291,0.07473896,0.068506142,0.068693298
1,4,39,0.0,0.0,0.0,0.0,0.0
1,4,40,0.0,0.0,0.0,0.0,0.0
1,4,41,0.0,0.0,0.0,0.0,0.0
1,4,42,0.0,0.0,0.0,0.0,0.0
1,4,43,0.0,0.0,0.0,0.0,0.0
1,4,44,0.0,0.0,0.0,0.0,0.0
1,4,45,0.0,0.0,0.0,0.0,0.0
1,4,46,0.0,0.0,0.0,0.0,0.0
1,4,47,0.0,0.0,0.0,0.0,0.0
1,4,48,0.0,0.0,0.0,0.0,0.0
1,5,1,0.0,0.0,0.0,0.0,0.0
1,5,2,0.0,0.0,0.0,0.0,0.0
1,5,3,0.0,0.0,0.0,0.0,0.0
1,5,4,0.0,0.0,0.0,0.0,0.0
1,5,5,0.0,0.0,0.0,0.0,0.0
1,5,6,0.0,0.0,0.0,0.0,0.0
1,5,7,0.0,0.0,0.0,0.0,0.0
1,5,8,0.0,0.0,0.0,0.0,0.0
1,5,9,0.0,0.0,0.0,0.0,0.0
1,5,10,0.0,0.0,0.0,0.0,0.0
1,5,11,0.002628656,0.002392077,0.002284433,0.0022159,0.002427872
1,5,12,0.002628656,0.002760089,0.00253271,0.002534866,0.002770925
1,5,13,0.346164966,0.321933418,0.300644273,0.345518214,0.338422174
1,5,14,0.346164966,0.349626616,0.333979959,0.360420039,0.382302685
1,5,15,0.48087585,0.524154677,0.502515263,0.527641026,0.539324506
1,5,16,0.48087585,0.461640816,0.4241325,0.464660716,0.489875393
1,5,17,0.306267007,0.321580357,0.323341393,0.345598582,0.301503056
1,5,18,0.306267007,0.281765646,0.29695649,0.289096454,0.299391827
1,5,19,0.505501701,0.535831803,0.499840082,0.513724529,0.498312793
1,5,20,0.505501701,0.535831803,0.473806744,0.494945814,0.547748452
1,5,21,0.689736395,0.717325851,0.710566434,0.691758702,0.758534593
1,5,22,0.689736395,0.669044303,0.733741577,0.65565698,0.645822125
1,5,23,0.56457483,0.558929082,0.556134436,0.537484271,0.509938202
1,5,24,0.56457483,0.575866327,0.604433813,0.604889989,0.58744124
1,5,25,0.819889456,0.885480612,0.835631334,0.821590453,0.790209086
1,5,26,0.819889456,0.787093878,0.851701167,0.85234396,0.761536546
1,5,27,0.705867347,0.727043367,0.70212625,0.697445408,0.672714564
1,5,28,0.705867347,0.705867347,0.727043367,0.769960102,0.741728232
1,5,29,0.800756803,0.720681123,0.737897394,0.828422951,0.841414129
1,5,30,0.800756803,0.848802211,0.833027302,0.777877046,0.880325108
1,5,31,0.526122449,0.531383673,0.475877755,0.480460282,0.50849565
1,5,32,0.526122449,0.573473469,0.560793918,0.514720849,0.598155439
1,5,33,0.063994048,0.065913869,0.06300534,0.063018331,0.065902384
1,5,34,0.063994048,0.069753512,0.068879994,0.070919644,0.069070667
1,5,35,0.089430272,0.097478996,0.092520088,0.09407455,0.084972139
1,5,36,0.089430272,0.086747364,0.084565265,0.087783443,0.078418427
1,5,37,0.008077976,0.007997196,0.008760969,0.008527075,0.009174884
1,5,38,0.008077976,0.007350958,0.00810019,0.008470485,0.007919903
1,5,39,0.0,0.0,0.0,0.0,0.0
1,5,40,0.0,0.0,0.0,0.0,0.0
1,5,41,0.0,0.0,0.0,0.0,0.0
1,5,42,0.0,0.0,0.0,0.0,0.0
1,5,43,0.0,0.0,0.0,0.0,0.0
1,5,44,0.0,0.0,0.0,0.0,0.0
1,5,45,0.0,0.0,0.0,0.0,0.0
1,5,46,0.0,0.0,0.0,0.0,0.0
1,5,47,0.0,0.0,0.0,0.0,0.0
1,5,48,0.0,0.0,0.0,0.0,0.0
1,6,1,0.0,0.0,0.0,0.0,0.0
1,6,2,0.0,0.0,0.0,0.0,0.0
1,6,3,0.0,0.0,0.0,0.0,0.0
1,6,4,0.0,0.0,0.0,0.0,0.0
1,6,5,0.0,0.0,0.0,0.0,0.0
1,6,6,0.0,0.0,0.0,0.0,0.0
1,6,7,0.0,0.0,0.0,0.0,0.0
1,6,8,0.0,0.0,0.0,0.0,0.0
1,6,9,0.0,0.0,0.0,0.0,0.0
1,6,10,0.0,0.0,0.0,0.0,0.0
1,6,11,0.000964711,0.000974358,0.000911362,0.001026155,0.001046678
1,6,12,0.000964711,0.000916475,0.000865346,0.00086058,0.000901778
1,6,13,0.281139456,0.25302551,0.288449082,0.298883104,0.266355574
1,6,14,0.281139456,0.300819218,0.299708717,0.267439109,0.295894924
1,6,15,0.504659864,0.454193878,0.522575289,0.493809677,0.454304903
1,6,16,0.504659864,0.474380272,0.479729667,0.525157129,0.540620089
1,6,17,0.733426871,0.660084184,0.759463525,0.688951866,0.73179606
1,6,18,0.733426871,0.748095408,0.666685026,0.665944265,0.710573271
1,6,19,0.752372449,0.752372449,0.774943622,0.721901365,0.742893497
1,6,20,0.752372449,0.677135204,0.74334398,0.717041039,0.657450583
1,6,21,0.465059524,0.469710119,0.481406366,0.47205867,0.462617496
1,6,22,0.465059524,0.474360714,0.465013018,0.43537431,0.413956702
1,6,23,0.442789116,0.42064966,0.436036582,0.407168946,0.435194297
1,6,24,0.442789116,0.451644898,0.451689177,0.426272344,0.412081962
1,6,25,0.470034014,0.488835375,0.503406429,0.516670789,0.524420851
1,6,26,0.470034014,0.479434694,0.52220779,0.505275598,0.479410883
1,6,27,0.464889456,0.492782823,0.469259417,0.504182533,0.487606343
1,6,28,0.464889456,0.469538351,0.471886042,0.492209847,0.503108779
1,6,29,0.377636054,0.354977891,0.344328554,0.333852175,0.324482775
1,6,30,0.377636054,0.396517857,0.359981568,0.393166966,0.34364305
1,6,31,0.431215986,0.401030867,0.395317255,0.384636754,0.362745194
1,6,32,0.431215986,0.422591666,0.426903826,0.409827673,0.409955744
1,6,33,0.078012755,0.072551862,0.082057716,0.084519448,0.086421135
1,6,34,0.078012755,0.078792883,0.080754903,0.083938058,0.073944678
1,6,35,0.172168367,0.160116581,0.151189651,0.1611582,0.175662438
1,6,36,0.172168367,0.18766352,0.174518465,0.160305106,0.163244033
1,6,37,0.070790816,0.071498724,0.064030293,0.063959148,0.067569745
1,6,38,0.070790816,0.074330357,0.074737404,0.075484778,0.072359122
1,6,39,0.0,0.0,0.0,0.0,0.0
1,6,40,0.0,0.0,0.0,0.0,0.0
1,6,41,0.0,0.0,0.0,0.0,0.0
1,6,42,0.0,0.0,0.0,0.0,0.0
1,6,43,0.0,0.0,0.0,0.0,0.0
1,6,44,0.0,0.0,0.0,0.0,0.0
1,6,45,0.0,0.0,0.0,0.0,0.0
1,6,46,0.0,0.0,0.0,0.0,0.0
1,6,47,0.0,0.0,0.0,0.0,0.0
1,6,48,0.0,0.0,0.0,0.0,0.0
1,7,1,0.0,0.0,0.0,0.0,0.0
1,7,2,0.0,0.0,0.0,0.0,0.0
1,7,3,0.0,0.0,0.0,0.0,0.0
1,7,4,0.0,0.0,0.0,0.0,0.0
1,7,5,0.0,0.0,0.0,0.0,0.0
1,7,6,0.0,0.0,0.0,0.0,0.0
1,7,7,0.0,0.0,0.0,0.0,0.0
1,7,8,0.0,0.0,0.0,0.0,0.0
1,7,9,0.0,0.0,0.0,0.0,0.0
1,7,10,0.0,0.0,0.0,0.0,0.0
1,7,11,0.0,0.0,0.0,0.0,0.0
1,7,12,0.0,0.0,0.0,0.0,0.0
1,7,13,0.185935374,0.197091496,0.174277226,0.180194991,0.18621852
1,7,14,0.185935374,0.200810204,0.181770422,0.174344907,0.169000856
1,7,15,0.404566327,0.364109694,0.34590421,0.378957279,0.406988971
1,7,16,0.404566327,0.388383674,0.3568275,0.34493325,0.392361572
1,7,17,0.818290816,0.785559183,0.801925,0.866079,0.842502405
1,7,18,0.818290816,0.867388265,0.792269168,0.751644302,0.88006397
1,7,19,0.848401361,0.839917347,0.844159354,0.827276167,0.898734256
1,7,20,0.848401361,0.780529252,0.798176,0.744312695,0.729426441
1,7,21,0.861284014,0.921573895,0.936000402,0.924411826,0.992791112
1,7,22,0.861284014,0.947412415,0.913391697,0.8710682,0.934220645
1,7,23,0.813911565,0.830189796,0.79738916,0.878936588,0.788601438
1,7,24,0.813911565,0.756937755,0.85611288,0.784717778,0.851095194
1,7,25,0.801947279,0.809966752,0.870433577,0.81917471,0.874903414
1,7,26,0.801947279,0.761849915,0.750622653,0.732899618,0.700883477
1,7,27,0.819583333,0.852366666,0.81089575,0.76140603,0.754288539
1,7,28,0.819583333,0.868758333,0.886379375,0.86682275,0.937820683
1,7,29,0.803928571,0.771771428,0.709065,0.79966775,0.786530351
1,7,30,0.803928571,0.803928571,0.755692857,0.724822,0.78753486
1,7,31,0.795748299,0.763918367,0.79543,0.722229644,0.761638262
1,7,32,0.795748299,0.787790816,0.815522644,0.751706018,0.716799669
1,7,33,0.610756803,0.647402211,0.629079507,0.660533482,0.687898441
1,7,34,0.610756803,0.586326531,0.544672917,0.580585417,0.545750292
1,7,35,0.029928571,0.030826428,0.029466175,0.027968564,0.030433857
1,7,36,0.029928571,0.029928571,0.030826428,0.033250642,0.028195033
1,7,37,0.025889456,0.025630561,0.024987208,0.024482312,0.026004806
1,7,38,0.025889456,0.026925034,0.026143173,0.023950491,0.023154335
1,7,39,0.0,0.0,0.0,0.0,0.0
1,7,40,0.0,0.0,0.0,0.0,0.0
1,7,41,0.0,0.0,0.0,0.0,0.0
1,7,42,0.0,0.0,0.0,0.0,0.0
1,7,43,0.0,0.0,0.0,0.0,0.0
1,7,44,0.0,0.0,0.0,0.0,0.0
1,7,45,0.0,0.0,0.0,0.0,0.0
1,7,46,0.0,0.0,0.0,0.0,0.0
1,7,47,0.0,0.0,0.0,0.0,0.0
1,7,48,0.0,0.0,0.0,0.0,0.0
1,8,1,0.0,0.0,0.0,0.0,0.0
1,8,2,0.0,0.0,0.0,0.0,0.0
1,8,3,0.0,0.0,0.0,0.0,0.0
1,8,4,0.0,0.0,0.0,0.0,0.0
1,8,5,0.0,0.0,0.0,0.0,0.0
1,8,6,0.0,0.0,0.0,0.0,0.0
1,8,7,0.0,0.0,0.0,0.0,0.0
1,8,8,0.0,0.0,0.0,0.0,0.0
1,8,9,0.0,0.0,0.0,0.0,0.0
1,8,10,0.0,0.0,0.0,0.0,0.0
1,8,11,0.0,0.0,0.0,0.0,0.0
1,8,12,0.0,0.0,0.0,0.0,0.0
1,8,13,0.319855442,0.319855442,0.287869898,0.337021017,0.335119477
1,8,14,0.319855442,0.300664115,0.300951985,0.294870894,0.288881329
1,8,15,0.674982993,0.728981632,0.645823728,0.642267017,0.619172735
1,8,16,0.674982993,0.674982993,0.701982313,0.711342077,0.704639046
1,8,17,0.717602041,0.69607398,0.68563287,0.64378806,0.651485526
1,8,18,0.717602041,0.775010204,0.761232245,0.736255867,0.67277258
1,8,19,0.839923469,0.839923469,0.848322704,0.800587053,0.865476741
1,8,20,0.839923469,0.781128826,0.875368239,0.848782982,0.903204949
1,8,21,0.855816327,0.86437449,0.808489684,0.834464565,0.832378404
1,8,22,0.855816327,0.8387,0.88114849,0.772699445,0.828720155
1,8,23,0.86244898,0.931444898,0.843130123,0.81747744,0.941351643
1,8,24,0.86244898,0.802077551,0.78232747,0.75852474,0.785317792
1,8,25,0.85125,0.766125,0.841035,0.8686382,0.765221086
1,8,26,0.85125,0.7746375,0.788555438,0.748477311,0.830266565
1,8,27,0.843163265,0.919047959,0.925160893,0.931622334,0.850463696
1,8,28,0.843163265,0.885321428,0.907454464,0.878646386,0.808354675
1,8,29,0.809413265,0.752754336,0.835759667,0.871246907,0.760082996
1,8,30,0.809413265,0.817507398,0.732114298,0.794208437,0.780427741
1,8,31,0.794668367,0.850295153,0.896505118,0.881042461,0.778621275
1,8,32,0.794668367,0.786721683,0.751160274,0.855268452,0.868680617
1,8,33,0.720076531,0.698474235,0.638347845,0.678776542,0.752310667
1,8,34,0.720076531,0.698474235,0.744739152,0.656197942,0.775359162
1,8,35,0.472168367,0.519385204,0.475945714,0.440249785,0.453090404
1,8,36,0.472168367,0.491055102,0.481611734,0.433450561,0.432005726
1,8,37,0.046805272,0.044933061,0.048162625,0.043835634,0.04363744
1,8,38,0.046805272,0.046805272,0.04820943,0.051055191,0.043396912
1,8,39,0.0,0.0,0.0,0.0,0.0
1,8,40,0.0,0.0,0.0,0.0,0.0
1,8,41,0.0,0.0,0.0,0.0,0.0
1,8,42,0.0,0.0,0.0,0.0,0.0
1,8,43,0.0,0.0,0.0,0.0,0.0
1,8,44,0.0,0.0,0.0,0.0,0.0
1,8,45,0.0,0.0,0.0,0.0,0.0
1,8,46,0.0,0.0,0.0,0.0,0.0
1,8,47,0.0,0.0,0.0,0.0,0.0
1,8,48,0.0,0.0,0.0,0.0,0.0
1,9,1,0.0,0.0,0.0,0.0,0.0
1,9,2,0.0,0.0,0.0,0.0,0.0
1,9,3,0.0,0.0,0.0,0.0,0.0
1,9,4,0.0,0.0,0.0,0.0,0.0
1,9,5,0.0,0.0,0.0,0.0,0.0
1,9,6,0.0,0.0,0.0,0.0,0.0
1,9,7,0.0,0.0,0.0,0.0,0.0
1,9,8,0.0,0.0,0.0,0.0,0.0
1,9,9,0.0,0.0,0.0,0.0,0.0
1,9,10,0.0,0.0,0.0,0.0,0.0
1,9,11,0.0,0.0,0.0,0.0,0.0
1,9,12,0.0,0.0,0.0,0.0,0.0
1,9,13,0.311760204,0.33670102,0.333957531,0.324198189,0.326654236
1,9,14,0.311760204,0.302407398,0.279446259,0.294892574,0.276327746
1,9,15,0.677695578,0.725134268,0.736485669,0.755891482,0.788943907
1,9,16,0.677695578,0.677695578,0.643810799,0.719712704,0.672931378
1,9,17,0.699379252,0.636435119,0.707981617,0.681265329,0.742579209
1,9,18,0.699379252,0.769317177,0.704974286,0.702820198,0.747887637
1,9,19,0.740697279,0.799953061,0.801138177,0.780596172,0.811820019
1,9,20,0.740697279,0.718476361,0.671219874,0.752739042,0.713575307
1,9,21,0.843596939,0.843596939,0.767673214,0.769191689,0.878556018
1,9,22,0.843596939,0.852032908,0.89020567,0.861945172,0.792989559
1,9,23,0.851870748,0.851870748,0.775202381,0.768472602,0.836209743
1,9,24,0.851870748,0.937057823,0.885519643,0.820164119,0.847443491
1,9,25,0.846147959,0.930762755,0.915109018,0.843499516,0.901557408
1,9,26,0.846147959,0.769994643,0.864636292,0.752502931,0.872986093
1,9,27,0.829583333,0.8212875,0.742891875,0.805900111,0.743921605
1,9,28,0.829583333,0.8212875,0.784163646,0.754860688,0.853296957
1,9,29,0.822568027,0.839019388,0.913873078,0.909996041,0.78422772
1,9,30,0.822568027,0.822568027,0.773213945,0.854483666,0.859118837
1,9,31,0.756717687,0.817255102,0.771246667,0.734835429,0.847015093
1,9,32,0.756717687,0.809687925,0.853691059,0.80669889,0.847033835
1,9,33,0.68172619,0.647639881,0.658036205,0.662467425,0.708840145
1,9,34,0.68172619,0.674908928,0.705450261,0.701109029,0.683890616
1,9,35,0.048542517,0.052425918,0.045435796,0.047337368,0.05327894
1,9,36,0.048542517,0.045144541,0.049185705,0.048576739,0.050734118
1,9,37,0.052436224,0.048241326,0.048325224,0.048177564,0.047816232
1,9,38,0.052436224,0.050338775,0.054470749,0.056608469,0.048117199
1,9,39,0.0,0.0,0.0,0.0,0.0
1,9,40,0.0,0.0,0.0,0.0,0.0
1,9,41,0.0,0.0,0.0,0.0,0.0
1,9,42,0.0,0.0,0.0,0.0,0.0
1,9,43,0.0,0.0,0.0,0.0,0.0
1,9,44,0.0,0.0,0.0,0.0,0.0
1,9,45,0.0,0.0,0.0,0.0,0.0
1,9,46,0.0,0.0,0.0,0.0,0.0
1,9,47,0.0,0.0,0.0,0.0,0.0
1,9,48,0.0,0.0,0.0,0.0,0.0
1,10,1,0.0,0.0,0.0,0.0,0.0
1,10,2,0.0,0.0,0.0,0.0,0.0
1,10,3,0.0,0.0,0.0,0.0,0.0
1,10,4,0.0,0.0,0.0,0.0,0.0
1,10,5,0.0,0.0,0.0,0.0,0.0
1,10,6,0.0,0.0,0.0,0.0,0.0
1,10,7,0.0,0.0,0.0,0.0,0.0
1,10,8,0.0,0.0,0.0,0.0,0.0
1,10,9,0.0,0.0,0.0,0.0,0.0
1,10,10,0.0,0.0,0.0,0.0,0.0
1,10,11,0.0,0.0,0.0,0.0,0.0
1,10,12,0.0,0.0,0.0,0.0,0.0
1,10,13,0.181794218,0.198155698,0.184275709,0.174909944,0.182936053
1,10,14,0.181794218,0.179976276,0.162796722,0.18709564,0.185032343
1,10,15,0.583078231,0.629724489,0.588209319,0.642360961,0.568084223
1,10,16,0.583078231,0.548093537,0.593865178,0.563512069,0.623629607
1,10,17,0.789285714,0.741928571,0.811543571,0.718445743,0.788259927
1,10,18,0.789285714,0.749821428,0.777249107,0.8030035,0.733049541
1,10,19,0.823171769,0.85609864,0.864824261,0.788669347,0.858186734
1,10,20,0.823171769,0.897257228,0.791397339,0.795411673,0.793737122
1,10,21,0.843129252,0.859991837,0.774920096,0.743412355,0.805363385
1,10,22,0.843129252,0.817835374,0.755738905,0.749178095,0.743982182
1,10,23,0.854719388,0.906002551,0.792324873,0.7744242,0.823549075
1,10,24,0.854719388,0.914549745,0.79617111,0.820940878,0.922788855
1,10,25,0.853945578,0.811248299,0.774315153,0.886354948,0.864724634
1,10,26,0.853945578,0.922261224,0.968032707,0.942188898,0.829446392
1,10,27,0.850697279,0.88472517,0.789617214,0.82484629,0.837471488
1,10,28,0.850697279,0.774134524,0.73929847,0.827445596,0.74204139
1,10,29,0.834107143,0.784060714,0.873810643,0.91372545,0.859940248
1,10,30,0.834107143,0.817425,0.858796714,0.861879574,0.868343671
1,10,31,0.80297619,0.867214285,0.901902857,0.934527244,0.964320658
1,10,32,0.80297619,0.827065476,0.888372708,0.772313741,0.748640646
1,10,33,0.735926871,0.780082483,0.697364303,0.678767922,0.795338934
1,10,34,0.735926871,0.802160289,0.822876631,0.779118051,0.808571074
1,10,35,0.529685374,0.577357058,0.575662064,0.560901499,0.572119529
1,10,36,0.529685374,0.52438852,0.569199903,0.573556742,0.582160093
1,10,37,0.058965136,0.057785833,0.054289201,0.057583524,0.054869687
1,10,38,0.058965136,0.054247925,0.059436857,0.059276472,0.059141229
1,10,39,0.0,0.0,0.0,0.0,0.0
1,10,40,0.0,0.0,0.0,0.0,0.0
1,10,41,0.0,0.0,0.0,0.0,0.0
1,10,42,0.0,0.0,0.0,0.0,0.0
1,10,43,0.0,0.0,0.0,0.0,0.0
1,10,44,0.0,0.0,0.0,0.0,0.0
1,10,45,0.0,0.0,0.0,0.0,0.0
1,10,46,0.0,0.0,0.0,0.0,0.0
1,10,47,0.0,0.0,0.0,0.0,0.0
1,10,48,0.0,0.0,0.0,0.0,0.0
1,11,1,0.0,0.0,0.0,0.0,0.0
1,11,2,0.0,0.0,0.0,0.0,0.0
1,11,3,0.0,0.0,0.0,0.0,0.0
1,11,4,0.0,0.0,0.0,0.0,0.0
1,11,5,0.0,0.0,0.0,0.0,0.0
1,11,6,0.0,0.0,0.0,0.0,0.0
1,11,7,0.0,0.0,0.0,0.0,0.0
1,11,8,0.0,0.0,0.0,0.0,0.0
1,11,9,0.0,0.0,0.0,0.0,0.0
1,11,10,0.0,0.0,0.0,0.0,0.0
1,11,11,0.0,0.0,0.0,0.0,0.0
1,11,12,0.0,0.0,0.0,0.0,0.0
1,11,13,0.195663265,0.180010204,0.17656653,0.1803984,0.179496408
1,11,14,0.195663265,0.19957653,0.179834107,0.182106736,0.189295159
1,11,15,0.150348639,0.151852125,0.143545363,0.145610402,0.155231089
1,11,16,0.150348639,0.154859098,0.140395559,0.154475809,0.157520765
1,11,17,0.115969388,0.106691837,0.119123755,0.119624743,0.122273577
1,11,18,0.115969388,0.11365,0.109069209,0.121927895,0.126669536
1,11,19,0.138222789,0.13131165,0.134767219,0.146896269,0.139177477
1,11,20,0.138222789,0.146516156,0.135250999,0.128796916,0.123477044
1,11,21,0.289489796,0.295279592,0.298232388,0.27667389,0.310213241
1,11,22,0.289489796,0.301069388,0.301185184,0.285358198,0.317817693
1,11,23,0.411581633,0.44862398,0.404296638,0.417285743,0.395220179
1,11,24,0.411581633,0.382770919,0.369373937,0.403425183,0.360444884
1,11,25,0.473920068,0.483398469,0.464299491,0.431224135,0.472474752
1,11,26,0.473920068,0.502355272,0.5027818,0.458507713,0.532830335
1,11,27,0.656811224,0.630538775,0.61149125,0.664594437,0.704944814
1,11,28,0.656811224,0.597698214,0.689980191,0.706497898,0.689256757
1,11,29,0.820782313,0.746911905,0.823039464,0.765034778,0.796831536
1,11,30,0.820782313,0.861821429,0.866540927,0.84971489,0.764743401
1,11,31,0.778061224,0.824744897,0.785375,0.819942185,0.866193293
1,11,32,0.778061224,0.708035714,0.7281875,0.723332916,0.793156685
1,11,33,0.453222789,0.498545068,0.461607411,0.428723831,0.446709031
1,11,34,0.453222789,0.43056165,0.415378686,0.472029269,0.464938003
1,11,35,0.249753401,0.254748469,0.252250935,0.267385991,0.268836434
1,11,36,0.249753401,0.264738605,0.231521403,0.248671136,0.271051539
1,11,37,0.045456633,0.042729235,0.045415722,0.048541911,0.046446593
1,11,38,0.045456633,0.044092934,0.040297305,0.045879228,0.04349221
1,11,39,0.0,0.0,0.0,0.0,0.0
1,11,40,0.0,0.0,0.0,0.0,0.0
1,11,41,0.0,0.0,0.0,0.0,0.0
1,11,42,0.0,0.0,0.0,0.0,0.0
1,11,43,0.0,0.0,0.0,0.0,0.0
1,11,44,0.0,0.0,0.0,0.0,0.0
1,11,45,0.0,0.0,0.0,0.0,0.0
1,11,46,0.0,0.0,0.0,0.0,0.0
1,11,47,0.0,0.0,0.0,0.0,0.0
1,11,48,0.0,0.0,0.0,0.0,0.0
1,12,1,0.0,0.0,0.0,0.0,0.0
1,12,2,0.0,0.0,0.0,0.0,0.0
1,12,3,0.0,0.0,0.0,0.0,0.0
1,12,4,0.0,0.0,0.0,0.0,0.0
1,12,5,0.0,0.0,0.0,0.0,0.0
1,12,6,0.0,0.0,0.0,0.0,0.0
1,12,7,0.0,0.0,0.0,0.0,0.0
1,12,8,0.0,0.0,0.0,0.0,0.0
1,12,9,0.0,0.0,0.0,0.0,0.0
1,12,10,0.0,0.0,0.0,0.0,0.0
1,12,11,0.0,0.0,0.0,0.0,0.0
1,12,12,0.0,0.0,0.0,0.0,0.0
1,12,13,0.01235034,0.013338367,0.014128789,0.014599749,0.012788053
1,12,14,0.01235034,0.01235034,0.011362313,0.012742257,0.011225208
1,12,15,0.107227891,0.110444728,0.112101399,0.109924672,0.12091714
1,12,16,0.107227891,0.105083333,0.097663163,0.113657275,0.116498707
1,12,17,0.298826531,0.271932143,0.305355891,0.280356661,0.277553094
1,12,18,0.298826531,0.304803062,0.31086924,0.307881274,0.320874778
1,12,19,0.456658163,0.479491071,0.477436109,0.475907066,0.448754447
1,12,20,0.456658163,0.484057653,0.442136433,0.428684197,0.416653383
1,12,21,0.746581633,0.67192347,0.780177806,0.688920645,0.700243862
1,12,22,0.746581633,0.81377398,0.756772472,0.795547309,0.708133652
1,12,23,0.623409864,0.64211216,0.683381893,0.643138293,0.706331502
1,12,24,0.623409864,0.654580357,0.651775013,0.681850383,0.587613514
1,12,25,0.462763605,0.453508333,0.499368206,0.49075525,0.524258733
1,12,26,0.462763605,0.448880697,0.446705708,0.461839003,0.496001506
1,12,27,0.486564626,0.486564626,0.452505102,0.456202993,0.493982304
1,12,28,0.486564626,0.501161565,0.508678988,0.488825692,0.531049258
1,12,29,0.646445578,0.70462568,0.621492779,0.631220492,0.703021823
1,12,30,0.646445578,0.672303401,0.652780745,0.696607169,0.680374908
1,12,31,0.480289116,0.509106463,0.529326635,0.501178331,0.489825882
1,12,32,0.480289116,0.485092007,0.47303675,0.498651529,0.498795371
1,12,33,0.632729592,0.683347959,0.651458388,0.675520672,0.640941228
1,12,34,0.632729592,0.594765816,0.656710044,0.590384375,0.624833931
1,12,35,0.453835034,0.458373384,0.456104209,0.41505483,0.477050795
1,12,36,0.453835034,0.417528231,0.418254367,0.38688529,0.43589076
1,12,37,0.053179422,0.05424301,0.055859665,0.052250271,0.058193739
1,12,38,0.053179422,0.049988657,0.051068199,0.047813246,0.045461143
1,12,39,0.0,0.0,0.0,0.0,0.0
1,12,40,0.0,0.0,0.0,0.0,0.0
1,12,41,0.0,0.0,0.0,0.0,0.0
1,12,42,0.0,0.0,0.0,0.0,0.0
1,12,43,0.0,0.0,0.0,0.0,0.0
1,12,44,0.0,0.0,0.0,0.0,0.0
1,12,45,0.0,0.0,0.0,0.0,0.0
1,12,46,0.0,0.0,0.0,0.0,0.0
1,12,47,0.0,0.0,0.0,0.0,0.0
1,12,48,0.0,0.0,0.0,0.0,0.0
1,13,1,0.0,0.0,0.0,0.0,0.0
1,13,2,0.0,0.0,0.0,0.0,0.0
1,13,3,0.0,0.0,0.0,0.0,0.0
1,13,4,0.0,0.0,0.0,0.0,0.0
1,13,5,0.0,0.0,0.0,0.0,0.0
1,13,6,0.0,0.0,0.0,0.0,0.0
1,13,7,0.0,0.0,0.0,0.0,0.0
1,13,8,0.0,0.0,0.0,0.0,0.0
1,13,9,0.0,0.0,0.0,0.0,0.0
1,13,10,0.0,0.0,0.0,0.0,0.0
1,13,11,0.0,0.0,0.0,0.0,0.0
1,13,12,0.0,0.0,0.0,0.0,0.0
1,13,13,0.061593537,0.059745731,0.066736597,0.059557357,0.067480053
1,13,14,0.061593537,0.065289149,0.065344583,0.058949696,0.062794241
1,13,15,0.101981293,0.095862415,0.103867947,0.091519202,0.095358483
1,13,16,0.101981293,0.091783164,0.096882228,0.090100472,0.100897997
1,13,17,0.094923469,0.099669642,0.10508028,0.100890042,0.105147901
1,13,18,0.094923469,0.099669642,0.098269521,0.089811207,0.088971668
1,13,19,0.057392007,0.058539847,0.05564729,0.056621118,0.053056561
1,13,20,0.057392007,0.058539847,0.056806609,0.054124718,0.060685901
1,13,21,0.093758503,0.094696088,0.097054114,0.092314481,0.102956818
1,13,22,0.093758503,0.085320238,0.082376221,0.086280137,0.094757814
1,13,23,0.261760204,0.238201786,0.272479284,0.260055229,0.281355297
1,13,24,0.261760204,0.246054592,0.251368324,0.240407988,0.272388577
1,13,25,0.314957483,0.289760884,0.314453551,0.294135014,0.282093862
1,13,26,0.314957483,0.327555782,0.330894332,0.330958583,0.296743306
1,13,27,0.22377551,0.226013265,0.238388051,0.227098353,0.226530607
1,13,28,0.22377551,0.23272653,0.223686,0.235798521,0.206096976
1,13,29,0.201309524,0.219427381,0.197746345,0.220592359,0.21606197
1,13,30,0.201309524,0.203322619,0.194223429,0.197622339,0.219031425
1,13,31,0.250170068,0.232658163,0.219686845,0.248221994,0.261452694
1,13,32,0.250170068,0.270183673,0.244566258,0.262622533,0.23119707
1,13,33,0.307755102,0.280057143,0.270393633,0.268904508,0.284595372
1,13,34,0.307755102,0.320065306,0.298214694,0.293244449,0.29872349
1,13,35,0.219906463,0.241897109,0.233210804,0.245571746,0.232795065
1,13,36,0.219906463,0.235299915,0.238983349,0.238338473,0.209818845
1,13,37,0.050564626,0.054609796,0.052587211,0.056268316,0.053507487
1,13,38,0.050564626,0.05005898,0.046286859,0.045542244,0.045707518
1,13,39,0.0,0.0,0.0,0.0,0.0
1,13,40,0.0,0.0,0.0,0.0,0.0
1,13,41,0.0,0.0,0.0,0.0,0.0
1,13,42,0.0,0.0,0.0,0.0,0.0
1,13,43,0.0,0.0,0.0,0.0,0.0
1,13,44,0.0,0.0,0.0,0.0,0.0
1,13,45,0.0,0.0,0.0,0.0,0.0
1,13,46,0.0,0.0,0.0,0.0,0.0
1,13,47,0.0,0.0,0.0,0.0,0.0
1,13,48,0.0,0.0,0.0,0.0,0.0
1,14,1,0.0,0.0,0.0,0.0,0.0
1,14,2,0.0,0.0,0.0,0.0,0.0
1,14,3,0.0,0.0,0.0,0.0,0.0
1,14,4,0.0,0.0,0.0,0.0,0.0
1,14,5,0.0,0.0,0.0,0.0,0.0
1,14,6,0.0,0.0,0.0,0.0,0.0
1,14,7,0.0,0.0,0.0,0.0,0.0
1,14,8,0.0,0.0,0.0,0.0,0.0
1,14,9,0.0,0.0,0.0,0.0,0.0
1,14,10,0.0,0.0,0.0,0.0,0.0
1,14,11,0.0,0.0,0.0,0.0,0.0
1,14,12,0.0,0.0,0.0,0.0,0.0
1,14,13,0.018436224,0.019542397,0.020318562,0.020404014,0.018298029
1,14,14,0.018436224,0.017698775,0.018248175,0.018671556,0.017167862
1,14,15,0.032518707,0.030242398,0.030752941,0.029301068,0.031931929
1,14,16,0.032518707,0.029266836,0.028112422,0.030265648,0.03124254
1,14,17,0.069978741,0.065080229,0.064828306,0.059966183,0.070810067
1,14,18,0.069978741,0.065780017,0.063806616,0.062530484,0.068800163
1,14,19,0.329685374,0.336279081,0.33631205,0.320728482,0.360518859
1,14,20,0.329685374,0.309904252,0.316596865,0.325103407,0.288290227
1,14,21,0.469676871,0.507251021,0.512887143,0.546265513,0.473388727
1,14,22,0.469676871,0.455586565,0.430247498,0.438281869,0.40360338
1,14,23,0.428988095,0.403248809,0.420279637,0.375754962,0.390785161
1,14,24,0.428988095,0.424698214,0.452453744,0.396195816,0.434095647
1,14,25,0.424447279,0.390491497,0.391170612,0.393995733,0.408026806
1,14,26,0.424447279,0.382002551,0.439515157,0.377942713,0.385678079
1,14,27,0.48744898,0.506946939,0.541945776,0.486508203,0.510769599
1,14,28,0.48744898,0.472825511,0.441726266,0.500046936,0.489777281
1,14,29,0.616156463,0.646964286,0.694716412,0.672190759,0.64435684
1,14,30,0.616156463,0.554540817,0.561934694,0.594870311,0.535325526
1,14,31,0.232015306,0.241295918,0.255588061,0.225958778,0.214843064
1,14,32,0.232015306,0.234335459,0.221516613,0.229289126,0.249925148
1,14,33,0.059810374,0.062202789,0.057956252,0.06478899,0.067308561
1,14,34,0.059810374,0.065193308,0.063751878,0.059772594,0.06461732
1,14,35,0.268154762,0.278880952,0.270782679,0.299866744,0.262656007
1,14,36,0.268154762,0.273517857,0.27083631,0.246461042,0.240915668
1,14,37,0.064238946,0.062954167,0.068048315,0.065731281,0.063285882
1,14,38,0.064238946,0.060384609,0.060442424,0.058604227,0.062135903
1,14,39,0.0,0.0,0.0,0.0,0.0
1,14,40,0.0,0.0,0.0,0.0,0.0
1,14,41,0.0,0.0,0.0,0.0,0.0
1,14,42,0.0,0.0,0.0,0.0,0.0
1,14,43,0.0,0.0,0.0,0.0,0.0
1,14,44,0.0,0.0,0.0,0.0,0.0
1,14,45,0.0,0.0,0.0,0.0,0.0
1,14,46,0.0,0.0,0.0,0.0,0.0
1,14,47,0.0,0.0,0.0,0.0,0.0
1,14,48,0.0,0.0,0.0,0.0,0.0
1,15,1,0.0,0.0,0.0,0.0,0.0
1,15,2,0.0,0.0,0.0,0.0,0.0
1,15,3,0.0,0.0,0.0,0.0,0.0
1,15,4,0.0,0.0,0.0,0.0,0.0
1,15,5,0.0,0.0,0.0,0.0,0.0
1,15,6,0.0,0.0,0.0,0.0,0.0
1,15,7,0.0,0.0,0.0,0.0,0.0
1,15,8,0.0,0.0,0.0,0.0,0.0
1,15,9,0.0,0.0,0.0,0.0,0.0
1,15,10,0.0,0.0,0.0,0.0,0.0
1,15,11,0.0,0.0,0.0,0.0,0.0
1,15,12,0.0,0.0,0.0,0.0,0.0
1,15,13,0.173954082,0.182651786,0.167604758,0.174736875,0.178231613
1,15,14,0.173954082,0.166995919,0.16877025,0.171605818,0.160111626
1,15,15,0.585603741,0.609027891,0.633154765,0.615354753,0.65964811
1,15,16,0.585603741,0.614883928,0.660268218,0.638859521,0.662398083
1,15,17,0.326122449,0.293510204,0.325307143,0.305530534,0.343879341
1,15,18,0.326122449,0.300032653,0.294292898,0.31908864,0.297488794
1,15,19,0.622661565,0.641341412,0.657281548,0.582789639,0.632278726
1,15,20,0.622661565,0.597755102,0.64071875,0.676212535,0.659710468
1,15,21,0.602908163,0.663198979,0.645714643,0.694628582,0.651612592
1,15,22,0.602908163,0.62702449,0.664163632,0.637679083,0.664591034
1,15,23,0.75547619,0.687483333,0.750338952,0.760343471,0.716258172
1,15,24,0.75547619,0.710147619,0.659530714,0.715468689,0.674648013
1,15,25,0.830688776,0.772540562,0.777566229,0.777726552,0.726460087
1,15,26,0.830688776,0.863916327,0.898140705,0.864248603,0.881533575
1,15,27,0.763792517,0.710327041,0.722318583,0.761431889,0.702494132
1,15,28,0.763792517,0.717964966,0.807557828,0.778367206,0.736243804
1,15,29,0.823511905,0.774101191,0.814782679,0.884545117,0.799508166
1,15,30,0.823511905,0.749395834,0.817912024,0.812878719,0.824952359
1,15,31,0.797865646,0.805844302,0.769780775,0.846545025,0.829159205
1,15,32,0.797865646,0.821801615,0.826030303,0.75001392,0.758981478
1,15,33,0.724192177,0.651772959,0.70174222,0.706420501,0.675151005
1,15,34,0.724192177,0.651772959,0.715501871,0.725041896,0.690044681
1,15,35,0.516309524,0.511146429,0.534277095,0.504960352,0.490839683
1,15,36,0.516309524,0.505983334,0.506034964,0.54510359,0.559826481
1,15,37,0.066302721,0.070943911,0.067937083,0.069078518,0.067879903
1,15,38,0.066302721,0.059672449,0.069286343,0.061181941,0.061546429
1,15,39,0.0,0.0,0.0,0.0,0.0
1,15,40,0.0,0.0,0.0,0.0,0.0
1,15,41,0.0,0.0,0.0,0.0,0.0
1,15,42,0.0,0.0,0.0,0.0,0.0
1,15,43,0.0,0.0,0.0,0.0,0.0
1,15,44,0.0,0.0,0.0,0.0,0.0
1,15,45,0.0,0.0,0.0,0.0,0.0
1,15,46,0.0,0.0,0.0,0.0,0.0
1,15,47,0.0,0.0,0.0,0.0,0.0
1,15,48,0.0,0.0,0.0,0.0,0.0
1,16,1,0.0,0.0,0.0,0.0,0.0
1,16,2,0.0,0.0,0.0,0.0,0.0
1,16,3,0.0,0.0,0.0,0.0,0.0
1,16,4,0.0,0.0,0.0,0.0,0.0
1,16,5,0.0,0.0,0.0,0.0,0.0
1,16,6,0.0,0.0,0.0,0.0,0.0
1,16,7,0.0,0.0,0.0,0.0,0.0
1,16,8,0.0,0.0,0.0,0.0,0.0
1,16,9,0.0,0.0,0.0,0.0,0.0
1,16,10,0.0,0.0,0.0,0.0,0.0
1,16,11,0.0,0.0,0.0,0.0,0.0
1,16,12,0.0,0.0,0.0,0.0,0.0
1,16,13,0.290892857,0.293801786,0.315735107,0.282134655,0.277902635
1,16,14,0.290892857,0.314164286,0.290427428,0.316404548,0.284793943
1,16,15,0.579923469,0.637915816,0.615008839,0.653715831,0.658939448
1,16,16,0.579923469,0.568325,0.533935538,0.555120722,0.508986826
1,16,17,0.482185374,0.467719813,0.522447853,0.539862781,0.457779099
1,16,18,0.482185374,0.462897959,0.472541667,0.515070417,0.516996024
1,16,19,0.311921769,0.330637075,0.321279422,0.292364274,0.345455699
1,16,20,0.311921769,0.336875511,0.356838504,0.328507689,0.306852999
1,16,21,0.579302721,0.567716667,0.539099112,0.60700266,0.619142713
1,16,22,0.579302721,0.573509694,0.582170269,0.584110837,0.620357517
1,16,23,0.812806122,0.739653571,0.729656056,0.798740512,0.816426909
1,16,24,0.812806122,0.780293877,0.860274,0.776901766,0.880250146
1,16,25,0.564047619,0.513283333,0.544052131,0.5782933,0.549919096
1,16,26,0.564047619,0.507642857,0.578712857,0.528129067,0.555525762
1,16,27,0.640187075,0.576168368,0.620341276,0.636721529,0.587436834
1,16,28,0.640187075,0.608177721,0.686600638,0.644988478,0.632088709
1,16,29,0.387312925,0.375693537,0.385318263,0.409569152,0.373894531
1,16,30,0.387312925,0.426044218,0.366010714,0.397053845,0.433515968
1,16,31,0.206003401,0.201883333,0.214140535,0.221856393,0.210970916
1,16,32,0.206003401,0.218363605,0.216427173,0.200782176,0.18935468
1,16,33,0.182746599,0.201021259,0.211072322,0.216125265,0.182467225
1,16,34,0.182746599,0.186401531,0.175345362,0.185127787,0.193349639
1,16,35,0.306845238,0.30991369,0.336133616,0.29222038,0.33618049
1,16,36,0.306845238,0.288434524,0.32442747,0.31576615,0.290336245
1,16,37,0.074405612,0.077381836,0.082724159,0.071916893,0.080437482
1,16,38,0.074405612,0.067709107,0.072478507,0.064377968,0.066255658
1,16,39,0.0,0.0,0.0,0.0,0.0
1,16,40,0.0,0.0,0.0,0.0,0.0
1,16,41,0.0,0.0,0.0,0.0,0.0
1,16,42,0.0,0.0,0.0,0.0,0.0
1,16,43,0.0,0.0,0.0,0.0,0.0
1,16,44,0.0,0.0,0.0,0.0,0.0
1,16,45,0.0,0.0,0.0,0.0,0.0
1,16,46,0.0,0.0,0.0,0.0,0.0
1,16,47,0.0,0.0,0.0,0.0,0.0
1,16,48,0.0,0.0,0.0,0.0,0.0
1,17,1,0.0,0.0,0.0,0.0,0.0
1,17,2,0.0,0.0,0.0,0.0,0.0
1,17,3,0.0,0.0,0.0,0.0,0.0
1,17,4,0.0,0.0,0.0,0.0,0.0
1,17,5,0.0,0.0,0.0,0.0,0.0
1,17,6,0.0,0.0,0.0,0.0,0.0
1,17,7,0.0,0.0,0.0,0.0,0.0
1,17,8,0.0,0.0,0.0,0.0,0.0
1,17,9,0.0,0.0,0.0,0.0,0.0
1,17,10,0.0,0.0,0.0,0.0,0.0
1,17,11,0.0,0.0,0.0,0.0,0.0
1,17,12,0.0,0.0,0.0,0.0,0.0
1,17,13,0.21797619,0.213616666,0.200690678,0.227622072,0.212826638
1,17,14,0.21797619,0.239773809,0.242607499,0.254463224,0.214834663
1,17,15,0.627440476,0.602342857,0.6271895,0.581851488,0.597511958
1,17,16,0.627440476,0.602342857,0.577998166,0.554386326,0.561014859
1,17,17,0.789234694,0.789234694,0.828696429,0.826460264,0.856910911
1,17,18,0.789234694,0.710311225,0.794759337,0.741825366,0.705900369
1,17,19,0.790943878,0.767215562,0.856987692,0.724544139,0.753525905
1,17,20,0.790943878,0.735577807,0.709832583,0.767814965,0.811125693
1,17,21,0.744013605,0.677052381,0.746059642,0.729598961,0.782115639
1,17,22,0.744013605,0.744013605,0.706812925,0.75356178,0.759213493
1,17,23,0.618503401,0.569023129,0.635326694,0.65622716,0.656956302
1,17,24,0.618503401,0.575208163,0.608792898,0.600834821,0.606843169
1,17,25,0.64162415,0.622375426,0.657279779,0.698064832,0.589352442
1,17,26,0.64162415,0.615959184,0.597352084,0.556480625,0.614911091
1,17,27,0.426071429,0.426071429,0.396246429,0.42029106,0.417170087
1,17,28,0.426071429,0.443114286,0.473706215,0.429725418,0.438722794
1,17,29,0.618886054,0.656019217,0.624703583,0.677527158,0.624955483
1,17,30,0.618886054,0.680774659,0.623837142,0.609107654,0.690135002
1,17,31,0.54212585,0.574653401,0.563973522,0.58826347,0.510528655
1,17,32,0.54212585,0.569232143,0.505667887,0.544398713,0.572777517
1,17,33,0.314447279,0.339603061,0.353187184,0.3391033,0.356780318
1,17,34,0.314447279,0.308158333,0.292624638,0.277619843,0.283301897
1,17,35,0.211428571,0.222,0.205878571,0.19605419,0.198398316
1,17,36,0.211428571,0.219885714,0.211344,0.192797485,0.215129861
1,17,37,0.02342602,0.021786199,0.024414598,0.021584313,0.023714894
1,17,38,0.02342602,0.022488979,0.021350475,0.024664007,0.021833252
1,17,39,0.0,0.0,0.0,0.0,0.0
1,17,40,0.0,0.0,0.0,0.0,0.0
1,17,41,0.0,0.0,0.0,0.0,0.0
1,17,42,0.0,0.0,0.0,0.0,0.0
1,17,43,0.0,0.0,0.0,0.0,0.0
1,17,44,0.0,0.0,0.0,0.0,0.0
1,17,45,0.0,0.0,0.0,0.0,0.0
1,17,46,0.0,0.0,0.0,0.0,0.0
1,17,47,0.0,0.0,0.0,0.0,0.0
1,17,48,0.0,0.0,0.0,0.0,0.0
1,18,1,0.0,0.0,0.0,0.0,0.0
1,18,2,0.0,0.0,0.0,0.0,0.0
1,18,3,0.0,0.0,0.0,0.0,0.0
1,18,4,0.0,0.0,0.0,0.0,0.0
1,18,5,0.0,0.0,0.0,0.0,0.0
1,18,6,0.0,0.0,0.0,0.0,0.0
1,18,7,0.0,0.0,0.0,0.0,0.0
1,18,8,0.0,0.0,0.0,0.0,0.0
1,18,9,0.0,0.0,0.0,0.0,0.0
1,18,10,0.0,0.0,0.0,0.0,0.0
1,18,11,0.0,0.0,0.0,0.0,0.0
1,18,12,0.0,0.0,0.0,0.0,0.0
1,18,13,0.09835034,0.096383333,0.102235178,0.104928994,0.090427015
1,18,14,0.09835034,0.102284354,0.105333214,0.11116834,0.103241221
1,18,15,0.405187075,0.37682398,0.359725085,0.372967139,0.352168512
1,18,16,0.405187075,0.437602041,0.434036395,0.404328078,0.416085513
1,18,17,0.68380102,0.663286989,0.700485765,0.703000329,0.632632044
1,18,18,0.68380102,0.69063903,0.639114623,0.604066402,0.700213638
1,18,19,0.694846939,0.639259184,0.700405715,0.698515731,0.642261479
1,18,20,0.694846939,0.667053061,0.735426,0.685126494,0.737349911
1,18,21,0.778197279,0.817107143,0.805628733,0.728283057,0.805773175
1,18,22,0.778197279,0.778197279,0.762633333,0.711168553,0.825728531
1,18,23,0.575697279,0.523884524,0.527799265,0.526186545,0.586847175
1,18,24,0.575697279,0.541155442,0.597516206,0.582885435,0.534111639
1,18,25,0.632312925,0.632312925,0.638636054,0.672485873,0.605300728
1,18,26,0.632312925,0.638636054,0.63547449,0.679957704,0.620731481
1,18,27,0.673163265,0.706821428,0.641692882,0.640197899,0.632195425
1,18,28,0.673163265,0.652968367,0.616651209,0.686449937,0.703319768
1,18,29,0.542253401,0.520563265,0.579235083,0.509036042,0.580793704
1,18,30,0.542253401,0.547675935,0.583112195,0.579987731,0.597052754
1,18,31,0.383571429,0.391242858,0.360288643,0.408637055,0.355060196
1,18,32,0.383571429,0.418092858,0.380790536,0.374444027,0.416470442
1,18,33,0.337840136,0.310812925,0.324326531,0.324326531,0.308110204
1,18,34,0.337840136,0.331083333,0.304360179,0.314695046,0.341314354
1,18,35,0.167142857,0.155442857,0.175809214,0.161147693,0.150045946
1,18,36,0.167142857,0.177171428,0.180765,0.176776693,0.175463994
1,18,37,0.009666667,0.009183334,0.0088595,0.009513595,0.008561312
1,18,38,0.009666667,0.010633334,0.010353,0.009706784,0.010594443
1,18,39,0.0,0.0,0.0,0.0,0.0
1,18,40,0.0,0.0,0.0,0.0,0.0
1,18,41,0.0,0.0,0.0,0.0,0.0
1,18,42,0.0,0.0,0.0,0.0,0.0
1,18,43,0.0,0.0,0.0,0.0,0.0
1,18,44,0.0,0.0,0.0,0.0,0.0
1,18,45,0.0,0.0,0.0,0.0,0.0
1,18,46,0.0,0.0,0.0,0.0,0.0
1,18,47,0.0,0.0,0.0,0.0,0.0
1,18,48,0.0,0.0,0.0,0.0,0.0
1,19,1,0.0,0.0,0.0,0.0,0.0
1,19,2,0.0,0.0,0.0,0.0,0.0
1,19,3,0.0,0.0,0.0,0.0,0.0
1,19,4,0.0,0.0,0.0,0.0,0.0
1,19,5,0.0,0.0,0.0,0.0,0.0
1,19,6,0.0,0.0,0.0,0.0,0.0
1,19,7,0.0,0.0,0.0,0.0,0.0
1,19,8,0.0,0.0,0.0,0.0,0.0
1,19,9,0.0,0.0,0.0,0.0,0.0
1,19,10,0.0,0.0,0.0,0.0,0.0
1,19,11,0.0,0.0,0.0,0.0,0.0
1,19,12,0.0,0.0,0.0,0.0,0.0
1,19,13,0.116811224,0.109802551,0.101976199,0.101862892,0.117298406
1,19,14,0.116811224,0.120315561,0.117377758,0.115804817,0.111698473
1,19,15,0.310705782,0.304491666,0.304522737,0.291244725,0.302741228
1,19,16,0.310705782,0.320026955,0.293290723,0.323408211,0.308739339
1,19,17,0.640076531,0.608072704,0.674000587,0.659938106,0.606790663
1,19,18,0.640076531,0.595271174,0.58679016,0.63167446,0.595049489
1,19,19,0.776641156,0.799940391,0.76464205,0.733583394,0.837884905
1,19,20,0.776641156,0.761108333,0.845762219,0.850119176,0.759903258
1,19,21,0.774472789,0.789962245,0.821328393,0.874779923,0.864043988
1,19,22,0.774472789,0.836430612,0.853778803,0.813345127,0.770336423
1,19,23,0.83335034,0.80834983,0.812641584,0.891744171,0.761234548
1,19,24,0.83335034,0.85835085,0.930435655,0.812862422,0.858749817
1,19,25,0.768248299,0.82202568,0.75538014,0.727152777,0.691381552
1,19,26,0.768248299,0.806660714,0.866199957,0.85438814,0.782680564
1,19,27,0.793818027,0.849385289,0.879113774,0.773510574,0.741561224
1,19,28,0.793818027,0.714436224,0.769209668,0.690830722,0.682707768
1,19,29,0.790790816,0.782882908,0.747495019,0.773722914,0.742773998
1,19,30,0.790790816,0.822422449,0.879201229,0.880653121,0.910728256
1,19,31,0.71457483,0.67170034,0.700068961,0.716311485,0.72869046
1,19,32,0.71457483,0.700283333,0.771097699,0.765084552,0.686116896
1,19,33,0.492678571,0.477898214,0.480435509,0.444977103,0.450297482
1,19,34,0.492678571,0.443410714,0.486766428,0.488513795,0.468285529
1,19,35,0.152627551,0.141943622,0.144339875,0.143377609,0.142660721
1,19,36,0.152627551,0.164837755,0.147621367,0.17053178,0.165260798
1,19,37,0.027917517,0.030709269,0.029313393,0.031658464,0.029899661
1,19,38,0.027917517,0.029871743,0.029183576,0.031310221,0.029570764
1,19,39,0.0,0.0,0.0,0.0,0.0
1,19,40,0.0,0.0,0.0,0.0,0.0
1,19,41,0.0,0.0,0.0,0.0,0.0
1,19,42,0.0,0.0,0.0,0.0,0.0
1,19,43,0.0,0.0,0.0,0.0,0.0
1,19,44,0.0,0.0,0.0,0.0,0.0
1,19,45,0.0,0.0,0.0,0.0,0.0
1,19,46,0.0,0.0,0.0,0.0,0.0
1,19,47,0.0,0.0,0.0,0.0,0.0
1,19,48,0.0,0.0,0.0,0.0,0.0
1,20,1,0.0,0.0,0.0,0.0,0.0
1,20,2,0.0,0.0,0.0,0.0,0.0
1,20,3,0.0,0.0,0.0,0.0,0.0
1,20,4,0.0,0.0,0.0,0.0,0.0
1,20,5,0.0,0.0,0.0,0.0,0.0
1,20,6,0.0,0.0,0.0,0.0,0.0
1,20,7,0.0,0.0,0.0,0.0,0.0
1,20,8,0.0,0.0,0.0,0.0,0.0
1,20,9,0.0,0.0,0.0,0.0,0.0
1,20,10,0.0,0.0,0.0,0.0,0.0
1,20,11,0.0,0.0,0.0,0.0,0.0
1,20,12,0.0,0.0,0.0,0.0,0.0
1,20,13,0.129727891,0.138808843,0.134268367,0.136953735,0.147084283
1,20,14,0.129727891,0.118052381,0.117695629,0.112079276,0.109837691
1,20,15,0.237746599,0.235369133,0.219998815,0.224107037,0.217840126
1,20,16,0.237746599,0.256766327,0.232421075,0.23261888,0.227893809
1,20,17,0.141879252,0.147554422,0.134586658,0.145580314,0.13243215
1,20,18,0.141879252,0.141879252,0.136204082,0.127388651,0.138206187
1,20,19,0.398758503,0.398758503,0.362870238,0.417739408,0.414258246
1,20,20,0.398758503,0.406733673,0.36649894,0.429730076,0.436469025
1,20,21,0.787185374,0.739954252,0.771205511,0.812081948,0.785382839
1,20,22,0.787185374,0.732082398,0.721652192,0.761912788,0.683144451
1,20,23,0.595960884,0.572122449,0.5957225,0.605573336,0.651579271
1,20,24,0.595960884,0.649597364,0.585412376,0.561497658,0.604098241
1,20,25,0.712755102,0.727010204,0.784672092,0.674746011,0.746539728
1,20,26,0.712755102,0.762647959,0.759832576,0.73762776,0.668894265
1,20,27,0.769770408,0.769770408,0.777468112,0.74916622,0.72055116
1,20,28,0.769770408,0.692793367,0.665466518,0.737717168,0.752258709
1,20,29,0.787423469,0.803171938,0.77939175,0.868995291,0.842135436
1,20,30,0.787423469,0.716555357,0.721909836,0.801319918,0.681121931
1,20,31,0.727117347,0.778015561,0.8278231,0.777652003,0.816534603
1,20,32,0.727117347,0.778015561,0.677309809,0.720206097,0.754688692
1,20,33,0.628818027,0.653970748,0.705533826,0.715796136,0.62194731
1,20,34,0.628818027,0.628818027,0.679123469,0.581027857,0.604268971
1,20,35,0.498767007,0.458865646,0.493180817,0.459424265,0.520539783
1,20,36,0.498767007,0.493779337,0.46153405,0.441071053,0.426409075
1,20,37,0.03359949,0.03225551,0.03226895,0.034670463,0.030542715
1,20,38,0.03359949,0.031583521,0.032591505,0.032591505,0.03161376
1,20,39,0.0,0.0,0.0,0.0,0.0
1,20,40,0.0,0.0,0.0,0.0,0.0
1,20,41,0.0,0.0,0.0,0.0,0.0
1,20,42,0.0,0.0,0.0,0.0,0.0
1,20,43,0.0,0.0,0.0,0.0,0.0
1,20,44,0.0,0.0,0.0,0.0,0.0
1,20,45,0.0,0.0,0.0,0.0,0.0
1,20,46,0.0,0.0,0.0,0.0,0.0
1,20,47,0.0,0.0,0.0,0.0,0.0
1,20,48,0.0,0.0,0.0,0.0,0.0
1,21,1,0.0,0.0,0.0,0.0,0.0
1,21,2,0.0,0.0,0.0,0.0,0.0
1,21,3,0.0,0.0,0.0,0.0,0.0
1,21,4,0.0,0.0,0.0,0.0,0.0
1,21,5,0.0,0.0,0.0,0.0,0.0
1,21,6,0.0,0.0,0.0,0.0,0.0
1,21,7,0.0,0.0,0.0,0.0,0.0
1,21,8,0.0,0.0,0.0,0.0,0.0
1,21,9,0.0,0.0,0.0,0.0,0.0
1,21,10,0.0,0.0,0.0,0.0,0.0
1,21,11,0.0,0.0,0.0,0.0,0.0
1,21,12,0.0,0.0,0.0,0.0,0.0
1,21,13,0.015772959,0.014984311,0.014609703,0.013610092,0.013417282
1,21,14,0.015772959,0.014984311,0.014302131,0.015470394,0.01619172
1,21,15,0.341930272,0.376123299,0.341075446,0.328329995,0.371145286
1,21,16,0.341930272,0.328253061,0.358548083,0.332623158,0.350548803
1,21,17,0.782780612,0.845403061,0.822232755,0.85764575,0.843555855
1,21,18,0.782780612,0.704502551,0.810569324,0.842545912,0.855758564
1,21,19,0.833928571,0.850607142,0.76646375,0.808829823,0.741611163
1,21,20,0.833928571,0.792232142,0.869995982,0.890295888,0.81274862
1,21,21,0.839362245,0.88972398,0.821315957,0.765120654,0.820591902
1,21,22,0.839362245,0.92329847,0.969463393,0.883386795,0.885800171
1,21,23,0.83167517,0.839991922,0.810758539,0.885398475,0.757760424
1,21,24,0.83167517,0.839991922,0.760608527,0.745897856,0.842215971
1,21,25,0.817423469,0.899165816,0.926958214,0.960488925,0.828928377
1,21,26,0.817423469,0.850120408,0.800421061,0.814428429,0.754950474
1,21,27,0.830510204,0.747459184,0.765315153,0.757662001,0.713217705
1,21,28,0.830510204,0.830510204,0.822205102,0.794632163,0.827659062
1,21,29,0.768035714,0.829478571,0.726869,0.798038261,0.764993279
1,21,30,0.768035714,0.760355357,0.771837491,0.720738283,0.709927208
1,21,31,0.714090136,0.664103826,0.74422474,0.749921275,0.746808394
1,21,32,0.714090136,0.73551284,0.695809429,0.729440218,0.718713156
1,21,33,0.655348639,0.668455612,0.728092338,0.677125874,0.627675166
1,21,34,0.655348639,0.596367261,0.588306473,0.656274647,0.592870542
1,21,35,0.345527211,0.355893027,0.315639107,0.339019782,0.34240998
1,21,36,0.345527211,0.32825085,0.306569018,0.313711065,0.291163083
1,21,37,0.035005102,0.032204694,0.034613045,0.034619766,0.031722906
1,21,38,0.035005102,0.035005102,0.038505612,0.039427413,0.039204956
1,21,39,0.0,0.0,0.0,0.0,0.0
1,21,40,0.0,0.0,0.0,0.0,0.0
1,21,41,0.0,0.0,0.0,0.0,0.0
1,21,42,0.0,0.0,0.0,0.0,0.0
1,21,43,0.0,0.0,0.0,0.0,0.0
1,21,44,0.0,0.0,0.0,0.0,0.0
1,21,45,0.0,0.0,0.0,0.0,0.0
1,21,46,0.0,0.0,0.0,0.0,0.0
1,21,47,0.0,0.0,0.0,0.0,0.0
1,21,48,0.0,0.0,0.0,0.0,0.0
1,22,1,0.0,0.0,0.0,0.0,0.0
1,22,2,0.0,0.0,0.0,0.0,0.0
1,22,3,0.0,0.0,0.0,0.0,0.0
1,22,4,0.0,0.0,0.0,0.0,0.0
1,22,5,0.0,0.0,0.0,0.0,0.0
1,22,6,0.0,0.0,0.0,0.0,0.0
1,22,7,0.0,0.0,0.0,0.0,0.0
1,22,8,0.0,0.0,0.0,0.0,0.0
1,22,9,0.0,0.0,0.0,0.0,0.0
1,22,10,0.0,0.0,0.0,0.0,0.0
1,22,11,0.0,0.0,0.0,0.0,0.0
1,22,12,0.0,0.0,0.0,0.0,0.0
1,22,13,0.271547619,0.279694048,0.261839792,0.243924437,0.280106562
1,22,14,0.271547619,0.268832143,0.280997476,0.273792413,0.276530337
1,22,15,0.720493197,0.749312925,0.801044336,0.756950153,0.832645168
1,22,16,0.720493197,0.662853741,0.66400653,0.723398226,0.755029837
1,22,17,0.830952381,0.830952381,0.814333333,0.759379683,0.8008154
1,22,18,0.830952381,0.764476191,0.757828571,0.753042286,0.737746114
1,22,19,0.854166667,0.939583334,0.90584375,0.899864584,0.881867292
1,22,20,0.854166667,0.794375,0.824270834,0.898455209,0.783819742
1,22,21,0.872389456,0.8025983,0.787244245,0.75508448,0.828458994
1,22,22,0.872389456,0.793874405,0.83313193,0.908113804,0.860396173
1,22,23,0.877644558,0.798656548,0.871676575,0.849325894,0.849325894
1,22,24,0.877644558,0.903973895,0.970982057,0.871656828,0.878882404
1,22,25,0.873435374,0.917107143,0.823649558,0.94982312,0.801903419
1,22,26,0.873435374,0.952044558,0.930994765,0.891260152,0.838979015
1,22,27,0.866998299,0.788968452,0.761744706,0.862317086,0.754406565
1,22,28,0.866998299,0.814978401,0.925087185,0.877711508,0.836346094
1,22,29,0.854192177,0.777314881,0.815753529,0.84838367,0.823911064
1,22,30,0.854192177,0.939611395,0.905870804,0.926888202,0.879441425
1,22,31,0.82462585,0.750409524,0.80326804,0.753129414,0.837658282
1,22,32,0.82462585,0.849364626,0.820255333,0.756587895,0.804581342
1,22,33,0.790357143,0.845682143,0.818019643,0.785298857,0.890823391
1,22,34,0.790357143,0.758742857,0.821023,0.79794141,0.84745723
1,22,35,0.596981293,0.573102041,0.585041667,0.602592917,0.548169416
1,22,36,0.596981293,0.561162415,0.526955387,0.516763723,0.522942419
1,22,37,0.078164966,0.082854864,0.082925212,0.074809813,0.07251673
1,22,38,0.078164966,0.084418163,0.08210448,0.075853159,0.082539248
1,22,39,0.0,0.0,0.0,0.0,0.0
1,22,40,0.0,0.0,0.0,0.0,0.0
1,22,41,0.0,0.0,0.0,0.0,0.0
1,22,42,0.0,0.0,0.0,0.0,0.0
1,22,43,0.0,0.0,0.0,0.0,0.0
1,22,44,0.0,0.0,0.0,0.0,0.0
1,22,45,0.0,0.0,0.0,0.0,0.0
1,22,46,0.0,0.0,0.0,0.0,0.0
1,22,47,0.0,0.0,0.0,0.0,0.0
1,22,48,0.0,0.0,0.0,0.0,0.0
1,23,1,0.0,0.0,0.0,0.0,0.0
1,23,2,0.0,0.0,0.0,0.0,0.0
1,23,3,0.0,0.0,0.0,0.0,0.0
1,23,4,0.0,0.0,0.0,0.0,0.0
1,23,5,0.0,0.0,0.0,0.0,0.0
1,23,6,0.0,0.0,0.0,0.0,0.0
1,23,7,0.0,0.0,0.0,0.0,0.0
1,23,8,0.0,0.0,0.0,0.0,0.0
1,23,9,0.0,0.0,0.0,0.0,0.0
1,23,10,0.0,0.0,0.0,0.0,0.0
1,23,11,0.0,0.0,0.0,0.0,0.0
1,23,12,0.0,0.0,0.0,0.0,0.0
1,23,13,0.266811224,0.280151785,0.295360025,0.292005319,0.280746267
1,23,14,0.266811224,0.256138775,0.2457865,0.253683045,0.270941179
1,23,15,0.715170068,0.722321769,0.682808622,0.713834488,0.743960424
1,23,16,0.715170068,0.772383673,0.743776871,0.69171249,0.708837952
1,23,17,0.813596939,0.80546097,0.841910112,0.844932354,0.776886588
1,23,18,0.813596939,0.821732908,0.744075081,0.808997676,0.876810716
1,23,19,0.844056122,0.801853316,0.831184266,0.850468838,0.790296104
1,23,20,0.844056122,0.877818367,0.8437185,0.863749639,0.814468874
1,23,21,0.858758503,0.901696428,0.862622916,0.883102875,0.955434247
1,23,22,0.858758503,0.815820578,0.778679273,0.842285368,0.881557945
1,23,23,0.863086735,0.854455868,0.841595875,0.827454775,0.812782381
1,23,24,0.863086735,0.785408929,0.78303544,0.85914099,0.830894704
1,23,25,0.858401361,0.875569388,0.814966252,0.84114921,0.889897631
1,23,26,0.858401361,0.841233334,0.892308215,0.829421731,0.90666163
1,23,27,0.851853741,0.911483503,0.828768505,0.838114192,0.874706085
1,23,28,0.851853741,0.877409353,0.847338916,0.910399377,0.863032843
1,23,29,0.840187075,0.873794558,0.942689898,0.974112895,0.989388756
1,23,30,0.840187075,0.924205783,0.80279875,0.872845147,0.860009189
1,23,31,0.79122449,0.82287347,0.750555551,0.709396053,0.760827267
1,23,32,0.79122449,0.79122449,0.82287347,0.721596735,0.828633584
1,23,33,0.778792517,0.802156293,0.837902869,0.725655504,0.77040426
1,23,34,0.778792517,0.817732143,0.838175446,0.746641366,0.819195429
1,23,35,0.589234694,0.536203572,0.602109472,0.616158693,0.615222938
1,23,36,0.589234694,0.595127041,0.615868102,0.630080443,0.619729121
1,23,37,0.076542517,0.071184541,0.07681807,0.076345343,0.078231523
1,23,38,0.076542517,0.072715391,0.08134556,0.072255753,0.074200509
1,23,39,0.0,0.0,0.0,0.0,0.0
1,23,40,0.0,0.0,0.0,0.0,0.0
1,23,41,0.0,0.0,0.0,0.0,0.0
1,23,42,0.0,0.0,0.0,0.0,0.0
1,23,43,0.0,0.0,0.0,0.0,0.0
1,23,44,0.0,0.0,0.0,0.0,0.0
1,23,45,0.0,0.0,0.0,0.0,0.0
1,23,46,0.0,0.0,0.0,0.0,0.0
1,23,47,0.0,0.0,0.0,0.0,0.0
1,23,48,0.0,0.0,0.0,0.0,0.0
1,24,1,0.0,0.0,0.0,0.0,0.0
1,24,2,0.0,0.0,0.0,0.0,0.0
1,24,3,0.0,0.0,0.0,0.0,0.0
1,24,4,0.0,0.0,0.0,0.0,0.0
1,24,5,0.0,0.0,0.0,0.0,0.0
1,24,6,0.0,0.0,0.0,0.0,0.0
1,24,7,0.0,0.0,0.0,0.0,0.0
1,24,8,0.0,0.0,0.0,0.0,0.0
1,24,9,0.0,0.0,0.0,0.0,0.0
1,24,10,0.0,0.0,0.0,0.0,0.0
1,24,11,0.0,0.0,0.0,0.0,0.0
1,24,12,0.0,0.0,0.0,0.0,0.0
1,24,13,0.237057823,0.260763605,0.258867143,0.234573457,0.252771817
1,24,14,0.237057823,0.229946088,0.21015176,0.237004485,0.251394043
1,24,15,0.125017007,0.128767517,0.114203036,0.134928772,0.113156175
1,24,16,0.125017007,0.122516667,0.132430516,0.127921277,0.118083371
1,24,17,0.546556122,0.513762755,0.508953061,0.50216702,0.502323947
1,24,18,0.546556122,0.524693877,0.55169375,0.578849937,0.517421516
1,24,19,0.775068027,0.798320068,0.82602875,0.823799783,0.757455908
1,24,20,0.775068027,0.837073469,0.822192163,0.803330108,0.793227623
1,24,21,0.791003401,0.822643537,0.806823469,0.77455053,0.846680548
1,24,22,0.791003401,0.743543197,0.713564168,0.801826173,0.731984865
1,24,23,0.809846939,0.866536225,0.779518171,0.867751805,0.880768082
1,24,24,0.809846939,0.753157653,0.859652526,0.864081039,0.879202457
1,24,25,0.76255102,0.77780204,0.739369469,0.752308435,0.788328051
1,24,26,0.76255102,0.709172449,0.662275561,0.682879689,0.654924302
1,24,27,0.800952381,0.784933333,0.816731143,0.736802503,0.816249034
1,24,28,0.800952381,0.752895238,0.769154571,0.73561736,0.825827279
1,24,29,0.825212585,0.77569983,0.736419711,0.74794628,0.825311974
1,24,30,0.825212585,0.825212585,0.783951956,0.746542319,0.731611472
1,24,31,0.789056122,0.718041071,0.723406653,0.802981384,0.758371308
1,24,32,0.789056122,0.828508928,0.849221651,0.87982059,0.794819232
1,24,33,0.756088435,0.740966666,0.770983377,0.748452698,0.73149911
1,24,34,0.756088435,0.809014625,0.78255153,0.704296377,0.701948723
1,24,35,0.46335034,0.426282313,0.427023673,0.430107733,0.462892476
1,24,36,0.46335034,0.426282313,0.40923102,0.467590922,0.476942741
1,24,37,0.074393707,0.080345204,0.080464233,0.076049017,0.073144258
1,24,38,0.074393707,0.072905833,0.070703779,0.075574484,0.080733896
1,24,39,0.0,0.0,0.0,0.0,0.0
1,24,40,0.0,0.0,0.0,0.0,0.0
1,24,41,0.0,0.0,0.0,0.0,0.0
1,24,42,0.0,0.0,0.0,0.0,0.0
1,24,43,0.0,0.0,0.0,0.0,0.0
1,24,44,0.0,0.0,0.0,0.0,0.0
1,24,45,0.0,0.0,0.0,0.0,0.0
1,24,46,0.0,0.0,0.0,0.0,0.0
1,24,47,0.0,0.0,0.0,0.0,0.0
1,24,48,0.0,0.0,0.0,0.0,0.0
1,25,1,0.0,0.0,0.0,0.0,0.0
1,25,2,0.0,0.0,0.0,0.0,0.0
1,25,3,0.0,0.0,0.0,0.0,0.0
1,25,4,0.0,0.0,0.0,0.0,0.0
1,25,5,0.0,0.0,0.0,0.0,0.0
1,25,6,0.0,0.0,0.0,0.0,0.0
1,25,7,0.0,0.0,0.0,0.0,0.0
1,25,8,0.0,0.0,0.0,0.0,0.0
1,25,9,0.0,0.0,0.0,0.0,0.0
1,25,10,0.0,0.0,0.0,0.0,0.0
1,25,11,0.0,0.0,0.0,0.0,0.0
1,25,12,0.0,0.0,0.0,0.0,0.0
1,25,13,0.242814626,0.242814626,0.237958333,0.221900193,0.217462189
1,25,14,0.242814626,0.247670919,0.262409766,0.228378244,0.223239734
1,25,15,0.686454082,0.66586046,0.64911098,0.673813259,0.655433501
1,25,16,0.686454082,0.713912245,0.679177669,0.755567652,0.772567924
1,25,17,0.791632653,0.728302041,0.76756702,0.831125623,0.732877424
1,25,18,0.791632653,0.815381633,0.771366857,0.745226091,0.843373953
1,25,19,0.769277211,0.807741072,0.749083684,0.69783059,0.793782296
1,25,20,0.769277211,0.83851216,0.803894685,0.86820626,0.811772853
1,25,21,0.739396259,0.680244558,0.709820409,0.709820409,0.766606041
1,25,22,0.739396259,0.672850596,0.713184662,0.722646716,0.747620536
1,25,23,0.729302721,0.700130612,0.721863833,0.760124999,0.71329843
1,25,24,0.729302721,0.714716667,0.750890082,0.658472841,0.684811754
1,25,25,0.772168367,0.749003316,0.714950691,0.737920383,0.743510689
1,25,26,0.772168367,0.795333418,0.854288473,0.839553956,0.76641589
1,25,27,0.689277211,0.65481335,0.685486186,0.629168792,0.711214432
1,25,28,0.689277211,0.661706123,0.641717083,0.71737215,0.711394049
1,25,29,0.713664966,0.763621514,0.679551781,0.776461774,0.791991009
1,25,30,0.713664966,0.720801616,0.659854628,0.70508814,0.755840524
1,25,31,0.528988095,0.491958928,0.459426161,0.463850264,0.495776979
1,25,32,0.528988095,0.534277976,0.494418723,0.493266851,0.466591499
1,25,33,0.322151361,0.31248682,0.298279945,0.295424073,0.328581538
1,25,34,0.322151361,0.309265307,0.296765834,0.337239642,0.300537759
1,25,35,0.103715986,0.112013265,0.105707333,0.106074073,0.099396228
1,25,36,0.103715986,0.109938945,0.105759191,0.102212519,0.100136327
1,25,37,0.032804422,0.034444643,0.03597825,0.03268865,0.0370371
1,25,38,0.032804422,0.029852024,0.034147763,0.033558792,0.03259075
1,25,39,0.0,0.0,0.0,0.0,0.0
1,25,40,0.0,0.0,0.0,0.0,0.0
1,25,41,0.0,0.0,0.0,0.0,0.0
1,25,42,0.0,0.0,0.0,0.0,0.0
1,25,43,0.0,0.0,0.0,0.0,0.0
1,25,44,0.0,0.0,0.0,0.0,0.0
1,25,45,0.0,0.0,0.0,0.0,0.0
1,25,46,0.0,0.0,0.0,0.0,0.0
1,25,47,0.0,0.0,0.0,0.0,0.0
1,25,48,0.0,0.0,0.0,0.0,0.0
1,26,1,0.0,0.0,0.0,0.0,0.0
1,26,2,0.0,0.0,0.0,0.0,0.0
1,26,3,0.0,0.0,0.0,0.0,0.0
1,26,4,0.0,0.0,0.0,0.0,0.0
1,26,5,0.0,0.0,0.0,0.0,0.0
1,26,6,0.0,0.0,0.0,0.0,0.0
1,26,7,0.0,0.0,0.0,0.0,0.0
1,26,8,0.0,0.0,0.0,0.0,0.0
1,26,9,0.0,0.0,0.0,0.0,0.0
1,26,10,0.0,0.0,0.0,0.0,0.0
1,26,11,0.0,0.0,0.0,0.0,0.0
1,26,12,0.0,0.0,0.0,0.0,0.0
1,26,13,0.235518707,0.247294642,0.243820741,0.242211364,0.23978925
1,26,14,0.235518707,0.249649829,0.254713482,0.229363426,0.239888247
1,26,15,0.682534014,0.723486055,0.681919733,0.647261339,0.717990299
1,26,16,0.682534014,0.648407313,0.638851837,0.630333813,0.637031109
1,26,17,0.792312925,0.73685102,0.82574853,0.722173159,0.700036982
1,26,18,0.792312925,0.760620408,0.768702,0.742923307,0.773801056
1,26,19,0.820357143,0.754728572,0.858421714,0.819280834,0.788801154
1,26,20,0.820357143,0.787542857,0.7959105,0.841333675,0.786947463
1,26,21,0.839668367,0.898445153,0.877747327,0.915551296,0.926995688
1,26,22,0.839668367,0.814478316,0.851885542,0.751809667,0.887761916
1,26,23,0.848290816,0.890705357,0.939057933,0.919465243,0.881392241
1,26,24,0.848290816,0.822842092,0.894056106,0.897816155,0.805148701
1,26,25,0.854659864,0.777740476,0.873334182,0.843597289,0.812212964
1,26,26,0.854659864,0.811926871,0.916622704,0.835237719,0.8118812
1,26,27,0.833826531,0.792135204,0.886149146,0.762006967,0.851270641
1,26,28,0.833826531,0.900532653,0.884523184,0.951527261,0.937232528
1,26,29,0.82164966,0.84629915,0.775596197,0.895966502,0.776436426
1,26,30,0.82164966,0.887381633,0.914331742,0.78700891,0.775859617
1,26,31,0.598954082,0.65884949,0.685502947,0.680157282,0.590279355
1,26,32,0.598954082,0.634891327,0.666276521,0.684043895,0.704185187
1,26,33,0.184515306,0.171599235,0.167373834,0.162281396,0.174871292
1,26,34,0.184515306,0.188205612,0.167724413,0.183751413,0.162944267
1,26,35,0.045590136,0.048325544,0.04695784,0.045549105,0.048935939
1,26,36,0.045590136,0.042398826,0.048393929,0.049097841,0.0505435
1,26,37,0.044053571,0.042731964,0.045996333,0.042932804,0.039535801
1,26,38,0.044053571,0.042731964,0.04295884,0.045843012,0.043896847
1,26,39,0.0,0.0,0.0,0.0,0.0
1,26,40,0.0,0.0,0.0,0.0,0.0
1,26,41,0.0,0.0,0.0,0.0,0.0
1,26,42,0.0,0.0,0.0,0.0,0.0
1,26,43,0.0,0.0,0.0,0.0,0.0
1,26,44,0.0,0.0,0.0,0.0,0.0
1,26,45,0.0,0.0,0.0,0.0,0.0
1,26,46,0.0,0.0,0.0,0.0,0.0
1,26,47,0.0,0.0,0.0,0.0,0.0
1,26,48,0.0,0.0,0.0,0.0,0.0
1,27,1,0.0,0.0,0.0,0.0,0.0
1,27,2,0.0,0.0,0.0,0.0,0.0
1,27,3,0.0,0.0,0.0,0.0,0.0
1,27,4,0.0,0.0,0.0,0.0,0.0
1,27,5,0.0,0.0,0.0,0.0,0.0
1,27,6,0.0,0.0,0.0,0.0,0.0
1,27,7,0.0,0.0,0.0,0.0,0.0
1,27,8,0.0,0.0,0.0,0.0,0.0
1,27,9,0.0,0.0,0.0,0.0,0.0
1,27,10,0.0,0.0,0.0,0.0,0.0
1,27,11,0.0,0.0,0.0,0.0,0.0
1,27,12,0.0,0.0,0.0,0.0,0.0
1,27,13,0.161998299,0.147418452,0.146972957,0.158215099,0.15979725
1,27,14,0.161998299,0.158758333,0.163585882,0.16951988,0.166734911
1,27,15,0.225603741,0.216579591,0.201193416,0.218748095,0.20475465
1,27,16,0.225603741,0.218835629,0.206664307,0.22137525,0.233388113
1,27,17,0.472278912,0.42977381,0.410433988,0.43749557,0.415620792
1,27,18,0.472278912,0.425051021,0.421745068,0.457279334,0.475174785
1,27,19,0.465331633,0.483944898,0.436667204,0.448121808,0.421835075
1,27,20,0.465331633,0.511864796,0.508142143,0.465406086,0.453548133
1,27,21,0.514838435,0.489096513,0.552164222,0.48757774,0.485373266
1,27,22,0.514838435,0.463354592,0.440186862,0.482249162,0.451399399
1,27,23,0.595518707,0.559787585,0.531440894,0.601606496,0.594971957
1,27,24,0.595518707,0.601473894,0.568571486,0.647373498,0.645460804
1,27,25,0.674209184,0.728145919,0.687154,0.633817761,0.714873302
1,27,26,0.674209184,0.734888011,0.662275681,0.649030168,0.632493708
1,27,27,0.555034014,0.521731973,0.527615334,0.588273151,0.60297998
1,27,28,0.555034014,0.593886395,0.568715602,0.601172604,0.60289024
1,27,29,0.208256803,0.222834779,0.224167623,0.231524919,0.219479071
1,27,30,0.208256803,0.214504507,0.19024259,0.214551365,0.219302145
1,27,31,0.121768707,0.129074829,0.11915068,0.133197918,0.120766112
1,27,32,0.121768707,0.122986394,0.122377551,0.130943979,0.122028775
1,27,33,0.085127551,0.085978827,0.080419997,0.086357389,0.08531565
1,27,34,0.085127551,0.079168622,0.086255491,0.091868944,0.092453564
1,27,35,0.129047619,0.127757143,0.116846167,0.134514334,0.133393381
1,27,36,0.129047619,0.123885714,0.126466667,0.120143333,0.118641542
1,27,37,0.02027381,0.019665596,0.018771521,0.02094023,0.018120638
1,27,38,0.02027381,0.019462858,0.021060434,0.020873671,0.021846932
1,27,39,0.0,0.0,0.0,0.0,0.0
1,27,40,0.0,0.0,0.0,0.0,0.0
1,27,41,0.0,0.0,0.0,0.0,0.0
1,27,42,0.0,0.0,0.0,0.0,0.0
1,27,43,0.0,0.0,0.0,0.0,0.0
1,27,44,0.0,0.0,0.0,0.0,0.0
1,27,45,0.0,0.0,0.0,0.0,0.0
1,27,46,0.0,0.0,0.0,0.0,0.0
1,27,47,0.0,0.0,0.0,0.0,0.0
1,27,48,0.0,0.0,0.0,0.0,0.0
1,28,1,0.0,0.0,0.0,0.0,0.0
1,28,2,0.0,0.0,0.0,0.0,0.0
1,28,3,0.0,0.0,0.0,0.0,0.0
1,28,4,0.0,0.0,0.0,0.0,0.0
1,28,5,0.0,0.0,0.0,0.0,0.0
1,28,6,0.0,0.0,0.0,0.0,0.0
1,28,7,0.0,0.0,0.0,0.0,0.0
1,28,8,0.0,0.0,0.0,0.0,0.0
1,28,9,0.0,0.0,0.0,0.0,0.0
1,28,10,0.0,0.0,0.0,0.0,0.0
1,28,11,0.0,0.0,0.0,0.0,0.0
1,28,12,0.0,0.0,0.0,0.0,0.0
1,28,13,0.151590136,0.160685544,0.140524056,0.144895916,0.158389348
1,28,14,0.151590136,0.151590136,0.159169643,0.143328474,0.136277637
1,28,15,0.074281463,0.067596131,0.068810633,0.070931703,0.069700933
1,28,16,0.074281463,0.072053019,0.075362258,0.073898913,0.073159924
1,28,17,0.095620748,0.089883503,0.091824604,0.098913958,0.088417061
1,28,18,0.095620748,0.1023142,0.090060402,0.094078481,0.087876981
1,28,19,0.219855442,0.202267007,0.198397551,0.2151136,0.21935382
1,28,20,0.219855442,0.219855442,0.219855442,0.219855442,0.230848214
1,28,21,0.10670068,0.112035714,0.120305017,0.122054908,0.112968598
1,28,22,0.10670068,0.1099017,0.111550226,0.100633466,0.114700274
1,28,23,0.221190476,0.199071428,0.191219167,0.195673943,0.221967629
1,28,24,0.221190476,0.225614286,0.223402381,0.227870428,0.235745362
1,28,25,0.406403061,0.426723214,0.416563138,0.395734981,0.382561171
1,28,26,0.406403061,0.40233903,0.416502177,0.432919642,0.455995075
1,28,27,0.729158163,0.663533928,0.745090269,0.71259412,0.719720061
1,28,28,0.729158163,0.75832449,0.766053566,0.788737676,0.692117311
1,28,29,0.508503401,0.477993197,0.537640646,0.487723918,0.513024596
1,28,30,0.508503401,0.549183673,0.539420408,0.511074394,0.511234105
1,28,31,0.099166667,0.104125,0.099612917,0.095919785,0.091729605
1,28,32,0.099166667,0.08925,0.099860834,0.104740825,0.091376761
1,28,33,0.053815476,0.058120714,0.058206819,0.061818627,0.059150217
1,28,34,0.053815476,0.05650625,0.057367297,0.061485975,0.055002
1,28,35,0.229141156,0.21997551,0.238031833,0.24279247,0.223185832
1,28,36,0.229141156,0.236015391,0.237229839,0.248176523,0.23526432
1,28,37,0.066818878,0.071496199,0.073306991,0.064897434,0.076042863
1,28,38,0.066818878,0.062809745,0.069999457,0.063215559,0.06571091
1,28,39,0.0,0.0,0.0,0.0,0.0
1,28,40,0.0,0.0,0.0,0.0,0.0
1,28,41,0.0,0.0,0.0,0.0,0.0
1,28,42,0.0,0.0,0.0,0.0,0.0
1,28,43,0.0,0.0,0.0,0.0,0.0
1,28,44,0.0,0.0,0.0,0.0,0.0
1,28,45,0.0,0.0,0.0,0.0,0.0
1,28,46,0.0,0.0,0.0,0.0,0.0
1,28,47,0.0,0.0,0.0,0.0,0.0
1,28,48,0.0,0.0,0.0,0.0,0.0
1,29,1,0.0,0.0,0.0,0.0,0.0
1,29,2,0.0,0.0,0.0,0.0,0.0
1,29,3,0.0,0.0,0.0,0.0,0.0
1,29,4,0.0,0.0,0.0,0.0,0.0
1,29,5,0.0,0.0,0.0,0.0,0.0
1,29,6,0.0,0.0,0.0,0.0,0.0
1,29,7,0.0,0.0,0.0,0.0,0.0
1,29,8,0.0,0.0,0.0,0.0,0.0
1,29,9,0.0,0.0,0.0,0.0,0.0
1,29,10,0.0,0.0,0.0,0.0,0.0
1,29,11,0.0,0.0,0.0,0.0,0.0
1,29,12,0.0,0.0,0.0,0.0,0.0
1,29,13,0.205459184,0.195186225,0.220354975,0.209070129,0.188841042
1,29,14,0.205459184,0.191077041,0.216112243,0.194005348,0.187547012
1,29,15,0.59744898,0.627321429,0.655252169,0.607873967,0.634413619
1,29,16,0.59744898,0.633295919,0.578450102,0.6392489,0.624353195
1,29,17,0.616870748,0.573689796,0.571469061,0.622583794,0.572307216
1,29,18,0.616870748,0.616870748,0.63537687,0.56073551,0.649985912
1,29,19,0.499243197,0.469288605,0.435839311,0.482167416,0.481067325
1,29,20,0.499243197,0.534190221,0.547719711,0.511239512,0.52309816
1,29,21,0.473163265,0.468431632,0.499045296,0.504224068,0.52511335
1,29,22,0.473163265,0.501553061,0.492231745,0.440084421,0.481525704
1,29,23,0.549217687,0.505280272,0.558883918,0.543171899,0.58226952
1,29,24,0.549217687,0.510772449,0.577694624,0.507682276,0.563158847
1,29,25,0.796513605,0.804478741,0.800496173,0.792491211,0.750585237
1,29,26,0.796513605,0.852269557,0.86561116,0.913563271,0.831279716
1,29,27,0.804829932,0.772636735,0.843944667,0.758708884,0.858632459
1,29,28,0.804829932,0.82897483,0.784226286,0.822130556,0.826241209
1,29,29,0.695178571,0.736889285,0.744675285,0.798139152,0.743720573
1,29,30,0.695178571,0.757744642,0.68287391,0.690574403,0.741922526
1,29,31,0.77289966,0.827002636,0.751954079,0.838828774,0.74981101
1,29,32,0.77289966,0.72652568,0.742215543,0.717325083,0.798920811
1,29,33,0.775136054,0.72087653,0.785406607,0.83652037,0.802869437
1,29,34,0.775136054,0.705373809,0.703242185,0.698800655,0.713431794
1,29,35,0.439141156,0.39522704,0.375465688,0.391179623,0.37223564
1,29,36,0.439141156,0.399618452,0.440348794,0.383732521,0.457281254
1,29,37,0.073784014,0.073784014,0.073046174,0.072067306,0.080487415
1,29,38,0.073784014,0.080424575,0.080959509,0.071334323,0.08352191
1,29,39,0.0,0.0,0.0,0.0,0.0
1,29,40,0.0,0.0,0.0,0.0,0.0
1,29,41,0.0,0.0,0.0,0.0,0.0
1,29,42,0.0,0.0,0.0,0.0,0.0
1,29,43,0.0,0.0,0.0,0.0,0.0
1,29,44,0.0,0.0,0.0,0.0,0.0
1,29,45,0.0,0.0,0.0,0.0,0.0
1,29,46,0.0,0.0,0.0,0.0,0.0
1,29,47,0.0,0.0,0.0,0.0,0.0
1,29,48,0.0,0.0,0.0,0.0,0.0
1,30,1,0.0,0.0,0.0,0.0,0.0
1,30,2,0.0,0.0,0.0,0.0,0.0
1,30,3,0.0,0.0,0.0,0.0,0.0
1,30,4,0.0,0.0,0.0,0.0,0.0
1,30,5,0.0,0.0,0.0,0.0,0.0
1,30,6,0.0,0.0,0.0,0.0,0.0
1,30,7,0.0,0.0,0.0,0.0,0.0
1,30,8,0.0,0.0,0.0,0.0,0.0
1,30,9,0.0,0.0,0.0,0.0,0.0
1,30,10,0.0,0.0,0.0,0.0,0.0
1,30,11,0.0,0.0,0.0,0.0,0.0
1,30,12,0.0,0.0,0.0,0.0,0.0
1,30,13,0.225535714,0.212003571,0.205643464,0.195098767,0.217953194
1,30,14,0.225535714,0.232301785,0.251810625,0.231818387,0.235366628
1,30,15,0.59042517,0.59042517,0.537286905,0.60707516,0.639433411
1,30,16,0.59042517,0.649467687,0.582749643,0.662226775,0.590156453
1,30,17,0.718920068,0.711730867,0.786858014,0.672644381,0.708087566
1,30,18,0.718920068,0.726109269,0.736964962,0.669144918,0.712784804
1,30,19,0.832789116,0.891084354,0.836078633,0.819184673,0.87012772
1,30,20,0.832789116,0.757838096,0.803266742,0.861801823,0.748810029
1,30,21,0.83869898,0.788377041,0.77286111,0.839977996,0.834278145
1,30,22,0.83869898,0.821925,0.82200887,0.885472383,0.766243941
1,30,23,0.823095238,0.83132619,0.761033857,0.780997209,0.791121992
1,30,24,0.823095238,0.83132619,0.876843357,0.82687983,0.8731176
1,30,25,0.773971088,0.812669642,0.872652402,0.827962021,0.747850547
1,30,26,0.773971088,0.835888775,0.772732734,0.818023458,0.856164795
1,30,27,0.829030612,0.746127551,0.787579081,0.716696964,0.73906421
1,30,28,0.829030612,0.795869388,0.779952,0.81764968,0.757287895
1,30,29,0.838392857,0.897080357,0.824349777,0.887405303,0.887661286
1,30,30,0.838392857,0.796473214,0.752038393,0.843372911,0.759115183
1,30,31,0.826751701,0.768879082,0.861640623,0.78632685,0.883880525
1,30,32,0.826751701,0.793681633,0.875034,0.840140669,0.767189841
1,30,33,0.773903061,0.711990816,0.668652245,0.675091118,0.778150241
1,30,34,0.773903061,0.851293367,0.79634625,0.879827173,0.775821915
1,30,35,0.393086735,0.389155868,0.383298875,0.35743272,0.342669195
1,30,36,0.393086735,0.361639796,0.339626939,0.361136645,0.371149979
1,30,37,0.020891156,0.022353537,0.022054793,0.023507815,0.020647698
1,30,38,0.020891156,0.019219864,0.018049959,0.021131822,0.020417896
1,30,39,0.0,0.0,0.0,0.0,0.0
1,30,40,0.0,0.0,0.0,0.0,0.0
1,30,41,0.0,0.0,0.0,0.0,0.0
1,30,42,0.0,0.0,0.0,0.0,0.0
1,30,43,0.0,0.0,0.0,0.0,0.0
1,30,44,0.0,0.0,0.0,0.0,0.0
1,30,45,0.0,0.0,0.0,0.0,0.0
1,30,46,0.0,0.0,0.0,0.0,0.0
1,30,47,0.0,0.0,0.0,0.0,0.0
1,30,48,0.0,0.0,0.0,0.0,0.0
1,31,1,0.0,0.0,0.0,0.0,0.0
1,31,2,0.0,0.0,0.0,0.0,0.0
1,31,3,0.0,0.0,0.0,0.0,0.0
1,31,4,0.0,0.0,0.0,0.0,0.0
1,31,5,0.0,0.0,0.0,0.0,0.0
1,31,6,0.0,0.0,0.0,0.0,0.0
1,31,7,0.0,0.0,0.0,0.0,0.0
1,31,8,0.0,0.0,0.0,0.0,0.0
1,31,9,0.0,0.0,0.0,0.0,0.0
1,31,10,0.0,0.0,0.0,0.0,0.0
1,31,11,0.0,0.0,0.0,0.0,0.0
1,31,12,0.0,0.0,0.0,0.0,0.0
1,31,13,0.160935374,0.164154081,0.157668386,0.165746859,0.158883652
1,31,14,0.160935374,0.151279252,0.163912678,0.174580011,0.159423292
1,31,15,0.299965986,0.278968367,0.315519222,0.274299096,0.300953813
1,31,16,0.299965986,0.272969047,0.26641479,0.282581107,0.269263423
1,31,17,0.546853741,0.596070578,0.565747538,0.55816614,0.589377879
1,31,18,0.546853741,0.546853741,0.503105442,0.510980136,0.574373609
1,31,19,0.817942177,0.809762755,0.748744269,0.823835723,0.840074793
1,31,20,0.817942177,0.777045068,0.861293112,0.794197316,0.771988447
1,31,21,0.849294218,0.849294218,0.849294218,0.815322449,0.857617301
1,31,22,0.849294218,0.849294218,0.764364796,0.829194255,0.765424291
1,31,23,0.807482993,0.750959183,0.802597721,0.747662634,0.792719146
1,31,24,0.807482993,0.783258503,0.779463333,0.869075104,0.761230784
1,31,25,0.771768707,0.810357142,0.73568852,0.826687125,0.77826412
1,31,26,0.771768707,0.825792516,0.790792806,0.732428569,0.811403475
1,31,27,0.798554422,0.734670068,0.774278368,0.699942534,0.744342734
1,31,28,0.798554422,0.782583334,0.758946123,0.780027959,0.826829637
1,31,29,0.835748299,0.81067585,0.77381935,0.806747833,0.830950268
1,31,30,0.835748299,0.785603401,0.818782609,0.821511884,0.733870393
1,31,31,0.789719388,0.773925,0.84436797,0.842804325,0.763941921
1,31,32,0.789719388,0.829205357,0.882313986,0.808733857,0.835768079
1,31,33,0.714591837,0.74317551,0.707017164,0.678299147,0.653909241
1,31,34,0.714591837,0.750321429,0.79837773,0.814784758,0.738738181
1,31,35,0.330408163,0.297367347,0.338998775,0.354483904,0.323708256
1,31,36,0.330408163,0.297367347,0.285637857,0.301426411,0.32800674
1,31,37,0.067673469,0.066996734,0.065315049,0.060662193,0.068419954
1,31,38,0.067673469,0.070380408,0.073168555,0.065478954,0.070558853
1,31,39,0.0,0.0,0.0,0.0,0.0
1,31,40,0.0,0.0,0.0,0.0,0.0
1,31,41,0.0,0.0,0.0,0.0,0.0
1,31,42,0.0,0.0,0.0,0.0,0.0
1,31,43,0.0,0.0,0.0,0.0,0.0
1,31,44,0.0,0.0,0.0,0.0,0.0
1,31,45,0.0,0.0,0.0,0.0,0.0
1,31,46,0.0,0.0,0.0,0.0,0.0
1,31,47,0.0,0.0,0.0,0.0,0.0
1,31,48,0.0,0.0,0.0,0.0,0.0
2,1,1,0.0,0.0,0.0,0.0,0.0
2,1,2,0.0,0.0,0.0,0.0,0.0
2,1,3,0.0,0.0,0.0,0.0,0.0
2,1,4,0.0,0.0,0.0,0.0,0.0
2,1,5,0.0,0.0,0.0,0.0,0.0
2,1,6,0.0,0.0,0.0,0.0,0.0
2,1,7,0.0,0.0,0.0,0.0,0.0
2,1,8,0.0,0.0,0.0,0.0,0.0
2,1,9,0.0,0.0,0.0,0.0,0.0
2,1,10,0.0,0.0,0.0,0.0,0.0
2,1,11,0.0,0.0,0.0,0.0,0.0
2,1,12,0.0,0.0,0.0,0.0,0.0
2,1,13,0.210416667,0.231458334,0.22535625,0.217962209,0.210233447
2,1,14,0.210416667,0.231458334,0.229775,0.201495,0.216103388
2,1,15,0.691122449,0.684211225,0.735803515,0.738898016,0.676883361
2,1,16,0.691122449,0.649655102,0.623461561,0.654746371,0.589271734
2,1,17,0.759481293,0.797455358,0.716190859,0.795594628,0.820883172
2,1,18,0.759481293,0.835429422,0.837328126,0.891820908,0.764533742
2,1,19,0.814022109,0.789601446,0.745684953,0.759609751,0.753912678
2,1,20,0.814022109,0.838442772,0.826232441,0.751871521,0.734954412
2,1,21,0.833622449,0.916984694,0.892809643,0.969252821,0.821882336
2,1,22,0.833622449,0.858631122,0.837665518,0.893904745,0.838836839
2,1,23,0.845357143,0.786182143,0.881031214,0.829148265,0.860492582
2,1,24,0.845357143,0.896078572,0.879425036,0.83867544,0.787044483
2,1,25,0.841088435,0.765390476,0.787174666,0.781926835,0.754200348
2,1,26,0.841088435,0.857910204,0.891974285,0.9154771,0.876612506
2,1,27,0.805391156,0.853714625,0.779779717,0.73166565,0.832269676
2,1,28,0.805391156,0.77317551,0.797176166,0.71272285,0.810722241
2,1,29,0.789880952,0.766184523,0.778032738,0.715790119,0.724348479
2,1,30,0.789880952,0.868869047,0.75473125,0.820583625,0.88936784
2,1,31,0.721241497,0.771728402,0.686766153,0.668452389,0.676444755
2,1,32,0.721241497,0.656329762,0.695673486,0.649616687,0.728365433
2,1,33,0.561360544,0.555746939,0.569724816,0.534163561,0.544143986
2,1,34,0.561360544,0.527678911,0.528184136,0.501339313,0.572011984
2,1,35,0.097040816,0.089277551,0.084774857,0.089460764,0.086532957
2,1,36,0.097040816,0.106744898,0.112082142,0.101077714,0.112575304
2,1,37,0.006889966,0.007578963,0.006872741,0.007256168,0.007363943
2,1,38,0.006889966,0.006476568,0.006415936,0.007055748,0.006709555
2,1,39,0.0,0.0,0.0,0.0,0.0
2,1,40,0.0,0.0,0.0,0.0,0.0
2,1,41,0.0,0.0,0.0,0.0,0.0
2,1,42,0.0,0.0,0.0,0.0,0.0
2,1,43,0.0,0.0,0.0,0.0,0.0
2,1,44,0.0,0.0,0.0,0.0,0.0
2,1,45,0.0,0.0,0.0,0.0,0.0
2,1,46,0.0,0.0,0.0,0.0,0.0
2,1,47,0.0,0.0,0.0,0.0,0.0
2,1,48,0.0,0.0,0.0,0.0,0.0
2,2,1,0.0,0.0,0.0,0.0,0.0
2,2,2,0.0,0.0,0.0,0.0,0.0
2,2,3,0.0,0.0,0.0,0.0,0.0
2,2,4,0.0,0.0,0.0,0.0,0.0
2,2,5,0.0,0.0,0.0,0.0,0.0
2,2,6,0.0,0.0,0.0,0.0,0.0
2,2,7,0.0,0.0,0.0,0.0,0.0
2,2,8,0.0,0.0,0.0,0.0,0.0
2,2,9,0.0,0.0,0.0,0.0,0.0
2,2,10,0.0,0.0,0.0,0.0,0.0
2,2,11,0.0,0.0,0.0,0.0,0.0
2,2,12,0.0,0.0,0.0,0.0,0.0
2,2,13,0.149472789,0.164420068,0.166363214,0.171291332,0.164515719
2,2,14,0.149472789,0.16292534,0.142141149,0.156058485,0.146543463
2,2,15,0.490348639,0.470734693,0.4324875,0.445942666,0.446082023
2,2,16,0.490348639,0.509962585,0.51516028,0.490002453,0.511395859
2,2,17,0.767015306,0.705654082,0.751061388,0.68935654,0.757402702
2,2,18,0.767015306,0.690313775,0.735951186,0.774959028,0.667853841
2,2,19,0.830748299,0.772595918,0.769605224,0.80680281,0.818786205
2,2,20,0.830748299,0.88890068,0.80823502,0.9268908,0.785961267
2,2,21,0.850943878,0.859453317,0.78678271,0.832393301,0.898984766
2,2,22,0.850943878,0.816906123,0.9173175,0.939277525,0.942789045
2,2,23,0.858605442,0.910121769,0.840145425,0.852231728,0.787401243
2,2,24,0.858605442,0.901535714,0.853668461,0.862557174,0.869091698
2,2,25,0.853333333,0.776533333,0.888277333,0.90653184,0.804798822
2,2,26,0.853333333,0.861866666,0.917632,0.912715093,0.842067434
2,2,27,0.846309524,0.846309524,0.787067857,0.884421663,0.782155242
2,2,28,0.846309524,0.770141667,0.743567548,0.841740017,0.872479261
2,2,29,0.834872449,0.768082653,0.817507102,0.831025357,0.821000609
2,2,30,0.834872449,0.759733929,0.869060476,0.870495622,0.858546837
2,2,31,0.810620748,0.761983503,0.817754211,0.788818292,0.850429782
2,2,32,0.810620748,0.818726955,0.896141237,0.867084536,0.865106237
2,2,33,0.771828231,0.818137925,0.739334262,0.760904803,0.818904384
2,2,34,0.771828231,0.748673384,0.707033251,0.794487436,0.710175241
2,2,35,0.246709184,0.263978827,0.273218086,0.261302032,0.250849951
2,2,36,0.246709184,0.268913011,0.244920542,0.273795385,0.250826995
2,2,37,0.051965136,0.055083044,0.050847886,0.056316263,0.058908391
2,2,38,0.051965136,0.048327576,0.048140502,0.053435957,0.051476639
2,2,39,0.0,0.0,0.0,0.0,0.0
2,2,40,0.0,0.0,0.0,0.0,0.0
2,2,41,0.0,0.0,0.0,0.0,0.0
2,2,42,0.0,0.0,0.0,0.0,0.0
2,2,43,0.0,0.0,0.0,0.0,0.0
2,2,44,0.0,0.0,0.0,0.0,0.0
2,2,45,0.0,0.0,0.0,0.0,0.0
2,2,46,0.0,0.0,0.0,0.0,0.0
2,2,47,0.0,0.0,0.0,0.0,0.0
2,2,48,0.0,0.0,0.0,0.0,0.0
2,3,1,0.0,0.0,0.0,0.0,0.0
2,3,2,0.0,0.0,0.0,0.0,0.0
2,3,3,0.0,0.0,0.0,0.0,0.0
2,3,4,0.0,0.0,0.0,0.0,0.0
2,3,5,0.0,0.0,0.0,0.0,0.0
2,3,6,0.0,0.0,0.0,0.0,0.0
2,3,7,0.0,0.0,0.0,0.0,0.0
2,3,8,0.0,0.0,0.0,0.0,0.0
2,3,9,0.0,0.0,0.0,0.0,0.0
2,3,10,0.0,0.0,0.0,0.0,0.0
2,3,11,0.0,0.0,0.0,0.0,0.0
2,3,12,0.0,0.0,0.0,0.0,0.0
2,3,13,0.128333333,0.116783333,0.122558333,0.1103025,0.129053925
2,3,14,0.128333333,0.129616666,0.123816,0.131072993,0.139748625
2,3,15,0.386326531,0.367010204,0.339001531,0.334983735,0.346125585
2,3,16,0.386326531,0.355420409,0.344912327,0.380330743,0.377749927
2,3,17,0.655331633,0.648778317,0.684657724,0.682810234,0.674573422
2,3,18,0.655331633,0.668438266,0.6552661,0.712452959,0.686329684
2,3,19,0.742168367,0.682794898,0.740980898,0.772520085,0.778693025
2,3,20,0.742168367,0.697638265,0.763097515,0.704929327,0.676071283
2,3,21,0.681292517,0.735795918,0.687287891,0.645342073,0.680555304
2,3,22,0.681292517,0.688105442,0.643617041,0.65087485,0.626014115
2,3,23,0.77377551,0.74282449,0.803798,0.74252736,0.750416713
2,3,24,0.77377551,0.77377551,0.781513265,0.8151725,0.80178038
2,3,25,0.734268707,0.697555272,0.708752869,0.70639036,0.775798564
2,3,26,0.734268707,0.785667516,0.81316588,0.762146687,0.827979051
2,3,27,0.829158163,0.829158163,0.86232449,0.815007197,0.750520803
2,3,28,0.829158163,0.804283418,0.808553583,0.879118259,0.763856087
2,3,29,0.766717687,0.843389456,0.740649286,0.854108169,0.817240472
2,3,30,0.766717687,0.705380272,0.721328,0.753076246,0.714526785
2,3,31,0.146743197,0.139406037,0.147366856,0.14306031,0.134054013
2,3,32,0.146743197,0.139406037,0.131628648,0.125333365,0.13713559
2,3,33,0.105756803,0.111044643,0.099728665,0.101289636,0.097143091
2,3,34,0.105756803,0.109987075,0.111108097,0.115487698,0.101738125
2,3,35,0.049447279,0.047963861,0.04529618,0.04471496,0.043107124
2,3,36,0.049447279,0.053897534,0.052705855,0.054097565,0.052011688
2,3,37,0.004194983,0.004572531,0.004164569,0.003879625,0.003908722
2,3,38,0.004194983,0.004362782,0.00402215,0.00440297,0.004458007
2,3,39,0.0,0.0,0.0,0.0,0.0
2,3,40,0.0,0.0,0.0,0.0,0.0
2,3,41,0.0,0.0,0.0,0.0,0.0
2,3,42,0.0,0.0,0.0,0.0,0.0
2,3,43,0.0,0.0,0.0,0.0,0.0
2,3,44,0.0,0.0,0.0,0.0,0.0
2,3,45,0.0,0.0,0.0,0.0,0.0
2,3,46,0.0,0.0,0.0,0.0,0.0
2,3,47,0.0,0.0,0.0,0.0,0.0
2,3,48,0.0,0.0,0.0,0.0,0.0
2,4,1,0.0,0.0,0.0,0.0,0.0
2,4,2,0.0,0.0,0.0,0.0,0.0
2,4,3,0.0,0.0,0.0,0.0,0.0
2,4,4,0.0,0.0,0.0,0.0,0.0
2,4,5,0.0,0.0,0.0,0.0,0.0
2,4,6,0.0,0.0,0.0,0.0,0.0
2,4,7,0.0,0.0,0.0,0.0,0.0
2,4,8,0.0,0.0,0.0,0.0,0.0
2,4,9,0.0,0.0,0.0,0.0,0.0
2,4,10,0.0,0.0,0.0,0.0,0.0
2,4,11,0.0,0.0,0.0,0.0,0.0
2,4,12,0.0,0.0,0.0,0.0,0.0
2,4,13,0.0,0.0,0.0,0.0,0.0
2,4,14,0.0,0.0,0.0,0.0,0.0
2,4,15,0.017751701,0.01899432,0.01690317,0.019134878,0.017832097
2,4,16,0.017751701,0.018106735,0.017749926,0.016261203,0.016244674
2,4,17,0.110391156,0.109287244,0.101052064,0.10370285,0.112474828
2,4,18,0.110391156,0.109287244,0.114232768,0.103512462,0.114823703
2,4,19,0.548647959,0.603512755,0.587601964,0.527728012,0.566872673
2,4,20,0.548647959,0.581566837,0.593362768,0.528563786,0.563035337
2,4,21,0.618086735,0.655171939,0.649361924,0.640873533,0.583194915
2,4,22,0.618086735,0.556278062,0.557823278,0.571622065,0.627788263
2,4,23,0.765017007,0.757366837,0.745968084,0.809045521,0.846284298
2,4,24,0.765017007,0.703815646,0.668318857,0.691012322,0.707040958
2,4,25,0.705739796,0.635165816,0.717384503,0.65179187,0.650419676
2,4,26,0.705739796,0.642223214,0.687461135,0.73953744,0.73536482
2,4,27,0.793044218,0.745461565,0.823100594,0.818690211,0.763271181
2,4,28,0.793044218,0.729600681,0.692803429,0.782791742,0.794533618
2,4,29,0.824855442,0.800109779,0.739359175,0.83539462,0.815928349
2,4,30,0.824855442,0.824855442,0.849601105,0.883090236,0.930160612
2,4,31,0.575569728,0.633126701,0.628522143,0.655274624,0.567042202
2,4,32,0.575569728,0.518012755,0.524919592,0.512525657,0.47948124
2,4,33,0.744192177,0.796285629,0.747131736,0.732035054,0.739812926
2,4,34,0.744192177,0.706982568,0.696563878,0.773185904,0.803254245
2,4,35,0.539515306,0.517934694,0.57631025,0.577261955,0.596975995
2,4,36,0.539515306,0.593466837,0.606145446,0.556520828,0.608346831
2,4,37,0.052288265,0.052288265,0.05333403,0.054215959,0.048258783
2,4,38,0.052288265,0.049673852,0.053530111,0.046647668,0.055588472
2,4,39,0.0,0.0,0.0,0.0,0.0
2,4,40,0.0,0.0,0.0,0.0,0.0
2,4,41,0.0,0.0,0.0,0.0,0.0
2,4,42,0.0,0.0,0.0,0.0,0.0
2,4,43,0.0,0.0,0.0,0.0,0.0
2,4,44,0.0,0.0,0.0,0.0,0.0
2,4,45,0.0,0.0,0.0,0.0,0.0
2,4,46,0.0,0.0,0.0,0.0,0.0
2,4,47,0.0,0.0,0.0,0.0,0.0
2,4,48,0.0,0.0,0.0,0.0,0.0
2,5,1,0.0,0.0,0.0,0.0,0.0
2,5,2,0.0,0.0,0.0,0.0,0.0
2,5,3,0.0,0.0,0.0,0.0,0.0
2,5,4,0.0,0.0,0.0,0.0,0.0
2,5,5,0.0,0.0,0.0,0.0,0.0
2,5,6,0.0,0.0,0.0,0.0,0.0
2,5,7,0.0,0.0,0.0,0.0,0.0
2,5,8,0.0,0.0,0.0,0.0,0.0
2,5,9,0.0,0.0,0.0,0.0,0.0
2,5,10,0.0,0.0,0.0,0.0,0.0
2,5,11,0.0,0.0,0.0,0.0,0.0
2,5,12,0.0,0.0,0.0,0.0,0.0
2,5,13,0.00847381,0.007626429,0.007325609,0.007808616,0.007027754
2,5,14,0.00847381,0.00805012,0.008344584,0.007792134,0.007348646
2,5,15,0.02635034,0.024242313,0.02554929,0.023096389,0.026050062
2,5,16,0.02635034,0.02793136,0.029854935,0.027484634,0.025114786
2,5,17,0.081128401,0.077883265,0.083481125,0.08083093,0.075981074
2,5,18,0.081128401,0.078694549,0.075915901,0.080937006,0.078377275
2,5,19,0.27005102,0.27545204,0.280934076,0.297517369,0.280988626
2,5,20,0.27005102,0.259248979,0.2778825,0.285204483,0.284020615
2,5,21,0.548010204,0.558970408,0.603304434,0.592898816,0.547006167
2,5,22,0.548010204,0.526089796,0.547791,0.50278621,0.573662847
2,5,23,0.584515306,0.607895918,0.649864117,0.583387191,0.667057197
2,5,24,0.584515306,0.590360459,0.616809777,0.62708994,0.665163257
2,5,25,0.251181973,0.253693793,0.234767231,0.221892899,0.218749416
2,5,26,0.251181973,0.241134694,0.253543084,0.231216523,0.256482522
2,5,27,0.215348639,0.213195153,0.218557334,0.220014383,0.214611088
2,5,28,0.215348639,0.230423044,0.222885841,0.205054974,0.231533812
2,5,29,0.304005102,0.288804847,0.278620676,0.2788578,0.27031778
2,5,30,0.304005102,0.288804847,0.293440925,0.28360028,0.310010556
2,5,31,0.384362245,0.365144133,0.39723838,0.386070735,0.402364067
2,5,32,0.384362245,0.42279847,0.427795179,0.386952847,0.43791536
2,5,33,0.603664966,0.603664966,0.603664966,0.549335119,0.560578379
2,5,34,0.603664966,0.664031463,0.627509732,0.58751391,0.682748019
2,5,35,0.55875,0.5978625,0.613004625,0.542682585,0.583855677
2,5,36,0.55875,0.569925,0.57562425,0.539694763,0.555388518
2,5,37,0.062322279,0.067931284,0.067731853,0.061375479,0.068730637
2,5,38,0.062322279,0.067931284,0.061219175,0.065100731,0.061577632
2,5,39,0.0,0.0,0.0,0.0,0.0
2,5,40,0.0,0.0,0.0,0.0,0.0
2,5,41,0.0,0.0,0.0,0.0,0.0
2,5,42,0.0,0.0,0.0,0.0,0.0
2,5,43,0.0,0.0,0.0,0.0,0.0
2,5,44,0.0,0.0,0.0,0.0,0.0
2,5,45,0.0,0.0,0.0,0.0,0.0
2,5,46,0.0,0.0,0.0,0.0,0.0
2,5,47,0.0,0.0,0.0,0.0,0.0
2,5,48,0.0,0.0,0.0,0.0,0.0
2,6,1,0.0,0.0,0.0,0.0,0.0
2,6,2,0.0,0.0,0.0,0.0,0.0
2,6,3,0.0,0.0,0.0,0.0,0.0
2,6,4,0.0,0.0,0.0,0.0,0.0
2,6,5,0.0,0.0,0.0,0.0,0.0
2,6,6,0.0,0.0,0.0,0.0,0.0
2,6,7,0.0,0.0,0.0,0.0,0.0
2,6,8,0.0,0.0,0.0,0.0,0.0
2,6,9,0.0,0.0,0.0,0.0,0.0
2,6,10,0.0,0.0,0.0,0.0,0.0
2,6,11,0.0,0.0,0.0,0.0,0.0
2,6,12,0.0,0.0,0.0,0.0,0.0
2,6,13,0.131105442,0.119305952,0.116441298,0.128398442,0.117622145
2,6,14,0.131105442,0.135038605,0.146379226,0.151258534,0.132488725
2,6,15,0.372729592,0.369002296,0.359739966,0.378172003,0.351415416
2,6,16,0.372729592,0.410002551,0.356143125,0.406198846,0.370817787
2,6,17,0.631513605,0.618883333,0.681466331,0.585998525,0.635760103
2,6,18,0.631513605,0.631513605,0.606253061,0.598169687,0.678548738
2,6,19,0.748001701,0.695641582,0.757912724,0.741190522,0.698902301
2,6,20,0.748001701,0.792881803,0.708806412,0.749896639,0.689904908
2,6,21,0.830187075,0.821885204,0.859077585,0.853790954,0.891709317
2,6,22,0.830187075,0.763772109,0.717281633,0.731892925,0.798822607
2,6,23,0.73422619,0.697514881,0.758822767,0.766697343,0.717135836
2,6,24,0.73422619,0.7709375,0.745056026,0.757573971,0.721870485
2,6,25,0.752967687,0.790616071,0.848971067,0.877270103,0.899201855
2,6,26,0.752967687,0.730378656,0.756506635,0.806347072,0.837705014
2,6,27,0.55087585,0.495788265,0.554731981,0.491094803,0.51266027
2,6,28,0.55087585,0.501297024,0.494521251,0.505253414,0.471947934
2,6,29,0.656522109,0.682782993,0.736617806,0.705813789,0.660662466
2,6,30,0.656522109,0.60400034,0.649169061,0.592004368,0.594152771
2,6,31,0.688520408,0.729831632,0.765910102,0.771772624,0.768569039
2,6,32,0.688520408,0.647209184,0.647828852,0.601679395,0.607530892
2,6,33,0.545102041,0.556004082,0.523025408,0.492653231,0.502736381
2,6,34,0.545102041,0.490591837,0.548917755,0.480665529,0.526645676
2,6,35,0.521164966,0.542011565,0.579431209,0.531109836,0.494520748
2,6,36,0.521164966,0.479471769,0.515327918,0.490161905,0.496516323
2,6,37,0.059056973,0.061419252,0.055419063,0.05687281,0.058773945
2,6,38,0.059056973,0.056694694,0.057297075,0.062874376,0.053082702
2,6,39,0.0,0.0,0.0,0.0,0.0
2,6,40,0.0,0.0,0.0,0.0,0.0
2,6,41,0.0,0.0,0.0,0.0,0.0
2,6,42,0.0,0.0,0.0,0.0,0.0
2,6,43,0.0,0.0,0.0,0.0,0.0
2,6,44,0.0,0.0,0.0,0.0,0.0
2,6,45,0.0,0.0,0.0,0.0,0.0
2,6,46,0.0,0.0,0.0,0.0,0.0
2,6,47,0.0,0.0,0.0,0.0,0.0
2,6,48,0.0,0.0,0.0,0.0,0.0
2,7,1,0.0,0.0,0.0,0.0,0.0
2,7,2,0.0,0.0,0.0,0.0,0.0
2,7,3,0.0,0.0,0.0,0.0,0.0
2,7,4,0.0,0.0,0.0,0.0,0.0
2,7,5,0.0,0.0,0.0,0.0,0.0
2,7,6,0.0,0.0,0.0,0.0,0.0
2,7,7,0.0,0.0,0.0,0.0,0.0
2,7,8,0.0,0.0,0.0,0.0,0.0
2,7,9,0.0,0.0,0.0,0.0,0.0
2,7,10,0.0,0.0,0.0,0.0,0.0
2,7,11,0.0,0.0,0.0,0.0,0.0
2,7,12,0.0,0.0,0.0,0.0,0.0
2,7,13,0.064312925,0.063669796,0.068470756,0.069413562,0.069790097
2,7,14,0.064312925,0.05981102,0.06826817,0.067978547,0.058583399
2,7,15,0.254302721,0.239044558,0.234339957,0.24741366,0.253526233
2,7,16,0.254302721,0.236501531,0.269942338,0.278940416,0.249524881
2,7,17,0.263197279,0.260565306,0.264500106,0.281147026,0.283393575
2,7,18,0.263197279,0.239509524,0.271461674,0.242572789,0.271978289
2,7,19,0.362746599,0.373628997,0.349778408,0.380153901,0.348248128
2,7,20,0.362746599,0.330099405,0.346423002,0.381065302,0.337329398
2,7,21,0.355629252,0.320066327,0.341226267,0.349143167,0.314194953
2,7,22,0.355629252,0.387635885,0.390214197,0.415609089,0.356290337
2,7,23,0.178409864,0.164137075,0.154146122,0.16390871,0.16019593
2,7,24,0.178409864,0.194466752,0.173387626,0.198476008,0.197356166
2,7,25,0.239328231,0.258474489,0.233967279,0.2341664,0.26563251
2,7,26,0.239328231,0.229755102,0.22516,0.231414444,0.215215433
2,7,27,0.207916667,0.216233334,0.20995425,0.207140722,0.191383231
2,7,28,0.207916667,0.22455,0.201097,0.202740374,0.221620571
2,7,29,0.032791667,0.032135834,0.0311652,0.0320309,0.029468428
2,7,30,0.032791667,0.032135834,0.032788388,0.029640486,0.03406783
2,7,31,0.112134354,0.108770323,0.103825198,0.116902755,0.110408158
2,7,32,0.112134354,0.113255698,0.105933324,0.119276415,0.104764451
2,7,33,0.120229592,0.117825,0.12854948,0.129533439,0.124034378
2,7,34,0.120229592,0.117825,0.126168934,0.120193764,0.113838063
2,7,35,0.016238095,0.016887619,0.015900343,0.016342019,0.015524918
2,7,36,0.016238095,0.01705,0.017975571,0.018113162,0.018211417
2,7,37,0.00344915,0.003104235,0.003309459,0.003221863,0.003238465
2,7,38,0.00344915,0.003104235,0.003211159,0.003547784,0.003194959
2,7,39,0.0,0.0,0.0,0.0,0.0
2,7,40,0.0,0.0,0.0,0.0,0.0
2,7,41,0.0,0.0,0.0,0.0,0.0
2,7,42,0.0,0.0,0.0,0.0,0.0
2,7,43,0.0,0.0,0.0,0.0,0.0
2,7,44,0.0,0.0,0.0,0.0,0.0
2,7,45,0.0,0.0,0.0,0.0,0.0
2,7,46,0.0,0.0,0.0,0.0,0.0
2,7,47,0.0,0.0,0.0,0.0,0.0
2,7,48,0.0,0.0,0.0,0.0,0.0
2,8,1,0.0,0.0,0.0,0.0,0.0
2,8,2,0.0,0.0,0.0,0.0,0.0
2,8,3,0.0,0.0,0.0,0.0,0.0
2,8,4,0.0,0.0,0.0,0.0,0.0
2,8,5,0.0,0.0,0.0,0.0,0.0
2,8,6,0.0,0.0,0.0,0.0,0.0
2,8,7,0.0,0.0,0.0,0.0,0.0
2,8,8,0.0,0.0,0.0,0.0,0.0
2,8,9,0.0,0.0,0.0,0.0,0.0
2,8,10,0.0,0.0,0.0,0.0,0.0
2,8,11,0.0,0.0,0.0,0.0,0.0
2,8,12,0.0,0.0,0.0,0.0,0.0
2,8,13,0.048122449,0.052934694,0.053055,0.054452957,0.046927148
2,8,14,0.048122449,0.046197551,0.0476316,0.050629404,0.043812178
2,8,15,0.172134354,0.172134354,0.154920919,0.171388438,0.162615181
2,8,16,0.172134354,0.185905102,0.168278544,0.177193727,0.175877932
2,8,17,0.20835034,0.216684354,0.212517347,0.21464252,0.219440099
2,8,18,0.20835034,0.222934864,0.228581158,0.226554118,0.219389069
2,8,19,0.152602041,0.158706123,0.143201755,0.142413108,0.153707679
2,8,20,0.152602041,0.137341837,0.140622781,0.153568775,0.147494197
2,8,21,0.394770408,0.386875,0.418180293,0.395942481,0.43883625
2,8,22,0.394770408,0.402665816,0.430615561,0.417537607,0.423739268
2,8,23,0.718307823,0.660843197,0.68957551,0.696471265,0.73969041
2,8,24,0.718307823,0.768589371,0.750883083,0.701171153,0.800864265
2,8,25,0.598086735,0.568182398,0.588965912,0.614332266,0.633859256
2,8,26,0.598086735,0.622010204,0.579546046,0.539892896,0.58488397
2,8,27,0.650221088,0.656723299,0.633868028,0.705161844,0.687953307
2,8,28,0.650221088,0.637216666,0.579346989,0.566258039,0.608260696
2,8,29,0.547789116,0.547789116,0.509443878,0.588508107,0.542898729
2,8,30,0.547789116,0.498488096,0.481287517,0.483728831,0.452541051
2,8,31,0.471717687,0.448131803,0.501317972,0.435824688,0.417823234
2,8,32,0.471717687,0.443414626,0.49874711,0.471293141,0.508996592
2,8,33,0.376267007,0.413893708,0.43063759,0.43948739,0.439975709
2,8,34,0.376267007,0.349928317,0.337680825,0.37944916,0.346398074
2,8,35,0.109362245,0.118111225,0.110324633,0.111473374,0.115687405
2,8,36,0.109362245,0.107175,0.098524447,0.100819741,0.106049765
2,8,37,0.017852891,0.019281122,0.019866697,0.018620232,0.018338079
2,8,38,0.017852891,0.018209949,0.018211734,0.018996101,0.020149436
2,8,39,0.0,0.0,0.0,0.0,0.0
2,8,40,0.0,0.0,0.0,0.0,0.0
2,8,41,0.0,0.0,0.0,0.0,0.0
2,8,42,0.0,0.0,0.0,0.0,0.0
2,8,43,0.0,0.0,0.0,0.0,0.0
2,8,44,0.0,0.0,0.0,0.0,0.0
2,8,45,0.0,0.0,0.0,0.0,0.0
2,8,46,0.0,0.0,0.0,0.0,0.0
2,8,47,0.0,0.0,0.0,0.0,0.0
2,8,48,0.0,0.0,0.0,0.0,0.0
2,9,1,0.0,0.0,0.0,0.0,0.0
2,9,2,0.0,0.0,0.0,0.0,0.0
2,9,3,0.0,0.0,0.0,0.0,0.0
2,9,4,0.0,0.0,0.0,0.0,0.0
2,9,5,0.0,0.0,0.0,0.0,0.0
2,9,6,0.0,0.0,0.0,0.0,0.0
2,9,7,0.0,0.0,0.0,0.0,0.0
2,9,8,0.0,0.0,0.0,0.0,0.0
2,9,9,0.0,0.0,0.0,0.0,0.0
2,9,10,0.0,0.0,0.0,0.0,0.0
2,9,11,0.0,0.0,0.0,0.0,0.0
2,9,12,0.0,0.0,0.0,0.0,0.0
2,9,13,0.11297619,0.102808333,0.107892261,0.103576571,0.098268272
2,9,14,0.11297619,0.109586904,0.120184071,0.12453147,0.120324249
2,9,15,0.167712585,0.169389711,0.185406263,0.179394605,0.166702001
2,9,16,0.167712585,0.176098214,0.18050067,0.185256719,0.164974604
2,9,17,0.12579932,0.113219388,0.125484822,0.132436282,0.121750254
2,9,18,0.12579932,0.128315306,0.116892728,0.113775589,0.111500077
2,9,19,0.264991497,0.254391837,0.280467,0.255952107,0.240195055
2,9,20,0.264991497,0.278241072,0.266183959,0.259013289,0.243067783
2,9,21,0.162142857,0.163764286,0.177619393,0.179591131,0.181026182
2,9,22,0.162142857,0.168628571,0.150501,0.147590211,0.158787816
2,9,23,0.409506803,0.450457483,0.4213825,0.465555999,0.427991182
2,9,24,0.409506803,0.384936395,0.357499439,0.395500305,0.359780484
2,9,25,0.512006803,0.512006803,0.471046259,0.503336821,0.459631238
2,9,26,0.512006803,0.517126871,0.488838495,0.495870909,0.518564593
2,9,27,0.260603741,0.250179591,0.247729916,0.268008014,0.274594438
2,9,28,0.260603741,0.286664115,0.279106607,0.283721899,0.258097404
2,9,29,0.390391156,0.363063775,0.410632937,0.38802929,0.360867239
2,9,30,0.390391156,0.359159864,0.344793469,0.379372756,0.335270673
2,9,31,0.237576531,0.223321939,0.244276189,0.251512295,0.227213152
2,9,32,0.237576531,0.244703827,0.25560859,0.223826314,0.226003087
2,9,33,0.418248299,0.434978231,0.396750336,0.395826008,0.42379424
2,9,34,0.418248299,0.443343197,0.452335535,0.394178109,0.439837074
2,9,35,0.070047619,0.06794619,0.073136719,0.074599453,0.07214682
2,9,36,0.070047619,0.074250476,0.072149048,0.073592029,0.065983911
2,9,37,0.015948129,0.017223979,0.017912938,0.01805005,0.019012152
2,9,38,0.015948129,0.014512797,0.016601205,0.017256115,0.016240357
2,9,39,0.0,0.0,0.0,0.0,0.0
2,9,40,0.0,0.0,0.0,0.0,0.0
2,9,41,0.0,0.0,0.0,0.0,0.0
2,9,42,0.0,0.0,0.0,0.0,0.0
2,9,43,0.0,0.0,0.0,0.0,0.0
2,9,44,0.0,0.0,0.0,0.0,0.0
2,9,45,0.0,0.0,0.0,0.0,0.0
2,9,46,0.0,0.0,0.0,0.0,0.0
2,9,47,0.0,0.0,0.0,0.0,0.0
2,9,48,0.0,0.0,0.0,0.0,0.0
2,10,1,0.0,0.0,0.0,0.0,0.0
2,10,2,0.0,0.0,0.0,0.0,0.0
2,10,3,0.0,0.0,0.0,0.0,0.0
2,10,4,0.0,0.0,0.0,0.0,0.0
2,10,5,0.0,0.0,0.0,0.0,0.0
2,10,6,0.0,0.0,0.0,0.0,0.0
2,10,7,0.0,0.0,0.0,0.0,0.0
2,10,8,0.0,0.0,0.0,0.0,0.0
2,10,9,0.0,0.0,0.0,0.0,0.0
2,10,10,0.0,0.0,0.0,0.0,0.0
2,10,11,0.0,0.0,0.0,0.0,0.0
2,10,12,0.0,0.0,0.0,0.0,0.0
2,10,13,0.118758503,0.130634353,0.129684285,0.136467771,0.13017509
2,10,14,0.118758503,0.117570918,0.115801416,0.126767101,0.107752036
2,10,15,0.542321429,0.531475,0.558374143,0.593021975,0.600801988
2,10,16,0.542321429,0.553167858,0.498447625,0.536625427,0.575251832
2,10,17,0.578027211,0.554906123,0.589125333,0.533838187,0.552694729
2,10,18,0.578027211,0.537565306,0.580108109,0.587842884,0.582303595
2,10,19,0.388129252,0.364841497,0.365190813,0.387629342,0.338802953
2,10,20,0.388129252,0.423060885,0.373147463,0.371092448,0.427743263
2,10,21,0.364319728,0.382535714,0.358490612,0.368448685,0.401609067
2,10,22,0.364319728,0.360676531,0.398747942,0.359598144,0.407919145
2,10,23,0.377585034,0.373809184,0.409509849,0.367619621,0.416522705
2,10,24,0.377585034,0.370033333,0.370071092,0.372563153,0.346483732
2,10,25,0.295858844,0.286983079,0.305992009,0.275538519,0.302736837
2,10,26,0.295858844,0.316568963,0.300089625,0.282880404,0.32574591
2,10,27,0.391096939,0.375453061,0.34878025,0.382930053,0.404530282
2,10,28,0.391096939,0.395007908,0.424496618,0.435816527,0.444532858
2,10,29,0.828358844,0.74552296,0.755463266,0.698803521,0.817600119
2,10,30,0.828358844,0.820075256,0.82421705,0.898396584,0.859617172
2,10,31,0.840314626,0.848717772,0.912077495,0.780332968,0.828453501
2,10,32,0.840314626,0.806702041,0.749392583,0.76685096,0.711733547
2,10,33,0.676471088,0.69000051,0.710565231,0.671575241,0.680281487
2,10,34,0.676471088,0.656176955,0.692976983,0.614439591,0.72601777
2,10,35,0.50957483,0.524862075,0.522390637,0.518942514,0.492995388
2,10,36,0.50957483,0.468808844,0.50875951,0.451100099,0.533016903
2,10,37,0.047595238,0.047119286,0.046883689,0.048143392,0.045537985
2,10,38,0.047595238,0.045215476,0.050581839,0.047319543,0.050061925
2,10,39,0.0,0.0,0.0,0.0,0.0
2,10,40,0.0,0.0,0.0,0.0,0.0
2,10,41,0.0,0.0,0.0,0.0,0.0
2,10,42,0.0,0.0,0.0,0.0,0.0
2,10,43,0.0,0.0,0.0,0.0,0.0
2,10,44,0.0,0.0,0.0,0.0,0.0
2,10,45,0.0,0.0,0.0,0.0,0.0
2,10,46,0.0,0.0,0.0,0.0,0.0
2,10,47,0.0,0.0,0.0,0.0,0.0
2,10,48,0.0,0.0,0.0,0.0,0.0
2,11,1,0.0,0.0,0.0,0.0,0.0
2,11,2,0.0,0.0,0.0,0.0,0.0
2,11,3,0.0,0.0,0.0,0.0,0.0
2,11,4,0.0,0.0,0.0,0.0,0.0
2,11,5,0.0,0.0,0.0,0.0,0.0
2,11,6,0.0,0.0,0.0,0.0,0.0
2,11,7,0.0,0.0,0.0,0.0,0.0
2,11,8,0.0,0.0,0.0,0.0,0.0
2,11,9,0.0,0.0,0.0,0.0,0.0
2,11,10,0.0,0.0,0.0,0.0,0.0
2,11,11,0.0,0.0,0.0,0.0,0.0
2,11,12,0.0,0.0,0.0,0.0,0.0
2,11,13,0.159277211,0.175204932,0.180620357,0.163115792,0.166163482
2,11,14,0.159277211,0.170426616,0.15166376,0.149223952,0.146612533
2,11,15,0.678656463,0.651510204,0.665083334,0.71829,0.68516885
2,11,16,0.678656463,0.671869898,0.688768444,0.611788442,0.702537061
2,11,17,0.687602041,0.639469898,0.683442049,0.690276469,0.675197614
2,11,18,0.687602041,0.694478061,0.691040051,0.760144056,0.651650768
2,11,19,0.835085034,0.885190136,0.774123827,0.789893016,0.837494463
2,11,20,0.835085034,0.910242687,0.829030668,0.892444241,0.797364605
2,11,21,0.551717687,0.557234864,0.548931513,0.536049181,0.597846809
2,11,22,0.551717687,0.568269218,0.537593714,0.508324723,0.563135389
2,11,23,0.365382653,0.376344133,0.393115196,0.38962908,0.403984832
2,11,24,0.365382653,0.383651786,0.352046186,0.389048487,0.353905664
2,11,25,0.870722789,0.94908784,0.909905315,0.900806261,0.953012079
2,11,26,0.870722789,0.862015561,0.953006093,0.85048574,0.813332942
2,11,27,0.852117347,0.869159694,0.903670446,0.883732321,0.815768055
2,11,28,0.852117347,0.835075,0.767672518,0.761008108,0.723571419
2,11,29,0.783869048,0.760352977,0.710342131,0.706430102,0.725443593
2,11,30,0.783869048,0.8230625,0.739188512,0.852423622,0.719672329
2,11,31,0.686335034,0.713788435,0.742065439,0.642656672,0.682287167
2,11,32,0.686335034,0.727515136,0.713994336,0.673817427,0.644382245
2,11,33,0.554489796,0.537855102,0.551634174,0.558952884,0.50116702
2,11,34,0.554489796,0.57112449,0.506526429,0.565808781,0.522013005
2,11,35,0.531709184,0.526392092,0.523760132,0.54310575,0.483430028
2,11,36,0.531709184,0.558294643,0.56680199,0.502564431,0.550639413
2,11,37,0.045744898,0.041170408,0.047368842,0.042970927,0.042541218
2,11,38,0.045744898,0.043915102,0.0425885,0.043642005,0.039575364
2,11,39,0.0,0.0,0.0,0.0,0.0
2,11,40,0.0,0.0,0.0,0.0,0.0
2,11,41,0.0,0.0,0.0,0.0,0.0
2,11,42,0.0,0.0,0.0,0.0,0.0
2,11,43,0.0,0.0,0.0,0.0,0.0
2,11,44,0.0,0.0,0.0,0.0,0.0
2,11,45,0.0,0.0,0.0,0.0,0.0
2,11,46,0.0,0.0,0.0,0.0,0.0
2,11,47,0.0,0.0,0.0,0.0,0.0
2,11,48,0.0,0.0,0.0,0.0,0.0
2,12,1,0.0,0.0,0.0,0.0,0.0
2,12,2,0.0,0.0,0.0,0.0,0.0
2,12,3,0.0,0.0,0.0,0.0,0.0
2,12,4,0.0,0.0,0.0,0.0,0.0
2,12,5,0.0,0.0,0.0,0.0,0.0
2,12,6,0.0,0.0,0.0,0.0,0.0
2,12,7,0.0,0.0,0.0,0.0,0.0
2,12,8,0.0,0.0,0.0,0.0,0.0
2,12,9,0.0,0.0,0.0,0.0,0.0
2,12,10,0.0,0.0,0.0,0.0,0.0
2,12,11,0.0,0.0,0.0,0.0,0.0
2,12,12,0.0,0.0,0.0,0.0,0.0
2,12,13,0.153562925,0.16431233,0.166884509,0.169665917,0.165242484
2,12,14,0.153562925,0.152027296,0.16654667,0.160526543,0.143930931
2,12,15,0.67619898,0.716770919,0.724344347,0.734002272,0.727085712
2,12,16,0.67619898,0.730294898,0.639954715,0.65486355,0.641561634
2,12,17,0.795901361,0.811819388,0.819937582,0.833496027,0.831594361
2,12,18,0.795901361,0.835696429,0.807640906,0.886256726,0.881256287
2,12,19,0.826862245,0.818593623,0.765136978,0.875848734,0.788745979
2,12,20,0.826862245,0.868205357,0.932287181,0.937089873,0.873288941
2,12,21,0.846343537,0.837880102,0.842111819,0.88421741,0.937902039
2,12,22,0.846343537,0.922514455,0.972871896,0.822518966,0.819777237
2,12,23,0.855467687,0.923905102,0.809614619,0.776696222,0.883491953
2,12,24,0.855467687,0.829803656,0.926899239,0.862016292,0.83380485
2,12,25,0.803460884,0.803460884,0.747218622,0.792560598,0.826009009
2,12,26,0.803460884,0.795426275,0.735488093,0.715875077,0.793065086
2,12,27,0.715178571,0.729482142,0.751223571,0.724641814,0.744734155
2,12,28,0.715178571,0.765241071,0.680993035,0.677242639,0.730953744
2,12,29,0.781896259,0.797534184,0.750229461,0.729960103,0.826097402
2,12,30,0.781896259,0.84444796,0.796908667,0.791595943,0.803712207
2,12,31,0.756156463,0.778841157,0.798198762,0.738845521,0.79105079
2,12,32,0.756156463,0.680540817,0.725532126,0.792817449,0.746149331
2,12,33,0.762916667,0.7552875,0.721146979,0.679269848,0.707765591
2,12,34,0.762916667,0.7552875,0.774284125,0.817654158,0.831963105
2,12,35,0.413435374,0.450644558,0.401797168,0.421959033,0.421959033
2,12,36,0.413435374,0.429972789,0.409052959,0.434186522,0.387928958
2,12,37,0.051276361,0.054865706,0.054663165,0.058961918,0.052744116
2,12,38,0.051276361,0.053327415,0.052824907,0.047228605,0.046559533
2,12,39,0.0,0.0,0.0,0.0,0.0
2,12,40,0.0,0.0,0.0,0.0,0.0
2,12,41,0.0,0.0,0.0,0.0,0.0
2,12,42,0.0,0.0,0.0,0.0,0.0
2,12,43,0.0,0.0,0.0,0.0,0.0
2,12,44,0.0,0.0,0.0,0.0,0.0
2,12,45,0.0,0.0,0.0,0.0,0.0
2,12,46,0.0,0.0,0.0,0.0,0.0
2,12,47,0.0,0.0,0.0,0.0,0.0
2,12,48,0.0,0.0,0.0,0.0,0.0
2,13,1,0.0,0.0,0.0,0.0,0.0
2,13,2,0.0,0.0,0.0,0.0,0.0
2,13,3,0.0,0.0,0.0,0.0,0.0
2,13,4,0.0,0.0,0.0,0.0,0.0
2,13,5,0.0,0.0,0.0,0.0,0.0
2,13,6,0.0,0.0,0.0,0.0,0.0
2,13,7,0.0,0.0,0.0,0.0,0.0
2,13,8,0.0,0.0,0.0,0.0,0.0
2,13,9,0.0,0.0,0.0,0.0,0.0
2,13,10,0.0,0.0,0.0,0.0,0.0
2,13,11,0.0,0.0,0.0,0.0,0.0
2,13,12,0.0,0.0,0.0,0.0,0.0
2,13,13,0.158052721,0.148569558,0.145645582,0.153771073,0.145449344
2,13,14,0.158052721,0.145408503,0.136557551,0.159873488,0.163470642
2,13,15,0.685654762,0.617089286,0.586234822,0.673735797,0.6727126
2,13,16,0.685654762,0.637658929,0.707972825,0.677095505,0.71095028
2,13,17,0.797168367,0.805140051,0.777119583,0.73762268,0.75588479
2,13,18,0.797168367,0.876885204,0.853767321,0.808902685,0.892573557
2,13,19,0.815663265,0.79935,0.839806898,0.891917992,0.87015192
2,13,20,0.815663265,0.766723469,0.759545632,0.796257005,0.82377471
2,13,21,0.833052721,0.883035884,0.93526829,0.901461344,0.88820456
2,13,22,0.833052721,0.758077976,0.739875774,0.722612006,0.725234388
2,13,23,0.843120748,0.792533503,0.858718482,0.80651385,0.841726079
2,13,24,0.843120748,0.876845578,0.834183668,0.910980165,0.814305587
2,13,25,0.842457483,0.850882058,0.804336282,0.815907435,0.878099563
2,13,26,0.842457483,0.876155782,0.902271964,0.899837262,0.871378817
2,13,27,0.839719388,0.856513776,0.907484743,0.798473491,0.876064285
2,13,28,0.839719388,0.772541837,0.830314531,0.879327272,0.896913818
2,13,29,0.821734694,0.838169388,0.871449643,0.928163032,0.942718316
2,13,30,0.821734694,0.846386735,0.800698286,0.78179291,0.861412345
2,13,31,0.797159864,0.741358674,0.815414825,0.745412231,0.852320038
2,13,32,0.797159864,0.717443878,0.780020927,0.703684898,0.772064713
2,13,33,0.739387755,0.75417551,0.821459796,0.794824584,0.831884245
2,13,34,0.739387755,0.776357143,0.750293724,0.762899669,0.742089881
2,13,35,0.407338435,0.378824745,0.37342751,0.378799625,0.419211361
2,13,36,0.407338435,0.443998894,0.446952098,0.402469722,0.467708766
2,13,37,0.051128401,0.049083265,0.054615358,0.051609008,0.050576828
2,13,38,0.051128401,0.050105833,0.052641802,0.049240331,0.04976351
2,13,39,0.0,0.0,0.0,0.0,0.0
2,13,40,0.0,0.0,0.0,0.0,0.0
2,13,41,0.0,0.0,0.0,0.0,0.0
2,13,42,0.0,0.0,0.0,0.0,0.0
2,13,43,0.0,0.0,0.0,0.0,0.0
2,13,44,0.0,0.0,0.0,0.0,0.0
2,13,45,0.0,0.0,0.0,0.0,0.0
2,13,46,0.0,0.0,0.0,0.0,0.0
2,13,47,0.0,0.0,0.0,0.0,0.0
2,13,48,0.0,0.0,0.0,0.0,0.0
2,14,1,0.0,0.0,0.0,0.0,0.0
2,14,2,0.0,0.0,0.0,0.0,0.0
2,14,3,0.0,0.0,0.0,0.0,0.0
2,14,4,0.0,0.0,0.0,0.0,0.0
2,14,5,0.0,0.0,0.0,0.0,0.0
2,14,6,0.0,0.0,0.0,0.0,0.0
2,14,7,0.0,0.0,0.0,0.0,0.0
2,14,8,0.0,0.0,0.0,0.0,0.0
2,14,9,0.0,0.0,0.0,0.0,0.0
2,14,10,0.0,0.0,0.0,0.0,0.0
2,14,11,0.0,0.0,0.0,0.0,0.0
2,14,12,0.0,0.0,0.0,0.0,0.0
2,14,13,0.142321429,0.1494375,0.160467411,0.152249535,0.155652538
2,14,14,0.142321429,0.146591072,0.145900813,0.157982171,0.140788928
2,14,15,0.662389456,0.59615051,0.610391884,0.560679555,0.637772994
2,14,16,0.662389456,0.688885034,0.668880873,0.693586675,0.671651154
2,14,17,0.789481293,0.852639796,0.82927115,0.807321465,0.893449484
2,14,18,0.789481293,0.718427977,0.708717357,0.753653053,0.690590025
2,14,19,0.816879252,0.833216837,0.882801408,0.818970191,0.787688907
2,14,20,0.816879252,0.890398385,0.870711595,0.928076123,0.832690522
2,14,21,0.840229592,0.756206633,0.774271569,0.758626494,0.735393558
2,14,22,0.840229592,0.764608929,0.858588609,0.780085258,0.778442973
2,14,23,0.85212585,0.792477041,0.846970489,0.797303481,0.772886062
2,14,24,0.85212585,0.920295918,0.965969864,0.976693015,0.891620315
2,14,25,0.854787415,0.880431037,0.858933134,0.951188915,0.904061828
2,14,26,0.854787415,0.854787415,0.940266157,0.812617903,0.796365544
2,14,27,0.448545918,0.488915051,0.44529396,0.46091831,0.488573408
2,14,28,0.448545918,0.470973214,0.432173992,0.477598237,0.493908667
2,14,29,0.027876701,0.029549303,0.031297172,0.031053112,0.027847987
2,14,30,0.027876701,0.026482866,0.02881057,0.028000613,0.025847199
2,14,31,0.04294983,0.045097322,0.045344283,0.040462068,0.044767277
2,14,32,0.04294983,0.043379328,0.04100635,0.040322911,0.037723144
2,14,33,0.116632653,0.121297959,0.121344612,0.122153576,0.111932196
2,14,34,0.116632653,0.128295918,0.113891786,0.130371396,0.112514103
2,14,35,0.132176871,0.130855102,0.144667585,0.134540854,0.146404911
2,14,36,0.132176871,0.134820408,0.142843544,0.137979744,0.125998731
2,14,37,0.021339286,0.019845536,0.022239804,0.021987204,0.019217662
2,14,38,0.021339286,0.023259822,0.021407572,0.021562182,0.023205748
2,14,39,0.0,0.0,0.0,0.0,0.0
2,14,40,0.0,0.0,0.0,0.0,0.0
2,14,41,0.0,0.0,0.0,0.0,0.0
2,14,42,0.0,0.0,0.0,0.0,0.0
2,14,43,0.0,0.0,0.0,0.0,0.0
2,14,44,0.0,0.0,0.0,0.0,0.0
2,14,45,0.0,0.0,0.0,0.0,0.0
2,14,46,0.0,0.0,0.0,0.0,0.0
2,14,47,0.0,0.0,0.0,0.0,0.0
2,14,48,0.0,0.0,0.0,0.0,0.0
2,15,1,0.0,0.0,0.0,0.0,0.0
2,15,2,0.0,0.0,0.0,0.0,0.0
2,15,3,0.0,0.0,0.0,0.0,0.0
2,15,4,0.0,0.0,0.0,0.0,0.0
2,15,5,0.0,0.0,0.0,0.0,0.0
2,15,6,0.0,0.0,0.0,0.0,0.0
2,15,7,0.0,0.0,0.0,0.0,0.0
2,15,8,0.0,0.0,0.0,0.0,0.0
2,15,9,0.0,0.0,0.0,0.0,0.0
2,15,10,0.0,0.0,0.0,0.0,0.0
2,15,11,0.0,0.0,0.0,0.0,0.0
2,15,12,0.0,0.0,0.0,0.0,0.0
2,15,13,0.13832483,0.143857823,0.12980402,0.142822047,0.141476224
2,15,14,0.13832483,0.127258844,0.140759347,0.146283487,0.124340964
2,15,15,0.668869048,0.688935119,0.740003271,0.762203369,0.707852675
2,15,16,0.668869048,0.668869048,0.655491667,0.677698119,0.701118569
2,15,17,0.786190476,0.746880952,0.705212857,0.7833995,0.725204108
2,15,18,0.786190476,0.864809524,0.833755,0.7454265,0.815620829
2,15,19,0.823903061,0.799185969,0.827775405,0.890480745,0.852043021
2,15,20,0.823903061,0.856859183,0.8235735,0.751300723,0.781352752
2,15,21,0.844234694,0.835792347,0.865213926,0.890834339,0.944920709
2,15,22,0.844234694,0.852677041,0.856940426,0.79169417,0.853114314
2,15,23,0.85369898,0.776866072,0.847893827,0.776583782,0.781210239
2,15,24,0.85369898,0.930531888,0.909957743,0.907043499,0.936320349
2,15,25,0.76087585,0.722832058,0.778946651,0.678796368,0.720655477
2,15,26,0.76087585,0.806528401,0.846398296,0.740232781,0.84370445
2,15,27,0.524370748,0.487664796,0.460476172,0.530104218,0.545712842
2,15,28,0.524370748,0.471933673,0.538004387,0.485864456,0.474740717
2,15,29,0.69494898,0.722746939,0.744290358,0.70624885,0.681205843
2,15,30,0.69494898,0.70189847,0.68445525,0.728455945,0.737561644
2,15,31,0.444107143,0.484076786,0.501219322,0.452644363,0.494037498
2,15,32,0.444107143,0.417460714,0.465246643,0.46880779,0.404015015
2,15,33,0.263588435,0.282039625,0.278270311,0.258154823,0.265103033
2,15,34,0.263588435,0.258316666,0.234857296,0.257299215,0.278866943
2,15,35,0.221335034,0.234615136,0.230254836,0.219585602,0.217389746
2,15,36,0.221335034,0.205841582,0.213588308,0.209316542,0.229521996
2,15,37,0.023386905,0.021983691,0.023139004,0.021009611,0.02148461
2,15,38,0.023386905,0.024322381,0.024570282,0.025297849,0.022198863
2,15,39,0.0,0.0,0.0,0.0,0.0
2,15,40,0.0,0.0,0.0,0.0,0.0
2,15,41,0.0,0.0,0.0,0.0,0.0
2,15,42,0.0,0.0,0.0,0.0,0.0
2,15,43,0.0,0.0,0.0,0.0,0.0
2,15,44,0.0,0.0,0.0,0.0,0.0
2,15,45,0.0,0.0,0.0,0.0,0.0
2,15,46,0.0,0.0,0.0,0.0,0.0
2,15,47,0.0,0.0,0.0,0.0,0.0
2,15,48,0.0,0.0,0.0,0.0,0.0
2,16,1,0.0,0.0,0.0,0.0,0.0
2,16,2,0.0,0.0,0.0,0.0,0.0
2,16,3,0.0,0.0,0.0,0.0,0.0
2,16,4,0.0,0.0,0.0,0.0,0.0
2,16,5,0.0,0.0,0.0,0.0,0.0
2,16,6,0.0,0.0,0.0,0.0,0.0
2,16,7,0.0,0.0,0.0,0.0,0.0
2,16,8,0.0,0.0,0.0,0.0,0.0
2,16,9,0.0,0.0,0.0,0.0,0.0
2,16,10,0.0,0.0,0.0,0.0,0.0
2,16,11,0.0,0.0,0.0,0.0,0.0
2,16,12,0.0,0.0,0.0,0.0,0.0
2,16,13,0.130102041,0.134005102,0.122809822,0.138000384,0.133853924
2,16,14,0.130102041,0.141811225,0.127799235,0.126575625,0.143413514
2,16,15,0.683392857,0.724396428,0.732050428,0.677615909,0.711407545
2,16,16,0.683392857,0.738064286,0.724943143,0.729776097,0.7549963
2,16,17,0.796539116,0.740781378,0.845526272,0.786339433,0.752681722
2,16,18,0.796539116,0.724850596,0.745480959,0.680061201,0.773569616
2,16,19,0.820527211,0.836937755,0.853594458,0.753317827,0.80793337
2,16,20,0.820527211,0.771295578,0.843666078,0.844302807,0.844546356
2,16,21,0.841530612,0.892022449,0.823437704,0.826760347,0.888234667
2,16,22,0.841530612,0.86677653,0.939568928,0.794362821,0.826137334
2,16,23,0.851998299,0.886078231,0.869038265,0.929870944,0.822349184
2,16,24,0.851998299,0.903118197,0.912660578,0.978184927,0.938835215
2,16,25,0.827414966,0.860511565,0.776446204,0.747526396,0.883272261
2,16,26,0.827414966,0.827414966,0.843963265,0.857918998,0.772043805
2,16,27,0.810892857,0.794675,0.722505536,0.744983486,0.752898935
2,16,28,0.810892857,0.754130357,0.805986955,0.869370395,0.874902752
2,16,29,0.80704932,0.879683759,0.885534866,0.857422648,0.788828837
2,16,30,0.80704932,0.766696854,0.779004356,0.862675194,0.795817867
2,16,31,0.785246599,0.832361395,0.776451837,0.742158548,0.807576233
2,16,32,0.785246599,0.769541667,0.69965472,0.766510615,0.740133632
2,16,33,0.730059524,0.686255953,0.637341964,0.746162204,0.755951304
2,16,34,0.730059524,0.722758929,0.762729688,0.760671528,0.706852171
2,16,35,0.537482993,0.499859183,0.523857799,0.546419991,0.542712142
2,16,36,0.537482993,0.515983673,0.516198666,0.476131818,0.526792766
2,16,37,0.045146259,0.041083096,0.042683531,0.046408639,0.040762254
2,16,38,0.045146259,0.041534558,0.041173388,0.042618068,0.043896611
2,16,39,0.0,0.0,0.0,0.0,0.0
2,16,40,0.0,0.0,0.0,0.0,0.0
2,16,41,0.0,0.0,0.0,0.0,0.0
2,16,42,0.0,0.0,0.0,0.0,0.0
2,16,43,0.0,0.0,0.0,0.0,0.0
2,16,44,0.0,0.0,0.0,0.0,0.0
2,16,45,0.0,0.0,0.0,0.0,0.0
2,16,46,0.0,0.0,0.0,0.0,0.0
2,16,47,0.0,0.0,0.0,0.0,0.0
2,16,48,0.0,0.0,0.0,0.0,0.0
2,17,1,0.0,0.0,0.0,0.0,0.0
2,17,2,0.0,0.0,0.0,0.0,0.0
2,17,3,0.0,0.0,0.0,0.0,0.0
2,17,4,0.0,0.0,0.0,0.0,0.0
2,17,5,0.0,0.0,0.0,0.0,0.0
2,17,6,0.0,0.0,0.0,0.0,0.0
2,17,7,0.0,0.0,0.0,0.0,0.0
2,17,8,0.0,0.0,0.0,0.0,0.0
2,17,9,0.0,0.0,0.0,0.0,0.0
2,17,10,0.0,0.0,0.0,0.0,0.0
2,17,11,0.0,0.0,0.0,0.0,0.0
2,17,12,0.0,0.0,0.0,0.0,0.0
2,17,13,0.092865646,0.097508928,0.095187287,0.100898524,0.090818191
2,17,14,0.092865646,0.100294898,0.094648666,0.101692588,0.090559168
2,17,15,0.597134354,0.656847789,0.570561875,0.620344966,0.574548911
2,17,16,0.597134354,0.579220323,0.535241378,0.593353299,0.587762085
2,17,17,0.801377551,0.85747398,0.796248735,0.761081082,0.796004883
2,17,18,0.801377551,0.753294898,0.738469413,0.710873977,0.720963801
2,17,19,0.830646259,0.805726871,0.785459103,0.847641281,0.874584165
2,17,20,0.830646259,0.797420409,0.854735001,0.786220528,0.768220216
2,17,21,0.848928571,0.814971428,0.881867,0.90799023,0.8720737
2,17,22,0.848928571,0.857417857,0.887300142,0.812675925,0.843064818
2,17,23,0.844430272,0.819097364,0.873352009,0.811801486,0.853913688
2,17,24,0.844430272,0.844430272,0.886651786,0.918599398,0.925939608
2,17,25,0.843792517,0.894420068,0.903870544,0.95995687,0.810459
2,17,26,0.843792517,0.776289116,0.826241633,0.782823445,0.758849477
2,17,27,0.853988095,0.922307143,0.825977285,0.936818108,0.849381752
2,17,28,0.853988095,0.819828571,0.7532175,0.736200364,0.830349064
2,17,29,0.850501701,0.816481633,0.783482167,0.767812524,0.748249641
2,17,30,0.850501701,0.799471599,0.783737317,0.819349241,0.837662914
2,17,31,0.824243197,0.766546173,0.723809163,0.725240874,0.714362261
2,17,32,0.824243197,0.741818877,0.759540106,0.73644069,0.788476039
2,17,33,0.767261905,0.736571429,0.7443975,0.8093631,0.71089059
2,17,34,0.767261905,0.690535715,0.663297917,0.714102164,0.701711431
2,17,35,0.531267007,0.557830357,0.566330629,0.535255051,0.520287223
2,17,36,0.531267007,0.483452976,0.507359992,0.497212792,0.519967887
2,17,37,0.043460034,0.044763835,0.043670815,0.045723491,0.043516453
2,17,38,0.043460034,0.042156233,0.03852732,0.043864067,0.039481799
2,17,39,0.0,0.0,0.0,0.0,0.0
2,17,40,0.0,0.0,0.0,0.0,0.0
2,17,41,0.0,0.0,0.0,0.0,0.0
2,17,42,0.0,0.0,0.0,0.0,0.0
2,17,43,0.0,0.0,0.0,0.0,0.0
2,17,44,0.0,0.0,0.0,0.0,0.0
2,17,45,0.0,0.0,0.0,0.0,0.0
2,17,46,0.0,0.0,0.0,0.0,0.0
2,17,47,0.0,0.0,0.0,0.0,0.0
2,17,48,0.0,0.0,0.0,0.0,0.0
2,18,1,0.0,0.0,0.0,0.0,0.0
2,18,2,0.0,0.0,0.0,0.0,0.0
2,18,3,0.0,0.0,0.0,0.0,0.0
2,18,4,0.0,0.0,0.0,0.0,0.0
2,18,5,0.0,0.0,0.0,0.0,0.0
2,18,6,0.0,0.0,0.0,0.0,0.0
2,18,7,0.0,0.0,0.0,0.0,0.0
2,18,8,0.0,0.0,0.0,0.0,0.0
2,18,9,0.0,0.0,0.0,0.0,0.0
2,18,10,0.0,0.0,0.0,0.0,0.0
2,18,11,0.0,0.0,0.0,0.0,0.0
2,18,12,0.0,0.0,0.0,0.0,0.0
2,18,13,0.142517007,0.146792517,0.140315119,0.157529036,0.145320536
2,18,14,0.142517007,0.136816327,0.14246,0.134973867,0.141975636
2,18,15,0.648452381,0.713297619,0.67406625,0.631103038,0.686731717
2,18,16,0.648452381,0.706813095,0.745396012,0.721227111,0.7548552
2,18,17,0.566360544,0.589014966,0.548803367,0.551017837,0.53560922
2,18,18,0.566360544,0.589014966,0.600795265,0.526851232,0.530802617
2,18,19,0.756207483,0.710835034,0.696845196,0.685231109,0.67666572
2,18,20,0.756207483,0.733521259,0.767210302,0.722220494,0.700102491
2,18,21,0.806062925,0.886669218,0.804047768,0.82393737,0.879990079
2,18,22,0.806062925,0.854426701,0.780430124,0.895003908,0.800621678
2,18,23,0.831819728,0.881728912,0.882477549,0.908609166,0.806066132
2,18,24,0.831819728,0.881728912,0.83107109,0.907581037,0.794006176
2,18,25,0.833494898,0.858499745,0.786777509,0.908883122,0.897728648
2,18,26,0.833494898,0.783485204,0.856999454,0.742193867,0.852285957
2,18,27,0.826454082,0.826454082,0.760337755,0.788327,0.816401095
2,18,28,0.826454082,0.809925,0.744552482,0.857135363,0.752850561
2,18,29,0.844965986,0.870314966,0.831911262,0.933970478,0.783261606
2,18,30,0.844965986,0.811167347,0.902592666,0.801734146,0.814911585
2,18,31,0.799736395,0.847720579,0.766067493,0.740147503,0.709576193
2,18,32,0.799736395,0.871712671,0.802295551,0.758615016,0.79192811
2,18,33,0.780680272,0.788487075,0.721816979,0.694931912,0.74647906
2,18,34,0.780680272,0.858748299,0.836108571,0.899445162,0.759371018
2,18,35,0.481488095,0.447783928,0.487867812,0.462932346,0.493518948
2,18,36,0.481488095,0.510377381,0.49097341,0.543707592,0.486371155
2,18,37,0.0,0.0,0.0,0.0,0.0
2,18,38,0.0,0.0,0.0,0.0,0.0
2,18,39,0.0,0.0,0.0,0.0,0.0
2,18,40,0.0,0.0,0.0,0.0,0.0
2,18,41,0.0,0.0,0.0,0.0,0.0
2,18,42,0.0,0.0,0.0,0.0,0.0
2,18,43,0.0,0.0,0.0,0.0,0.0
2,18,44,0.0,0.0,0.0,0.0,0.0
2,18,45,0.0,0.0,0.0,0.0,0.0
2,18,46,0.0,0.0,0.0,0.0,0.0
2,18,47,0.0,0.0,0.0,0.0,0.0
2,18,48,0.0,0.0,0.0,0.0,0.0
2,19,1,0.0,0.0,0.0,0.0,0.0
2,19,2,0.0,0.0,0.0,0.0,0.0
2,19,3,0.0,0.0,0.0,0.0,0.0
2,19,4,0.0,0.0,0.0,0.0,0.0
2,19,5,0.0,0.0,0.0,0.0,0.0
2,19,6,0.0,0.0,0.0,0.0,0.0
2,19,7,0.0,0.0,0.0,0.0,0.0
2,19,8,0.0,0.0,0.0,0.0,0.0
2,19,9,0.0,0.0,0.0,0.0,0.0
2,19,10,0.0,0.0,0.0,0.0,0.0
2,19,11,0.0,0.0,0.0,0.0,0.0
2,19,12,0.0,0.0,0.0,0.0,0.0
2,19,13,0.144022109,0.155543878,0.140796014,0.146787333,0.14972308
2,19,14,0.144022109,0.142581888,0.134703879,0.126392363,0.149248315
2,19,15,0.713571429,0.756385715,0.742328358,0.81117135,0.770981497
2,19,16,0.713571429,0.656485715,0.705579429,0.691878858,0.754147955
2,19,17,0.72085034,0.67759932,0.720201575,0.72034142,0.65296831
2,19,18,0.72085034,0.706433333,0.649414071,0.733766536,0.646406785
2,19,19,0.682151361,0.634400766,0.691189867,0.669247331,0.689324751
2,19,20,0.682151361,0.702615902,0.664688286,0.662657294,0.678028211
2,19,21,0.85952381,0.919690477,0.836230715,0.906687601,0.898143813
2,19,22,0.85952381,0.885309524,0.881140834,0.866571475,0.873136411
2,19,23,0.871666667,0.801933334,0.92048,0.8301056,0.804683616
2,19,24,0.871666667,0.793216667,0.865739334,0.919459569,0.897021382
2,19,25,0.87039966,0.792063691,0.764733141,0.889972047,0.86246382
2,19,26,0.87039966,0.92262364,0.941337232,0.911453511,0.920568046
2,19,27,0.868197279,0.790059524,0.895458674,0.927849956,0.92261484
2,19,28,0.868197279,0.868197279,0.885561225,0.812806293,0.875864329
2,19,29,0.859328231,0.876514796,0.885279944,0.926130116,0.895681404
2,19,30,0.859328231,0.876514796,0.841883868,0.790502914,0.774692856
2,19,31,0.833945578,0.758890476,0.716776224,0.823761713,0.838177543
2,19,32,0.833945578,0.858963945,0.787202928,0.909374566,0.847371754
2,19,33,0.758537415,0.811635034,0.855743985,0.808638811,0.784379647
2,19,34,0.758537415,0.743366667,0.713404439,0.76797362,0.783111562
2,19,35,0.346215986,0.380837585,0.327174107,0.32681058,0.379785521
2,19,36,0.346215986,0.346215986,0.356602466,0.332194239,0.355666384
2,19,37,0.034178571,0.0358875,0.033982044,0.031908089,0.030930036
2,19,38,0.034178571,0.032127857,0.03249015,0.036225412,0.034768162
2,19,39,0.0,0.0,0.0,0.0,0.0
2,19,40,0.0,0.0,0.0,0.0,0.0
2,19,41,0.0,0.0,0.0,0.0,0.0
2,19,42,0.0,0.0,0.0,0.0,0.0
2,19,43,0.0,0.0,0.0,0.0,0.0
2,19,44,0.0,0.0,0.0,0.0,0.0
2,19,45,0.0,0.0,0.0,0.0,0.0
2,19,46,0.0,0.0,0.0,0.0,0.0
2,19,47,0.0,0.0,0.0,0.0,0.0
2,19,48,0.0,0.0,0.0,0.0,0.0
2,20,1,0.0,0.0,0.0,0.0,0.0
2,20,2,0.0,0.0,0.0,0.0,0.0
2,20,3,0.0,0.0,0.0,0.0,0.0
2,20,4,0.0,0.0,0.0,0.0,0.0
2,20,5,0.0,0.0,0.0,0.0,0.0
2,20,6,0.0,0.0,0.0,0.0,0.0
2,20,7,0.0,0.0,0.0,0.0,0.0
2,20,8,0.0,0.0,0.0,0.0,0.0
2,20,9,0.0,0.0,0.0,0.0,0.0
2,20,10,0.0,0.0,0.0,0.0,0.0
2,20,11,0.0,0.0,0.0,0.0,0.0
2,20,12,0.0,0.0,0.0,0.0,0.0
2,20,13,0.141870748,0.130521088,0.123938285,0.141357743,0.130389307
2,20,14,0.141870748,0.130521088,0.122576326,0.119807009,0.122259103
2,20,15,0.715518707,0.679742772,0.732512276,0.730535656,0.743160447
2,20,16,0.715518707,0.787070578,0.781346428,0.776538142,0.696257802
2,20,17,0.815170068,0.758108163,0.74730716,0.819940172,0.753726135
2,20,18,0.815170068,0.766259864,0.869786463,0.841584295,0.757344159
2,20,19,0.840603741,0.764949404,0.866998698,0.79121659,0.840420372
2,20,20,0.840603741,0.840603741,0.90785204,0.854389642,0.921122652
2,20,21,0.855943878,0.796027807,0.776426692,0.744708835,0.737747427
2,20,22,0.855943878,0.932978827,0.885516739,0.802331833,0.851808963
2,20,23,0.859234694,0.885011735,0.941893072,0.975964018,0.997923209
2,20,24,0.859234694,0.773311225,0.865249337,0.857576371,0.847231336
2,20,25,0.853409864,0.93875085,0.87815875,0.961315007,0.889750446
2,20,26,0.853409864,0.827807568,0.840608716,0.891045239,0.802024776
2,20,27,0.848860544,0.891303571,0.852680416,0.950709662,0.885888548
2,20,28,0.848860544,0.899792177,0.795636988,0.907463329,0.89745579
2,20,29,0.841071429,0.807428572,0.8819475,0.902526275,0.841078575
2,20,30,0.841071429,0.866303572,0.87076125,0.92812905,0.929160305
2,20,31,0.819846939,0.885434694,0.912325674,0.959789346,0.858575197
2,20,32,0.819846939,0.828045408,0.749791018,0.863166012,0.78260385
2,20,33,0.77827381,0.770491072,0.836333036,0.850684924,0.792766796
2,20,34,0.77827381,0.817187501,0.797730655,0.797730655,0.773798736
2,20,35,0.524940476,0.477695833,0.491291791,0.537814116,0.472380065
2,20,36,0.524940476,0.514441666,0.514494161,0.533497531,0.506188155
2,20,37,0.037894558,0.038652449,0.037508034,0.039539081,0.041854398
2,20,38,0.037894558,0.041684014,0.036606143,0.035242697,0.034828305
2,20,39,0.0,0.0,0.0,0.0,0.0
2,20,40,0.0,0.0,0.0,0.0,0.0
2,20,41,0.0,0.0,0.0,0.0,0.0
2,20,42,0.0,0.0,0.0,0.0,0.0
2,20,43,0.0,0.0,0.0,0.0,0.0
2,20,44,0.0,0.0,0.0,0.0,0.0
2,20,45,0.0,0.0,0.0,0.0,0.0
2,20,46,0.0,0.0,0.0,0.0,0.0
2,20,47,0.0,0.0,0.0,0.0,0.0
2,20,48,0.0,0.0,0.0,0.0,0.0
2,21,1,0.0,0.0,0.0,0.0,0.0
2,21,2,0.0,0.0,0.0,0.0,0.0
2,21,3,0.0,0.0,0.0,0.0,0.0
2,21,4,0.0,0.0,0.0,0.0,0.0
2,21,5,0.0,0.0,0.0,0.0,0.0
2,21,6,0.0,0.0,0.0,0.0,0.0
2,21,7,0.0,0.0,0.0,0.0,0.0
2,21,8,0.0,0.0,0.0,0.0,0.0
2,21,9,0.0,0.0,0.0,0.0,0.0
2,21,10,0.0,0.0,0.0,0.0,0.0
2,21,11,0.0,0.0,0.0,0.0,0.0
2,21,12,0.0,0.0,0.0,0.0,0.0
2,21,13,0.128630952,0.140207738,0.126354184,0.12514441,0.126181791
2,21,14,0.128630952,0.115767857,0.127087381,0.120113868,0.133961016
2,21,15,0.671003401,0.691133503,0.619772291,0.627604579,0.717616288
2,21,16,0.671003401,0.657583333,0.617792831,0.700696644,0.688239814
2,21,17,0.786437075,0.762843963,0.743654898,0.72609638,0.679282271
2,21,18,0.786437075,0.825758929,0.798037022,0.779308678,0.853202406
2,21,19,0.812295918,0.79605,0.723755663,0.715177818,0.754201651
2,21,20,0.812295918,0.739189285,0.791257454,0.796532503,0.722033287
2,21,21,0.828596939,0.778881123,0.876075544,0.811294178,0.90608314
2,21,22,0.828596939,0.754023214,0.759657674,0.749528905,0.772951683
2,21,23,0.832738095,0.824410714,0.77885994,0.747042683,0.779847601
2,21,24,0.832738095,0.882702381,0.892029047,0.851773378,0.916699369
2,21,25,0.828197279,0.844761225,0.769560912,0.806031407,0.795894951
2,21,26,0.828197279,0.803351361,0.766827861,0.76748048,0.77563496
2,21,27,0.827593537,0.860697278,0.894794132,0.929910581,0.843118927
2,21,28,0.827593537,0.811041666,0.84389713,0.827510778,0.769585023
2,21,29,0.819710884,0.852499319,0.836105102,0.861188255,0.84237589
2,21,30,0.819710884,0.803316666,0.762822949,0.819142005,0.865347976
2,21,31,0.793511905,0.801447024,0.757605491,0.752820615,0.776346259
2,21,32,0.793511905,0.75383631,0.796884331,0.859551933,0.87303127
2,21,33,0.756488095,0.786747619,0.848779643,0.853152144,0.892421063
2,21,34,0.756488095,0.741358333,0.793858607,0.756262662,0.716272409
2,21,35,0.491122449,0.456743878,0.49289049,0.480252272,0.518672454
2,21,36,0.491122449,0.515678571,0.488298495,0.47344818,0.45276597
2,21,37,0.034229592,0.031491225,0.033517616,0.034071862,0.033994125
2,21,38,0.034229592,0.033887296,0.034058444,0.032696106,0.030683252
2,21,39,0.0,0.0,0.0,0.0,0.0
2,21,40,0.0,0.0,0.0,0.0,0.0
2,21,41,0.0,0.0,0.0,0.0,0.0
2,21,42,0.0,0.0,0.0,0.0,0.0
2,21,43,0.0,0.0,0.0,0.0,0.0
2,21,44,0.0,0.0,0.0,0.0,0.0
2,21,45,0.0,0.0,0.0,0.0,0.0
2,21,46,0.0,0.0,0.0,0.0,0.0
2,21,47,0.0,0.0,0.0,0.0,0.0
2,21,48,0.0,0.0,0.0,0.0,0.0
2,22,1,0.0,0.0,0.0,0.0,0.0
2,22,2,0.0,0.0,0.0,0.0,0.0
2,22,3,0.0,0.0,0.0,0.0,0.0
2,22,4,0.0,0.0,0.0,0.0,0.0
2,22,5,0.0,0.0,0.0,0.0,0.0
2,22,6,0.0,0.0,0.0,0.0,0.0
2,22,7,0.0,0.0,0.0,0.0,0.0
2,22,8,0.0,0.0,0.0,0.0,0.0
2,22,9,0.0,0.0,0.0,0.0,0.0
2,22,10,0.0,0.0,0.0,0.0,0.0
2,22,11,0.0,0.0,0.0,0.0,0.0
2,22,12,0.0,0.0,0.0,0.0,0.0
2,22,13,0.101581633,0.111739796,0.101327679,0.11537134,0.112880368
2,22,14,0.101581633,0.105644898,0.109830062,0.096173833,0.099175302
2,22,15,0.565212585,0.593473214,0.631483761,0.572854259,0.555310597
2,22,16,0.565212585,0.53129983,0.537291083,0.593615271,0.606971615
2,22,17,0.671292517,0.691431293,0.708616381,0.683542263,0.626735758
2,22,18,0.671292517,0.698144218,0.643635265,0.61734208,0.677331626
2,22,19,0.776777211,0.784544983,0.80408093,0.772698354,0.792370623
2,22,20,0.776777211,0.784544983,0.811887541,0.759427115,0.744001252
2,22,21,0.823545918,0.872958673,0.763427066,0.811777447,0.785210185
2,22,22,0.823545918,0.840016836,0.806827936,0.782290385,0.813170269
2,22,23,0.84912415,0.891580358,0.957387479,0.863389436,0.92598517
2,22,24,0.84912415,0.934036565,0.811338125,0.916722924,0.869027387
2,22,25,0.799030612,0.854962755,0.785646849,0.805081271,0.859851194
2,22,26,0.799030612,0.719127551,0.728715918,0.771426768,0.686663443
2,22,27,0.762244898,0.82322449,0.761025306,0.84473809,0.718027376
2,22,28,0.762244898,0.724132653,0.817507653,0.783320969,0.810391621
2,22,29,0.27505102,0.294304591,0.29321814,0.313401796,0.276354254
2,22,30,0.27505102,0.258547959,0.25079152,0.28238058,0.290695119
2,22,31,0.038358844,0.035673725,0.038126773,0.038134176,0.034567509
2,22,32,0.038358844,0.04181114,0.039283292,0.039817759,0.035835983
2,22,33,0.162891156,0.164520068,0.163705612,0.155520331,0.160042699
2,22,34,0.162891156,0.153117687,0.148524156,0.16258655,0.147373094
2,22,35,0.014202381,0.01377631,0.013149985,0.013709558,0.013435367
2,22,36,0.014202381,0.012924167,0.014919601,0.013454768,0.012765211
2,22,37,0.00158665,0.001745315,0.001499384,0.001690972,0.001565357
2,22,38,0.00158665,0.001650116,0.001505096,0.00170707,0.001692845
2,22,39,0.0,0.0,0.0,0.0,0.0
2,22,40,0.0,0.0,0.0,0.0,0.0
2,22,41,0.0,0.0,0.0,0.0,0.0
2,22,42,0.0,0.0,0.0,0.0,0.0
2,22,43,0.0,0.0,0.0,0.0,0.0
2,22,44,0.0,0.0,0.0,0.0,0.0
2,22,45,0.0,0.0,0.0,0.0,0.0
2,22,46,0.0,0.0,0.0,0.0,0.0
2,22,47,0.0,0.0,0.0,0.0,0.0
2,22,48,0.0,0.0,0.0,0.0,0.0
2,23,1,0.0,0.0,0.0,0.0,0.0
2,23,2,0.0,0.0,0.0,0.0,0.0
2,23,3,0.0,0.0,0.0,0.0,0.0
2,23,4,0.0,0.0,0.0,0.0,0.0
2,23,5,0.0,0.0,0.0,0.0,0.0
2,23,6,0.0,0.0,0.0,0.0,0.0
2,23,7,0.0,0.0,0.0,0.0,0.0
2,23,8,0.0,0.0,0.0,0.0,0.0
2,23,9,0.0,0.0,0.0,0.0,0.0
2,23,10,0.0,0.0,0.0,0.0,0.0
2,23,11,0.0,0.0,0.0,0.0,0.0
2,23,12,0.0,0.0,0.0,0.0,0.0
2,23,13,0.059413265,0.053471939,0.05813588,0.051876395,0.050151933
2,23,14,0.059413265,0.062383928,0.057244681,0.06206785,0.056660785
2,23,15,0.661428571,0.6945,0.691523571,0.662009526,0.629949838
2,23,16,0.661428571,0.674657142,0.721486285,0.747584493,0.736353579
2,23,17,0.801369048,0.881505953,0.782536875,0.862894157,0.807114213
2,23,18,0.801369048,0.865478572,0.758415667,0.856926361,0.779520041
2,23,19,0.835459184,0.893941327,0.933876276,0.914391697,0.81391958
2,23,20,0.835459184,0.810395408,0.864073661,0.853375606,0.781968147
2,23,21,0.855391156,0.829729421,0.81728348,0.892524114,0.780833479
2,23,22,0.855391156,0.855391156,0.846837244,0.929268439,0.880439219
2,23,23,0.86289966,0.871528657,0.936591291,0.836919477,0.789286294
2,23,24,0.86289966,0.802496684,0.841025154,0.768635926,0.761450851
2,23,25,0.86,0.8428,0.8514,0.817344,0.77545512
2,23,26,0.86,0.8342,0.872513,0.77856961,0.752688587
2,23,27,0.85619898,0.86476097,0.877689574,0.944175994,0.850278124
2,23,28,0.85619898,0.907570919,0.837790702,0.901874342,0.814548624
2,23,29,0.845884354,0.795131293,0.738457041,0.864541743,0.778563463
2,23,30,0.845884354,0.786672449,0.783627266,0.773178902,0.749500298
2,23,31,0.821819728,0.797165136,0.744733038,0.811543146,0.785877109
2,23,32,0.821819728,0.871128912,0.888798036,0.860582225,0.912217159
2,23,33,0.785654762,0.809224405,0.837311563,0.883695965,0.81239224
2,23,34,0.785654762,0.722802381,0.761770857,0.809714653,0.70838681
2,23,35,0.509064626,0.473430102,0.476509943,0.462018146,0.446637805
2,23,36,0.509064626,0.458158163,0.454594711,0.4549816,0.511427755
2,23,37,0.029682823,0.027011369,0.027780154,0.026187047,0.026005427
2,23,38,0.029682823,0.029089167,0.027622835,0.028510292,0.029300805
2,23,39,0.0,0.0,0.0,0.0,0.0
2,23,40,0.0,0.0,0.0,0.0,0.0
2,23,41,0.0,0.0,0.0,0.0,0.0
2,23,42,0.0,0.0,0.0,0.0,0.0
2,23,43,0.0,0.0,0.0,0.0,0.0
2,23,44,0.0,0.0,0.0,0.0,0.0
2,23,45,0.0,0.0,0.0,0.0,0.0
2,23,46,0.0,0.0,0.0,0.0,0.0
2,23,47,0.0,0.0,0.0,0.0,0.0
2,23,48,0.0,0.0,0.0,0.0,0.0
2,24,1,0.0,0.0,0.0,0.0,0.0
2,24,2,0.0,0.0,0.0,0.0,0.0
2,24,3,0.0,0.0,0.0,0.0,0.0
2,24,4,0.0,0.0,0.0,0.0,0.0
2,24,5,0.0,0.0,0.0,0.0,0.0
2,24,6,0.0,0.0,0.0,0.0,0.0
2,24,7,0.0,0.0,0.0,0.0,0.0
2,24,8,0.0,0.0,0.0,0.0,0.0
2,24,9,0.0,0.0,0.0,0.0,0.0
2,24,10,0.0,0.0,0.0,0.0,0.0
2,24,11,0.0,0.0,0.0,0.0,0.0
2,24,12,0.0,0.0,0.0,0.0,0.0
2,24,13,0.123103741,0.126796853,0.133696818,0.13042312,0.137500492
2,24,14,0.123103741,0.126796853,0.118702782,0.119181758,0.113410044
2,24,15,0.698239796,0.761081378,0.780736828,0.69441798,0.784972325
2,24,16,0.698239796,0.75409898,0.762477857,0.730889489,0.684876673
2,24,17,0.804923469,0.764677296,0.831888405,0.864536101,0.775681002
2,24,18,0.804923469,0.861268112,0.891412496,0.937788161,0.952494385
2,24,19,0.805892857,0.7333625,0.708057464,0.801541573,0.685992239
2,24,20,0.805892857,0.822010714,0.732556607,0.778951859,0.82409566
2,24,21,0.825204082,0.833456123,0.854210005,0.91300951,0.847905231
2,24,22,0.825204082,0.882968368,0.913872261,0.786613413,0.83512124
2,24,23,0.835246599,0.760074405,0.805637107,0.768306596,0.792316177
2,24,24,0.835246599,0.801836735,0.875839584,0.871146611,0.930619121
2,24,25,0.845127551,0.769066071,0.750600034,0.717320743,0.716591598
2,24,26,0.845127551,0.836676275,0.807265837,0.788205393,0.802932389
2,24,27,0.844642857,0.844642857,0.819303571,0.811110536,0.912917451
2,24,28,0.844642857,0.895321428,0.861282321,0.832398914,0.884163722
2,24,29,0.806513605,0.774253061,0.837806333,0.81425291,0.88094506
2,24,30,0.806513605,0.887164966,0.863776071,0.912158822,0.928121602
2,24,31,0.703588435,0.689516666,0.752276755,0.715127285,0.679370921
2,24,32,0.703588435,0.640265476,0.718961842,0.632596831,0.700807272
2,24,33,0.572763605,0.515487245,0.587655459,0.580980854,0.59243288
2,24,34,0.572763605,0.624312329,0.586567208,0.54103842,0.586982094
2,24,35,0.493537415,0.473795918,0.483666667,0.4353,0.4998695
2,24,36,0.493537415,0.46392517,0.483518605,0.480327064,0.441900898
2,24,37,0.025935374,0.026972789,0.024602296,0.027387029,0.028322322
2,24,38,0.025935374,0.02567602,0.027612096,0.02482336,0.024971244
2,24,39,0.0,0.0,0.0,0.0,0.0
2,24,40,0.0,0.0,0.0,0.0,0.0
2,24,41,0.0,0.0,0.0,0.0,0.0
2,24,42,0.0,0.0,0.0,0.0,0.0
2,24,43,0.0,0.0,0.0,0.0,0.0
2,24,44,0.0,0.0,0.0,0.0,0.0
2,24,45,0.0,0.0,0.0,0.0,0.0
2,24,46,0.0,0.0,0.0,0.0,0.0
2,24,47,0.0,0.0,0.0,0.0,0.0
2,24,48,0.0,0.0,0.0,0.0,0.0
2,25,1,0.0,0.0,0.0,0.0,0.0
2,25,2,0.0,0.0,0.0,0.0,0.0
2,25,3,0.0,0.0,0.0,0.0,0.0
2,25,4,0.0,0.0,0.0,0.0,0.0
2,25,5,0.0,0.0,0.0,0.0,0.0
2,25,6,0.0,0.0,0.0,0.0,0.0
2,25,7,0.0,0.0,0.0,0.0,0.0
2,25,8,0.0,0.0,0.0,0.0,0.0
2,25,9,0.0,0.0,0.0,0.0,0.0
2,25,10,0.0,0.0,0.0,0.0,0.0
2,25,11,0.0,0.0,0.0,0.0,0.0
2,25,12,0.0,0.0,0.0,0.0,0.0
2,25,13,0.125221088,0.133986564,0.139972132,0.121084535,0.133968062
2,25,14,0.125221088,0.131482142,0.121934034,0.12873667,0.121769744
2,25,15,0.531020408,0.541640816,0.573873755,0.570798793,0.498900099
2,25,16,0.531020408,0.499159184,0.53054249,0.499431066,0.52018867
2,25,17,0.533588435,0.565603741,0.50013244,0.586419026,0.590150783
2,25,18,0.533588435,0.565603741,0.549596088,0.599059736,0.6181582
2,25,19,0.816113946,0.75082483,0.783469388,0.853981633,0.857174271
2,25,20,0.816113946,0.75082483,0.799138776,0.733484041,0.782639302
2,25,21,0.840688776,0.849095664,0.887136831,0.798845594,0.886138802
2,25,22,0.840688776,0.790247449,0.807313432,0.885897375,0.806105655
2,25,23,0.84752551,0.81362449,0.863798,0.80798336,0.841565168
2,25,24,0.84752551,0.796673979,0.879646727,0.891758996,0.768511173
2,25,25,0.845603741,0.761043367,0.875622674,0.877068656,0.88182634
2,25,26,0.845603741,0.854059778,0.875326712,0.806830273,0.853909677
2,25,27,0.843996599,0.894636395,0.912782322,0.901481207,0.95039982
2,25,28,0.843996599,0.793356803,0.843237002,0.810326199,0.8720929
2,25,29,0.831836735,0.806881633,0.819359184,0.745616857,0.808932838
2,25,30,0.831836735,0.773608164,0.746531878,0.736952723,0.826288641
2,25,31,0.808409864,0.873082653,0.773486558,0.761043513,0.82008576
2,25,32,0.808409864,0.856914456,0.865968646,0.810013749,0.835326679
2,25,33,0.767789116,0.821534354,0.770821883,0.857519478,0.876813667
2,25,34,0.767789116,0.806178572,0.802723521,0.847686531,0.830277268
2,25,35,0.488010204,0.507530612,0.447993367,0.514860525,0.440638809
2,25,36,0.488010204,0.45384949,0.452092653,0.487883321,0.428117614
2,25,37,0.026496599,0.025171769,0.026350868,0.027566797,0.025868578
2,25,38,0.026496599,0.025966667,0.025444684,0.027787169,0.025366829
2,25,39,0.0,0.0,0.0,0.0,0.0
2,25,40,0.0,0.0,0.0,0.0,0.0
2,25,41,0.0,0.0,0.0,0.0,0.0
2,25,42,0.0,0.0,0.0,0.0,0.0
2,25,43,0.0,0.0,0.0,0.0,0.0
2,25,44,0.0,0.0,0.0,0.0,0.0
2,25,45,0.0,0.0,0.0,0.0,0.0
2,25,46,0.0,0.0,0.0,0.0,0.0
2,25,47,0.0,0.0,0.0,0.0,0.0
2,25,48,0.0,0.0,0.0,0.0,0.0
2,26,1,0.0,0.0,0.0,0.0,0.0
2,26,2,0.0,0.0,0.0,0.0,0.0
2,26,3,0.0,0.0,0.0,0.0,0.0
2,26,4,0.0,0.0,0.0,0.0,0.0
2,26,5,0.0,0.0,0.0,0.0,0.0
2,26,6,0.0,0.0,0.0,0.0,0.0
2,26,7,0.0,0.0,0.0,0.0,0.0
2,26,8,0.0,0.0,0.0,0.0,0.0
2,26,9,0.0,0.0,0.0,0.0,0.0
2,26,10,0.0,0.0,0.0,0.0,0.0
2,26,11,0.0,0.0,0.0,0.0,0.0
2,26,12,0.0,0.0,0.0,0.0,0.0
2,26,13,0.119438776,0.120633164,0.111633452,0.114890428,0.122481403
2,26,14,0.119438776,0.112272449,0.111221388,0.113167763,0.119726349
2,26,15,0.669634354,0.703116072,0.617737692,0.690035881,0.670130999
2,26,16,0.669634354,0.669634354,0.656241667,0.645215021,0.71959767
2,26,17,0.792534014,0.784608674,0.73337135,0.739364492,0.80821781
2,26,18,0.792534014,0.800459354,0.788531717,0.777964861,0.829366111
2,26,19,0.815493197,0.758408673,0.802689954,0.831807138,0.761994754
2,26,20,0.815493197,0.831803061,0.741283316,0.732497736,0.717847781
2,26,21,0.831054422,0.789501701,0.745455817,0.828104179,0.862411352
2,26,22,0.831054422,0.839364966,0.90202647,0.90893087,0.939971716
2,26,23,0.838996599,0.838996599,0.805436735,0.910590975,0.814565018
2,26,24,0.838996599,0.889336395,0.820958172,0.815773173,0.757139476
2,26,25,0.83045068,0.880277721,0.81259599,0.790641643,0.878200999
2,26,26,0.83045068,0.780623639,0.741094187,0.846780662,0.879711021
2,26,27,0.825170068,0.800414966,0.747769116,0.767384508,0.816592051
2,26,28,0.825170068,0.759156463,0.736711837,0.727258688,0.777315749
2,26,29,0.749880952,0.697389285,0.716398767,0.764496382,0.680798452
2,26,30,0.749880952,0.734883333,0.742382142,0.809196535,0.751494883
2,26,31,0.773920068,0.79713767,0.84051589,0.77974214,0.813785521
2,26,32,0.773920068,0.79713767,0.801239446,0.806581043,0.810613948
2,26,33,0.738078231,0.708555102,0.773948833,0.703184352,0.738251046
2,26,34,0.738078231,0.715935884,0.727007058,0.741547199,0.767174197
2,26,35,0.100918367,0.102936734,0.093773347,0.098217388,0.106878376
2,26,36,0.100918367,0.091835714,0.097340811,0.095731314,0.086810896
2,26,37,0.0,0.0,0.0,0.0,0.0
2,26,38,0.0,0.0,0.0,0.0,0.0
2,26,39,0.0,0.0,0.0,0.0,0.0
2,26,40,0.0,0.0,0.0,0.0,0.0
2,26,41,0.0,0.0,0.0,0.0,0.0
2,26,42,0.0,0.0,0.0,0.0,0.0
2,26,43,0.0,0.0,0.0,0.0,0.0
2,26,44,0.0,0.0,0.0,0.0,0.0
2,26,45,0.0,0.0,0.0,0.0,0.0
2,26,46,0.0,0.0,0.0,0.0,0.0
2,26,47,0.0,0.0,0.0,0.0,0.0
2,26,48,0.0,0.0,0.0,0.0,0.0
2,27,1,0.0,0.0,0.0,0.0,0.0
2,27,2,0.0,0.0,0.0,0.0,0.0
2,27,3,0.0,0.0,0.0,0.0,0.0
2,27,4,0.0,0.0,0.0,0.0,0.0
2,27,5,0.0,0.0,0.0,0.0,0.0
2,27,6,0.0,0.0,0.0,0.0,0.0
2,27,7,0.0,0.0,0.0,0.0,0.0
2,27,8,0.0,0.0,0.0,0.0,0.0
2,27,9,0.0,0.0,0.0,0.0,0.0
2,27,10,0.0,0.0,0.0,0.0,0.0
2,27,11,0.0,0.0,0.0,0.0,0.0
2,27,12,0.0,0.0,0.0,0.0,0.0
2,27,13,0.081746599,0.082564065,0.074761352,0.074112325,0.079862007
2,27,14,0.081746599,0.078476735,0.07931055,0.077449289,0.072113672
2,27,15,0.485195578,0.499751445,0.462925101,0.448840359,0.497887027
2,27,16,0.485195578,0.509455357,0.492352213,0.485754362,0.463598015
2,27,17,0.447993197,0.474872789,0.493733302,0.514697741,0.434541832
2,27,18,0.447993197,0.492792517,0.460985,0.471929474,0.468425047
2,27,19,0.830408163,0.888536734,0.782119928,0.883709572,0.854655535
2,27,20,0.830408163,0.747367347,0.796776632,0.775687033,0.756057402
2,27,21,0.841232993,0.900119303,0.922916717,0.923613258,0.968728213
2,27,22,0.841232993,0.883294643,0.896754371,0.812597422,0.78120757
2,27,23,0.816326531,0.8,0.840489796,0.753423674,0.842688
2,27,24,0.816326531,0.824489796,0.795795919,0.820326123,0.822376938
2,27,25,0.84079932,0.773535374,0.782952327,0.863023328,0.774323708
2,27,26,0.84079932,0.8660233,0.819274857,0.892554442,0.86320961
2,27,27,0.79872449,0.878596939,0.754794643,0.729634822,0.822055232
2,27,28,0.79872449,0.726839286,0.785665345,0.83974658,0.74047929
2,27,29,0.804132653,0.828256633,0.808032696,0.805339254,0.827669115
2,27,30,0.804132653,0.796091326,0.736103031,0.739836887,0.822873842
2,27,31,0.761768707,0.815092516,0.804199224,0.825434288,0.745510026
2,27,32,0.761768707,0.761768707,0.716062585,0.768929333,0.782217626
2,27,33,0.762840136,0.831495748,0.844998019,0.861897979,0.742777173
2,27,34,0.762840136,0.709441326,0.699333695,0.709394285,0.770670026
2,27,35,0.461964286,0.434246429,0.474991679,0.443355441,0.458175853
2,27,36,0.461964286,0.429626786,0.481459179,0.489721256,0.423780518
2,27,37,0.020980442,0.020141224,0.020766441,0.019185313,0.021281773
2,27,38,0.020980442,0.021609855,0.022359906,0.02251607,0.020335909
2,27,39,0.0,0.0,0.0,0.0,0.0
2,27,40,0.0,0.0,0.0,0.0,0.0
2,27,41,0.0,0.0,0.0,0.0,0.0
2,27,42,0.0,0.0,0.0,0.0,0.0
2,27,43,0.0,0.0,0.0,0.0,0.0
2,27,44,0.0,0.0,0.0,0.0,0.0
2,27,45,0.0,0.0,0.0,0.0,0.0
2,27,46,0.0,0.0,0.0,0.0,0.0
2,27,47,0.0,0.0,0.0,0.0,0.0
2,27,48,0.0,0.0,0.0,0.0,0.0
2,28,1,0.0,0.0,0.0,0.0,0.0
2,28,2,0.0,0.0,0.0,0.0,0.0
2,28,3,0.0,0.0,0.0,0.0,0.0
2,28,4,0.0,0.0,0.0,0.0,0.0
2,28,5,0.0,0.0,0.0,0.0,0.0
2,28,6,0.0,0.0,0.0,0.0,0.0
2,28,7,0.0,0.0,0.0,0.0,0.0
2,28,8,0.0,0.0,0.0,0.0,0.0
2,28,9,0.0,0.0,0.0,0.0,0.0
2,28,10,0.0,0.0,0.0,0.0,0.0
2,28,11,0.0,0.0,0.0,0.0,0.0
2,28,12,0.0,0.0,0.0,0.0,0.0
2,28,13,0.108078231,0.105916666,0.096297704,0.096190706,0.103653243
2,28,14,0.108078231,0.099431973,0.105830204,0.102357866,0.097689094
2,28,15,0.486122449,0.471538776,0.488407225,0.530225098,0.444666048
2,28,16,0.486122449,0.486122449,0.456955102,0.4764,0.433524
2,28,17,0.783256803,0.712763691,0.800370964,0.750154543,0.82256742
2,28,18,0.783256803,0.845917347,0.741274238,0.813853947,0.819957851
2,28,19,0.819838435,0.762449745,0.799055531,0.73821655,0.764292264
2,28,20,0.819838435,0.746052976,0.720310049,0.762067153,0.708722453
2,28,21,0.828996599,0.762676871,0.827670204,0.758061018,0.818181708
2,28,22,0.828996599,0.895316327,0.939750545,0.879140945,0.974381214
2,28,23,0.825340136,0.899620748,0.888354855,0.923371561,0.96374729
2,28,24,0.825340136,0.775819728,0.760550935,0.810854041,0.729689913
2,28,25,0.785493197,0.738363605,0.761928401,0.700974129,0.694421545
2,28,26,0.785493197,0.754073469,0.792876833,0.808580413,0.855929016
2,28,27,0.816930272,0.84143818,0.854059753,0.912848914,0.847756087
2,28,28,0.816930272,0.767914456,0.78449814,0.773985337,0.840840295
2,28,29,0.823588435,0.774173129,0.766925551,0.756699877,0.725722475
2,28,30,0.823588435,0.831824319,0.786321058,0.805772158,0.860589082
2,28,31,0.805569728,0.82973682,0.809476741,0.888271262,0.866594183
2,28,32,0.805569728,0.74112415,0.773346939,0.796547347,0.810312923
2,28,33,0.754540816,0.731904592,0.67633266,0.742553803,0.791702935
2,28,34,0.754540816,0.784722449,0.723453734,0.69389988,0.716979593
2,28,35,0.406139456,0.422385034,0.381121266,0.43144032,0.381552513
2,28,36,0.406139456,0.438630612,0.409713483,0.397253125,0.441839561
2,28,37,0.006644218,0.006112681,0.005804389,0.005692128,0.00600272
2,28,38,0.006644218,0.007242198,0.006248887,0.006174826,0.005985554
2,28,39,0.0,0.0,0.0,0.0,0.0
2,28,40,0.0,0.0,0.0,0.0,0.0
2,28,41,0.0,0.0,0.0,0.0,0.0
2,28,42,0.0,0.0,0.0,0.0,0.0
2,28,43,0.0,0.0,0.0,0.0,0.0
2,28,44,0.0,0.0,0.0,0.0,0.0
2,28,45,0.0,0.0,0.0,0.0,0.0
2,28,46,0.0,0.0,0.0,0.0,0.0
2,28,47,0.0,0.0,0.0,0.0,0.0
2,28,48,0.0,0.0,0.0,0.0,0.0
2,29,1,0.0,0.0,0.0,0.0,0.0
2,29,2,0.0,0.0,0.0,0.0,0.0
2,29,3,0.0,0.0,0.0,0.0,0.0
2,29,4,0.0,0.0,0.0,0.0,0.0
2,29,5,0.0,0.0,0.0,0.0,0.0
2,29,6,0.0,0.0,0.0,0.0,0.0
2,29,7,0.0,0.0,0.0,0.0,0.0
2,29,8,0.0,0.0,0.0,0.0,0.0
2,29,9,0.0,0.0,0.0,0.0,0.0
2,29,10,0.0,0.0,0.0,0.0,0.0
2,29,11,0.0,0.0,0.0,0.0,0.0
2,29,12,0.0,0.0,0.0,0.0,0.0
2,29,13,0.108078231,0.106997449,0.105387083,0.116434804,0.109224392
2,29,14,0.108078231,0.102674319,0.099053699,0.101203375,0.094532213
2,29,15,0.486122449,0.515289796,0.465656694,0.493913209,0.504952903
2,29,16,0.486122449,0.52015102,0.513199469,0.516620799,0.524294138
2,29,17,0.783256803,0.814587075,0.735008184,0.754288833,0.810374485
2,29,18,0.783256803,0.744093963,0.694944598,0.73335747,0.761080605
2,29,19,0.819838435,0.811640051,0.832054028,0.903295255,0.841706942
2,29,20,0.819838435,0.811640051,0.84021142,0.79094077,0.734091902
2,29,21,0.828996599,0.895316327,0.905264286,0.894056252,0.836862948
2,29,22,0.828996599,0.754386905,0.760024082,0.703022276,0.761607465
2,29,23,0.825340136,0.825340136,0.833593537,0.770124881,0.829871666
2,29,24,0.825340136,0.817086735,0.780152764,0.831752341,0.740360524
2,29,25,0.785493197,0.848332653,0.816912925,0.767898149,0.869031969
2,29,26,0.785493197,0.832622789,0.881873212,0.866662922,0.883746182
2,29,27,0.816930272,0.792422364,0.869050423,0.834395697,0.753661717
2,29,28,0.816930272,0.865946088,0.833023798,0.863792388,0.794227748
2,29,29,0.823588435,0.749465476,0.778661686,0.705514679,0.83309525
2,29,30,0.823588435,0.75770136,0.735299755,0.772196517,0.779918482
2,29,31,0.805569728,0.870015306,0.888060068,0.863093851,0.830984196
2,29,32,0.805569728,0.813625425,0.777213674,0.718922648,0.809986183
2,29,33,0.754540816,0.694177551,0.659166857,0.75883868,0.745348215
2,29,34,0.754540816,0.799813265,0.722774648,0.8349472,0.793579362
2,29,35,0.406139456,0.434569218,0.458186227,0.471931814,0.48255028
2,29,36,0.406139456,0.442692007,0.39470663,0.385496809,0.403186138
2,29,37,0.006644218,0.006577776,0.006809327,0.006410023,0.006676439
2,29,38,0.006644218,0.006444891,0.006740891,0.0065439,0.006461606
2,29,39,0.0,0.0,0.0,0.0,0.0
2,29,40,0.0,0.0,0.0,0.0,0.0
2,29,41,0.0,0.0,0.0,0.0,0.0
2,29,42,0.0,0.0,0.0,0.0,0.0
2,29,43,0.0,0.0,0.0,0.0,0.0
2,29,44,0.0,0.0,0.0,0.0,0.0
2,29,45,0.0,0.0,0.0,0.0,0.0
2,29,46,0.0,0.0,0.0,0.0,0.0
2,29,47,0.0,0.0,0.0,0.0,0.0
2,29,48,0.0,0.0,0.0,0.0,0.0
3,1,1,0.0,0.0,0.0,0.0,0.0
3,1,2,0.0,0.0,0.0,0.0,0.0
3,1,3,0.0,0.0,0.0,0.0,0.0
3,1,4,0.0,0.0,0.0,0.0,0.0
3,1,5,0.0,0.0,0.0,0.0,0.0
3,1,6,0.0,0.0,0.0,0.0,0.0
3,1,7,0.0,0.0,0.0,0.0,0.0
3,1,8,0.0,0.0,0.0,0.0,0.0
3,1,9,0.0,0.0,0.0,0.0,0.0
3,1,10,0.0,0.0,0.0,0.0,0.0
3,1,11,0.0,0.0,0.0,0.0,0.0
3,1,12,0.0,0.0,0.0,0.0,0.0
3,1,13,0.113971088,0.118529932,0.126713056,0.113751124,0.121788539
3,1,14,0.113971088,0.119669642,0.120324976,0.106189712,0.121941186
3,1,15,0.668384354,0.695119728,0.688569561,0.684024548,0.677184302
3,1,16,0.668384354,0.728538946,0.69846165,0.705446266,0.637189102
3,1,17,0.76747449,0.79817347,0.751511021,0.7569386,0.707042443
3,1,18,0.76747449,0.775149235,0.709606913,0.825817901,0.715646285
3,1,19,0.811122449,0.876012245,0.894181388,0.929273789,0.851318044
3,1,20,0.811122449,0.730010204,0.839917296,0.746062317,0.836502531
3,1,21,0.824914966,0.767170918,0.851765948,0.830909623,0.769568942
3,1,22,0.824914966,0.857911565,0.824585,0.819087767,0.856573569
3,1,23,0.830680272,0.797453061,0.879192,0.919352622,0.856669489
3,1,24,0.830680272,0.76422585,0.829351184,0.840409199,0.74271163
3,1,25,0.82962585,0.821329592,0.850242052,0.758696573,0.880171398
3,1,26,0.82962585,0.854514626,0.842070238,0.783125321,0.752873948
3,1,27,0.828503401,0.762223129,0.771502367,0.795283729,0.820953283
3,1,28,0.828503401,0.886498639,0.84892601,0.820456976,0.930705882
3,1,29,0.802585034,0.778507483,0.790546258,0.853789959,0.741848609
3,1,30,0.802585034,0.850740136,0.884528966,0.930546517,0.84975816
3,1,31,0.782644558,0.790471004,0.762961047,0.794266047,0.853018374
3,1,32,0.782644558,0.774818112,0.802093275,0.786518649,0.833709767
3,1,33,0.599608844,0.581620579,0.643770035,0.614416484,0.579361286
3,1,34,0.599608844,0.53964796,0.541146982,0.593742671,0.523053685
3,1,35,0.444039116,0.408515987,0.396438123,0.374697968,0.397804342
3,1,36,0.444039116,0.412956378,0.419927792,0.383076986,0.406700067
3,1,37,0.019135204,0.01970926,0.017868453,0.019849521,0.020480452
3,1,38,0.019135204,0.0187525,0.017807221,0.019864523,0.020212152
3,1,39,0.0,0.0,0.0,0.0,0.0
3,1,40,0.0,0.0,0.0,0.0,0.0
3,1,41,0.0,0.0,0.0,0.0,0.0
3,1,42,0.0,0.0,0.0,0.0,0.0
3,1,43,0.0,0.0,0.0,0.0,0.0
3,1,44,0.0,0.0,0.0,0.0,0.0
3,1,45,0.0,0.0,0.0,0.0,0.0
3,1,46,0.0,0.0,0.0,0.0,0.0
3,1,47,0.0,0.0,0.0,0.0,0.0
3,1,48,0.0,0.0,0.0,0.0,0.0
3,2,1,0.0,0.0,0.0,0.0,0.0
3,2,2,0.0,0.0,0.0,0.0,0.0
3,2,3,0.0,0.0,0.0,0.0,0.0
3,2,4,0.0,0.0,0.0,0.0,0.0
3,2,5,0.0,0.0,0.0,0.0,0.0
3,2,6,0.0,0.0,0.0,0.0,0.0
3,2,7,0.0,0.0,0.0,0.0,0.0
3,2,8,0.0,0.0,0.0,0.0,0.0
3,2,9,0.0,0.0,0.0,0.0,0.0
3,2,10,0.0,0.0,0.0,0.0,0.0
3,2,11,0.0,0.0,0.0,0.0,0.0
3,2,12,0.0,0.0,0.0,0.0,0.0
3,2,13,0.119319728,0.118126531,0.117535898,0.106494647,0.125752429
3,2,14,0.119319728,0.108580952,0.119647857,0.118166503,0.117593048
3,2,15,0.685059524,0.746714881,0.715887203,0.773158179,0.752111095
3,2,16,0.685059524,0.664507738,0.69502714,0.640639579,0.637743071
3,2,17,0.811318027,0.89244983,0.860402768,0.888912483,0.871903485
3,2,18,0.811318027,0.884336649,0.881740432,0.816175118,0.789005077
3,2,19,0.835748299,0.919323129,0.947738571,0.991030333,0.923460083
3,2,20,0.835748299,0.752173469,0.865417364,0.866846493,0.79684455
3,2,21,0.848154762,0.932970238,0.828223125,0.808897919,0.914380817
3,2,22,0.848154762,0.924488691,0.806552771,0.80814815,0.880709537
3,2,23,0.851632653,0.843116326,0.81347951,0.902962256,0.784573872
3,2,24,0.851632653,0.936795918,0.956809286,0.933380871,0.947244323
3,2,25,0.845229592,0.904395663,0.96229389,0.940131971,0.967793546
3,2,26,0.845229592,0.769158929,0.831410088,0.766350231,0.786976466
3,2,27,0.84505102,0.83660051,0.82400925,0.876981273,0.862573723
3,2,28,0.84505102,0.794347959,0.819699489,0.8033055,0.774820942
3,2,29,0.839855442,0.814659779,0.901710795,0.920241366,0.95602853
3,2,30,0.839855442,0.789464115,0.822806377,0.86641783,0.829635941
3,2,31,0.820306122,0.73827551,0.841634081,0.736066152,0.776229762
3,2,32,0.820306122,0.861321428,0.832405637,0.838011062,0.80449062
3,2,33,0.780153061,0.748946939,0.7874865,0.749029635,0.789396155
3,2,34,0.780153061,0.709939286,0.804649867,0.795510634,0.842093901
3,2,35,0.467134354,0.499833759,0.464144694,0.519970987,0.443871563
3,2,36,0.467134354,0.457791667,0.45783838,0.488576755,0.472513642
3,2,37,0.017728741,0.019324328,0.020008657,0.020352016,0.018579298
3,2,38,0.017728741,0.018437891,0.016636651,0.018305138,0.017066021
3,2,39,0.0,0.0,0.0,0.0,0.0
3,2,40,0.0,0.0,0.0,0.0,0.0
3,2,41,0.0,0.0,0.0,0.0,0.0
3,2,42,0.0,0.0,0.0,0.0,0.0
3,2,43,0.0,0.0,0.0,0.0,0.0
3,2,44,0.0,0.0,0.0,0.0,0.0
3,2,45,0.0,0.0,0.0,0.0,0.0
3,2,46,0.0,0.0,0.0,0.0,0.0
3,2,47,0.0,0.0,0.0,0.0,0.0
3,2,48,0.0,0.0,0.0,0.0,0.0
3,3,1,0.0,0.0,0.0,0.0,0.0
3,3,2,0.0,0.0,0.0,0.0,0.0
3,3,3,0.0,0.0,0.0,0.0,0.0
3,3,4,0.0,0.0,0.0,0.0,0.0
3,3,5,0.0,0.0,0.0,0.0,0.0
3,3,6,0.0,0.0,0.0,0.0,0.0
3,3,7,0.0,0.0,0.0,0.0,0.0
3,3,8,0.0,0.0,0.0,0.0,0.0
3,3,9,0.0,0.0,0.0,0.0,0.0
3,3,10,0.0,0.0,0.0,0.0,0.0
3,3,11,0.0,0.0,0.0,0.0,0.0
3,3,12,0.0,0.0,0.0,0.0,0.0
3,3,13,0.118996599,0.123756463,0.115307704,0.119353589,0.126514804
3,3,14,0.118996599,0.128516327,0.112618381,0.117642894,0.123026857
3,3,15,0.69837585,0.635522024,0.666948937,0.700296384,0.641521509
3,3,16,0.69837585,0.670440816,0.739161,0.730765591,0.660007807
3,3,17,0.820042517,0.811842092,0.85673942,0.812950516,0.800631827
3,3,18,0.820042517,0.820042517,0.787240816,0.881928392,0.810767289
3,3,19,0.838605442,0.838605442,0.863763605,0.821581752,0.891077404
3,3,20,0.838605442,0.763130952,0.752816105,0.777002325,0.704599835
3,3,21,0.852534014,0.767280613,0.858501752,0.768278077,0.779182669
3,3,22,0.852534014,0.852534014,0.920736735,0.857762889,0.888309751
3,3,23,0.860756803,0.877971939,0.878058015,0.924597987,0.867639262
3,3,24,0.860756803,0.869364371,0.856409981,0.870798822,0.795185895
3,3,25,0.857193878,0.814334184,0.768902909,0.87042038,0.910484121
3,3,26,0.857193878,0.805762245,0.914625868,0.910745637,0.872081907
3,3,27,0.854897959,0.803604081,0.796080979,0.900013774,0.838649198
3,3,28,0.854897959,0.931838775,0.812965214,0.909895682,0.930043372
3,3,29,0.849940476,0.773445833,0.762991565,0.739777141,0.828431079
3,3,30,0.849940476,0.849940476,0.926435119,0.857929916,0.862350882
3,3,31,0.833103741,0.758124404,0.859263198,0.816830448,0.833167057
3,3,32,0.833103741,0.774786479,0.763747855,0.711491422,0.817029317
3,3,33,0.795272109,0.80322483,0.79924847,0.775271015,0.832916811
3,3,34,0.795272109,0.73165034,0.81690351,0.828151839,0.808854339
3,3,35,0.473112245,0.430532143,0.487967969,0.473148202,0.480175844
3,3,36,0.473112245,0.496767857,0.523735255,0.48791435,0.500336251
3,3,37,0.015875,0.01635125,0.014985206,0.015265038,0.016712462
3,3,38,0.015875,0.0149225,0.01416685,0.014688354,0.015807967
3,3,39,0.0,0.0,0.0,0.0,0.0
3,3,40,0.0,0.0,0.0,0.0,0.0
3,3,41,0.0,0.0,0.0,0.0,0.0
3,3,42,0.0,0.0,0.0,0.0,0.0
3,3,43,0.0,0.0,0.0,0.0,0.0
3,3,44,0.0,0.0,0.0,0.0,0.0
3,3,45,0.0,0.0,0.0,0.0,0.0
3,3,46,0.0,0.0,0.0,0.0,0.0
3,3,47,0.0,0.0,0.0,0.0,0.0
3,3,48,0.0,0.0,0.0,0.0,0.0
3,4,1,0.0,0.0,0.0,0.0,0.0
3,4,2,0.0,0.0,0.0,0.0,0.0
3,4,3,0.0,0.0,0.0,0.0,0.0
3,4,4,0.0,0.0,0.0,0.0,0.0
3,4,5,0.0,0.0,0.0,0.0,0.0
3,4,6,0.0,0.0,0.0,0.0,0.0
3,4,7,0.0,0.0,0.0,0.0,0.0
3,4,8,0.0,0.0,0.0,0.0,0.0
3,4,9,0.0,0.0,0.0,0.0,0.0
3,4,10,0.0,0.0,0.0,0.0,0.0
3,4,11,0.0,0.0,0.0,0.0,0.0
3,4,12,0.0,0.0,0.0,0.0,0.0
3,4,13,0.11460034,0.110016326,0.1010775,0.112907311,0.104167851
3,4,14,0.11460034,0.126060374,0.121533661,0.108658312,0.121244567
3,4,15,0.691156463,0.718802722,0.712029388,0.671963048,0.66356351
3,4,16,0.691156463,0.691156463,0.670421769,0.684244898,0.677402449
3,4,17,0.817431973,0.891000851,0.802963427,0.90410265,0.922184703
3,4,18,0.817431973,0.735688776,0.737732356,0.763617701,0.710164462
3,4,19,0.836539116,0.920193028,0.799313125,0.937216599,0.78598392
3,4,20,0.836539116,0.844904507,0.773464067,0.801936512,0.846779492
3,4,21,0.847840136,0.805448129,0.826644133,0.777045485,0.757247358
3,4,22,0.847840136,0.864796939,0.882008093,0.847584088,0.783107156
3,4,23,0.853061224,0.921306122,0.97590204,0.825080816,0.884899175
3,4,24,0.853061224,0.904244897,0.799574285,0.920476946,0.791098798
3,4,25,0.848630952,0.908035119,0.808066392,0.820714388,0.846361713
3,4,26,0.848630952,0.857117262,0.869931589,0.867145533,0.869313397
3,4,27,0.848588435,0.823130782,0.777349436,0.840846904,0.822478889
3,4,28,0.848588435,0.840102551,0.785241308,0.783411893,0.741045803
3,4,29,0.842984694,0.767116072,0.845302902,0.744805779,0.800052362
3,4,30,0.842984694,0.758686225,0.800835459,0.720751913,0.710541261
3,4,31,0.826819728,0.818551531,0.830912486,0.850190752,0.848250997
3,4,32,0.826819728,0.876428912,0.817559347,0.781450476,0.792542031
3,4,33,0.792423469,0.776575,0.784499234,0.823724196,0.857849913
3,4,34,0.792423469,0.832044642,0.828478737,0.80129597,0.764747062
3,4,35,0.465204082,0.418683674,0.477299388,0.426505305,0.482676961
3,4,36,0.465204082,0.479160204,0.443851215,0.476620655,0.508167853
3,4,37,0.014862245,0.015010867,0.014339094,0.015621646,0.015257632
3,4,38,0.014862245,0.013524643,0.013483772,0.012979905,0.013301262
3,4,39,0.0,0.0,0.0,0.0,0.0
3,4,40,0.0,0.0,0.0,0.0,0.0
3,4,41,0.0,0.0,0.0,0.0,0.0
3,4,42,0.0,0.0,0.0,0.0,0.0
3,4,43,0.0,0.0,0.0,0.0,0.0
3,4,44,0.0,0.0,0.0,0.0,0.0
3,4,45,0.0,0.0,0.0,0.0,0.0
3,4,46,0.0,0.0,0.0,0.0,0.0
3,4,47,0.0,0.0,0.0,0.0,0.0
3,4,48,0.0,0.0,0.0,0.0,0.0
3,5,1,0.0,0.0,0.0,0.0,0.0
3,5,2,0.0,0.0,0.0,0.0,0.0
3,5,3,0.0,0.0,0.0,0.0,0.0
3,5,4,0.0,0.0,0.0,0.0,0.0
3,5,5,0.0,0.0,0.0,0.0,0.0
3,5,6,0.0,0.0,0.0,0.0,0.0
3,5,7,0.0,0.0,0.0,0.0,0.0
3,5,8,0.0,0.0,0.0,0.0,0.0
3,5,9,0.0,0.0,0.0,0.0,0.0
3,5,10,0.0,0.0,0.0,0.0,0.0
3,5,11,0.0,0.0,0.0,0.0,0.0
3,5,12,0.0,0.0,0.0,0.0,0.0
3,5,13,0.111717687,0.106131803,0.104567755,0.105322967,0.104796352
3,5,14,0.111717687,0.120655102,0.121995714,0.107491779,0.120083673
3,5,15,0.686488095,0.700217857,0.672552387,0.734468807,0.656525879
3,5,16,0.686488095,0.741407143,0.642552857,0.724656833,0.747690568
3,5,17,0.814447279,0.749291497,0.781869388,0.781869388,0.774050694
3,5,18,0.814447279,0.838880697,0.892797107,0.848708361,0.82324711
3,5,19,0.832670068,0.865976871,0.857816704,0.877719184,0.824203878
3,5,20,0.832670068,0.824343367,0.753941113,0.884016668,0.864929944
3,5,21,0.842423469,0.859271938,0.842339227,0.915852468,0.873621493
3,5,22,0.842423469,0.892968877,0.90240402,0.949606692,0.968598826
3,5,23,0.845935374,0.862854081,0.84585078,0.783423006,0.867896443
3,5,24,0.845935374,0.854394728,0.773650196,0.890632907,0.8663879
3,5,25,0.841522109,0.841522109,0.900428657,0.861157625,0.792265015
3,5,26,0.841522109,0.791030782,0.889741326,0.781911207,0.743446221
3,5,27,0.836411565,0.911688606,0.795385578,0.898698298,0.886362392
3,5,28,0.836411565,0.911688606,0.804126079,0.901786608,0.863503214
3,5,29,0.755731293,0.808632484,0.735250975,0.689884425,0.732427298
3,5,30,0.755731293,0.710387415,0.674414606,0.663565327,0.757106633
3,5,31,0.800714286,0.824735715,0.73957975,0.780459818,0.739190049
3,5,32,0.800714286,0.872778572,0.87858375,0.833678359,0.863367517
3,5,33,0.751088435,0.81117551,0.726452734,0.694244059,0.671166166
3,5,34,0.751088435,0.675979592,0.692127993,0.635758806,0.70251348
3,5,35,0.434064626,0.434064626,0.447086565,0.473477694,0.442701644
3,5,36,0.434064626,0.416702041,0.438144833,0.455415397,0.466607445
3,5,37,0.010144558,0.009535885,0.009741819,0.010199717,0.010697934
3,5,38,0.010144558,0.011159014,0.009799643,0.010989803,0.011259882
3,5,39,0.0,0.0,0.0,0.0,0.0
3,5,40,0.0,0.0,0.0,0.0,0.0
3,5,41,0.0,0.0,0.0,0.0,0.0
3,5,42,0.0,0.0,0.0,0.0,0.0
3,5,43,0.0,0.0,0.0,0.0,0.0
3,5,44,0.0,0.0,0.0,0.0,0.0
3,5,45,0.0,0.0,0.0,0.0,0.0
3,5,46,0.0,0.0,0.0,0.0,0.0
3,5,47,0.0,0.0,0.0,0.0,0.0
3,5,48,0.0,0.0,0.0,0.0,0.0
3,6,1,0.0,0.0,0.0,0.0,0.0
3,6,2,0.0,0.0,0.0,0.0,0.0
3,6,3,0.0,0.0,0.0,0.0,0.0
3,6,4,0.0,0.0,0.0,0.0,0.0
3,6,5,0.0,0.0,0.0,0.0,0.0
3,6,6,0.0,0.0,0.0,0.0,0.0
3,6,7,0.0,0.0,0.0,0.0,0.0
3,6,8,0.0,0.0,0.0,0.0,0.0
3,6,9,0.0,0.0,0.0,0.0,0.0
3,6,10,0.0,0.0,0.0,0.0,0.0
3,6,11,0.0,0.0,0.0,0.0,0.0
3,6,12,0.0,0.0,0.0,0.0,0.0
3,6,13,0.107380952,0.109528571,0.119300238,0.121035514,0.115454432
3,6,14,0.107380952,0.104159523,0.103654833,0.10191315,0.112619284
3,6,15,0.671836735,0.604653062,0.631862449,0.667923286,0.644068883
3,6,16,0.671836735,0.671836735,0.712146939,0.630451592,0.69171504
3,6,17,0.806743197,0.839012925,0.822878061,0.880479525,0.86239678
3,6,18,0.806743197,0.887417517,0.838609553,0.852699323,0.820976376
3,6,19,0.828112245,0.786706633,0.750890778,0.859541175,0.878880851
3,6,20,0.828112245,0.902642347,0.822108431,0.816916167,0.926689277
3,6,21,0.838486395,0.779792347,0.841504946,0.778931501,0.769194858
3,6,22,0.838486395,0.855256123,0.838402546,0.877810289,0.861013727
3,6,23,0.842355442,0.783390561,0.755971891,0.857418442,0.882664652
3,6,24,0.842355442,0.783390561,0.780358081,0.785994001,0.774083786
3,6,25,0.838316327,0.84669949,0.901483462,0.827679769,0.810867524
3,6,26,0.838316327,0.880232143,0.781939554,0.775151288,0.81072073
3,6,27,0.824617347,0.841109694,0.81620625,0.843857319,0.848076606
3,6,28,0.824617347,0.775140306,0.73588852,0.731835801,0.697852149
3,6,29,0.795365646,0.723782738,0.835531611,0.737799732,0.819507128
3,6,30,0.795365646,0.819226615,0.750785402,0.843651366,0.858415265
3,6,31,0.799889456,0.82388614,0.787531164,0.731429717,0.809254643
3,6,32,0.799889456,0.871879507,0.911114085,0.912618677,0.95252422
3,6,33,0.73337585,0.660038265,0.717608269,0.774041541,0.677990022
3,6,34,0.73337585,0.770044643,0.819364168,0.805232016,0.735083919
3,6,35,0.407423469,0.423720408,0.423883377,0.418342418,0.443442963
3,6,36,0.407423469,0.427794642,0.37584815,0.367356766,0.390659699
3,6,37,0.008940476,0.008493452,0.008106777,0.009194654,0.00920487
3,6,38,0.008940476,0.008046428,0.008748256,0.008664171,0.008341838
3,6,39,0.0,0.0,0.0,0.0,0.0
3,6,40,0.0,0.0,0.0,0.0,0.0
3,6,41,0.0,0.0,0.0,0.0,0.0
3,6,42,0.0,0.0,0.0,0.0,0.0
3,6,43,0.0,0.0,0.0,0.0,0.0
3,6,44,0.0,0.0,0.0,0.0,0.0
3,6,45,0.0,0.0,0.0,0.0,0.0
3,6,46,0.0,0.0,0.0,0.0,0.0
3,6,47,0.0,0.0,0.0,0.0,0.0
3,6,48,0.0,0.0,0.0,0.0,0.0
3,7,1,0.0,0.0,0.0,0.0,0.0
3,7,2,0.0,0.0,0.0,0.0,0.0
3,7,3,0.0,0.0,0.0,0.0,0.0
3,7,4,0.0,0.0,0.0,0.0,0.0
3,7,5,0.0,0.0,0.0,0.0,0.0
3,7,6,0.0,0.0,0.0,0.0,0.0
3,7,7,0.0,0.0,0.0,0.0,0.0
3,7,8,0.0,0.0,0.0,0.0,0.0
3,7,9,0.0,0.0,0.0,0.0,0.0
3,7,10,0.0,0.0,0.0,0.0,0.0
3,7,11,0.0,0.0,0.0,0.0,0.0
3,7,12,0.0,0.0,0.0,0.0,0.0
3,7,13,0.09710034,0.105839371,0.109587444,0.106259232,0.107837495
3,7,14,0.09710034,0.099042347,0.092187063,0.090343322,0.104135095
3,7,15,0.645442177,0.600261225,0.566795048,0.610207811,0.642017159
3,7,16,0.645442177,0.690623129,0.701434286,0.726708188,0.76015714
3,7,17,0.790110544,0.829616071,0.84225784,0.837074715,0.890745976
3,7,18,0.790110544,0.7269017,0.705410694,0.73339957,0.694618289
3,7,19,0.810136054,0.729122449,0.761932959,0.843770203,0.723341183
3,7,20,0.810136054,0.842541496,0.818075387,0.856527685,0.806865551
3,7,21,0.827108844,0.74439796,0.864328742,0.868781345,0.859200391
3,7,22,0.827108844,0.90154864,0.786539155,0.880318824,0.763990979
3,7,23,0.833962585,0.78392483,0.833212019,0.751670493,0.856740955
3,7,24,0.833962585,0.775585204,0.780630678,0.71705354,0.784576082
3,7,25,0.834727891,0.784644218,0.882557799,0.884015234,0.787232245
3,7,26,0.834727891,0.84307517,0.83890153,0.813734485,0.824283671
3,7,27,0.821352041,0.878846684,0.918107311,0.802947184,0.803994507
3,7,28,0.821352041,0.887060204,0.854206123,0.777327572,0.80993689
3,7,29,0.655986395,0.629746939,0.617152,0.634295112,0.68503872
3,7,30,0.655986395,0.636306803,0.581531939,0.687069217,0.608212409
3,7,31,0.560858844,0.577684609,0.512344554,0.599822643,0.562677662
3,7,32,0.560858844,0.594510375,0.612345686,0.6245926,0.598076876
3,7,33,0.095144558,0.099901786,0.088746086,0.097435401,0.100072306
3,7,34,0.095144558,0.085630102,0.089483457,0.090086039,0.085581737
3,7,35,0.219387755,0.236938775,0.205346939,0.240408027,0.2413068
3,7,36,0.219387755,0.215,0.232397449,0.228929587,0.21497155
3,7,37,0.0,0.0,0.0,0.0,0.0
3,7,38,0.0,0.0,0.0,0.0,0.0
3,7,39,0.0,0.0,0.0,0.0,0.0
3,7,40,0.0,0.0,0.0,0.0,0.0
3,7,41,0.0,0.0,0.0,0.0,0.0
3,7,42,0.0,0.0,0.0,0.0,0.0
3,7,43,0.0,0.0,0.0,0.0,0.0
3,7,44,0.0,0.0,0.0,0.0,0.0
3,7,45,0.0,0.0,0.0,0.0,0.0
3,7,46,0.0,0.0,0.0,0.0,0.0
3,7,47,0.0,0.0,0.0,0.0,0.0
3,7,48,0.0,0.0,0.0,0.0,0.0
3,8,1,0.0,0.0,0.0,0.0,0.0
3,8,2,0.0,0.0,0.0,0.0,0.0
3,8,3,0.0,0.0,0.0,0.0,0.0
3,8,4,0.0,0.0,0.0,0.0,0.0
3,8,5,0.0,0.0,0.0,0.0,0.0
3,8,6,0.0,0.0,0.0,0.0,0.0
3,8,7,0.0,0.0,0.0,0.0,0.0
3,8,8,0.0,0.0,0.0,0.0,0.0
3,8,9,0.0,0.0,0.0,0.0,0.0
3,8,10,0.0,0.0,0.0,0.0,0.0
3,8,11,0.0,0.0,0.0,0.0,0.0
3,8,12,0.0,0.0,0.0,0.0,0.0
3,8,13,0.098392857,0.097408928,0.103774946,0.106849034,0.096526119
3,8,14,0.098392857,0.100360714,0.101364321,0.109042834,0.102290182
3,8,15,0.653316327,0.614117347,0.6210425,0.566542852,0.595342114
3,8,16,0.653316327,0.712114796,0.730505651,0.677686224,0.651801405
3,8,17,0.787602041,0.732469898,0.691632732,0.729862542,0.713330049
3,8,18,0.787602041,0.756097959,0.7332575,0.721036542,0.71951857
3,8,19,0.813503401,0.764693197,0.781207316,0.755009252,0.825319489
3,8,20,0.813503401,0.772828231,0.809029132,0.870314411,0.75110529
3,8,21,0.829243197,0.870705357,0.790476078,0.813538713,0.751651661
3,8,22,0.829243197,0.878997789,0.802873263,0.90400113,0.794014326
3,8,23,0.83210034,0.773853316,0.738738682,0.828457959,0.825019077
3,8,24,0.83210034,0.840421343,0.760997366,0.851731667,0.887017693
3,8,25,0.828937075,0.795779592,0.75549325,0.77753524,0.813119378
3,8,26,0.828937075,0.88696267,0.87510887,0.906853015,0.804508175
3,8,27,0.830391156,0.913430272,0.950382678,0.978894158,0.991736531
3,8,28,0.830391156,0.830391156,0.90512636,0.795431688,0.848738441
3,8,29,0.825807823,0.768001275,0.757059322,0.846312631,0.719365737
3,8,30,0.825807823,0.891872449,0.798721326,0.830412527,0.836703531
3,8,31,0.803401361,0.86767347,0.785405171,0.884332801,0.851907264
3,8,32,0.803401361,0.723061225,0.686908164,0.782057665,0.801277101
3,8,33,0.766343537,0.819987585,0.864550461,0.759773291,0.810690356
3,8,34,0.766343537,0.812324149,0.836693874,0.861478956,0.835594332
3,8,35,0.418027211,0.434748299,0.409332245,0.39546043,0.430967728
3,8,36,0.418027211,0.451469388,0.399968435,0.414691911,0.378935313
3,8,37,0.008308418,0.00814225,0.008636601,0.007609805,0.008909952
3,8,38,0.008308418,0.007976081,0.008630785,0.008471197,0.008513553
3,8,39,0.0,0.0,0.0,0.0,0.0
3,8,40,0.0,0.0,0.0,0.0,0.0
3,8,41,0.0,0.0,0.0,0.0,0.0
3,8,42,0.0,0.0,0.0,0.0,0.0
3,8,43,0.0,0.0,0.0,0.0,0.0
3,8,44,0.0,0.0,0.0,0.0,0.0
3,8,45,0.0,0.0,0.0,0.0,0.0
3,8,46,0.0,0.0,0.0,0.0,0.0
3,8,47,0.0,0.0,0.0,0.0,0.0
3,8,48,0.0,0.0,0.0,0.0,0.0
3,9,1,0.0,0.0,0.0,0.0,0.0
3,9,2,0.0,0.0,0.0,0.0,0.0
3,9,3,0.0,0.0,0.0,0.0,0.0
3,9,4,0.0,0.0,0.0,0.0,0.0
3,9,5,0.0,0.0,0.0,0.0,0.0
3,9,6,0.0,0.0,0.0,0.0,0.0
3,9,7,0.0,0.0,0.0,0.0,0.0
3,9,8,0.0,0.0,0.0,0.0,0.0
3,9,9,0.0,0.0,0.0,0.0,0.0
3,9,10,0.0,0.0,0.0,0.0,0.0
3,9,11,0.0,0.0,0.0,0.0,0.0
3,9,12,0.0,0.0,0.0,0.0,0.0
3,9,13,0.090153061,0.094660714,0.086862474,0.088747575,0.098215492
3,9,14,0.090153061,0.098266836,0.100804645,0.09062369,0.092113196
3,9,15,0.62202381,0.646904762,0.621775,0.573513417,0.677659672
3,9,16,0.62202381,0.665565477,0.579415179,0.634781518,0.581665241
3,9,17,0.770365646,0.785772959,0.840314847,0.750888748,0.802572261
3,9,18,0.770365646,0.693329081,0.665981101,0.653100587,0.695694104
3,9,19,0.791964286,0.768205357,0.717678036,0.736504083,0.813874976
3,9,20,0.791964286,0.712767857,0.797508036,0.821132331,0.718375677
3,9,21,0.808886054,0.825063775,0.85782366,0.847202986,0.834744119
3,9,22,0.808886054,0.889774659,0.934263392,0.965405505,0.845607459
3,9,23,0.815603741,0.848227891,0.906788239,0.788323427,0.839735824
3,9,24,0.815603741,0.799291666,0.79129875,0.82612666,0.759595392
3,9,25,0.815314626,0.864233504,0.814580843,0.914513957,0.818074303
3,9,26,0.815314626,0.831620919,0.889345194,0.836972644,0.758982011
3,9,27,0.813392857,0.805258928,0.825512411,0.790279757,0.800524878
3,9,28,0.813392857,0.878464286,0.786713571,0.826190238,0.892285457
3,9,29,0.807040816,0.726336734,0.759021887,0.695361163,0.74694015
3,9,30,0.807040816,0.758618367,0.782829592,0.853284255,0.768425527
3,9,31,0.738418367,0.671960714,0.676981959,0.633166182,0.639323897
3,9,32,0.738418367,0.72365,0.709103158,0.680300411,0.684353265
3,9,33,0.59460034,0.654060374,0.605600446,0.562459219,0.592096493
3,9,34,0.59460034,0.63027636,0.575692049,0.576182,0.558536426
3,9,35,0.185195578,0.16667602,0.190010663,0.182433695,0.173835829
3,9,36,0.185195578,0.168527976,0.18216763,0.164339963,0.192563566
3,9,37,0.0,0.0,0.0,0.0,0.0
3,9,38,0.0,0.0,0.0,0.0,0.0
3,9,39,0.0,0.0,0.0,0.0,0.0
3,9,40,0.0,0.0,0.0,0.0,0.0
3,9,41,0.0,0.0,0.0,0.0,0.0
3,9,42,0.0,0.0,0.0,0.0,0.0
3,9,43,0.0,0.0,0.0,0.0,0.0
3,9,44,0.0,0.0,0.0,0.0,0.0
3,9,45,0.0,0.0,0.0,0.0,0.0
3,9,46,0.0,0.0,0.0,0.0,0.0
3,9,47,0.0,0.0,0.0,0.0,0.0
3,9,48,0.0,0.0,0.0,0.0,0.0
3,10,1,0.0,0.0,0.0,0.0,0.0
3,10,2,0.0,0.0,0.0,0.0,0.0
3,10,3,0.0,0.0,0.0,0.0,0.0
3,10,4,0.0,0.0,0.0,0.0,0.0
3,10,5,0.0,0.0,0.0,0.0,0.0
3,10,6,0.0,0.0,0.0,0.0,0.0
3,10,7,0.0,0.0,0.0,0.0,0.0
3,10,8,0.0,0.0,0.0,0.0,0.0
3,10,9,0.0,0.0,0.0,0.0,0.0
3,10,10,0.0,0.0,0.0,0.0,0.0
3,10,11,0.0,0.0,0.0,0.0,0.0
3,10,12,0.0,0.0,0.0,0.0,0.0
3,10,13,0.080965136,0.079345833,0.083361704,0.073101802,0.087112981
3,10,14,0.080965136,0.072868622,0.084608567,0.079480775,0.083454814
3,10,15,0.366505102,0.344514796,0.387505844,0.373498752,0.379046307
3,10,16,0.366505102,0.39582551,0.350672082,0.371000898,0.352450853
3,10,17,0.536496599,0.574051361,0.54972124,0.58109422,0.593961306
3,10,18,0.536496599,0.536496599,0.552591497,0.509349871,0.571094996
3,10,19,0.257704082,0.280897449,0.261221743,0.293268534,0.289669329
3,10,20,0.257704082,0.25255,0.270434664,0.23680892,0.269636881
3,10,21,0.542797619,0.597077381,0.518643125,0.558367769,0.559763688
3,10,22,0.542797619,0.591649405,0.544534571,0.548467321,0.595842585
3,10,23,0.653469388,0.666538776,0.640203959,0.666472122,0.696071325
3,10,24,0.653469388,0.660004082,0.630467266,0.706298467,0.722190183
3,10,25,0.393537415,0.389602041,0.407232517,0.412662284,0.440834421
3,10,26,0.393537415,0.373860544,0.410557908,0.376945878,0.408161708
3,10,27,0.370884354,0.35604898,0.338024,0.365635351,0.393412988
3,10,28,0.370884354,0.359757823,0.336095402,0.391137112,0.360823986
3,10,29,0.309455782,0.284699319,0.314902204,0.29695872,0.286428806
3,10,30,0.309455782,0.303266666,0.336997347,0.32290473,0.334063938
3,10,31,0.57917517,0.556008163,0.56191575,0.53741471,0.59773244
3,10,32,0.57917517,0.538632908,0.530958837,0.527605413,0.506006566
3,10,33,0.205289116,0.197077551,0.203195167,0.209928103,0.191640135
3,10,34,0.205289116,0.205289116,0.203236225,0.223019253,0.23012927
3,10,35,0.007416667,0.007861667,0.008173909,0.008599156,0.007211565
3,10,36,0.007416667,0.006749167,0.007507892,0.006646609,0.00679688
3,10,37,0.0,0.0,0.0,0.0,0.0
3,10,38,0.0,0.0,0.0,0.0,0.0
3,10,39,0.0,0.0,0.0,0.0,0.0
3,10,40,0.0,0.0,0.0,0.0,0.0
3,10,41,0.0,0.0,0.0,0.0,0.0
3,10,42,0.0,0.0,0.0,0.0,0.0
3,10,43,0.0,0.0,0.0,0.0,0.0
3,10,44,0.0,0.0,0.0,0.0,0.0
3,10,45,0.0,0.0,0.0,0.0,0.0
3,10,46,0.0,0.0,0.0,0.0,0.0
3,10,47,0.0,0.0,0.0,0.0,0.0
3,10,48,0.0,0.0,0.0,0.0,0.0
3,11,1,0.0,0.0,0.0,0.0,0.0
3,11,2,0.0,0.0,0.0,0.0,0.0
3,11,3,0.0,0.0,0.0,0.0,0.0
3,11,4,0.0,0.0,0.0,0.0,0.0
3,11,5,0.0,0.0,0.0,0.0,0.0
3,11,6,0.0,0.0,0.0,0.0,0.0
3,11,7,0.0,0.0,0.0,0.0,0.0
3,11,8,0.0,0.0,0.0,0.0,0.0
3,11,9,0.0,0.0,0.0,0.0,0.0
3,11,10,0.0,0.0,0.0,0.0,0.0
3,11,11,0.0,0.0,0.0,0.0,0.0
3,11,12,0.0,0.0,0.0,0.0,0.0
3,11,13,0.0,0.0,0.0,0.0,0.0
3,11,14,0.0,0.0,0.0,0.0,0.0
3,11,15,0.019698129,0.020289073,0.021393153,0.020460118,0.018618708
3,11,16,0.019698129,0.018122279,0.017397388,0.01895811,0.018729416
3,11,17,0.015327381,0.016247024,0.015787202,0.016892307,0.016384748
3,11,18,0.015327381,0.014714286,0.015922083,0.014861613,0.014598087
3,11,19,0.02042602,0.018587678,0.02067726,0.021090805,0.019791532
3,11,20,0.02042602,0.021855841,0.022620796,0.021417877,0.020285326
3,11,21,0.026204932,0.028563376,0.025467263,0.029152257,0.027620427
3,11,22,0.026204932,0.024632636,0.025672972,0.025248478,0.025439755
3,11,23,0.033236395,0.033901123,0.031218946,0.031474068,0.032457633
3,11,24,0.033236395,0.035562943,0.033023682,0.033601597,0.034194716
3,11,25,0.081921769,0.077825681,0.077477513,0.078284238,0.07098957
3,11,26,0.081921769,0.083560204,0.086878036,0.079072803,0.086172531
3,11,27,0.144192177,0.134098725,0.140536905,0.152174103,0.131330439
3,11,28,0.144192177,0.148517942,0.141964408,0.140544764,0.142366775
3,11,29,0.151845238,0.165511309,0.160265056,0.167167561,0.162809264
3,11,30,0.151845238,0.157919048,0.167272714,0.1431111,0.167439987
3,11,31,0.186598639,0.186598639,0.203392517,0.207572326,0.201921746
3,11,32,0.186598639,0.194062585,0.192233918,0.198603649,0.179373469
3,11,33,0.068516156,0.064405187,0.061143818,0.058219548,0.063701889
3,11,34,0.068516156,0.063720025,0.0727299,0.062856265,0.063607807
3,11,35,0.029673469,0.032344081,0.033179389,0.031097667,0.028416286
3,11,36,0.029673469,0.02848653,0.026172,0.029235093,0.029243526
3,11,37,0.0,0.0,0.0,0.0,0.0
3,11,38,0.0,0.0,0.0,0.0,0.0
3,11,39,0.0,0.0,0.0,0.0,0.0
3,11,40,0.0,0.0,0.0,0.0,0.0
3,11,41,0.0,0.0,0.0,0.0,0.0
3,11,42,0.0,0.0,0.0,0.0,0.0
3,11,43,0.0,0.0,0.0,0.0,0.0
3,11,44,0.0,0.0,0.0,0.0,0.0
3,11,45,0.0,0.0,0.0,0.0,0.0
3,11,46,0.0,0.0,0.0,0.0,0.0
3,11,47,0.0,0.0,0.0,0.0,0.0
3,11,48,0.0,0.0,0.0,0.0,0.0
3,12,1,0.0,0.0,0.0,0.0,0.0
3,12,2,0.0,0.0,0.0,0.0,0.0
3,12,3,0.0,0.0,0.0,0.0,0.0
3,12,4,0.0,0.0,0.0,0.0,0.0
3,12,5,0.0,0.0,0.0,0.0,0.0
3,12,6,0.0,0.0,0.0,0.0,0.0
3,12,7,0.0,0.0,0.0,0.0,0.0
3,12,8,0.0,0.0,0.0,0.0,0.0
3,12,9,0.0,0.0,0.0,0.0,0.0
3,12,10,0.0,0.0,0.0,0.0,0.0
3,12,11,0.0,0.0,0.0,0.0,0.0
3,12,12,0.0,0.0,0.0,0.0,0.0
3,12,13,0.082395408,0.078275638,0.081942233,0.072783984,0.085945754
3,12,14,0.082395408,0.075803775,0.078308596,0.076470849,0.078244657
3,12,15,0.350068027,0.364070748,0.385634939,0.388586712,0.379531909
3,12,16,0.350068027,0.364070748,0.339215918,0.361651778,0.371439199
3,12,17,0.576454082,0.605276786,0.638134669,0.545959661,0.57371261
3,12,18,0.576454082,0.541866837,0.581526878,0.532618976,0.541373193
3,12,19,0.762661565,0.724528487,0.743595026,0.669235523,0.754005356
3,12,20,0.762661565,0.716901871,0.776770804,0.759632527,0.769071526
3,12,21,0.648979592,0.707387755,0.617147143,0.631524637,0.71638576
3,12,22,0.648979592,0.681428572,0.73172449,0.646134898,0.704149563
3,12,23,0.732108844,0.710145579,0.670648307,0.746558964,0.74346004
3,12,24,0.732108844,0.739429932,0.691623225,0.67779076,0.674726281
3,12,25,0.798069728,0.726243452,0.769778156,0.741756199,0.796909978
3,12,26,0.798069728,0.718262755,0.727839592,0.815382521,0.818430854
3,12,27,0.732542517,0.688589966,0.682143592,0.764190307,0.745541259
3,12,28,0.732542517,0.776495068,0.746973605,0.721923581,0.670035323
3,12,29,0.546913265,0.525036734,0.54133475,0.510873504,0.58414352
3,12,30,0.546913265,0.552382398,0.604612614,0.516852177,0.549638212
3,12,31,0.528477891,0.549617007,0.512095076,0.508860792,0.488029303
3,12,32,0.528477891,0.549617007,0.582171245,0.498079843,0.539586496
3,12,33,0.545076531,0.501470409,0.476178857,0.502499513,0.546810834
3,12,34,0.545076531,0.572330358,0.5028331,0.540079996,0.583286396
3,12,35,0.302806122,0.284637755,0.270224183,0.271594886,0.287962051
3,12,36,0.302806122,0.305834183,0.304320153,0.325622563,0.309645755
3,12,37,0.000501114,0.000471047,0.000466637,0.000513171,0.000448953
3,12,38,0.000501114,0.000531181,0.000510986,0.00049385,0.000524561
3,12,39,0.0,0.0,0.0,0.0,0.0
3,12,40,0.0,0.0,0.0,0.0,0.0
3,12,41,0.0,0.0,0.0,0.0,0.0
3,12,42,0.0,0.0,0.0,0.0,0.0
3,12,43,0.0,0.0,0.0,0.0,0.0
3,12,44,0.0,0.0,0.0,0.0,0.0
3,12,45,0.0,0.0,0.0,0.0,0.0
3,12,46,0.0,0.0,0.0,0.0,0.0
3,12,47,0.0,0.0,0.0,0.0,0.0
3,12,48,0.0,0.0,0.0,0.0,0.0
3,13,1,0.0,0.0,0.0,0.0,0.0
3,13,2,0.0,0.0,0.0,0.0,0.0
3,13,3,0.0,0.0,0.0,0.0,0.0
3,13,4,0.0,0.0,0.0,0.0,0.0
3,13,5,0.0,0.0,0.0,0.0,0.0
3,13,6,0.0,0.0,0.0,0.0,0.0
3,13,7,0.0,0.0,0.0,0.0,0.0
3,13,8,0.0,0.0,0.0,0.0,0.0
3,13,9,0.0,0.0,0.0,0.0,0.0
3,13,10,0.0,0.0,0.0,0.0,0.0
3,13,11,0.0,0.0,0.0,0.0,0.0
3,13,12,0.0,0.0,0.0,0.0,0.0
3,13,13,0.072903061,0.069986939,0.0671583,0.07701771,0.073201832
3,13,14,0.072903061,0.079464336,0.072374514,0.07716139,0.070947276
3,13,15,0.590935374,0.644119558,0.666929663,0.570595378,0.624326443
3,13,16,0.590935374,0.531841837,0.550160833,0.585528315,0.542031926
3,13,17,0.762517007,0.808268027,0.730415041,0.705701356,0.789311626
3,13,18,0.762517007,0.739641497,0.751079252,0.811165592,0.689490753
3,13,19,0.782891156,0.85335136,0.818121258,0.752671557,0.841846775
3,13,20,0.782891156,0.75157551,0.751888666,0.792603182,0.738950043
3,13,21,0.794030612,0.841672449,0.842387076,0.90037275,0.895292665
3,13,22,0.794030612,0.738448469,0.796889122,0.776456068,0.729868704
3,13,23,0.805841837,0.749432908,0.85540111,0.867843308,0.86061128
3,13,24,0.805841837,0.781666582,0.769941583,0.848682001,0.761456351
3,13,25,0.69627551,0.758940306,0.669399275,0.743615282,0.752910473
3,13,26,0.69627551,0.647536224,0.618153398,0.69322768,0.663798203
3,13,27,0.650722789,0.70928784,0.632404942,0.717269606,0.718066572
3,13,28,0.650722789,0.605172194,0.621668016,0.682181223,0.633536695
3,13,29,0.785833333,0.7544,0.777817833,0.780410559,0.766869277
3,13,30,0.785833333,0.715108333,0.8105085,0.83212206,0.848764501
3,13,31,0.740229592,0.740229592,0.777241072,0.745041084,0.765699042
3,13,32,0.740229592,0.806850255,0.850893916,0.807317834,0.753243525
3,13,33,0.208001701,0.210081718,0.200680041,0.200066852,0.210848805
3,13,34,0.208001701,0.195521599,0.217902582,0.198856282,0.194817014
3,13,35,0.127006803,0.139707483,0.120021429,0.118598953,0.133913687
3,13,36,0.127006803,0.125736735,0.118789463,0.113936787,0.122581121
3,13,37,0.0,0.0,0.0,0.0,0.0
3,13,38,0.0,0.0,0.0,0.0,0.0
3,13,39,0.0,0.0,0.0,0.0,0.0
3,13,40,0.0,0.0,0.0,0.0,0.0
3,13,41,0.0,0.0,0.0,0.0,0.0
3,13,42,0.0,0.0,0.0,0.0,0.0
3,13,43,0.0,0.0,0.0,0.0,0.0
3,13,44,0.0,0.0,0.0,0.0,0.0
3,13,45,0.0,0.0,0.0,0.0,0.0
3,13,46,0.0,0.0,0.0,0.0,0.0
3,13,47,0.0,0.0,0.0,0.0,0.0
3,13,48,0.0,0.0,0.0,0.0,0.0
3,14,1,0.0,0.0,0.0,0.0,0.0
3,14,2,0.0,0.0,0.0,0.0,0.0
3,14,3,0.0,0.0,0.0,0.0,0.0
3,14,4,0.0,0.0,0.0,0.0,0.0
3,14,5,0.0,0.0,0.0,0.0,0.0
3,14,6,0.0,0.0,0.0,0.0,0.0
3,14,7,0.0,0.0,0.0,0.0,0.0
3,14,8,0.0,0.0,0.0,0.0,0.0
3,14,9,0.0,0.0,0.0,0.0,0.0
3,14,10,0.0,0.0,0.0,0.0,0.0
3,14,11,0.0,0.0,0.0,0.0,0.0
3,14,12,0.0,0.0,0.0,0.0,0.0
3,14,13,0.056578231,0.052051973,0.0532288,0.049636761,0.050758983
3,14,14,0.056578231,0.061104489,0.057076119,0.052427652,0.053388826
3,14,15,0.566079932,0.526454337,0.589968505,0.572050943,0.535456508
3,14,16,0.566079932,0.543436735,0.51592525,0.541813972,0.547232112
3,14,17,0.698154762,0.684191667,0.718820143,0.714396634,0.732046434
3,14,18,0.698154762,0.649283929,0.640033378,0.669115596,0.670788385
3,14,19,0.723418367,0.701715816,0.655561724,0.714372261,0.698767042
3,14,20,0.723418367,0.723418367,0.774057653,0.673671297,0.694695764
3,14,21,0.791836735,0.80767347,0.839742857,0.894392789,0.825077348
3,14,22,0.791836735,0.823510204,0.80767347,0.880364082,0.759778433
3,14,23,0.756522109,0.817043878,0.771047333,0.773722396,0.77178809
3,14,24,0.756522109,0.748956888,0.790376473,0.826507969,0.733755408
3,14,25,0.728061224,0.77902551,0.693259897,0.799459276,0.794948565
3,14,26,0.728061224,0.735341836,0.746335561,0.766042722,0.684429709
3,14,27,0.664591837,0.6513,0.598730786,0.702028295,0.65416273
3,14,28,0.664591837,0.644654082,0.713539026,0.640548566,0.685808379
3,14,29,0.412202381,0.39983631,0.434440699,0.41549313,0.378098748
3,14,30,0.412202381,0.375104167,0.433018601,0.418978301,0.450808449
3,14,31,0.440127551,0.457732653,0.489333811,0.476269945,0.46586599
3,14,32,0.440127551,0.47093648,0.460087335,0.447909446,0.422931639
3,14,33,0.39832483,0.434174065,0.391274481,0.432399926,0.438885925
3,14,34,0.39832483,0.426207568,0.424634185,0.403897195,0.413265945
3,14,35,0.338137755,0.311086735,0.33110449,0.294098694,0.302676572
3,14,36,0.338137755,0.31784949,0.327993622,0.34767324,0.299622174
3,14,37,0.0,0.0,0.0,0.0,0.0
3,14,38,0.0,0.0,0.0,0.0,0.0
3,14,39,0.0,0.0,0.0,0.0,0.0
3,14,40,0.0,0.0,0.0,0.0,0.0
3,14,41,0.0,0.0,0.0,0.0,0.0
3,14,42,0.0,0.0,0.0,0.0,0.0
3,14,43,0.0,0.0,0.0,0.0,0.0
3,14,44,0.0,0.0,0.0,0.0,0.0
3,14,45,0.0,0.0,0.0,0.0,0.0
3,14,46,0.0,0.0,0.0,0.0,0.0
3,14,47,0.0,0.0,0.0,0.0,0.0
3,14,48,0.0,0.0,0.0,0.0,0.0
3,15,1,0.0,0.0,0.0,0.0,0.0
3,15,2,0.0,0.0,0.0,0.0,0.0
3,15,3,0.0,0.0,0.0,0.0,0.0
3,15,4,0.0,0.0,0.0,0.0,0.0
3,15,5,0.0,0.0,0.0,0.0,0.0
3,15,6,0.0,0.0,0.0,0.0,0.0
3,15,7,0.0,0.0,0.0,0.0,0.0
3,15,8,0.0,0.0,0.0,0.0,0.0
3,15,9,0.0,0.0,0.0,0.0,0.0
3,15,10,0.0,0.0,0.0,0.0,0.0
3,15,11,0.0,0.0,0.0,0.0,0.0
3,15,12,0.0,0.0,0.0,0.0,0.0
3,15,13,0.064945578,0.062347755,0.066192533,0.069009959,0.061030279
3,15,14,0.064945578,0.067543401,0.071544049,0.067330899,0.067840982
3,15,15,0.572134354,0.612183759,0.580315875,0.629386122,0.622445229
3,15,16,0.572134354,0.54924898,0.532657084,0.600968018,0.546839546
3,15,17,0.758886054,0.690586309,0.724736182,0.7972098,0.817140045
3,15,18,0.758886054,0.751297193,0.76264254,0.75003251,0.778386012
3,15,19,0.784651361,0.745418793,0.841538585,0.790536246,0.711482622
3,15,20,0.784651361,0.800344388,0.744948002,0.831013271,0.71121533
3,15,21,0.797066327,0.749242347,0.804080511,0.783463062,0.720786017
3,15,22,0.797066327,0.860831633,0.82894898,0.804080511,0.847413819
3,15,23,0.802840136,0.786783333,0.850448556,0.756422328,0.863053475
3,15,24,0.802840136,0.842982143,0.831140251,0.759601842,0.736318395
3,15,25,0.759940476,0.820735714,0.806144857,0.835387366,0.829718666
3,15,26,0.759940476,0.721943452,0.807626741,0.831855543,0.717914229
3,15,27,0.736760204,0.68518699,0.661205445,0.729103424,0.646818894
3,15,28,0.736760204,0.780965816,0.7816289,0.720464542,0.747405317
3,15,29,0.786496599,0.778631633,0.798215398,0.74839215,0.762375266
3,15,30,0.786496599,0.715711905,0.77363738,0.697926071,0.788049568
3,15,31,0.678545918,0.692116836,0.644211495,0.604462275,0.661382472
3,15,32,0.678545918,0.671760459,0.742668507,0.767424124,0.77945873
3,15,33,0.666734694,0.713406123,0.738375337,0.762665815,0.655468898
3,15,34,0.666734694,0.700071429,0.744909337,0.696866102,0.660016667
3,15,35,0.318163265,0.343616326,0.363978775,0.362434623,0.312343423
3,15,36,0.318163265,0.305436734,0.339862,0.3050963,0.285425617
3,15,37,0.0,0.0,0.0,0.0,0.0
3,15,38,0.0,0.0,0.0,0.0,0.0
3,15,39,0.0,0.0,0.0,0.0,0.0
3,15,40,0.0,0.0,0.0,0.0,0.0
3,15,41,0.0,0.0,0.0,0.0,0.0
3,15,42,0.0,0.0,0.0,0.0,0.0
3,15,43,0.0,0.0,0.0,0.0,0.0
3,15,44,0.0,0.0,0.0,0.0,0.0
3,15,45,0.0,0.0,0.0,0.0,0.0
3,15,46,0.0,0.0,0.0,0.0,0.0
3,15,47,0.0,0.0,0.0,0.0,0.0
3,15,48,0.0,0.0,0.0,0.0,0.0
3,16,1,0.0,0.0,0.0,0.0,0.0
3,16,2,0.0,0.0,0.0,0.0,0.0
3,16,3,0.0,0.0,0.0,0.0,0.0
3,16,4,0.0,0.0,0.0,0.0,0.0
3,16,5,0.0,0.0,0.0,0.0,0.0
3,16,6,0.0,0.0,0.0,0.0,0.0
3,16,7,0.0,0.0,0.0,0.0,0.0
3,16,8,0.0,0.0,0.0,0.0,0.0
3,16,9,0.0,0.0,0.0,0.0,0.0
3,16,10,0.0,0.0,0.0,0.0,0.0
3,16,11,0.0,0.0,0.0,0.0,0.0
3,16,12,0.0,0.0,0.0,0.0,0.0
3,16,13,0.054328231,0.051611819,0.057207627,0.049488129,0.055816899
3,16,14,0.054328231,0.054871513,0.056237868,0.060660458,0.060481234
3,16,15,0.553520408,0.498168367,0.494293724,0.551400425,0.503371902
3,16,16,0.553520408,0.597802041,0.564148,0.543232309,0.519501634
3,16,17,0.770884354,0.709213606,0.666044082,0.765457328,0.706062847
3,16,18,0.770884354,0.716922449,0.691830163,0.719280199,0.681245534
3,16,19,0.785340136,0.730366326,0.68964644,0.786575869,0.733022549
3,16,20,0.785340136,0.753926531,0.761937,0.797750604,0.852212424
3,16,21,0.78545068,0.863995748,0.791734285,0.821864174,0.889179732
3,16,22,0.78545068,0.856141241,0.779756163,0.782902547,0.761009525
3,16,23,0.789685374,0.821272789,0.797424291,0.770682385,0.79476621
3,16,24,0.789685374,0.789685374,0.860757058,0.813375935,0.788974657
3,16,25,0.800484694,0.832504082,0.751174837,0.850351688,0.752024808
3,16,26,0.800484694,0.832504082,0.743009893,0.744479583,0.74891478
3,16,27,0.798486395,0.862365307,0.871947143,0.844266282,0.835823619
3,16,28,0.798486395,0.750577211,0.751295849,0.843465134,0.80167527
3,16,29,0.792151361,0.728779252,0.714837388,0.67818296,0.794051637
3,16,30,0.792151361,0.847601956,0.893665558,0.836028229,0.909750718
3,16,31,0.772210884,0.818543537,0.747654578,0.826237846,0.806984946
3,16,32,0.772210884,0.787655102,0.811130313,0.79823542,0.800231009
3,16,33,0.737882653,0.70098852,0.647492028,0.66068168,0.734834506
3,16,34,0.737882653,0.796913265,0.721354082,0.8046935,0.742254549
3,16,35,0.350595238,0.382148809,0.340725982,0.332775709,0.379686349
3,16,36,0.350595238,0.340077381,0.352243036,0.344162166,0.332898677
3,16,37,0.0,0.0,0.0,0.0,0.0
3,16,38,0.0,0.0,0.0,0.0,0.0
3,16,39,0.0,0.0,0.0,0.0,0.0
3,16,40,0.0,0.0,0.0,0.0,0.0
3,16,41,0.0,0.0,0.0,0.0,0.0
3,16,42,0.0,0.0,0.0,0.0,0.0
3,16,43,0.0,0.0,0.0,0.0,0.0
3,16,44,0.0,0.0,0.0,0.0,0.0
3,16,45,0.0,0.0,0.0,0.0,0.0
3,16,46,0.0,0.0,0.0,0.0,0.0
3,16,47,0.0,0.0,0.0,0.0,0.0
3,16,48,0.0,0.0,0.0,0.0,0.0
3,17,1,0.0,0.0,0.0,0.0,0.0
3,17,2,0.0,0.0,0.0,0.0,0.0
3,17,3,0.0,0.0,0.0,0.0,0.0
3,17,4,0.0,0.0,0.0,0.0,0.0
3,17,5,0.0,0.0,0.0,0.0,0.0
3,17,6,0.0,0.0,0.0,0.0,0.0
3,17,7,0.0,0.0,0.0,0.0,0.0
3,17,8,0.0,0.0,0.0,0.0,0.0
3,17,9,0.0,0.0,0.0,0.0,0.0
3,17,10,0.0,0.0,0.0,0.0,0.0
3,17,11,0.0,0.0,0.0,0.0,0.0
3,17,12,0.0,0.0,0.0,0.0,0.0
3,17,13,0.050027211,0.04752585,0.050727592,0.053875304,0.04750665
3,17,14,0.050027211,0.046025034,0.043703772,0.048914606,0.049054362
3,17,15,0.238307823,0.231158588,0.215954549,0.235327863,0.24630031
3,17,16,0.238307823,0.221626275,0.239165731,0.209729949,0.238567817
3,17,17,0.426420068,0.413627466,0.390622103,0.38560982,0.444476851
3,17,18,0.426420068,0.388042262,0.374652672,0.372589367,0.351383483
3,17,19,0.681454082,0.74959949,0.779924197,0.678033183,0.787255484
3,17,20,0.681454082,0.695083164,0.653855192,0.683565454,0.705629052
3,17,21,0.77627551,0.79180102,0.736995969,0.745306775,0.75496887
3,17,22,0.77627551,0.74522449,0.684675,0.720683833,0.687811826
3,17,23,0.798180272,0.830107483,0.822285316,0.898543459,0.837279133
3,17,24,0.798180272,0.846071088,0.813904423,0.852160672,0.80275174
3,17,25,0.797721088,0.853561564,0.866923392,0.814219954,0.79978224
3,17,26,0.797721088,0.837607142,0.85037068,0.911422934,0.908730093
3,17,27,0.793069728,0.840653912,0.767850111,0.736482617,0.76882381
3,17,28,0.793069728,0.713762755,0.768484566,0.690179505,0.808097811
3,17,29,0.751964286,0.6842875,0.761213447,0.798412368,0.78641787
3,17,30,0.751964286,0.7895625,0.755348125,0.734999972,0.682171849
3,17,31,0.768860544,0.753483333,0.707889903,0.71367481,0.765416233
3,17,32,0.768860544,0.822680782,0.851474609,0.822482032,0.824538237
3,17,33,0.719022109,0.697451446,0.771978087,0.744073558,0.769787865
3,17,34,0.719022109,0.654310119,0.748466064,0.65068481,0.637671114
3,17,35,0.331794218,0.338430102,0.311654309,0.324019948,0.29382718
3,17,36,0.331794218,0.331794218,0.36497364,0.332568405,0.309657184
3,17,37,0.0,0.0,0.0,0.0,0.0
3,17,38,0.0,0.0,0.0,0.0,0.0
3,17,39,0.0,0.0,0.0,0.0,0.0
3,17,40,0.0,0.0,0.0,0.0,0.0
3,17,41,0.0,0.0,0.0,0.0,0.0
3,17,42,0.0,0.0,0.0,0.0,0.0
3,17,43,0.0,0.0,0.0,0.0,0.0
3,17,44,0.0,0.0,0.0,0.0,0.0
3,17,45,0.0,0.0,0.0,0.0,0.0
3,17,46,0.0,0.0,0.0,0.0,0.0
3,17,47,0.0,0.0,0.0,0.0,0.0
3,17,48,0.0,0.0,0.0,0.0,0.0
3,18,1,0.0,0.0,0.0,0.0,0.0
3,18,2,0.0,0.0,0.0,0.0,0.0
3,18,3,0.0,0.0,0.0,0.0,0.0
3,18,4,0.0,0.0,0.0,0.0,0.0
3,18,5,0.0,0.0,0.0,0.0,0.0
3,18,6,0.0,0.0,0.0,0.0,0.0
3,18,7,0.0,0.0,0.0,0.0,0.0
3,18,8,0.0,0.0,0.0,0.0,0.0
3,18,9,0.0,0.0,0.0,0.0,0.0
3,18,10,0.0,0.0,0.0,0.0,0.0
3,18,11,0.0,0.0,0.0,0.0,0.0
3,18,12,0.0,0.0,0.0,0.0,0.0
3,18,13,0.075744898,0.072715102,0.0734877,0.070283438,0.073057785
3,18,14,0.075744898,0.082561939,0.072029611,0.069868722,0.068296676
3,18,15,0.53332483,0.479992347,0.511725174,0.488013552,0.503263976
3,18,16,0.53332483,0.479992347,0.506658589,0.526924932,0.537311433
3,18,17,0.762091837,0.731608164,0.8140665,0.792333165,0.775024917
3,18,18,0.762091837,0.800196429,0.742086926,0.698993808,0.743333828
3,18,19,0.782185374,0.71178869,0.769396643,0.746912333,0.760096468
3,18,20,0.782185374,0.782185374,0.77436352,0.802965432,0.84040467
3,18,21,0.793571429,0.841185715,0.7438145,0.784928643,0.854145077
3,18,22,0.793571429,0.809442858,0.761431786,0.803911665,0.72872228
3,18,23,0.797695578,0.749833843,0.727338828,0.72795784,0.803255979
3,18,24,0.797695578,0.86948818,0.900279229,0.787355316,0.922575033
3,18,25,0.792712585,0.816493963,0.740235012,0.767484243,0.779231451
3,18,26,0.792712585,0.864056718,0.803533112,0.746291732,0.737516654
3,18,27,0.789591837,0.852759184,0.870446041,0.871102982,0.78675676
3,18,28,0.789591837,0.82117551,0.853706694,0.78041678,0.786886024
3,18,29,0.783018707,0.704716836,0.676919672,0.721551739,0.728767256
3,18,30,0.783018707,0.806509268,0.739130508,0.745170715,0.753088154
3,18,31,0.739906463,0.813897109,0.784670804,0.826260946,0.735800963
3,18,32,0.739906463,0.79909898,0.838757966,0.855994827,0.88119912
3,18,33,0.683112245,0.72409898,0.731749837,0.777155852,0.794641859
3,18,34,0.683112245,0.648956633,0.672694783,0.694984736,0.654688986
3,18,35,0.328460884,0.338314711,0.326720041,0.331165212,0.347723473
3,18,36,0.328460884,0.302184013,0.346854694,0.358416517,0.330639237
3,18,37,0.0,0.0,0.0,0.0,0.0
3,18,38,0.0,0.0,0.0,0.0,0.0
3,18,39,0.0,0.0,0.0,0.0,0.0
3,18,40,0.0,0.0,0.0,0.0,0.0
3,18,41,0.0,0.0,0.0,0.0,0.0
3,18,42,0.0,0.0,0.0,0.0,0.0
3,18,43,0.0,0.0,0.0,0.0,0.0
3,18,44,0.0,0.0,0.0,0.0,0.0
3,18,45,0.0,0.0,0.0,0.0,0.0
3,18,46,0.0,0.0,0.0,0.0,0.0
3,18,47,0.0,0.0,0.0,0.0,0.0
3,18,48,0.0,0.0,0.0,0.0,0.0
3,19,1,0.0,0.0,0.0,0.0,0.0
3,19,2,0.0,0.0,0.0,0.0,0.0
3,19,3,0.0,0.0,0.0,0.0,0.0
3,19,4,0.0,0.0,0.0,0.0,0.0
3,19,5,0.0,0.0,0.0,0.0,0.0
3,19,6,0.0,0.0,0.0,0.0,0.0
3,19,7,0.0,0.0,0.0,0.0,0.0
3,19,8,0.0,0.0,0.0,0.0,0.0
3,19,9,0.0,0.0,0.0,0.0,0.0
3,19,10,0.0,0.0,0.0,0.0,0.0
3,19,11,0.0,0.0,0.0,0.0,0.0
3,19,12,0.0,0.0,0.0,0.0,0.0
3,19,13,0.073096939,0.068711123,0.072322111,0.064952819,0.072561578
3,19,14,0.073096939,0.068711123,0.06806787,0.074156162,0.077398746
3,19,15,0.56297619,0.557346428,0.554559696,0.591791751,0.544001776
3,19,16,0.56297619,0.613644047,0.570660815,0.623196909,0.539283736
3,19,17,0.767482993,0.736783673,0.67692,0.654356,0.708885666
3,19,18,0.767482993,0.698409524,0.754934646,0.725470206,0.670282651
3,19,19,0.783265306,0.830261224,0.774492735,0.803966486,0.774056545
3,19,20,0.783265306,0.744102041,0.79423102,0.851252735,0.872534053
3,19,21,0.789464286,0.710517857,0.749991072,0.824990179,0.845614933
3,19,22,0.789464286,0.749991072,0.792819509,0.746327957,0.723471664
3,19,23,0.791318027,0.87044983,0.847501607,0.869880081,0.878578882
3,19,24,0.791318027,0.822970748,0.766787168,0.873061179,0.813534281
3,19,25,0.783341837,0.783341837,0.744174745,0.747177556,0.703348274
3,19,26,0.783341837,0.806842092,0.755337366,0.727111602,0.837292464
3,19,27,0.780569728,0.835209609,0.759416288,0.744227963,0.826647251
3,19,28,0.780569728,0.764958333,0.803674592,0.830051604,0.8027617
3,19,29,0.750127551,0.690117347,0.792134694,0.759009061,0.755325635
3,19,30,0.750127551,0.765130102,0.712171097,0.787024825,0.806366331
3,19,31,0.639710884,0.633313775,0.661972823,0.606299211,0.62261769
3,19,32,0.639710884,0.697284864,0.628388001,0.602717683,0.69980764
3,19,33,0.687517007,0.715017687,0.66620398,0.620621602,0.672340069
3,19,34,0.687517007,0.653141157,0.643515919,0.64154962,0.7089454
3,19,35,0.311318027,0.333110289,0.354435574,0.366250093,0.35151685
3,19,36,0.311318027,0.308204847,0.325249509,0.336968816,0.326844006
3,19,37,0.0,0.0,0.0,0.0,0.0
3,19,38,0.0,0.0,0.0,0.0,0.0
3,19,39,0.0,0.0,0.0,0.0,0.0
3,19,40,0.0,0.0,0.0,0.0,0.0
3,19,41,0.0,0.0,0.0,0.0,0.0
3,19,42,0.0,0.0,0.0,0.0,0.0
3,19,43,0.0,0.0,0.0,0.0,0.0
3,19,44,0.0,0.0,0.0,0.0,0.0
3,19,45,0.0,0.0,0.0,0.0,0.0
3,19,46,0.0,0.0,0.0,0.0,0.0
3,19,47,0.0,0.0,0.0,0.0,0.0
3,19,48,0.0,0.0,0.0,0.0,0.0
3,20,1,0.0,0.0,0.0,0.0,0.0
3,20,2,0.0,0.0,0.0,0.0,0.0
3,20,3,0.0,0.0,0.0,0.0,0.0
3,20,4,0.0,0.0,0.0,0.0,0.0
3,20,5,0.0,0.0,0.0,0.0,0.0
3,20,6,0.0,0.0,0.0,0.0,0.0
3,20,7,0.0,0.0,0.0,0.0,0.0
3,20,8,0.0,0.0,0.0,0.0,0.0
3,20,9,0.0,0.0,0.0,0.0,0.0
3,20,10,0.0,0.0,0.0,0.0,0.0
3,20,11,0.0,0.0,0.0,0.0,0.0
3,20,12,0.0,0.0,0.0,0.0,0.0
3,20,13,0.049930272,0.051927483,0.047363856,0.050735348,0.050489132
3,20,14,0.049930272,0.049430969,0.052164652,0.052528976,0.047442757
3,20,15,0.298886054,0.286930612,0.269475666,0.267991597,0.278012773
3,20,16,0.298886054,0.27497517,0.263976163,0.284864711,0.286289035
3,20,17,0.31369898,0.338794898,0.326246939,0.342559286,0.336931526
3,20,18,0.31369898,0.291740051,0.317855491,0.298531896,0.29323834
3,20,19,0.527389456,0.47465051,0.506030183,0.497663149,0.451289992
3,20,20,0.527389456,0.574854507,0.529077102,0.587275584,0.560195654
3,20,21,0.514047619,0.514047619,0.49862619,0.488550857,0.529008975
3,20,22,0.514047619,0.478064286,0.486134833,0.537096315,0.529027551
3,20,23,0.356113946,0.366797364,0.390372108,0.385938252,0.412285959
3,20,24,0.356113946,0.341869388,0.32456225,0.334031558,0.342535728
3,20,25,0.398222789,0.386276105,0.384404458,0.377945417,0.351908095
3,20,26,0.398222789,0.382293877,0.359037667,0.3418663,0.403687122
3,20,27,0.61164966,0.562717687,0.622414694,0.574970253,0.592938074
3,20,28,0.61164966,0.636115646,0.686270919,0.593104442,0.581242353
3,20,29,0.748078231,0.673270408,0.731994549,0.782381358,0.726591825
3,20,30,0.748078231,0.673270408,0.753314779,0.695892294,0.789402821
3,20,31,0.759591837,0.812763266,0.801901102,0.720191049,0.70398675
3,20,32,0.759591837,0.827955102,0.738209327,0.78300461,0.777190219
3,20,33,0.698231293,0.635390477,0.726823864,0.645606299,0.649452464
3,20,34,0.698231293,0.656337415,0.663738667,0.605492213,0.649390398
3,20,35,0.215833333,0.202883333,0.215639083,0.198764801,0.206197336
3,20,36,0.215833333,0.200725,0.193699625,0.203419319,0.213590285
3,20,37,0.0,0.0,0.0,0.0,0.0
3,20,38,0.0,0.0,0.0,0.0,0.0
3,20,39,0.0,0.0,0.0,0.0,0.0
3,20,40,0.0,0.0,0.0,0.0,0.0
3,20,41,0.0,0.0,0.0,0.0,0.0
3,20,42,0.0,0.0,0.0,0.0,0.0
3,20,43,0.0,0.0,0.0,0.0,0.0
3,20,44,0.0,0.0,0.0,0.0,0.0
3,20,45,0.0,0.0,0.0,0.0,0.0
3,20,46,0.0,0.0,0.0,0.0,0.0
3,20,47,0.0,0.0,0.0,0.0,0.0
3,20,48,0.0,0.0,0.0,0.0,0.0
3,21,1,0.0,0.0,0.0,0.0,0.0
3,21,2,0.0,0.0,0.0,0.0,0.0
3,21,3,0.0,0.0,0.0,0.0,0.0
3,21,4,0.0,0.0,0.0,0.0,0.0
3,21,5,0.0,0.0,0.0,0.0,0.0
3,21,6,0.0,0.0,0.0,0.0,0.0
3,21,7,0.0,0.0,0.0,0.0,0.0
3,21,8,0.0,0.0,0.0,0.0,0.0
3,21,9,0.0,0.0,0.0,0.0,0.0
3,21,10,0.0,0.0,0.0,0.0,0.0
3,21,11,0.0,0.0,0.0,0.0,0.0
3,21,12,0.0,0.0,0.0,0.0,0.0
3,21,13,0.049909864,0.05140716,0.045592661,0.051908089,0.044733999
3,21,14,0.049909864,0.050908061,0.054945769,0.052959656,0.055833496
3,21,15,0.216632653,0.2123,0.201598347,0.19336284,0.199794256
3,21,16,0.216632653,0.201468367,0.2048695,0.213886545,0.221767122
3,21,17,0.323112245,0.336036735,0.349348959,0.33616598,0.305911042
3,21,18,0.323112245,0.336036735,0.355940449,0.358664932,0.370913677
3,21,19,0.632763605,0.607453061,0.57670075,0.61169553,0.576795574
3,21,20,0.632763605,0.683384693,0.625170442,0.705345809,0.62858283
3,21,21,0.643537415,0.649972789,0.620884898,0.631750384,0.636536371
3,21,22,0.643537415,0.630666667,0.675328163,0.610853437,0.614492564
3,21,23,0.723069728,0.708608333,0.730155811,0.749435743,0.800599144
3,21,24,0.723069728,0.679685544,0.729432742,0.696514751,0.678888664
3,21,25,0.711964286,0.726203572,0.683129732,0.657602253,0.764197457
3,21,26,0.711964286,0.697725,0.704844643,0.697796197,0.703082532
3,21,27,0.464659864,0.487892857,0.514378469,0.493866834,0.460787536
3,21,28,0.464659864,0.441426871,0.480225969,0.475967362,0.474881417
3,21,29,0.602840136,0.566669728,0.543822087,0.576821757,0.618341501
3,21,30,0.602840136,0.554612925,0.607662857,0.611906852,0.606140806
3,21,31,0.603894558,0.591816667,0.5858985,0.593869908,0.599808607
3,21,32,0.603894558,0.549544048,0.524814566,0.537041015,0.570438253
3,21,33,0.618426871,0.57513699,0.566942834,0.563362142,0.621634914
3,21,34,0.618426871,0.57513699,0.549039376,0.592485101,0.612960689
3,21,35,0.161130952,0.159519642,0.153912285,0.167678884,0.150926815
3,21,36,0.161130952,0.161130952,0.153074404,0.16002989,0.147722641
3,21,37,0.0,0.0,0.0,0.0,0.0
3,21,38,0.0,0.0,0.0,0.0,0.0
3,21,39,0.0,0.0,0.0,0.0,0.0
3,21,40,0.0,0.0,0.0,0.0,0.0
3,21,41,0.0,0.0,0.0,0.0,0.0
3,21,42,0.0,0.0,0.0,0.0,0.0
3,21,43,0.0,0.0,0.0,0.0,0.0
3,21,44,0.0,0.0,0.0,0.0,0.0
3,21,45,0.0,0.0,0.0,0.0,0.0
3,21,46,0.0,0.0,0.0,0.0,0.0
3,21,47,0.0,0.0,0.0,0.0,0.0
3,21,48,0.0,0.0,0.0,0.0,0.0
3,22,1,0.0,0.0,0.0,0.0,0.0
3,22,2,0.0,0.0,0.0,0.0,0.0
3,22,3,0.0,0.0,0.0,0.0,0.0
3,22,4,0.0,0.0,0.0,0.0,0.0
3,22,5,0.0,0.0,0.0,0.0,0.0
3,22,6,0.0,0.0,0.0,0.0,0.0
3,22,7,0.0,0.0,0.0,0.0,0.0
3,22,8,0.0,0.0,0.0,0.0,0.0
3,22,9,0.0,0.0,0.0,0.0,0.0
3,22,10,0.0,0.0,0.0,0.0,0.0
3,22,11,0.0,0.0,0.0,0.0,0.0
3,22,12,0.0,0.0,0.0,0.0,0.0
3,22,13,0.0,0.0,0.0,0.0,0.0
3,22,14,0.0,0.0,0.0,0.0,0.0
3,22,15,0.000952721,0.000943194,0.000862641,0.000983885,0.000954322
3,22,16,0.000952721,0.000905085,0.000845302,0.000892026,0.000817893
3,22,17,0.015227891,0.015989286,0.016857275,0.015223576,0.016457487
3,22,18,0.015227891,0.016598401,0.01639054,0.017197337,0.016680613
3,22,19,0.055041667,0.056692917,0.050839236,0.048772146,0.047552842
3,22,20,0.055041667,0.059995417,0.063270396,0.060624543,0.064511646
3,22,21,0.062448129,0.061199166,0.056259519,0.063567075,0.054781625
3,22,22,0.062448129,0.057452279,0.062348212,0.06074954,0.065002008
3,22,23,0.403477891,0.379269218,0.403114761,0.355758561,0.400821312
3,22,24,0.403477891,0.423651786,0.405293542,0.369726965,0.420564423
3,22,25,0.45542517,0.414436905,0.408835175,0.439019389,0.463783493
3,22,26,0.45542517,0.464533673,0.473778804,0.511037138,0.461907885
3,22,27,0.59287415,0.545444218,0.626075102,0.623419026,0.602922655
3,22,28,0.59287415,0.545444218,0.512243266,0.500670362,0.548564159
3,22,29,0.519880952,0.54067619,0.477250714,0.558736854,0.524136178
3,22,30,0.519880952,0.519880952,0.519880952,0.483489285,0.536322187
3,22,31,0.028112245,0.029236735,0.030108214,0.026528682,0.031061151
3,22,32,0.028112245,0.026987755,0.02755,0.02755,0.024795
3,22,33,0.013972789,0.01327415,0.013623469,0.014849582,0.015183697
3,22,34,0.013972789,0.013413877,0.014241067,0.014847225,0.014542302
3,22,35,0.031144558,0.032078895,0.033824547,0.034613787,0.029953056
3,22,36,0.031144558,0.028964439,0.027950684,0.02847263,0.03000707
3,22,37,0.0,0.0,0.0,0.0,0.0
3,22,38,0.0,0.0,0.0,0.0,0.0
3,22,39,0.0,0.0,0.0,0.0,0.0
3,22,40,0.0,0.0,0.0,0.0,0.0
3,22,41,0.0,0.0,0.0,0.0,0.0
3,22,42,0.0,0.0,0.0,0.0,0.0
3,22,43,0.0,0.0,0.0,0.0,0.0
3,22,44,0.0,0.0,0.0,0.0,0.0
3,22,45,0.0,0.0,0.0,0.0,0.0
3,22,46,0.0,0.0,0.0,0.0,0.0
3,22,47,0.0,0.0,0.0,0.0,0.0
3,22,48,0.0,0.0,0.0,0.0,0.0
3,23,1,0.0,0.0,0.0,0.0,0.0
3,23,2,0.0,0.0,0.0,0.0,0.0
3,23,3,0.0,0.0,0.0,0.0,0.0
3,23,4,0.0,0.0,0.0,0.0,0.0
3,23,5,0.0,0.0,0.0,0.0,0.0
3,23,6,0.0,0.0,0.0,0.0,0.0
3,23,7,0.0,0.0,0.0,0.0,0.0
3,23,8,0.0,0.0,0.0,0.0,0.0
3,23,9,0.0,0.0,0.0,0.0,0.0
3,23,10,0.0,0.0,0.0,0.0,0.0
3,23,11,0.0,0.0,0.0,0.0,0.0
3,23,12,0.0,0.0,0.0,0.0,0.0
3,23,13,0.002454592,0.0024055,0.002430046,0.002600149,0.002571475
3,23,14,0.002454592,0.002454592,0.002552776,0.002611686,0.002770253
3,23,15,0.018286565,0.017920834,0.016655403,0.018325771,0.019398886
3,23,16,0.018286565,0.019566625,0.02006219,0.018919024,0.017863999
3,23,17,0.027455782,0.028279455,0.029539676,0.025582474,0.027437203
3,23,18,0.027455782,0.025808435,0.028496356,0.025618313,0.025234038
3,23,19,0.046647959,0.050846275,0.050697002,0.053842816,0.051518683
3,23,20,0.046647959,0.049913316,0.049729057,0.045837637,0.048992632
3,23,21,0.02824915,0.031074065,0.029661608,0.032331152,0.029419124
3,23,22,0.02824915,0.028814133,0.026534427,0.02870188,0.028636395
3,23,23,0.078197279,0.083671089,0.080124842,0.087924199,0.077530591
3,23,24,0.078197279,0.084453061,0.083764925,0.082959806,0.087284394
3,23,25,0.036913265,0.038389796,0.041416683,0.039295647,0.040564002
3,23,26,0.036913265,0.034698469,0.039386454,0.034409438,0.03489783
3,23,27,0.050763605,0.047717789,0.047763476,0.05216067,0.047121316
3,23,28,0.050763605,0.054824693,0.052266208,0.051039624,0.047523415
3,23,29,0.048313776,0.049763189,0.049038483,0.046096174,0.043955644
3,23,30,0.048313776,0.044448674,0.043134539,0.048922916,0.046667026
3,23,31,0.017020408,0.015999184,0.014858816,0.016917037,0.015550907
3,23,32,0.017020408,0.017360816,0.017190612,0.018909673,0.017091766
3,23,33,0.023142857,0.023837143,0.0241947,0.02609739,0.024074842
3,23,34,0.023142857,0.022217143,0.0247212,0.025229232,0.02311278
3,23,35,0.004172789,0.004005877,0.003843973,0.003967471,0.004277355
3,23,36,0.004172789,0.004047605,0.003904687,0.003839609,0.004190731
3,23,37,0.0,0.0,0.0,0.0,0.0
3,23,38,0.0,0.0,0.0,0.0,0.0
3,23,39,0.0,0.0,0.0,0.0,0.0
3,23,40,0.0,0.0,0.0,0.0,0.0
3,23,41,0.0,0.0,0.0,0.0,0.0
3,23,42,0.0,0.0,0.0,0.0,0.0
3,23,43,0.0,0.0,0.0,0.0,0.0
3,23,44,0.0,0.0,0.0,0.0,0.0
3,23,45,0.0,0.0,0.0,0.0,0.0
3,23,46,0.0,0.0,0.0,0.0,0.0
3,23,47,0.0,0.0,0.0,0.0,0.0
3,23,48,0.0,0.0,0.0,0.0,0.0
3,24,1,0.0,0.0,0.0,0.0,0.0
3,24,2,0.0,0.0,0.0,0.0,0.0
3,24,3,0.0,0.0,0.0,0.0,0.0
3,24,4,0.0,0.0,0.0,0.0,0.0
3,24,5,0.0,0.0,0.0,0.0,0.0
3,24,6,0.0,0.0,0.0,0.0,0.0
3,24,7,0.0,0.0,0.0,0.0,0.0
3,24,8,0.0,0.0,0.0,0.0,0.0
3,24,9,0.0,0.0,0.0,0.0,0.0
3,24,10,0.0,0.0,0.0,0.0,0.0
3,24,11,0.0,0.0,0.0,0.0,0.0
3,24,12,0.0,0.0,0.0,0.0,0.0
3,24,13,0.063222789,0.061958333,0.057583316,0.062139909,0.056940261
3,24,14,0.063222789,0.058164966,0.05462449,0.054563796,0.062255531
3,24,15,0.567517007,0.539141157,0.558862373,0.560725247,0.506470916
3,24,16,0.567517007,0.567517007,0.595892857,0.62890343,0.619455454
3,24,17,0.734829932,0.668695238,0.722815463,0.765482628,0.708496699
3,24,18,0.734829932,0.712785034,0.65866481,0.681030461,0.745605488
3,24,19,0.713537415,0.649319048,0.613285408,0.599429701,0.585942533
3,24,20,0.713537415,0.75634966,0.727594102,0.725168788,0.701435992
3,24,21,0.703086735,0.681994133,0.623286391,0.602510178,0.639664972
3,24,22,0.703086735,0.766364541,0.764114664,0.692405441,0.672973418
3,24,23,0.711734694,0.683265306,0.690525,0.7090785,0.677691349
3,24,24,0.711734694,0.754438776,0.791733674,0.745109357,0.705708878
3,24,25,0.713052721,0.720183248,0.730950344,0.69253962,0.742748743
3,24,26,0.713052721,0.670269558,0.663994694,0.7438585,0.732683562
3,24,27,0.702363946,0.632127551,0.640555919,0.717600561,0.612577415
3,24,28,0.702363946,0.709387585,0.656464462,0.648041011,0.611157826
3,24,29,0.49797619,0.483036904,0.46598122,0.438921609,0.48090856
3,24,30,0.49797619,0.542794047,0.494365863,0.527063394,0.469150385
3,24,31,0.366394558,0.359066667,0.340966776,0.36969504,0.384162913
3,24,32,0.366394558,0.362730612,0.371853837,0.363323072,0.355093254
3,24,33,0.553069728,0.564131123,0.536256408,0.584221565,0.598579085
3,24,34,0.553069728,0.602846004,0.566398708,0.52243538,0.527516208
3,24,35,0.257040816,0.2519,0.236657479,0.270900714,0.26683099
3,24,36,0.257040816,0.280174489,0.284724112,0.246581825,0.261787704
3,24,37,0.0,0.0,0.0,0.0,0.0
3,24,38,0.0,0.0,0.0,0.0,0.0
3,24,39,0.0,0.0,0.0,0.0,0.0
3,24,40,0.0,0.0,0.0,0.0,0.0
3,24,41,0.0,0.0,0.0,0.0,0.0
3,24,42,0.0,0.0,0.0,0.0,0.0
3,24,43,0.0,0.0,0.0,0.0,0.0
3,24,44,0.0,0.0,0.0,0.0,0.0
3,24,45,0.0,0.0,0.0,0.0,0.0
3,24,46,0.0,0.0,0.0,0.0,0.0
3,24,47,0.0,0.0,0.0,0.0,0.0
3,24,48,0.0,0.0,0.0,0.0,0.0
3,25,1,0.0,0.0,0.0,0.0,0.0
3,25,2,0.0,0.0,0.0,0.0,0.0
3,25,3,0.0,0.0,0.0,0.0,0.0
3,25,4,0.0,0.0,0.0,0.0,0.0
3,25,5,0.0,0.0,0.0,0.0,0.0
3,25,6,0.0,0.0,0.0,0.0,0.0
3,25,7,0.0,0.0,0.0,0.0,0.0
3,25,8,0.0,0.0,0.0,0.0,0.0
3,25,9,0.0,0.0,0.0,0.0,0.0
3,25,10,0.0,0.0,0.0,0.0,0.0
3,25,11,0.0,0.0,0.0,0.0,0.0
3,25,12,0.0,0.0,0.0,0.0,0.0
3,25,13,0.060505952,0.065951488,0.057538135,0.065625088,0.061781114
3,25,14,0.060505952,0.058690773,0.064962215,0.06261404,0.056140853
3,25,15,0.331292517,0.337918367,0.368065986,0.376877263,0.357073919
3,25,16,0.331292517,0.314727891,0.355311224,0.323763895,0.337899359
3,25,17,0.624668367,0.655901785,0.691507882,0.716521686,0.705757427
3,25,18,0.624668367,0.593434949,0.663866307,0.646142904,0.600426725
3,25,19,0.76835034,0.72224932,0.782564821,0.742567064,0.738854228
3,25,20,0.76835034,0.79140085,0.795473107,0.800776261,0.78900014
3,25,21,0.771709184,0.79486046,0.838114759,0.761483394,0.77571111
3,25,22,0.771709184,0.818011735,0.810757669,0.81616272,0.876534756
3,25,23,0.48079932,0.456759354,0.45940375,0.507563014,0.518983182
3,25,24,0.48079932,0.528879252,0.535129643,0.561280318,0.510726469
3,25,25,0.404090136,0.440458248,0.396937741,0.409690421,0.400410312
3,25,26,0.404090136,0.367722024,0.393624201,0.427326666,0.398190757
3,25,27,0.369829932,0.332846939,0.316204592,0.312456982,0.326177919
3,25,28,0.369829932,0.377226531,0.351116537,0.369718243,0.381651723
3,25,29,0.779812925,0.849996088,0.741563101,0.774648224,0.715719627
3,25,30,0.779812925,0.772014796,0.845746108,0.815175102,0.79515536
3,25,31,0.231343537,0.247537585,0.227468533,0.247222379,0.224089428
3,25,32,0.231343537,0.242910714,0.230013312,0.230060737,0.245261179
3,25,33,0.525935374,0.557491496,0.574216241,0.497292934,0.49024795
3,25,34,0.525935374,0.483860544,0.454408163,0.468545306,0.517010461
3,25,35,0.251930272,0.256968877,0.2391826,0.229411737,0.222379768
3,25,36,0.251930272,0.254449575,0.258253722,0.277816863,0.271037112
3,25,37,0.0,0.0,0.0,0.0,0.0
3,25,38,0.0,0.0,0.0,0.0,0.0
3,25,39,0.0,0.0,0.0,0.0,0.0
3,25,40,0.0,0.0,0.0,0.0,0.0
3,25,41,0.0,0.0,0.0,0.0,0.0
3,25,42,0.0,0.0,0.0,0.0,0.0
3,25,43,0.0,0.0,0.0,0.0,0.0
3,25,44,0.0,0.0,0.0,0.0,0.0
3,25,45,0.0,0.0,0.0,0.0,0.0
3,25,46,0.0,0.0,0.0,0.0,0.0
3,25,47,0.0,0.0,0.0,0.0,0.0
3,25,48,0.0,0.0,0.0,0.0,0.0
3,26,1,0.0,0.0,0.0,0.0,0.0
3,26,2,0.0,0.0,0.0,0.0,0.0
3,26,3,0.0,0.0,0.0,0.0,0.0
3,26,4,0.0,0.0,0.0,0.0,0.0
3,26,5,0.0,0.0,0.0,0.0,0.0
3,26,6,0.0,0.0,0.0,0.0,0.0
3,26,7,0.0,0.0,0.0,0.0,0.0
3,26,8,0.0,0.0,0.0,0.0,0.0
3,26,9,0.0,0.0,0.0,0.0,0.0
3,26,10,0.0,0.0,0.0,0.0,0.0
3,26,11,0.0,0.0,0.0,0.0,0.0
3,26,12,0.0,0.0,0.0,0.0,0.0
3,26,13,0.06692432,0.067593563,0.072639657,0.075957765,0.063700944
3,26,14,0.06692432,0.066255077,0.071916874,0.068365424,0.074518312
3,26,15,0.577108844,0.559795579,0.585505778,0.614326305,0.572500444
3,26,16,0.577108844,0.548253402,0.585188368,0.547376196,0.603995422
3,26,17,0.748367347,0.71094898,0.751547908,0.803280672,0.723394778
3,26,18,0.748367347,0.800753061,0.728086592,0.79702245,0.730129494
3,26,19,0.765782313,0.788755782,0.800587119,0.761490486,0.779153925
3,26,20,0.765782313,0.834702721,0.760230391,0.763297988,0.843483621
3,26,21,0.777568027,0.847549149,0.780056245,0.849827942,0.846300354
3,26,22,0.777568027,0.730913945,0.761783396,0.809727981,0.846998171
3,26,23,0.779838435,0.795435204,0.732502242,0.792336386,0.782778347
3,26,24,0.779838435,0.818830357,0.743380988,0.741649097,0.82488945
3,26,25,0.781989796,0.711610714,0.73186425,0.778912666,0.773627187
3,26,26,0.781989796,0.750710204,0.705042,0.81304626,0.732189182
3,26,27,0.779532313,0.818508929,0.743089177,0.710142894,0.800959245
3,26,28,0.779532313,0.787327636,0.799098574,0.851745068,0.756160344
3,26,29,0.753835034,0.693528231,0.723681633,0.781576163,0.797207687
3,26,30,0.753835034,0.723681633,0.812634167,0.740482103,0.71219874
3,26,31,0.60164966,0.613682653,0.650202788,0.603189683,0.561634888
3,26,32,0.60164966,0.643765136,0.653842768,0.601431562,0.675186064
3,26,33,0.705408163,0.641921428,0.720821331,0.758322005,0.69955205
3,26,34,0.705408163,0.656029592,0.626261367,0.629438055,0.588855865
3,26,35,0.206921769,0.211060204,0.206901077,0.204128463,0.227978166
3,26,36,0.206921769,0.208990987,0.207956378,0.220433761,0.213186481
3,26,37,0.0,0.0,0.0,0.0,0.0
3,26,38,0.0,0.0,0.0,0.0,0.0
3,26,39,0.0,0.0,0.0,0.0,0.0
3,26,40,0.0,0.0,0.0,0.0,0.0
3,26,41,0.0,0.0,0.0,0.0,0.0
3,26,42,0.0,0.0,0.0,0.0,0.0
3,26,43,0.0,0.0,0.0,0.0,0.0
3,26,44,0.0,0.0,0.0,0.0,0.0
3,26,45,0.0,0.0,0.0,0.0,0.0
3,26,46,0.0,0.0,0.0,0.0,0.0
3,26,47,0.0,0.0,0.0,0.0,0.0
3,26,48,0.0,0.0,0.0,0.0,0.0
3,27,1,0.0,0.0,0.0,0.0,0.0
3,27,2,0.0,0.0,0.0,0.0,0.0
3,27,3,0.0,0.0,0.0,0.0,0.0
3,27,4,0.0,0.0,0.0,0.0,0.0
3,27,5,0.0,0.0,0.0,0.0,0.0
3,27,6,0.0,0.0,0.0,0.0,0.0
3,27,7,0.0,0.0,0.0,0.0,0.0
3,27,8,0.0,0.0,0.0,0.0,0.0
3,27,9,0.0,0.0,0.0,0.0,0.0
3,27,10,0.0,0.0,0.0,0.0,0.0
3,27,11,0.0,0.0,0.0,0.0,0.0
3,27,12,0.0,0.0,0.0,0.0,0.0
3,27,13,0.063923469,0.058170357,0.064099259,0.062064361,0.060202431
3,27,14,0.063923469,0.067758877,0.063865938,0.069093727,0.072114948
3,27,15,0.568044218,0.613487755,0.614396626,0.586670009,0.536084687
3,27,16,0.568044218,0.590765987,0.590993204,0.559937091,0.617855584
3,27,17,0.743571429,0.803057143,0.804246858,0.720935132,0.744914061
3,27,18,0.743571429,0.765878572,0.694347,0.69052306,0.752523216
3,27,19,0.762091837,0.838301021,0.720176786,0.734847054,0.756215633
3,27,20,0.762091837,0.807817347,0.7692555,0.76412713,0.768064724
3,27,21,0.775544218,0.767788776,0.817966487,0.850067813,0.842983915
3,27,22,0.775544218,0.713500681,0.729632,0.761745735,0.782360941
3,27,23,0.773265306,0.750067347,0.837832959,0.826407964,0.852675932
3,27,24,0.773265306,0.796463265,0.808410214,0.816494316,0.750738779
3,27,25,0.426683673,0.405349489,0.399375918,0.381736815,0.379089285
3,27,26,0.426683673,0.46935204,0.4390575,0.476183246,0.421121777
3,27,27,0.03292517,0.029632653,0.02815102,0.031748095,0.029083523
3,27,28,0.03292517,0.035229932,0.035099877,0.033041593,0.035437109
3,27,29,0.019085034,0.019085034,0.020039286,0.02134343,0.02128037
3,27,30,0.019085034,0.019848435,0.018882733,0.019657509,0.019562112
3,27,31,0.024856293,0.026099108,0.023949038,0.025467509,0.023085548
3,27,32,0.024856293,0.023116352,0.026384955,0.023298715,0.022949234
3,27,33,0.018946429,0.019135893,0.018089103,0.019472761,0.018911047
3,27,34,0.018946429,0.019514822,0.018269094,0.020801127,0.018995211
3,27,35,0.036971088,0.040298486,0.036703048,0.037610965,0.04016965
3,27,36,0.036971088,0.03364369,0.032835872,0.036897398,0.035087012
3,27,37,0.0,0.0,0.0,0.0,0.0
3,27,38,0.0,0.0,0.0,0.0,0.0
3,27,39,0.0,0.0,0.0,0.0,0.0
3,27,40,0.0,0.0,0.0,0.0,0.0
3,27,41,0.0,0.0,0.0,0.0,0.0
3,27,42,0.0,0.0,0.0,0.0,0.0
3,27,43,0.0,0.0,0.0,0.0,0.0
3,27,44,0.0,0.0,0.0,0.0,0.0
3,27,45,0.0,0.0,0.0,0.0,0.0
3,27,46,0.0,0.0,0.0,0.0,0.0
3,27,47,0.0,0.0,0.0,0.0,0.0
3,27,48,0.0,0.0,0.0,0.0,0.0
3,28,1,0.0,0.0,0.0,0.0,0.0
3,28,2,0.0,0.0,0.0,0.0,0.0
3,28,3,0.0,0.0,0.0,0.0,0.0
3,28,4,0.0,0.0,0.0,0.0,0.0
3,28,5,0.0,0.0,0.0,0.0,0.0
3,28,6,0.0,0.0,0.0,0.0,0.0
3,28,7,0.0,0.0,0.0,0.0,0.0
3,28,8,0.0,0.0,0.0,0.0,0.0
3,28,9,0.0,0.0,0.0,0.0,0.0
3,28,10,0.0,0.0,0.0,0.0,0.0
3,28,11,0.0,0.0,0.0,0.0,0.0
3,28,12,0.0,0.0,0.0,0.0,0.0
3,28,13,0.047886905,0.052196726,0.052043488,0.048680678,0.054720125
3,28,14,0.047886905,0.048844643,0.05126772,0.052786406,0.046682669
3,28,15,0.44457483,0.44457483,0.457912075,0.431059755,0.448975676
3,28,16,0.44457483,0.457912075,0.491855363,0.446189526,0.473936937
3,28,17,0.741003401,0.748413435,0.722367165,0.722516107,0.682224775
3,28,18,0.741003401,0.800283673,0.693579183,0.722606757,0.798517714
3,28,19,0.773154762,0.711302381,0.809029143,0.703335794,0.824126072
3,28,20,0.773154762,0.711302381,0.771917714,0.804773699,0.803551496
3,28,21,0.77789966,0.840131633,0.849466429,0.830724233,0.775082159
3,28,22,0.77789966,0.75456267,0.69727036,0.706082019,0.733953677
3,28,23,0.779965986,0.826763945,0.771230367,0.784726898,0.830205389
3,28,24,0.779965986,0.733168027,0.696041646,0.721664049,0.681420232
3,28,25,0.769098639,0.761407653,0.803515803,0.762447218,0.836046714
3,28,26,0.769098639,0.822935544,0.843778117,0.868773054,0.776577558
3,28,27,0.774302721,0.789788775,0.805507121,0.742474233,0.746897484
3,28,28,0.774302721,0.851732993,0.845538571,0.774426609,0.852075235
3,28,29,0.76662415,0.774290392,0.747343553,0.755125171,0.760845816
3,28,30,0.76662415,0.827954082,0.813234898,0.802604377,0.882864814
3,28,31,0.756938776,0.764508164,0.76072347,0.737901766,0.679516239
3,28,32,0.756938776,0.817493878,0.834449307,0.730694195,0.722102516
3,28,33,0.705178571,0.719282142,0.740719571,0.728944029,0.766942943
3,28,34,0.705178571,0.676971428,0.635789,0.719731576,0.71179435
3,28,35,0.228239796,0.244216582,0.222054498,0.254653988,0.256274513
3,28,36,0.228239796,0.228239796,0.239651786,0.239005106,0.254824692
3,28,37,0.0,0.0,0.0,0.0,0.0
3,28,38,0.0,0.0,0.0,0.0,0.0
3,28,39,0.0,0.0,0.0,0.0,0.0
3,28,40,0.0,0.0,0.0,0.0,0.0
3,28,41,0.0,0.0,0.0,0.0,0.0
3,28,42,0.0,0.0,0.0,0.0,0.0
3,28,43,0.0,0.0,0.0,0.0,0.0
3,28,44,0.0,0.0,0.0,0.0,0.0
3,28,45,0.0,0.0,0.0,0.0,0.0
3,28,46,0.0,0.0,0.0,0.0,0.0
3,28,47,0.0,0.0,0.0,0.0,0.0
3,28,48,0.0,0.0,0.0,0.0,0.0
3,29,1,0.0,0.0,0.0,0.0,0.0
3,29,2,0.0,0.0,0.0,0.0,0.0
3,29,3,0.0,0.0,0.0,0.0,0.0
3,29,4,0.0,0.0,0.0,0.0,0.0
3,29,5,0.0,0.0,0.0,0.0,0.0
3,29,6,0.0,0.0,0.0,0.0,0.0
3,29,7,0.0,0.0,0.0,0.0,0.0
3,29,8,0.0,0.0,0.0,0.0,0.0
3,29,9,0.0,0.0,0.0,0.0,0.0
3,29,10,0.0,0.0,0.0,0.0,0.0
3,29,11,0.0,0.0,0.0,0.0,0.0
3,29,12,0.0,0.0,0.0,0.0,0.0
3,29,13,0.057065476,0.057065476,0.052500238,0.061098103,0.055224354
3,29,14,0.057065476,0.053070893,0.058372275,0.058978025,0.054028084
3,29,15,0.414217687,0.439070748,0.39251268,0.43187772,0.457167483
3,29,16,0.414217687,0.414217687,0.405933333,0.378539737,0.379033484
3,29,17,0.420705782,0.382842262,0.385703061,0.392452865,0.419151552
3,29,18,0.420705782,0.445948129,0.424660416,0.417524966,0.444298216
3,29,19,0.48497449,0.514072959,0.519504674,0.49606036,0.548981902
3,29,20,0.48497449,0.514072959,0.484538013,0.445075639,0.496630234
3,29,21,0.649039116,0.700962245,0.735750742,0.625725631,0.671090739
3,29,22,0.649039116,0.713943028,0.633786697,0.618998341,0.60816587
3,29,23,0.698426871,0.656521259,0.691023546,0.63425122,0.716959625
3,29,24,0.698426871,0.635568453,0.727027451,0.63891706,0.728983756
3,29,25,0.649846939,0.617354592,0.665280804,0.605511132,0.621808399
3,29,26,0.649846939,0.610856123,0.674476138,0.670862123,0.697116054
3,29,27,0.676998299,0.704078231,0.628389821,0.602839905,0.646545798
3,29,28,0.676998299,0.717618197,0.76006599,0.732592045,0.685727701
3,29,29,0.422091837,0.400987245,0.399193355,0.378904455,0.384282454
3,29,30,0.422091837,0.379882653,0.404997118,0.394277392,0.420327862
3,29,31,0.564566327,0.558920664,0.595448105,0.624546418,0.533142044
3,29,32,0.564566327,0.541983674,0.54774225,0.52937352,0.513161456
3,29,33,0.653715986,0.699476105,0.608936441,0.640961987,0.670295809
3,29,34,0.653715986,0.627567347,0.685486583,0.596586874,0.698514725
3,29,35,0.204719388,0.214955357,0.195148757,0.198792932,0.20543815
3,29,36,0.204719388,0.188341837,0.176877551,0.197578776,0.19763577
3,29,37,0.0,0.0,0.0,0.0,0.0
3,29,38,0.0,0.0,0.0,0.0,0.0
3,29,39,0.0,0.0,0.0,0.0,0.0
3,29,40,0.0,0.0,0.0,0.0,0.0
3,29,41,0.0,0.0,0.0,0.0,0.0
3,29,42,0.0,0.0,0.0,0.0,0.0
3,29,43,0.0,0.0,0.0,0.0,0.0
3,29,44,0.0,0.0,0.0,0.0,0.0
3,29,45,0.0,0.0,0.0,0.0,0.0
3,29,46,0.0,0.0,0.0,0.0,0.0
3,29,47,0.0,0.0,0.0,0.0,0.0
3,29,48,0.0,0.0,0.0,0.0,0.0
3,30,1,0.0,0.0,0.0,0.0,0.0
3,30,2,0.0,0.0,0.0,0.0,0.0
3,30,3,0.0,0.0,0.0,0.0,0.0
3,30,4,0.0,0.0,0.0,0.0,0.0
3,30,5,0.0,0.0,0.0,0.0,0.0
3,30,6,0.0,0.0,0.0,0.0,0.0
3,30,7,0.0,0.0,0.0,0.0,0.0
3,30,8,0.0,0.0,0.0,0.0,0.0
3,30,9,0.0,0.0,0.0,0.0,0.0
3,30,10,0.0,0.0,0.0,0.0,0.0
3,30,11,0.0,0.0,0.0,0.0,0.0
3,30,12,0.0,0.0,0.0,0.0,0.0
3,30,13,0.056011054,0.054890833,0.053787415,0.057092291,0.051009766
3,30,14,0.056011054,0.05209028,0.0567532,0.057149572,0.049950924
3,30,15,0.341318027,0.365210289,0.328535667,0.365722607,0.36770648
3,30,16,0.341318027,0.368623469,0.369169578,0.363300728,0.382239128
3,30,17,0.500671769,0.480644898,0.475938584,0.495466785,0.483298704
3,30,18,0.500671769,0.480644898,0.45631225,0.436080772,0.4543746
3,30,19,0.474294218,0.445836565,0.506071931,0.432614823,0.427528033
3,30,20,0.474294218,0.426864796,0.432556327,0.462354652,0.435546973
3,30,21,0.681539116,0.64746216,0.704370676,0.677790651,0.616789492
3,30,22,0.681539116,0.674723725,0.705256677,0.618455855,0.64319409
3,30,23,0.633809524,0.671838095,0.626710857,0.650560687,0.678016281
3,30,24,0.633809524,0.583104762,0.547611429,0.611702248,0.576235281
3,30,25,0.441479592,0.472383163,0.420376868,0.449194006,0.423565487
3,30,26,0.441479592,0.406161225,0.436535021,0.428058612,0.458022715
3,30,27,0.329617347,0.342802041,0.319399209,0.333912261,0.351318677
3,30,28,0.329617347,0.316432653,0.3424065,0.313011225,0.33187427
3,30,29,0.615187075,0.627490817,0.584058609,0.65762514,0.602457698
3,30,30,0.615187075,0.565972109,0.531521633,0.536639989,0.573576806
3,30,31,0.666658163,0.653325,0.72599074,0.63425191,0.643254195
3,30,32,0.666658163,0.599992347,0.569992729,0.550992972,0.5670636
3,30,33,0.501318027,0.546436649,0.534354885,0.479906567,0.525814113
3,30,34,0.501318027,0.456199405,0.440458019,0.442692226,0.473971927
3,30,35,0.088129252,0.085485374,0.091147679,0.088254102,0.085606479
3,30,36,0.088129252,0.089891837,0.08010949,0.078299609,0.087471849
3,30,37,0.0,0.0,0.0,0.0,0.0
3,30,38,0.0,0.0,0.0,0.0,0.0
3,30,39,0.0,0.0,0.0,0.0,0.0
3,30,40,0.0,0.0,0.0,0.0,0.0
3,30,41,0.0,0.0,0.0,0.0,0.0
3,30,42,0.0,0.0,0.0,0.0,0.0
3,30,43,0.0,0.0,0.0,0.0,0.0
3,30,44,0.0,0.0,0.0,0.0,0.0
3,30,45,0.0,0.0,0.0,0.0,0.0
3,30,46,0.0,0.0,0.0,0.0,0.0
3,30,47,0.0,0.0,0.0,0.0,0.0
3,30,48,0.0,0.0,0.0,0.0,0.0
3,31,1,0.0,0.0,0.0,0.0,0.0
3,31,2,0.0,0.0,0.0,0.0,0.0
3,31,3,0.0,0.0,0.0,0.0,0.0
3,31,4,0.0,0.0,0.0,0.0,0.0
3,31,5,0.0,0.0,0.0,0.0,0.0
3,31,6,0.0,0.0,0.0,0.0,0.0
3,31,7,0.0,0.0,0.0,0.0,0.0
3,31,8,0.0,0.0,0.0,0.0,0.0
3,31,9,0.0,0.0,0.0,0.0,0.0
3,31,10,0.0,0.0,0.0,0.0,0.0
3,31,11,0.0,0.0,0.0,0.0,0.0
3,31,12,0.0,0.0,0.0,0.0,0.0
3,31,13,0.054505102,0.052869949,0.055835026,0.059843695,0.056321078
3,31,14,0.054505102,0.054505102,0.056685306,0.050260971,0.05830825
3,31,15,0.494566327,0.494566327,0.539077296,0.529779449,0.463047615
3,31,16,0.494566327,0.52918597,0.542588717,0.485565714,0.512976682
3,31,17,0.672287415,0.71262466,0.657833236,0.687724255,0.689443565
3,31,18,0.672287415,0.726070408,0.692187122,0.662005899,0.729425974
3,31,19,0.764277211,0.703135034,0.748380245,0.738597497,0.709053597
3,31,20,0.764277211,0.68784949,0.762366518,0.767690983,0.812645195
3,31,21,0.771947279,0.733349915,0.715016167,0.769708632,0.695180113
3,31,22,0.771947279,0.771947279,0.795105697,0.818650089,0.749941957
3,31,23,0.774838435,0.71285136,0.676898857,0.735960142,0.76864543
3,31,24,0.774838435,0.751593282,0.824273127,0.854089427,0.849270482
3,31,25,0.772151361,0.694936225,0.689531165,0.690118,0.782852607
3,31,26,0.772151361,0.710379252,0.704202041,0.743489102,0.791159874
3,31,27,0.771862245,0.710113265,0.689118612,0.745408982,0.707252003
3,31,28,0.771862245,0.72555051,0.718758123,0.6722385,0.779870532
3,31,29,0.769328231,0.70008869,0.756749714,0.690111657,0.765523052
3,31,30,0.769328231,0.846261054,0.823950535,0.81317994,0.788784542
3,31,31,0.665646259,0.658989796,0.72854983,0.670707389,0.701402518
3,31,32,0.665646259,0.712241497,0.709612194,0.654083318,0.678541859
3,31,33,0.196751701,0.181011565,0.20588098,0.175093274,0.178303317
3,31,34,0.196751701,0.184946599,0.194666133,0.178672974,0.177433791
3,31,35,0.080340136,0.085963946,0.086478122,0.086788557,0.089986252
3,31,36,0.080340136,0.085963946,0.079825959,0.075479879,0.07879443
3,31,37,0.0,0.0,0.0,0.0,0.0
3,31,38,0.0,0.0,0.0,0.0,0.0
3,31,39,0.0,0.0,0.0,0.0,0.0
3,31,40,0.0,0.0,0.0,0.0,0.0
3,31,41,0.0,0.0,0.0,0.0,0.0
3,31,42,0.0,0.0,0.0,0.0,0.0
3,31,43,0.0,0.0,0.0,0.0,0.0
3,31,44,0.0,0.0,0.0,0.0,0.0
3,31,45,0.0,0.0,0.0,0.0,0.0
3,31,46,0.0,0.0,0.0,0.0,0.0
3,31,47,0.0,0.0,0.0,0.0,0.0
3,31,48,0.0,0.0,0.0,0.0,0.0
4,1,1,0.0,0.0,0.0,0.0,0.0
4,1,2,0.0,0.0,0.0,0.0,0.0
4,1,3,0.0,0.0,0.0,0.0,0.0
4,1,4,0.0,0.0,0.0,0.0,0.0
4,1,5,0.0,0.0,0.0,0.0,0.0
4,1,6,0.0,0.0,0.0,0.0,0.0
4,1,7,0.0,0.0,0.0,0.0,0.0
4,1,8,0.0,0.0,0.0,0.0,0.0
4,1,9,0.0,0.0,0.0,0.0,0.0
4,1,10,0.0,0.0,0.0,0.0,0.0
4,1,11,0.0,0.0,0.0,0.0,0.0
4,1,12,0.0,0.0,0.0,0.0,0.0
4,1,13,0.060642857,0.061249286,0.063383914,0.060523512,0.055304903
4,1,14,0.060642857,0.060036428,0.056719264,0.056767536,0.057956106
4,1,15,0.507414966,0.497266667,0.54755149,0.50188871,0.534071676
4,1,16,0.507414966,0.487118367,0.497266667,0.482348667,0.44418345
4,1,17,0.698596939,0.663667092,0.633452774,0.645281767,0.600827175
4,1,18,0.698596939,0.628737245,0.65039375,0.70538963,0.677487185
4,1,19,0.721054422,0.706633334,0.699567,0.645267276,0.644611372
4,1,20,0.721054422,0.721054422,0.757107143,0.659764796,0.664713032
4,1,21,0.71710034,0.702758333,0.752525097,0.767575599,0.786439131
4,1,22,0.71710034,0.752955357,0.786479798,0.797309208,0.771095788
4,1,23,0.789107143,0.765433929,0.730634304,0.799811381,0.840658891
4,1,24,0.789107143,0.725978572,0.772693714,0.709211623,0.704292897
4,1,25,0.787534014,0.834786055,0.884164438,0.868914629,0.886042273
4,1,26,0.787534014,0.850536735,0.892748558,0.759245792,0.847191763
4,1,27,0.790034014,0.742631973,0.705026354,0.790651294,0.817652781
4,1,28,0.790034014,0.797934354,0.722525608,0.747059719,0.794963961
4,1,29,0.785459184,0.76975,0.746500408,0.759564166,0.742358886
4,1,30,0.785459184,0.761895408,0.851045026,0.775482543,0.745862308
4,1,31,0.764566327,0.833377296,0.84691012,0.766054173,0.76259063
4,1,32,0.764566327,0.79514898,0.842246266,0.800653858,0.832680012
4,1,33,0.715153061,0.70800153,0.675998431,0.748697911,0.740441243
4,1,34,0.715153061,0.750910714,0.674389337,0.77056312,0.654978652
4,1,35,0.206802721,0.188190476,0.213296326,0.186542121,0.182811278
4,1,36,0.206802721,0.196462585,0.211714286,0.198843401,0.219732208
4,1,37,0.0,0.0,0.0,0.0,0.0
4,1,38,0.0,0.0,0.0,0.0,0.0
4,1,39,0.0,0.0,0.0,0.0,0.0
4,1,40,0.0,0.0,0.0,0.0,0.0
4,1,41,0.0,0.0,0.0,0.0,0.0
4,1,42,0.0,0.0,0.0,0.0,0.0
4,1,43,0.0,0.0,0.0,0.0,0.0
4,1,44,0.0,0.0,0.0,0.0,0.0
4,1,45,0.0,0.0,0.0,0.0,0.0
4,1,46,0.0,0.0,0.0,0.0,0.0
4,1,47,0.0,0.0,0.0,0.0,0.0
4,1,48,0.0,0.0,0.0,0.0,0.0
4,2,1,0.0,0.0,0.0,0.0,0.0
4,2,2,0.0,0.0,0.0,0.0,0.0
4,2,3,0.0,0.0,0.0,0.0,0.0
4,2,4,0.0,0.0,0.0,0.0,0.0
4,2,5,0.0,0.0,0.0,0.0,0.0
4,2,6,0.0,0.0,0.0,0.0,0.0
4,2,7,0.0,0.0,0.0,0.0,0.0
4,2,8,0.0,0.0,0.0,0.0,0.0
4,2,9,0.0,0.0,0.0,0.0,0.0
4,2,10,0.0,0.0,0.0,0.0,0.0
4,2,11,0.0,0.0,0.0,0.0,0.0
4,2,12,0.0,0.0,0.0,0.0,0.0
4,2,13,0.063822279,0.057440051,0.065481658,0.059135596,0.061469896
4,2,14,0.063822279,0.068289839,0.06737718,0.071816147,0.062400252
4,2,15,0.601156463,0.57109864,0.568543725,0.591871601,0.559840903
4,2,16,0.601156463,0.541040817,0.622497517,0.594113915,0.577908134
4,2,17,0.793673469,0.76192653,0.731132,0.71650936,0.743302236
4,2,18,0.793673469,0.738116326,0.689305408,0.777383321,0.704642453
4,2,19,0.809846939,0.826043878,0.744330322,0.737868553,0.857474665
4,2,20,0.809846939,0.834142347,0.739795179,0.818432666,0.720498855
4,2,21,0.816471088,0.849129932,0.83280051,0.916080561,0.785330881
4,2,22,0.816471088,0.800141666,0.759807994,0.82382586,0.768059186
4,2,23,0.814115646,0.871103741,0.851035791,0.887689312,0.796067094
4,2,24,0.814115646,0.879244898,0.770479047,0.878769454,0.752087035
4,2,25,0.811164966,0.851723214,0.881330736,0.831111513,0.886024237
4,2,26,0.811164966,0.803053316,0.734469318,0.82204066,0.832316169
4,2,27,0.812517007,0.796266667,0.74004049,0.790770802,0.72995583
4,2,28,0.812517007,0.731265306,0.74101551,0.837759202,0.772832864
4,2,29,0.809430272,0.801335969,0.805383121,0.749006302,0.75172447
4,2,30,0.809430272,0.825618877,0.899277032,0.87856641,0.844690916
4,2,31,0.795076531,0.834830358,0.839402048,0.905413277,0.776186109
4,2,32,0.795076531,0.76327347,0.70904925,0.763357748,0.810727497
4,2,33,0.744991497,0.722641752,0.807198287,0.690032233,0.800513218
4,2,34,0.744991497,0.744991497,0.722641752,0.803920324,0.76167763
4,2,35,0.213180272,0.198257653,0.211890531,0.19115406,0.221946486
4,2,36,0.213180272,0.234498299,0.210408928,0.22374975,0.235891464
4,2,37,0.0,0.0,0.0,0.0,0.0
4,2,38,0.0,0.0,0.0,0.0,0.0
4,2,39,0.0,0.0,0.0,0.0,0.0
4,2,40,0.0,0.0,0.0,0.0,0.0
4,2,41,0.0,0.0,0.0,0.0,0.0
4,2,42,0.0,0.0,0.0,0.0,0.0
4,2,43,0.0,0.0,0.0,0.0,0.0
4,2,44,0.0,0.0,0.0,0.0,0.0
4,2,45,0.0,0.0,0.0,0.0,0.0
4,2,46,0.0,0.0,0.0,0.0,0.0
4,2,47,0.0,0.0,0.0,0.0,0.0
4,2,48,0.0,0.0,0.0,0.0,0.0
4,3,1,0.0,0.0,0.0,0.0,0.0
4,3,2,0.0,0.0,0.0,0.0,0.0
4,3,3,0.0,0.0,0.0,0.0,0.0
4,3,4,0.0,0.0,0.0,0.0,0.0
4,3,5,0.0,0.0,0.0,0.0,0.0
4,3,6,0.0,0.0,0.0,0.0,0.0
4,3,7,0.0,0.0,0.0,0.0,0.0
4,3,8,0.0,0.0,0.0,0.0,0.0
4,3,9,0.0,0.0,0.0,0.0,0.0
4,3,10,0.0,0.0,0.0,0.0,0.0
4,3,11,0.0,0.0,0.0,0.0,0.0
4,3,12,0.0,0.0,0.0,0.0,0.0
4,3,13,0.065229592,0.066534184,0.066540707,0.06015236,0.060737358
4,3,14,0.065229592,0.064577296,0.063605375,0.063826047,0.059807907
4,3,15,0.608205782,0.571713435,0.560461628,0.632338374,0.539793622
4,3,16,0.608205782,0.626451955,0.561769271,0.640725633,0.664124095
4,3,17,0.798886054,0.854808078,0.777236242,0.850825631,0.754803881
4,3,18,0.798886054,0.718997449,0.834835926,0.713658227,0.75892847
4,3,19,0.810731293,0.818838606,0.814784949,0.814784949,0.871819896
4,3,20,0.810731293,0.74587279,0.770519021,0.845521394,0.745571457
4,3,21,0.815569728,0.897126701,0.856348214,0.882038661,0.9404202
4,3,22,0.815569728,0.791102636,0.731035926,0.755859014,0.84299709
4,3,23,0.814795918,0.806647959,0.770185841,0.8530146,0.892277187
4,3,24,0.814795918,0.7985,0.790515,0.809283009,0.875568095
4,3,25,0.81292517,0.756020408,0.862920068,0.729559694,0.869391968
4,3,26,0.81292517,0.81292517,0.788537415,0.836987755,0.894128265
4,3,27,0.816190476,0.750895238,0.846226286,0.788348586,0.776402692
4,3,28,0.816190476,0.734571428,0.775380952,0.837411428,0.846250771
4,3,29,0.814914966,0.790467517,0.778610504,0.818504259,0.8726805
4,3,30,0.814914966,0.839362415,0.777510369,0.891655508,0.855786639
4,3,31,0.801862245,0.801862245,0.737713265,0.733650497,0.837961549
4,3,32,0.801862245,0.75375051,0.754472186,0.700725766,0.72259457
4,3,33,0.756607143,0.817135714,0.763265286,0.786792742,0.796569226
4,3,34,0.756607143,0.741475,0.741550661,0.716682497,0.665170943
4,3,35,0.20672619,0.202591666,0.208752107,0.208083554,0.185884541
4,3,36,0.20672619,0.210860714,0.202529648,0.225309014,0.202902136
4,3,37,0.0,0.0,0.0,0.0,0.0
4,3,38,0.0,0.0,0.0,0.0,0.0
4,3,39,0.0,0.0,0.0,0.0,0.0
4,3,40,0.0,0.0,0.0,0.0,0.0
4,3,41,0.0,0.0,0.0,0.0,0.0
4,3,42,0.0,0.0,0.0,0.0,0.0
4,3,43,0.0,0.0,0.0,0.0,0.0
4,3,44,0.0,0.0,0.0,0.0,0.0
4,3,45,0.0,0.0,0.0,0.0,0.0
4,3,46,0.0,0.0,0.0,0.0,0.0
4,3,47,0.0,0.0,0.0,0.0,0.0
4,3,48,0.0,0.0,0.0,0.0,0.0
4,4,1,0.0,0.0,0.0,0.0,0.0
4,4,2,0.0,0.0,0.0,0.0,0.0
4,4,3,0.0,0.0,0.0,0.0,0.0
4,4,4,0.0,0.0,0.0,0.0,0.0
4,4,5,0.0,0.0,0.0,0.0,0.0
4,4,6,0.0,0.0,0.0,0.0,0.0
4,4,7,0.0,0.0,0.0,0.0,0.0
4,4,8,0.0,0.0,0.0,0.0,0.0
4,4,9,0.0,0.0,0.0,0.0,0.0
4,4,10,0.0,0.0,0.0,0.0,0.0
4,4,11,0.0,0.0,0.0,0.0,0.0
4,4,12,0.0,0.0,0.0,0.0,0.0
4,4,13,0.063125,0.063125,0.06628125,0.068027708,0.059277163
4,4,14,0.063125,0.0606,0.05815075,0.05820024,0.062419757
4,4,15,0.611734694,0.672908163,0.655167857,0.698331857,0.600177435
4,4,16,0.611734694,0.568913265,0.57261426,0.642862814,0.599031258
4,4,17,0.802644558,0.850803231,0.909396284,0.845738544,0.928838763
4,4,18,0.802644558,0.826723895,0.86356528,0.864217027,0.755358921
4,4,19,0.806904762,0.726214286,0.712900357,0.816053717,0.796139012
4,4,20,0.806904762,0.758490476,0.798351572,0.748519823,0.793627991
4,4,21,0.807066327,0.726359694,0.69770884,0.706526039,0.660973703
4,4,22,0.807066327,0.847419643,0.744518687,0.799668219,0.83965163
4,4,23,0.815085034,0.749878231,0.735532735,0.6901488,0.807474096
4,4,24,0.815085034,0.823235884,0.745436018,0.802531502,0.860297878
4,4,25,0.812304422,0.82855051,0.779406093,0.847091359,0.874016763
4,4,26,0.812304422,0.73107398,0.771689201,0.841141229,0.710146987
4,4,27,0.816181973,0.824343793,0.861276027,0.800576574,0.792570808
4,4,28,0.816181973,0.816181973,0.767211055,0.855848417,0.797578737
4,4,29,0.815969388,0.824129082,0.779046773,0.870892288,0.871859946
4,4,30,0.815969388,0.783330612,0.7596675,0.8177754,0.833895012
4,4,31,0.803792517,0.787716667,0.716179133,0.792306322,0.844748539
4,4,32,0.803792517,0.860057993,0.78200974,0.733758075,0.818751719
4,4,33,0.757568027,0.825749149,0.791658588,0.831241518,0.753461061
4,4,34,0.757568027,0.772719388,0.81105233,0.788251047,0.766749744
4,4,35,0.203767007,0.215993027,0.211978817,0.22532019,0.216407408
4,4,36,0.203767007,0.185427976,0.210165291,0.199786758,0.217767566
4,4,37,0.0,0.0,0.0,0.0,0.0
4,4,38,0.0,0.0,0.0,0.0,0.0
4,4,39,0.0,0.0,0.0,0.0,0.0
4,4,40,0.0,0.0,0.0,0.0,0.0
4,4,41,0.0,0.0,0.0,0.0,0.0
4,4,42,0.0,0.0,0.0,0.0,0.0
4,4,43,0.0,0.0,0.0,0.0,0.0
4,4,44,0.0,0.0,0.0,0.0,0.0
4,4,45,0.0,0.0,0.0,0.0,0.0
4,4,46,0.0,0.0,0.0,0.0,0.0
4,4,47,0.0,0.0,0.0,0.0,0.0
4,4,48,0.0,0.0,0.0,0.0,0.0
4,5,1,0.0,0.0,0.0,0.0,0.0
4,5,2,0.0,0.0,0.0,0.0,0.0
4,5,3,0.0,0.0,0.0,0.0,0.0
4,5,4,0.0,0.0,0.0,0.0,0.0
4,5,5,0.0,0.0,0.0,0.0,0.0
4,5,6,0.0,0.0,0.0,0.0,0.0
4,5,7,0.0,0.0,0.0,0.0,0.0
4,5,8,0.0,0.0,0.0,0.0,0.0
4,5,9,0.0,0.0,0.0,0.0,0.0
4,5,10,0.0,0.0,0.0,0.0,0.0
4,5,11,0.0,0.0,0.0,0.0,0.0
4,5,12,0.0,0.0,0.0,0.0,0.0
4,5,13,0.062570578,0.060067755,0.063771933,0.059651285,0.055979003
4,5,14,0.062570578,0.058816343,0.066155872,0.057513123,0.05820078
4,5,15,0.605994898,0.630234694,0.649020536,0.565575038,0.63108748
4,5,16,0.605994898,0.557515306,0.593390204,0.556351796,0.549397399
4,5,17,0.802151361,0.834237415,0.818194388,0.760920781,0.731527148
4,5,18,0.802151361,0.834237415,0.834558276,0.790703057,0.856183154
4,5,19,0.812789116,0.853428572,0.808115579,0.8082822,0.755001557
4,5,20,0.812789116,0.804661225,0.776376164,0.742086216,0.854536216
4,5,21,0.815314626,0.880539796,0.797051578,0.905755847,0.849665462
4,5,22,0.815314626,0.782702041,0.854938917,0.82582838,0.86887775
4,5,23,0.813027211,0.88619966,0.883597973,0.852332198,0.841613475
4,5,24,0.813027211,0.780506123,0.756928333,0.759982606,0.808715511
4,5,25,0.809872449,0.834168622,0.756258893,0.840104988,0.883010349
4,5,26,0.809872449,0.777477551,0.80161175,0.836136613,0.88690205
4,5,27,0.813137755,0.788743622,0.808950096,0.779502176,0.733776739
4,5,28,0.813137755,0.772480867,0.761096939,0.821350446,0.855377822
4,5,29,0.811913265,0.746960204,0.779436734,0.756053632,0.765855049
4,5,30,0.811913265,0.893104592,0.83545875,0.821420769,0.882498061
4,5,31,0.799812925,0.799812925,0.831805442,0.737534159,0.784318949
4,5,32,0.799812925,0.767820408,0.8230075,0.741098658,0.829910965
4,5,33,0.753112245,0.753112245,0.790767857,0.826917245,0.741928528
4,5,34,0.753112245,0.76817449,0.730217633,0.765511485,0.761796503
4,5,35,0.193647959,0.185902041,0.174593,0.192102906,0.175367788
4,5,36,0.193647959,0.203330357,0.218338074,0.213309682,0.223729039
4,5,37,0.0,0.0,0.0,0.0,0.0
4,5,38,0.0,0.0,0.0,0.0,0.0
4,5,39,0.0,0.0,0.0,0.0,0.0
4,5,40,0.0,0.0,0.0,0.0,0.0
4,5,41,0.0,0.0,0.0,0.0,0.0
4,5,42,0.0,0.0,0.0,0.0,0.0
4,5,43,0.0,0.0,0.0,0.0,0.0
4,5,44,0.0,0.0,0.0,0.0,0.0
4,5,45,0.0,0.0,0.0,0.0,0.0
4,5,46,0.0,0.0,0.0,0.0,0.0
4,5,47,0.0,0.0,0.0,0.0,0.0
4,5,48,0.0,0.0,0.0,0.0,0.0
4,6,1,0.0,0.0,0.0,0.0,0.0
4,6,2,0.0,0.0,0.0,0.0,0.0
4,6,3,0.0,0.0,0.0,0.0,0.0
4,6,4,0.0,0.0,0.0,0.0,0.0
4,6,5,0.0,0.0,0.0,0.0,0.0
4,6,6,0.0,0.0,0.0,0.0,0.0
4,6,7,0.0,0.0,0.0,0.0,0.0
4,6,8,0.0,0.0,0.0,0.0,0.0
4,6,9,0.0,0.0,0.0,0.0,0.0
4,6,10,0.0,0.0,0.0,0.0,0.0
4,6,11,0.0,0.0,0.0,0.0,0.0
4,6,12,0.0,0.0,0.0,0.0,0.0
4,6,13,0.050704082,0.050704082,0.055267449,0.047002684,0.046846008
4,6,14,0.050704082,0.052225204,0.046318179,0.052734104,0.048475577
4,6,15,0.533673469,0.480306122,0.537409183,0.553328663,0.499870391
4,6,16,0.533673469,0.523,0.475503061,0.54136904,0.55467344
4,6,17,0.773988095,0.843647024,0.744112155,0.858101509,0.724465976
4,6,18,0.773988095,0.758508333,0.766248214,0.689623393,0.814330289
4,6,19,0.775484694,0.798749235,0.802859304,0.728975258,0.82310815
4,6,20,0.775484694,0.822013776,0.734849296,0.839645196,0.729558381
4,6,21,0.788384354,0.843571259,0.864936475,0.790682494,0.838331518
4,6,22,0.788384354,0.748965136,0.776361493,0.694113295,0.736916948
4,6,23,0.790085034,0.845390986,0.76867373,0.785355585,0.757507517
4,6,24,0.790085034,0.797985884,0.786095105,0.870527542,0.827396859
4,6,25,0.784804422,0.753412245,0.699888584,0.738574733,0.684636396
4,6,26,0.784804422,0.769108334,0.730338995,0.723346388,0.736861544
4,6,27,0.789370748,0.789370748,0.773583333,0.854678021,0.857873262
4,6,28,0.789370748,0.789370748,0.828839285,0.794501658,0.824536228
4,6,29,0.787534014,0.732406633,0.721971807,0.702465902,0.691928914
4,6,30,0.787534014,0.708780613,0.748157313,0.808009898,0.740226846
4,6,31,0.775,0.82925,0.7539975,0.70747425,0.812416264
4,6,32,0.775,0.76725,0.709435,0.6755055,0.70252572
4,6,33,0.725382653,0.660098214,0.644248603,0.635981901,0.639770729
4,6,34,0.725382653,0.660098214,0.692740434,0.678885625,0.647920128
4,6,35,0.172653061,0.177832653,0.162975857,0.157461548,0.154312317
4,6,36,0.172653061,0.158840816,0.162432,0.158056281,0.153215807
4,6,37,0.0,0.0,0.0,0.0,0.0
4,6,38,0.0,0.0,0.0,0.0,0.0
4,6,39,0.0,0.0,0.0,0.0,0.0
4,6,40,0.0,0.0,0.0,0.0,0.0
4,6,41,0.0,0.0,0.0,0.0,0.0
4,6,42,0.0,0.0,0.0,0.0,0.0
4,6,43,0.0,0.0,0.0,0.0,0.0
4,6,44,0.0,0.0,0.0,0.0,0.0
4,6,45,0.0,0.0,0.0,0.0,0.0
4,6,46,0.0,0.0,0.0,0.0,0.0
4,6,47,0.0,0.0,0.0,0.0,0.0
4,6,48,0.0,0.0,0.0,0.0,0.0
4,7,1,0.0,0.0,0.0,0.0,0.0
4,7,2,0.0,0.0,0.0,0.0,0.0
4,7,3,0.0,0.0,0.0,0.0,0.0
4,7,4,0.0,0.0,0.0,0.0,0.0
4,7,5,0.0,0.0,0.0,0.0,0.0
4,7,6,0.0,0.0,0.0,0.0,0.0
4,7,7,0.0,0.0,0.0,0.0,0.0
4,7,8,0.0,0.0,0.0,0.0,0.0
4,7,9,0.0,0.0,0.0,0.0,0.0
4,7,10,0.0,0.0,0.0,0.0,0.0
4,7,11,0.0,0.0,0.0,0.0,0.0
4,7,12,0.0,0.0,0.0,0.0,0.0
4,7,13,0.053289116,0.058085136,0.056800869,0.05549779,0.052563134
4,7,14,0.053289116,0.049025987,0.053715429,0.04992977,0.055094381
4,7,15,0.562159864,0.57902466,0.593415952,0.595546164,0.553409827
4,7,16,0.562159864,0.595889456,0.550073427,0.563680506,0.596348354
4,7,17,0.752908163,0.790553571,0.725427015,0.703355512,0.691046791
4,7,18,0.752908163,0.700204592,0.690228558,0.693013691,0.765815851
4,7,19,0.762670068,0.747416667,0.717291199,0.78700687,0.685772543
4,7,20,0.762670068,0.709283163,0.684458253,0.654111483,0.688578127
4,7,21,0.754064626,0.80684915,0.796066026,0.70709394,0.720057329
4,7,22,0.754064626,0.731442687,0.802173949,0.777811629,0.804691884
4,7,23,0.713486395,0.756295579,0.720193167,0.729991714,0.766491299
4,7,24,0.713486395,0.734890987,0.687979256,0.76908839,0.769942932
4,7,25,0.658197279,0.68452517,0.738497347,0.679865133,0.690271232
4,7,26,0.658197279,0.717435034,0.742841449,0.720281079,0.773560694
4,7,27,0.390314626,0.366895748,0.393749395,0.368307126,0.39880756
4,7,28,0.390314626,0.35518631,0.398843001,0.35474662,0.348538554
4,7,29,0.450382653,0.495420918,0.444527679,0.472712625,0.512337066
4,7,30,0.450382653,0.459390306,0.495826263,0.510701051,0.431167561
4,7,31,0.364506803,0.335346259,0.318433143,0.305485861,0.327633586
4,7,32,0.364506803,0.349926531,0.364361,0.348810168,0.364039148
4,7,33,0.183843537,0.182005102,0.170119617,0.16793672,0.161898144
4,7,34,0.183843537,0.200389455,0.194037661,0.190829316,0.186506743
4,7,35,0.116462585,0.122285714,0.128924082,0.127459759,0.131210017
4,7,36,0.116462585,0.12345034,0.116357769,0.111631484,0.113466278
4,7,37,0.0,0.0,0.0,0.0,0.0
4,7,38,0.0,0.0,0.0,0.0,0.0
4,7,39,0.0,0.0,0.0,0.0,0.0
4,7,40,0.0,0.0,0.0,0.0,0.0
4,7,41,0.0,0.0,0.0,0.0,0.0
4,7,42,0.0,0.0,0.0,0.0,0.0
4,7,43,0.0,0.0,0.0,0.0,0.0
4,7,44,0.0,0.0,0.0,0.0,0.0
4,7,45,0.0,0.0,0.0,0.0,0.0
4,7,46,0.0,0.0,0.0,0.0,0.0
4,7,47,0.0,0.0,0.0,0.0,0.0
4,7,48,0.0,0.0,0.0,0.0,0.0
4,8,1,0.0,0.0,0.0,0.0,0.0
4,8,2,0.0,0.0,0.0,0.0,0.0
4,8,3,0.0,0.0,0.0,0.0,0.0
4,8,4,0.0,0.0,0.0,0.0,0.0
4,8,5,0.0,0.0,0.0,0.0,0.0
4,8,6,0.0,0.0,0.0,0.0,0.0
4,8,7,0.0,0.0,0.0,0.0,0.0
4,8,8,0.0,0.0,0.0,0.0,0.0
4,8,9,0.0,0.0,0.0,0.0,0.0
4,8,10,0.0,0.0,0.0,0.0,0.0
4,8,11,0.0,0.0,0.0,0.0,0.0
4,8,12,0.0,0.0,0.0,0.0,0.0
4,8,13,0.002618537,0.00282802,0.00264158,0.002534283,0.002788385
4,8,14,0.002618537,0.002854205,0.002626916,0.002564892,0.002932751
4,8,15,0.188154762,0.186273214,0.196574688,0.173204141,0.171167565
4,8,16,0.188154762,0.188154762,0.193799405,0.182434857,0.190017306
4,8,17,0.212882653,0.225655612,0.241196046,0.215249198,0.210321125
4,8,18,0.212882653,0.208625,0.198108597,0.204473362,0.220443971
4,8,19,0.365731293,0.402304422,0.34945625,0.394847161,0.347837999
4,8,20,0.365731293,0.402304422,0.414739286,0.358775084,0.412364648
4,8,21,0.546003401,0.573303571,0.604425765,0.568831803,0.527289844
4,8,22,0.546003401,0.546003401,0.551463435,0.520432242,0.584253669
4,8,23,0.50619898,0.470765051,0.444518634,0.4264448,0.489700778
4,8,24,0.50619898,0.50619898,0.50619898,0.541632909,0.535659761
4,8,25,0.449013605,0.444523469,0.442300852,0.41856255,0.399126108
4,8,26,0.449013605,0.453503741,0.451258673,0.48284678,0.472930371
4,8,27,0.396488095,0.392523214,0.402395768,0.373307551,0.38726687
4,8,28,0.396488095,0.396488095,0.372698809,0.365244833,0.371248059
4,8,29,0.450977891,0.459997449,0.432713286,0.434459322,0.404528658
4,8,30,0.450977891,0.446468112,0.489108072,0.420588069,0.49696409
4,8,31,0.358078231,0.390305272,0.351740246,0.359373758,0.350279402
4,8,32,0.358078231,0.336593537,0.382069472,0.376859434,0.374302174
4,8,33,0.368392857,0.397864286,0.348647,0.33818759,0.370538392
4,8,34,0.368392857,0.405232143,0.398416875,0.359426175,0.379038342
4,8,35,0.074389456,0.069926089,0.075765661,0.071893194,0.078103152
4,8,36,0.074389456,0.06695051,0.064309685,0.064436891,0.07224815
4,8,37,0.0,0.0,0.0,0.0,0.0
4,8,38,0.0,0.0,0.0,0.0,0.0
4,8,39,0.0,0.0,0.0,0.0,0.0
4,8,40,0.0,0.0,0.0,0.0,0.0
4,8,41,0.0,0.0,0.0,0.0,0.0
4,8,42,0.0,0.0,0.0,0.0,0.0
4,8,43,0.0,0.0,0.0,0.0,0.0
4,8,44,0.0,0.0,0.0,0.0,0.0
4,8,45,0.0,0.0,0.0,0.0,0.0
4,8,46,0.0,0.0,0.0,0.0,0.0
4,8,47,0.0,0.0,0.0,0.0,0.0
4,8,48,0.0,0.0,0.0,0.0,0.0
4,9,1,0.0,0.0,0.0,0.0,0.0
4,9,2,0.0,0.0,0.0,0.0,0.0
4,9,3,0.0,0.0,0.0,0.0,0.0
4,9,4,0.0,0.0,0.0,0.0,0.0
4,9,5,0.0,0.0,0.0,0.0,0.0
4,9,6,0.0,0.0,0.0,0.0,0.0
4,9,7,0.0,0.0,0.0,0.0,0.0
4,9,8,0.0,0.0,0.0,0.0,0.0
4,9,9,0.0,0.0,0.0,0.0,0.0
4,9,10,0.0,0.0,0.0,0.0,0.0
4,9,11,0.0,0.0,0.0,0.0,0.0
4,9,12,0.0,0.0,0.0,0.0,0.0
4,9,13,0.038028061,0.036887219,0.038955946,0.034920509,0.040173768
4,9,14,0.038028061,0.039549183,0.036461305,0.036872464,0.034332256
4,9,15,0.505484694,0.515594388,0.525855727,0.531114284,0.509122028
4,9,16,0.505484694,0.500429847,0.513016416,0.526562732,0.49603222
4,9,17,0.719804422,0.777388776,0.741110633,0.716257226,0.694321848
4,9,18,0.719804422,0.683814201,0.673736939,0.754772521,0.708032021
4,9,19,0.742755102,0.80217551,0.826537878,0.861633551,0.832523776
4,9,20,0.742755102,0.779892857,0.700418061,0.718791347,0.720755055
4,9,21,0.760246599,0.684221939,0.75112364,0.665996294,0.722551089
4,9,22,0.760246599,0.737439201,0.793773474,0.748543363,0.722000626
4,9,23,0.771020408,0.79415102,0.813889143,0.769229585,0.763460363
4,9,24,0.771020408,0.717048979,0.744034694,0.803557469,0.751326234
4,9,25,0.76627551,0.79692653,0.851945112,0.772847089,0.812938532
4,9,26,0.76627551,0.758612755,0.693824161,0.783945057,0.720637796
4,9,27,0.768384354,0.73764898,0.7003055,0.786927517,0.733350256
4,9,28,0.768384354,0.845222789,0.782599465,0.806722891,0.880805612
4,9,29,0.751981293,0.812139796,0.78988115,0.72189402,0.71514588
4,9,30,0.751981293,0.759501106,0.763298611,0.826503767,0.744308347
4,9,31,0.627406463,0.621132398,0.642997514,0.598986519,0.579046573
4,9,32,0.627406463,0.59603614,0.562783597,0.62517917,0.620936883
4,9,33,0.666632653,0.599969388,0.639634031,0.584579062,0.641384897
4,9,34,0.666632653,0.666632653,0.733295918,0.626856905,0.693555168
4,9,35,0.13457483,0.143995068,0.153213444,0.143927781,0.129535003
4,9,36,0.13457483,0.135920578,0.123075411,0.133814078,0.127890838
4,9,37,0.0,0.0,0.0,0.0,0.0
4,9,38,0.0,0.0,0.0,0.0,0.0
4,9,39,0.0,0.0,0.0,0.0,0.0
4,9,40,0.0,0.0,0.0,0.0,0.0
4,9,41,0.0,0.0,0.0,0.0,0.0
4,9,42,0.0,0.0,0.0,0.0,0.0
4,9,43,0.0,0.0,0.0,0.0,0.0
4,9,44,0.0,0.0,0.0,0.0,0.0
4,9,45,0.0,0.0,0.0,0.0,0.0
4,9,46,0.0,0.0,0.0,0.0,0.0
4,9,47,0.0,0.0,0.0,0.0,0.0
4,9,48,0.0,0.0,0.0,0.0,0.0
4,10,1,0.0,0.0,0.0,0.0,0.0
4,10,2,0.0,0.0,0.0,0.0,0.0
4,10,3,0.0,0.0,0.0,0.0,0.0
4,10,4,0.0,0.0,0.0,0.0,0.0
4,10,5,0.0,0.0,0.0,0.0,0.0
4,10,6,0.0,0.0,0.0,0.0,0.0
4,10,7,0.0,0.0,0.0,0.0,0.0
4,10,8,0.0,0.0,0.0,0.0,0.0
4,10,9,0.0,0.0,0.0,0.0,0.0
4,10,10,0.0,0.0,0.0,0.0,0.0
4,10,11,0.0,0.0,0.0,0.0,0.0
4,10,12,0.0,0.0,0.0,0.0,0.0
4,10,13,0.036491497,0.035761667,0.036487848,0.039871704,0.040496965
4,10,14,0.036491497,0.035761667,0.03287519,0.037846207,0.037888259
4,10,15,0.390867347,0.386958674,0.350021709,0.360911274,0.353580263
4,10,16,0.390867347,0.418228061,0.428820566,0.449776137,0.426142258
4,10,17,0.694302721,0.673473639,0.711243707,0.637566154,0.726686814
4,10,18,0.694302721,0.708188775,0.708258206,0.773941557,0.721172815
4,10,19,0.771802721,0.833546939,0.762541088,0.726153163,0.750305648
4,10,20,0.771802721,0.841264966,0.766207151,0.785160697,0.830664328
4,10,21,0.792780612,0.856203061,0.890451183,0.854943068,0.848594481
4,10,22,0.792780612,0.808636224,0.776687166,0.776847307,0.788737827
4,10,23,0.788818027,0.788818027,0.86769983,0.733600765,0.762944796
4,10,24,0.788818027,0.725712585,0.787555918,0.798056664,0.76728544
4,10,25,0.783835034,0.799511735,0.82334032,0.866407352,0.842821818
4,10,26,0.783835034,0.846541837,0.839644088,0.757473094,0.798804778
4,10,27,0.787168367,0.865885204,0.859587857,0.804045257,0.779421371
4,10,28,0.787168367,0.865885204,0.785200446,0.820878852,0.86367021
4,10,29,0.787610544,0.834867177,0.746339751,0.813293999,0.787572589
4,10,30,0.787610544,0.787610544,0.763982228,0.725153028,0.71246285
4,10,31,0.772865646,0.842423554,0.8076446,0.734956586,0.813156774
4,10,32,0.772865646,0.850152211,0.762818393,0.866853837,0.878226323
4,10,33,0.719889456,0.734287245,0.719817467,0.666691545,0.724374857
4,10,34,0.719889456,0.691093878,0.754876084,0.77970939,0.714300436
4,10,35,0.150272109,0.145763946,0.145057667,0.148501553,0.1621387
4,10,36,0.150272109,0.15177483,0.160084878,0.138639545,0.162208268
4,10,37,0.0,0.0,0.0,0.0,0.0
4,10,38,0.0,0.0,0.0,0.0,0.0
4,10,39,0.0,0.0,0.0,0.0,0.0
4,10,40,0.0,0.0,0.0,0.0,0.0
4,10,41,0.0,0.0,0.0,0.0,0.0
4,10,42,0.0,0.0,0.0,0.0,0.0
4,10,43,0.0,0.0,0.0,0.0,0.0
4,10,44,0.0,0.0,0.0,0.0,0.0
4,10,45,0.0,0.0,0.0,0.0,0.0
4,10,46,0.0,0.0,0.0,0.0,0.0
4,10,47,0.0,0.0,0.0,0.0,0.0
4,10,48,0.0,0.0,0.0,0.0,0.0
4,11,1,0.0,0.0,0.0,0.0,0.0
4,11,2,0.0,0.0,0.0,0.0,0.0
4,11,3,0.0,0.0,0.0,0.0,0.0
4,11,4,0.0,0.0,0.0,0.0,0.0
4,11,5,0.0,0.0,0.0,0.0,0.0
4,11,6,0.0,0.0,0.0,0.0,0.0
4,11,7,0.0,0.0,0.0,0.0,0.0
4,11,8,0.0,0.0,0.0,0.0,0.0
4,11,9,0.0,0.0,0.0,0.0,0.0
4,11,10,0.0,0.0,0.0,0.0,0.0
4,11,11,0.0,0.0,0.0,0.0,0.0
4,11,12,0.0,0.0,0.0,0.0,0.0
4,11,13,0.051687925,0.053238563,0.056660303,0.054939509,0.056296838
4,11,14,0.051687925,0.047036012,0.045906631,0.048210189,0.052549106
4,11,15,0.575136054,0.53487653,0.499505663,0.547236204,0.544580499
4,11,16,0.575136054,0.52912517,0.552130612,0.596301061,0.557541492
4,11,17,0.787032313,0.865735544,0.909022322,0.939323066,0.875278311
4,11,18,0.787032313,0.794902636,0.711870727,0.718725779,0.798320836
4,11,19,0.795952381,0.843709524,0.746046167,0.827045465,0.859411571
4,11,20,0.795952381,0.811871429,0.860185738,0.863803342,0.849612287
4,11,21,0.797755102,0.837642857,0.850406939,0.853459682,0.826467983
4,11,22,0.797755102,0.829665306,0.740476286,0.828763843,0.839123391
4,11,23,0.793129252,0.840717007,0.825092361,0.868824979,0.806982673
4,11,24,0.793129252,0.761404082,0.707312667,0.7916461,0.702303183
4,11,25,0.791207483,0.727910884,0.751963592,0.704035407,0.766092722
4,11,26,0.791207483,0.767471259,0.84168652,0.800121754,0.792120536
4,11,27,0.793452381,0.872797619,0.86645,0.869560333,0.81654248
4,11,28,0.793452381,0.737910714,0.735054286,0.75547246,0.710144113
4,11,29,0.793197279,0.801129252,0.844993061,0.772451204,0.762795564
4,11,30,0.793197279,0.856653061,0.866171429,0.805126966,0.763864209
4,11,31,0.782491497,0.798141327,0.821929068,0.752802726,0.851948447
4,11,32,0.782491497,0.759016752,0.840121996,0.730366608,0.785779205
4,11,33,0.729761905,0.744357143,0.7739125,0.689396341,0.741700542
4,11,34,0.729761905,0.802738096,0.7126125,0.793273084,0.827960072
4,11,35,0.149251701,0.14477415,0.149953184,0.150952872,0.157656955
4,11,36,0.149251701,0.147759184,0.133654898,0.142119708,0.151788155
4,11,37,0.0,0.0,0.0,0.0,0.0
4,11,38,0.0,0.0,0.0,0.0,0.0
4,11,39,0.0,0.0,0.0,0.0,0.0
4,11,40,0.0,0.0,0.0,0.0,0.0
4,11,41,0.0,0.0,0.0,0.0,0.0
4,11,42,0.0,0.0,0.0,0.0,0.0
4,11,43,0.0,0.0,0.0,0.0,0.0
4,11,44,0.0,0.0,0.0,0.0,0.0
4,11,45,0.0,0.0,0.0,0.0,0.0
4,11,46,0.0,0.0,0.0,0.0,0.0
4,11,47,0.0,0.0,0.0,0.0,0.0
4,11,48,0.0,0.0,0.0,0.0,0.0
4,12,1,0.0,0.0,0.0,0.0,0.0
4,12,2,0.0,0.0,0.0,0.0,0.0
4,12,3,0.0,0.0,0.0,0.0,0.0
4,12,4,0.0,0.0,0.0,0.0,0.0
4,12,5,0.0,0.0,0.0,0.0,0.0
4,12,6,0.0,0.0,0.0,0.0,0.0
4,12,7,0.0,0.0,0.0,0.0,0.0
4,12,8,0.0,0.0,0.0,0.0,0.0
4,12,9,0.0,0.0,0.0,0.0,0.0
4,12,10,0.0,0.0,0.0,0.0,0.0
4,12,11,0.0,0.0,0.0,0.0,0.0
4,12,12,0.0,0.0,0.0,0.0,0.0
4,12,13,0.050087585,0.051590213,0.049822121,0.052014972,0.053931446
4,12,14,0.050087585,0.048584957,0.053776536,0.054881668,0.048722725
4,12,15,0.575263605,0.529242517,0.596433306,0.606668396,0.576901956
4,12,16,0.575263605,0.523489881,0.593326882,0.597868397,0.624011038
4,12,17,0.785671769,0.832812075,0.72831773,0.758799176,0.830748201
4,12,18,0.785671769,0.801385204,0.841140196,0.849869009,0.73756489
4,12,19,0.793392857,0.8330625,0.837624509,0.804932756,0.874460876
4,12,20,0.793392857,0.825128571,0.784982893,0.737074658,0.792996192
4,12,21,0.795357143,0.747635714,0.725206643,0.778748495,0.776971739
4,12,22,0.795357143,0.771496429,0.752089714,0.834819583,0.859400382
4,12,23,0.792763605,0.721414881,0.787372812,0.728824578,0.689410512
4,12,24,0.792763605,0.840329421,0.808381048,0.854515926,0.80751755
4,12,25,0.791658163,0.752075255,0.717836039,0.716163661,0.751877612
4,12,26,0.791658163,0.839157653,0.790945671,0.855689059,0.737426373
4,12,27,0.795569728,0.843303912,0.778464979,0.829952926,0.860532259
4,12,28,0.795569728,0.859215306,0.802570742,0.868265707,0.781521049
4,12,29,0.796581633,0.78065,0.788615817,0.867477398,0.727498091
4,12,30,0.796581633,0.876239796,0.869867143,0.932319143,0.920877045
4,12,31,0.788044218,0.788044218,0.764402891,0.819171965,0.845209931
4,12,32,0.788044218,0.86684864,0.86881875,0.925360923,0.801909363
4,12,33,0.722789116,0.701105443,0.683469388,0.758651021,0.759493966
4,12,34,0.722789116,0.664965987,0.638367347,0.634851701,0.718463021
4,12,35,0.143384354,0.154855102,0.138681347,0.154378684,0.143390126
4,12,36,0.143384354,0.151987415,0.158023897,0.160199802,0.16106881
4,12,37,0.0,0.0,0.0,0.0,0.0
4,12,38,0.0,0.0,0.0,0.0,0.0
4,12,39,0.0,0.0,0.0,0.0,0.0
4,12,40,0.0,0.0,0.0,0.0,0.0
4,12,41,0.0,0.0,0.0,0.0,0.0
4,12,42,0.0,0.0,0.0,0.0,0.0
4,12,43,0.0,0.0,0.0,0.0,0.0
4,12,44,0.0,0.0,0.0,0.0,0.0
4,12,45,0.0,0.0,0.0,0.0,0.0
4,12,46,0.0,0.0,0.0,0.0,0.0
4,12,47,0.0,0.0,0.0,0.0,0.0
4,12,48,0.0,0.0,0.0,0.0,0.0
4,13,1,0.0,0.0,0.0,0.0,0.0
4,13,2,0.0,0.0,0.0,0.0,0.0
4,13,3,0.0,0.0,0.0,0.0,0.0
4,13,4,0.0,0.0,0.0,0.0,0.0
4,13,5,0.0,0.0,0.0,0.0,0.0
4,13,6,0.0,0.0,0.0,0.0,0.0
4,13,7,0.0,0.0,0.0,0.0,0.0
4,13,8,0.0,0.0,0.0,0.0,0.0
4,13,9,0.0,0.0,0.0,0.0,0.0
4,13,10,0.0,0.0,0.0,0.0,0.0
4,13,11,0.0,0.0,0.0,0.0,0.0
4,13,12,0.0,0.0,0.0,0.0,0.0
4,13,13,0.044830782,0.041692627,0.047587875,0.04693895,0.041641554
4,13,14,0.044830782,0.042140935,0.039137273,0.0458196,0.042552326
4,13,15,0.548596939,0.526653061,0.48923875,0.495421438,0.556175751
4,13,16,0.548596939,0.515681123,0.478925128,0.524689084,0.491124415
4,13,17,0.75744898,0.681704082,0.683597704,0.707583589,0.672204409
4,13,18,0.75744898,0.712002041,0.756767276,0.764334949,0.732685545
4,13,19,0.769081633,0.715245919,0.816380153,0.697881337,0.787129624
4,13,20,0.769081633,0.715245919,0.734742138,0.747086796,0.808277642
4,13,21,0.773843537,0.828012585,0.816946622,0.830455609,0.869176609
4,13,22,0.773843537,0.804797278,0.828786428,0.810500505,0.756213021
4,13,23,0.770748299,0.847823129,0.801192857,0.879181023,0.898962596
4,13,24,0.770748299,0.709088435,0.688124081,0.657614781,0.727585716
4,13,25,0.769583333,0.815758333,0.824377666,0.843401766,0.878342697
4,13,26,0.769583333,0.754191666,0.799981875,0.697127062,0.732564355
4,13,27,0.772610544,0.741706122,0.787444666,0.820961542,0.858748791
4,13,28,0.772610544,0.69534949,0.704620816,0.695225872,0.781477332
4,13,29,0.770229592,0.808741072,0.742116212,0.773695625,0.80464345
4,13,30,0.770229592,0.731718112,0.675876467,0.682384907,0.707901747
4,13,31,0.754107143,0.784271429,0.792264964,0.776881179,0.854569297
4,13,32,0.754107143,0.814435714,0.752900572,0.797028911,0.803006627
4,13,33,0.677253401,0.684025935,0.653414081,0.671564472,0.698427051
4,13,34,0.677253401,0.677253401,0.629845663,0.66806533,0.702890716
4,13,35,0.127329932,0.132423129,0.124681469,0.119174705,0.12212524
4,13,36,0.127329932,0.129876531,0.119601005,0.125602489,0.116810315
4,13,37,0.0,0.0,0.0,0.0,0.0
4,13,38,0.0,0.0,0.0,0.0,0.0
4,13,39,0.0,0.0,0.0,0.0,0.0
4,13,40,0.0,0.0,0.0,0.0,0.0
4,13,41,0.0,0.0,0.0,0.0,0.0
4,13,42,0.0,0.0,0.0,0.0,0.0
4,13,43,0.0,0.0,0.0,0.0,0.0
4,13,44,0.0,0.0,0.0,0.0,0.0
4,13,45,0.0,0.0,0.0,0.0,0.0
4,13,46,0.0,0.0,0.0,0.0,0.0
4,13,47,0.0,0.0,0.0,0.0,0.0
4,13,48,0.0,0.0,0.0,0.0,0.0
4,14,1,0.0,0.0,0.0,0.0,0.0
4,14,2,0.0,0.0,0.0,0.0,0.0
4,14,3,0.0,0.0,0.0,0.0,0.0
4,14,4,0.0,0.0,0.0,0.0,0.0
4,14,5,0.0,0.0,0.0,0.0,0.0
4,14,6,0.0,0.0,0.0,0.0,0.0
4,14,7,0.0,0.0,0.0,0.0,0.0
4,14,8,0.0,0.0,0.0,0.0,0.0
4,14,9,0.0,0.0,0.0,0.0,0.0
4,14,10,0.0,0.0,0.0,0.0,0.0
4,14,11,0.0,0.0,0.0,0.0,0.0
4,14,12,0.0,0.0,0.0,0.0,0.0
4,14,13,0.039015306,0.041356224,0.037774619,0.041744973,0.037574414
4,14,14,0.039015306,0.039405459,0.041955109,0.042131556,0.039001783
4,14,15,0.502091837,0.502091837,0.512133674,0.550928636,0.558156416
4,14,16,0.502091837,0.532217347,0.537840776,0.482125988,0.564925886
4,14,17,0.721947279,0.649752551,0.685849915,0.630981922,0.658690258
4,14,18,0.721947279,0.772483589,0.694910353,0.729780407,0.780865035
4,14,19,0.746028912,0.783330358,0.718798857,0.779361484,0.809861496
4,14,20,0.746028912,0.716187756,0.774974834,0.76064511,0.726975378
4,14,21,0.749472789,0.734483333,0.667780255,0.710073004,0.722606869
4,14,22,0.749472789,0.719493877,0.668379833,0.662577415,0.636982691
4,14,23,0.748741497,0.703817007,0.668176912,0.685704451,0.645481169
4,14,24,0.748741497,0.726279252,0.700634856,0.746975091,0.686818214
4,14,25,0.747457483,0.792304932,0.839170516,0.777118091,0.725891735
4,14,26,0.747457483,0.725033759,0.706795796,0.719164722,0.775335846
4,14,27,0.748460884,0.696068622,0.743932696,0.693013031,0.648331927
4,14,28,0.748460884,0.793368537,0.724659828,0.755496416,0.702611667
4,14,29,0.747091837,0.799388266,0.719113248,0.717437894,0.805418436
4,14,30,0.747091837,0.747091837,0.821801021,0.725675204,0.783227424
4,14,31,0.701785714,0.729857143,0.744454285,0.747126685,0.686957599
4,14,32,0.701785714,0.750910714,0.798983035,0.735548625,0.69453053
4,14,33,0.53037415,0.509159184,0.46779,0.537611989,0.516346169
4,14,34,0.53037415,0.567500341,0.570894735,0.572944101,0.532406915
4,14,35,0.058261905,0.063505476,0.061492528,0.059864904,0.063212451
4,14,36,0.058261905,0.057679286,0.062028537,0.056357081,0.0550668
4,14,37,0.0,0.0,0.0,0.0,0.0
4,14,38,0.0,0.0,0.0,0.0,0.0
4,14,39,0.0,0.0,0.0,0.0,0.0
4,14,40,0.0,0.0,0.0,0.0,0.0
4,14,41,0.0,0.0,0.0,0.0,0.0
4,14,42,0.0,0.0,0.0,0.0,0.0
4,14,43,0.0,0.0,0.0,0.0,0.0
4,14,44,0.0,0.0,0.0,0.0,0.0
4,14,45,0.0,0.0,0.0,0.0,0.0
4,14,46,0.0,0.0,0.0,0.0,0.0
4,14,47,0.0,0.0,0.0,0.0,0.0
4,14,48,0.0,0.0,0.0,0.0,0.0
4,15,1,0.0,0.0,0.0,0.0,0.0
4,15,2,0.0,0.0,0.0,0.0,0.0
4,15,3,0.0,0.0,0.0,0.0,0.0
4,15,4,0.0,0.0,0.0,0.0,0.0
4,15,5,0.0,0.0,0.0,0.0,0.0
4,15,6,0.0,0.0,0.0,0.0,0.0
4,15,7,0.0,0.0,0.0,0.0,0.0
4,15,8,0.0,0.0,0.0,0.0,0.0
4,15,9,0.0,0.0,0.0,0.0,0.0
4,15,10,0.0,0.0,0.0,0.0,0.0
4,15,11,0.0,0.0,0.0,0.0,0.0
4,15,12,0.0,0.0,0.0,0.0,0.0
4,15,13,0.039165816,0.039949132,0.036392876,0.040042713,0.040054263
4,15,14,0.039165816,0.038774158,0.037800887,0.037422878,0.03522766
4,15,15,0.410986395,0.378107483,0.406383347,0.386537636,0.411323864
4,15,16,0.410986395,0.447975171,0.386532704,0.456681232,0.400011243
4,15,17,0.658826531,0.711532653,0.671476,0.62616279,0.653659504
4,15,18,0.658826531,0.672003062,0.725302128,0.699084785,0.661251961
4,15,19,0.730688776,0.657619898,0.742745141,0.696144246,0.763343477
4,15,20,0.730688776,0.716075,0.737849526,0.786460789,0.727913152
4,15,21,0.749472789,0.726988605,0.679172241,0.696988209,0.713155461
4,15,22,0.749472789,0.741978061,0.753182679,0.725764841,0.683191625
4,15,23,0.74795068,0.800307228,0.812835401,0.787031103,0.818512347
4,15,24,0.74795068,0.822745748,0.753934285,0.774876904,0.81362075
4,15,25,0.74795068,0.74795068,0.755430187,0.825488234,0.830741341
4,15,26,0.74795068,0.703073639,0.776298011,0.683045515,0.683936443
4,15,27,0.751955782,0.721877551,0.751655,0.719574561,0.714177752
4,15,28,0.751955782,0.729397109,0.674015565,0.646610537,0.735519486
4,15,29,0.713656463,0.749339286,0.680293023,0.657275224,0.721145229
4,15,30,0.713656463,0.706519898,0.639079363,0.734467875,0.691446591
4,15,31,0.592797619,0.652077381,0.653559375,0.575858427,0.668059057
4,15,32,0.592797619,0.6224375,0.613693735,0.548678656,0.624121971
4,15,33,0.626717687,0.60164898,0.5711905,0.605850913,0.655473702
4,15,34,0.626717687,0.595381803,0.586607755,0.645105584,0.576646015
4,15,35,0.107295918,0.098712245,0.100944,0.106410083,0.109540995
4,15,36,0.107295918,0.111587755,0.112725091,0.11274698,0.116643383
4,15,37,0.0,0.0,0.0,0.0,0.0
4,15,38,0.0,0.0,0.0,0.0,0.0
4,15,39,0.0,0.0,0.0,0.0,0.0
4,15,40,0.0,0.0,0.0,0.0,0.0
4,15,41,0.0,0.0,0.0,0.0,0.0
4,15,42,0.0,0.0,0.0,0.0,0.0
4,15,43,0.0,0.0,0.0,0.0,0.0
4,15,44,0.0,0.0,0.0,0.0,0.0
4,15,45,0.0,0.0,0.0,0.0,0.0
4,15,46,0.0,0.0,0.0,0.0,0.0
4,15,47,0.0,0.0,0.0,0.0,0.0
4,15,48,0.0,0.0,0.0,0.0,0.0
4,16,1,0.0,0.0,0.0,0.0,0.0
4,16,2,0.0,0.0,0.0,0.0,0.0
4,16,3,0.0,0.0,0.0,0.0,0.0
4,16,4,0.0,0.0,0.0,0.0,0.0
4,16,5,0.0,0.0,0.0,0.0,0.0
4,16,6,0.0,0.0,0.0,0.0,0.0
4,16,7,0.0,0.0,0.0,0.0,0.0
4,16,8,0.0,0.0,0.0,0.0,0.0
4,16,9,0.0,0.0,0.0,0.0,0.0
4,16,10,0.0,0.0,0.0,0.0,0.0
4,16,11,0.0,0.0,0.0,0.0,0.0
4,16,12,0.0,0.0,0.0,0.0,0.0
4,16,13,0.015187925,0.015187925,0.015339804,0.014019467,0.014784443
4,16,14,0.015187925,0.01427665,0.01591087,0.016486412,0.014382882
4,16,15,0.135901361,0.125029252,0.125246694,0.127438511,0.132256073
4,16,16,0.135901361,0.129106293,0.143104133,0.13467689,0.126198367
4,16,17,0.484294218,0.455236565,0.507346623,0.443709071,0.482099552
4,16,18,0.484294218,0.498823045,0.521052149,0.516431498,0.530407739
4,16,19,0.523596939,0.497417092,0.510507016,0.459456314,0.507699227
4,16,20,0.523596939,0.507889031,0.520900415,0.465715915,0.499480319
4,16,21,0.53079932,0.573263266,0.574112545,0.553797793,0.597052757
4,16,22,0.53079932,0.525491327,0.485893698,0.519202063,0.489579272
4,16,23,0.545391156,0.578114625,0.601075593,0.523123017,0.522591271
4,16,24,0.545391156,0.507213775,0.552617589,0.492268239,0.534860144
4,16,25,0.67837585,0.651240816,0.691400666,0.734302964,0.640611969
4,16,26,0.67837585,0.705510884,0.719621102,0.701169279,0.645075736
4,16,27,0.732244898,0.666342857,0.657336245,0.65789568,0.719162215
4,16,28,0.732244898,0.7176,0.695925551,0.765324794,0.669551906
4,16,29,0.620739796,0.589702806,0.56285581,0.543811513,0.532935283
4,16,30,0.620739796,0.57728801,0.658915293,0.625170844,0.570886207
4,16,31,0.625314626,0.625314626,0.650327211,0.665334762,0.705730087
4,16,32,0.625314626,0.66908665,0.614840606,0.636413961,0.623685681
4,16,33,0.551011905,0.595092857,0.532938715,0.593262029,0.539672558
4,16,34,0.551011905,0.517951191,0.539826363,0.546988416,0.533555024
4,16,35,0.024920068,0.024172466,0.024546267,0.026755431,0.025098558
4,16,36,0.024920068,0.025916871,0.026181023,0.025672654,0.023875568
4,16,37,0.0,0.0,0.0,0.0,0.0
4,16,38,0.0,0.0,0.0,0.0,0.0
4,16,39,0.0,0.0,0.0,0.0,0.0
4,16,40,0.0,0.0,0.0,0.0,0.0
4,16,41,0.0,0.0,0.0,0.0,0.0
4,16,42,0.0,0.0,0.0,0.0,0.0
4,16,43,0.0,0.0,0.0,0.0,0.0
4,16,44,0.0,0.0,0.0,0.0,0.0
4,16,45,0.0,0.0,0.0,0.0,0.0
4,16,46,0.0,0.0,0.0,0.0,0.0
4,16,47,0.0,0.0,0.0,0.0,0.0
4,16,48,0.0,0.0,0.0,0.0,0.0
4,17,1,0.0,0.0,0.0,0.0,0.0
4,17,2,0.0,0.0,0.0,0.0,0.0
4,17,3,0.0,0.0,0.0,0.0,0.0
4,17,4,0.0,0.0,0.0,0.0,0.0
4,17,5,0.0,0.0,0.0,0.0,0.0
4,17,6,0.0,0.0,0.0,0.0,0.0
4,17,7,0.0,0.0,0.0,0.0,0.0
4,17,8,0.0,0.0,0.0,0.0,0.0
4,17,9,0.0,0.0,0.0,0.0,0.0
4,17,10,0.0,0.0,0.0,0.0,0.0
4,17,11,0.0,0.0,0.0,0.0,0.0
4,17,12,0.0,0.0,0.0,0.0,0.0
4,17,13,0.02464966,0.02538915,0.022767658,0.022812693,0.026056222
4,17,14,0.02464966,0.025142653,0.02539408,0.024560888,0.024188716
4,17,15,0.20127551,0.20530102,0.211419796,0.189518873,0.21197274
4,17,16,0.20127551,0.211339286,0.208370472,0.190435482,0.196769532
4,17,17,0.638290816,0.619142092,0.603567796,0.576910218,0.585098621
4,17,18,0.638290816,0.574461734,0.624567563,0.630813239,0.666396005
4,17,19,0.678435374,0.61737619,0.628468609,0.660669526,0.633312676
4,17,20,0.678435374,0.705572789,0.692004081,0.657403877,0.615018627
4,17,21,0.331181973,0.334493793,0.299554095,0.331395585,0.314431671
4,17,22,0.331181973,0.334493793,0.362793292,0.35653594,0.349713762
4,17,23,0.578630952,0.520767857,0.588178363,0.568150981,0.59212864
4,17,24,0.578630952,0.619135119,0.586905375,0.600839387,0.63216037
4,17,25,0.282670068,0.274189966,0.250587015,0.266457526,0.287269474
4,17,26,0.282670068,0.29115017,0.28977922,0.287866486,0.264837167
4,17,27,0.083460884,0.077618622,0.079734356,0.085890277,0.086576597
4,17,28,0.083460884,0.075949404,0.07173463,0.078589272,0.078982219
4,17,29,0.078869048,0.086755953,0.0894375,0.089271875,0.089526938
4,17,30,0.078869048,0.08202381,0.082859822,0.079625875,0.077610853
4,17,31,0.140714286,0.149157143,0.142037,0.129572529,0.126333216
4,17,32,0.140714286,0.140714286,0.129457143,0.150658096,0.140385953
4,17,33,0.097695578,0.094764711,0.092380939,0.102542842,0.087161416
4,17,34,0.097695578,0.095741666,0.105423298,0.096631575,0.108760332
4,17,35,0.045216837,0.047477679,0.048201148,0.050722439,0.051257843
4,17,36,0.045216837,0.048834184,0.049376786,0.045896898,0.044964617
4,17,37,0.0,0.0,0.0,0.0,0.0
4,17,38,0.0,0.0,0.0,0.0,0.0
4,17,39,0.0,0.0,0.0,0.0,0.0
4,17,40,0.0,0.0,0.0,0.0,0.0
4,17,41,0.0,0.0,0.0,0.0,0.0
4,17,42,0.0,0.0,0.0,0.0,0.0
4,17,43,0.0,0.0,0.0,0.0,0.0
4,17,44,0.0,0.0,0.0,0.0,0.0
4,17,45,0.0,0.0,0.0,0.0,0.0
4,17,46,0.0,0.0,0.0,0.0,0.0
4,17,47,0.0,0.0,0.0,0.0,0.0
4,17,48,0.0,0.0,0.0,0.0,0.0
4,18,1,0.0,0.0,0.0,0.0,0.0
4,18,2,0.0,0.0,0.0,0.0,0.0
4,18,3,0.0,0.0,0.0,0.0,0.0
4,18,4,0.0,0.0,0.0,0.0,0.0
4,18,5,0.0,0.0,0.0,0.0,0.0
4,18,6,0.0,0.0,0.0,0.0,0.0
4,18,7,0.0,0.0,0.0,0.0,0.0
4,18,8,0.0,0.0,0.0,0.0,0.0
4,18,9,0.0,0.0,0.0,0.0,0.0
4,18,10,0.0,0.0,0.0,0.0,0.0
4,18,11,0.0,0.0,0.0,0.0,0.0
4,18,12,0.0,0.0,0.0,0.0,0.0
4,18,13,0.033431122,0.031090943,0.035487136,0.035003221,0.036790885
4,18,14,0.033431122,0.036105612,0.032682265,0.03271008,0.031708333
4,18,15,0.48210034,0.486921343,0.440904866,0.451176496,0.474581277
4,18,16,0.48210034,0.48210034,0.457995323,0.497768601,0.44639177
4,18,17,0.586539116,0.574808334,0.615514148,0.645593047,0.545052295
4,18,18,0.586539116,0.55721216,0.594750664,0.538935601,0.518117041
4,18,19,0.219260204,0.212682398,0.237568431,0.225402048,0.22372827
4,18,20,0.219260204,0.210489796,0.19553625,0.223018762,0.220559303
4,18,21,0.515093537,0.561451955,0.570569111,0.603942021,0.517743024
4,18,22,0.515093537,0.520244472,0.517669005,0.548729145,0.52543404
4,18,23,0.442916667,0.4650625,0.422210313,0.487736143,0.477205476
4,18,24,0.442916667,0.47835,0.446814334,0.43322565,0.468339729
4,18,25,0.092304422,0.084920068,0.091270612,0.095763253,0.096528464
4,18,26,0.092304422,0.097842687,0.103630175,0.10673908,0.108139418
4,18,27,0.241938776,0.234680613,0.240692791,0.219975735,0.246038078
4,18,28,0.241938776,0.217744898,0.218349745,0.203410026,0.202731993
4,18,29,0.259132653,0.279863265,0.277582898,0.250417504,0.290756497
4,18,30,0.259132653,0.243584694,0.243817913,0.256310439,0.235668739
4,18,31,0.228758503,0.208170238,0.222833658,0.241912879,0.207385314
4,18,32,0.228758503,0.247059183,0.221255224,0.234681213,0.22827976
4,18,33,0.037708333,0.0362,0.040649583,0.036658533,0.040072359
4,18,34,0.037708333,0.039216666,0.035770125,0.038691993,0.039739118
4,18,35,0.0,0.0,0.0,0.0,0.0
4,18,36,0.0,0.0,0.0,0.0,0.0
4,18,37,0.0,0.0,0.0,0.0,0.0
4,18,38,0.0,0.0,0.0,0.0,0.0
4,18,39,0.0,0.0,0.0,0.0,0.0
4,18,40,0.0,0.0,0.0,0.0,0.0
4,18,41,0.0,0.0,0.0,0.0,0.0
4,18,42,0.0,0.0,0.0,0.0,0.0
4,18,43,0.0,0.0,0.0,0.0,0.0
4,18,44,0.0,0.0,0.0,0.0,0.0
4,18,45,0.0,0.0,0.0,0.0,0.0
4,18,46,0.0,0.0,0.0,0.0,0.0
4,18,47,0.0,0.0,0.0,0.0,0.0
4,18,48,0.0,0.0,0.0,0.0,0.0
4,19,1,0.0,0.0,0.0,0.0,0.0
4,19,2,0.0,0.0,0.0,0.0,0.0
4,19,3,0.0,0.0,0.0,0.0,0.0
4,19,4,0.0,0.0,0.0,0.0,0.0
4,19,5,0.0,0.0,0.0,0.0,0.0
4,19,6,0.0,0.0,0.0,0.0,0.0
4,19,7,0.0,0.0,0.0,0.0,0.0
4,19,8,0.0,0.0,0.0,0.0,0.0
4,19,9,0.0,0.0,0.0,0.0,0.0
4,19,10,0.0,0.0,0.0,0.0,0.0
4,19,11,0.0,0.0,0.0,0.0,0.0
4,19,12,0.0,0.0,0.0,0.0,0.0
4,19,13,0.035239796,0.033477806,0.034358801,0.033328037,0.035124143
4,19,14,0.035239796,0.037706582,0.040120508,0.036181403,0.033580865
4,19,15,0.501998299,0.491958333,0.482068967,0.501848704,0.48952389
4,19,16,0.501998299,0.522078231,0.52227903,0.52576089,0.543930568
4,19,17,0.729379252,0.722085459,0.682188414,0.782339479,0.663388318
4,19,18,0.729379252,0.685616497,0.764097704,0.777209998,0.709512828
4,19,19,0.739540816,0.665586734,0.667435586,0.649403116,0.680491563
4,19,20,0.739540816,0.680377551,0.681560816,0.644453616,0.6864832
4,19,21,0.746751701,0.784089286,0.757766289,0.709468255,0.757014072
4,19,22,0.746751701,0.746751701,0.672076531,0.757952977,0.708956731
4,19,23,0.744880952,0.685290476,0.743689142,0.739112594,0.699113559
4,19,24,0.744880952,0.700188095,0.787562631,0.684673714,0.685566767
4,19,25,0.746258503,0.671632653,0.779840136,0.673970929,0.674850022
4,19,26,0.746258503,0.768646258,0.810474047,0.736369956,0.734819703
4,19,27,0.752278912,0.68457381,0.646583725,0.708368392,0.753787306
4,19,28,0.752278912,0.759801701,0.756040307,0.703117485,0.817090561
4,19,29,0.753511905,0.700766072,0.792581497,0.718995032,0.73404899
4,19,30,0.753511905,0.783652381,0.722467215,0.775806815,0.819568345
4,19,31,0.743112245,0.705956633,0.688307717,0.705334276,0.767531935
4,19,32,0.743112245,0.750543367,0.761764362,0.721734392,0.781503021
4,19,33,0.618316327,0.568851021,0.611391184,0.56354834,0.596431985
4,19,34,0.618316327,0.64304898,0.668523613,0.598265565,0.682601711
4,19,35,0.088554422,0.092096599,0.092132021,0.081834912,0.085994854
4,19,36,0.088554422,0.093867687,0.094859497,0.097048562,0.090775066
4,19,37,0.0,0.0,0.0,0.0,0.0
4,19,38,0.0,0.0,0.0,0.0,0.0
4,19,39,0.0,0.0,0.0,0.0,0.0
4,19,40,0.0,0.0,0.0,0.0,0.0
4,19,41,0.0,0.0,0.0,0.0,0.0
4,19,42,0.0,0.0,0.0,0.0,0.0
4,19,43,0.0,0.0,0.0,0.0,0.0
4,19,44,0.0,0.0,0.0,0.0,0.0
4,19,45,0.0,0.0,0.0,0.0,0.0
4,19,46,0.0,0.0,0.0,0.0,0.0
4,19,47,0.0,0.0,0.0,0.0,0.0
4,19,48,0.0,0.0,0.0,0.0,0.0
4,20,1,0.0,0.0,0.0,0.0,0.0
4,20,2,0.0,0.0,0.0,0.0,0.0
4,20,3,0.0,0.0,0.0,0.0,0.0
4,20,4,0.0,0.0,0.0,0.0,0.0
4,20,5,0.0,0.0,0.0,0.0,0.0
4,20,6,0.0,0.0,0.0,0.0,0.0
4,20,7,0.0,0.0,0.0,0.0,0.0
4,20,8,0.0,0.0,0.0,0.0,0.0
4,20,9,0.0,0.0,0.0,0.0,0.0
4,20,10,0.0,0.0,0.0,0.0,0.0
4,20,11,0.0,0.0,0.0,0.0,0.0
4,20,12,0.0,0.0,0.0,0.0,0.0
4,20,13,0.034462585,0.031360952,0.032911769,0.036202946,0.036433328
4,20,14,0.034462585,0.03653034,0.036916321,0.037768236,0.038240339
4,20,15,0.510603741,0.495285629,0.513003579,0.536675508,0.477919666
4,20,16,0.510603741,0.556558078,0.501566055,0.475847455,0.557146777
4,20,17,0.726326531,0.798959184,0.724510715,0.719934858,0.794403119
4,20,18,0.726326531,0.769906123,0.673304694,0.773801654,0.772626488
4,20,19,0.739081633,0.776035715,0.795436608,0.700868033,0.828141047
4,20,20,0.739081633,0.812989796,0.783796072,0.73190515,0.728596005
4,20,21,0.74332483,0.802790816,0.695752041,0.777180798,0.830238334
4,20,22,0.74332483,0.765624575,0.784653691,0.695726272,0.807118929
4,20,23,0.739991497,0.776991072,0.804000761,0.820080777,0.800971347
4,20,24,0.739991497,0.762191242,0.736069542,0.693858207,0.762348727
4,20,25,0.741284014,0.696806973,0.747807313,0.779637061,0.69690081
4,20,26,0.741284014,0.733871174,0.789208026,0.762335615,0.74910796
4,20,27,0.748061224,0.673255102,0.646698928,0.751378876,0.683703076
4,20,28,0.748061224,0.80042551,0.69681903,0.79334137,0.835627962
4,20,29,0.750569728,0.818121004,0.800032273,0.805365822,0.864939205
4,20,30,0.750569728,0.758075425,0.769409028,0.782131936,0.826250252
4,20,31,0.736164966,0.750888265,0.765832414,0.796019595,0.777470836
4,20,32,0.736164966,0.736164966,0.728803316,0.755722415,0.739213916
4,20,33,0.613656463,0.644339286,0.65415779,0.637384513,0.701122964
4,20,34,0.613656463,0.656612415,0.584323684,0.661471347,0.685627415
4,20,35,0.086743197,0.082406037,0.080345886,0.08316504,0.081501739
4,20,36,0.086743197,0.093682653,0.087506537,0.094669443,0.083398421
4,20,37,0.0,0.0,0.0,0.0,0.0
4,20,38,0.0,0.0,0.0,0.0,0.0
4,20,39,0.0,0.0,0.0,0.0,0.0
4,20,40,0.0,0.0,0.0,0.0,0.0
4,20,41,0.0,0.0,0.0,0.0,0.0
4,20,42,0.0,0.0,0.0,0.0,0.0
4,20,43,0.0,0.0,0.0,0.0,0.0
4,20,44,0.0,0.0,0.0,0.0,0.0
4,20,45,0.0,0.0,0.0,0.0,0.0
4,20,46,0.0,0.0,0.0,0.0,0.0
4,20,47,0.0,0.0,0.0,0.0,0.0
4,20,48,0.0,0.0,0.0,0.0,0.0
4,21,1,0.0,0.0,0.0,0.0,0.0
4,21,2,0.0,0.0,0.0,0.0,0.0
4,21,3,0.0,0.0,0.0,0.0,0.0
4,21,4,0.0,0.0,0.0,0.0,0.0
4,21,5,0.0,0.0,0.0,0.0,0.0
4,21,6,0.0,0.0,0.0,0.0,0.0
4,21,7,0.0,0.0,0.0,0.0,0.0
4,21,8,0.0,0.0,0.0,0.0,0.0
4,21,9,0.0,0.0,0.0,0.0,0.0
4,21,10,0.0,0.0,0.0,0.0,0.0
4,21,11,0.0,0.0,0.0,0.0,0.0
4,21,12,0.0,0.0,0.0,0.0,0.0
4,21,13,0.03219983,0.030589839,0.031394834,0.030766938,0.033112132
4,21,14,0.03219983,0.030911837,0.029346925,0.027737578,0.030349533
4,21,15,0.500697279,0.480669388,0.4857765,0.449923905,0.4744741
4,21,16,0.500697279,0.455634524,0.468602583,0.489227473,0.449828037
4,21,17,0.720059524,0.698457738,0.751814149,0.651099423,0.719464863
4,21,18,0.720059524,0.655254167,0.673903709,0.628426669,0.615858136
4,21,19,0.731819728,0.702546939,0.681324167,0.63470725,0.64634355
4,21,20,0.731819728,0.731819728,0.775728912,0.679275072,0.6785846
4,21,21,0.73377551,0.777802041,0.831367653,0.702883561,0.799530051
4,21,22,0.73377551,0.70442449,0.661572,0.64393008,0.644769989
4,21,23,0.725943878,0.784019388,0.717232551,0.705278676,0.674469133
4,21,24,0.725943878,0.733203317,0.773348013,0.714398467,0.758825121
4,21,25,0.722772109,0.751682993,0.700366174,0.695942808,0.717691021
4,21,26,0.722772109,0.657722619,0.745467153,0.673221262,0.755779449
4,21,27,0.726607143,0.668478572,0.627788572,0.667548514,0.6726057
4,21,28,0.726607143,0.653946429,0.621249107,0.673940235,0.675625086
4,21,29,0.729855442,0.686064115,0.700880181,0.705599913,0.769103905
4,21,30,0.729855442,0.773646769,0.819408705,0.743331493,0.804888632
4,21,31,0.714744898,0.657565306,0.706739755,0.665295987,0.713529946
4,21,32,0.714744898,0.671860204,0.644771372,0.744838041,0.72875631
4,21,33,0.591335034,0.585421684,0.553075657,0.542014144,0.56796163
4,21,34,0.591335034,0.544028231,0.510913469,0.510345788,0.560721856
4,21,35,0.080852891,0.076001718,0.075290212,0.084345951,0.075166558
4,21,36,0.080852891,0.084087007,0.084944047,0.074965183,0.087709265
4,21,37,0.0,0.0,0.0,0.0,0.0
4,21,38,0.0,0.0,0.0,0.0,0.0
4,21,39,0.0,0.0,0.0,0.0,0.0
4,21,40,0.0,0.0,0.0,0.0,0.0
4,21,41,0.0,0.0,0.0,0.0,0.0
4,21,42,0.0,0.0,0.0,0.0,0.0
4,21,43,0.0,0.0,0.0,0.0,0.0
4,21,44,0.0,0.0,0.0,0.0,0.0
4,21,45,0.0,0.0,0.0,0.0,0.0
4,21,46,0.0,0.0,0.0,0.0,0.0
4,21,47,0.0,0.0,0.0,0.0,0.0
4,21,48,0.0,0.0,0.0,0.0,0.0
4,22,1,0.0,0.0,0.0,0.0,0.0
4,22,2,0.0,0.0,0.0,0.0,0.0
4,22,3,0.0,0.0,0.0,0.0,0.0
4,22,4,0.0,0.0,0.0,0.0,0.0
4,22,5,0.0,0.0,0.0,0.0,0.0
4,22,6,0.0,0.0,0.0,0.0,0.0
4,22,7,0.0,0.0,0.0,0.0,0.0
4,22,8,0.0,0.0,0.0,0.0,0.0
4,22,9,0.0,0.0,0.0,0.0,0.0
4,22,10,0.0,0.0,0.0,0.0,0.0
4,22,11,0.0,0.0,0.0,0.0,0.0
4,22,12,0.0,0.0,0.0,0.0,0.0
4,22,13,0.031004252,0.032554465,0.029872597,0.033635273,0.033672645
4,22,14,0.031004252,0.032244422,0.031624337,0.029410633,0.03138162
4,22,15,0.467193878,0.476537756,0.486021791,0.457521096,0.514282307
4,22,16,0.467193878,0.462521939,0.432317855,0.472171673,0.46313685
4,22,17,0.707465986,0.707465986,0.665018027,0.721049333,0.721257328
4,22,18,0.707465986,0.700391326,0.647614364,0.678305653,0.703947662
4,22,19,0.720178571,0.720178571,0.669766071,0.682273172,0.663194141
4,22,20,0.720178571,0.784994642,0.714957276,0.688240452,0.683467171
4,22,21,0.724430272,0.651987245,0.619387883,0.678573836,0.601735328
4,22,22,0.724430272,0.659231548,0.657239364,0.659891383,0.641438235
4,22,23,0.719064626,0.65434881,0.700440852,0.712023305,0.703434092
4,22,24,0.719064626,0.762208504,0.785074759,0.695013352,0.725533504
4,22,25,0.717040816,0.724211224,0.699007239,0.684882969,0.713348418
4,22,26,0.717040816,0.652507143,0.623144321,0.631019222,0.596894367
4,22,27,0.711411565,0.704297449,0.651226147,0.633860116,0.607678937
4,22,28,0.711411565,0.775438606,0.691385329,0.660731435,0.709741734
4,22,29,0.670467687,0.670467687,0.724105102,0.647046016,0.745823785
4,22,30,0.670467687,0.636944303,0.640631875,0.616880557,0.679704972
4,22,31,0.538920068,0.544309269,0.595776135,0.610038655,0.53792537
4,22,32,0.538920068,0.538920068,0.592812075,0.517902185,0.601852459
4,22,33,0.439761905,0.452954762,0.490994167,0.461236945,0.428950359
4,22,34,0.439761905,0.408978572,0.428613941,0.387464173,0.449501019
4,22,35,0.061251701,0.05941415,0.062142913,0.063983067,0.062931917
4,22,36,0.061251701,0.063701769,0.063101502,0.058923891,0.066684293
4,22,37,0.0,0.0,0.0,0.0,0.0
4,22,38,0.0,0.0,0.0,0.0,0.0
4,22,39,0.0,0.0,0.0,0.0,0.0
4,22,40,0.0,0.0,0.0,0.0,0.0
4,22,41,0.0,0.0,0.0,0.0,0.0
4,22,42,0.0,0.0,0.0,0.0,0.0
4,22,43,0.0,0.0,0.0,0.0,0.0
4,22,44,0.0,0.0,0.0,0.0,0.0
4,22,45,0.0,0.0,0.0,0.0,0.0
4,22,46,0.0,0.0,0.0,0.0,0.0
4,22,47,0.0,0.0,0.0,0.0,0.0
4,22,48,0.0,0.0,0.0,0.0,0.0
4,23,1,0.0,0.0,0.0,0.0,0.0
4,23,2,0.0,0.0,0.0,0.0,0.0
4,23,3,0.0,0.0,0.0,0.0,0.0
4,23,4,0.0,0.0,0.0,0.0,0.0
4,23,5,0.0,0.0,0.0,0.0,0.0
4,23,6,0.0,0.0,0.0,0.0,0.0
4,23,7,0.0,0.0,0.0,0.0,0.0
4,23,8,0.0,0.0,0.0,0.0,0.0
4,23,9,0.0,0.0,0.0,0.0,0.0
4,23,10,0.0,0.0,0.0,0.0,0.0
4,23,11,0.0,0.0,0.0,0.0,0.0
4,23,12,0.0,0.0,0.0,0.0,0.0
4,23,13,0.027039116,0.028391072,0.027992245,0.030588225,0.028502664
4,23,14,0.027039116,0.029743028,0.031230179,0.028750692,0.027439308
4,23,15,0.449353741,0.413405442,0.418438204,0.41852448,0.424930466
4,23,16,0.449353741,0.462834353,0.460654988,0.466766648,0.455303408
4,23,17,0.674209184,0.653982908,0.697300849,0.654909384,0.690203599
4,23,18,0.674209184,0.620272449,0.588989143,0.671771244,0.60686998
4,23,19,0.711904762,0.676309524,0.742694643,0.760024185,0.693823947
4,23,20,0.711904762,0.640714286,0.689835714,0.646777341,0.692477267
4,23,21,0.717321429,0.688628572,0.6889155,0.72622004,0.698218672
4,23,22,0.717321429,0.781880358,0.802072956,0.767091581,0.820787991
4,23,23,0.70047619,0.7355,0.753887499,0.781051382,0.742728768
4,23,24,0.70047619,0.707480952,0.753257071,0.662772359,0.670696811
4,23,25,0.463256803,0.477154507,0.470205655,0.498417994,0.496349089
4,23,26,0.463256803,0.453991667,0.499900416,0.486554451,0.471166576
4,23,27,0.644328231,0.612111819,0.672195427,0.694308772,0.655736062
4,23,28,0.644328231,0.58633869,0.603026791,0.611231238,0.641792799
4,23,29,0.575195578,0.62696318,0.631133348,0.62943029,0.646464629
4,23,30,0.575195578,0.51767602,0.551900157,0.564704969,0.574463948
4,23,31,0.423818027,0.440770748,0.471200882,0.449715851,0.486550251
4,23,32,0.423818027,0.402627126,0.400825899,0.388635833,0.444374393
4,23,33,0.286632653,0.260835714,0.246360765,0.288424585,0.259740892
4,23,34,0.286632653,0.315295918,0.285916071,0.313705107,0.312402935
4,23,35,0.065,0.0611,0.0611585,0.056801745,0.065286116
4,23,36,0.065,0.07085,0.070642,0.06607744,0.062690971
4,23,37,0.0,0.0,0.0,0.0,0.0
4,23,38,0.0,0.0,0.0,0.0,0.0
4,23,39,0.0,0.0,0.0,0.0,0.0
4,23,40,0.0,0.0,0.0,0.0,0.0
4,23,41,0.0,0.0,0.0,0.0,0.0
4,23,42,0.0,0.0,0.0,0.0,0.0
4,23,43,0.0,0.0,0.0,0.0,0.0
4,23,44,0.0,0.0,0.0,0.0,0.0
4,23,45,0.0,0.0,0.0,0.0,0.0
4,23,46,0.0,0.0,0.0,0.0,0.0
4,23,47,0.0,0.0,0.0,0.0,0.0
4,23,48,0.0,0.0,0.0,0.0,0.0
4,24,1,0.0,0.0,0.0,0.0,0.0
4,24,2,0.0,0.0,0.0,0.0,0.0
4,24,3,0.0,0.0,0.0,0.0,0.0
4,24,4,0.0,0.0,0.0,0.0,0.0
4,24,5,0.0,0.0,0.0,0.0,0.0
4,24,6,0.0,0.0,0.0,0.0,0.0
4,24,7,0.0,0.0,0.0,0.0,0.0
4,24,8,0.0,0.0,0.0,0.0,0.0
4,24,9,0.0,0.0,0.0,0.0,0.0
4,24,10,0.0,0.0,0.0,0.0,0.0
4,24,11,0.0,0.0,0.0,0.0,0.0
4,24,12,0.0,0.0,0.0,0.0,0.0
4,24,13,0.024336735,0.022146429,0.023706414,0.023396526,0.021992734
4,24,14,0.024336735,0.025553572,0.026192411,0.02434647,0.027618027
4,24,15,0.447091837,0.482859184,0.474275021,0.421267812,0.43355479
4,24,16,0.447091837,0.406853572,0.431242431,0.406976149,0.380736898
4,24,17,0.682168367,0.627594898,0.589393469,0.614060677,0.615738266
4,24,18,0.682168367,0.668525,0.715867484,0.681965081,0.652774909
4,24,19,0.695867347,0.626280612,0.66107398,0.621409541,0.592553662
4,24,20,0.695867347,0.737619388,0.659403898,0.732511721,0.727541106
4,24,21,0.668086735,0.648044133,0.710710669,0.675613846,0.614808599
4,24,22,0.668086735,0.714852806,0.691469771,0.629237491,0.621838765
4,24,23,0.691581633,0.726160715,0.680516327,0.713407949,0.709945823
4,24,24,0.691581633,0.733076531,0.762192118,0.69979209,0.772176834
4,24,25,0.657806122,0.618337755,0.638071938,0.631691219,0.585558618
4,24,26,0.657806122,0.710430612,0.629388898,0.672533963,0.72094309
4,24,27,0.709489796,0.6953,0.646203306,0.635807862,0.644832231
4,24,28,0.709489796,0.6953,0.772634388,0.754840384,0.784380772
4,24,29,0.68037415,0.612336735,0.61403767,0.591092052,0.661927761
4,24,30,0.68037415,0.612336735,0.67220966,0.609125369,0.694992397
4,24,31,0.690340136,0.71105034,0.70770219,0.6327278,0.726582424
4,24,32,0.690340136,0.752470748,0.743047605,0.684902327,0.789459225
4,24,33,0.394438776,0.398383164,0.424159738,0.409717165,0.439208687
4,24,34,0.394438776,0.358939286,0.403057263,0.354640166,0.355102741
4,24,35,0.061006803,0.054906123,0.060274721,0.060491092,0.056211201
4,24,36,0.061006803,0.056126259,0.055052539,0.052229632,0.058908999
4,24,37,0.0,0.0,0.0,0.0,0.0
4,24,38,0.0,0.0,0.0,0.0,0.0
4,24,39,0.0,0.0,0.0,0.0,0.0
4,24,40,0.0,0.0,0.0,0.0,0.0
4,24,41,0.0,0.0,0.0,0.0,0.0
4,24,42,0.0,0.0,0.0,0.0,0.0
4,24,43,0.0,0.0,0.0,0.0,0.0
4,24,44,0.0,0.0,0.0,0.0,0.0
4,24,45,0.0,0.0,0.0,0.0,0.0
4,24,46,0.0,0.0,0.0,0.0,0.0
4,24,47,0.0,0.0,0.0,0.0,0.0
4,24,48,0.0,0.0,0.0,0.0,0.0
4,25,1,0.0,0.0,0.0,0.0,0.0
4,25,2,0.0,0.0,0.0,0.0,0.0
4,25,3,0.0,0.0,0.0,0.0,0.0
4,25,4,0.0,0.0,0.0,0.0,0.0
4,25,5,0.0,0.0,0.0,0.0,0.0
4,25,6,0.0,0.0,0.0,0.0,0.0
4,25,7,0.0,0.0,0.0,0.0,0.0
4,25,8,0.0,0.0,0.0,0.0,0.0
4,25,9,0.0,0.0,0.0,0.0,0.0
4,25,10,0.0,0.0,0.0,0.0,0.0
4,25,11,0.0,0.0,0.0,0.0,0.0
4,25,12,0.0,0.0,0.0,0.0,0.0
4,25,13,0.019711735,0.021091556,0.021625744,0.019353001,0.020854419
4,25,14,0.019711735,0.018923266,0.018737975,0.017594379,0.017242492
4,25,15,0.290034014,0.313236735,0.298619021,0.315661419,0.301343919
4,25,16,0.290034014,0.298735034,0.288496834,0.283649302,0.301837948
4,25,17,0.551658163,0.584757653,0.528433354,0.577147712,0.543684244
4,25,18,0.551658163,0.606823979,0.579241071,0.596618303,0.583585379
4,25,19,0.457772109,0.457772109,0.434883504,0.441139722,0.456849698
4,25,20,0.457772109,0.42115034,0.413093551,0.40483168,0.449664635
4,25,21,0.254880952,0.26507619,0.244379857,0.26242237,0.274658131
4,25,22,0.254880952,0.229392857,0.217923214,0.217681077,0.250666782
4,25,23,0.318503401,0.308948299,0.326274884,0.333804304,0.315445068
4,25,24,0.318503401,0.331243537,0.331370938,0.307416935,0.351125736
4,25,25,0.424795918,0.382316326,0.443911734,0.458708792,0.397512869
4,25,26,0.424795918,0.41205204,0.414239739,0.379496602,0.366881467
4,25,27,0.288231293,0.276702041,0.259869334,0.291430276,0.281848818
4,25,28,0.288231293,0.276702041,0.268343334,0.299979601,0.277647786
4,25,29,0.117006803,0.117006803,0.107646259,0.124136418,0.110626617
4,25,30,0.117006803,0.109986395,0.120306395,0.114608866,0.113167572
4,25,31,0.10877551,0.109863265,0.104946612,0.118647975,0.108347174
4,25,32,0.10877551,0.116389796,0.122715092,0.115960132,0.107842923
4,25,33,0.095170068,0.086604762,0.09634066,0.091778112,0.098946538
4,25,34,0.095170068,0.09802517,0.103359452,0.107748204,0.109161782
4,25,35,0.011557823,0.012713605,0.011407571,0.01236872,0.010810737
4,25,36,0.011557823,0.010402041,0.010430935,0.011120841,0.010769131
4,25,37,0.0,0.0,0.0,0.0,0.0
4,25,38,0.0,0.0,0.0,0.0,0.0
4,25,39,0.0,0.0,0.0,0.0,0.0
4,25,40,0.0,0.0,0.0,0.0,0.0
4,25,41,0.0,0.0,0.0,0.0,0.0
4,25,42,0.0,0.0,0.0,0.0,0.0
4,25,43,0.0,0.0,0.0,0.0,0.0
4,25,44,0.0,0.0,0.0,0.0,0.0
4,25,45,0.0,0.0,0.0,0.0,0.0
4,25,46,0.0,0.0,0.0,0.0,0.0
4,25,47,0.0,0.0,0.0,0.0,0.0
4,25,48,0.0,0.0,0.0,0.0,0.0
4,26,1,0.0,0.0,0.0,0.0,0.0
4,26,2,0.0,0.0,0.0,0.0,0.0
4,26,3,0.0,0.0,0.0,0.0,0.0
4,26,4,0.0,0.0,0.0,0.0,0.0
4,26,5,0.0,0.0,0.0,0.0,0.0
4,26,6,0.0,0.0,0.0,0.0,0.0
4,26,7,0.0,0.0,0.0,0.0,0.0
4,26,8,0.0,0.0,0.0,0.0,0.0
4,26,9,0.0,0.0,0.0,0.0,0.0
4,26,10,0.0,0.0,0.0,0.0,0.0
4,26,11,0.0,0.0,0.0,0.0,0.0
4,26,12,0.0,0.0,0.0,0.0,0.0
4,26,13,0.021375,0.02158875,0.022985606,0.0204443,0.020086525
4,26,14,0.021375,0.01987875,0.022277025,0.019482771,0.021583522
4,26,15,0.253078231,0.273324489,0.244777265,0.264771795,0.269347463
4,26,16,0.253078231,0.270793707,0.277652127,0.275189929,0.242260649
4,26,17,0.586462585,0.598191837,0.604173755,0.590313298,0.582889661
4,26,18,0.586462585,0.609921088,0.592209918,0.584273907,0.593216875
4,26,19,0.385867347,0.397443367,0.372072589,0.350466269,0.410344009
4,26,20,0.385867347,0.354997959,0.344502367,0.336463979,0.351903334
4,26,21,0.481998299,0.462718367,0.458187583,0.44892936,0.439810482
4,26,22,0.481998299,0.501278231,0.442474438,0.480002826,0.519317909
4,26,23,0.482840136,0.478011735,0.480425935,0.437187601,0.474312515
4,26,24,0.482840136,0.526295748,0.514659301,0.513011046,0.560121713
4,26,25,0.500986395,0.500986395,0.495976531,0.539261756,0.478744603
4,26,26,0.500986395,0.450887756,0.456899592,0.497766722,0.433737956
4,26,27,0.659158163,0.711890816,0.754076938,0.658789034,0.661179801
4,26,28,0.659158163,0.639383418,0.603821835,0.672168407,0.675814604
4,26,29,0.415807823,0.407491667,0.399300252,0.374930588,0.391394931
4,26,30,0.415807823,0.453230527,0.408448025,0.413053928,0.439540479
4,26,31,0.193605442,0.174244898,0.178407415,0.171160763,0.188322361
4,26,32,0.193605442,0.211029932,0.202317687,0.212433571,0.194604325
4,26,33,0.104540816,0.113949489,0.120169668,0.107242325,0.118164109
4,26,34,0.104540816,0.109767857,0.098581989,0.093867199,0.100672571
4,26,35,0.020782313,0.02057449,0.019230913,0.021811578,0.022453808
4,26,36,0.020782313,0.019119728,0.021547102,0.022531352,0.019315514
4,26,37,0.0,0.0,0.0,0.0,0.0
4,26,38,0.0,0.0,0.0,0.0,0.0
4,26,39,0.0,0.0,0.0,0.0,0.0
4,26,40,0.0,0.0,0.0,0.0,0.0
4,26,41,0.0,0.0,0.0,0.0,0.0
4,26,42,0.0,0.0,0.0,0.0,0.0
4,26,43,0.0,0.0,0.0,0.0,0.0
4,26,44,0.0,0.0,0.0,0.0,0.0
4,26,45,0.0,0.0,0.0,0.0,0.0
4,26,46,0.0,0.0,0.0,0.0,0.0
4,26,47,0.0,0.0,0.0,0.0,0.0
4,26,48,0.0,0.0,0.0,0.0,0.0
4,27,1,0.0,0.0,0.0,0.0,0.0
4,27,2,0.0,0.0,0.0,0.0,0.0
4,27,3,0.0,0.0,0.0,0.0,0.0
4,27,4,0.0,0.0,0.0,0.0,0.0
4,27,5,0.0,0.0,0.0,0.0,0.0
4,27,6,0.0,0.0,0.0,0.0,0.0
4,27,7,0.0,0.0,0.0,0.0,0.0
4,27,8,0.0,0.0,0.0,0.0,0.0
4,27,9,0.0,0.0,0.0,0.0,0.0
4,27,10,0.0,0.0,0.0,0.0,0.0
4,27,11,0.0,0.0,0.0,0.0,0.0
4,27,12,0.0,0.0,0.0,0.0,0.0
4,27,13,0.021493197,0.019773741,0.0202208,0.019676076,0.018261858
4,27,14,0.021493197,0.022782789,0.023466272,0.023258175,0.023887614
4,27,15,0.350331633,0.332815051,0.36889921,0.364709243,0.364814448
4,27,16,0.350331633,0.332815051,0.307416008,0.340093191,0.332663971
4,27,17,0.659770408,0.620184184,0.652776842,0.631358935,0.608971462
4,27,18,0.659770408,0.606988775,0.620712,0.62286549,0.677790902
4,27,19,0.714430272,0.685853061,0.672136,0.718438702,0.669805928
4,27,20,0.714430272,0.757296088,0.772656339,0.755608842,0.71999797
4,27,21,0.723928571,0.680492857,0.674122285,0.734418779,0.675110998
4,27,22,0.723928571,0.774603571,0.711802767,0.773617218,0.820586835
4,27,23,0.712032313,0.68355102,0.66988,0.736681922,0.644493409
4,27,24,0.712032313,0.768994898,0.733108469,0.738045227,0.679001609
4,27,25,0.713920068,0.771033673,0.809299789,0.757103665,0.800981264
4,27,26,0.713920068,0.649667262,0.627250172,0.710065376,0.621207662
4,27,27,0.721071429,0.757125,0.79083509,0.80172447,0.775365887
4,27,28,0.721071429,0.735492858,0.757413429,0.715852795,0.695834746
4,27,29,0.716717687,0.695216156,0.691847583,0.701260476,0.631134428
4,27,30,0.716717687,0.645045918,0.612793622,0.677931315,0.669753357
4,27,31,0.651598639,0.619018707,0.578130892,0.677874354,0.581123196
4,27,32,0.651598639,0.697210544,0.62719627,0.652081799,0.657021813
4,27,33,0.528248299,0.544095748,0.536172023,0.557618904,0.595687118
4,27,34,0.528248299,0.496553401,0.543144901,0.517422378,0.5109154
4,27,35,0.054404762,0.051684524,0.055166429,0.053214386,0.052545175
4,27,36,0.054404762,0.048964286,0.056852976,0.051271048,0.054988199
4,27,37,0.0,0.0,0.0,0.0,0.0
4,27,38,0.0,0.0,0.0,0.0,0.0
4,27,39,0.0,0.0,0.0,0.0,0.0
4,27,40,0.0,0.0,0.0,0.0,0.0
4,27,41,0.0,0.0,0.0,0.0,0.0
4,27,42,0.0,0.0,0.0,0.0,0.0
4,27,43,0.0,0.0,0.0,0.0,0.0
4,27,44,0.0,0.0,0.0,0.0,0.0
4,27,45,0.0,0.0,0.0,0.0,0.0
4,27,46,0.0,0.0,0.0,0.0,0.0
4,27,47,0.0,0.0,0.0,0.0,0.0
4,27,48,0.0,0.0,0.0,0.0,0.0
4,28,1,0.0,0.0,0.0,0.0,0.0
4,28,2,0.0,0.0,0.0,0.0,0.0
4,28,3,0.0,0.0,0.0,0.0,0.0
4,28,4,0.0,0.0,0.0,0.0,0.0
4,28,5,0.0,0.0,0.0,0.0,0.0
4,28,6,0.0,0.0,0.0,0.0,0.0
4,28,7,0.0,0.0,0.0,0.0,0.0
4,28,8,0.0,0.0,0.0,0.0,0.0
4,28,9,0.0,0.0,0.0,0.0,0.0
4,28,10,0.0,0.0,0.0,0.0,0.0
4,28,11,0.0,0.0,0.0,0.0,0.0
4,28,12,0.0,0.0,0.0,0.0,0.0
4,28,13,0.024007653,0.025448112,0.026458834,0.026317061,0.023257703
4,28,14,0.024007653,0.025688189,0.022860087,0.026120134,0.024669016
4,28,15,0.457789116,0.430321769,0.408531007,0.432213964,0.445180383
4,28,16,0.457789116,0.416588096,0.472163694,0.417427681,0.396892932
4,28,17,0.716122449,0.687477551,0.694782,0.664487633,0.739067627
4,28,18,0.716122449,0.787734694,0.804563571,0.707915686,0.67867569
4,28,19,0.724787415,0.710291667,0.789293495,0.689555499,0.684773098
4,28,20,0.724787415,0.76827466,0.813718831,0.791994778,0.836669435
4,28,21,0.72630102,0.791668112,0.774164257,0.764044463,0.794606242
4,28,22,0.72630102,0.755353061,0.696377418,0.733270605,0.756938547
4,28,23,0.722389456,0.686269983,0.647983342,0.733535925,0.683593783
4,28,24,0.722389456,0.772956718,0.792533472,0.701616425,0.732426537
4,28,25,0.718784014,0.733159694,0.69693298,0.759269763,0.727036613
4,28,26,0.718784014,0.733159694,0.762270447,0.80449781,0.732037651
4,28,27,0.72085034,0.74247585,0.680446678,0.664569589,0.737189895
4,28,28,0.72085034,0.72085034,0.692016326,0.782362902,0.743600377
4,28,29,0.72172619,0.750595238,0.699352678,0.752847023,0.760375494
4,28,30,0.72172619,0.692857142,0.714364583,0.688359826,0.746586551
4,28,31,0.706232993,0.748606973,0.734694183,0.788232293,0.811441355
4,28,32,0.706232993,0.755669303,0.709022613,0.680223138,0.641508311
4,28,33,0.513452381,0.518586905,0.541820625,0.540358569,0.52855462
4,28,34,0.513452381,0.472376191,0.502772571,0.496200381,0.535896411
4,28,35,0.045857143,0.042647143,0.04026945,0.042924579,0.042924579
4,28,36,0.045857143,0.046774286,0.047705186,0.043036562,0.049052325
4,28,37,0.0,0.0,0.0,0.0,0.0
4,28,38,0.0,0.0,0.0,0.0,0.0
4,28,39,0.0,0.0,0.0,0.0,0.0
4,28,40,0.0,0.0,0.0,0.0,0.0
4,28,41,0.0,0.0,0.0,0.0,0.0
4,28,42,0.0,0.0,0.0,0.0,0.0
4,28,43,0.0,0.0,0.0,0.0,0.0
4,28,44,0.0,0.0,0.0,0.0,0.0
4,28,45,0.0,0.0,0.0,0.0,0.0
4,28,46,0.0,0.0,0.0,0.0,0.0
4,28,47,0.0,0.0,0.0,0.0,0.0
4,28,48,0.0,0.0,0.0,0.0,0.0
4,29,1,0.0,0.0,0.0,0.0,0.0
4,29,2,0.0,0.0,0.0,0.0,0.0
4,29,3,0.0,0.0,0.0,0.0,0.0
4,29,4,0.0,0.0,0.0,0.0,0.0
4,29,5,0.0,0.0,0.0,0.0,0.0
4,29,6,0.0,0.0,0.0,0.0,0.0
4,29,7,0.0,0.0,0.0,0.0,0.0
4,29,8,0.0,0.0,0.0,0.0,0.0
4,29,9,0.0,0.0,0.0,0.0,0.0
4,29,10,0.0,0.0,0.0,0.0,0.0
4,29,11,0.0,0.0,0.0,0.0,0.0
4,29,12,0.0,0.0,0.0,0.0,0.0
4,29,13,0.020064626,0.020265272,0.019358351,0.019697122,0.021830977
4,29,14,0.020064626,0.022071089,0.01917175,0.019618389,0.019017576
4,29,15,0.459489796,0.477869388,0.496800367,0.439808929,0.459122278
4,29,16,0.459489796,0.459489796,0.431920408,0.445797,0.440190765
4,29,17,0.734132653,0.660719388,0.725323061,0.657254282,0.645752332
4,29,18,0.734132653,0.690084694,0.690745413,0.662688331,0.708301028
4,29,19,0.74119898,0.73378699,0.693243406,0.729970557,0.731795483
4,29,20,0.74119898,0.704139031,0.737122386,0.691112459,0.711209282
4,29,21,0.737772109,0.737772109,0.737772109,0.686128061,0.710363875
4,29,22,0.737772109,0.708261225,0.737477,0.771506985,0.723979243
4,29,23,0.73167517,0.77557568,0.783770442,0.694943125,0.761420926
4,29,24,0.73167517,0.658507653,0.62558227,0.651764047,0.713564045
4,29,25,0.729515306,0.802466837,0.75067125,0.707622552,0.807374505
4,29,26,0.729515306,0.671154082,0.749358122,0.781176662,0.725473033
4,29,27,0.734039116,0.726698725,0.657332028,0.713083523,0.644087397
4,29,28,0.734039116,0.69733716,0.658433087,0.682671059,0.637670497
4,29,29,0.687993197,0.736152721,0.669348581,0.73970139,0.715381962
4,29,30,0.687993197,0.729272789,0.673201343,0.634108423,0.626652423
4,29,31,0.590229592,0.596131888,0.599112547,0.595158009,0.64277065
4,29,32,0.590229592,0.590229592,0.619741072,0.594066084,0.568638256
4,29,33,0.189702381,0.189702381,0.191599405,0.184624681,0.173794635
4,29,34,0.189702381,0.189702381,0.201084524,0.197366357,0.19640855
4,29,35,0.035136905,0.032325953,0.0306956,0.031083512,0.031987387
4,29,36,0.035136905,0.032325953,0.0330568,0.036857208,0.036748312
4,29,37,0.0,0.0,0.0,0.0,0.0
4,29,38,0.0,0.0,0.0,0.0,0.0
4,29,39,0.0,0.0,0.0,0.0,0.0
4,29,40,0.0,0.0,0.0,0.0,0.0
4,29,41,0.0,0.0,0.0,0.0,0.0
4,29,42,0.0,0.0,0.0,0.0,0.0
4,29,43,0.0,0.0,0.0,0.0,0.0
4,29,44,0.0,0.0,0.0,0.0,0.0
4,29,45,0.0,0.0,0.0,0.0,0.0
4,29,46,0.0,0.0,0.0,0.0,0.0
4,29,47,0.0,0.0,0.0,0.0,0.0
4,29,48,0.0,0.0,0.0,0.0,0.0
4,30,1,0.0,0.0,0.0,0.0,0.0
4,30,2,0.0,0.0,0.0,0.0,0.0
4,30,3,0.0,0.0,0.0,0.0,0.0
4,30,4,0.0,0.0,0.0,0.0,0.0
4,30,5,0.0,0.0,0.0,0.0,0.0
4,30,6,0.0,0.0,0.0,0.0,0.0
4,30,7,0.0,0.0,0.0,0.0,0.0
4,30,8,0.0,0.0,0.0,0.0,0.0
4,30,9,0.0,0.0,0.0,0.0,0.0
4,30,10,0.0,0.0,0.0,0.0,0.0
4,30,11,0.0,0.0,0.0,0.0,0.0
4,30,12,0.0,0.0,0.0,0.0,0.0
4,30,13,0.024962585,0.022965578,0.025881208,0.025095186,0.022253525
4,30,14,0.024962585,0.024712959,0.026576416,0.02541732,0.025163147
4,30,15,0.485229592,0.504638776,0.4850355,0.476885584,0.492826837
4,30,16,0.485229592,0.446411225,0.461162204,0.501409088,0.459346436
4,30,17,0.739906463,0.673314881,0.685412352,0.762503576,0.643755886
4,30,18,0.739906463,0.769502722,0.716969363,0.794075015,0.717357721
4,30,19,0.749311224,0.741818112,0.782842901,0.727671116,0.69788208
4,30,20,0.749311224,0.749311224,0.726831887,0.712145387,0.727055931
4,30,21,0.745289116,0.760194898,0.715104907,0.732794344,0.694045067
4,30,22,0.745289116,0.767647789,0.771597822,0.70059065,0.746281344
4,30,23,0.73869898,0.679603062,0.638235919,0.651237021,0.71756037
4,30,24,0.73869898,0.73131199,0.808506034,0.759505668,0.751910611
4,30,25,0.735833333,0.713758333,0.7827795,0.80365362,0.759006196
4,30,26,0.735833333,0.669608333,0.737856875,0.750154489,0.75953142
4,30,27,0.74289966,0.705754677,0.659137723,0.709623327,0.640962001
4,30,28,0.74289966,0.817189626,0.826847322,0.811558447,0.751646338
4,30,29,0.751232993,0.736208333,0.72884625,0.790475902,0.736657052
4,30,30,0.751232993,0.788794643,0.76231368,0.782796047,0.817561401
4,30,31,0.742108844,0.801477552,0.810382858,0.706190776,0.734438407
4,30,32,0.742108844,0.749529932,0.760735776,0.728267772,0.678096129
4,30,33,0.564039116,0.530196769,0.558060301,0.594826627,0.522456054
4,30,34,0.564039116,0.558398725,0.578055488,0.544157865,0.617279078
4,30,35,0.054509354,0.050148606,0.047619372,0.046698382,0.047256732
4,30,36,0.054509354,0.058325009,0.059802212,0.055819159,0.058256212
4,30,37,0.0,0.0,0.0,0.0,0.0
4,30,38,0.0,0.0,0.0,0.0,0.0
4,30,39,0.0,0.0,0.0,0.0,0.0
4,30,40,0.0,0.0,0.0,0.0,0.0
4,30,41,0.0,0.0,0.0,0.0,0.0
4,30,42,0.0,0.0,0.0,0.0,0.0
4,30,43,0.0,0.0,0.0,0.0,0.0
4,30,44,0.0,0.0,0.0,0.0,0.0
4,30,45,0.0,0.0,0.0,0.0,0.0
4,30,46,0.0,0.0,0.0,0.0,0.0
4,30,47,0.0,0.0,0.0,0.0,0.0
4,30,48,0.0,0.0,0.0,0.0,0.0
5,1,1,0.0,0.0,0.0,0.0,0.0
5,1,2,0.0,0.0,0.0,0.0,0.0
5,1,3,0.0,0.0,0.0,0.0,0.0
5,1,4,0.0,0.0,0.0,0.0,0.0
5,1,5,0.0,0.0,0.0,0.0,0.0
5,1,6,0.0,0.0,0.0,0.0,0.0
5,1,7,0.0,0.0,0.0,0.0,0.0
5,1,8,0.0,0.0,0.0,0.0,0.0
5,1,9,0.0,0.0,0.0,0.0,0.0
5,1,10,0.0,0.0,0.0,0.0,0.0
5,1,11,0.0,0.0,0.0,0.0,0.0
5,1,12,0.0,0.0,0.0,0.0,0.0
5,1,13,0.015441327,0.014206021,0.014378964,0.014381928,0.015478184
5,1,14,0.015441327,0.016367807,0.014632201,0.015944858,0.014192859
5,1,15,0.469642857,0.455553571,0.45334625,0.500870506,0.479250362
5,1,16,0.469642857,0.436767857,0.489461786,0.432720475,0.438862314
5,1,17,0.74670068,0.761634694,0.822042779,0.737953082,0.705716184
5,1,18,0.74670068,0.716832653,0.731766666,0.804943333,0.690055966
5,1,19,0.748180272,0.68832585,0.660792816,0.685117653,0.716472272
5,1,20,0.748180272,0.680844048,0.71451216,0.693076795,0.673695653
5,1,21,0.744591837,0.811605102,0.855908317,0.779914033,0.869825256
5,1,22,0.744591837,0.759483674,0.721956245,0.667809527,0.759633337
5,1,23,0.73829932,0.745682313,0.771670449,0.751884027,0.804515909
5,1,24,0.73829932,0.7604483,0.719398857,0.739382159,0.731988337
5,1,25,0.735612245,0.7209,0.735538684,0.679535788,0.653285978
5,1,26,0.735612245,0.735612245,0.742968367,0.804490072,0.822591098
5,1,27,0.742278912,0.682896599,0.662706613,0.647243458,0.635916698
5,1,28,0.742278912,0.779392858,0.707577373,0.78766803,0.708975536
5,1,29,0.751386054,0.743872193,0.814915745,0.708453358,0.762203406
5,1,30,0.751386054,0.69127517,0.735757224,0.718878088,0.680864686
5,1,31,0.742278912,0.75712449,0.697222582,0.776141181,0.772919463
5,1,32,0.742278912,0.67547381,0.680521307,0.727401663,0.748804058
5,1,33,0.558962585,0.52542483,0.498818211,0.474961688,0.4785239
5,1,34,0.558962585,0.542193707,0.550578146,0.567095491,0.582442856
5,1,35,0.050423469,0.051431938,0.053474089,0.056954149,0.056255166
5,1,36,0.050423469,0.053953112,0.057407119,0.056085016,0.058824553
5,1,37,0.0,0.0,0.0,0.0,0.0
5,1,38,0.0,0.0,0.0,0.0,0.0
5,1,39,0.0,0.0,0.0,0.0,0.0
5,1,40,0.0,0.0,0.0,0.0,0.0
5,1,41,0.0,0.0,0.0,0.0,0.0
5,1,42,0.0,0.0,0.0,0.0,0.0
5,1,43,0.0,0.0,0.0,0.0,0.0
5,1,44,0.0,0.0,0.0,0.0,0.0
5,1,45,0.0,0.0,0.0,0.0,0.0
5,1,46,0.0,0.0,0.0,0.0,0.0
5,1,47,0.0,0.0,0.0,0.0,0.0
5,1,48,0.0,0.0,0.0,0.0,0.0
5,2,1,0.0,0.0,0.0,0.0,0.0
5,2,2,0.0,0.0,0.0,0.0,0.0
5,2,3,0.0,0.0,0.0,0.0,0.0
5,2,4,0.0,0.0,0.0,0.0,0.0
5,2,5,0.0,0.0,0.0,0.0,0.0
5,2,6,0.0,0.0,0.0,0.0,0.0
5,2,7,0.0,0.0,0.0,0.0,0.0
5,2,8,0.0,0.0,0.0,0.0,0.0
5,2,9,0.0,0.0,0.0,0.0,0.0
5,2,10,0.0,0.0,0.0,0.0,0.0
5,2,11,0.0,0.0,0.0,0.0,0.0
5,2,12,0.0,0.0,0.0,0.0,0.0
5,2,13,0.02180102,0.023763112,0.020959501,0.021287562,0.020635631
5,2,14,0.02180102,0.019620918,0.021953627,0.021970196,0.020056254
5,2,15,0.47672619,0.433820833,0.437062571,0.422251006,0.47343771
5,2,16,0.47672619,0.443355357,0.460040773,0.473841997,0.495935455
5,2,17,0.743044218,0.720752891,0.717260584,0.712478846,0.781254866
5,2,18,0.743044218,0.713322449,0.771874334,0.69075471,0.729748928
5,2,19,0.748137755,0.680805357,0.757339849,0.779774256,0.763759734
5,2,20,0.748137755,0.733175,0.748062941,0.698537718,0.805176189
5,2,21,0.744438776,0.692328062,0.646545077,0.72915917,0.745304837
5,2,22,0.744438776,0.789105103,0.736101062,0.779244763,0.76984465
5,2,23,0.738061224,0.671635714,0.725993923,0.647826228,0.668044101
5,2,24,0.738061224,0.78972551,0.718059765,0.763587809,0.759882163
5,2,25,0.734770408,0.683336479,0.758687185,0.761877925,0.668547879
5,2,26,0.734770408,0.778856632,0.809790467,0.751238327,0.707170842
5,2,27,0.740612245,0.807267347,0.727503408,0.78121483,0.825281414
5,2,28,0.740612245,0.688769388,0.707543908,0.77641628,0.772035583
5,2,29,0.748664966,0.771124915,0.691504396,0.79606594,0.796950457
5,2,30,0.748664966,0.808558163,0.763039333,0.73474978,0.786665652
5,2,31,0.739345238,0.783705952,0.814832387,0.779294526,0.841638088
5,2,32,0.739345238,0.798492857,0.761229857,0.735701745,0.773866273
5,2,33,0.549642857,0.527657143,0.5224905,0.55459404,0.495508444
5,2,34,0.549642857,0.53865,0.49517325,0.480318052,0.531424421
5,2,35,0.046037415,0.049260034,0.045742776,0.04842381,0.045945028
5,2,36,0.046037415,0.042354422,0.047289633,0.041156712,0.048188405
5,2,37,0.0,0.0,0.0,0.0,0.0
5,2,38,0.0,0.0,0.0,0.0,0.0
5,2,39,0.0,0.0,0.0,0.0,0.0
5,2,40,0.0,0.0,0.0,0.0,0.0
5,2,41,0.0,0.0,0.0,0.0,0.0
5,2,42,0.0,0.0,0.0,0.0,0.0
5,2,43,0.0,0.0,0.0,0.0,0.0
5,2,44,0.0,0.0,0.0,0.0,0.0
5,2,45,0.0,0.0,0.0,0.0,0.0
5,2,46,0.0,0.0,0.0,0.0,0.0
5,2,47,0.0,0.0,0.0,0.0,0.0
5,2,48,0.0,0.0,0.0,0.0,0.0
5,3,1,0.0,0.0,0.0,0.0,0.0
5,3,2,0.0,0.0,0.0,0.0,0.0
5,3,3,0.0,0.0,0.0,0.0,0.0
5,3,4,0.0,0.0,0.0,0.0,0.0
5,3,5,0.0,0.0,0.0,0.0,0.0
5,3,6,0.0,0.0,0.0,0.0,0.0
5,3,7,0.0,0.0,0.0,0.0,0.0
5,3,8,0.0,0.0,0.0,0.0,0.0
5,3,9,0.0,0.0,0.0,0.0,0.0
5,3,10,0.0,0.0,0.0,0.0,0.0
5,3,11,0.0,0.0,0.0,0.0,0.0
5,3,12,0.0,0.0,0.0,0.0,0.0
5,3,13,0.020941327,0.022826046,0.023196708,0.02232136,0.022544574
5,3,14,0.020941327,0.019894261,0.01878437,0.021661918,0.020726878
5,3,15,0.463647959,0.463647959,0.417283163,0.403373724,0.432618319
5,3,16,0.463647959,0.505376275,0.479666996,0.526357814,0.474011771
5,3,17,0.728316327,0.677334184,0.744994771,0.738388213,0.722258374
5,3,18,0.728316327,0.721033164,0.79714222,0.673947513,0.71550761
5,3,19,0.742542517,0.668288265,0.712469545,0.651145434,0.749100355
5,3,20,0.742542517,0.683139116,0.655813551,0.71464668,0.761948658
5,3,21,0.738715986,0.812587585,0.72135616,0.780279841,0.702176102
5,3,22,0.738715986,0.709167347,0.774617583,0.718608629,0.764688482
5,3,23,0.732159864,0.80537585,0.845644643,0.810281321,0.766430803
5,3,24,0.732159864,0.666265476,0.643275657,0.721401019,0.683867749
5,3,25,0.72877551,0.75792653,0.73591751,0.696420792,0.795438493
5,3,26,0.72877551,0.765214286,0.724585051,0.798686945,0.678883903
5,3,27,0.734217687,0.800297279,0.713549459,0.734367712,0.715783713
5,3,28,0.734217687,0.770928571,0.737521667,0.687751497,0.65934437
5,3,29,0.738843537,0.753620408,0.776081251,0.824238088,0.827319528
5,3,30,0.738843537,0.746231972,0.794515398,0.72946909,0.804923549
5,3,31,0.726658163,0.704858418,0.737231039,0.737374191,0.755591671
5,3,32,0.726658163,0.748457908,0.671177812,0.779820111,0.702267359
5,3,33,0.529387755,0.550563265,0.566974286,0.59289311,0.50955869
5,3,34,0.529387755,0.56115102,0.583438245,0.5245128,0.599088476
5,3,35,0.043462585,0.039116327,0.041289456,0.042528139,0.045343048
5,3,36,0.043462585,0.039550952,0.037771159,0.036235409,0.036899725
5,3,37,0.0,0.0,0.0,0.0,0.0
5,3,38,0.0,0.0,0.0,0.0,0.0
5,3,39,0.0,0.0,0.0,0.0,0.0
5,3,40,0.0,0.0,0.0,0.0,0.0
5,3,41,0.0,0.0,0.0,0.0,0.0
5,3,42,0.0,0.0,0.0,0.0,0.0
5,3,43,0.0,0.0,0.0,0.0,0.0
5,3,44,0.0,0.0,0.0,0.0,0.0
5,3,45,0.0,0.0,0.0,0.0,0.0
5,3,46,0.0,0.0,0.0,0.0,0.0
5,3,47,0.0,0.0,0.0,0.0,0.0
5,3,48,0.0,0.0,0.0,0.0,0.0
5,4,1,0.0,0.0,0.0,0.0,0.0
5,4,2,0.0,0.0,0.0,0.0,0.0
5,4,3,0.0,0.0,0.0,0.0,0.0
5,4,4,0.0,0.0,0.0,0.0,0.0
5,4,5,0.0,0.0,0.0,0.0,0.0
5,4,6,0.0,0.0,0.0,0.0,0.0
5,4,7,0.0,0.0,0.0,0.0,0.0
5,4,8,0.0,0.0,0.0,0.0,0.0
5,4,9,0.0,0.0,0.0,0.0,0.0
5,4,10,0.0,0.0,0.0,0.0,0.0
5,4,11,0.0,0.0,0.0,0.0,0.0
5,4,12,0.0,0.0,0.0,0.0,0.0
5,4,13,0.019437925,0.020215442,0.021214551,0.020289306,0.021100878
5,4,14,0.019437925,0.018466029,0.019520536,0.018184422,0.01739005
5,4,15,0.46210034,0.429753316,0.472682438,0.48668454,0.485945416
5,4,16,0.46210034,0.438995323,0.414504005,0.425377226,0.391719801
5,4,17,0.72420068,0.738684694,0.709499406,0.658956717,0.686600313
5,4,18,0.72420068,0.7459267,0.808570059,0.827926736,0.761122923
5,4,19,0.735034014,0.793836735,0.802657143,0.715001887,0.715934498
5,4,20,0.735034014,0.661530613,0.649402551,0.647889606,0.734075974
5,4,21,0.730654762,0.803720238,0.7671875,0.790203125,0.834776719
5,4,22,0.730654762,0.708735119,0.777270536,0.805386618,0.702625936
5,4,23,0.723656463,0.680237075,0.701946769,0.737044108,0.781793214
5,4,24,0.723656463,0.796022109,0.699052143,0.783951519,0.795710792
5,4,25,0.72079932,0.778463266,0.802105483,0.713424101,0.678328238
5,4,26,0.72079932,0.670343368,0.758172765,0.723602869,0.696682693
5,4,27,0.727908163,0.71335,0.727835372,0.701340243,0.717608444
5,4,28,0.727908163,0.793419898,0.836730433,0.856761253,0.859964282
5,4,29,0.731232993,0.797043962,0.817628171,0.758509324,0.783864649
5,4,30,0.731232993,0.672734354,0.701983673,0.723043183,0.735538493
5,4,31,0.721096939,0.721096939,0.764362755,0.809070766,0.678516165
5,4,32,0.721096939,0.735518878,0.684609434,0.71374175,0.649504993
5,4,33,0.525331633,0.483305102,0.458929715,0.528323922,0.474023963
5,4,34,0.525331633,0.483305102,0.554750204,0.52634027,0.574674983
5,4,35,0.041141156,0.037438452,0.039289804,0.040861396,0.038095394
5,4,36,0.041141156,0.043198214,0.039639504,0.041739554,0.038943831
5,4,37,0.0,0.0,0.0,0.0,0.0
5,4,38,0.0,0.0,0.0,0.0,0.0
5,4,39,0.0,0.0,0.0,0.0,0.0
5,4,40,0.0,0.0,0.0,0.0,0.0
5,4,41,0.0,0.0,0.0,0.0,0.0
5,4,42,0.0,0.0,0.0,0.0,0.0
5,4,43,0.0,0.0,0.0,0.0,0.0
5,4,44,0.0,0.0,0.0,0.0,0.0
5,4,45,0.0,0.0,0.0,0.0,0.0
5,4,46,0.0,0.0,0.0,0.0,0.0
5,4,47,0.0,0.0,0.0,0.0,0.0
5,4,48,0.0,0.0,0.0,0.0,0.0
5,5,1,0.0,0.0,0.0,0.0,0.0
5,5,2,0.0,0.0,0.0,0.0,0.0
5,5,3,0.0,0.0,0.0,0.0,0.0
5,5,4,0.0,0.0,0.0,0.0,0.0
5,5,5,0.0,0.0,0.0,0.0,0.0
5,5,6,0.0,0.0,0.0,0.0,0.0
5,5,7,0.0,0.0,0.0,0.0,0.0
5,5,8,0.0,0.0,0.0,0.0,0.0
5,5,9,0.0,0.0,0.0,0.0,0.0
5,5,10,0.0,0.0,0.0,0.0,0.0
5,5,11,0.0,0.0,0.0,0.0,0.0
5,5,12,0.0,0.0,0.0,0.0,0.0
5,5,13,0.018914116,0.019670681,0.021028714,0.018877612,0.017660503
5,5,14,0.018914116,0.019292398,0.017192931,0.016989163,0.019544924
5,5,15,0.46077381,0.488420239,0.512564786,0.496998004,0.445617181
5,5,16,0.46077381,0.46077381,0.414696429,0.476593711,0.435081062
5,5,17,0.720731293,0.720731293,0.749560545,0.766858096,0.709891494
5,5,18,0.720731293,0.648658164,0.739470307,0.646716994,0.688894189
5,5,19,0.730442177,0.664702381,0.72547517,0.636185918,0.627173285
5,5,20,0.730442177,0.723137755,0.784933163,0.753632742,0.748036459
5,5,21,0.725008503,0.696008163,0.781559166,0.7929273,0.726409509
5,5,22,0.725008503,0.667007823,0.654247673,0.72301328,0.69231932
5,5,23,0.718197279,0.660741497,0.641206531,0.707050857,0.67498105
5,5,24,0.718197279,0.703833333,0.689684847,0.725022308,0.680817064
5,5,25,0.714855442,0.772043877,0.669104694,0.733041364,0.657257823
5,5,26,0.714855442,0.729152551,0.736444076,0.675940141,0.735520994
5,5,27,0.723052721,0.744744303,0.785271408,0.705961442,0.687974445
5,5,28,0.723052721,0.744744303,0.682525616,0.666600018,0.640849905
5,5,29,0.729370748,0.7804267,0.679408852,0.700546016,0.722438079
5,5,30,0.729370748,0.685608503,0.728714314,0.664545005,0.638874275
5,5,31,0.721386054,0.779096938,0.787753571,0.686470969,0.795734265
5,5,32,0.721386054,0.706958333,0.692747028,0.664608643,0.696425014
5,5,33,0.521539116,0.537185289,0.508187715,0.532750121,0.47767316
5,5,34,0.521539116,0.479815987,0.490664,0.492366304,0.515940206
5,5,35,0.038452381,0.034991667,0.038558125,0.036214036,0.034830809
5,5,36,0.038452381,0.038067857,0.034434107,0.04068326,0.039804871
5,5,37,0.0,0.0,0.0,0.0,0.0
5,5,38,0.0,0.0,0.0,0.0,0.0
5,5,39,0.0,0.0,0.0,0.0,0.0
5,5,40,0.0,0.0,0.0,0.0,0.0
5,5,41,0.0,0.0,0.0,0.0,0.0
5,5,42,0.0,0.0,0.0,0.0,0.0
5,5,43,0.0,0.0,0.0,0.0,0.0
5,5,44,0.0,0.0,0.0,0.0,0.0
5,5,45,0.0,0.0,0.0,0.0,0.0
5,5,46,0.0,0.0,0.0,0.0,0.0
5,5,47,0.0,0.0,0.0,0.0,0.0
5,5,48,0.0,0.0,0.0,0.0,0.0
5,6,1,0.0,0.0,0.0,0.0,0.0
5,6,2,0.0,0.0,0.0,0.0,0.0
5,6,3,0.0,0.0,0.0,0.0,0.0
5,6,4,0.0,0.0,0.0,0.0,0.0
5,6,5,0.0,0.0,0.0,0.0,0.0
5,6,6,0.0,0.0,0.0,0.0,0.0
5,6,7,0.0,0.0,0.0,0.0,0.0
5,6,8,0.0,0.0,0.0,0.0,0.0
5,6,9,0.0,0.0,0.0,0.0,0.0
5,6,10,0.0,0.0,0.0,0.0,0.0
5,6,11,0.0,0.0,0.0,0.0,0.0
5,6,12,0.0,0.0,0.0,0.0,0.0
5,6,13,0.016715986,0.017718945,0.018939212,0.019214692,0.016876904
5,6,14,0.016715986,0.015044387,0.0169918,0.017063261,0.017605629
5,6,15,0.461258503,0.461258503,0.465871088,0.458168071,0.433940699
5,6,16,0.461258503,0.479708843,0.512827204,0.523366038,0.519004654
5,6,17,0.724464286,0.746198215,0.750037875,0.681014782,0.732683077
5,6,18,0.724464286,0.680996429,0.730839572,0.733463098,0.674394395
5,6,19,0.73170068,0.797553741,0.703457034,0.669813436,0.711118598
5,6,20,0.73170068,0.73170068,0.797553741,0.761188217,0.793312621
5,6,21,0.726641156,0.79203886,0.721373008,0.821352775,0.803619022
5,6,22,0.726641156,0.690309098,0.736814132,0.768175964,0.781619044
5,6,23,0.721173469,0.721173469,0.721173469,0.649056122,0.653924043
5,6,24,0.721173469,0.742808673,0.688071607,0.7460453,0.760751
5,6,25,0.719158163,0.783882398,0.8041267,0.715221851,0.740485332
5,6,26,0.719158163,0.66162551,0.628256571,0.609408874,0.674250648
5,6,27,0.728163265,0.771853061,0.772508408,0.795383657,0.789986411
5,6,28,0.728163265,0.779134694,0.768721959,0.773846772,0.83871334
5,6,29,0.735246599,0.772008929,0.821454263,0.752949499,0.724189933
5,6,30,0.735246599,0.764656463,0.697454924,0.695830029,0.665433243
5,6,31,0.727687075,0.67674898,0.674129306,0.658212364,0.684194431
5,6,32,0.727687075,0.793178912,0.828871963,0.853738122,0.736799496
5,6,33,0.520595238,0.515389286,0.543891875,0.574021758,0.586937248
5,6,34,0.520595238,0.572654762,0.52476,0.490796367,0.500841512
5,6,35,0.037465136,0.034842576,0.039046165,0.034148522,0.033465552
5,6,36,0.037465136,0.040836998,0.040325599,0.039542578,0.039147152
5,6,37,0.0,0.0,0.0,0.0,0.0
5,6,38,0.0,0.0,0.0,0.0,0.0
5,6,39,0.0,0.0,0.0,0.0,0.0
5,6,40,0.0,0.0,0.0,0.0,0.0
5,6,41,0.0,0.0,0.0,0.0,0.0
5,6,42,0.0,0.0,0.0,0.0,0.0
5,6,43,0.0,0.0,0.0,0.0,0.0
5,6,44,0.0,0.0,0.0,0.0,0.0
5,6,45,0.0,0.0,0.0,0.0,0.0
5,6,46,0.0,0.0,0.0,0.0,0.0
5,6,47,0.0,0.0,0.0,0.0,0.0
5,6,48,0.0,0.0,0.0,0.0,0.0
5,7,1,0.0,0.0,0.0,0.0,0.0
5,7,2,0.0,0.0,0.0,0.0,0.0
5,7,3,0.0,0.0,0.0,0.0,0.0
5,7,4,0.0,0.0,0.0,0.0,0.0
5,7,5,0.0,0.0,0.0,0.0,0.0
5,7,6,0.0,0.0,0.0,0.0,0.0
5,7,7,0.0,0.0,0.0,0.0,0.0
5,7,8,0.0,0.0,0.0,0.0,0.0
5,7,9,0.0,0.0,0.0,0.0,0.0
5,7,10,0.0,0.0,0.0,0.0,0.0
5,7,11,0.0,0.0,0.0,0.0,0.0
5,7,12,0.0,0.0,0.0,0.0,0.0
5,7,13,0.014813776,0.014073087,0.014154563,0.015207971,0.013542985
5,7,14,0.014813776,0.016147016,0.015944808,0.016104256,0.015752464
5,7,15,0.445731293,0.418987415,0.389123419,0.384511586,0.421876081
5,7,16,0.445731293,0.414530102,0.45593854,0.429958645,0.401616474
5,7,17,0.713945578,0.685387755,0.73465,0.647308278,0.695322903
5,7,18,0.713945578,0.735363945,0.695668571,0.736442479,0.756372901
5,7,19,0.721556122,0.750418367,0.772786607,0.718323551,0.718548027
5,7,20,0.721556122,0.786496173,0.701244317,0.773253814,0.812744991
5,7,21,0.716241497,0.709079082,0.684153878,0.724252897,0.694263202
5,7,22,0.716241497,0.701916667,0.744533036,0.771359861,0.733512765
5,7,23,0.709302721,0.673837585,0.656991645,0.707245743,0.638765314
5,7,24,0.709302721,0.73767483,0.672844561,0.68540915,0.708320894
5,7,25,0.705977891,0.734217007,0.7056955,0.686684927,0.778958214
5,7,26,0.705977891,0.720097449,0.655994656,0.659322165,0.644227158
5,7,27,0.712151361,0.776244983,0.729314209,0.702275009,0.795696066
5,7,28,0.712151361,0.740637415,0.769978052,0.733513053,0.761242069
5,7,29,0.7175,0.7175,0.78925,0.696931667,0.752204279
5,7,30,0.7175,0.6601,0.675024,0.64315552,0.687423778
5,7,31,0.709829932,0.766616327,0.745605361,0.792531744,0.678281257
5,7,32,0.709829932,0.773714626,0.749190002,0.736802405,0.742384241
5,7,33,0.502534014,0.462331293,0.506554286,0.505187394,0.499093264
5,7,34,0.502534014,0.547762075,0.561908408,0.569645589,0.600008774
5,7,35,0.035951531,0.034153954,0.03400116,0.033661149,0.031686593
5,7,36,0.035951531,0.037389592,0.039237501,0.038651994,0.040832267
5,7,37,0.0,0.0,0.0,0.0,0.0
5,7,38,0.0,0.0,0.0,0.0,0.0
5,7,39,0.0,0.0,0.0,0.0,0.0
5,7,40,0.0,0.0,0.0,0.0,0.0
5,7,41,0.0,0.0,0.0,0.0,0.0
5,7,42,0.0,0.0,0.0,0.0,0.0
5,7,43,0.0,0.0,0.0,0.0,0.0
5,7,44,0.0,0.0,0.0,0.0,0.0
5,7,45,0.0,0.0,0.0,0.0,0.0
5,7,46,0.0,0.0,0.0,0.0,0.0
5,7,47,0.0,0.0,0.0,0.0,0.0
5,7,48,0.0,0.0,0.0,0.0,0.0
5,8,1,0.0,0.0,0.0,0.0,0.0
5,8,2,0.0,0.0,0.0,0.0,0.0
5,8,3,0.0,0.0,0.0,0.0,0.0
5,8,4,0.0,0.0,0.0,0.0,0.0
5,8,5,0.0,0.0,0.0,0.0,0.0
5,8,6,0.0,0.0,0.0,0.0,0.0
5,8,7,0.0,0.0,0.0,0.0,0.0
5,8,8,0.0,0.0,0.0,0.0,0.0
5,8,9,0.0,0.0,0.0,0.0,0.0
5,8,10,0.0,0.0,0.0,0.0,0.0
5,8,11,0.0,0.0,0.0,0.0,0.0
5,8,12,0.0,0.0,0.0,0.0,0.0
5,8,13,0.014061224,0.012795714,0.012622761,0.012501905,0.013905079
5,8,14,0.014061224,0.01504551,0.01586317,0.01409057,0.015651025
5,8,15,0.429328231,0.472261054,0.450794643,0.486858214,0.491997273
5,8,16,0.429328231,0.407861819,0.422780975,0.432590052,0.465454296
5,8,17,0.695314626,0.674455187,0.746524548,0.754811656,0.717776504
5,8,18,0.695314626,0.750939796,0.68697085,0.711075091,0.647078333
5,8,19,0.709634354,0.638670919,0.620220425,0.662736985,0.631503044
5,8,20,0.709634354,0.723827041,0.759734539,0.745686618,0.727373432
5,8,21,0.705994898,0.741294643,0.680226084,0.709171875,0.673713281
5,8,22,0.705994898,0.677755102,0.69879375,0.680297625,0.732152964
5,8,23,0.698137755,0.663230867,0.667070625,0.68290788,0.677836782
5,8,24,0.698137755,0.726063265,0.719221515,0.778776855,0.679411358
5,8,25,0.694804422,0.701752466,0.705261229,0.770666643,0.689396342
5,8,26,0.694804422,0.673960289,0.718601473,0.723620277,0.723829014
5,8,27,0.702397959,0.744541837,0.651122908,0.678373607,0.659403624
5,8,28,0.702397959,0.758589796,0.803543265,0.830328041,0.727291879
5,8,29,0.704761905,0.655428572,0.625687619,0.668578959,0.630433551
5,8,30,0.704761905,0.662476191,0.71096381,0.637315251,0.706034461
5,8,31,0.692482993,0.650934013,0.671708503,0.738879354,0.619651094
5,8,32,0.692482993,0.734031973,0.720390058,0.644071507,0.648902043
5,8,33,0.480518707,0.485323894,0.526384218,0.477512582,0.517056593
5,8,34,0.480518707,0.456492772,0.44976551,0.429900866,0.454169464
5,8,35,0.031622449,0.032887347,0.033867643,0.030169081,0.031493897
5,8,36,0.031622449,0.030673776,0.032394037,0.032194689,0.029183539
5,8,37,0.0,0.0,0.0,0.0,0.0
5,8,38,0.0,0.0,0.0,0.0,0.0
5,8,39,0.0,0.0,0.0,0.0,0.0
5,8,40,0.0,0.0,0.0,0.0,0.0
5,8,41,0.0,0.0,0.0,0.0,0.0
5,8,42,0.0,0.0,0.0,0.0,0.0
5,8,43,0.0,0.0,0.0,0.0,0.0
5,8,44,0.0,0.0,0.0,0.0,0.0
5,8,45,0.0,0.0,0.0,0.0,0.0
5,8,46,0.0,0.0,0.0,0.0,0.0
5,8,47,0.0,0.0,0.0,0.0,0.0
5,8,48,0.0,0.0,0.0,0.0,0.0
5,9,1,0.0,0.0,0.0,0.0,0.0
5,9,2,0.0,0.0,0.0,0.0,0.0
5,9,3,0.0,0.0,0.0,0.0,0.0
5,9,4,0.0,0.0,0.0,0.0,0.0
5,9,5,0.0,0.0,0.0,0.0,0.0
5,9,6,0.0,0.0,0.0,0.0,0.0
5,9,7,0.0,0.0,0.0,0.0,0.0
5,9,8,0.0,0.0,0.0,0.0,0.0
5,9,9,0.0,0.0,0.0,0.0,0.0
5,9,10,0.0,0.0,0.0,0.0,0.0
5,9,11,0.0,0.0,0.0,0.0,0.0
5,9,12,0.0,0.0,0.0,0.0,0.0
5,9,13,0.011590986,0.012170535,0.011761953,0.010775454,0.012384963
5,9,14,0.011590986,0.010663707,0.012017534,0.011309835,0.01059783
5,9,15,0.407678571,0.415832142,0.40352025,0.43355094,0.394388202
5,9,16,0.407678571,0.407678571,0.403601785,0.422572428,0.393967525
5,9,17,0.682729592,0.70321148,0.734548768,0.742171444,0.651255442
5,9,18,0.682729592,0.716866072,0.713793788,0.739686308,0.763197766
5,9,19,0.695841837,0.626257653,0.720544222,0.619601926,0.605660883
5,9,20,0.695841837,0.709758674,0.646576235,0.670377737,0.728283324
5,9,21,0.69670068,0.640964626,0.642079347,0.686311479,0.686509454
5,9,22,0.69670068,0.724568707,0.731953734,0.739273272,0.694199134
5,9,23,0.690697279,0.628534524,0.718981333,0.638640116,0.702673978
5,9,24,0.690697279,0.739046089,0.764912702,0.790076185,0.731259402
5,9,25,0.688333333,0.72275,0.726707916,0.762478879,0.674312805
5,9,26,0.688333333,0.708983333,0.698658333,0.73359125,0.763982887
5,9,27,0.693954082,0.67313546,0.669873875,0.719727074,0.689172623
5,9,28,0.693954082,0.645377296,0.616092434,0.62573562,0.613025365
5,9,29,0.69377551,0.672962245,0.61503199,0.614348621,0.584126632
5,9,30,0.69377551,0.672962245,0.703869944,0.634986361,0.615522648
5,9,31,0.681904762,0.695542857,0.702498286,0.707181608,0.759492247
5,9,32,0.681904762,0.654628572,0.694997333,0.6094592,0.719669739
5,9,33,0.460986395,0.465596259,0.500354633,0.48040222,0.500676621
5,9,34,0.460986395,0.502475171,0.476913475,0.456118763,0.445676044
5,9,35,0.025502551,0.028052806,0.028384339,0.028405761,0.027586364
5,9,36,0.025502551,0.026522653,0.026012602,0.026012602,0.02679298
5,9,37,0.0,0.0,0.0,0.0,0.0
5,9,38,0.0,0.0,0.0,0.0,0.0
5,9,39,0.0,0.0,0.0,0.0,0.0
5,9,40,0.0,0.0,0.0,0.0,0.0
5,9,41,0.0,0.0,0.0,0.0,0.0
5,9,42,0.0,0.0,0.0,0.0,0.0
5,9,43,0.0,0.0,0.0,0.0,0.0
5,9,44,0.0,0.0,0.0,0.0,0.0
5,9,45,0.0,0.0,0.0,0.0,0.0
5,9,46,0.0,0.0,0.0,0.0,0.0
5,9,47,0.0,0.0,0.0,0.0,0.0
5,9,48,0.0,0.0,0.0,0.0,0.0
5,10,1,0.0,0.0,0.0,0.0,0.0
5,10,2,0.0,0.0,0.0,0.0,0.0
5,10,3,0.0,0.0,0.0,0.0,0.0
5,10,4,0.0,0.0,0.0,0.0,0.0
5,10,5,0.0,0.0,0.0,0.0,0.0
5,10,6,0.0,0.0,0.0,0.0,0.0
5,10,7,0.0,0.0,0.0,0.0,0.0
5,10,8,0.0,0.0,0.0,0.0,0.0
5,10,9,0.0,0.0,0.0,0.0,0.0
5,10,10,0.0,0.0,0.0,0.0,0.0
5,10,11,0.0,0.0,0.0,0.0,0.0
5,10,12,0.0,0.0,0.0,0.0,0.0
5,10,13,0.011647959,0.012230357,0.010864634,0.010770314,0.0108094
5,10,14,0.011647959,0.010483163,0.01184015,0.012342896,0.012157469
5,10,15,0.419982993,0.411583333,0.415783163,0.386678342,0.441187514
5,10,16,0.419982993,0.428382653,0.466601105,0.43832225,0.469004808
5,10,17,0.682346939,0.6687,0.668768235,0.666539007,0.725315629
5,10,18,0.682346939,0.641406123,0.675114061,0.619648808,0.628443824
5,10,19,0.694608844,0.701554932,0.656196975,0.732008668,0.730896973
5,10,20,0.694608844,0.652932313,0.667032873,0.705100911,0.734312234
5,10,21,0.692287415,0.719978912,0.769685148,0.763683016,0.802685399
5,10,22,0.692287415,0.747670408,0.719978912,0.64798102,0.68793985
5,10,23,0.687236395,0.700981123,0.652462233,0.741446976,0.646844464
5,10,24,0.687236395,0.721598215,0.676240613,0.743676829,0.763763054
5,10,25,0.685306122,0.733277551,0.659641408,0.658104609,0.622515004
5,10,26,0.685306122,0.733277551,0.702198918,0.650373328,0.644293751
5,10,27,0.693358844,0.728026786,0.739120528,0.792185591,0.775081584
5,10,28,0.693358844,0.672558079,0.737595138,0.687147273,0.71161813
5,10,29,0.69547619,0.73025,0.777020773,0.726906498,0.805654702
5,10,30,0.69547619,0.646792857,0.738247976,0.755921185,0.659471883
5,10,31,0.681751701,0.715839286,0.684819584,0.638605908,0.653043955
5,10,32,0.681751701,0.72947432,0.740893661,0.674330834,0.635951366
5,10,33,0.456641156,0.493172448,0.465408666,0.448153719,0.447210238
5,10,34,0.456641156,0.474906802,0.461116239,0.501359111,0.435625361
5,10,35,0.023807823,0.024522058,0.025373187,0.023584982,0.026510994
5,10,36,0.023807823,0.025236292,0.025257719,0.024519605,0.026434735
5,10,37,0.0,0.0,0.0,0.0,0.0
5,10,38,0.0,0.0,0.0,0.0,0.0
5,10,39,0.0,0.0,0.0,0.0,0.0
5,10,40,0.0,0.0,0.0,0.0,0.0
5,10,41,0.0,0.0,0.0,0.0,0.0
5,10,42,0.0,0.0,0.0,0.0,0.0
5,10,43,0.0,0.0,0.0,0.0,0.0
5,10,44,0.0,0.0,0.0,0.0,0.0
5,10,45,0.0,0.0,0.0,0.0,0.0
5,10,46,0.0,0.0,0.0,0.0,0.0
5,10,47,0.0,0.0,0.0,0.0,0.0
5,10,48,0.0,0.0,0.0,0.0,0.0
5,11,1,0.0,0.0,0.0,0.0,0.0
5,11,2,0.0,0.0,0.0,0.0,0.0
5,11,3,0.0,0.0,0.0,0.0,0.0
5,11,4,0.0,0.0,0.0,0.0,0.0
5,11,5,0.0,0.0,0.0,0.0,0.0
5,11,6,0.0,0.0,0.0,0.0,0.0
5,11,7,0.0,0.0,0.0,0.0,0.0
5,11,8,0.0,0.0,0.0,0.0,0.0
5,11,9,0.0,0.0,0.0,0.0,0.0
5,11,10,0.0,0.0,0.0,0.0,0.0
5,11,11,0.0,0.0,0.0,0.0,0.0
5,11,12,0.0,0.0,0.0,0.0,0.0
5,11,13,0.010197279,0.009993333,0.009994353,0.009256723,0.010452047
5,11,14,0.010197279,0.010707143,0.010661255,0.010206236,0.011487276
5,11,15,0.416445578,0.441432313,0.39033444,0.399427946,0.370719062
5,11,16,0.416445578,0.37480102,0.431229396,0.448241198,0.43438647
5,11,17,0.677593537,0.711473214,0.729260044,0.72023111,0.75931424
5,11,18,0.677593537,0.691145408,0.615932525,0.628479299,0.6794192
5,11,19,0.688180272,0.674416667,0.735802347,0.762418407,0.679444202
5,11,20,0.688180272,0.688180272,0.722589286,0.748625439,0.761726384
5,11,21,0.683035714,0.744508928,0.785149553,0.803945558,0.814492733
5,11,22,0.683035714,0.669375,0.615346875,0.629682428,0.655853604
5,11,23,0.677806122,0.725252551,0.75063639,0.696361403,0.691138693
5,11,24,0.677806122,0.684584183,0.688007104,0.738143067,0.634392958
5,11,25,0.677151361,0.724551956,0.644783526,0.70262715,0.625423433
5,11,26,0.677151361,0.643293793,0.600802545,0.621203423,0.603832141
5,11,27,0.686709184,0.70731046,0.648219134,0.633094021,0.695586528
5,11,28,0.686709184,0.666107908,0.608767692,0.660400211,0.681716099
5,11,29,0.690552721,0.635308503,0.676189224,0.640656144,0.621036049
5,11,30,0.690552721,0.690552721,0.759607993,0.734978279,0.726112158
5,11,31,0.679880952,0.618691666,0.623314857,0.698285783,0.615740716
5,11,32,0.679880952,0.652685714,0.679609,0.637188961,0.695458214
5,11,33,0.46079932,0.442367347,0.4741625,0.486656306,0.461336405
5,11,34,0.46079932,0.456191327,0.430985604,0.404392875,0.477520587
5,11,35,0.025008503,0.026509013,0.025501171,0.024132522,0.022759022
5,11,36,0.025008503,0.024258248,0.023401707,0.021800537,0.023853421
5,11,37,0.0,0.0,0.0,0.0,0.0
5,11,38,0.0,0.0,0.0,0.0,0.0
5,11,39,0.0,0.0,0.0,0.0,0.0
5,11,40,0.0,0.0,0.0,0.0,0.0
5,11,41,0.0,0.0,0.0,0.0,0.0
5,11,42,0.0,0.0,0.0,0.0,0.0
5,11,43,0.0,0.0,0.0,0.0,0.0
5,11,44,0.0,0.0,0.0,0.0,0.0
5,11,45,0.0,0.0,0.0,0.0,0.0
5,11,46,0.0,0.0,0.0,0.0,0.0
5,11,47,0.0,0.0,0.0,0.0,0.0
5,11,48,0.0,0.0,0.0,0.0,0.0
5,12,1,0.0,0.0,0.0,0.0,0.0
5,12,2,0.0,0.0,0.0,0.0,0.0
5,12,3,0.0,0.0,0.0,0.0,0.0
5,12,4,0.0,0.0,0.0,0.0,0.0
5,12,5,0.0,0.0,0.0,0.0,0.0
5,12,6,0.0,0.0,0.0,0.0,0.0
5,12,7,0.0,0.0,0.0,0.0,0.0
5,12,8,0.0,0.0,0.0,0.0,0.0
5,12,9,0.0,0.0,0.0,0.0,0.0
5,12,10,0.0,0.0,0.0,0.0,0.0
5,12,11,0.0,0.0,0.0,0.0,0.0
5,12,12,0.0,0.0,0.0,0.0,0.0
5,12,13,0.009754252,0.009559167,0.009656709,0.009077307,0.008941147
5,12,14,0.009754252,0.009754252,0.01004688,0.010639938,0.010149319
5,12,15,0.40670068,0.435169728,0.39146974,0.398779981,0.37946793
5,12,16,0.40670068,0.378231632,0.353219541,0.402146988,0.41202994
5,12,17,0.674693878,0.681440817,0.684848021,0.71434395,0.730161567
5,12,18,0.674693878,0.667946939,0.631041184,0.71710446,0.679423582
5,12,19,0.690969388,0.725517857,0.729490931,0.72963258,0.661390474
5,12,20,0.690969388,0.642601531,0.613442623,0.590594108,0.583649759
5,12,21,0.687712585,0.715221088,0.77161352,0.775588499,0.722783245
5,12,22,0.687712585,0.72897534,0.7508446,0.715285733,0.763946839
5,12,23,0.680306122,0.619078571,0.714661581,0.704916196,0.720525055
5,12,24,0.680306122,0.680306122,0.673503061,0.650916898,0.637695148
5,12,25,0.677397959,0.724815816,0.68708475,0.633753886,0.653532579
5,12,26,0.677397959,0.670623979,0.727931847,0.657385365,0.656001396
5,12,27,0.683494898,0.635650255,0.718934108,0.618217376,0.710559351
5,12,28,0.683494898,0.724504592,0.68991975,0.769237055,0.702453292
5,12,29,0.686981293,0.68011148,0.669875459,0.658619728,0.633463171
5,12,30,0.686981293,0.700720919,0.72160515,0.674978356,0.647346429
5,12,31,0.674846939,0.742331633,0.687331607,0.680458291,0.640542748
5,12,32,0.674846939,0.607362245,0.647515638,0.611079527,0.616145055
5,12,33,0.455017007,0.409515306,0.466847449,0.426041524,0.474503747
5,12,34,0.455017007,0.414065476,0.451922891,0.396301612,0.412153677
5,12,35,0.022478741,0.024052253,0.021171602,0.023244558,0.021145213
5,12,36,0.022478741,0.021579591,0.021148,0.023691634,0.024002451
5,12,37,0.0,0.0,0.0,0.0,0.0
5,12,38,0.0,0.0,0.0,0.0,0.0
5,12,39,0.0,0.0,0.0,0.0,0.0
5,12,40,0.0,0.0,0.0,0.0,0.0
5,12,41,0.0,0.0,0.0,0.0,0.0
5,12,42,0.0,0.0,0.0,0.0,0.0
5,12,43,0.0,0.0,0.0,0.0,0.0
5,12,44,0.0,0.0,0.0,0.0,0.0
5,12,45,0.0,0.0,0.0,0.0,0.0
5,12,46,0.0,0.0,0.0,0.0,0.0
5,12,47,0.0,0.0,0.0,0.0,0.0
5,12,48,0.0,0.0,0.0,0.0,0.0
5,13,1,0.0,0.0,0.0,0.0,0.0
5,13,2,0.0,0.0,0.0,0.0,0.0
5,13,3,0.0,0.0,0.0,0.0,0.0
5,13,4,0.0,0.0,0.0,0.0,0.0
5,13,5,0.0,0.0,0.0,0.0,0.0
5,13,6,0.0,0.0,0.0,0.0,0.0
5,13,7,0.0,0.0,0.0,0.0,0.0
5,13,8,0.0,0.0,0.0,0.0,0.0
5,13,9,0.0,0.0,0.0,0.0,0.0
5,13,10,0.0,0.0,0.0,0.0,0.0
5,13,11,0.0,0.0,0.0,0.0,0.0
5,13,12,0.0,0.0,0.0,0.0,0.0
5,13,13,0.008793367,0.008705433,0.008049448,0.008516083,0.008090279
5,13,14,0.008793367,0.008177831,0.008909879,0.008195675,0.008093229
5,13,15,0.407210884,0.443859864,0.442556789,0.396712444,0.431036695
5,13,16,0.407210884,0.399066666,0.415232938,0.407170163,0.431600373
5,13,17,0.681326531,0.613193878,0.673150613,0.701802664,0.627326316
5,13,18,0.681326531,0.647260204,0.690865102,0.713539649,0.642253
5,13,19,0.693579932,0.638093537,0.645861633,0.725096204,0.675657827
5,13,20,0.693579932,0.686644133,0.752222115,0.653950162,0.626939177
5,13,21,0.689022109,0.647680782,0.688401989,0.607531464,0.697648631
5,13,22,0.689022109,0.744143878,0.673588014,0.639048713,0.672721665
5,13,23,0.681862245,0.72277398,0.716364475,0.756490249,0.661822918
5,13,24,0.681862245,0.620494643,0.657690228,0.67294951,0.592424241
5,13,25,0.676913265,0.717528061,0.732081696,0.751371468,0.76264204
5,13,26,0.676913265,0.731066326,0.746229183,0.66780472,0.776053711
5,13,27,0.685731293,0.720017858,0.646644609,0.711496503,0.725521194
5,13,28,0.685731293,0.713160545,0.706440378,0.764937372,0.667337679
5,13,29,0.69247449,0.644001276,0.688285019,0.634425046,0.724628139
5,13,30,0.69247449,0.761721939,0.741640179,0.702667714,0.71737982
5,13,31,0.676437075,0.615557738,0.581397666,0.58699631,0.615097197
5,13,32,0.676437075,0.656143963,0.672953424,0.628400798,0.632144462
5,13,33,0.455867347,0.46042602,0.412332015,0.434017625,0.414221107
5,13,34,0.455867347,0.455867347,0.423956633,0.440778138,0.479646755
5,13,35,0.022165816,0.021057525,0.022692254,0.024169052,0.02094468
5,13,36,0.022165816,0.024160739,0.023163278,0.023858176,0.022170152
5,13,37,0.0,0.0,0.0,0.0,0.0
5,13,38,0.0,0.0,0.0,0.0,0.0
5,13,39,0.0,0.0,0.0,0.0,0.0
5,13,40,0.0,0.0,0.0,0.0,0.0
5,13,41,0.0,0.0,0.0,0.0,0.0
5,13,42,0.0,0.0,0.0,0.0,0.0
5,13,43,0.0,0.0,0.0,0.0,0.0
5,13,44,0.0,0.0,0.0,0.0,0.0
5,13,45,0.0,0.0,0.0,0.0,0.0
5,13,46,0.0,0.0,0.0,0.0,0.0
5,13,47,0.0,0.0,0.0,0.0,0.0
5,13,48,0.0,0.0,0.0,0.0,0.0
5,14,1,0.0,0.0,0.0,0.0,0.0
5,14,2,0.0,0.0,0.0,0.0,0.0
5,14,3,0.0,0.0,0.0,0.0,0.0
5,14,4,0.0,0.0,0.0,0.0,0.0
5,14,5,0.0,0.0,0.0,0.0,0.0
5,14,6,0.0,0.0,0.0,0.0,0.0
5,14,7,0.0,0.0,0.0,0.0,0.0
5,14,8,0.0,0.0,0.0,0.0,0.0
5,14,9,0.0,0.0,0.0,0.0,0.0
5,14,10,0.0,0.0,0.0,0.0,0.0
5,14,11,0.0,0.0,0.0,0.0,0.0
5,14,12,0.0,0.0,0.0,0.0,0.0
5,14,13,0.008659864,0.008226871,0.0082745,0.007883854,0.007848209
5,14,14,0.008659864,0.008313469,0.008911,0.009145798,0.008494807
5,14,15,0.410255102,0.438972959,0.428860171,0.430289705,0.41428165
5,14,16,0.410255102,0.397947449,0.39601925,0.433519848,0.384869288
5,14,17,0.688545918,0.709202296,0.684896625,0.652562049,0.656449653
5,14,18,0.688545918,0.736744132,0.655633423,0.665895511,0.672970651
5,14,19,0.698418367,0.656513265,0.670691158,0.621190989,0.628618272
5,14,20,0.698418367,0.62857653,0.723212219,0.649232254,0.72884863
5,14,21,0.693392857,0.637921428,0.625717714,0.6849612,0.647288334
5,14,22,0.693392857,0.755798214,0.659381937,0.74502913,0.777606583
5,14,23,0.686318027,0.617686224,0.586801913,0.592452598,0.627022838
5,14,24,0.686318027,0.748086649,0.788922572,0.696642538,0.700792749
5,14,25,0.683954082,0.642916837,0.616994977,0.699791723,0.634477829
5,14,26,0.683954082,0.629237755,0.597502286,0.62416008,0.697084906
5,14,27,0.692712585,0.685785459,0.730603963,0.773337403,0.742228148
5,14,28,0.692712585,0.692712585,0.678858333,0.639927886,0.736897604
5,14,29,0.698435374,0.684466667,0.656878469,0.611934153,0.696075099
5,14,30,0.698435374,0.698435374,0.663513605,0.748606315,0.772472434
5,14,31,0.684132653,0.697815306,0.66333502,0.709031433,0.729893319
5,14,32,0.684132653,0.697815306,0.67024476,0.718267452,0.727245795
5,14,33,0.459957483,0.473756207,0.457519708,0.505481468,0.507371227
5,14,34,0.459957483,0.496754082,0.497490014,0.533207245,0.48194664
5,14,35,0.023194728,0.023426675,0.023077595,0.021374359,0.02413444
5,14,36,0.023194728,0.022498886,0.02490302,0.023296889,0.021360776
5,14,37,0.0,0.0,0.0,0.0,0.0
5,14,38,0.0,0.0,0.0,0.0,0.0
5,14,39,0.0,0.0,0.0,0.0,0.0
5,14,40,0.0,0.0,0.0,0.0,0.0
5,14,41,0.0,0.0,0.0,0.0,0.0
5,14,42,0.0,0.0,0.0,0.0,0.0
5,14,43,0.0,0.0,0.0,0.0,0.0
5,14,44,0.0,0.0,0.0,0.0,0.0
5,14,45,0.0,0.0,0.0,0.0,0.0
5,14,46,0.0,0.0,0.0,0.0,0.0
5,14,47,0.0,0.0,0.0,0.0,0.0
5,14,48,0.0,0.0,0.0,0.0,0.0
5,15,1,0.0,0.0,0.0,0.0,0.0
5,15,2,0.0,0.0,0.0,0.0,0.0
5,15,3,0.0,0.0,0.0,0.0,0.0
5,15,4,0.0,0.0,0.0,0.0,0.0
5,15,5,0.0,0.0,0.0,0.0,0.0
5,15,6,0.0,0.0,0.0,0.0,0.0
5,15,7,0.0,0.0,0.0,0.0,0.0
5,15,8,0.0,0.0,0.0,0.0,0.0
5,15,9,0.0,0.0,0.0,0.0,0.0
5,15,10,0.0,0.0,0.0,0.0,0.0
5,15,11,0.0,0.0,0.0,0.0,0.0
5,15,12,0.0,0.0,0.0,0.0,0.0
5,15,13,0.008369218,0.009038755,0.008181748,0.00827401,0.009058548
5,15,14,0.008369218,0.008703987,0.007768308,0.008528919,0.008259182
5,15,15,0.404753401,0.388563265,0.408558083,0.360562425,0.410139758
5,15,16,0.404753401,0.429038605,0.383544323,0.446356654,0.390967851
5,15,17,0.683146259,0.614831633,0.661968725,0.640249228,0.637047982
5,15,18,0.683146259,0.730966497,0.657562432,0.711275148,0.674865456
5,15,19,0.690527211,0.718148299,0.704337755,0.71842451,0.651230688
5,15,20,0.690527211,0.683621939,0.707686812,0.645369148,0.654529226
5,15,21,0.68420068,0.725252721,0.77519937,0.684524535,0.695775497
5,15,22,0.68420068,0.711568707,0.739757775,0.669131844,0.736222989
5,15,23,0.678256803,0.746082483,0.640952679,0.626471896,0.699858604
5,15,24,0.678256803,0.678256803,0.712169643,0.737830359,0.736709822
5,15,25,0.67832483,0.732590816,0.698403245,0.71013736,0.690766782
5,15,26,0.67832483,0.624058844,0.625144163,0.648934372,0.592586308
5,15,27,0.688647959,0.743739796,0.773489388,0.779409924,0.79856429
5,15,28,0.688647959,0.702420918,0.674668405,0.695464885,0.655785515
5,15,29,0.696105442,0.751793877,0.68051268,0.6385236,0.677899222
5,15,30,0.696105442,0.765715986,0.774765357,0.790260664,0.786980337
5,15,31,0.681241497,0.708491157,0.625379694,0.725440445,0.630327142
5,15,32,0.681241497,0.708491157,0.715712317,0.73690574,0.781646445
5,15,33,0.452321429,0.4116125,0.431966965,0.419007956,0.458738117
5,15,34,0.452321429,0.443275,0.483622072,0.501116055,0.465382803
5,15,35,0.021077381,0.019601964,0.018305705,0.01926845,0.018193939
5,15,36,0.021077381,0.021288155,0.023301045,0.024077746,0.023557886
5,15,37,0.0,0.0,0.0,0.0,0.0
5,15,38,0.0,0.0,0.0,0.0,0.0
5,15,39,0.0,0.0,0.0,0.0,0.0
5,15,40,0.0,0.0,0.0,0.0,0.0
5,15,41,0.0,0.0,0.0,0.0,0.0
5,15,42,0.0,0.0,0.0,0.0,0.0
5,15,43,0.0,0.0,0.0,0.0,0.0
5,15,44,0.0,0.0,0.0,0.0,0.0
5,15,45,0.0,0.0,0.0,0.0,0.0
5,15,46,0.0,0.0,0.0,0.0,0.0
5,15,47,0.0,0.0,0.0,0.0,0.0
5,15,48,0.0,0.0,0.0,0.0,0.0
5,16,1,0.0,0.0,0.0,0.0,0.0
5,16,2,0.0,0.0,0.0,0.0,0.0
5,16,3,0.0,0.0,0.0,0.0,0.0
5,16,4,0.0,0.0,0.0,0.0,0.0
5,16,5,0.0,0.0,0.0,0.0,0.0
5,16,6,0.0,0.0,0.0,0.0,0.0
5,16,7,0.0,0.0,0.0,0.0,0.0
5,16,8,0.0,0.0,0.0,0.0,0.0
5,16,9,0.0,0.0,0.0,0.0,0.0
5,16,10,0.0,0.0,0.0,0.0,0.0
5,16,11,0.0,0.0,0.0,0.0,0.0
5,16,12,0.0,0.0,0.0,0.0,0.0
5,16,13,0.006618282,0.007213927,0.006639461,0.007233323,0.006718461
5,16,14,0.006618282,0.006088819,0.006671228,0.006136471,0.005932191
5,16,15,0.398214286,0.39025,0.41394375,0.404810706,0.43394906
5,16,16,0.398214286,0.378303572,0.423202232,0.415902965,0.383710475
5,16,17,0.676666667,0.7308,0.731882667,0.698854116,0.659882302
5,16,18,0.676666667,0.703733334,0.717808,0.69240864,0.648818369
5,16,19,0.689923469,0.710621173,0.679264151,0.630875334,0.677671032
5,16,20,0.689923469,0.648528061,0.709379311,0.641653663,0.645476281
5,16,21,0.683146259,0.724135035,0.703640647,0.661422208,0.679224316
5,16,22,0.683146259,0.696809184,0.620979949,0.727006526,0.729724463
5,16,23,0.675518707,0.695784268,0.706221032,0.727133403,0.659094491
5,16,24,0.675518707,0.689029081,0.627691983,0.657439124,0.655795527
5,16,25,0.673418367,0.639747449,0.630319592,0.706133031,0.669028656
5,16,26,0.673418367,0.612810714,0.694563704,0.699880117,0.609853085
5,16,27,0.683265306,0.710595918,0.759654367,0.70348176,0.728534325
5,16,28,0.683265306,0.628604082,0.688731428,0.606848914,0.638825184
5,16,29,0.687882653,0.729155612,0.772285855,0.751667948,0.705838096
5,16,30,0.687882653,0.687882653,0.736034439,0.689854583,0.679401175
5,16,31,0.669268707,0.736195578,0.632458928,0.706480047,0.638073758
5,16,32,0.669268707,0.649190646,0.725152644,0.728888279,0.720850072
5,16,33,0.437270408,0.480997449,0.463725268,0.460664375,0.446844444
5,16,34,0.437270408,0.402288775,0.436570775,0.395600287,0.388677282
5,16,35,0.019108844,0.01834449,0.019850267,0.021011321,0.020557667
5,16,36,0.019108844,0.017771225,0.017886833,0.019898641,0.018666386
5,16,37,0.0,0.0,0.0,0.0,0.0
5,16,38,0.0,0.0,0.0,0.0,0.0
5,16,39,0.0,0.0,0.0,0.0,0.0
5,16,40,0.0,0.0,0.0,0.0,0.0
5,16,41,0.0,0.0,0.0,0.0,0.0
5,16,42,0.0,0.0,0.0,0.0,0.0
5,16,43,0.0,0.0,0.0,0.0,0.0
5,16,44,0.0,0.0,0.0,0.0,0.0
5,16,45,0.0,0.0,0.0,0.0,0.0
5,16,46,0.0,0.0,0.0,0.0,0.0
5,16,47,0.0,0.0,0.0,0.0,0.0
5,16,48,0.0,0.0,0.0,0.0,0.0
5,17,1,0.0,0.0,0.0,0.0,0.0
5,17,2,0.0,0.0,0.0,0.0,0.0
5,17,3,0.0,0.0,0.0,0.0,0.0
5,17,4,0.0,0.0,0.0,0.0,0.0
5,17,5,0.0,0.0,0.0,0.0,0.0
5,17,6,0.0,0.0,0.0,0.0,0.0
5,17,7,0.0,0.0,0.0,0.0,0.0
5,17,8,0.0,0.0,0.0,0.0,0.0
5,17,9,0.0,0.0,0.0,0.0,0.0
5,17,10,0.0,0.0,0.0,0.0,0.0
5,17,11,0.0,0.0,0.0,0.0,0.0
5,17,12,0.0,0.0,0.0,0.0,0.0
5,17,13,0.004718367,0.004718367,0.004482449,0.00459333,0.004581847
5,17,14,0.004718367,0.004859918,0.004549685,0.00466223,0.004556624
5,17,15,0.388239796,0.427063776,0.366886607,0.354657054,0.345790627
5,17,16,0.388239796,0.368827806,0.389889815,0.370849565,0.379451746
5,17,17,0.680484694,0.748533163,0.785959822,0.767858929,0.700966603
5,17,18,0.680484694,0.619241072,0.617369739,0.645422153,0.647035708
5,17,19,0.697806122,0.732696428,0.729556301,0.741620205,0.681894578
5,17,20,0.697806122,0.739674489,0.783426933,0.806929741,0.734250542
5,17,21,0.692610544,0.678758333,0.692541283,0.687970053,0.687970053
5,17,22,0.692610544,0.748019388,0.770737013,0.685523753,0.745949355
5,17,23,0.684251701,0.691094218,0.694549689,0.620968682,0.733260519
5,17,24,0.684251701,0.718464286,0.771493793,0.702994496,0.769652144
5,17,25,0.681462585,0.674647959,0.62381085,0.613775632,0.70678244
5,17,26,0.681462585,0.613316327,0.666811139,0.595015649,0.690283539
5,17,27,0.688962585,0.688962585,0.709631463,0.75847891,0.647473086
5,17,28,0.688962585,0.626955952,0.690857232,0.72912853,0.752373682
5,17,29,0.693656463,0.686719898,0.655678772,0.637963942,0.735355246
5,17,30,0.693656463,0.65897364,0.615446697,0.649465344,0.595490838
5,17,31,0.676318027,0.703370748,0.724336607,0.722382048,0.727799913
5,17,32,0.676318027,0.689844388,0.703573643,0.683012899,0.708832856
5,17,33,0.439481293,0.483429422,0.456840804,0.427722971,0.429275191
5,17,34,0.439481293,0.474639796,0.415925096,0.45664919,0.477941013
5,17,35,0.017473639,0.018347321,0.01755227,0.019214363,0.019780119
5,17,36,0.017473639,0.016250484,0.018379647,0.016325848,0.015396664
5,17,37,0.0,0.0,0.0,0.0,0.0
5,17,38,0.0,0.0,0.0,0.0,0.0
5,17,39,0.0,0.0,0.0,0.0,0.0
5,17,40,0.0,0.0,0.0,0.0,0.0
5,17,41,0.0,0.0,0.0,0.0,0.0
5,17,42,0.0,0.0,0.0,0.0,0.0
5,17,43,0.0,0.0,0.0,0.0,0.0
5,17,44,0.0,0.0,0.0,0.0,0.0
5,17,45,0.0,0.0,0.0,0.0,0.0
5,17,46,0.0,0.0,0.0,0.0,0.0
5,17,47,0.0,0.0,0.0,0.0,0.0
5,17,48,0.0,0.0,0.0,0.0,0.0
5,18,1,0.0,0.0,0.0,0.0,0.0
5,18,2,0.0,0.0,0.0,0.0,0.0
5,18,3,0.0,0.0,0.0,0.0,0.0
5,18,4,0.0,0.0,0.0,0.0,0.0
5,18,5,0.0,0.0,0.0,0.0,0.0
5,18,6,0.0,0.0,0.0,0.0,0.0
5,18,7,0.0,0.0,0.0,0.0,0.0
5,18,8,0.0,0.0,0.0,0.0,0.0
5,18,9,0.0,0.0,0.0,0.0,0.0
5,18,10,0.0,0.0,0.0,0.0,0.0
5,18,11,0.0,0.0,0.0,0.0,0.0
5,18,12,0.0,0.0,0.0,0.0,0.0
5,18,13,0.00551318,0.005843971,0.006132861,0.005771704,0.006222509
5,18,14,0.00551318,0.005899103,0.005934387,0.005377468,0.006021896
5,18,15,0.396215986,0.376405187,0.351542634,0.400951758,0.358402158
5,18,16,0.396215986,0.356594387,0.338764668,0.334749679,0.335186309
5,18,17,0.689022109,0.647680782,0.621566845,0.704977105,0.619204891
5,18,18,0.689022109,0.647680782,0.688401989,0.634532863,0.724751285
5,18,19,0.705765306,0.712822959,0.688015309,0.765399298,0.732360732
5,18,20,0.705765306,0.656361735,0.633389074,0.678475479,0.675182877
5,18,21,0.699957483,0.769953231,0.683508482,0.646025759,0.650870952
5,18,22,0.699957483,0.678958759,0.648090634,0.621615442,0.695263358
5,18,23,0.691326531,0.656760204,0.707745536,0.753805166,0.660264798
5,18,24,0.691326531,0.698239796,0.76426148,0.689224898,0.732086072
5,18,25,0.690697279,0.628534524,0.639827424,0.679140532,0.692527437
5,18,26,0.690697279,0.697604252,0.638618704,0.662127277,0.665539259
5,18,27,0.698367347,0.740269388,0.690545633,0.773602927,0.74021025
5,18,28,0.698367347,0.628530612,0.617007551,0.686846614,0.670841792
5,18,29,0.705127551,0.726281378,0.765803777,0.703108066,0.659822975
5,18,30,0.705127551,0.726281378,0.658448107,0.717517582,0.673769908
5,18,31,0.689744898,0.634565306,0.642290449,0.616201538,0.632786537
5,18,32,0.689744898,0.717334694,0.661327408,0.65499555,0.612765574
5,18,33,0.44755102,0.44307551,0.449766398,0.460201572,0.423139707
5,18,34,0.44755102,0.483355102,0.46079853,0.496374659,0.443698638
5,18,35,0.017276361,0.017621888,0.017274633,0.016869232,0.015879686
5,18,36,0.017276361,0.017967415,0.017093232,0.017271213,0.01896824
5,18,37,0.0,0.0,0.0,0.0,0.0
5,18,38,0.0,0.0,0.0,0.0,0.0
5,18,39,0.0,0.0,0.0,0.0,0.0
5,18,40,0.0,0.0,0.0,0.0,0.0
5,18,41,0.0,0.0,0.0,0.0,0.0
5,18,42,0.0,0.0,0.0,0.0,0.0
5,18,43,0.0,0.0,0.0,0.0,0.0
5,18,44,0.0,0.0,0.0,0.0,0.0
5,18,45,0.0,0.0,0.0,0.0,0.0
5,18,46,0.0,0.0,0.0,0.0,0.0
5,18,47,0.0,0.0,0.0,0.0,0.0
5,18,48,0.0,0.0,0.0,0.0,0.0
5,19,1,0.0,0.0,0.0,0.0,0.0
5,19,2,0.0,0.0,0.0,0.0,0.0
5,19,3,0.0,0.0,0.0,0.0,0.0
5,19,4,0.0,0.0,0.0,0.0,0.0
5,19,5,0.0,0.0,0.0,0.0,0.0
5,19,6,0.0,0.0,0.0,0.0,0.0
5,19,7,0.0,0.0,0.0,0.0,0.0
5,19,8,0.0,0.0,0.0,0.0,0.0
5,19,9,0.0,0.0,0.0,0.0,0.0
5,19,10,0.0,0.0,0.0,0.0,0.0
5,19,11,0.0,0.0,0.0,0.0,0.0
5,19,12,0.0,0.0,0.0,0.0,0.0
5,19,13,0.005206633,0.005727296,0.005630974,0.005355985,0.005863838
5,19,14,0.005206633,0.0051025,0.005360749,0.005223294,0.005588925
5,19,15,0.387959184,0.3802,0.403283572,0.421719392,0.390324726
5,19,16,0.387959184,0.411236735,0.411585898,0.367270485,0.41818386
5,19,17,0.682304422,0.61407398,0.700044337,0.612236307,0.593469933
5,19,18,0.682304422,0.648189201,0.678551748,0.689772244,0.661210316
5,19,19,0.698562925,0.719519813,0.723222196,0.649529163,0.641891842
5,19,20,0.698562925,0.74746233,0.665171617,0.689657645,0.749228583
5,19,21,0.694302721,0.673473639,0.68388818,0.636016008,0.63832413
5,19,22,0.694302721,0.694302721,0.694302721,0.680416667,0.635564711
5,19,23,0.685484694,0.678629847,0.688877843,0.656957563,0.657162862
5,19,24,0.685484694,0.706049235,0.654020947,0.640940528,0.604461466
5,19,25,0.683341837,0.703842092,0.658912366,0.613828889,0.698230361
5,19,26,0.683341837,0.662841582,0.646168041,0.690681839,0.643927992
5,19,27,0.691607143,0.684691072,0.660623143,0.706132737,0.754339876
5,19,28,0.691607143,0.760767857,0.79880625,0.720378,0.7948921
5,19,29,0.69875,0.7267,0.7554885,0.79967745,0.670638589
5,19,30,0.69875,0.7197125,0.716323563,0.775638936,0.78581475
5,19,31,0.681479592,0.633776021,0.683932919,0.646404292,0.601872367
5,19,32,0.681479592,0.695109184,0.626347893,0.640939734,0.727066011
5,19,33,0.439727891,0.430933333,0.404857469,0.420921169,0.445315464
5,19,34,0.439727891,0.413344218,0.430801415,0.410839527,0.461809306
5,19,35,0.015528912,0.01583949,0.016468411,0.016583429,0.015138757
5,19,36,0.015528912,0.015218334,0.014143733,0.01361693,0.015212056
5,19,37,0.0,0.0,0.0,0.0,0.0
5,19,38,0.0,0.0,0.0,0.0,0.0
5,19,39,0.0,0.0,0.0,0.0,0.0
5,19,40,0.0,0.0,0.0,0.0,0.0
5,19,41,0.0,0.0,0.0,0.0,0.0
5,19,42,0.0,0.0,0.0,0.0,0.0
5,19,43,0.0,0.0,0.0,0.0,0.0
5,19,44,0.0,0.0,0.0,0.0,0.0
5,19,45,0.0,0.0,0.0,0.0,0.0
5,19,46,0.0,0.0,0.0,0.0,0.0
5,19,47,0.0,0.0,0.0,0.0,0.0
5,19,48,0.0,0.0,0.0,0.0,0.0
5,20,1,0.0,0.0,0.0,0.0,0.0
5,20,2,0.0,0.0,0.0,0.0,0.0
5,20,3,0.0,0.0,0.0,0.0,0.0
5,20,4,0.0,0.0,0.0,0.0,0.0
5,20,5,0.0,0.0,0.0,0.0,0.0
5,20,6,0.0,0.0,0.0,0.0,0.0
5,20,7,0.0,0.0,0.0,0.0,0.0
5,20,8,0.0,0.0,0.0,0.0,0.0
5,20,9,0.0,0.0,0.0,0.0,0.0
5,20,10,0.0,0.0,0.0,0.0,0.0
5,20,11,0.0,0.0,0.0,0.0,0.0
5,20,12,0.0,0.0,0.0,0.0,0.0
5,20,13,0.003348384,0.003549287,0.003379859,0.003186034,0.003534186
5,20,14,0.003348384,0.003683222,0.003691593,0.00375312,0.003293363
5,20,15,0.373095238,0.343247619,0.354589714,0.356977524,0.389105501
5,20,16,0.373095238,0.354440476,0.345579464,0.375590312,0.394772246
5,20,17,0.66667517,0.66667517,0.613341156,0.66836408,0.666839172
5,20,18,0.66667517,0.620007908,0.707675693,0.69802557,0.673096085
5,20,19,0.680646259,0.707872109,0.742857327,0.646517294,0.631970655
5,20,20,0.680646259,0.701065647,0.718490191,0.707068039,0.750944761
5,20,21,0.67375,0.7343875,0.753353563,0.778136783,0.7496051
5,20,22,0.67375,0.7007,0.6459915,0.653276085,0.608270751
5,20,23,0.665926871,0.705882483,0.672186584,0.749465177,0.761218154
5,20,24,0.665926871,0.679245408,0.739844754,0.674155507,0.66220141
5,20,25,0.66545068,0.698723214,0.6479826,0.610354136,0.694965317
5,20,26,0.66545068,0.658796173,0.595911084,0.691256857,0.665910773
5,20,27,0.67414966,0.701115646,0.639498367,0.604429102,0.589318375
5,20,28,0.67414966,0.626959184,0.637543333,0.65914174,0.629965025
5,20,29,0.680756803,0.742024915,0.761188219,0.71343018,0.659158527
5,20,30,0.680756803,0.721602211,0.736238482,0.641579249,0.70894507
5,20,31,0.662202381,0.629092262,0.600452009,0.649499684,0.571780426
5,20,32,0.662202381,0.648958333,0.668691964,0.686348929,0.719874434
5,20,33,0.424744898,0.382270408,0.40754273,0.408901205,0.418040755
5,20,34,0.424744898,0.424744898,0.386517857,0.449082781,0.3875708
5,20,35,0.016266156,0.017079464,0.017339722,0.018415674,0.018484522
5,20,36,0.016266156,0.017079464,0.016839538,0.018066657,0.018769249
5,20,37,0.0,0.0,0.0,0.0,0.0
5,20,38,0.0,0.0,0.0,0.0,0.0
5,20,39,0.0,0.0,0.0,0.0,0.0
5,20,40,0.0,0.0,0.0,0.0,0.0
5,20,41,0.0,0.0,0.0,0.0,0.0
5,20,42,0.0,0.0,0.0,0.0,0.0
5,20,43,0.0,0.0,0.0,0.0,0.0
5,20,44,0.0,0.0,0.0,0.0,0.0
5,20,45,0.0,0.0,0.0,0.0,0.0
5,20,46,0.0,0.0,0.0,0.0,0.0
5,20,47,0.0,0.0,0.0,0.0,0.0
5,20,48,0.0,0.0,0.0,0.0,0.0
5,21,1,0.0,0.0,0.0,0.0,0.0
5,21,2,0.0,0.0,0.0,0.0,0.0
5,21,3,0.0,0.0,0.0,0.0,0.0
5,21,4,0.0,0.0,0.0,0.0,0.0
5,21,5,0.0,0.0,0.0,0.0,0.0
5,21,6,0.0,0.0,0.0,0.0,0.0
5,21,7,0.0,0.0,0.0,0.0,0.0
5,21,8,0.0,0.0,0.0,0.0,0.0
5,21,9,0.0,0.0,0.0,0.0,0.0
5,21,10,0.0,0.0,0.0,0.0,0.0
5,21,11,0.0,0.0,0.0,0.0,0.0
5,21,12,0.0,0.0,0.0,0.0,0.0
5,21,13,0.001773895,0.001614244,0.001575485,0.001753814,0.001847296
5,21,14,0.001773895,0.001738417,0.001703471,0.001669051,0.001755633
5,21,15,0.36412415,0.375047875,0.336323271,0.383593322,0.331942661
5,21,16,0.36412415,0.345917943,0.38697294,0.343731377,0.35298287
5,21,17,0.654566327,0.589109694,0.684021812,0.623288966,0.70152137
5,21,18,0.654566327,0.667657654,0.66772311,0.676582011,0.673298598
5,21,19,0.675195578,0.722459268,0.705815697,0.673110574,0.756618355
5,21,20,0.675195578,0.681947534,0.685357271,0.687641796,0.716662322
5,21,21,0.669081633,0.635627551,0.691495868,0.658747667,0.623913889
5,21,22,0.669081633,0.695844898,0.709761796,0.719225287,0.670539267
5,21,23,0.662431973,0.635934694,0.597248667,0.657146649,0.631808591
5,21,24,0.662431973,0.715426531,0.723375715,0.644378494,0.700131242
5,21,25,0.662857143,0.715885714,0.675584,0.664232351,0.713621792
5,21,26,0.662857143,0.696,0.66584,0.607409143,0.684347634
5,21,27,0.673044218,0.659583334,0.619671812,0.611720467,0.628184858
5,21,28,0.673044218,0.666313776,0.676375787,0.611439247,0.656793257
5,21,29,0.678784014,0.665208334,0.671996174,0.712315944,0.620689266
5,21,30,0.678784014,0.678784014,0.692359694,0.635477594,0.684778356
5,21,31,0.65744898,0.624576531,0.583321608,0.578257607,0.629228217
5,21,32,0.65744898,0.624576531,0.596141863,0.682400812,0.672149149
5,21,33,0.419914966,0.407317517,0.413616242,0.388799267,0.448153198
5,21,34,0.419914966,0.398919218,0.405322921,0.420293939,0.415223889
5,21,35,0.014437925,0.014293546,0.015802309,0.016032161,0.016655634
5,21,36,0.014437925,0.015881718,0.015008223,0.016166939,0.015373701
5,21,37,0.0,0.0,0.0,0.0,0.0
5,21,38,0.0,0.0,0.0,0.0,0.0
5,21,39,0.0,0.0,0.0,0.0,0.0
5,21,40,0.0,0.0,0.0,0.0,0.0
5,21,41,0.0,0.0,0.0,0.0,0.0
5,21,42,0.0,0.0,0.0,0.0,0.0
5,21,43,0.0,0.0,0.0,0.0,0.0
5,21,44,0.0,0.0,0.0,0.0,0.0
5,21,45,0.0,0.0,0.0,0.0,0.0
5,21,46,0.0,0.0,0.0,0.0,0.0
5,21,47,0.0,0.0,0.0,0.0,0.0
5,21,48,0.0,0.0,0.0,0.0,0.0
5,22,1,0.0,0.0,0.0,0.0,0.0
5,22,2,0.0,0.0,0.0,0.0,0.0
5,22,3,0.0,0.0,0.0,0.0,0.0
5,22,4,0.0,0.0,0.0,0.0,0.0
5,22,5,0.0,0.0,0.0,0.0,0.0
5,22,6,0.0,0.0,0.0,0.0,0.0
5,22,7,0.0,0.0,0.0,0.0,0.0
5,22,8,0.0,0.0,0.0,0.0,0.0
5,22,9,0.0,0.0,0.0,0.0,0.0
5,22,10,0.0,0.0,0.0,0.0,0.0
5,22,11,0.0,0.0,0.0,0.0,0.0
5,22,12,0.0,0.0,0.0,0.0,0.0
5,22,13,0.001784609,0.001927378,0.002041593,0.002013753,0.001767068
5,22,14,0.001784609,0.001873839,0.00179264,0.001726178,0.001919919
5,22,15,0.366819728,0.403501701,0.35049625,0.358661657,0.332882851
5,22,16,0.366819728,0.363151531,0.343086492,0.357685917,0.375570213
5,22,17,0.670170068,0.69027517,0.680222619,0.673420393,0.637810739
5,22,18,0.670170068,0.683573469,0.670103051,0.728584772,0.660583526
5,22,19,0.688920068,0.723366071,0.656713055,0.737943046,0.645596715
5,22,20,0.688920068,0.702698469,0.633186434,0.72892979,0.715971038
5,22,21,0.680289116,0.659880443,0.737093257,0.727041985,0.637979342
5,22,22,0.680289116,0.653077551,0.7000175,0.61001525,0.713717843
5,22,23,0.671454082,0.678168623,0.715300034,0.702073731,0.733254064
5,22,24,0.671454082,0.678168623,0.715300034,0.660775276,0.735938464
5,22,25,0.668333333,0.728483333,0.6285675,0.73588958,0.717931174
5,22,26,0.668333333,0.614866666,0.660848,0.67393664,0.667586083
5,22,27,0.676326531,0.6628,0.642780735,0.59457218,0.65056106
5,22,28,0.676326531,0.710142858,0.672437653,0.693165371,0.653617198
5,22,29,0.681641156,0.65437551,0.607887583,0.647968083,0.680366487
5,22,30,0.681641156,0.620293452,0.650967304,0.637947958,0.686575216
5,22,31,0.66295068,0.715986734,0.703258081,0.75653103,0.709681631
5,22,32,0.66295068,0.636432653,0.6626855,0.595160879,0.575376685
5,22,33,0.41957483,0.457336565,0.403379242,0.405425368,0.425643291
5,22,34,0.41957483,0.377617347,0.35873648,0.40457503,0.382323403
5,22,35,0.014017857,0.013457143,0.01346275,0.012690702,0.013541184
5,22,36,0.014017857,0.013457143,0.0126385,0.01444086,0.014184133
5,22,37,0.0,0.0,0.0,0.0,0.0
5,22,38,0.0,0.0,0.0,0.0,0.0
5,22,39,0.0,0.0,0.0,0.0,0.0
5,22,40,0.0,0.0,0.0,0.0,0.0
5,22,41,0.0,0.0,0.0,0.0,0.0
5,22,42,0.0,0.0,0.0,0.0,0.0
5,22,43,0.0,0.0,0.0,0.0,0.0
5,22,44,0.0,0.0,0.0,0.0,0.0
5,22,45,0.0,0.0,0.0,0.0,0.0
5,22,46,0.0,0.0,0.0,0.0,0.0
5,22,47,0.0,0.0,0.0,0.0,0.0
5,22,48,0.0,0.0,0.0,0.0,0.0
5,23,1,0.0,0.0,0.0,0.0,0.0
5,23,2,0.0,0.0,0.0,0.0,0.0
5,23,3,0.0,0.0,0.0,0.0,0.0
5,23,4,0.0,0.0,0.0,0.0,0.0
5,23,5,0.0,0.0,0.0,0.0,0.0
5,23,6,0.0,0.0,0.0,0.0,0.0
5,23,7,0.0,0.0,0.0,0.0,0.0
5,23,8,0.0,0.0,0.0,0.0,0.0
5,23,9,0.0,0.0,0.0,0.0,0.0
5,23,10,0.0,0.0,0.0,0.0,0.0
5,23,11,0.0,0.0,0.0,0.0,0.0
5,23,12,0.0,0.0,0.0,0.0,0.0
5,23,13,0.000451539,0.000406385,0.000416093,0.000420426,0.000415139
5,23,14,0.000451539,0.000492178,0.00050017,0.000495734,0.000455811
5,23,15,0.353307823,0.346241667,0.346276997,0.36603927,0.317669795
5,23,16,0.353307823,0.385105527,0.343362208,0.338956341,0.362286634
5,23,17,0.65127551,0.65127551,0.612198979,0.574425,0.566287312
5,23,18,0.65127551,0.67732653,0.611156939,0.588393557,0.657319659
5,23,19,0.675994898,0.73007449,0.724125735,0.681662439,0.773260829
5,23,20,0.675994898,0.73007449,0.667882959,0.746622845,0.761555302
5,23,21,0.671105442,0.738215986,0.775126786,0.713586416,0.753489004
5,23,22,0.671105442,0.671105442,0.738215986,0.742018917,0.705611447
5,23,23,0.66295068,0.656321173,0.659635927,0.699214082,0.709702293
5,23,24,0.66295068,0.669580187,0.679590742,0.630464771,0.660646595
5,23,25,0.659846939,0.679642347,0.649652304,0.623264365,0.679225548
5,23,26,0.659846939,0.593862245,0.639391684,0.662585304,0.645310758
5,23,27,0.665688776,0.619090562,0.590998495,0.56273335,0.646205463
5,23,28,0.665688776,0.645718113,0.609804203,0.601979475,0.624489665
5,23,29,0.668554422,0.735409864,0.730061429,0.654434553,0.711057368
5,23,30,0.668554422,0.72872432,0.656721009,0.718899913,0.727886162
5,23,31,0.645935374,0.652394728,0.668640002,0.708109237,0.662082137
5,23,32,0.645935374,0.658854081,0.606727097,0.681774237,0.687222059
5,23,33,0.407389456,0.391093878,0.411218917,0.379040039,0.369382582
5,23,34,0.407389456,0.382946089,0.422829516,0.408432237,0.437831271
5,23,35,0.01247449,0.013222959,0.014133597,0.012347624,0.011740201
5,23,36,0.01247449,0.011351786,0.012866189,0.011496972,0.012890674
5,23,37,0.0,0.0,0.0,0.0,0.0
5,23,38,0.0,0.0,0.0,0.0,0.0
5,23,39,0.0,0.0,0.0,0.0,0.0
5,23,40,0.0,0.0,0.0,0.0,0.0
5,23,41,0.0,0.0,0.0,0.0,0.0
5,23,42,0.0,0.0,0.0,0.0,0.0
5,23,43,0.0,0.0,0.0,0.0,0.0
5,23,44,0.0,0.0,0.0,0.0,0.0
5,23,45,0.0,0.0,0.0,0.0,0.0
5,23,46,0.0,0.0,0.0,0.0,0.0
5,23,47,0.0,0.0,0.0,0.0,0.0
5,23,48,0.0,0.0,0.0,0.0,0.0
5,24,1,0.0,0.0,0.0,0.0,0.0
5,24,2,0.0,0.0,0.0,0.0,0.0
5,24,3,0.0,0.0,0.0,0.0,0.0
5,24,4,0.0,0.0,0.0,0.0,0.0
5,24,5,0.0,0.0,0.0,0.0,0.0
5,24,6,0.0,0.0,0.0,0.0,0.0
5,24,7,0.0,0.0,0.0,0.0,0.0
5,24,8,0.0,0.0,0.0,0.0,0.0
5,24,9,0.0,0.0,0.0,0.0,0.0
5,24,10,0.0,0.0,0.0,0.0,0.0
5,24,11,0.0,0.0,0.0,0.0,0.0
5,24,12,0.0,0.0,0.0,0.0,0.0
5,24,13,0.000764923,0.000818468,0.000760027,0.000749894,0.000734662
5,24,14,0.000764923,0.000711378,0.000738151,0.000797203,0.000820676
5,24,15,0.339804422,0.322814201,0.311430753,0.3116958,0.337508109
5,24,16,0.339804422,0.349998555,0.355248533,0.330932978,0.343996122
5,24,17,0.645705782,0.581135204,0.674762542,0.665561235,0.609701631
5,24,18,0.645705782,0.639248724,0.603928618,0.667405371,0.658244287
5,24,19,0.665102041,0.625195919,0.587085572,0.650826291,0.581488259
5,24,20,0.665102041,0.631846939,0.629020255,0.661249437,0.685612948
5,24,21,0.660969388,0.601482143,0.650162539,0.605661122,0.661047238
5,24,22,0.660969388,0.667579082,0.670916977,0.626499173,0.715575359
5,24,23,0.65164966,0.593001191,0.672111459,0.658088393,0.682335436
5,24,24,0.65164966,0.619067177,0.648065587,0.58842661,0.626802258
5,24,25,0.647619048,0.615238096,0.669314286,0.669819429,0.689527578
5,24,26,0.647619048,0.654095238,0.663874286,0.622436381,0.614655927
5,24,27,0.654234694,0.595353572,0.574810602,0.565563649,0.543716473
5,24,28,0.654234694,0.667319388,0.660777041,0.64095373,0.701728698
5,24,29,0.655714286,0.609814286,0.632764286,0.601126072,0.574866354
5,24,30,0.655714286,0.622928572,0.626535,0.6223581,0.644521669
5,24,31,0.638120748,0.676407993,0.624401152,0.581678968,0.655358304
5,24,32,0.638120748,0.599833503,0.563269184,0.660448593,0.633880547
5,24,33,0.392355442,0.40804966,0.360182296,0.39846834,0.370275738
5,24,34,0.392355442,0.357043452,0.385940431,0.35952412,0.343818592
5,24,35,0.010798469,0.010042576,0.011462575,0.010014122,0.010262052
5,24,36,0.010798469,0.010798469,0.011770331,0.011233647,0.010146709
5,24,37,0.0,0.0,0.0,0.0,0.0
5,24,38,0.0,0.0,0.0,0.0,0.0
5,24,39,0.0,0.0,0.0,0.0,0.0
5,24,40,0.0,0.0,0.0,0.0,0.0
5,24,41,0.0,0.0,0.0,0.0,0.0
5,24,42,0.0,0.0,0.0,0.0,0.0
5,24,43,0.0,0.0,0.0,0.0,0.0
5,24,44,0.0,0.0,0.0,0.0,0.0
5,24,45,0.0,0.0,0.0,0.0,0.0
5,24,46,0.0,0.0,0.0,0.0,0.0
5,24,47,0.0,0.0,0.0,0.0,0.0
5,24,48,0.0,0.0,0.0,0.0,0.0
5,25,1,0.0,0.0,0.0,0.0,0.0
5,25,2,0.0,0.0,0.0,0.0,0.0
5,25,3,0.0,0.0,0.0,0.0,0.0
5,25,4,0.0,0.0,0.0,0.0,0.0
5,25,5,0.0,0.0,0.0,0.0,0.0
5,25,6,0.0,0.0,0.0,0.0,0.0
5,25,7,0.0,0.0,0.0,0.0,0.0
5,25,8,0.0,0.0,0.0,0.0,0.0
5,25,9,0.0,0.0,0.0,0.0,0.0
5,25,10,0.0,0.0,0.0,0.0,0.0
5,25,11,0.0,0.0,0.0,0.0,0.0
5,25,12,0.0,0.0,0.0,0.0,0.0
5,25,13,0.000794787,0.0007471,0.000709268,0.000765393,0.000814468
5,25,14,0.000794787,0.000786839,0.00084617,0.000865914,0.000782256
5,25,15,0.330348639,0.360080017,0.376283617,0.373349295,0.38521647
5,25,16,0.330348639,0.32043818,0.34166308,0.304351302,0.3242003
5,25,17,0.635195578,0.57167602,0.603435799,0.543092219,0.570699407
5,25,18,0.635195578,0.64789949,0.641547534,0.680040386,0.677217577
5,25,19,0.649081633,0.623118368,0.69971,0.6704494,0.713437038
5,25,20,0.649081633,0.662063266,0.629349551,0.58861665,0.676537219
5,25,21,0.649753401,0.630260799,0.608006745,0.591579896,0.663293225
5,25,22,0.649753401,0.682241071,0.725936987,0.685977153,0.624239209
5,25,23,0.642355442,0.635931888,0.658317975,0.619713697,0.645470548
5,25,24,0.642355442,0.642355442,0.61023767,0.644282508,0.577675067
5,25,25,0.640901361,0.615265307,0.684610834,0.679272125,0.655012407
5,25,26,0.640901361,0.660128402,0.591968542,0.624689441,0.572773962
5,25,27,0.648120748,0.635158333,0.673721518,0.68495021,0.68690721
5,25,28,0.648120748,0.699970408,0.674045578,0.707747857,0.627873456
5,25,29,0.649829932,0.584846939,0.574124745,0.645139243,0.619620067
5,25,30,0.649829932,0.617338435,0.614576658,0.689973176,0.636500255
5,25,31,0.630442177,0.649355442,0.607903869,0.585187461,0.612040015
5,25,32,0.630442177,0.580006803,0.665746939,0.637906612,0.666237171
5,25,33,0.341292517,0.324227891,0.34274301,0.349531318,0.359815605
5,25,34,0.341292517,0.317402041,0.329347279,0.322760333,0.304761505
5,25,35,0.007545493,0.007545493,0.007620948,0.007192112,0.008148853
5,25,36,0.007545493,0.006941854,0.00753342,0.007707268,0.007432009
5,25,37,0.0,0.0,0.0,0.0,0.0
5,25,38,0.0,0.0,0.0,0.0,0.0
5,25,39,0.0,0.0,0.0,0.0,0.0
5,25,40,0.0,0.0,0.0,0.0,0.0
5,25,41,0.0,0.0,0.0,0.0,0.0
5,25,42,0.0,0.0,0.0,0.0,0.0
5,25,43,0.0,0.0,0.0,0.0,0.0
5,25,44,0.0,0.0,0.0,0.0,0.0
5,25,45,0.0,0.0,0.0,0.0,0.0
5,25,46,0.0,0.0,0.0,0.0,0.0
5,25,47,0.0,0.0,0.0,0.0,0.0
5,25,48,0.0,0.0,0.0,0.0,0.0
5,26,1,0.0,0.0,0.0,0.0,0.0
5,26,2,0.0,0.0,0.0,0.0,0.0
5,26,3,0.0,0.0,0.0,0.0,0.0
5,26,4,0.0,0.0,0.0,0.0,0.0
5,26,5,0.0,0.0,0.0,0.0,0.0
5,26,6,0.0,0.0,0.0,0.0,0.0
5,26,7,0.0,0.0,0.0,0.0,0.0
5,26,8,0.0,0.0,0.0,0.0,0.0
5,26,9,0.0,0.0,0.0,0.0,0.0
5,26,10,0.0,0.0,0.0,0.0,0.0
5,26,11,0.0,0.0,0.0,0.0,0.0
5,26,12,0.0,0.0,0.0,0.0,0.0
5,26,13,0.0,0.0,0.0,0.0,0.0
5,26,14,0.0,0.0,0.0,0.0,0.0
5,26,15,0.331088435,0.347642857,0.332578333,0.353958369,0.310598468
5,26,16,0.331088435,0.30460136,0.317844898,0.295595755,0.281054351
5,26,17,0.639362245,0.671330357,0.661899764,0.657530789,0.71670856
5,26,18,0.639362245,0.60100051,0.632585005,0.649288557,0.586419944
5,26,19,0.652227891,0.704406122,0.610485306,0.714720019,0.710687425
5,26,20,0.652227891,0.587005102,0.662989651,0.608711246,0.627733473
5,26,21,0.652406463,0.639358334,0.645882398,0.620047102,0.620240867
5,26,22,0.652406463,0.645882398,0.701075985,0.626467652,0.623635218
5,26,23,0.643222789,0.694680612,0.615435565,0.709713158,0.6591054
5,26,24,0.643222789,0.604629422,0.64888315,0.689147181,0.672329461
5,26,25,0.64042517,0.653233673,0.633892833,0.706768948,0.698094966
5,26,26,0.64042517,0.704467687,0.6589975,0.601167107,0.651264366
5,26,27,0.647457483,0.621559184,0.59009275,0.656885327,0.673028594
5,26,28,0.647457483,0.699254082,0.606020204,0.644401484,0.655776146
5,26,29,0.646343537,0.704514455,0.675428996,0.628148966,0.690153348
5,26,30,0.646343537,0.601099489,0.686093665,0.592951252,0.625305766
5,26,31,0.611343537,0.568549489,0.554549722,0.607054962,0.538544474
5,26,32,0.611343537,0.66025102,0.693019034,0.628676349,0.667772159
5,26,33,0.267534014,0.294287415,0.272483393,0.286444656,0.28018737
5,26,34,0.267534014,0.246131293,0.277379266,0.245223818,0.284973807
5,26,35,0.0,0.0,0.0,0.0,0.0
5,26,36,0.0,0.0,0.0,0.0,0.0
5,26,37,0.0,0.0,0.0,0.0,0.0
5,26,38,0.0,0.0,0.0,0.0,0.0
5,26,39,0.0,0.0,0.0,0.0,0.0
5,26,40,0.0,0.0,0.0,0.0,0.0
5,26,41,0.0,0.0,0.0,0.0,0.0
5,26,42,0.0,0.0,0.0,0.0,0.0
5,26,43,0.0,0.0,0.0,0.0,0.0
5,26,44,0.0,0.0,0.0,0.0,0.0
5,26,45,0.0,0.0,0.0,0.0,0.0
5,26,46,0.0,0.0,0.0,0.0,0.0
5,26,47,0.0,0.0,0.0,0.0,0.0
5,26,48,0.0,0.0,0.0,0.0,0.0
5,27,1,0.0,0.0,0.0,0.0,0.0
5,27,2,0.0,0.0,0.0,0.0,0.0
5,27,3,0.0,0.0,0.0,0.0,0.0
5,27,4,0.0,0.0,0.0,0.0,0.0
5,27,5,0.0,0.0,0.0,0.0,0.0
5,27,6,0.0,0.0,0.0,0.0,0.0
5,27,7,0.0,0.0,0.0,0.0,0.0
5,27,8,0.0,0.0,0.0,0.0,0.0
5,27,9,0.0,0.0,0.0,0.0,0.0
5,27,10,0.0,0.0,0.0,0.0,0.0
5,27,11,0.0,0.0,0.0,0.0,0.0
5,27,12,0.0,0.0,0.0,0.0,0.0
5,27,13,0.0,0.0,0.0,0.0,0.0
5,27,14,0.0,0.0,0.0,0.0,0.0
5,27,15,0.219243197,0.197318877,0.197866985,0.217098268,0.220354742
5,27,16,0.219243197,0.238975085,0.206198227,0.212613283,0.225835171
5,27,17,0.537627551,0.57526148,0.567573406,0.582560311,0.616673699
5,27,18,0.537627551,0.543003827,0.578137787,0.575039977,0.513776103
5,27,19,0.645357143,0.593728572,0.613347429,0.629827269,0.632976405
5,27,20,0.645357143,0.580821429,0.674398214,0.646196107,0.579390833
5,27,21,0.648120748,0.687007993,0.627510508,0.601876036,0.583427227
5,27,22,0.648120748,0.622195918,0.609752,0.658024033,0.577416089
5,27,23,0.639285714,0.690428571,0.638262857,0.682232076,0.728807535
5,27,24,0.639285714,0.6265,0.588590357,0.673756639,0.587790855
5,27,25,0.638044218,0.612522449,0.600272,0.641624071,0.654271469
5,27,26,0.638044218,0.669946429,0.595135744,0.685125501,0.672945492
5,27,27,0.645433673,0.619616326,0.66415125,0.62377507,0.682921165
5,27,28,0.645433673,0.658342346,0.619293609,0.628202745,0.695221722
5,27,29,0.617117347,0.567747959,0.533189388,0.538323804,0.597940302
5,27,30,0.617117347,0.598603827,0.656489434,0.636551606,0.64600627
5,27,31,0.599583333,0.599583333,0.581595833,0.540164625,0.568627145
5,27,32,0.599583333,0.5756,0.540584333,0.589080232,0.605022573
5,27,33,0.355867347,0.35942602,0.382681952,0.380631444,0.373348208
5,27,34,0.355867347,0.345191327,0.35403463,0.330595902,0.346422301
5,27,35,0.008796769,0.009676446,0.00988317,0.008601437,0.008962272
5,27,36,0.008796769,0.008796769,0.007917092,0.008843685,0.007901492
5,27,37,0.0,0.0,0.0,0.0,0.0
5,27,38,0.0,0.0,0.0,0.0,0.0
5,27,39,0.0,0.0,0.0,0.0,0.0
5,27,40,0.0,0.0,0.0,0.0,0.0
5,27,41,0.0,0.0,0.0,0.0,0.0
5,27,42,0.0,0.0,0.0,0.0,0.0
5,27,43,0.0,0.0,0.0,0.0,0.0
5,27,44,0.0,0.0,0.0,0.0,0.0
5,27,45,0.0,0.0,0.0,0.0,0.0
5,27,46,0.0,0.0,0.0,0.0,0.0
5,27,47,0.0,0.0,0.0,0.0,0.0
5,27,48,0.0,0.0,0.0,0.0,0.0
5,28,1,0.0,0.0,0.0,0.0,0.0
5,28,2,0.0,0.0,0.0,0.0,0.0
5,28,3,0.0,0.0,0.0,0.0,0.0
5,28,4,0.0,0.0,0.0,0.0,0.0
5,28,5,0.0,0.0,0.0,0.0,0.0
5,28,6,0.0,0.0,0.0,0.0,0.0
5,28,7,0.0,0.0,0.0,0.0,0.0
5,28,8,0.0,0.0,0.0,0.0,0.0
5,28,9,0.0,0.0,0.0,0.0,0.0
5,28,10,0.0,0.0,0.0,0.0,0.0
5,28,11,0.0,0.0,0.0,0.0,0.0
5,28,12,0.0,0.0,0.0,0.0,0.0
5,28,13,0.0,0.0,0.0,0.0,0.0
5,28,14,0.0,0.0,0.0,0.0,0.0
5,28,15,0.334744898,0.334744898,0.318007653,0.309415867,0.298290063
5,28,16,0.334744898,0.307965306,0.314928,0.303252098,0.31207035
5,28,17,0.62797619,0.615416666,0.671432142,0.682954249,0.662433708
5,28,18,0.62797619,0.609136904,0.562886458,0.617999846,0.550094863
5,28,19,0.619098639,0.650053571,0.583810017,0.65471332,0.670803209
5,28,20,0.619098639,0.612907653,0.560562863,0.603498282,0.539115173
5,28,21,0.645365646,0.658272959,0.606191951,0.611145778,0.611336761
5,28,22,0.645365646,0.606643707,0.632264723,0.684619581,0.693601288
5,28,23,0.627840136,0.684345748,0.636410154,0.617055412,0.602928091
5,28,24,0.627840136,0.640396939,0.678506835,0.597001466,0.642295707
5,28,25,0.65252551,0.65252551,0.587272959,0.618159166,0.615068371
5,28,26,0.65252551,0.704727551,0.637908939,0.65840346,0.663391365
5,28,27,0.647916667,0.654395834,0.586040625,0.616862021,0.632566825
5,28,28,0.647916667,0.6025625,0.568968021,0.661065812,0.59532312
5,28,29,0.62255102,0.647453061,0.584201877,0.574803847,0.582962353
5,28,30,0.62255102,0.678580612,0.715622397,0.726031451,0.692553334
5,28,31,0.526777211,0.489902806,0.533757009,0.527148589,0.519396404
5,28,32,0.526777211,0.484635034,0.485477878,0.518921909,0.483794888
5,28,33,0.372534014,0.394886055,0.353013232,0.354803878,0.361433109
5,28,34,0.372534014,0.387435375,0.391384235,0.402973768,0.392467666
5,28,35,0.008516156,0.00766454,0.008171252,0.008117316,0.008685528
5,28,36,0.008516156,0.007834864,0.008093755,0.007414915,0.007646325
5,28,37,0.0,0.0,0.0,0.0,0.0
5,28,38,0.0,0.0,0.0,0.0,0.0
5,28,39,0.0,0.0,0.0,0.0,0.0
5,28,40,0.0,0.0,0.0,0.0,0.0
5,28,41,0.0,0.0,0.0,0.0,0.0
5,28,42,0.0,0.0,0.0,0.0,0.0
5,28,43,0.0,0.0,0.0,0.0,0.0
5,28,44,0.0,0.0,0.0,0.0,0.0
5,28,45,0.0,0.0,0.0,0.0,0.0
5,28,46,0.0,0.0,0.0,0.0,0.0
5,28,47,0.0,0.0,0.0,0.0,0.0
5,28,48,0.0,0.0,0.0,0.0,0.0
5,29,1,0.0,0.0,0.0,0.0,0.0
5,29,2,0.0,0.0,0.0,0.0,0.0
5,29,3,0.0,0.0,0.0,0.0,0.0
5,29,4,0.0,0.0,0.0,0.0,0.0
5,29,5,0.0,0.0,0.0,0.0,0.0
5,29,6,0.0,0.0,0.0,0.0,0.0
5,29,7,0.0,0.0,0.0,0.0,0.0
5,29,8,0.0,0.0,0.0,0.0,0.0
5,29,9,0.0,0.0,0.0,0.0,0.0
5,29,10,0.0,0.0,0.0,0.0,0.0
5,29,11,0.0,0.0,0.0,0.0,0.0
5,29,12,0.0,0.0,0.0,0.0,0.0
5,29,13,0.0,0.0,0.0,0.0,0.0
5,29,14,0.0,0.0,0.0,0.0,0.0
5,29,15,0.332576531,0.325925,0.329250766,0.345713304,0.363369376
5,29,16,0.332576531,0.355856888,0.323563707,0.337332375,0.357572318
5,29,17,0.650238095,0.695754762,0.619156714,0.622297364,0.67920482
5,29,18,0.650238095,0.669745238,0.626992083,0.623032133,0.578251699
5,29,19,0.670484694,0.72412347,0.718223204,0.739490979,0.684557363
5,29,20,0.670484694,0.610141072,0.576281594,0.662296958,0.573118982
5,29,21,0.67082483,0.697657823,0.663714087,0.697720881,0.634705847
5,29,22,0.67082483,0.684241327,0.650431755,0.61501936,0.648578025
5,29,23,0.660578231,0.726636054,0.742159643,0.759476701,0.73665691
5,29,24,0.660578231,0.60112619,0.618235166,0.63917946,0.591992976
5,29,25,0.656590136,0.636892432,0.607936807,0.633806458,0.633806458
5,29,26,0.656590136,0.695985544,0.615421934,0.590399284,0.68437117
5,29,27,0.664056122,0.657415561,0.621091691,0.692847603,0.639087162
5,29,28,0.664056122,0.610931632,0.637493877,0.586494367,0.57476448
5,29,29,0.66877551,0.6554,0.62236249,0.59044986,0.678644252
5,29,30,0.66877551,0.64202449,0.635738,0.65533446,0.663477477
5,29,31,0.643996599,0.650436565,0.63427225,0.681475913,0.691698052
5,29,32,0.643996599,0.611796769,0.571385982,0.578606794,0.559345279
5,29,33,0.395093537,0.430651955,0.412872746,0.437645111,0.414875179
5,29,34,0.395093537,0.379289796,0.379447833,0.349995454,0.383475788
5,29,35,0.009478741,0.009478741,0.009763103,0.010052205,0.009693198
5,29,36,0.009478741,0.008910017,0.008550772,0.009249239,0.009590024
5,29,37,0.0,0.0,0.0,0.0,0.0
5,29,38,0.0,0.0,0.0,0.0,0.0
5,29,39,0.0,0.0,0.0,0.0,0.0
5,29,40,0.0,0.0,0.0,0.0,0.0
5,29,41,0.0,0.0,0.0,0.0,0.0
5,29,42,0.0,0.0,0.0,0.0,0.0
5,29,43,0.0,0.0,0.0,0.0,0.0
5,29,44,0.0,0.0,0.0,0.0,0.0
5,29,45,0.0,0.0,0.0,0.0,0.0
5,29,46,0.0,0.0,0.0,0.0,0.0
5,29,47,0.0,0.0,0.0,0.0,0.0
5,29,48,0.0,0.0,0.0,0.0,0.0
5,30,1,0.0,0.0,0.0,0.0,0.0
5,30,2,0.0,0.0,0.0,0.0,0.0
5,30,3,0.0,0.0,0.0,0.0,0.0
5,30,4,0.0,0.0,0.0,0.0,0.0
5,30,5,0.0,0.0,0.0,0.0,0.0
5,30,6,0.0,0.0,0.0,0.0,0.0
5,30,7,0.0,0.0,0.0,0.0,0.0
5,30,8,0.0,0.0,0.0,0.0,0.0
5,30,9,0.0,0.0,0.0,0.0,0.0
5,30,10,0.0,0.0,0.0,0.0,0.0
5,30,11,0.0,0.0,0.0,0.0,0.0
5,30,12,0.0,0.0,0.0,0.0,0.0
5,30,13,0.0,0.0,0.0,0.0,0.0
5,30,14,0.0,0.0,0.0,0.0,0.0
5,30,15,0.307891156,0.307891156,0.304812244,0.294590258,0.331137862
5,30,16,0.307891156,0.33560136,0.344268496,0.322668597,0.294846662
5,30,17,0.626471088,0.588882823,0.565139568,0.593497826,0.593497826
5,30,18,0.626471088,0.632735799,0.635899478,0.568531909,0.622068664
5,30,19,0.654693878,0.595771429,0.600223347,0.62306518,0.575147767
5,30,20,0.654693878,0.602318368,0.641076245,0.683311857,0.709885096
5,30,21,0.65744898,0.65744898,0.67059796,0.714778531,0.722323416
5,30,22,0.65744898,0.703470409,0.714482679,0.677964675,0.729642187
5,30,23,0.646079932,0.697766327,0.611450048,0.651765435,0.664800744
5,30,24,0.646079932,0.652540731,0.701255158,0.619961505,0.713905671
5,30,25,0.643358844,0.57902296,0.56229563,0.559198929,0.621127236
5,30,26,0.643358844,0.585456548,0.663560312,0.624483982,0.629214921
5,30,27,0.649090136,0.603653826,0.576262223,0.56089523,0.633323875
5,30,28,0.649090136,0.597162925,0.641820326,0.61677064,0.626211007
5,30,29,0.655153061,0.602740816,0.603789061,0.60194415,0.671338382
5,30,30,0.655153061,0.596189286,0.61315775,0.640145033,0.663730959
5,30,31,0.62295068,0.666557228,0.689886731,0.653200231,0.65156723
5,30,32,0.62295068,0.62295068,0.672786734,0.582002055,0.66268289
5,30,33,0.368860544,0.357794728,0.334261425,0.353638899,0.328884176
5,30,34,0.368860544,0.402057993,0.41629601,0.395738182,0.423439855
5,30,35,0.006648639,0.00644918,0.006548909,0.006352442,0.006759784
5,30,36,0.006648639,0.006981071,0.007087449,0.007320063,0.006799026
5,30,37,0.0,0.0,0.0,0.0,0.0
5,30,38,0.0,0.0,0.0,0.0,0.0
5,30,39,0.0,0.0,0.0,0.0,0.0
5,30,40,0.0,0.0,0.0,0.0,0.0
5,30,41,0.0,0.0,0.0,0.0,0.0
5,30,42,0.0,0.0,0.0,0.0,0.0
5,30,43,0.0,0.0,0.0,0.0,0.0
5,30,44,0.0,0.0,0.0,0.0,0.0
5,30,45,0.0,0.0,0.0,0.0,0.0
5,30,46,0.0,0.0,0.0,0.0,0.0
5,30,47,0.0,0.0,0.0,0.0,0.0
5,30,48,0.0,0.0,0.0,0.0,0.0
5,31,1,0.0,0.0,0.0,0.0,0.0
5,31,2,0.0,0.0,0.0,0.0,0.0
5,31,3,0.0,0.0,0.0,0.0,0.0
5,31,4,0.0,0.0,0.0,0.0,0.0
5,31,5,0.0,0.0,0.0,0.0,0.0
5,31,6,0.0,0.0,0.0,0.0,0.0
5,31,7,0.0,0.0,0.0,0.0,0.0
5,31,8,0.0,0.0,0.0,0.0,0.0
5,31,9,0.0,0.0,0.0,0.0,0.0
5,31,10,0.0,0.0,0.0,0.0,0.0
5,31,11,0.0,0.0,0.0,0.0,0.0
5,31,12,0.0,0.0,0.0,0.0,0.0
5,31,13,0.0,0.0,0.0,0.0,0.0
5,31,14,0.0,0.0,0.0,0.0,0.0
5,31,15,0.325246599,0.295974405,0.307504397,0.27861762,0.280707252
5,31,16,0.325246599,0.302479337,0.29503119,0.319889137,0.30755495
5,31,17,0.642278912,0.623010545,0.619991834,0.590721471,0.575670642
5,31,18,0.642278912,0.616587756,0.660905,0.5759315,0.617686534
5,31,19,0.66087585,0.634440816,0.634705166,0.662640829,0.641684009
5,31,20,0.66087585,0.713745918,0.721676428,0.74767969,0.647004969
5,31,21,0.661573129,0.688036054,0.641064362,0.723278055,0.685272779
5,31,22,0.661573129,0.688036054,0.654560454,0.614612022,0.707071048
5,31,23,0.653197279,0.607473469,0.636638728,0.619787762,0.654445282
5,31,24,0.653197279,0.607473469,0.661852143,0.666474602,0.64077688
5,31,25,0.650518707,0.637508333,0.598932574,0.654145999,0.628923639
5,31,26,0.650518707,0.683044642,0.633442591,0.590101782,0.620098623
5,31,27,0.660765306,0.720234184,0.725024732,0.659887589,0.629244937
5,31,28,0.660765306,0.594688775,0.6151725,0.660954725,0.60125056
5,31,29,0.666267007,0.639616327,0.698647584,0.694904051,0.688355917
5,31,30,0.666267007,0.672929677,0.689686292,0.615427836,0.647856149
5,31,31,0.643528912,0.695011225,0.629113864,0.66900236,0.599839322
5,31,32,0.643528912,0.604917177,0.574285201,0.631880181,0.644335511
5,31,33,0.388843537,0.36940136,0.382913673,0.407013223,0.425747243
5,31,34,0.388843537,0.361624489,0.363976993,0.345477956,0.368630551
5,31,35,0.009321429,0.008575715,0.008948572,0.008501143,0.009720386
5,31,36,0.009321429,0.008855358,0.00854309,0.008906625,0.00926289
5,31,37,0.0,0.0,0.0,0.0,0.0
5,31,38,0.0,0.0,0.0,0.0,0.0
5,31,39,0.0,0.0,0.0,0.0,0.0
5,31,40,0.0,0.0,0.0,0.0,0.0
5,31,41,0.0,0.0,0.0,0.0,0.0
5,31,42,0.0,0.0,0.0,0.0,0.0
5,31,43,0.0,0.0,0.0,0.0,0.0
5,31,44,0.0,0.0,0.0,0.0,0.0
5,31,45,0.0,0.0,0.0,0.0,0.0
5,31,46,0.0,0.0,0.0,0.0,0.0
5,31,47,0.0,0.0,0.0,0.0,0.0
5,31,48,0.0,0.0,0.0,0.0,0.0
6,1,1,0.0,0.0,0.0,0.0,0.0
6,1,2,0.0,0.0,0.0,0.0,0.0
6,1,3,0.0,0.0,0.0,0.0,0.0
6,1,4,0.0,0.0,0.0,0.0,0.0
6,1,5,0.0,0.0,0.0,0.0,0.0
6,1,6,0.0,0.0,0.0,0.0,0.0
6,1,7,0.0,0.0,0.0,0.0,0.0
6,1,8,0.0,0.0,0.0,0.0,0.0
6,1,9,0.0,0.0,0.0,0.0,0.0
6,1,10,0.0,0.0,0.0,0.0,0.0
6,1,11,0.0,0.0,0.0,0.0,0.0
6,1,12,0.0,0.0,0.0,0.0,0.0
6,1,13,0.0,0.0,0.0,0.0,0.0
6,1,14,0.0,0.0,0.0,0.0,0.0
6,1,15,0.333239796,0.349901786,0.355233623,0.318435063,0.322242438
6,1,16,0.333239796,0.349901786,0.327907959,0.303314862,0.328591101
6,1,17,0.666335034,0.719641837,0.623689592,0.703383262,0.718958177
6,1,18,0.666335034,0.699651786,0.723973014,0.67575368,0.636114108
6,1,19,0.679736395,0.666141667,0.65275086,0.726168508,0.667575371
6,1,20,0.679736395,0.693331123,0.720860447,0.711935508,0.764597796
6,1,21,0.676573129,0.696870323,0.70045616,0.691299871,0.712038867
6,1,22,0.676573129,0.649510204,0.663041666,0.722715416,0.623723296
6,1,23,0.666590136,0.73324915,0.734915625,0.690237421,0.76274793
6,1,24,0.666590136,0.646592432,0.590932156,0.602969662,0.576629409
6,1,25,0.666454082,0.653125,0.613604273,0.676614174,0.587204444
6,1,26,0.666454082,0.726434949,0.703408961,0.677803017,0.728201515
6,1,27,0.677346939,0.67057347,0.69417901,0.673892808,0.685788037
6,1,28,0.677346939,0.629932653,0.679785388,0.609366594,0.61016142
6,1,29,0.687346939,0.694220408,0.759862041,0.678119306,0.775375891
6,1,30,0.687346939,0.721714286,0.746802449,0.725807437,0.742030311
6,1,31,0.66837585,0.681743367,0.702061993,0.74562584,0.629506586
6,1,32,0.66837585,0.681743367,0.627805436,0.698866711,0.689273776
6,1,33,0.410408163,0.381679592,0.411885632,0.385271484,0.421149891
6,1,34,0.410408163,0.422720408,0.399901714,0.427450499,0.419271398
6,1,35,0.010288265,0.011214209,0.010321187,0.010607887,0.009865335
6,1,36,0.010288265,0.009568086,0.010523866,0.010734344,0.01027864
6,1,37,0.0,0.0,0.0,0.0,0.0
6,1,38,0.0,0.0,0.0,0.0,0.0
6,1,39,0.0,0.0,0.0,0.0,0.0
6,1,40,0.0,0.0,0.0,0.0,0.0
6,1,41,0.0,0.0,0.0,0.0,0.0
6,1,42,0.0,0.0,0.0,0.0,0.0
6,1,43,0.0,0.0,0.0,0.0,0.0
6,1,44,0.0,0.0,0.0,0.0,0.0
6,1,45,0.0,0.0,0.0,0.0,0.0
6,1,46,0.0,0.0,0.0,0.0,0.0
6,1,47,0.0,0.0,0.0,0.0,0.0
6,1,48,0.0,0.0,0.0,0.0,0.0
6,2,1,0.0,0.0,0.0,0.0,0.0
6,2,2,0.0,0.0,0.0,0.0,0.0
6,2,3,0.0,0.0,0.0,0.0,0.0
6,2,4,0.0,0.0,0.0,0.0,0.0
6,2,5,0.0,0.0,0.0,0.0,0.0
6,2,6,0.0,0.0,0.0,0.0,0.0
6,2,7,0.0,0.0,0.0,0.0,0.0
6,2,8,0.0,0.0,0.0,0.0,0.0
6,2,9,0.0,0.0,0.0,0.0,0.0
6,2,10,0.0,0.0,0.0,0.0,0.0
6,2,11,0.0,0.0,0.0,0.0,0.0
6,2,12,0.0,0.0,0.0,0.0,0.0
6,2,13,0.0,0.0,0.0,0.0,0.0
6,2,14,0.0,0.0,0.0,0.0,0.0
6,2,15,0.327321429,0.310955358,0.328712545,0.299766693,0.316689006
6,2,16,0.327321429,0.330594643,0.355274679,0.371503275,0.349635242
6,2,17,0.666777211,0.673444983,0.717018874,0.754321725,0.773179768
6,2,18,0.666777211,0.700116072,0.676612175,0.626675007,0.707597823
6,2,19,0.683596939,0.649417092,0.606521384,0.665907159,0.690442282
6,2,20,0.683596939,0.67676097,0.693782533,0.69840775,0.750069382
6,2,21,0.682916667,0.621454167,0.70436025,0.696360109,0.683035526
6,2,22,0.682916667,0.628283334,0.72116,0.657129734,0.719438504
6,2,23,0.673605442,0.720757823,0.690209816,0.701806271,0.717492683
6,2,24,0.673605442,0.619717007,0.594928326,0.635711094,0.605750849
6,2,25,0.672491497,0.632142007,0.600131412,0.571429475,0.625239084
6,2,26,0.672491497,0.672491497,0.692666242,0.713177233,0.742723146
6,2,27,0.681972789,0.750170068,0.751875,0.698885714,0.727933152
6,2,28,0.681972789,0.722891156,0.77267517,0.754880227,0.777091126
6,2,29,0.689693878,0.641415307,0.632276863,0.608649675,0.64300893
6,2,30,0.689693878,0.751766327,0.684693597,0.659107679,0.626683833
6,2,31,0.667457483,0.680806633,0.70109734,0.621639642,0.614330252
6,2,32,0.667457483,0.680806633,0.721321302,0.655368716,0.674426148
6,2,33,0.405782313,0.438244898,0.396692789,0.380487467,0.441779035
6,2,34,0.405782313,0.40172449,0.444128742,0.442244559,0.427704726
6,2,35,0.009011054,0.009281386,0.00832306,0.009226707,0.008333313
6,2,36,0.009011054,0.008830833,0.009010153,0.008592653,0.009304232
6,2,37,0.0,0.0,0.0,0.0,0.0
6,2,38,0.0,0.0,0.0,0.0,0.0
6,2,39,0.0,0.0,0.0,0.0,0.0
6,2,40,0.0,0.0,0.0,0.0,0.0
6,2,41,0.0,0.0,0.0,0.0,0.0
6,2,42,0.0,0.0,0.0,0.0,0.0
6,2,43,0.0,0.0,0.0,0.0,0.0
6,2,44,0.0,0.0,0.0,0.0,0.0
6,2,45,0.0,0.0,0.0,0.0,0.0
6,2,46,0.0,0.0,0.0,0.0,0.0
6,2,47,0.0,0.0,0.0,0.0,0.0
6,2,48,0.0,0.0,0.0,0.0,0.0
6,3,1,0.0,0.0,0.0,0.0,0.0
6,3,2,0.0,0.0,0.0,0.0,0.0
6,3,3,0.0,0.0,0.0,0.0,0.0
6,3,4,0.0,0.0,0.0,0.0,0.0
6,3,5,0.0,0.0,0.0,0.0,0.0
6,3,6,0.0,0.0,0.0,0.0,0.0
6,3,7,0.0,0.0,0.0,0.0,0.0
6,3,8,0.0,0.0,0.0,0.0,0.0
6,3,9,0.0,0.0,0.0,0.0,0.0
6,3,10,0.0,0.0,0.0,0.0,0.0
6,3,11,0.0,0.0,0.0,0.0,0.0
6,3,12,0.0,0.0,0.0,0.0,0.0
6,3,13,0.0,0.0,0.0,0.0,0.0
6,3,14,0.0,0.0,0.0,0.0,0.0
6,3,15,0.284217687,0.270006803,0.288196735,0.306079711,0.292867739
6,3,16,0.284217687,0.28137551,0.30259236,0.283607282,0.285068728
6,3,17,0.657661565,0.697121259,0.650295755,0.601523574,0.638617528
6,3,18,0.657661565,0.60504864,0.568219592,0.555382038,0.5846464
6,3,19,0.612210884,0.606088775,0.615241328,0.653962952,0.659188544
6,3,20,0.612210884,0.642821428,0.589865187,0.621115491,0.659658475
6,3,21,0.63752551,0.643900765,0.69837732,0.699530604,0.703325227
6,3,22,0.63752551,0.688527551,0.716068653,0.667093093,0.731487998
6,3,23,0.649464286,0.616991072,0.582569465,0.62866844,0.650394481
6,3,24,0.649464286,0.668948215,0.65920625,0.613061813,0.705960454
6,3,25,0.653537415,0.627395918,0.634062,0.600031871,0.685344913
6,3,26,0.653537415,0.607789796,0.599130425,0.570540342,0.55305204
6,3,27,0.658903061,0.685259183,0.618314632,0.647617369,0.619897383
6,3,28,0.658903061,0.639135969,0.668490101,0.721060681,0.645021555
6,3,29,0.678792517,0.665216667,0.611524179,0.64532601,0.70223203
6,3,30,0.678792517,0.644852891,0.622113342,0.616156937,0.602050187
6,3,31,0.654302721,0.654302721,0.687017857,0.611991145,0.599751322
6,3,32,0.654302721,0.608501531,0.688228317,0.695868283,0.668342465
6,3,33,0.356488095,0.349358333,0.359981678,0.387250879,0.345106259
6,3,34,0.356488095,0.327969047,0.349073143,0.313504186,0.319920687
6,3,35,0.008453912,0.009130225,0.008176624,0.008930397,0.009366613
6,3,36,0.008453912,0.007777599,0.008683858,0.008471226,0.009181314
6,3,37,0.0,0.0,0.0,0.0,0.0
6,3,38,0.0,0.0,0.0,0.0,0.0
6,3,39,0.0,0.0,0.0,0.0,0.0
6,3,40,0.0,0.0,0.0,0.0,0.0
6,3,41,0.0,0.0,0.0,0.0,0.0
6,3,42,0.0,0.0,0.0,0.0,0.0
6,3,43,0.0,0.0,0.0,0.0,0.0
6,3,44,0.0,0.0,0.0,0.0,0.0
6,3,45,0.0,0.0,0.0,0.0,0.0
6,3,46,0.0,0.0,0.0,0.0,0.0
6,3,47,0.0,0.0,0.0,0.0,0.0
6,3,48,0.0,0.0,0.0,0.0,0.0
6,4,1,0.0,0.0,0.0,0.0,0.0
6,4,2,0.0,0.0,0.0,0.0,0.0
6,4,3,0.0,0.0,0.0,0.0,0.0
6,4,4,0.0,0.0,0.0,0.0,0.0
6,4,5,0.0,0.0,0.0,0.0,0.0
6,4,6,0.0,0.0,0.0,0.0,0.0
6,4,7,0.0,0.0,0.0,0.0,0.0
6,4,8,0.0,0.0,0.0,0.0,0.0
6,4,9,0.0,0.0,0.0,0.0,0.0
6,4,10,0.0,0.0,0.0,0.0,0.0
6,4,11,0.0,0.0,0.0,0.0,0.0
6,4,12,0.0,0.0,0.0,0.0,0.0
6,4,13,0.0,0.0,0.0,0.0,0.0
6,4,14,0.0,0.0,0.0,0.0,0.0
6,4,15,0.138265306,0.136882653,0.143076939,0.140802382,0.129973843
6,4,16,0.138265306,0.131352041,0.126720153,0.1321125,0.137397
6,4,17,0.186292517,0.184429592,0.179800223,0.192682816,0.182085261
6,4,18,0.186292517,0.199332993,0.18124399,0.18517737,0.188011717
6,4,19,0.641003401,0.602543197,0.584466901,0.591057698,0.574529409
6,4,20,0.641003401,0.628183333,0.602863699,0.655217651,0.631817021
6,4,21,0.680994898,0.626515306,0.601454694,0.610868767,0.611059664
6,4,22,0.680994898,0.708234694,0.757130128,0.665371513,0.681844824
6,4,23,0.617176871,0.641863946,0.660996429,0.665612912,0.588235411
6,4,24,0.617176871,0.654207483,0.686547551,0.62001177,0.586482186
6,4,25,0.507984694,0.502904847,0.545880352,0.518923298,0.492977133
6,4,26,0.507984694,0.528304082,0.476692837,0.51945702,0.538596238
6,4,27,0.560348639,0.532331207,0.551803322,0.498826561,0.567977078
6,4,28,0.560348639,0.54353818,0.507787937,0.483502427,0.560459896
6,4,29,0.620756803,0.571096259,0.607845061,0.617896356,0.616486592
6,4,30,0.620756803,0.626964371,0.611383375,0.638292562,0.574401336
6,4,31,0.557576531,0.574303827,0.588577786,0.630834653,0.581944967
6,4,32,0.557576531,0.540849235,0.505275852,0.502493174,0.50548675
6,4,33,0.39045068,0.386546173,0.415693316,0.369733953,0.38669997
6,4,34,0.39045068,0.351405612,0.352381739,0.382983311,0.354533122
6,4,35,0.009062075,0.009152696,0.00992705,0.009943443,0.008569184
6,4,36,0.009062075,0.009333937,0.009933847,0.009348853,0.010173252
6,4,37,0.0,0.0,0.0,0.0,0.0
6,4,38,0.0,0.0,0.0,0.0,0.0
6,4,39,0.0,0.0,0.0,0.0,0.0
6,4,40,0.0,0.0,0.0,0.0,0.0
6,4,41,0.0,0.0,0.0,0.0,0.0
6,4,42,0.0,0.0,0.0,0.0,0.0
6,4,43,0.0,0.0,0.0,0.0,0.0
6,4,44,0.0,0.0,0.0,0.0,0.0
6,4,45,0.0,0.0,0.0,0.0,0.0
6,4,46,0.0,0.0,0.0,0.0,0.0
6,4,47,0.0,0.0,0.0,0.0,0.0
6,4,48,0.0,0.0,0.0,0.0,0.0
6,5,1,0.0,0.0,0.0,0.0,0.0
6,5,2,0.0,0.0,0.0,0.0,0.0
6,5,3,0.0,0.0,0.0,0.0,0.0
6,5,4,0.0,0.0,0.0,0.0,0.0
6,5,5,0.0,0.0,0.0,0.0,0.0
6,5,6,0.0,0.0,0.0,0.0,0.0
6,5,7,0.0,0.0,0.0,0.0,0.0
6,5,8,0.0,0.0,0.0,0.0,0.0
6,5,9,0.0,0.0,0.0,0.0,0.0
6,5,10,0.0,0.0,0.0,0.0,0.0
6,5,11,0.0,0.0,0.0,0.0,0.0
6,5,12,0.0,0.0,0.0,0.0,0.0
6,5,13,0.0,0.0,0.0,0.0,0.0
6,5,14,0.0,0.0,0.0,0.0,0.0
6,5,15,0.316853741,0.297842517,0.331935979,0.347098487,0.307261047
6,5,16,0.316853741,0.313685204,0.327880251,0.332251988,0.306534406
6,5,17,0.662219388,0.68208597,0.611658938,0.671547741,0.630602889
6,5,18,0.662219388,0.635730612,0.648975,0.68142375,0.597949341
6,5,19,0.675782313,0.709571429,0.630335952,0.651739668,0.700200207
6,5,20,0.675782313,0.64875102,0.629153333,0.657741178,0.659385531
6,5,21,0.673869048,0.727778572,0.665782619,0.668469111,0.622417102
6,5,22,0.673869048,0.653652977,0.723499503,0.745204488,0.734009329
6,5,23,0.663554422,0.690096599,0.697130276,0.676757828,0.675065933
6,5,24,0.663554422,0.67682551,0.663488067,0.667956,0.68131512
6,5,25,0.66170068,0.621998639,0.64184966,0.629012666,0.632254007
6,5,26,0.66170068,0.668317687,0.618458541,0.591037995,0.685669024
6,5,27,0.671309524,0.698161905,0.671041,0.707377642,0.673233067
6,5,28,0.671309524,0.651170238,0.648015084,0.650263299,0.694500908
6,5,29,0.678996599,0.740106293,0.745029018,0.721377303,0.779087488
6,5,30,0.678996599,0.726526361,0.660595791,0.674932125,0.753788991
6,5,31,0.658596939,0.605909184,0.695478368,0.659861445,0.668060714
6,5,32,0.658596939,0.599323214,0.57235367,0.646696751,0.619242644
6,5,33,0.400858844,0.38482449,0.408555334,0.414002738,0.438245783
6,5,34,0.400858844,0.368790136,0.423306939,0.377769375,0.361266818
6,5,35,0.008891156,0.009157891,0.00983673,0.009295259,0.009945927
6,5,36,0.008891156,0.00969136,0.009848734,0.010140479,0.009642932
6,5,37,0.0,0.0,0.0,0.0,0.0
6,5,38,0.0,0.0,0.0,0.0,0.0
6,5,39,0.0,0.0,0.0,0.0,0.0
6,5,40,0.0,0.0,0.0,0.0,0.0
6,5,41,0.0,0.0,0.0,0.0,0.0
6,5,42,0.0,0.0,0.0,0.0,0.0
6,5,43,0.0,0.0,0.0,0.0,0.0
6,5,44,0.0,0.0,0.0,0.0,0.0
6,5,45,0.0,0.0,0.0,0.0,0.0
6,5,46,0.0,0.0,0.0,0.0,0.0
6,5,47,0.0,0.0,0.0,0.0,0.0
6,5,48,0.0,0.0,0.0,0.0,0.0
6,6,1,0.0,0.0,0.0,0.0,0.0
6,6,2,0.0,0.0,0.0,0.0,0.0
6,6,3,0.0,0.0,0.0,0.0,0.0
6,6,4,0.0,0.0,0.0,0.0,0.0
6,6,5,0.0,0.0,0.0,0.0,0.0
6,6,6,0.0,0.0,0.0,0.0,0.0
6,6,7,0.0,0.0,0.0,0.0,0.0
6,6,8,0.0,0.0,0.0,0.0,0.0
6,6,9,0.0,0.0,0.0,0.0,0.0
6,6,10,0.0,0.0,0.0,0.0,0.0
6,6,11,0.0,0.0,0.0,0.0,0.0
6,6,12,0.0,0.0,0.0,0.0,0.0
6,6,13,0.0,0.0,0.0,0.0,0.0
6,6,14,0.0,0.0,0.0,0.0,0.0
6,6,15,0.306887755,0.334507653,0.343146543,0.334744263,0.359505493
6,6,16,0.306887755,0.27619898,0.279881633,0.261767071,0.292431214
6,6,17,0.652423469,0.639375,0.626522257,0.677806656,0.694464075
6,6,18,0.652423469,0.678520408,0.612234183,0.706021362,0.59606987
6,6,19,0.669362245,0.696136735,0.65543951,0.639963855,0.631964307
6,6,20,0.669362245,0.649281378,0.725253992,0.667673221,0.657555928
6,6,21,0.668035714,0.634633928,0.61876808,0.685312788,0.684272009
6,6,22,0.668035714,0.634633928,0.683901562,0.602593265,0.653764029
6,6,23,0.657763605,0.684074149,0.610536178,0.592220093,0.604341081
6,6,24,0.657763605,0.611720153,0.609352204,0.676380946,0.626028142
6,6,25,0.654328231,0.588895408,0.658908529,0.659405818,0.576346047
6,6,26,0.654328231,0.608525255,0.580912603,0.596151036,0.640478245
6,6,27,0.66377551,0.597397959,0.605363265,0.653287857,0.604757902
6,6,28,0.66377551,0.610673469,0.58624653,0.558208653,0.634962343
6,6,29,0.671377551,0.644522449,0.631632,0.668652653,0.588641547
6,6,30,0.671377551,0.725087755,0.733144286,0.667277672,0.636291853
6,6,31,0.648503401,0.654988435,0.697368132,0.726979122,0.620583393
6,6,32,0.648503401,0.700383673,0.741887891,0.627232489,0.720271975
6,6,33,0.392244898,0.376555102,0.399776,0.42068736,0.433074266
6,6,34,0.392244898,0.404012245,0.402109857,0.41942845,0.392315397
6,6,35,0.008907313,0.008907313,0.009085459,0.00941503,0.009351142
6,6,36,0.008907313,0.009708971,0.010238956,0.010484071,0.010424917
6,6,37,0.0,0.0,0.0,0.0,0.0
6,6,38,0.0,0.0,0.0,0.0,0.0
6,6,39,0.0,0.0,0.0,0.0,0.0
6,6,40,0.0,0.0,0.0,0.0,0.0
6,6,41,0.0,0.0,0.0,0.0,0.0
6,6,42,0.0,0.0,0.0,0.0,0.0
6,6,43,0.0,0.0,0.0,0.0,0.0
6,6,44,0.0,0.0,0.0,0.0,0.0
6,6,45,0.0,0.0,0.0,0.0,0.0
6,6,46,0.0,0.0,0.0,0.0,0.0
6,6,47,0.0,0.0,0.0,0.0,0.0
6,6,48,0.0,0.0,0.0,0.0,0.0
6,7,1,0.0,0.0,0.0,0.0,0.0
6,7,2,0.0,0.0,0.0,0.0,0.0
6,7,3,0.0,0.0,0.0,0.0,0.0
6,7,4,0.0,0.0,0.0,0.0,0.0
6,7,5,0.0,0.0,0.0,0.0,0.0
6,7,6,0.0,0.0,0.0,0.0,0.0
6,7,7,0.0,0.0,0.0,0.0,0.0
6,7,8,0.0,0.0,0.0,0.0,0.0
6,7,9,0.0,0.0,0.0,0.0,0.0
6,7,10,0.0,0.0,0.0,0.0,0.0
6,7,11,0.0,0.0,0.0,0.0,0.0
6,7,12,0.0,0.0,0.0,0.0,0.0
6,7,13,0.0,0.0,0.0,0.0,0.0
6,7,14,0.0,0.0,0.0,0.0,0.0
6,7,15,0.233001701,0.216691582,0.220349709,0.212180281,0.216144702
6,7,16,0.233001701,0.221351616,0.215817826,0.214454766,0.238848995
6,7,17,0.399914966,0.439906463,0.403114286,0.430884381,0.443562325
6,7,18,0.399914966,0.415911565,0.387517602,0.421170446,0.37769964
6,7,19,0.621794218,0.665319813,0.624250305,0.611636588,0.605520222
6,7,20,0.621794218,0.68397364,0.607182054,0.701414968,0.633983483
6,7,21,0.644107143,0.650548214,0.627907848,0.62162877,0.667850394
6,7,22,0.644107143,0.689194643,0.693316929,0.743093529,0.664730938
6,7,23,0.659183673,0.626224489,0.616995918,0.608769306,0.684294748
6,7,24,0.659183673,0.718510204,0.716400816,0.642189039,0.629345258
6,7,25,0.65662415,0.623792943,0.627404375,0.661378109,0.629453896
6,7,26,0.65662415,0.722286565,0.689455358,0.689455358,0.689455358
6,7,27,0.667491497,0.687516242,0.670728831,0.661740613,0.671869296
6,7,28,0.667491497,0.734240647,0.728900715,0.731517281,0.672605283
6,7,29,0.675433673,0.614644642,0.703092682,0.717541559,0.650571014
6,7,30,0.675433673,0.709205357,0.761551466,0.736858737,0.735177554
6,7,31,0.656215986,0.721837585,0.757929464,0.647914854,0.675095238
6,7,32,0.656215986,0.610280867,0.677575816,0.648024223,0.596182285
6,7,33,0.40005102,0.440056122,0.420053571,0.449457321,0.401760238
6,7,34,0.40005102,0.39205,0.423774045,0.372868353,0.393213996
6,7,35,0.008961735,0.009320204,0.009506608,0.008892335,0.00871171
6,7,36,0.008961735,0.008692883,0.008827309,0.008032851,0.007852112
6,7,37,0.0,0.0,0.0,0.0,0.0
6,7,38,0.0,0.0,0.0,0.0,0.0
6,7,39,0.0,0.0,0.0,0.0,0.0
6,7,40,0.0,0.0,0.0,0.0,0.0
6,7,41,0.0,0.0,0.0,0.0,0.0
6,7,42,0.0,0.0,0.0,0.0,0.0
6,7,43,0.0,0.0,0.0,0.0,0.0
6,7,44,0.0,0.0,0.0,0.0,0.0
6,7,45,0.0,0.0,0.0,0.0,0.0
6,7,46,0.0,0.0,0.0,0.0,0.0
6,7,47,0.0,0.0,0.0,0.0,0.0
6,7,48,0.0,0.0,0.0,0.0,0.0
6,8,1,0.0,0.0,0.0,0.0,0.0
6,8,2,0.0,0.0,0.0,0.0,0.0
6,8,3,0.0,0.0,0.0,0.0,0.0
6,8,4,0.0,0.0,0.0,0.0,0.0
6,8,5,0.0,0.0,0.0,0.0,0.0
6,8,6,0.0,0.0,0.0,0.0,0.0
6,8,7,0.0,0.0,0.0,0.0,0.0
6,8,8,0.0,0.0,0.0,0.0,0.0
6,8,9,0.0,0.0,0.0,0.0,0.0
6,8,10,0.0,0.0,0.0,0.0,0.0
6,8,11,0.0,0.0,0.0,0.0,0.0
6,8,12,0.0,0.0,0.0,0.0,0.0
6,8,13,0.0,0.0,0.0,0.0,0.0
6,8,14,0.0,0.0,0.0,0.0,0.0
6,8,15,0.315442177,0.334368708,0.354146932,0.354731762,0.343069119
6,8,16,0.315442177,0.312287755,0.320142265,0.322276547,0.308011071
6,8,17,0.67127551,0.718264796,0.694770153,0.625293138,0.690948917
6,8,18,0.67127551,0.610860714,0.705174923,0.609442085,0.597253243
6,8,19,0.683673469,0.615306122,0.623510204,0.621605034,0.623303233
6,8,20,0.683673469,0.745204081,0.714438775,0.778738265,0.715903375
6,8,21,0.680833333,0.626366666,0.647064,0.612336053,0.609567512
6,8,22,0.680833333,0.748916666,0.657685,0.7097279,0.734255261
6,8,23,0.669838435,0.683235204,0.642709978,0.598735085,0.635657082
6,8,24,0.669838435,0.609552976,0.614107877,0.605919772,0.593612027
6,8,25,0.6675,0.727575,0.760315875,0.668171171,0.649419271
6,8,26,0.6675,0.7209,0.65949,0.6280196,0.695736496
6,8,27,0.678435374,0.664866667,0.732099612,0.712554567,0.655169712
6,8,28,0.678435374,0.644513605,0.62178602,0.64176255,0.653090631
6,8,29,0.689634354,0.731012415,0.73873632,0.762982025,0.774426755
6,8,30,0.689634354,0.758597789,0.658945625,0.772631849,0.719952404
6,8,31,0.671454082,0.671454082,0.678168623,0.633270727,0.703402091
6,8,32,0.671454082,0.711741327,0.746925521,0.660337488,0.746447627
6,8,33,0.413945578,0.447061224,0.417588299,0.456032253,0.472685954
6,8,34,0.413945578,0.389108843,0.397511939,0.376177459,0.402069674
6,8,35,0.010171769,0.010782075,0.010267384,0.010823359,0.010511147
6,8,36,0.010171769,0.009866616,0.010019192,0.009618425,0.009323861
6,8,37,0.0,0.0,0.0,0.0,0.0
6,8,38,0.0,0.0,0.0,0.0,0.0
6,8,39,0.0,0.0,0.0,0.0,0.0
6,8,40,0.0,0.0,0.0,0.0,0.0
6,8,41,0.0,0.0,0.0,0.0,0.0
6,8,42,0.0,0.0,0.0,0.0,0.0
6,8,43,0.0,0.0,0.0,0.0,0.0
6,8,44,0.0,0.0,0.0,0.0,0.0
6,8,45,0.0,0.0,0.0,0.0,0.0
6,8,46,0.0,0.0,0.0,0.0,0.0
6,8,47,0.0,0.0,0.0,0.0,0.0
6,8,48,0.0,0.0,0.0,0.0,0.0
6,9,1,0.0,0.0,0.0,0.0,0.0
6,9,2,0.0,0.0,0.0,0.0,0.0
6,9,3,0.0,0.0,0.0,0.0,0.0
6,9,4,0.0,0.0,0.0,0.0,0.0
6,9,5,0.0,0.0,0.0,0.0,0.0
6,9,6,0.0,0.0,0.0,0.0,0.0
6,9,7,0.0,0.0,0.0,0.0,0.0
6,9,8,0.0,0.0,0.0,0.0,0.0
6,9,9,0.0,0.0,0.0,0.0,0.0
6,9,10,0.0,0.0,0.0,0.0,0.0
6,9,11,0.0,0.0,0.0,0.0,0.0
6,9,12,0.0,0.0,0.0,0.0,0.0
6,9,13,0.0,0.0,0.0,0.0,0.0
6,9,14,0.0,0.0,0.0,0.0,0.0
6,9,15,0.316632653,0.313466326,0.337102954,0.322400644,0.315952632
6,9,16,0.316632653,0.332464286,0.337530408,0.305854477,0.326351661
6,9,17,0.677168367,0.622994898,0.598075102,0.696020734,0.63559348
6,9,18,0.677168367,0.650081632,0.69680625,0.620710583,0.661191708
6,9,19,0.688681973,0.668021514,0.719052848,0.629646088,0.710168136
6,9,20,0.688681973,0.640474235,0.624703418,0.612209349,0.635102071
6,9,21,0.685119048,0.746779762,0.780384852,0.693182214,0.69731181
6,9,22,0.685119048,0.685119048,0.671416667,0.673746072,0.61775369
6,9,23,0.674880952,0.647885714,0.608472666,0.585809264,0.59150642
6,9,24,0.674880952,0.715373809,0.722932476,0.704395746,0.767791363
6,9,25,0.67375,0.61985,0.672672,0.67508672,0.726373648
6,9,26,0.67375,0.606375,0.684866875,0.635347373,0.630582268
6,9,27,0.684965986,0.684965986,0.746612925,0.776066462,0.694226726
6,9,28,0.684965986,0.678116326,0.640648687,0.654552126,0.684507905
6,9,29,0.696113946,0.744841922,0.677249258,0.706068375,0.684886324
6,9,30,0.696113946,0.758764201,0.720164683,0.775765276,0.730325006
6,9,31,0.678860544,0.665283333,0.65190978,0.718579317,0.631152167
6,9,32,0.678860544,0.706014966,0.73398402,0.762789431,0.655575139
6,9,33,0.418979592,0.460877551,0.435529286,0.442846764,0.479118545
6,9,34,0.418979592,0.4106,0.38575451,0.364600231,0.383134076
6,9,35,0.010151361,0.009948334,0.010150346,0.011091682,0.010232076
6,9,36,0.010151361,0.010151361,0.010557415,0.010286712,0.009772377
6,9,37,0.0,0.0,0.0,0.0,0.0
6,9,38,0.0,0.0,0.0,0.0,0.0
6,9,39,0.0,0.0,0.0,0.0,0.0
6,9,40,0.0,0.0,0.0,0.0,0.0
6,9,41,0.0,0.0,0.0,0.0,0.0
6,9,42,0.0,0.0,0.0,0.0,0.0
6,9,43,0.0,0.0,0.0,0.0,0.0
6,9,44,0.0,0.0,0.0,0.0,0.0
6,9,45,0.0,0.0,0.0,0.0,0.0
6,9,46,0.0,0.0,0.0,0.0,0.0
6,9,47,0.0,0.0,0.0,0.0,0.0
6,9,48,0.0,0.0,0.0,0.0,0.0
6,10,1,0.0,0.0,0.0,0.0,0.0
6,10,2,0.0,0.0,0.0,0.0,0.0
6,10,3,0.0,0.0,0.0,0.0,0.0
6,10,4,0.0,0.0,0.0,0.0,0.0
6,10,5,0.0,0.0,0.0,0.0,0.0
6,10,6,0.0,0.0,0.0,0.0,0.0
6,10,7,0.0,0.0,0.0,0.0,0.0
6,10,8,0.0,0.0,0.0,0.0,0.0
6,10,9,0.0,0.0,0.0,0.0,0.0
6,10,10,0.0,0.0,0.0,0.0,0.0
6,10,11,0.0,0.0,0.0,0.0,0.0
6,10,12,0.0,0.0,0.0,0.0,0.0
6,10,13,0.0,0.0,0.0,0.0,0.0
6,10,14,0.0,0.0,0.0,0.0,0.0
6,10,15,0.308656463,0.299396769,0.331389011,0.325673311,0.303627733
6,10,16,0.308656463,0.339522109,0.353257322,0.360516922,0.354107732
6,10,17,0.673741497,0.606367347,0.672057143,0.624693116,0.708636253
6,10,18,0.673741497,0.633317007,0.712346885,0.693329184,0.746002007
6,10,19,0.685187075,0.644075851,0.604814631,0.612457893,0.636633862
6,10,20,0.685187075,0.671483334,0.657985148,0.698413926,0.685050044
6,10,21,0.683460884,0.662957057,0.67994106,0.722734711,0.666655225
6,10,22,0.683460884,0.697130102,0.731713222,0.767470529,0.763140305
6,10,23,0.672763605,0.666035969,0.709563774,0.675959905,0.633405156
6,10,24,0.672763605,0.692946513,0.682855059,0.744312014,0.698219298
6,10,25,0.671369048,0.637800596,0.674222366,0.60162891,0.678567991
6,10,26,0.671369048,0.631086905,0.696813935,0.639766364,0.606978338
6,10,27,0.681896259,0.729628997,0.762223638,0.731828794,0.690074701
6,10,28,0.681896259,0.613706633,0.712581591,0.602455345,0.717925953
6,10,29,0.694047619,0.749571429,0.678500952,0.778110667,0.659802477
6,10,30,0.694047619,0.714869048,0.648101667,0.630818956,0.705557288
6,10,31,0.67789966,0.616888691,0.62797235,0.60246502,0.688124009
6,10,32,0.67789966,0.69823665,0.681187473,0.713205578,0.748042928
6,10,33,0.418103741,0.413922704,0.424333487,0.439725976,0.390099759
6,10,34,0.418103741,0.409741666,0.451175747,0.447657404,0.414402854
6,10,35,0.010240646,0.010957491,0.011129022,0.009805905,0.00990127
6,10,36,0.010240646,0.010240646,0.009626207,0.010336908,0.009807769
6,10,37,0.0,0.0,0.0,0.0,0.0
6,10,38,0.0,0.0,0.0,0.0,0.0
6,10,39,0.0,0.0,0.0,0.0,0.0
6,10,40,0.0,0.0,0.0,0.0,0.0
6,10,41,0.0,0.0,0.0,0.0,0.0
6,10,42,0.0,0.0,0.0,0.0,0.0
6,10,43,0.0,0.0,0.0,0.0,0.0
6,10,44,0.0,0.0,0.0,0.0,0.0
6,10,45,0.0,0.0,0.0,0.0,0.0
6,10,46,0.0,0.0,0.0,0.0,0.0
6,10,47,0.0,0.0,0.0,0.0,0.0
6,10,48,0.0,0.0,0.0,0.0,0.0
6,11,1,0.0,0.0,0.0,0.0,0.0
6,11,2,0.0,0.0,0.0,0.0,0.0
6,11,3,0.0,0.0,0.0,0.0,0.0
6,11,4,0.0,0.0,0.0,0.0,0.0
6,11,5,0.0,0.0,0.0,0.0,0.0
6,11,6,0.0,0.0,0.0,0.0,0.0
6,11,7,0.0,0.0,0.0,0.0,0.0
6,11,8,0.0,0.0,0.0,0.0,0.0
6,11,9,0.0,0.0,0.0,0.0,0.0
6,11,10,0.0,0.0,0.0,0.0,0.0
6,11,11,0.0,0.0,0.0,0.0,0.0
6,11,12,0.0,0.0,0.0,0.0,0.0
6,11,13,0.0,0.0,0.0,0.0,0.0
6,11,14,0.0,0.0,0.0,0.0,0.0
6,11,15,0.296921769,0.314737075,0.284421363,0.313628072,0.320572694
6,11,16,0.296921769,0.299890987,0.295422314,0.29741169,0.267670521
6,11,17,0.656641156,0.59097704,0.667475735,0.695817462,0.607036899
6,11,18,0.656641156,0.63037551,0.611332916,0.689733681,0.679371857
6,11,19,0.676411565,0.635826871,0.715169948,0.729867018,0.730677982
6,11,20,0.676411565,0.649355102,0.649625667,0.717725882,0.605951599
6,11,21,0.675722789,0.743295068,0.709508928,0.674033482,0.637582461
6,11,22,0.675722789,0.695994473,0.740727321,0.633733375,0.748333494
6,11,23,0.666352041,0.599716837,0.588722028,0.673907363,0.65746155
6,11,24,0.666352041,0.639697959,0.6138435,0.69116166,0.691929618
6,11,25,0.664472789,0.730920068,0.760489107,0.790490053,0.743958934
6,11,26,0.664472789,0.59802551,0.612311675,0.593689825,0.678837445
6,11,27,0.674005102,0.721185459,0.676667422,0.649182168,0.659852237
6,11,28,0.674005102,0.667265051,0.717579532,0.617654905,0.642361102
6,11,29,0.683664966,0.704174915,0.686980741,0.740019355,0.654450295
6,11,30,0.683664966,0.711011565,0.648524587,0.721931061,0.642893232
6,11,31,0.661062925,0.661062925,0.608177891,0.682040655,0.711863848
6,11,32,0.661062925,0.720558588,0.670086434,0.636029464,0.665215009
6,11,33,0.401522109,0.40553733,0.443882691,0.429490132,0.432711307
6,11,34,0.401522109,0.365385119,0.38728815,0.403968382,0.350586846
6,11,35,0.008655612,0.008569056,0.008612334,0.008267841,0.009378832
6,11,36,0.008655612,0.009434617,0.009045115,0.008592859,0.009825256
6,11,37,0.0,0.0,0.0,0.0,0.0
6,11,38,0.0,0.0,0.0,0.0,0.0
6,11,39,0.0,0.0,0.0,0.0,0.0
6,11,40,0.0,0.0,0.0,0.0,0.0
6,11,41,0.0,0.0,0.0,0.0,0.0
6,11,42,0.0,0.0,0.0,0.0,0.0
6,11,43,0.0,0.0,0.0,0.0,0.0
6,11,44,0.0,0.0,0.0,0.0,0.0
6,11,45,0.0,0.0,0.0,0.0,0.0
6,11,46,0.0,0.0,0.0,0.0,0.0
6,11,47,0.0,0.0,0.0,0.0,0.0
6,11,48,0.0,0.0,0.0,0.0,0.0
6,12,1,0.0,0.0,0.0,0.0,0.0
6,12,2,0.0,0.0,0.0,0.0,0.0
6,12,3,0.0,0.0,0.0,0.0,0.0
6,12,4,0.0,0.0,0.0,0.0,0.0
6,12,5,0.0,0.0,0.0,0.0,0.0
6,12,6,0.0,0.0,0.0,0.0,0.0
6,12,7,0.0,0.0,0.0,0.0,0.0
6,12,8,0.0,0.0,0.0,0.0,0.0
6,12,9,0.0,0.0,0.0,0.0,0.0
6,12,10,0.0,0.0,0.0,0.0,0.0
6,12,11,0.0,0.0,0.0,0.0,0.0
6,12,12,0.0,0.0,0.0,0.0,0.0
6,12,13,0.0,0.0,0.0,0.0,0.0
6,12,14,0.0,0.0,0.0,0.0,0.0
6,12,15,0.25457483,0.267303572,0.260939201,0.287033121,0.294208949
6,12,16,0.25457483,0.252029082,0.245702897,0.240738179,0.245778634
6,12,17,0.608852041,0.645383163,0.652202306,0.67360792,0.683712039
6,12,18,0.608852041,0.614940561,0.581301486,0.60169803,0.541528227
6,12,19,0.63962585,0.620437075,0.686734294,0.609996462,0.664766357
6,12,20,0.63962585,0.697192177,0.648356743,0.68819392,0.688392438
6,12,21,0.649481293,0.675460545,0.669095628,0.658032364,0.676277807
6,12,22,0.649481293,0.591027977,0.620254635,0.682280098,0.667549051
6,12,23,0.641062925,0.576956633,0.645550365,0.602554275,0.62269636
6,12,24,0.641062925,0.576956633,0.602919681,0.661607923,0.614430423
6,12,25,0.638554422,0.581084524,0.628114057,0.640554374,0.609635308
6,12,26,0.638554422,0.638554422,0.670482143,0.649196996,0.610245176
6,12,27,0.647610544,0.686467177,0.627016529,0.692919968,0.723218874
6,12,28,0.647610544,0.621706122,0.653698083,0.673055162,0.713919226
6,12,29,0.642278912,0.578051021,0.671181463,0.636808837,0.581513653
6,12,30,0.642278912,0.65512449,0.62924065,0.597259656,0.630975927
6,12,31,0.613622449,0.589077551,0.5592555,0.5873185,0.593191685
6,12,32,0.613622449,0.564532653,0.553732898,0.5484312,0.615686184
6,12,33,0.338137755,0.341519133,0.36021815,0.315428762,0.311719874
6,12,34,0.338137755,0.361807398,0.360471754,0.349937579,0.342010963
6,12,35,0.005053997,0.005104537,0.004876096,0.004710851,0.004442733
6,12,36,0.005053997,0.005205617,0.004719422,0.004643501,0.005150916
6,12,37,0.0,0.0,0.0,0.0,0.0
6,12,38,0.0,0.0,0.0,0.0,0.0
6,12,39,0.0,0.0,0.0,0.0,0.0
6,12,40,0.0,0.0,0.0,0.0,0.0
6,12,41,0.0,0.0,0.0,0.0,0.0
6,12,42,0.0,0.0,0.0,0.0,0.0
6,12,43,0.0,0.0,0.0,0.0,0.0
6,12,44,0.0,0.0,0.0,0.0,0.0
6,12,45,0.0,0.0,0.0,0.0,0.0
6,12,46,0.0,0.0,0.0,0.0,0.0
6,12,47,0.0,0.0,0.0,0.0,0.0
6,12,48,0.0,0.0,0.0,0.0,0.0
6,13,1,0.0,0.0,0.0,0.0,0.0
6,13,2,0.0,0.0,0.0,0.0,0.0
6,13,3,0.0,0.0,0.0,0.0,0.0
6,13,4,0.0,0.0,0.0,0.0,0.0
6,13,5,0.0,0.0,0.0,0.0,0.0
6,13,6,0.0,0.0,0.0,0.0,0.0
6,13,7,0.0,0.0,0.0,0.0,0.0
6,13,8,0.0,0.0,0.0,0.0,0.0
6,13,9,0.0,0.0,0.0,0.0,0.0
6,13,10,0.0,0.0,0.0,0.0,0.0
6,13,11,0.0,0.0,0.0,0.0,0.0
6,13,12,0.0,0.0,0.0,0.0,0.0
6,13,13,0.0,0.0,0.0,0.0,0.0
6,13,14,0.0,0.0,0.0,0.0,0.0
6,13,15,0.17630102,0.172775,0.190246431,0.190560599,0.180646055
6,13,16,0.17630102,0.185116071,0.164444776,0.180545908,0.171303885
6,13,17,0.544158163,0.489742347,0.537628265,0.481935491,0.477430442
6,13,18,0.544158163,0.587690816,0.526309775,0.574828368,0.530334442
6,13,19,0.622576531,0.560318878,0.585533227,0.595370974,0.614587899
6,13,20,0.622576531,0.678608419,0.618062851,0.697326701,0.713016552
6,13,21,0.614277211,0.565135034,0.548426694,0.535630071,0.554549908
6,13,22,0.614277211,0.58356335,0.646833903,0.571849084,0.652461358
6,13,23,0.52087585,0.500040816,0.525772083,0.464006625,0.462459936
6,13,24,0.52087585,0.479205782,0.495040408,0.508341494,0.505874542
6,13,25,0.494302721,0.464644558,0.503447321,0.43871838,0.508547722
6,13,26,0.494302721,0.494302721,0.444872449,0.5208303,0.464148195
6,13,27,0.601709184,0.607726276,0.641000794,0.567467118,0.586341568
6,13,28,0.601709184,0.625777551,0.656705403,0.653186608,0.577253665
6,13,29,0.564438776,0.570083164,0.538897921,0.541072422,0.597912916
6,13,30,0.564438776,0.55315,0.542030557,0.602995024,0.605249341
6,13,31,0.282772109,0.268633504,0.248132526,0.277173221,0.271869618
6,13,32,0.282772109,0.274288946,0.295242359,0.284101138,0.292624172
6,13,33,0.190484694,0.173341072,0.17099811,0.176491879,0.165380913
6,13,34,0.190484694,0.186675,0.169721862,0.169533283,0.177312673
6,13,35,0.001454507,0.001454507,0.001396327,0.00139206,0.001438594
6,13,36,0.001454507,0.001556322,0.001625848,0.001622837,0.001721366
6,13,37,0.0,0.0,0.0,0.0,0.0
6,13,38,0.0,0.0,0.0,0.0,0.0
6,13,39,0.0,0.0,0.0,0.0,0.0
6,13,40,0.0,0.0,0.0,0.0,0.0
6,13,41,0.0,0.0,0.0,0.0,0.0
6,13,42,0.0,0.0,0.0,0.0,0.0
6,13,43,0.0,0.0,0.0,0.0,0.0
6,13,44,0.0,0.0,0.0,0.0,0.0
6,13,45,0.0,0.0,0.0,0.0,0.0
6,13,46,0.0,0.0,0.0,0.0,0.0
6,13,47,0.0,0.0,0.0,0.0,0.0
6,13,48,0.0,0.0,0.0,0.0,0.0
6,14,1,0.0,0.0,0.0,0.0,0.0
6,14,2,0.0,0.0,0.0,0.0,0.0
6,14,3,0.0,0.0,0.0,0.0,0.0
6,14,4,0.0,0.0,0.0,0.0,0.0
6,14,5,0.0,0.0,0.0,0.0,0.0
6,14,6,0.0,0.0,0.0,0.0,0.0
6,14,7,0.0,0.0,0.0,0.0,0.0
6,14,8,0.0,0.0,0.0,0.0,0.0
6,14,9,0.0,0.0,0.0,0.0,0.0
6,14,10,0.0,0.0,0.0,0.0,0.0
6,14,11,0.0,0.0,0.0,0.0,0.0
6,14,12,0.0,0.0,0.0,0.0,0.0
6,14,13,0.0,0.0,0.0,0.0,0.0
6,14,14,0.0,0.0,0.0,0.0,0.0
6,14,15,0.193835034,0.201588435,0.217482908,0.208388168,0.223802764
6,14,16,0.193835034,0.193835034,0.207403486,0.206292166,0.216368744
6,14,17,0.460280612,0.423458163,0.415357224,0.44602296,0.471182119
6,14,18,0.460280612,0.451075,0.44656425,0.475271952,0.430800076
6,14,19,0.579268707,0.57347602,0.547553745,0.589436804,0.555260804
6,14,20,0.579268707,0.608232142,0.558125399,0.564419154,0.56018601
6,14,21,0.628613946,0.628613946,0.590897109,0.659164584,0.66443174
6,14,22,0.628613946,0.590897109,0.548779975,0.636584771,0.595206761
6,14,23,0.619090136,0.63766284,0.653511548,0.662225035,0.675278509
6,14,24,0.619090136,0.612899235,0.634474526,0.678148549,0.674322298
6,14,25,0.616105442,0.579139115,0.57969361,0.556147293,0.588599079
6,14,26,0.616105442,0.579139115,0.62152717,0.575311047,0.645862349
6,14,27,0.62837585,0.691213435,0.659794643,0.672990535,0.676355488
6,14,28,0.62837585,0.634659609,0.650463261,0.593184603,0.645470956
6,14,29,0.627610544,0.608782228,0.642924241,0.563795104,0.574131347
6,14,30,0.627610544,0.602506122,0.615058333,0.602757166,0.660941685
6,14,31,0.593120748,0.551602296,0.583808752,0.622271447,0.622962859
6,14,32,0.593120748,0.557533503,0.592586939,0.540404769,0.57091149
6,14,33,0.310263605,0.319571513,0.340110964,0.300683285,0.285891608
6,14,34,0.310263605,0.297853061,0.328383,0.340261545,0.322382206
6,14,35,0.00648665,0.006551517,0.005997557,0.006154884,0.005730863
6,14,36,0.00648665,0.006356917,0.005843823,0.005979965,0.005611823
6,14,37,0.0,0.0,0.0,0.0,0.0
6,14,38,0.0,0.0,0.0,0.0,0.0
6,14,39,0.0,0.0,0.0,0.0,0.0
6,14,40,0.0,0.0,0.0,0.0,0.0
6,14,41,0.0,0.0,0.0,0.0,0.0
6,14,42,0.0,0.0,0.0,0.0,0.0
6,14,43,0.0,0.0,0.0,0.0,0.0
6,14,44,0.0,0.0,0.0,0.0,0.0
6,14,45,0.0,0.0,0.0,0.0,0.0
6,14,46,0.0,0.0,0.0,0.0,0.0
6,14,47,0.0,0.0,0.0,0.0,0.0
6,14,48,0.0,0.0,0.0,0.0,0.0
6,15,1,0.0,0.0,0.0,0.0,0.0
6,15,2,0.0,0.0,0.0,0.0,0.0
6,15,3,0.0,0.0,0.0,0.0,0.0
6,15,4,0.0,0.0,0.0,0.0,0.0
6,15,5,0.0,0.0,0.0,0.0,0.0
6,15,6,0.0,0.0,0.0,0.0,0.0
6,15,7,0.0,0.0,0.0,0.0,0.0
6,15,8,0.0,0.0,0.0,0.0,0.0
6,15,9,0.0,0.0,0.0,0.0,0.0
6,15,10,0.0,0.0,0.0,0.0,0.0
6,15,11,0.0,0.0,0.0,0.0,0.0
6,15,12,0.0,0.0,0.0,0.0,0.0
6,15,13,0.0,0.0,0.0,0.0,0.0
6,15,14,0.0,0.0,0.0,0.0,0.0
6,15,15,0.216598639,0.207934693,0.212266666,0.193162666,0.228239733
6,15,16,0.216598639,0.201436734,0.227829278,0.236817039,0.21405031
6,15,17,0.583154762,0.606480952,0.553180607,0.580938774,0.592557549
6,15,18,0.583154762,0.618144048,0.576623429,0.539303079,0.631443899
6,15,19,0.574030612,0.545329081,0.526099056,0.537516525,0.573031009
6,15,20,0.574030612,0.539588775,0.590218275,0.584984264,0.566483427
6,15,21,0.623886054,0.686274659,0.596123125,0.578239431,0.633553434
6,15,22,0.623886054,0.623886054,0.636363775,0.665728012,0.694837911
6,15,23,0.617321429,0.617321429,0.580282143,0.653373,0.660269715
6,15,24,0.617321429,0.623494643,0.589387634,0.597866544,0.594877211
6,15,25,0.612210884,0.648943537,0.655800299,0.594255963,0.615246617
6,15,26,0.612210884,0.661187755,0.585763374,0.625917878,0.639908072
6,15,27,0.500467687,0.545509779,0.554368057,0.576124388,0.554999827
6,15,28,0.500467687,0.475444303,0.444039955,0.487516834,0.524553914
6,15,29,0.489353741,0.513821428,0.501587585,0.491555833,0.469134868
6,15,30,0.489353741,0.440418367,0.478832636,0.49301166,0.446879855
6,15,31,0.364090136,0.37501284,0.365855973,0.372002846,0.369240449
6,15,32,0.364090136,0.345885629,0.340788367,0.364264899,0.364369976
6,15,33,0.170008503,0.158107908,0.165698787,0.176127421,0.177534794
6,15,34,0.170008503,0.171708588,0.181110058,0.177761231,0.180401508
6,15,35,0.000852296,0.000852296,0.000843773,0.000866444,0.000879313
6,15,36,0.000852296,0.00083525,0.000852211,0.000846586,0.000888915
6,15,37,0.0,0.0,0.0,0.0,0.0
6,15,38,0.0,0.0,0.0,0.0,0.0
6,15,39,0.0,0.0,0.0,0.0,0.0
6,15,40,0.0,0.0,0.0,0.0,0.0
6,15,41,0.0,0.0,0.0,0.0,0.0
6,15,42,0.0,0.0,0.0,0.0,0.0
6,15,43,0.0,0.0,0.0,0.0,0.0
6,15,44,0.0,0.0,0.0,0.0,0.0
6,15,45,0.0,0.0,0.0,0.0,0.0
6,15,46,0.0,0.0,0.0,0.0,0.0
6,15,47,0.0,0.0,0.0,0.0,0.0
6,15,48,0.0,0.0,0.0,0.0,0.0
6,16,1,0.0,0.0,0.0,0.0,0.0
6,16,2,0.0,0.0,0.0,0.0,0.0
6,16,3,0.0,0.0,0.0,0.0,0.0
6,16,4,0.0,0.0,0.0,0.0,0.0
6,16,5,0.0,0.0,0.0,0.0,0.0
6,16,6,0.0,0.0,0.0,0.0,0.0
6,16,7,0.0,0.0,0.0,0.0,0.0
6,16,8,0.0,0.0,0.0,0.0,0.0
6,16,9,0.0,0.0,0.0,0.0,0.0
6,16,10,0.0,0.0,0.0,0.0,0.0
6,16,11,0.0,0.0,0.0,0.0,0.0
6,16,12,0.0,0.0,0.0,0.0,0.0
6,16,13,0.0,0.0,0.0,0.0,0.0
6,16,14,0.0,0.0,0.0,0.0,0.0
6,16,15,0.245858844,0.23602449,0.22407575,0.232966498,0.211258256
6,16,16,0.245858844,0.231107313,0.250407233,0.223061173,0.256617332
6,16,17,0.599166667,0.659083334,0.63541625,0.593348759,0.60310114
6,16,18,0.599166667,0.635116667,0.586284584,0.546170375,0.585767728
6,16,19,0.627789116,0.640344898,0.621385667,0.617243096,0.59535616
6,16,20,0.627789116,0.571288096,0.641506308,0.619663118,0.645814742
6,16,21,0.629702381,0.591920238,0.616919423,0.649618188,0.615819657
6,16,22,0.629702381,0.680078571,0.687635,0.725727796,0.728440953
6,16,23,0.622755102,0.635210204,0.647852133,0.641625204,0.662335087
6,16,24,0.622755102,0.591617347,0.564683189,0.58708836,0.53829776
6,16,25,0.621003401,0.676893707,0.603522155,0.64648255,0.624235944
6,16,26,0.621003401,0.602373299,0.630039,0.568380815,0.550958707
6,16,27,0.628588435,0.647446088,0.631637089,0.661326159,0.635826948
6,16,28,0.628588435,0.672589625,0.715647933,0.719334604,0.73192296
6,16,29,0.638078231,0.58065119,0.609364711,0.645926593,0.643245389
6,16,30,0.638078231,0.612555102,0.625316666,0.662835666,0.60930856
6,16,31,0.607644558,0.650179677,0.572310027,0.591743411,0.587305336
6,16,32,0.607644558,0.552956548,0.638330608,0.6296261,0.564639692
6,16,33,0.361811224,0.343720663,0.328072327,0.351425433,0.380883153
6,16,34,0.361811224,0.390756122,0.395097857,0.382555068,0.378729517
6,16,35,0.008149745,0.007497765,0.007589043,0.008055338,0.008057662
6,16,36,0.008149745,0.007334771,0.007587413,0.007767549,0.00824956
6,16,37,0.0,0.0,0.0,0.0,0.0
6,16,38,0.0,0.0,0.0,0.0,0.0
6,16,39,0.0,0.0,0.0,0.0,0.0
6,16,40,0.0,0.0,0.0,0.0,0.0
6,16,41,0.0,0.0,0.0,0.0,0.0
6,16,42,0.0,0.0,0.0,0.0,0.0
6,16,43,0.0,0.0,0.0,0.0,0.0
6,16,44,0.0,0.0,0.0,0.0,0.0
6,16,45,0.0,0.0,0.0,0.0,0.0
6,16,46,0.0,0.0,0.0,0.0,0.0
6,16,47,0.0,0.0,0.0,0.0,0.0
6,16,48,0.0,0.0,0.0,0.0,0.0
6,17,1,0.0,0.0,0.0,0.0,0.0
6,17,2,0.0,0.0,0.0,0.0,0.0
6,17,3,0.0,0.0,0.0,0.0,0.0
6,17,4,0.0,0.0,0.0,0.0,0.0
6,17,5,0.0,0.0,0.0,0.0,0.0
6,17,6,0.0,0.0,0.0,0.0,0.0
6,17,7,0.0,0.0,0.0,0.0,0.0
6,17,8,0.0,0.0,0.0,0.0,0.0
6,17,9,0.0,0.0,0.0,0.0,0.0
6,17,10,0.0,0.0,0.0,0.0,0.0
6,17,11,0.0,0.0,0.0,0.0,0.0
6,17,12,0.0,0.0,0.0,0.0,0.0
6,17,13,0.0,0.0,0.0,0.0,0.0
6,17,14,0.0,0.0,0.0,0.0,0.0
6,17,15,0.16329932,0.179629252,0.186896072,0.17307605,0.158152656
6,17,16,0.16329932,0.155134354,0.173546352,0.178752743,0.150914873
6,17,17,0.298214286,0.319089286,0.333343929,0.326388975,0.309681345
6,17,18,0.298214286,0.316107143,0.285659465,0.28499395,0.272544214
6,17,19,0.534030612,0.539370918,0.590370842,0.576774422,0.5937449
6,17,20,0.534030612,0.55005153,0.525779839,0.504423421,0.502142783
6,17,21,0.63172619,0.574870833,0.579166571,0.648827439,0.632993669
6,17,22,0.63172619,0.587505357,0.640096562,0.619776036,0.588787234
6,17,23,0.628656463,0.616083334,0.634817296,0.60145827,0.595443687
6,17,24,0.628656463,0.584650511,0.667318835,0.670756539,0.637845587
6,17,25,0.62454932,0.568339881,0.590480155,0.5528445,0.56653186
6,17,26,0.62454932,0.568339881,0.542764587,0.566980237,0.518092656
6,17,27,0.631836735,0.606563266,0.606816,0.6458256,0.566711964
6,17,28,0.631836735,0.568653062,0.612249796,0.567991739,0.595182833
6,17,29,0.624107143,0.636589286,0.579920357,0.576726593,0.592249128
6,17,30,0.624107143,0.686517857,0.661865625,0.68379675,0.670712562
6,17,31,0.482227891,0.496694728,0.479672083,0.452164358,0.444251481
6,17,32,0.482227891,0.482227891,0.525628401,0.447025255,0.435849624
6,17,33,0.320969388,0.311340306,0.284539362,0.314784843,0.329462068
6,17,34,0.320969388,0.324179082,0.31612275,0.330036452,0.322826918
6,17,35,0.00569966,0.006212629,0.005598776,0.006303984,0.005358386
6,17,36,0.00569966,0.006269626,0.006283875,0.006327763,0.006575397
6,17,37,0.0,0.0,0.0,0.0,0.0
6,17,38,0.0,0.0,0.0,0.0,0.0
6,17,39,0.0,0.0,0.0,0.0,0.0
6,17,40,0.0,0.0,0.0,0.0,0.0
6,17,41,0.0,0.0,0.0,0.0,0.0
6,17,42,0.0,0.0,0.0,0.0,0.0
6,17,43,0.0,0.0,0.0,0.0,0.0
6,17,44,0.0,0.0,0.0,0.0,0.0
6,17,45,0.0,0.0,0.0,0.0,0.0
6,17,46,0.0,0.0,0.0,0.0,0.0
6,17,47,0.0,0.0,0.0,0.0,0.0
6,17,48,0.0,0.0,0.0,0.0,0.0
6,18,1,0.0,0.0,0.0,0.0,0.0
6,18,2,0.0,0.0,0.0,0.0,0.0
6,18,3,0.0,0.0,0.0,0.0,0.0
6,18,4,0.0,0.0,0.0,0.0,0.0
6,18,5,0.0,0.0,0.0,0.0,0.0
6,18,6,0.0,0.0,0.0,0.0,0.0
6,18,7,0.0,0.0,0.0,0.0,0.0
6,18,8,0.0,0.0,0.0,0.0,0.0
6,18,9,0.0,0.0,0.0,0.0,0.0
6,18,10,0.0,0.0,0.0,0.0,0.0
6,18,11,0.0,0.0,0.0,0.0,0.0
6,18,12,0.0,0.0,0.0,0.0,0.0
6,18,13,0.0,0.0,0.0,0.0,0.0
6,18,14,0.0,0.0,0.0,0.0,0.0
6,18,15,0.263630952,0.242540476,0.242962285,0.229734339,0.222692482
6,18,16,0.263630952,0.287357738,0.269984458,0.251765099,0.268184562
6,18,17,0.626556122,0.576431632,0.655628326,0.60714792,0.616441
6,18,18,0.626556122,0.657883928,0.693597627,0.67253281,0.622884065
6,18,19,0.64755102,0.679928571,0.610640612,0.600817263,0.647429054
6,18,20,0.64755102,0.621648979,0.685368,0.6840988,0.600296697
6,18,21,0.649702381,0.649702381,0.604223214,0.647233512,0.580320989
6,18,22,0.649702381,0.649702381,0.63021131,0.656069464,0.652885598
6,18,23,0.642278912,0.680815647,0.688009171,0.630145835,0.660312391
6,18,24,0.642278912,0.693661225,0.734767075,0.676431023,0.645577485
6,18,25,0.637440476,0.701184524,0.60238125,0.601711937,0.584825183
6,18,26,0.637440476,0.586445238,0.64254,0.559927714,0.582324823
6,18,27,0.647789116,0.628355443,0.59340722,0.573329212,0.629041855
6,18,28,0.647789116,0.608921769,0.603221225,0.66957556,0.581786764
6,18,29,0.654770408,0.707152041,0.708199673,0.641737858,0.616948145
6,18,30,0.654770408,0.648222704,0.64498159,0.694777644,0.634260563
6,18,31,0.631845238,0.600252976,0.640691071,0.611777833,0.683255958
6,18,32,0.631845238,0.568660714,0.624263095,0.64475173,0.580337383
6,18,33,0.39167517,0.372091412,0.362789126,0.360497826,0.345739947
6,18,34,0.39167517,0.41517568,0.415528188,0.440056454,0.444701494
6,18,35,0.008840986,0.008840986,0.008133707,0.008261017,0.0092859
6,18,36,0.008840986,0.008133707,0.008657093,0.008800247,0.008263688
6,18,37,0.0,0.0,0.0,0.0,0.0
6,18,38,0.0,0.0,0.0,0.0,0.0
6,18,39,0.0,0.0,0.0,0.0,0.0
6,18,40,0.0,0.0,0.0,0.0,0.0
6,18,41,0.0,0.0,0.0,0.0,0.0
6,18,42,0.0,0.0,0.0,0.0,0.0
6,18,43,0.0,0.0,0.0,0.0,0.0
6,18,44,0.0,0.0,0.0,0.0,0.0
6,18,45,0.0,0.0,0.0,0.0,0.0
6,18,46,0.0,0.0,0.0,0.0,0.0
6,18,47,0.0,0.0,0.0,0.0,0.0
6,18,48,0.0,0.0,0.0,0.0,0.0
6,19,1,0.0,0.0,0.0,0.0,0.0
6,19,2,0.0,0.0,0.0,0.0,0.0
6,19,3,0.0,0.0,0.0,0.0,0.0
6,19,4,0.0,0.0,0.0,0.0,0.0
6,19,5,0.0,0.0,0.0,0.0,0.0
6,19,6,0.0,0.0,0.0,0.0,0.0
6,19,7,0.0,0.0,0.0,0.0,0.0
6,19,8,0.0,0.0,0.0,0.0,0.0
6,19,9,0.0,0.0,0.0,0.0,0.0
6,19,10,0.0,0.0,0.0,0.0,0.0
6,19,11,0.0,0.0,0.0,0.0,0.0
6,19,12,0.0,0.0,0.0,0.0,0.0
6,19,13,0.0,0.0,0.0,0.0,0.0
6,19,14,0.0,0.0,0.0,0.0,0.0
6,19,15,0.266768707,0.277439455,0.261219918,0.273845547,0.294102063
6,19,16,0.266768707,0.26410102,0.265434863,0.244200074,0.241917335
6,19,17,0.634906463,0.60316114,0.594272449,0.604672217,0.590975475
6,19,18,0.634906463,0.641255528,0.618938565,0.663285195,0.684368188
6,19,19,0.653044218,0.65957466,0.636620156,0.695228589,0.680950413
6,19,20,0.653044218,0.613861565,0.614449305,0.645931913,0.600230663
6,19,21,0.65122449,0.599126531,0.675189551,0.596917577,0.674757555
6,19,22,0.65122449,0.690297959,0.711006898,0.732068801,0.654380565
6,19,23,0.643954082,0.598877296,0.652486474,0.663361248,0.684446659
6,19,24,0.643954082,0.598877296,0.646272317,0.610810195,0.649977611
6,19,25,0.640552721,0.608525085,0.605802736,0.67393993,0.676459476
6,19,26,0.640552721,0.634147194,0.637349957,0.630976458,0.661186846
6,19,27,0.650255102,0.585229592,0.611564923,0.572585381,0.550466962
6,19,28,0.650255102,0.591732143,0.639623431,0.633475594,0.660210146
6,19,29,0.65922619,0.613080357,0.636153273,0.617068675,0.631382124
6,19,30,0.65922619,0.613080357,0.680684002,0.585897165,0.628374709
6,19,31,0.640527211,0.640527211,0.646932483,0.694075286,0.707956792
6,19,32,0.640527211,0.582879762,0.672873835,0.638414539,0.62100036
6,19,33,0.399557823,0.411544558,0.437995286,0.453838819,0.417219439
6,19,34,0.399557823,0.359602041,0.341621939,0.348580904,0.35871727
6,19,35,0.01024915,0.009839184,0.010345492,0.010043163,0.011131172
6,19,36,0.01024915,0.009736693,0.010292709,0.010294707,0.009636149
6,19,37,0.0,0.0,0.0,0.0,0.0
6,19,38,0.0,0.0,0.0,0.0,0.0
6,19,39,0.0,0.0,0.0,0.0,0.0
6,19,40,0.0,0.0,0.0,0.0,0.0
6,19,41,0.0,0.0,0.0,0.0,0.0
6,19,42,0.0,0.0,0.0,0.0,0.0
6,19,43,0.0,0.0,0.0,0.0,0.0
6,19,44,0.0,0.0,0.0,0.0,0.0
6,19,45,0.0,0.0,0.0,0.0,0.0
6,19,46,0.0,0.0,0.0,0.0,0.0
6,19,47,0.0,0.0,0.0,0.0,0.0
6,19,48,0.0,0.0,0.0,0.0,0.0
6,20,1,0.0,0.0,0.0,0.0,0.0
6,20,2,0.0,0.0,0.0,0.0,0.0
6,20,3,0.0,0.0,0.0,0.0,0.0
6,20,4,0.0,0.0,0.0,0.0,0.0
6,20,5,0.0,0.0,0.0,0.0,0.0
6,20,6,0.0,0.0,0.0,0.0,0.0
6,20,7,0.0,0.0,0.0,0.0,0.0
6,20,8,0.0,0.0,0.0,0.0,0.0
6,20,9,0.0,0.0,0.0,0.0,0.0
6,20,10,0.0,0.0,0.0,0.0,0.0
6,20,11,0.0,0.0,0.0,0.0,0.0
6,20,12,0.0,0.0,0.0,0.0,0.0
6,20,13,0.0,0.0,0.0,0.0,0.0
6,20,14,0.0,0.0,0.0,0.0,0.0
6,20,15,0.259013605,0.235702381,0.244884413,0.251464135,0.245288472
6,20,16,0.259013605,0.279734693,0.242436734,0.260395011,0.23435551
6,20,17,0.622465986,0.591342687,0.64938764,0.652118709,0.685423343
6,20,18,0.622465986,0.678487925,0.598438799,0.576149122,0.59413004
6,20,19,0.638409864,0.574568878,0.551905327,0.576528796,0.608767345
6,20,20,0.638409864,0.663946259,0.605595597,0.597824872,0.657766355
6,20,21,0.636394558,0.585482993,0.635376327,0.600512087,0.596008247
6,20,22,0.636394558,0.579119048,0.662454915,0.613469717,0.622859559
6,20,23,0.631054422,0.56794898,0.629476786,0.58511366,0.657704324
6,20,24,0.631054422,0.631054422,0.580570068,0.552803674,0.580904527
6,20,25,0.627933673,0.583978316,0.648372914,0.626295917,0.615428753
6,20,26,0.627933673,0.565140306,0.632329209,0.571959665,0.599340713
6,20,27,0.636215986,0.687113265,0.63519804,0.646314006,0.70330715
6,20,28,0.636215986,0.674388945,0.66185549,0.710085752,0.637104716
6,20,29,0.644719388,0.657613776,0.683724911,0.62891839,0.627594352
6,20,30,0.644719388,0.696296939,0.643687837,0.72772486,0.644201893
6,20,31,0.622721088,0.63517551,0.647816748,0.692409182,0.597568181
6,20,32,0.622721088,0.610266666,0.665813387,0.613945702,0.621904844
6,20,33,0.387848639,0.352942261,0.362987541,0.360567624,0.377069112
6,20,34,0.387848639,0.380091666,0.380130451,0.367382642,0.340977015
6,20,35,0.009339286,0.008592143,0.0081588,0.008870678,0.008390618
6,20,36,0.009339286,0.008592143,0.009414,0.00893284,0.008162611
6,20,37,0.0,0.0,0.0,0.0,0.0
6,20,38,0.0,0.0,0.0,0.0,0.0
6,20,39,0.0,0.0,0.0,0.0,0.0
6,20,40,0.0,0.0,0.0,0.0,0.0
6,20,41,0.0,0.0,0.0,0.0,0.0
6,20,42,0.0,0.0,0.0,0.0,0.0
6,20,43,0.0,0.0,0.0,0.0,0.0
6,20,44,0.0,0.0,0.0,0.0,0.0
6,20,45,0.0,0.0,0.0,0.0,0.0
6,20,46,0.0,0.0,0.0,0.0,0.0
6,20,47,0.0,0.0,0.0,0.0,0.0
6,20,48,0.0,0.0,0.0,0.0,0.0
6,21,1,0.0,0.0,0.0,0.0,0.0
6,21,2,0.0,0.0,0.0,0.0,0.0
6,21,3,0.0,0.0,0.0,0.0,0.0
6,21,4,0.0,0.0,0.0,0.0,0.0
6,21,5,0.0,0.0,0.0,0.0,0.0
6,21,6,0.0,0.0,0.0,0.0,0.0
6,21,7,0.0,0.0,0.0,0.0,0.0
6,21,8,0.0,0.0,0.0,0.0,0.0
6,21,9,0.0,0.0,0.0,0.0,0.0
6,21,10,0.0,0.0,0.0,0.0,0.0
6,21,11,0.0,0.0,0.0,0.0,0.0
6,21,12,0.0,0.0,0.0,0.0,0.0
6,21,13,0.0,0.0,0.0,0.0,0.0
6,21,14,0.0,0.0,0.0,0.0,0.0
6,21,15,0.148010204,0.153930612,0.149460704,0.145953158,0.143365123
6,21,16,0.148010204,0.153930612,0.160028633,0.152449918,0.139780406
6,21,17,0.365382653,0.350767347,0.32584825,0.33343944,0.343859422
6,21,18,0.365382653,0.34711352,0.363373048,0.390899151,0.359358251
6,21,19,0.594506803,0.564781463,0.539069044,0.566119103,0.515168384
6,21,20,0.594506803,0.636122279,0.627620832,0.65038747,0.564443411
6,21,21,0.62422619,0.574288095,0.569294285,0.559806047,0.628455947
6,21,22,0.62422619,0.568045833,0.572290571,0.570541905,0.531236274
6,21,23,0.618307823,0.655406292,0.655962769,0.604632091,0.671591878
6,21,24,0.618307823,0.624490901,0.646255337,0.62338784,0.672078208
6,21,25,0.567610544,0.550582228,0.53673253,0.595773109,0.528914127
6,21,26,0.567610544,0.578962755,0.590485249,0.55006854,0.548910501
6,21,27,0.623852041,0.686237245,0.615741964,0.654782625,0.606444261
6,21,28,0.623852041,0.636329082,0.592285128,0.555739875,0.650215654
6,21,29,0.631096939,0.668962755,0.624028653,0.59005376,0.58453804
6,21,30,0.631096939,0.668962755,0.715032832,0.631395658,0.595459842
6,21,31,0.596037415,0.596037415,0.625839286,0.593851944,0.60897093
6,21,32,0.596037415,0.590077041,0.640501806,0.596694646,0.593711172
6,21,33,0.347831633,0.358266582,0.321274688,0.328759329,0.305129752
6,21,34,0.347831633,0.361744898,0.390267092,0.381279123,0.351766652
6,21,35,0.009217687,0.008572449,0.009072969,0.009043912,0.009156289
6,21,36,0.009217687,0.008756803,0.009885969,0.009565424,0.009075777
6,21,37,0.0,0.0,0.0,0.0,0.0
6,21,38,0.0,0.0,0.0,0.0,0.0
6,21,39,0.0,0.0,0.0,0.0,0.0
6,21,40,0.0,0.0,0.0,0.0,0.0
6,21,41,0.0,0.0,0.0,0.0,0.0
6,21,42,0.0,0.0,0.0,0.0,0.0
6,21,43,0.0,0.0,0.0,0.0,0.0
6,21,44,0.0,0.0,0.0,0.0,0.0
6,21,45,0.0,0.0,0.0,0.0,0.0
6,21,46,0.0,0.0,0.0,0.0,0.0
6,21,47,0.0,0.0,0.0,0.0,0.0
6,21,48,0.0,0.0,0.0,0.0,0.0
6,22,1,0.0,0.0,0.0,0.0,0.0
6,22,2,0.0,0.0,0.0,0.0,0.0
6,22,3,0.0,0.0,0.0,0.0,0.0
6,22,4,0.0,0.0,0.0,0.0,0.0
6,22,5,0.0,0.0,0.0,0.0,0.0
6,22,6,0.0,0.0,0.0,0.0,0.0
6,22,7,0.0,0.0,0.0,0.0,0.0
6,22,8,0.0,0.0,0.0,0.0,0.0
6,22,9,0.0,0.0,0.0,0.0,0.0
6,22,10,0.0,0.0,0.0,0.0,0.0
6,22,11,0.0,0.0,0.0,0.0,0.0
6,22,12,0.0,0.0,0.0,0.0,0.0
6,22,13,0.0,0.0,0.0,0.0,0.0
6,22,14,0.0,0.0,0.0,0.0,0.0
6,22,15,0.241683673,0.239266836,0.226046739,0.233309092,0.213919693
6,22,16,0.241683673,0.256184693,0.246444841,0.250585447,0.246237417
6,22,17,0.601045918,0.613066836,0.552421303,0.630063814,0.611132457
6,22,18,0.601045918,0.66115051,0.65003116,0.573668276,0.652547664
6,22,19,0.622908163,0.61045,0.598178709,0.628827659,0.584336576
6,22,20,0.622908163,0.57307551,0.592011918,0.625798457,0.567241601
6,22,21,0.621845238,0.677811309,0.669323122,0.682579619,0.696034313
6,22,22,0.621845238,0.6529375,0.586400059,0.558354839,0.592786721
6,22,23,0.615382653,0.615382653,0.658459439,0.579362255,0.59246088
6,22,24,0.615382653,0.578459694,0.638705656,0.616957827,0.673614103
6,22,25,0.611020408,0.635461224,0.617008408,0.639798247,0.675887838
6,22,26,0.611020408,0.574359184,0.604543592,0.59067465,0.553488996
6,22,27,0.620263605,0.676087329,0.602803185,0.639381887,0.596555961
6,22,28,0.620263605,0.626466241,0.610897625,0.662553798,0.680448942
6,22,29,0.625620748,0.606852126,0.653210623,0.603418719,0.653389332
6,22,30,0.625620748,0.656901785,0.654086492,0.606804161,0.674004494
6,22,31,0.605986395,0.593866667,0.617924327,0.618044312,0.639403197
6,22,32,0.605986395,0.666585035,0.604471429,0.688249048,0.660562666
6,22,33,0.35077381,0.340250596,0.359332691,0.367624984,0.358040475
6,22,34,0.35077381,0.329727381,0.374275655,0.348076359,0.3717561
6,22,35,0.009448129,0.00878676,0.008935096,0.009781194,0.009237795
6,22,36,0.009448129,0.008503316,0.00969378,0.008293568,0.009793321
6,22,37,0.0,0.0,0.0,0.0,0.0
6,22,38,0.0,0.0,0.0,0.0,0.0
6,22,39,0.0,0.0,0.0,0.0,0.0
6,22,40,0.0,0.0,0.0,0.0,0.0
6,22,41,0.0,0.0,0.0,0.0,0.0
6,22,42,0.0,0.0,0.0,0.0,0.0
6,22,43,0.0,0.0,0.0,0.0,0.0
6,22,44,0.0,0.0,0.0,0.0,0.0
6,22,45,0.0,0.0,0.0,0.0,0.0
6,22,46,0.0,0.0,0.0,0.0,0.0
6,22,47,0.0,0.0,0.0,0.0,0.0
6,22,48,0.0,0.0,0.0,0.0,0.0
6,23,1,0.0,0.0,0.0,0.0,0.0
6,23,2,0.0,0.0,0.0,0.0,0.0
6,23,3,0.0,0.0,0.0,0.0,0.0
6,23,4,0.0,0.0,0.0,0.0,0.0
6,23,5,0.0,0.0,0.0,0.0,0.0
6,23,6,0.0,0.0,0.0,0.0,0.0
6,23,7,0.0,0.0,0.0,0.0,0.0
6,23,8,0.0,0.0,0.0,0.0,0.0
6,23,9,0.0,0.0,0.0,0.0,0.0
6,23,10,0.0,0.0,0.0,0.0,0.0
6,23,11,0.0,0.0,0.0,0.0,0.0
6,23,12,0.0,0.0,0.0,0.0,0.0
6,23,13,0.0,0.0,0.0,0.0,0.0
6,23,14,0.0,0.0,0.0,0.0,0.0
6,23,15,0.172423469,0.162078061,0.167250765,0.160560734,0.172201388
6,23,16,0.172423469,0.162078061,0.183975841,0.174554048,0.19058364
6,23,17,0.498197279,0.483251361,0.451466374,0.472861955,0.4716798
6,23,18,0.498197279,0.538053061,0.512943918,0.485414201,0.5289982
6,23,19,0.607142857,0.570714286,0.612485714,0.638555619,0.643658096
6,23,20,0.607142857,0.601071428,0.658476786,0.628452661,0.679926667
6,23,21,0.605697279,0.617811225,0.636224422,0.595114536,0.552340679
6,23,22,0.605697279,0.660210034,0.677260413,0.608859221,0.657146939
6,23,23,0.607159864,0.552515476,0.637821437,0.605157248,0.588650236
6,23,24,0.607159864,0.588945068,0.657857713,0.64270705,0.655375795
6,23,25,0.586326531,0.545283674,0.594095358,0.615501651,0.632125947
6,23,26,0.586326531,0.592189796,0.618721072,0.545162011,0.620735844
6,23,27,0.57667517,0.524774405,0.583768275,0.55612189,0.509904791
6,23,28,0.57667517,0.547841412,0.567880874,0.513360561,0.512838739
6,23,29,0.490731293,0.505453232,0.488130417,0.494771647,0.445294483
6,23,30,0.490731293,0.515267858,0.477849597,0.464939274,0.443349275
6,23,31,0.461071429,0.447239286,0.499570893,0.488065624,0.426588127
6,23,32,0.461071429,0.419575,0.40950059,0.412847046,0.400203605
6,23,33,0.202704082,0.216893368,0.209798725,0.203504763,0.214471991
6,23,34,0.202704082,0.190541837,0.198589189,0.201223937,0.202230056
6,23,35,0.007419048,0.006973905,0.006980582,0.007195757,0.00728517
6,23,36,0.007419048,0.007567429,0.006968712,0.007098844,0.007844589
6,23,37,0.0,0.0,0.0,0.0,0.0
6,23,38,0.0,0.0,0.0,0.0,0.0
6,23,39,0.0,0.0,0.0,0.0,0.0
6,23,40,0.0,0.0,0.0,0.0,0.0
6,23,41,0.0,0.0,0.0,0.0,0.0
6,23,42,0.0,0.0,0.0,0.0,0.0
6,23,43,0.0,0.0,0.0,0.0,0.0
6,23,44,0.0,0.0,0.0,0.0,0.0
6,23,45,0.0,0.0,0.0,0.0,0.0
6,23,46,0.0,0.0,0.0,0.0,0.0
6,23,47,0.0,0.0,0.0,0.0,0.0
6,23,48,0.0,0.0,0.0,0.0,0.0
6,24,1,0.0,0.0,0.0,0.0,0.0
6,24,2,0.0,0.0,0.0,0.0,0.0
6,24,3,0.0,0.0,0.0,0.0,0.0
6,24,4,0.0,0.0,0.0,0.0,0.0
6,24,5,0.0,0.0,0.0,0.0,0.0
6,24,6,0.0,0.0,0.0,0.0,0.0
6,24,7,0.0,0.0,0.0,0.0,0.0
6,24,8,0.0,0.0,0.0,0.0,0.0
6,24,9,0.0,0.0,0.0,0.0,0.0
6,24,10,0.0,0.0,0.0,0.0,0.0
6,24,11,0.0,0.0,0.0,0.0,0.0
6,24,12,0.0,0.0,0.0,0.0,0.0
6,24,13,0.0,0.0,0.0,0.0,0.0
6,24,14,0.0,0.0,0.0,0.0,0.0
6,24,15,0.09704932,0.088314881,0.098243027,0.089808955,0.084018641
6,24,16,0.09704932,0.100931293,0.107899434,0.094822815,0.110193287
6,24,17,0.341054422,0.313770068,0.343782857,0.349512572,0.313437881
6,24,18,0.341054422,0.334233334,0.347773194,0.371712145,0.324284745
6,24,19,0.433647959,0.398956122,0.41213902,0.381721218,0.390351437
6,24,20,0.433647959,0.390283163,0.449042462,0.390378566,0.395046135
6,24,21,0.454506803,0.468142007,0.433644941,0.447576938,0.437438642
6,24,22,0.454506803,0.499957483,0.4676875,0.426645536,0.485309297
6,24,23,0.463979592,0.4547,0.505273776,0.469904611,0.45926056
6,24,24,0.463979592,0.496458163,0.504229822,0.458929174,0.48570818
6,24,25,0.473010204,0.520311224,0.516527143,0.538512657,0.481364889
6,24,26,0.473010204,0.425709184,0.485308469,0.493636602,0.488192759
6,24,27,0.307389456,0.2827983,0.303946694,0.321888402,0.334406284
6,24,28,0.307389456,0.288946089,0.310094483,0.296100476,0.312657931
6,24,29,0.341130952,0.341130952,0.327485714,0.336582539,0.316387587
6,24,30,0.341130952,0.375244047,0.361769375,0.373756716,0.395643047
6,24,31,0.08400085,0.089040901,0.089981711,0.089427977,0.09428076
6,24,32,0.08400085,0.08400085,0.077280782,0.076037569,0.088363014
6,24,33,0.046312075,0.048627679,0.049843371,0.045365379,0.049438611
6,24,34,0.046312075,0.048627679,0.050792768,0.049063282,0.044316046
6,24,35,0.00019131,0.000185571,0.000194094,0.000177002,0.000196344
6,24,36,0.00019131,0.000206615,0.000202942,0.000210303,0.000198737
6,24,37,0.0,0.0,0.0,0.0,0.0
6,24,38,0.0,0.0,0.0,0.0,0.0
6,24,39,0.0,0.0,0.0,0.0,0.0
6,24,40,0.0,0.0,0.0,0.0,0.0
6,24,41,0.0,0.0,0.0,0.0,0.0
6,24,42,0.0,0.0,0.0,0.0,0.0
6,24,43,0.0,0.0,0.0,0.0,0.0
6,24,44,0.0,0.0,0.0,0.0,0.0
6,24,45,0.0,0.0,0.0,0.0,0.0
6,24,46,0.0,0.0,0.0,0.0,0.0
6,24,47,0.0,0.0,0.0,0.0,0.0
6,24,48,0.0,0.0,0.0,0.0,0.0
6,25,1,0.0,0.0,0.0,0.0,0.0
6,25,2,0.0,0.0,0.0,0.0,0.0
6,25,3,0.0,0.0,0.0,0.0,0.0
6,25,4,0.0,0.0,0.0,0.0,0.0
6,25,5,0.0,0.0,0.0,0.0,0.0
6,25,6,0.0,0.0,0.0,0.0,0.0
6,25,7,0.0,0.0,0.0,0.0,0.0
6,25,8,0.0,0.0,0.0,0.0,0.0
6,25,9,0.0,0.0,0.0,0.0,0.0
6,25,10,0.0,0.0,0.0,0.0,0.0
6,25,11,0.0,0.0,0.0,0.0,0.0
6,25,12,0.0,0.0,0.0,0.0,0.0
6,25,13,0.0,0.0,0.0,0.0,0.0
6,25,14,0.0,0.0,0.0,0.0,0.0
6,25,15,0.176352041,0.167534439,0.166784943,0.178734998,0.186139734
6,25,16,0.176352041,0.183406123,0.161891174,0.161711295,0.182798969
6,25,17,0.515008503,0.484107993,0.509549413,0.523004182,0.543471749
6,25,18,0.515008503,0.494408163,0.474425833,0.50450645,0.492116365
6,25,19,0.587738095,0.564228571,0.575983333,0.552944,0.553116795
6,25,20,0.587738095,0.623002381,0.641692452,0.636001972,0.622108725
6,25,21,0.636641156,0.604809098,0.68279764,0.705557561,0.598280741
6,25,22,0.636641156,0.585709864,0.592840244,0.647418217,0.609495847
6,25,23,0.624931973,0.668677211,0.582124133,0.644001772,0.655131123
6,25,24,0.624931973,0.662427891,0.617932735,0.57158778,0.681142104
6,25,25,0.622712585,0.622712585,0.678756718,0.673463661,0.681881956
6,25,26,0.622712585,0.616485459,0.601011051,0.564330789,0.643214419
6,25,27,0.623035714,0.672878571,0.654436714,0.650117,0.63711466
6,25,28,0.623035714,0.598114285,0.5495175,0.64924475,0.568679378
6,25,29,0.615017007,0.658068197,0.59198462,0.559520947,0.630393601
6,25,30,0.615017007,0.602716667,0.566246158,0.594659944,0.64223274
6,25,31,0.569056122,0.625961734,0.57958366,0.573787824,0.616452202
6,25,32,0.569056122,0.597508928,0.629945127,0.604825093,0.546303774
6,25,33,0.313784014,0.282405613,0.277228176,0.28240509,0.312072181
6,25,34,0.313784014,0.316921854,0.343734698,0.29882844,0.305584562
6,25,35,0.007879337,0.008352097,0.008521503,0.00792094,0.007841731
6,25,36,0.007879337,0.007564164,0.00741288,0.008380673,0.007496893
6,25,37,0.0,0.0,0.0,0.0,0.0
6,25,38,0.0,0.0,0.0,0.0,0.0
6,25,39,0.0,0.0,0.0,0.0,0.0
6,25,40,0.0,0.0,0.0,0.0,0.0
6,25,41,0.0,0.0,0.0,0.0,0.0
6,25,42,0.0,0.0,0.0,0.0,0.0
6,25,43,0.0,0.0,0.0,0.0,0.0
6,25,44,0.0,0.0,0.0,0.0,0.0
6,25,45,0.0,0.0,0.0,0.0,0.0
6,25,46,0.0,0.0,0.0,0.0,0.0
6,25,47,0.0,0.0,0.0,0.0,0.0
6,25,48,0.0,0.0,0.0,0.0,0.0
6,26,1,0.0,0.0,0.0,0.0,0.0
6,26,2,0.0,0.0,0.0,0.0,0.0
6,26,3,0.0,0.0,0.0,0.0,0.0
6,26,4,0.0,0.0,0.0,0.0,0.0
6,26,5,0.0,0.0,0.0,0.0,0.0
6,26,6,0.0,0.0,0.0,0.0,0.0
6,26,7,0.0,0.0,0.0,0.0,0.0
6,26,8,0.0,0.0,0.0,0.0,0.0
6,26,9,0.0,0.0,0.0,0.0,0.0
6,26,10,0.0,0.0,0.0,0.0,0.0
6,26,11,0.0,0.0,0.0,0.0,0.0
6,26,12,0.0,0.0,0.0,0.0,0.0
6,26,13,0.0,0.0,0.0,0.0,0.0
6,26,14,0.0,0.0,0.0,0.0,0.0
6,26,15,0.233426871,0.219421259,0.226424065,0.224159824,0.230375165
6,26,16,0.233426871,0.224089796,0.235621084,0.226424999,0.22759178
6,26,17,0.355212585,0.362316837,0.340826475,0.363368858,0.355431189
6,26,18,0.355212585,0.372973214,0.353170113,0.389288128,0.345601349
6,26,19,0.514166667,0.483316667,0.52367875,0.557759431,0.472954645
6,26,20,0.514166667,0.46275,0.449381667,0.456415467,0.456558097
6,26,21,0.481811224,0.501083673,0.516019821,0.45966718,0.440680927
6,26,22,0.481811224,0.443266326,0.430161061,0.46529859,0.464236986
6,26,23,0.648860544,0.661837755,0.707777081,0.719922886,0.670907575
6,26,24,0.648860544,0.622906122,0.642242166,0.599722768,0.672423203
6,26,25,0.630960884,0.630960884,0.586793622,0.616238463,0.610076079
6,26,26,0.630960884,0.630960884,0.593103231,0.636891916,0.685277152
6,26,27,0.65079932,0.611751361,0.662839107,0.577616936,0.650781748
6,26,28,0.65079932,0.689847279,0.710542698,0.683729766,0.635868682
6,26,29,0.66002551,0.640224745,0.66312763,0.706816038,0.614144602
6,26,30,0.66002551,0.67322602,0.646626992,0.593963557,0.637025915
6,26,31,0.628452381,0.628452381,0.584460714,0.613788492,0.675167341
6,26,32,0.628452381,0.571891667,0.600172024,0.630180625,0.619827658
6,26,33,0.405442177,0.401387755,0.443756463,0.408524889,0.381595595
6,26,34,0.405442177,0.445986395,0.442742857,0.444332191,0.443318423
6,26,35,0.011326531,0.012459184,0.012606429,0.012979865,0.013083582
6,26,36,0.011326531,0.012119388,0.011254041,0.011103987,0.011680007
6,26,37,0.0,0.0,0.0,0.0,0.0
6,26,38,0.0,0.0,0.0,0.0,0.0
6,26,39,0.0,0.0,0.0,0.0,0.0
6,26,40,0.0,0.0,0.0,0.0,0.0
6,26,41,0.0,0.0,0.0,0.0,0.0
6,26,42,0.0,0.0,0.0,0.0,0.0
6,26,43,0.0,0.0,0.0,0.0,0.0
6,26,44,0.0,0.0,0.0,0.0,0.0
6,26,45,0.0,0.0,0.0,0.0,0.0
6,26,46,0.0,0.0,0.0,0.0,0.0
6,26,47,0.0,0.0,0.0,0.0,0.0
6,26,48,0.0,0.0,0.0,0.0,0.0
6,27,1,0.0,0.0,0.0,0.0,0.0
6,27,2,0.0,0.0,0.0,0.0,0.0
6,27,3,0.0,0.0,0.0,0.0,0.0
6,27,4,0.0,0.0,0.0,0.0,0.0
6,27,5,0.0,0.0,0.0,0.0,0.0
6,27,6,0.0,0.0,0.0,0.0,0.0
6,27,7,0.0,0.0,0.0,0.0,0.0
6,27,8,0.0,0.0,0.0,0.0,0.0
6,27,9,0.0,0.0,0.0,0.0,0.0
6,27,10,0.0,0.0,0.0,0.0,0.0
6,27,11,0.0,0.0,0.0,0.0,0.0
6,27,12,0.0,0.0,0.0,0.0,0.0
6,27,13,0.0,0.0,0.0,0.0,0.0
6,27,14,0.0,0.0,0.0,0.0,0.0
6,27,15,0.255323129,0.278302211,0.24279953,0.235515544,0.227686593
6,27,16,0.255323129,0.25787636,0.274561727,0.241580106,0.262482037
6,27,17,0.642823129,0.687820748,0.665321939,0.705241255,0.66854875
6,27,18,0.642823129,0.59782551,0.614121076,0.6491694,0.575905997
6,27,19,0.666947279,0.733642007,0.763321161,0.656386169,0.712124895
6,27,20,0.666947279,0.620260969,0.579243712,0.597264627,0.609769855
6,27,21,0.668435374,0.721910204,0.716027973,0.716167007,0.755029599
6,27,22,0.668435374,0.601591837,0.577862381,0.615963197,0.622122829
6,27,23,0.661445578,0.714361224,0.632871129,0.602603379,0.620179311
6,27,24,0.661445578,0.608529932,0.67308702,0.589395634,0.69009485
6,27,25,0.655569728,0.67523682,0.658749241,0.596866737,0.691868026
6,27,26,0.655569728,0.721126701,0.681464732,0.617448348,0.65552433
6,27,27,0.663256803,0.603563691,0.652412554,0.633346906,0.593474839
6,27,28,0.663256803,0.676521939,0.602900434,0.705840101,0.668751117
6,27,29,0.673562925,0.707241071,0.731826118,0.683083737,0.643014186
6,27,30,0.673562925,0.707241071,0.648977878,0.696891777,0.668035045
6,27,31,0.65202381,0.632463096,0.597286411,0.583349728,0.677908837
6,27,32,0.65202381,0.612902381,0.626138465,0.674479727,0.654213818
6,27,33,0.418248299,0.434978231,0.392484204,0.427694019,0.451819283
6,27,34,0.418248299,0.44752568,0.441544729,0.396553341,0.396150252
6,27,35,0.014368197,0.013362423,0.014835882,0.013905057,0.013129638
6,27,36,0.014368197,0.015086607,0.013843758,0.015587482,0.01324936
6,27,37,0.0,0.0,0.0,0.0,0.0
6,27,38,0.0,0.0,0.0,0.0,0.0
6,27,39,0.0,0.0,0.0,0.0,0.0
6,27,40,0.0,0.0,0.0,0.0,0.0
6,27,41,0.0,0.0,0.0,0.0,0.0
6,27,42,0.0,0.0,0.0,0.0,0.0
6,27,43,0.0,0.0,0.0,0.0,0.0
6,27,44,0.0,0.0,0.0,0.0,0.0
6,27,45,0.0,0.0,0.0,0.0,0.0
6,27,46,0.0,0.0,0.0,0.0,0.0
6,27,47,0.0,0.0,0.0,0.0,0.0
6,27,48,0.0,0.0,0.0,0.0,0.0
6,28,1,0.0,0.0,0.0,0.0,0.0
6,28,2,0.0,0.0,0.0,0.0,0.0
6,28,3,0.0,0.0,0.0,0.0,0.0
6,28,4,0.0,0.0,0.0,0.0,0.0
6,28,5,0.0,0.0,0.0,0.0,0.0
6,28,6,0.0,0.0,0.0,0.0,0.0
6,28,7,0.0,0.0,0.0,0.0,0.0
6,28,8,0.0,0.0,0.0,0.0,0.0
6,28,9,0.0,0.0,0.0,0.0,0.0
6,28,10,0.0,0.0,0.0,0.0,0.0
6,28,11,0.0,0.0,0.0,0.0,0.0
6,28,12,0.0,0.0,0.0,0.0,0.0
6,28,13,0.0,0.0,0.0,0.0,0.0
6,28,14,0.0,0.0,0.0,0.0,0.0
6,28,15,0.257840136,0.255261735,0.243723389,0.237138581,0.228611683
6,28,16,0.257840136,0.242369728,0.237599685,0.243477151,0.230602375
6,28,17,0.649319728,0.701265306,0.675292517,0.675292517,0.607763265
6,28,18,0.649319728,0.616853742,0.664741072,0.617892653,0.656317853
6,28,19,0.674991497,0.627742092,0.631825791,0.677095783,0.659442929
6,28,20,0.674991497,0.742490647,0.772527768,0.700803172,0.751611402
6,28,21,0.677329932,0.629916837,0.692840787,0.606693225,0.625627388
6,28,22,0.677329932,0.657010034,0.600452985,0.670728223,0.677435505
6,28,23,0.670595238,0.67730119,0.673948214,0.626771839,0.668775662
6,28,24,0.670595238,0.650477381,0.686957762,0.66934346,0.709504068
6,28,25,0.664056122,0.657415561,0.700379992,0.64025303,0.6788367
6,28,26,0.664056122,0.630853316,0.634505625,0.701020806,0.631304608
6,28,27,0.67204932,0.725813266,0.629038164,0.72968427,0.716712105
6,28,28,0.67204932,0.658608334,0.698595268,0.717002699,0.65223571
6,28,29,0.681930272,0.661472364,0.631399239,0.618771254,0.628941484
6,28,30,0.681930272,0.681930272,0.654653061,0.632467596,0.616353129
6,28,31,0.660085034,0.679887585,0.609687542,0.636888986,0.633704541
6,28,32,0.660085034,0.660085034,0.660085034,0.666685884,0.661735247
6,28,33,0.426147959,0.409102041,0.4593875,0.431545833,0.422914916
6,28,34,0.426147959,0.455978316,0.419009981,0.442386327,0.466392291
6,28,35,0.014335884,0.015339396,0.016024651,0.016451975,0.014761078
6,28,36,0.014335884,0.015769472,0.014450571,0.016337173,0.014005413
6,28,37,0.0,0.0,0.0,0.0,0.0
6,28,38,0.0,0.0,0.0,0.0,0.0
6,28,39,0.0,0.0,0.0,0.0,0.0
6,28,40,0.0,0.0,0.0,0.0,0.0
6,28,41,0.0,0.0,0.0,0.0,0.0
6,28,42,0.0,0.0,0.0,0.0,0.0
6,28,43,0.0,0.0,0.0,0.0,0.0
6,28,44,0.0,0.0,0.0,0.0,0.0
6,28,45,0.0,0.0,0.0,0.0,0.0
6,28,46,0.0,0.0,0.0,0.0,0.0
6,28,47,0.0,0.0,0.0,0.0,0.0
6,28,48,0.0,0.0,0.0,0.0,0.0
6,29,1,0.0,0.0,0.0,0.0,0.0
6,29,2,0.0,0.0,0.0,0.0,0.0
6,29,3,0.0,0.0,0.0,0.0,0.0
6,29,4,0.0,0.0,0.0,0.0,0.0
6,29,5,0.0,0.0,0.0,0.0,0.0
6,29,6,0.0,0.0,0.0,0.0,0.0
6,29,7,0.0,0.0,0.0,0.0,0.0
6,29,8,0.0,0.0,0.0,0.0,0.0
6,29,9,0.0,0.0,0.0,0.0,0.0
6,29,10,0.0,0.0,0.0,0.0,0.0
6,29,11,0.0,0.0,0.0,0.0,0.0
6,29,12,0.0,0.0,0.0,0.0,0.0
6,29,13,0.0,0.0,0.0,0.0,0.0
6,29,14,0.0,0.0,0.0,0.0,0.0
6,29,15,0.244217687,0.219795918,0.241287075,0.230398222,0.233924726
6,29,16,0.244217687,0.261312925,0.255292959,0.240927464,0.260455269
6,29,17,0.63042517,0.59259966,0.593167042,0.623559209,0.622136526
6,29,18,0.63042517,0.636729422,0.696935025,0.595773851,0.652765184
6,29,19,0.660816327,0.693857143,0.609603062,0.71368714,0.709660373
6,29,20,0.660816327,0.640991837,0.592322715,0.662945808,0.607305713
6,29,21,0.664863946,0.658215307,0.661539626,0.628462645,0.60100875
6,29,22,0.664863946,0.624972109,0.69006229,0.659966115,0.666565776
6,29,23,0.657780612,0.618313775,0.59338389,0.573306672,0.604589275
6,29,24,0.657780612,0.716980867,0.714875969,0.766200398,0.692540678
6,29,25,0.651581633,0.63855,0.6321645,0.698434262,0.635527121
6,29,26,0.651581633,0.716739796,0.663635893,0.704411872,0.615683069
6,29,27,0.65792517,0.703979932,0.6673335,0.629063967,0.598118078
6,29,28,0.65792517,0.684242177,0.657662,0.626613195,0.636912316
6,29,29,0.666938776,0.700285715,0.635759388,0.640954841,0.727083148
6,29,30,0.666938776,0.673608164,0.683678939,0.681489379,0.662900238
6,29,31,0.642108844,0.622845579,0.600853351,0.671690798,0.634374643
6,29,32,0.642108844,0.680635375,0.66798583,0.610490548,0.715335664
6,29,33,0.416343537,0.391362925,0.363467908,0.351352311,0.39205062
6,29,34,0.416343537,0.387199489,0.401771513,0.425877804,0.387408182
6,29,35,0.014671769,0.014965204,0.015855781,0.016680677,0.014144455
6,29,36,0.014671769,0.014671769,0.015405357,0.016109602,0.015975356
6,29,37,0.0,0.0,0.0,0.0,0.0
6,29,38,0.0,0.0,0.0,0.0,0.0
6,29,39,0.0,0.0,0.0,0.0,0.0
6,29,40,0.0,0.0,0.0,0.0,0.0
6,29,41,0.0,0.0,0.0,0.0,0.0
6,29,42,0.0,0.0,0.0,0.0,0.0
6,29,43,0.0,0.0,0.0,0.0,0.0
6,29,44,0.0,0.0,0.0,0.0,0.0
6,29,45,0.0,0.0,0.0,0.0,0.0
6,29,46,0.0,0.0,0.0,0.0,0.0
6,29,47,0.0,0.0,0.0,0.0,0.0
6,29,48,0.0,0.0,0.0,0.0,0.0
6,30,1,0.0,0.0,0.0,0.0,0.0
6,30,2,0.0,0.0,0.0,0.0,0.0
6,30,3,0.0,0.0,0.0,0.0,0.0
6,30,4,0.0,0.0,0.0,0.0,0.0
6,30,5,0.0,0.0,0.0,0.0,0.0
6,30,6,0.0,0.0,0.0,0.0,0.0
6,30,7,0.0,0.0,0.0,0.0,0.0
6,30,8,0.0,0.0,0.0,0.0,0.0
6,30,9,0.0,0.0,0.0,0.0,0.0
6,30,10,0.0,0.0,0.0,0.0,0.0
6,30,11,0.0,0.0,0.0,0.0,0.0
6,30,12,0.0,0.0,0.0,0.0,0.0
6,30,13,0.0,0.0,0.0,0.0,0.0
6,30,14,0.0,0.0,0.0,0.0,0.0
6,30,15,0.230620748,0.249070408,0.227853299,0.249999041,0.253749026
6,30,16,0.230620748,0.216783503,0.203568934,0.203971598,0.203049386
6,30,17,0.606181973,0.594058334,0.654130967,0.661392421,0.641519742
6,30,18,0.606181973,0.587996514,0.63888549,0.611021326,0.598800899
6,30,19,0.636930272,0.617822364,0.633650081,0.572815491,0.59069237
6,30,20,0.636930272,0.65603818,0.581835803,0.581189319,0.644698313
6,30,21,0.636471088,0.623741666,0.649009568,0.585494846,0.59873212
6,30,22,0.636471088,0.57918869,0.559203498,0.538375194,0.560960329
6,30,23,0.631828231,0.631828231,0.612873384,0.644275247,0.655409324
6,30,24,0.631828231,0.600236819,0.634513501,0.584861279,0.557702562
6,30,25,0.600059524,0.546054167,0.550134572,0.548453605,0.50505792
6,30,26,0.600059524,0.588058334,0.635643054,0.626157913,0.6247293
6,30,27,0.605935374,0.654410204,0.661681428,0.704743236,0.715794891
6,30,28,0.605935374,0.64835085,0.689857423,0.589723573,0.690478818
6,30,29,0.570433673,0.62747704,0.616924017,0.586796563,0.600407823
6,30,30,0.570433673,0.62747704,0.628903124,0.572401669,0.599803877
6,30,31,0.451479592,0.492112755,0.457642288,0.457736648,0.478685105
6,30,32,0.451479592,0.487597959,0.488320327,0.513863236,0.451343209
6,30,33,0.308690476,0.290169047,0.320389845,0.297223962,0.310200699
6,30,34,0.308690476,0.293255952,0.282914821,0.300852825,0.266785667
6,30,35,0.006592942,0.006527013,0.006363178,0.006559321,0.006771038
6,30,36,0.006592942,0.007252236,0.006645686,0.007240105,0.007556689
6,30,37,0.0,0.0,0.0,0.0,0.0
6,30,38,0.0,0.0,0.0,0.0,0.0
6,30,39,0.0,0.0,0.0,0.0,0.0
6,30,40,0.0,0.0,0.0,0.0,0.0
6,30,41,0.0,0.0,0.0,0.0,0.0
6,30,42,0.0,0.0,0.0,0.0,0.0
6,30,43,0.0,0.0,0.0,0.0,0.0
6,30,44,0.0,0.0,0.0,0.0,0.0
6,30,45,0.0,0.0,0.0,0.0,0.0
6,30,46,0.0,0.0,0.0,0.0,0.0
6,30,47,0.0,0.0,0.0,0.0,0.0
6,30,48,0.0,0.0,0.0,0.0,0.0
7,1,1,0.0,0.0,0.0,0.0,0.0
7,1,2,0.0,0.0,0.0,0.0,0.0
7,1,3,0.0,0.0,0.0,0.0,0.0
7,1,4,0.0,0.0,0.0,0.0,0.0
7,1,5,0.0,0.0,0.0,0.0,0.0
7,1,6,0.0,0.0,0.0,0.0,0.0
7,1,7,0.0,0.0,0.0,0.0,0.0
7,1,8,0.0,0.0,0.0,0.0,0.0
7,1,9,0.0,0.0,0.0,0.0,0.0
7,1,10,0.0,0.0,0.0,0.0,0.0
7,1,11,0.0,0.0,0.0,0.0,0.0
7,1,12,0.0,0.0,0.0,0.0,0.0
7,1,13,0.0,0.0,0.0,0.0,0.0
7,1,14,0.0,0.0,0.0,0.0,0.0
7,1,15,0.210629252,0.204310374,0.2219927,0.199572129,0.200761069
7,1,16,0.210629252,0.2253733,0.200561174,0.193090997,0.192894723
7,1,17,0.334030612,0.334030612,0.330690306,0.326258833,0.344502694
7,1,18,0.334030612,0.360753061,0.354339673,0.342713626,0.323602096
7,1,19,0.601845238,0.601845238,0.565734524,0.642891083,0.633232972
7,1,20,0.601845238,0.601845238,0.662029762,0.565935139,0.559280737
7,1,21,0.640484694,0.704533163,0.733034732,0.74117209,0.768238725
7,1,22,0.640484694,0.698128316,0.66261344,0.687087748,0.712403263
7,1,23,0.633256803,0.607926531,0.608179834,0.58563167,0.572223787
7,1,24,0.633256803,0.652254507,0.687748551,0.684063418,0.617827662
7,1,25,0.548715986,0.493844387,0.469152168,0.519021306,0.553374973
7,1,26,0.548715986,0.515793027,0.510964326,0.577673558,0.532903857
7,1,27,0.594192177,0.552598725,0.590597314,0.608085876,0.557050097
7,1,28,0.594192177,0.594192177,0.552598725,0.574524416,0.54993303
7,1,29,0.59412415,0.588182909,0.632534276,0.610996583,0.612524074
7,1,30,0.59412415,0.582241667,0.629355712,0.583849961,0.627262516
7,1,31,0.60704932,0.661683759,0.666084866,0.651388708,0.69181028
7,1,32,0.60704932,0.667754252,0.599157679,0.618407213,0.641784879
7,1,33,0.406828231,0.439374489,0.440025415,0.433030139,0.472796025
7,1,34,0.406828231,0.402759949,0.441225558,0.416937913,0.421107292
7,1,35,0.015371599,0.014910451,0.014383974,0.013548694,0.014408143
7,1,36,0.015371599,0.016908759,0.016462983,0.015110436,0.015324906
7,1,37,0.0,0.0,0.0,0.0,0.0
7,1,38,0.0,0.0,0.0,0.0,0.0
7,1,39,0.0,0.0,0.0,0.0,0.0
7,1,40,0.0,0.0,0.0,0.0,0.0
7,1,41,0.0,0.0,0.0,0.0,0.0
7,1,42,0.0,0.0,0.0,0.0,0.0
7,1,43,0.0,0.0,0.0,0.0,0.0
7,1,44,0.0,0.0,0.0,0.0,0.0
7,1,45,0.0,0.0,0.0,0.0,0.0
7,1,46,0.0,0.0,0.0,0.0,0.0
7,1,47,0.0,0.0,0.0,0.0,0.0
7,1,48,0.0,0.0,0.0,0.0,0.0
7,2,1,0.0,0.0,0.0,0.0,0.0
7,2,2,0.0,0.0,0.0,0.0,0.0
7,2,3,0.0,0.0,0.0,0.0,0.0
7,2,4,0.0,0.0,0.0,0.0,0.0
7,2,5,0.0,0.0,0.0,0.0,0.0
7,2,6,0.0,0.0,0.0,0.0,0.0
7,2,7,0.0,0.0,0.0,0.0,0.0
7,2,8,0.0,0.0,0.0,0.0,0.0
7,2,9,0.0,0.0,0.0,0.0,0.0
7,2,10,0.0,0.0,0.0,0.0,0.0
7,2,11,0.0,0.0,0.0,0.0,0.0
7,2,12,0.0,0.0,0.0,0.0,0.0
7,2,13,0.0,0.0,0.0,0.0,0.0
7,2,14,0.0,0.0,0.0,0.0,0.0
7,2,15,0.235935374,0.21470119,0.211799185,0.218603797,0.23347548
7,2,16,0.235935374,0.238294728,0.218145847,0.235407823,0.222668105
7,2,17,0.62792517,0.577691156,0.614864326,0.546144196,0.621239023
7,2,18,0.62792517,0.634204422,0.612132852,0.568526275,0.641232039
7,2,19,0.647585034,0.692915986,0.690358025,0.609257714,0.699630941
7,2,20,0.647585034,0.712343537,0.611967857,0.670444786,0.700220422
7,2,21,0.651564626,0.612470748,0.575136095,0.631448871,0.667067492
7,2,22,0.651564626,0.664595919,0.625176259,0.698881249,0.640252878
7,2,23,0.644991497,0.612741922,0.610000708,0.597674921,0.647169875
7,2,24,0.644991497,0.670791157,0.697364807,0.664338662,0.689452677
7,2,25,0.638503401,0.632118367,0.590839122,0.620486963,0.639101572
7,2,26,0.638503401,0.702353741,0.603385714,0.67400419,0.621833673
7,2,27,0.643214286,0.643214286,0.598189286,0.577949476,0.584859742
7,2,28,0.643214286,0.688239286,0.665726786,0.718984929,0.61113719
7,2,29,0.649804422,0.675796599,0.62303248,0.669030835,0.680592727
7,2,30,0.649804422,0.70828682,0.679045621,0.685836077,0.626283776
7,2,31,0.626811224,0.601738775,0.55899025,0.566054412,0.641354545
7,2,32,0.626811224,0.689492346,0.651570267,0.701875002,0.680785954
7,2,33,0.416505102,0.433165306,0.43758026,0.411920214,0.437536502
7,2,34,0.416505102,0.399844898,0.424502,0.4342982,0.448102678
7,2,35,0.016772109,0.016436667,0.01710252,0.015428797,0.015120221
7,2,36,0.016772109,0.016772109,0.017442993,0.018695311,0.019162694
7,2,37,0.0,0.0,0.0,0.0,0.0
7,2,38,0.0,0.0,0.0,0.0,0.0
7,2,39,0.0,0.0,0.0,0.0,0.0
7,2,40,0.0,0.0,0.0,0.0,0.0
7,2,41,0.0,0.0,0.0,0.0,0.0
7,2,42,0.0,0.0,0.0,0.0,0.0
7,2,43,0.0,0.0,0.0,0.0,0.0
7,2,44,0.0,0.0,0.0,0.0,0.0
7,2,45,0.0,0.0,0.0,0.0,0.0
7,2,46,0.0,0.0,0.0,0.0,0.0
7,2,47,0.0,0.0,0.0,0.0,0.0
7,2,48,0.0,0.0,0.0,0.0,0.0
7,3,1,0.0,0.0,0.0,0.0,0.0
7,3,2,0.0,0.0,0.0,0.0,0.0
7,3,3,0.0,0.0,0.0,0.0,0.0
7,3,4,0.0,0.0,0.0,0.0,0.0
7,3,5,0.0,0.0,0.0,0.0,0.0
7,3,6,0.0,0.0,0.0,0.0,0.0
7,3,7,0.0,0.0,0.0,0.0,0.0
7,3,8,0.0,0.0,0.0,0.0,0.0
7,3,9,0.0,0.0,0.0,0.0,0.0
7,3,10,0.0,0.0,0.0,0.0,0.0
7,3,11,0.0,0.0,0.0,0.0,0.0
7,3,12,0.0,0.0,0.0,0.0,0.0
7,3,13,0.0,0.0,0.0,0.0,0.0
7,3,14,0.0,0.0,0.0,0.0,0.0
7,3,15,0.231215986,0.252025425,0.231955877,0.22409515,0.253608958
7,3,16,0.231215986,0.238152466,0.213562645,0.241302321,0.226437187
7,3,17,0.626785714,0.576642857,0.559594285,0.546537085,0.571616086
7,3,18,0.626785714,0.683196428,0.713940268,0.654401579,0.629406137
7,3,19,0.657363946,0.637643028,0.595703208,0.686958033,0.637972883
7,3,20,0.657363946,0.690232143,0.653584103,0.693742467,0.653518745
7,3,21,0.659923469,0.626927296,0.598385606,0.640980366,0.625238642
7,3,22,0.659923469,0.725915816,0.630556875,0.692296015,0.744890348
7,3,23,0.653792517,0.719171769,0.686482143,0.645293214,0.737041553
7,3,24,0.653792517,0.660330442,0.676773324,0.650359452,0.673520213
7,3,25,0.646989796,0.614640306,0.643431352,0.577868641,0.564866597
7,3,26,0.646989796,0.614640306,0.592966148,0.556378875,0.566579154
7,3,27,0.651887755,0.717076531,0.698171786,0.682154903,0.639210152
7,3,28,0.651887755,0.58669898,0.662643903,0.595718933,0.680418758
7,3,29,0.660586735,0.726645409,0.624254465,0.616855893,0.689939907
7,3,30,0.660586735,0.647375,0.634361442,0.602120185,0.686999708
7,3,31,0.618282313,0.624465136,0.658656148,0.678167283,0.683586283
7,3,32,0.618282313,0.618282313,0.630647959,0.585059943,0.570153363
7,3,33,0.406394558,0.434842177,0.382762714,0.436559804,0.435896804
7,3,34,0.406394558,0.430778231,0.380913619,0.438511107,0.443139835
7,3,35,0.015987245,0.01502801,0.013956865,0.013941357,0.013402816
7,3,36,0.015987245,0.014868138,0.016816184,0.01430147,0.015028461
7,3,37,0.0,0.0,0.0,0.0,0.0
7,3,38,0.0,0.0,0.0,0.0,0.0
7,3,39,0.0,0.0,0.0,0.0,0.0
7,3,40,0.0,0.0,0.0,0.0,0.0
7,3,41,0.0,0.0,0.0,0.0,0.0
7,3,42,0.0,0.0,0.0,0.0,0.0
7,3,43,0.0,0.0,0.0,0.0,0.0
7,3,44,0.0,0.0,0.0,0.0,0.0
7,3,45,0.0,0.0,0.0,0.0,0.0
7,3,46,0.0,0.0,0.0,0.0,0.0
7,3,47,0.0,0.0,0.0,0.0,0.0
7,3,48,0.0,0.0,0.0,0.0,0.0
7,4,1,0.0,0.0,0.0,0.0,0.0
7,4,2,0.0,0.0,0.0,0.0,0.0
7,4,3,0.0,0.0,0.0,0.0,0.0
7,4,4,0.0,0.0,0.0,0.0,0.0
7,4,5,0.0,0.0,0.0,0.0,0.0
7,4,6,0.0,0.0,0.0,0.0,0.0
7,4,7,0.0,0.0,0.0,0.0,0.0
7,4,8,0.0,0.0,0.0,0.0,0.0
7,4,9,0.0,0.0,0.0,0.0,0.0
7,4,10,0.0,0.0,0.0,0.0,0.0
7,4,11,0.0,0.0,0.0,0.0,0.0
7,4,12,0.0,0.0,0.0,0.0,0.0
7,4,13,0.0,0.0,0.0,0.0,0.0
7,4,14,0.0,0.0,0.0,0.0,0.0
7,4,15,0.172729592,0.183093368,0.167236791,0.162148523,0.173015089
7,4,16,0.172729592,0.157183929,0.15176022,0.165374651,0.147203509
7,4,17,0.519566327,0.514370664,0.527307865,0.494394204,0.467657886
7,4,18,0.519566327,0.467609694,0.508395651,0.453656741,0.47268789
7,4,19,0.627959184,0.634238776,0.63109898,0.63740997,0.613696426
7,4,20,0.627959184,0.671916327,0.643438378,0.641293583,0.652613387
7,4,21,0.654965986,0.713912925,0.622839904,0.624071895,0.673566108
7,4,22,0.654965986,0.707363265,0.728846149,0.752823144,0.668339658
7,4,23,0.649506803,0.649506803,0.623526531,0.628029778,0.663148178
7,4,24,0.649506803,0.591051191,0.626481787,0.665910855,0.588911023
7,4,25,0.616028912,0.640670068,0.684900944,0.660143974,0.585392377
7,4,26,0.616028912,0.665311225,0.647076769,0.636377579,0.698906497
7,4,27,0.645331633,0.664691582,0.641911375,0.611606172,0.653702894
7,4,28,0.645331633,0.619518368,0.62610075,0.60510424,0.680174985
7,4,29,0.655229592,0.720752551,0.619191964,0.691660357,0.651557358
7,4,30,0.655229592,0.589706633,0.585120026,0.567317438,0.61133029
7,4,31,0.639353741,0.69050204,0.638330775,0.688865295,0.724046629
7,4,32,0.639353741,0.652140816,0.613459914,0.57783619,0.595869759
7,4,33,0.420909864,0.437746259,0.399275097,0.389958678,0.379014676
7,4,34,0.420909864,0.412491667,0.412533758,0.436077351,0.382657875
7,4,35,0.017647109,0.016588282,0.01746005,0.016197905,0.016464136
7,4,36,0.017647109,0.016411811,0.016859166,0.016463514,0.015666222
7,4,37,0.0,0.0,0.0,0.0,0.0
7,4,38,0.0,0.0,0.0,0.0,0.0
7,4,39,0.0,0.0,0.0,0.0,0.0
7,4,40,0.0,0.0,0.0,0.0,0.0
7,4,41,0.0,0.0,0.0,0.0,0.0
7,4,42,0.0,0.0,0.0,0.0,0.0
7,4,43,0.0,0.0,0.0,0.0,0.0
7,4,44,0.0,0.0,0.0,0.0,0.0
7,4,45,0.0,0.0,0.0,0.0,0.0
7,4,46,0.0,0.0,0.0,0.0,0.0
7,4,47,0.0,0.0,0.0,0.0,0.0
7,4,48,0.0,0.0,0.0,0.0,0.0
7,5,1,0.0,0.0,0.0,0.0,0.0
7,5,2,0.0,0.0,0.0,0.0,0.0
7,5,3,0.0,0.0,0.0,0.0,0.0
7,5,4,0.0,0.0,0.0,0.0,0.0
7,5,5,0.0,0.0,0.0,0.0,0.0
7,5,6,0.0,0.0,0.0,0.0,0.0
7,5,7,0.0,0.0,0.0,0.0,0.0
7,5,8,0.0,0.0,0.0,0.0,0.0
7,5,9,0.0,0.0,0.0,0.0,0.0
7,5,10,0.0,0.0,0.0,0.0,0.0
7,5,11,0.0,0.0,0.0,0.0,0.0
7,5,12,0.0,0.0,0.0,0.0,0.0
7,5,13,0.0,0.0,0.0,0.0,0.0
7,5,14,0.0,0.0,0.0,0.0,0.0
7,5,15,0.215510204,0.204734694,0.203818775,0.212181649,0.196517651
7,5,16,0.215510204,0.193959184,0.192450612,0.2146848,0.212317248
7,5,17,0.606573129,0.558047279,0.553194694,0.521070581,0.520540921
7,5,18,0.606573129,0.649033248,0.577578933,0.592729917,0.661061899
7,5,19,0.643494898,0.637059949,0.58905523,0.623203359,0.654363527
7,5,20,0.643494898,0.611320153,0.614859375,0.610760313,0.595304337
7,5,21,0.650586735,0.702633674,0.649545796,0.734347609,0.691121238
7,5,22,0.650586735,0.631069133,0.67927761,0.653644493,0.601352933
7,5,23,0.639319728,0.613746939,0.614002667,0.634803573,0.60670418
7,5,24,0.639319728,0.652106123,0.671541442,0.654322431,0.601976636
7,5,25,0.596743197,0.543036309,0.615480933,0.614341154,0.568704382
7,5,26,0.596743197,0.549003741,0.630160816,0.597888944,0.61125265
7,5,27,0.637559524,0.675813095,0.610718268,0.654190902,0.625233334
7,5,28,0.637559524,0.6694375,0.588148661,0.574860858,0.555751472
7,5,29,0.570646259,0.622004422,0.56054582,0.531802939,0.53126237
7,5,30,0.570646259,0.61629796,0.605341552,0.603402876,0.586943718
7,5,31,0.265136054,0.265136054,0.286346938,0.247707777,0.258099255
7,5,32,0.265136054,0.238622449,0.241804081,0.265917322,0.270570875
7,5,33,0.102984694,0.112253316,0.117304716,0.120823857,0.104274314
7,5,34,0.102984694,0.092686225,0.106640651,0.094724292,0.093303427
7,5,35,0.002009779,0.001848997,0.001852212,0.002055956,0.001941736
7,5,36,0.002009779,0.002009779,0.002110268,0.002022843,0.002241984
7,5,37,0.0,0.0,0.0,0.0,0.0
7,5,38,0.0,0.0,0.0,0.0,0.0
7,5,39,0.0,0.0,0.0,0.0,0.0
7,5,40,0.0,0.0,0.0,0.0,0.0
7,5,41,0.0,0.0,0.0,0.0,0.0
7,5,42,0.0,0.0,0.0,0.0,0.0
7,5,43,0.0,0.0,0.0,0.0,0.0
7,5,44,0.0,0.0,0.0,0.0,0.0
7,5,45,0.0,0.0,0.0,0.0,0.0
7,5,46,0.0,0.0,0.0,0.0,0.0
7,5,47,0.0,0.0,0.0,0.0,0.0
7,5,48,0.0,0.0,0.0,0.0,0.0
7,6,1,0.0,0.0,0.0,0.0,0.0
7,6,2,0.0,0.0,0.0,0.0,0.0
7,6,3,0.0,0.0,0.0,0.0,0.0
7,6,4,0.0,0.0,0.0,0.0,0.0
7,6,5,0.0,0.0,0.0,0.0,0.0
7,6,6,0.0,0.0,0.0,0.0,0.0
7,6,7,0.0,0.0,0.0,0.0,0.0
7,6,8,0.0,0.0,0.0,0.0,0.0
7,6,9,0.0,0.0,0.0,0.0,0.0
7,6,10,0.0,0.0,0.0,0.0,0.0
7,6,11,0.0,0.0,0.0,0.0,0.0
7,6,12,0.0,0.0,0.0,0.0,0.0
7,6,13,0.0,0.0,0.0,0.0,0.0
7,6,14,0.0,0.0,0.0,0.0,0.0
7,6,15,0.235229592,0.214058929,0.222397818,0.244046036,0.212907777
7,6,16,0.235229592,0.232877296,0.220010237,0.217903756,0.228770273
7,6,17,0.640178571,0.704196428,0.611690625,0.717224062,0.715104991
7,6,18,0.640178571,0.5825625,0.660280178,0.6527807,0.627610982
7,6,19,0.654863946,0.622120749,0.664032041,0.666415746,0.606228052
7,6,20,0.654863946,0.60902347,0.600346522,0.683552444,0.700641255
7,6,21,0.66577381,0.659116072,0.609449346,0.709257717,0.61463629
7,6,22,0.66577381,0.619169643,0.706718899,0.597498706,0.608452849
7,6,23,0.659515306,0.652920153,0.715277325,0.669145219,0.647245921
7,6,24,0.659515306,0.659515306,0.639729847,0.718212168,0.729475041
7,6,25,0.651437075,0.612350851,0.657169721,0.576287294,0.668013022
7,6,26,0.651437075,0.631893963,0.622415553,0.686068773,0.654433379
7,6,27,0.659855442,0.692848214,0.635770718,0.609798808,0.656063979
7,6,28,0.659855442,0.653256888,0.689383973,0.700873706,0.628533527
7,6,29,0.668248299,0.608105952,0.631795354,0.648770866,0.671191624
7,6,30,0.668248299,0.735073129,0.680610893,0.764108517,0.662169495
7,6,31,0.648920068,0.713812075,0.640484107,0.661061362,0.659408709
7,6,32,0.648920068,0.655409269,0.697816195,0.620665115,0.655702662
7,6,33,0.440289116,0.471109354,0.460256227,0.498367873,0.514256207
7,6,34,0.440289116,0.479915136,0.441698041,0.453967431,0.472126128
7,6,35,0.019915816,0.020911607,0.022046808,0.01907185,0.021920577
7,6,36,0.019915816,0.018123393,0.018829408,0.018008395,0.020403986
7,6,37,0.0,0.0,0.0,0.0,0.0
7,6,38,0.0,0.0,0.0,0.0,0.0
7,6,39,0.0,0.0,0.0,0.0,0.0
7,6,40,0.0,0.0,0.0,0.0,0.0
7,6,41,0.0,0.0,0.0,0.0,0.0
7,6,42,0.0,0.0,0.0,0.0,0.0
7,6,43,0.0,0.0,0.0,0.0,0.0
7,6,44,0.0,0.0,0.0,0.0,0.0
7,6,45,0.0,0.0,0.0,0.0,0.0
7,6,46,0.0,0.0,0.0,0.0,0.0
7,6,47,0.0,0.0,0.0,0.0,0.0
7,6,48,0.0,0.0,0.0,0.0,0.0
7,7,1,0.0,0.0,0.0,0.0,0.0
7,7,2,0.0,0.0,0.0,0.0,0.0
7,7,3,0.0,0.0,0.0,0.0,0.0
7,7,4,0.0,0.0,0.0,0.0,0.0
7,7,5,0.0,0.0,0.0,0.0,0.0
7,7,6,0.0,0.0,0.0,0.0,0.0
7,7,7,0.0,0.0,0.0,0.0,0.0
7,7,8,0.0,0.0,0.0,0.0,0.0
7,7,9,0.0,0.0,0.0,0.0,0.0
7,7,10,0.0,0.0,0.0,0.0,0.0
7,7,11,0.0,0.0,0.0,0.0,0.0
7,7,12,0.0,0.0,0.0,0.0,0.0
7,7,13,0.0,0.0,0.0,0.0,0.0
7,7,14,0.0,0.0,0.0,0.0,0.0
7,7,15,0.250748299,0.260778231,0.265993796,0.259173442,0.266948645
7,7,16,0.250748299,0.260778231,0.273666694,0.277434939,0.268313611
7,7,17,0.650544218,0.702587755,0.663034667,0.732540546,0.700920333
7,7,18,0.650544218,0.702587755,0.663034667,0.678776102,0.687210399
7,7,19,0.672993197,0.659533333,0.646275367,0.666196639,0.641412145
7,7,20,0.672993197,0.639343537,0.695538469,0.736220908,0.73404571
7,7,21,0.673784014,0.673784014,0.720948895,0.627450133,0.626812341
7,7,22,0.673784014,0.700735375,0.714750082,0.682494694,0.741446914
7,7,23,0.666539116,0.699866072,0.676370568,0.721780767,0.746430261
7,7,24,0.666539116,0.659873725,0.702998806,0.68999996,0.720644076
7,7,25,0.659268707,0.705417516,0.675519681,0.741274812,0.744046092
7,7,26,0.659268707,0.632897959,0.652544166,0.654719313,0.701846139
7,7,27,0.6675,0.6942,0.7285095,0.647964945,0.711925356
7,7,28,0.6675,0.6675,0.607425,0.7122225,0.716754825
7,7,29,0.678341837,0.644424745,0.661383291,0.701066289,0.678017081
7,7,30,0.678341837,0.739392602,0.659246514,0.685403715,0.676784244
7,7,31,0.659268707,0.646083333,0.620042219,0.609708182,0.576735805
7,7,32,0.659268707,0.599934523,0.642193647,0.583095043,0.683235278
7,7,33,0.449141156,0.426684098,0.472945637,0.427110782,0.404013081
7,7,34,0.449141156,0.462615391,0.464995839,0.458917462,0.41761489
7,7,35,0.021891156,0.021891156,0.023642448,0.020901676,0.022964873
7,7,36,0.021891156,0.020358775,0.021336215,0.020347567,0.019514588
7,7,37,0.0,0.0,0.0,0.0,0.0
7,7,38,0.0,0.0,0.0,0.0,0.0
7,7,39,0.0,0.0,0.0,0.0,0.0
7,7,40,0.0,0.0,0.0,0.0,0.0
7,7,41,0.0,0.0,0.0,0.0,0.0
7,7,42,0.0,0.0,0.0,0.0,0.0
7,7,43,0.0,0.0,0.0,0.0,0.0
7,7,44,0.0,0.0,0.0,0.0,0.0
7,7,45,0.0,0.0,0.0,0.0,0.0
7,7,46,0.0,0.0,0.0,0.0,0.0
7,7,47,0.0,0.0,0.0,0.0,0.0
7,7,48,0.0,0.0,0.0,0.0,0.0
7,8,1,0.0,0.0,0.0,0.0,0.0
7,8,2,0.0,0.0,0.0,0.0,0.0
7,8,3,0.0,0.0,0.0,0.0,0.0
7,8,4,0.0,0.0,0.0,0.0,0.0
7,8,5,0.0,0.0,0.0,0.0,0.0
7,8,6,0.0,0.0,0.0,0.0,0.0
7,8,7,0.0,0.0,0.0,0.0,0.0
7,8,8,0.0,0.0,0.0,0.0,0.0
7,8,9,0.0,0.0,0.0,0.0,0.0
7,8,10,0.0,0.0,0.0,0.0,0.0
7,8,11,0.0,0.0,0.0,0.0,0.0
7,8,12,0.0,0.0,0.0,0.0,0.0
7,8,13,0.0,0.0,0.0,0.0,0.0
7,8,14,0.0,0.0,0.0,0.0,0.0
7,8,15,0.255340136,0.275767347,0.278831429,0.259180452,0.280643833
7,8,16,0.255340136,0.28087415,0.278831429,0.293416457,0.26048861
7,8,17,0.664863946,0.718053062,0.760604354,0.643056409,0.682711554
7,8,18,0.664863946,0.658215307,0.661539626,0.641693437,0.604051833
7,8,19,0.686590136,0.720919643,0.738942634,0.672555089,0.761132026
7,8,20,0.686590136,0.727785544,0.735475354,0.759614032,0.720092604
7,8,21,0.685748299,0.726893197,0.741636785,0.667826267,0.691415614
7,8,22,0.685748299,0.692605782,0.634042877,0.657383006,0.627398292
7,8,23,0.679991497,0.700391242,0.717799024,0.70638786,0.638039589
7,8,24,0.679991497,0.659591752,0.730072871,0.731278496,0.70723599
7,8,25,0.673460884,0.680195493,0.703901316,0.651559936,0.643415437
7,8,26,0.673460884,0.646522449,0.600592416,0.69140727,0.698705457
7,8,27,0.681267007,0.681267007,0.708517687,0.724868095,0.698979949
7,8,28,0.681267007,0.715330357,0.670366735,0.730327315,0.685336397
7,8,29,0.693112245,0.727767857,0.703335651,0.644345445,0.692140299
7,8,30,0.693112245,0.623801021,0.711133163,0.730096714,0.689535786
7,8,31,0.675595238,0.675595238,0.709375,0.679986607,0.753651823
7,8,32,0.675595238,0.702619048,0.620196428,0.659475536,0.697695141
7,8,33,0.465714286,0.484342857,0.432276,0.414699943,0.417810193
7,8,34,0.465714286,0.498314286,0.457913572,0.483460329,0.485877631
7,8,35,0.023171769,0.025488946,0.02311384,0.025360343,0.025740748
7,8,36,0.023171769,0.024793793,0.02518192,0.022431894,0.02293905
7,8,37,0.0,0.0,0.0,0.0,0.0
7,8,38,0.0,0.0,0.0,0.0,0.0
7,8,39,0.0,0.0,0.0,0.0,0.0
7,8,40,0.0,0.0,0.0,0.0,0.0
7,8,41,0.0,0.0,0.0,0.0,0.0
7,8,42,0.0,0.0,0.0,0.0,0.0
7,8,43,0.0,0.0,0.0,0.0,0.0
7,8,44,0.0,0.0,0.0,0.0,0.0
7,8,45,0.0,0.0,0.0,0.0,0.0
7,8,46,0.0,0.0,0.0,0.0,0.0
7,8,47,0.0,0.0,0.0,0.0,0.0
7,8,48,0.0,0.0,0.0,0.0,0.0
7,9,1,0.0,0.0,0.0,0.0,0.0
7,9,2,0.0,0.0,0.0,0.0,0.0
7,9,3,0.0,0.0,0.0,0.0,0.0
7,9,4,0.0,0.0,0.0,0.0,0.0
7,9,5,0.0,0.0,0.0,0.0,0.0
7,9,6,0.0,0.0,0.0,0.0,0.0
7,9,7,0.0,0.0,0.0,0.0,0.0
7,9,8,0.0,0.0,0.0,0.0,0.0
7,9,9,0.0,0.0,0.0,0.0,0.0
7,9,10,0.0,0.0,0.0,0.0,0.0
7,9,11,0.0,0.0,0.0,0.0,0.0
7,9,12,0.0,0.0,0.0,0.0,0.0
7,9,13,0.0,0.0,0.0,0.0,0.0
7,9,14,0.0,0.0,0.0,0.0,0.0
7,9,15,0.267508503,0.283559013,0.256246395,0.269104637,0.290633008
7,9,16,0.267508503,0.254133078,0.281686454,0.254387211,0.267073099
7,9,17,0.673920068,0.633484864,0.640628417,0.701292005,0.622591458
7,9,18,0.673920068,0.687398469,0.707885639,0.669042684,0.725635418
7,9,19,0.693630952,0.645076785,0.709515101,0.621294261,0.68072686
7,9,20,0.693630952,0.742185119,0.753803437,0.656885852,0.761440184
7,9,21,0.693664966,0.679791667,0.748533865,0.735623372,0.735835572
7,9,22,0.693664966,0.763031463,0.735631696,0.679621719,0.725167336
7,9,23,0.686164966,0.754781463,0.734882679,0.718023605,0.687290019
7,9,24,0.686164966,0.734196514,0.68177351,0.77078283,0.725411749
7,9,25,0.679379252,0.740523385,0.681553266,0.763528978,0.709083758
7,9,26,0.679379252,0.69976063,0.710257039,0.724324266,0.647155873
7,9,27,0.689362245,0.696255867,0.685880966,0.683594696,0.73009985
7,9,28,0.689362245,0.668681378,0.71976312,0.630268045,0.704099445
7,9,29,0.701632653,0.701632653,0.6876,0.683016,0.65879681
7,9,30,0.701632653,0.757763265,0.693213061,0.66013342,0.7031856
7,9,31,0.685535714,0.637548214,0.707849901,0.744675737,0.728597511
7,9,32,0.685535714,0.671825,0.678680357,0.637959535,0.608335138
7,9,33,0.479906463,0.513499915,0.536439444,0.535446038,0.516322965
7,9,34,0.479906463,0.451112075,0.512060196,0.485836507,0.491873387
7,9,35,0.025291667,0.023015417,0.021738188,0.025216298,0.023100931
7,9,36,0.025291667,0.023774167,0.023306271,0.025088996,0.022416053
7,9,37,0.0,0.0,0.0,0.0,0.0
7,9,38,0.0,0.0,0.0,0.0,0.0
7,9,39,0.0,0.0,0.0,0.0,0.0
7,9,40,0.0,0.0,0.0,0.0,0.0
7,9,41,0.0,0.0,0.0,0.0,0.0
7,9,42,0.0,0.0,0.0,0.0,0.0
7,9,43,0.0,0.0,0.0,0.0,0.0
7,9,44,0.0,0.0,0.0,0.0,0.0
7,9,45,0.0,0.0,0.0,0.0,0.0
7,9,46,0.0,0.0,0.0,0.0,0.0
7,9,47,0.0,0.0,0.0,0.0,0.0
7,9,48,0.0,0.0,0.0,0.0,0.0
7,10,1,0.0,0.0,0.0,0.0,0.0
7,10,2,0.0,0.0,0.0,0.0,0.0
7,10,3,0.0,0.0,0.0,0.0,0.0
7,10,4,0.0,0.0,0.0,0.0,0.0
7,10,5,0.0,0.0,0.0,0.0,0.0
7,10,6,0.0,0.0,0.0,0.0,0.0
7,10,7,0.0,0.0,0.0,0.0,0.0
7,10,8,0.0,0.0,0.0,0.0,0.0
7,10,9,0.0,0.0,0.0,0.0,0.0
7,10,10,0.0,0.0,0.0,0.0,0.0
7,10,11,0.0,0.0,0.0,0.0,0.0
7,10,12,0.0,0.0,0.0,0.0,0.0
7,10,13,0.0,0.0,0.0,0.0,0.0
7,10,14,0.0,0.0,0.0,0.0,0.0
7,10,15,0.26877551,0.255336735,0.246332755,0.24397425,0.240924572
7,10,16,0.26877551,0.249961224,0.272336786,0.239958968,0.278378772
7,10,17,0.677210884,0.738159864,0.672301105,0.65413718,0.6374706
7,10,18,0.677210884,0.731387755,0.739514285,0.766160276,0.713996934
7,10,19,0.693010204,0.699940306,0.73826377,0.767237141,0.666643827
7,10,20,0.693010204,0.672219898,0.66896275,0.630599784,0.692846085
7,10,21,0.69005102,0.67625,0.628498469,0.698179821,0.74056931
7,10,22,0.69005102,0.717653061,0.689775,0.664201709,0.669707591
7,10,23,0.683095238,0.642109524,0.662602381,0.708984548,0.674197923
7,10,24,0.683095238,0.751404762,0.731595,0.707591033,0.704053078
7,10,25,0.675535714,0.722823214,0.762105616,0.720154848,0.705751751
7,10,26,0.675535714,0.6147375,0.703198901,0.644555984,0.699077446
7,10,27,0.68454932,0.677703827,0.687937839,0.635559206,0.684866299
7,10,28,0.68454932,0.657167347,0.737944167,0.637762656,0.672562314
7,10,29,0.696011905,0.709932143,0.660793703,0.620021325,0.644822178
7,10,30,0.696011905,0.689051786,0.623278661,0.669447451,0.709614298
7,10,31,0.680306122,0.748336734,0.742894285,0.702130342,0.682496027
7,10,32,0.680306122,0.748336734,0.714321428,0.735751071,0.748465992
7,10,33,0.482942177,0.478112755,0.499748565,0.535627949,0.494116783
7,10,34,0.482942177,0.439477381,0.484270268,0.445451778,0.416731861
7,10,35,0.027778061,0.028333622,0.025811374,0.024576917,0.028754993
7,10,36,0.027778061,0.028333622,0.030019751,0.031294421,0.029062899
7,10,37,0.0,0.0,0.0,0.0,0.0
7,10,38,0.0,0.0,0.0,0.0,0.0
7,10,39,0.0,0.0,0.0,0.0,0.0
7,10,40,0.0,0.0,0.0,0.0,0.0
7,10,41,0.0,0.0,0.0,0.0,0.0
7,10,42,0.0,0.0,0.0,0.0,0.0
7,10,43,0.0,0.0,0.0,0.0,0.0
7,10,44,0.0,0.0,0.0,0.0,0.0
7,10,45,0.0,0.0,0.0,0.0,0.0
7,10,46,0.0,0.0,0.0,0.0,0.0
7,10,47,0.0,0.0,0.0,0.0,0.0
7,10,48,0.0,0.0,0.0,0.0,0.0
7,11,1,0.0,0.0,0.0,0.0,0.0
7,11,2,0.0,0.0,0.0,0.0,0.0
7,11,3,0.0,0.0,0.0,0.0,0.0
7,11,4,0.0,0.0,0.0,0.0,0.0
7,11,5,0.0,0.0,0.0,0.0,0.0
7,11,6,0.0,0.0,0.0,0.0,0.0
7,11,7,0.0,0.0,0.0,0.0,0.0
7,11,8,0.0,0.0,0.0,0.0,0.0
7,11,9,0.0,0.0,0.0,0.0,0.0
7,11,10,0.0,0.0,0.0,0.0,0.0
7,11,11,0.0,0.0,0.0,0.0,0.0
7,11,12,0.0,0.0,0.0,0.0,0.0
7,11,13,0.0,0.0,0.0,0.0,0.0
7,11,14,0.0,0.0,0.0,0.0,0.0
7,11,15,0.259141156,0.274689625,0.290937776,0.247430567,0.246605799
7,11,16,0.259141156,0.277281037,0.244072098,0.265368059,0.251006964
7,11,17,0.646173469,0.626788265,0.604656824,0.59457921,0.562424992
7,11,18,0.646173469,0.697867347,0.732502244,0.69218102,0.664493779
7,11,19,0.663222789,0.63006165,0.659575064,0.676991294,0.604865683
7,11,20,0.663222789,0.676487245,0.663156467,0.694327054,0.620354517
7,11,21,0.661343537,0.654730102,0.598813506,0.5808491,0.598976699
7,11,22,0.661343537,0.694410714,0.745664838,0.70747776,0.646046275
7,11,23,0.654804422,0.622064201,0.663971684,0.582252092,0.69385041
7,11,24,0.654804422,0.680996599,0.61446847,0.68909522,0.666439589
7,11,25,0.647704082,0.641227041,0.683133495,0.677075519,0.702022136
7,11,26,0.647704082,0.647704082,0.705997449,0.613764388,0.6537925
7,11,27,0.658571429,0.6915,0.661535,0.710767605,0.707817249
7,11,28,0.658571429,0.658571429,0.671742858,0.616554572,0.625305669
7,11,29,0.668384354,0.66170051,0.631790311,0.680116727,0.693522874
7,11,30,0.668384354,0.634965136,0.69077523,0.651414075,0.601860076
7,11,31,0.653095238,0.594316667,0.604994774,0.555722003,0.56591024
7,11,32,0.653095238,0.620440476,0.655870893,0.62384147,0.574480817
7,11,33,0.430952381,0.439571429,0.400440952,0.466020413,0.44293122
7,11,34,0.430952381,0.456809524,0.457197381,0.407970983,0.460144196
7,11,35,0.028443878,0.031003827,0.032101761,0.029906159,0.031882101
7,11,36,0.028443878,0.027875,0.025906684,0.024941754,0.024648483
7,11,37,0.0,0.0,0.0,0.0,0.0
7,11,38,0.0,0.0,0.0,0.0,0.0
7,11,39,0.0,0.0,0.0,0.0,0.0
7,11,40,0.0,0.0,0.0,0.0,0.0
7,11,41,0.0,0.0,0.0,0.0,0.0
7,11,42,0.0,0.0,0.0,0.0,0.0
7,11,43,0.0,0.0,0.0,0.0,0.0
7,11,44,0.0,0.0,0.0,0.0,0.0
7,11,45,0.0,0.0,0.0,0.0,0.0
7,11,46,0.0,0.0,0.0,0.0,0.0
7,11,47,0.0,0.0,0.0,0.0,0.0
7,11,48,0.0,0.0,0.0,0.0,0.0
7,12,1,0.0,0.0,0.0,0.0,0.0
7,12,2,0.0,0.0,0.0,0.0,0.0
7,12,3,0.0,0.0,0.0,0.0,0.0
7,12,4,0.0,0.0,0.0,0.0,0.0
7,12,5,0.0,0.0,0.0,0.0,0.0
7,12,6,0.0,0.0,0.0,0.0,0.0
7,12,7,0.0,0.0,0.0,0.0,0.0
7,12,8,0.0,0.0,0.0,0.0,0.0
7,12,9,0.0,0.0,0.0,0.0,0.0
7,12,10,0.0,0.0,0.0,0.0,0.0
7,12,11,0.0,0.0,0.0,0.0,0.0
7,12,12,0.0,0.0,0.0,0.0,0.0
7,12,13,0.0,0.0,0.0,0.0,0.0
7,12,14,0.0,0.0,0.0,0.0,0.0
7,12,15,0.246471088,0.261259353,0.27671309,0.256251554,0.270580722
7,12,16,0.246471088,0.266188775,0.279399625,0.245538441,0.238647524
7,12,17,0.634447279,0.615413861,0.674925015,0.6672592,0.667451679
7,12,18,0.634447279,0.65982517,0.621250776,0.683203283,0.688662525
7,12,19,0.648129252,0.66757313,0.717057798,0.64370739,0.655734555
7,12,20,0.648129252,0.641647959,0.593297517,0.583753166,0.604372834
7,12,21,0.64789966,0.62846267,0.644562977,0.678726942,0.584921756
7,12,22,0.64789966,0.699731633,0.640124864,0.702340509,0.719600858
7,12,23,0.642397959,0.642397959,0.642397959,0.62955,0.671145268
7,12,24,0.642397959,0.62312602,0.61377913,0.582583964,0.597007615
7,12,25,0.634073129,0.621391666,0.659119018,0.593520982,0.570593841
7,12,26,0.634073129,0.646754592,0.678838692,0.698947687,0.731118877
7,12,27,0.641411565,0.615755102,0.572010834,0.628017609,0.583583839
7,12,28,0.641411565,0.679896259,0.687080068,0.622600247,0.611704742
7,12,29,0.647755102,0.602412245,0.668839531,0.703635855,0.635990863
7,12,30,0.647755102,0.608889796,0.603189551,0.644742609,0.563529838
7,12,31,0.566734694,0.583736735,0.632759286,0.618186648,0.600354341
7,12,32,0.566734694,0.572402041,0.592351102,0.530989603,0.531682199
7,12,33,0.352321429,0.359367858,0.377195322,0.337554229,0.33164703
7,12,34,0.352321429,0.359367858,0.338052411,0.318421648,0.359142878
7,12,35,0.022309524,0.021417143,0.020114267,0.021067508,0.021651653
7,12,36,0.022309524,0.023648095,0.022059657,0.023806047,0.020660248
7,12,37,0.0,0.0,0.0,0.0,0.0
7,12,38,0.0,0.0,0.0,0.0,0.0
7,12,39,0.0,0.0,0.0,0.0,0.0
7,12,40,0.0,0.0,0.0,0.0,0.0
7,12,41,0.0,0.0,0.0,0.0,0.0
7,12,42,0.0,0.0,0.0,0.0,0.0
7,12,43,0.0,0.0,0.0,0.0,0.0
7,12,44,0.0,0.0,0.0,0.0,0.0
7,12,45,0.0,0.0,0.0,0.0,0.0
7,12,46,0.0,0.0,0.0,0.0,0.0
7,12,47,0.0,0.0,0.0,0.0,0.0
7,12,48,0.0,0.0,0.0,0.0,0.0
7,13,1,0.0,0.0,0.0,0.0,0.0
7,13,2,0.0,0.0,0.0,0.0,0.0
7,13,3,0.0,0.0,0.0,0.0,0.0
7,13,4,0.0,0.0,0.0,0.0,0.0
7,13,5,0.0,0.0,0.0,0.0,0.0
7,13,6,0.0,0.0,0.0,0.0,0.0
7,13,7,0.0,0.0,0.0,0.0,0.0
7,13,8,0.0,0.0,0.0,0.0,0.0
7,13,9,0.0,0.0,0.0,0.0,0.0
7,13,10,0.0,0.0,0.0,0.0,0.0
7,13,11,0.0,0.0,0.0,0.0,0.0
7,13,12,0.0,0.0,0.0,0.0,0.0
7,13,13,0.0,0.0,0.0,0.0,0.0
7,13,14,0.0,0.0,0.0,0.0,0.0
7,13,15,0.248214286,0.238285715,0.248115,0.2350768,0.239998721
7,13,16,0.248214286,0.265589286,0.277453929,0.276940125,0.291083853
7,13,17,0.628503401,0.634788435,0.656911755,0.620865828,0.578093293
7,13,18,0.628503401,0.571938095,0.612225163,0.543799998,0.606790164
7,13,19,0.651343537,0.631803231,0.686483521,0.636847127,0.62555458
7,13,20,0.651343537,0.696937585,0.714588994,0.694499606,0.68934243
7,13,21,0.652984694,0.672574235,0.676035054,0.673869974,0.62204537
7,13,22,0.652984694,0.718283163,0.754197322,0.708488393,0.772252348
7,13,23,0.647729592,0.66716148,0.644296625,0.633470689,0.700017764
7,13,24,0.647729592,0.673638776,0.654077342,0.684821179,0.625162719
7,13,25,0.631743197,0.638060629,0.698392104,0.721671841,0.699365621
7,13,26,0.631743197,0.568568877,0.546141994,0.541400761,0.617720804
7,13,27,0.648630952,0.629172023,0.690013607,0.714973358,0.657283535
7,13,28,0.648630952,0.590254166,0.588470431,0.603027331,0.60759572
7,13,29,0.656241497,0.616867007,0.65565088,0.707211774,0.685352501
7,13,30,0.656241497,0.610304592,0.658603966,0.699471187,0.656155311
7,13,31,0.63702381,0.700726191,0.64880875,0.695295563,0.657054307
7,13,32,0.63702381,0.573321429,0.611224346,0.582902267,0.595106783
7,13,33,0.448282313,0.434833844,0.410649013,0.414004854,0.448289631
7,13,34,0.448282313,0.452765136,0.450523725,0.459534199,0.452776343
7,13,35,0.02782398,0.026154541,0.025639798,0.028662595,0.029777251
7,13,36,0.02782398,0.02838046,0.028383242,0.028759812,0.025786555
7,13,37,0.0,0.0,0.0,0.0,0.0
7,13,38,0.0,0.0,0.0,0.0,0.0
7,13,39,0.0,0.0,0.0,0.0,0.0
7,13,40,0.0,0.0,0.0,0.0,0.0
7,13,41,0.0,0.0,0.0,0.0,0.0
7,13,42,0.0,0.0,0.0,0.0,0.0
7,13,43,0.0,0.0,0.0,0.0,0.0
7,13,44,0.0,0.0,0.0,0.0,0.0
7,13,45,0.0,0.0,0.0,0.0,0.0
7,13,46,0.0,0.0,0.0,0.0,0.0
7,13,47,0.0,0.0,0.0,0.0,0.0
7,13,48,0.0,0.0,0.0,0.0,0.0
7,14,1,0.0,0.0,0.0,0.0,0.0
7,14,2,0.0,0.0,0.0,0.0,0.0
7,14,3,0.0,0.0,0.0,0.0,0.0
7,14,4,0.0,0.0,0.0,0.0,0.0
7,14,5,0.0,0.0,0.0,0.0,0.0
7,14,6,0.0,0.0,0.0,0.0,0.0
7,14,7,0.0,0.0,0.0,0.0,0.0
7,14,8,0.0,0.0,0.0,0.0,0.0
7,14,9,0.0,0.0,0.0,0.0,0.0
7,14,10,0.0,0.0,0.0,0.0,0.0
7,14,11,0.0,0.0,0.0,0.0,0.0
7,14,12,0.0,0.0,0.0,0.0,0.0
7,14,13,0.0,0.0,0.0,0.0,0.0
7,14,14,0.0,0.0,0.0,0.0,0.0
7,14,15,0.264115646,0.285244898,0.291161088,0.285777355,0.301284979
7,14,16,0.264115646,0.240345238,0.252230442,0.259797355,0.236333618
7,14,17,0.657508503,0.723259353,0.731806964,0.668982026,0.653665859
7,14,18,0.657508503,0.618057993,0.64416108,0.639909192,0.601514641
7,14,19,0.676658163,0.744323979,0.753120535,0.688465848,0.701329289
7,14,20,0.676658163,0.737557398,0.700036703,0.634275679,0.666518026
7,14,21,0.67537415,0.715896599,0.688679021,0.651717595,0.628283494
7,14,22,0.67537415,0.742911565,0.680777143,0.762659505,0.672504755
7,14,23,0.667738095,0.614319047,0.602566857,0.61564384,0.606314951
7,14,24,0.667738095,0.647705952,0.637990363,0.599053219,0.631740688
7,14,25,0.658171769,0.671335204,0.624868277,0.690545922,0.674454899
7,14,26,0.658171769,0.710825511,0.711878585,0.631199012,0.610216847
7,14,27,0.666913265,0.660244132,0.723300782,0.669816338,0.741274806
7,14,28,0.666913265,0.613560204,0.69785804,0.659443836,0.672632713
7,14,29,0.677755102,0.73197551,0.641427429,0.711068121,0.67674541
7,14,30,0.677755102,0.616757143,0.589003071,0.571332979,0.576889349
7,14,31,0.663596939,0.696776786,0.646177519,0.622030886,0.630859711
7,14,32,0.663596939,0.696776786,0.618970045,0.626792194,0.71668739
7,14,33,0.47795068,0.47795068,0.458832653,0.457430664,0.435278287
7,14,34,0.47795068,0.520966241,0.514442214,0.524631167,0.463642794
7,14,35,0.030284864,0.031496259,0.030581656,0.028940337,0.030325779
7,14,36,0.030284864,0.027862075,0.029654939,0.030437984,0.031333563
7,14,37,0.0,0.0,0.0,0.0,0.0
7,14,38,0.0,0.0,0.0,0.0,0.0
7,14,39,0.0,0.0,0.0,0.0,0.0
7,14,40,0.0,0.0,0.0,0.0,0.0
7,14,41,0.0,0.0,0.0,0.0,0.0
7,14,42,0.0,0.0,0.0,0.0,0.0
7,14,43,0.0,0.0,0.0,0.0,0.0
7,14,44,0.0,0.0,0.0,0.0,0.0
7,14,45,0.0,0.0,0.0,0.0,0.0
7,14,46,0.0,0.0,0.0,0.0,0.0
7,14,47,0.0,0.0,0.0,0.0,0.0
7,14,48,0.0,0.0,0.0,0.0,0.0
7,15,1,0.0,0.0,0.0,0.0,0.0
7,15,2,0.0,0.0,0.0,0.0,0.0
7,15,3,0.0,0.0,0.0,0.0,0.0
7,15,4,0.0,0.0,0.0,0.0,0.0
7,15,5,0.0,0.0,0.0,0.0,0.0
7,15,6,0.0,0.0,0.0,0.0,0.0
7,15,7,0.0,0.0,0.0,0.0,0.0
7,15,8,0.0,0.0,0.0,0.0,0.0
7,15,9,0.0,0.0,0.0,0.0,0.0
7,15,10,0.0,0.0,0.0,0.0,0.0
7,15,11,0.0,0.0,0.0,0.0,0.0
7,15,12,0.0,0.0,0.0,0.0,0.0
7,15,13,0.0,0.0,0.0,0.0,0.0
7,15,14,0.0,0.0,0.0,0.0,0.0
7,15,15,0.272661565,0.289021259,0.297691897,0.272135328,0.288535062
7,15,16,0.272661565,0.286294643,0.285067666,0.272901053,0.26526967
7,15,17,0.667559524,0.674235119,0.650770402,0.730607183,0.633137543
7,15,18,0.667559524,0.600803572,0.608814286,0.657012084,0.696902103
7,15,19,0.682576531,0.689402296,0.727148778,0.69271211,0.711919128
7,15,20,0.682576531,0.744008419,0.670494926,0.636114229,0.710630467
7,15,21,0.680102041,0.618892857,0.591042679,0.655213027,0.623586398
7,15,22,0.680102041,0.673301021,0.629332424,0.720393893,0.641993227
7,15,23,0.672933673,0.659475,0.706176596,0.618370865,0.730662937
7,15,24,0.672933673,0.733497704,0.759472943,0.794164917,0.806618867
7,15,25,0.665688776,0.718943878,0.643854184,0.716732016,0.672578619
7,15,26,0.665688776,0.71228699,0.757886671,0.754671395,0.664822781
7,15,27,0.674719388,0.742191327,0.637609822,0.616356161,0.694427941
7,15,28,0.674719388,0.681466582,0.718778564,0.677821748,0.633140845
7,15,29,0.686666667,0.645466667,0.672727334,0.621506807,0.709119218
7,15,30,0.686666667,0.707266667,0.731815,0.729840261,0.713897149
7,15,31,0.674906463,0.688404592,0.640756196,0.701423538,0.676372697
7,15,32,0.674906463,0.654659269,0.618248065,0.714198392,0.678813108
7,15,33,0.492636054,0.522194217,0.527711741,0.539889704,0.478959295
7,15,34,0.492636054,0.487709693,0.441155586,0.464357102,0.513896424
7,15,35,0.033585884,0.031234872,0.031113963,0.033257369,0.033912923
7,15,36,0.033585884,0.034929319,0.033915026,0.036874882,0.038308906
7,15,37,0.0,0.0,0.0,0.0,0.0
7,15,38,0.0,0.0,0.0,0.0,0.0
7,15,39,0.0,0.0,0.0,0.0,0.0
7,15,40,0.0,0.0,0.0,0.0,0.0
7,15,41,0.0,0.0,0.0,0.0,0.0
7,15,42,0.0,0.0,0.0,0.0,0.0
7,15,43,0.0,0.0,0.0,0.0,0.0
7,15,44,0.0,0.0,0.0,0.0,0.0
7,15,45,0.0,0.0,0.0,0.0,0.0
7,15,46,0.0,0.0,0.0,0.0,0.0
7,15,47,0.0,0.0,0.0,0.0,0.0
7,15,48,0.0,0.0,0.0,0.0,0.0
7,16,1,0.0,0.0,0.0,0.0,0.0
7,16,2,0.0,0.0,0.0,0.0,0.0
7,16,3,0.0,0.0,0.0,0.0,0.0
7,16,4,0.0,0.0,0.0,0.0,0.0
7,16,5,0.0,0.0,0.0,0.0,0.0
7,16,6,0.0,0.0,0.0,0.0,0.0
7,16,7,0.0,0.0,0.0,0.0,0.0
7,16,8,0.0,0.0,0.0,0.0,0.0
7,16,9,0.0,0.0,0.0,0.0,0.0
7,16,10,0.0,0.0,0.0,0.0,0.0
7,16,11,0.0,0.0,0.0,0.0,0.0
7,16,12,0.0,0.0,0.0,0.0,0.0
7,16,13,0.0,0.0,0.0,0.0,0.0
7,16,14,0.0,0.0,0.0,0.0,0.0
7,16,15,0.277661565,0.285991412,0.267735164,0.252187736,0.279020788
7,16,16,0.277661565,0.261001871,0.272025035,0.264824901,0.250056859
7,16,17,0.671130952,0.644285714,0.65113125,0.70795725,0.655253765
7,16,18,0.671130952,0.664419642,0.641064285,0.698403924,0.615254325
7,16,19,0.676768707,0.676768707,0.609091836,0.667293945,0.716654071
7,16,20,0.676768707,0.636162585,0.590819081,0.685350134,0.666693381
7,16,21,0.671658163,0.711957653,0.622627117,0.615247833,0.642265238
7,16,22,0.671658163,0.658225,0.618395671,0.636437752,0.665564521
7,16,23,0.663894558,0.730284014,0.669205714,0.619015286,0.630363899
7,16,24,0.663894558,0.617421939,0.576592424,0.637882063,0.636426701
7,16,25,0.657270408,0.598116071,0.590031645,0.645896344,0.641513476
7,16,26,0.657270408,0.67698852,0.727171116,0.735243382,0.762093509
7,16,27,0.667984694,0.614545918,0.679741225,0.693336049,0.630706873
7,16,28,0.667984694,0.714743623,0.636055026,0.672927781,0.639281392
7,16,29,0.67922619,0.652057142,0.69892375,0.622596838,0.610144902
7,16,30,0.67922619,0.624888095,0.652057142,0.717262857,0.728510842
7,16,31,0.66880102,0.66880102,0.66211301,0.599914515,0.604413874
7,16,32,0.66880102,0.615296938,0.680571918,0.694183356,0.684654707
7,16,33,0.492380952,0.462838095,0.448952952,0.482099053,0.466852085
7,16,34,0.492380952,0.541619047,0.4653,0.519757333,0.555240766
7,16,35,0.034098639,0.033757653,0.032910301,0.031573532,0.034408433
7,16,36,0.034098639,0.035121598,0.03495622,0.037503524,0.038961995
7,16,37,0.0,0.0,0.0,0.0,0.0
7,16,38,0.0,0.0,0.0,0.0,0.0
7,16,39,0.0,0.0,0.0,0.0,0.0
7,16,40,0.0,0.0,0.0,0.0,0.0
7,16,41,0.0,0.0,0.0,0.0,0.0
7,16,42,0.0,0.0,0.0,0.0,0.0
7,16,43,0.0,0.0,0.0,0.0,0.0
7,16,44,0.0,0.0,0.0,0.0,0.0
7,16,45,0.0,0.0,0.0,0.0,0.0
7,16,46,0.0,0.0,0.0,0.0,0.0
7,16,47,0.0,0.0,0.0,0.0,0.0
7,16,48,0.0,0.0,0.0,0.0,0.0
7,17,1,0.0,0.0,0.0,0.0,0.0
7,17,2,0.0,0.0,0.0,0.0,0.0
7,17,3,0.0,0.0,0.0,0.0,0.0
7,17,4,0.0,0.0,0.0,0.0,0.0
7,17,5,0.0,0.0,0.0,0.0,0.0
7,17,6,0.0,0.0,0.0,0.0,0.0
7,17,7,0.0,0.0,0.0,0.0,0.0
7,17,8,0.0,0.0,0.0,0.0,0.0
7,17,9,0.0,0.0,0.0,0.0,0.0
7,17,10,0.0,0.0,0.0,0.0,0.0
7,17,11,0.0,0.0,0.0,0.0,0.0
7,17,12,0.0,0.0,0.0,0.0,0.0
7,17,13,0.0,0.0,0.0,0.0,0.0
7,17,14,0.0,0.0,0.0,0.0,0.0
7,17,15,0.27962585,0.276829592,0.306050493,0.25875178,0.305542727
7,17,16,0.27962585,0.296403401,0.259213163,0.292334845,0.267799599
7,17,17,0.671437075,0.725152041,0.747175177,0.700296336,0.689684702
7,17,18,0.671437075,0.691580187,0.667878459,0.670195588,0.614498273
7,17,19,0.679455782,0.631893877,0.590107347,0.621142622,0.592810913
7,17,20,0.679455782,0.693044898,0.734287864,0.681194962,0.759725505
7,17,21,0.674719388,0.613994643,0.670131296,0.639889474,0.610702678
7,17,22,0.674719388,0.613994643,0.605695595,0.65672867,0.637784574
7,17,23,0.66712585,0.680468367,0.660321166,0.729542589,0.629615334
7,17,24,0.66712585,0.720495918,0.672996557,0.638791681,0.701846602
7,17,25,0.658180272,0.658180272,0.598944048,0.612897469,0.568845464
7,17,26,0.658180272,0.618689456,0.574591377,0.561609869,0.651529163
7,17,27,0.667619048,0.714352381,0.649526572,0.68393766,0.610973024
7,17,28,0.667619048,0.634238096,0.703002858,0.654920934,0.718140852
7,17,29,0.678248299,0.671465816,0.614119922,0.713526367,0.709500507
7,17,30,0.678248299,0.698595748,0.626464041,0.734546299,0.663929689
7,17,31,0.668664966,0.668664966,0.635231718,0.677246166,0.728697149
7,17,32,0.668664966,0.648605017,0.625703242,0.595845122,0.58392822
7,17,33,0.496258503,0.471445578,0.445143877,0.45682084,0.514158919
7,17,34,0.496258503,0.545884353,0.567967857,0.579639857,0.569335148
7,17,35,0.036109694,0.0353875,0.038965971,0.034243581,0.033282552
7,17,36,0.036109694,0.032859822,0.032070825,0.034353716,0.03554094
7,17,37,0.0,0.0,0.0,0.0,0.0
7,17,38,0.0,0.0,0.0,0.0,0.0
7,17,39,0.0,0.0,0.0,0.0,0.0
7,17,40,0.0,0.0,0.0,0.0,0.0
7,17,41,0.0,0.0,0.0,0.0,0.0
7,17,42,0.0,0.0,0.0,0.0,0.0
7,17,43,0.0,0.0,0.0,0.0,0.0
7,17,44,0.0,0.0,0.0,0.0,0.0
7,17,45,0.0,0.0,0.0,0.0,0.0
7,17,46,0.0,0.0,0.0,0.0,0.0
7,17,47,0.0,0.0,0.0,0.0,0.0
7,17,48,0.0,0.0,0.0,0.0,0.0
7,18,1,0.0,0.0,0.0,0.0,0.0
7,18,2,0.0,0.0,0.0,0.0,0.0
7,18,3,0.0,0.0,0.0,0.0,0.0
7,18,4,0.0,0.0,0.0,0.0,0.0
7,18,5,0.0,0.0,0.0,0.0,0.0
7,18,6,0.0,0.0,0.0,0.0,0.0
7,18,7,0.0,0.0,0.0,0.0,0.0
7,18,8,0.0,0.0,0.0,0.0,0.0
7,18,9,0.0,0.0,0.0,0.0,0.0
7,18,10,0.0,0.0,0.0,0.0,0.0
7,18,11,0.0,0.0,0.0,0.0,0.0
7,18,12,0.0,0.0,0.0,0.0,0.0
7,18,13,0.0,0.0,0.0,0.0,0.0
7,18,14,0.0,0.0,0.0,0.0,0.0
7,18,15,0.271386054,0.246961309,0.261765418,0.270439098,0.252132451
7,18,16,0.271386054,0.263244472,0.251276347,0.285546164,0.254470097
7,18,17,0.656079932,0.708566327,0.743732211,0.646569397,0.681849597
7,18,18,0.656079932,0.67576233,0.605988229,0.671781237,0.587162639
7,18,19,0.671062925,0.637509779,0.641200625,0.643425198,0.713129595
7,18,20,0.671062925,0.671062925,0.71803733,0.721057113,0.730070327
7,18,21,0.66922619,0.7026875,0.624220729,0.678685702,0.702140282
7,18,22,0.66922619,0.7026875,0.624220729,0.691993265,0.665311602
7,18,23,0.662619048,0.642740477,0.717947739,0.7149019,0.698243336
7,18,24,0.662619048,0.642740477,0.587411786,0.637233008,0.619851058
7,18,25,0.653971088,0.712828486,0.628727804,0.651872277,0.681705411
7,18,26,0.653971088,0.673590221,0.637229428,0.635282338,0.70201973
7,18,27,0.662295918,0.702033673,0.702629739,0.640757392,0.643082722
7,18,28,0.662295918,0.715279591,0.647460489,0.62776116,0.610143346
7,18,29,0.671462585,0.644604082,0.59223,0.699708778,0.625921307
7,18,30,0.671462585,0.664747959,0.601294745,0.658751798,0.642573629
7,18,31,0.657346939,0.690214286,0.660305,0.649210079,0.637698313
7,18,32,0.657346939,0.716508164,0.652581174,0.668723971,0.727693267
7,18,33,0.48585034,0.480991837,0.468918456,0.478586877,0.516873828
7,18,34,0.48585034,0.490708843,0.532224755,0.512986539,0.459952784
7,18,35,0.036444728,0.036444728,0.038631412,0.040890985,0.04153223
7,18,36,0.036444728,0.038995859,0.03470267,0.033042977,0.039376214
7,18,37,0.0,0.0,0.0,0.0,0.0
7,18,38,0.0,0.0,0.0,0.0,0.0
7,18,39,0.0,0.0,0.0,0.0,0.0
7,18,40,0.0,0.0,0.0,0.0,0.0
7,18,41,0.0,0.0,0.0,0.0,0.0
7,18,42,0.0,0.0,0.0,0.0,0.0
7,18,43,0.0,0.0,0.0,0.0,0.0
7,18,44,0.0,0.0,0.0,0.0,0.0
7,18,45,0.0,0.0,0.0,0.0,0.0
7,18,46,0.0,0.0,0.0,0.0,0.0
7,18,47,0.0,0.0,0.0,0.0,0.0
7,18,48,0.0,0.0,0.0,0.0,0.0
7,19,1,0.0,0.0,0.0,0.0,0.0
7,19,2,0.0,0.0,0.0,0.0,0.0
7,19,3,0.0,0.0,0.0,0.0,0.0
7,19,4,0.0,0.0,0.0,0.0,0.0
7,19,5,0.0,0.0,0.0,0.0,0.0
7,19,6,0.0,0.0,0.0,0.0,0.0
7,19,7,0.0,0.0,0.0,0.0,0.0
7,19,8,0.0,0.0,0.0,0.0,0.0
7,19,9,0.0,0.0,0.0,0.0,0.0
7,19,10,0.0,0.0,0.0,0.0,0.0
7,19,11,0.0,0.0,0.0,0.0,0.0
7,19,12,0.0,0.0,0.0,0.0,0.0
7,19,13,0.0,0.0,0.0,0.0,0.0
7,19,14,0.0,0.0,0.0,0.0,0.0
7,19,15,0.265178571,0.273133928,0.274539375,0.262822106,0.263540125
7,19,16,0.265178571,0.251919642,0.268891071,0.241036714,0.269594325
7,19,17,0.642032313,0.667713606,0.6417755,0.624486854,0.605361944
7,19,18,0.642032313,0.680554252,0.674519148,0.685672961,0.684108562
7,19,19,0.661819728,0.708147109,0.719232589,0.661579818,0.660187019
7,19,20,0.661819728,0.622110544,0.597027577,0.645795528,0.581153277
7,19,21,0.66295068,0.603285119,0.652111436,0.601082134,0.642454489
7,19,22,0.66295068,0.702727721,0.635040456,0.666906286,0.620222846
7,19,23,0.656887755,0.683163265,0.676725765,0.605033036,0.675116029
7,19,24,0.656887755,0.709438775,0.676331633,0.680886054,0.640032891
7,19,25,0.650195578,0.617685799,0.646619502,0.619021951,0.696718778
7,19,26,0.650195578,0.604681888,0.564694859,0.606524108,0.618654591
7,19,27,0.659073129,0.718389711,0.64052022,0.6592078,0.682683669
7,19,28,0.659073129,0.66566386,0.675615865,0.660116442,0.665117324
7,19,29,0.666581633,0.639918368,0.692445,0.68630445,0.704877981
7,19,30,0.666581633,0.639918368,0.6467175,0.71617975,0.707390272
7,19,31,0.650722789,0.689766156,0.630029804,0.643702792,0.620877616
7,19,32,0.650722789,0.605172194,0.602829592,0.681532344,0.660466799
7,19,33,0.481828231,0.520374489,0.551211496,0.47638036,0.537895563
7,19,34,0.481828231,0.477009949,0.465036517,0.450893654,0.496813613
7,19,35,0.035920068,0.034124065,0.034321625,0.036180129,0.038650119
7,19,36,0.035920068,0.034842466,0.033258391,0.034326905,0.03285761
7,19,37,0.0,0.0,0.0,0.0,0.0
7,19,38,0.0,0.0,0.0,0.0,0.0
7,19,39,0.0,0.0,0.0,0.0,0.0
7,19,40,0.0,0.0,0.0,0.0,0.0
7,19,41,0.0,0.0,0.0,0.0,0.0
7,19,42,0.0,0.0,0.0,0.0,0.0
7,19,43,0.0,0.0,0.0,0.0,0.0
7,19,44,0.0,0.0,0.0,0.0,0.0
7,19,45,0.0,0.0,0.0,0.0,0.0
7,19,46,0.0,0.0,0.0,0.0,0.0
7,19,47,0.0,0.0,0.0,0.0,0.0
7,19,48,0.0,0.0,0.0,0.0,0.0
7,20,1,0.0,0.0,0.0,0.0,0.0
7,20,2,0.0,0.0,0.0,0.0,0.0
7,20,3,0.0,0.0,0.0,0.0,0.0
7,20,4,0.0,0.0,0.0,0.0,0.0
7,20,5,0.0,0.0,0.0,0.0,0.0
7,20,6,0.0,0.0,0.0,0.0,0.0
7,20,7,0.0,0.0,0.0,0.0,0.0
7,20,8,0.0,0.0,0.0,0.0,0.0
7,20,9,0.0,0.0,0.0,0.0,0.0
7,20,10,0.0,0.0,0.0,0.0,0.0
7,20,11,0.0,0.0,0.0,0.0,0.0
7,20,12,0.0,0.0,0.0,0.0,0.0
7,20,13,0.0,0.0,0.0,0.0,0.0
7,20,14,0.0,0.0,0.0,0.0,0.0
7,20,15,0.271309524,0.27944881,0.258856417,0.277967731,0.29364727
7,20,16,0.271309524,0.282161905,0.301641929,0.265085141,0.294052106
7,20,17,0.650459184,0.624440817,0.624701,0.595208314,0.592517212
7,20,18,0.650459184,0.702495919,0.635888898,0.66957748,0.618082994
7,20,19,0.666105442,0.652783333,0.699011051,0.726443937,0.6929468
7,20,20,0.666105442,0.666105442,0.599494898,0.61814585,0.631088279
7,20,21,0.66579932,0.632509354,0.59722199,0.657117297,0.619017131
7,20,22,0.66579932,0.599219388,0.619859167,0.615726772,0.631402673
7,20,23,0.659311224,0.632938775,0.67197,0.589266,0.695824934
7,20,24,0.659311224,0.613159438,0.610785918,0.58380954,0.61676653
7,20,25,0.650569728,0.663581123,0.650504671,0.609043212,0.636990436
7,20,26,0.650569728,0.650569728,0.618041242,0.678110513,0.688282171
7,20,27,0.656496599,0.617106803,0.662273769,0.64529239,0.703368706
7,20,28,0.656496599,0.722146259,0.758253572,0.740790762,0.74819867
7,20,29,0.665790816,0.68576454,0.729839892,0.652170511,0.635554039
7,20,30,0.665790816,0.625843367,0.697482459,0.629886937,0.615465841
7,20,31,0.651964286,0.710641072,0.660863599,0.667744756,0.652619325
7,20,32,0.651964286,0.5932875,0.616399634,0.601933959,0.652850126
7,20,33,0.488554422,0.444584524,0.429243915,0.494999106,0.473632402
7,20,34,0.488554422,0.43969898,0.454844167,0.451811872,0.454140087
7,20,35,0.037270408,0.035034184,0.035790773,0.033509563,0.033985183
7,20,36,0.037270408,0.040252041,0.036047939,0.039371068,0.039000071
7,20,37,0.0,0.0,0.0,0.0,0.0
7,20,38,0.0,0.0,0.0,0.0,0.0
7,20,39,0.0,0.0,0.0,0.0,0.0
7,20,40,0.0,0.0,0.0,0.0,0.0
7,20,41,0.0,0.0,0.0,0.0,0.0
7,20,42,0.0,0.0,0.0,0.0,0.0
7,20,43,0.0,0.0,0.0,0.0,0.0
7,20,44,0.0,0.0,0.0,0.0,0.0
7,20,45,0.0,0.0,0.0,0.0,0.0
7,20,46,0.0,0.0,0.0,0.0,0.0
7,20,47,0.0,0.0,0.0,0.0,0.0
7,20,48,0.0,0.0,0.0,0.0,0.0
7,21,1,0.0,0.0,0.0,0.0,0.0
7,21,2,0.0,0.0,0.0,0.0,0.0
7,21,3,0.0,0.0,0.0,0.0,0.0
7,21,4,0.0,0.0,0.0,0.0,0.0
7,21,5,0.0,0.0,0.0,0.0,0.0
7,21,6,0.0,0.0,0.0,0.0,0.0
7,21,7,0.0,0.0,0.0,0.0,0.0
7,21,8,0.0,0.0,0.0,0.0,0.0
7,21,9,0.0,0.0,0.0,0.0,0.0
7,21,10,0.0,0.0,0.0,0.0,0.0
7,21,11,0.0,0.0,0.0,0.0,0.0
7,21,12,0.0,0.0,0.0,0.0,0.0
7,21,13,0.0,0.0,0.0,0.0,0.0
7,21,14,0.0,0.0,0.0,0.0,0.0
7,21,15,0.268911565,0.255465987,0.235969898,0.268656099,0.234098307
7,21,16,0.268911565,0.263533334,0.276871347,0.26437664,0.244265132
7,21,17,0.653452381,0.653452381,0.627314286,0.599607905,0.690467845
7,21,18,0.653452381,0.640383333,0.582226071,0.669128704,0.668112503
7,21,19,0.663409864,0.72975085,0.675682946,0.627549244,0.660616262
7,21,20,0.663409864,0.676678061,0.676744402,0.631940796,0.609217818
7,21,21,0.663579932,0.603857738,0.684416342,0.618087104,0.648910132
7,21,22,0.663579932,0.603857738,0.589358517,0.6003641,0.559003965
7,21,23,0.656105442,0.662666496,0.718730706,0.611250793,0.602591407
7,21,24,0.656105442,0.669227551,0.669293161,0.651577877,0.602011417
7,21,25,0.647321429,0.6796875,0.643599331,0.617457255,0.705247853
7,21,26,0.647321429,0.595535715,0.621428572,0.677357143,0.629056608
7,21,27,0.65744898,0.637725511,0.68644248,0.607695871,0.621435082
7,21,28,0.65744898,0.66402347,0.627699414,0.656221194,0.670888712
7,21,29,0.665909864,0.73250085,0.762133839,0.741786963,0.754606194
7,21,30,0.665909864,0.725841752,0.640205743,0.704411884,0.738819696
7,21,31,0.65202381,0.697665477,0.66134775,0.616718025,0.604383664
7,21,32,0.65202381,0.625942858,0.587864667,0.67169928,0.691477093
7,21,33,0.488503401,0.468963265,0.478733333,0.43086,0.49943855
7,21,34,0.488503401,0.498273469,0.503256204,0.536411907,0.542074032
7,21,35,0.038232993,0.040526973,0.043317981,0.041506502,0.037215462
7,21,36,0.038232993,0.035556683,0.036156941,0.034083452,0.033126916
7,21,37,0.0,0.0,0.0,0.0,0.0
7,21,38,0.0,0.0,0.0,0.0,0.0
7,21,39,0.0,0.0,0.0,0.0,0.0
7,21,40,0.0,0.0,0.0,0.0,0.0
7,21,41,0.0,0.0,0.0,0.0,0.0
7,21,42,0.0,0.0,0.0,0.0,0.0
7,21,43,0.0,0.0,0.0,0.0,0.0
7,21,44,0.0,0.0,0.0,0.0,0.0
7,21,45,0.0,0.0,0.0,0.0,0.0
7,21,46,0.0,0.0,0.0,0.0,0.0
7,21,47,0.0,0.0,0.0,0.0,0.0
7,21,48,0.0,0.0,0.0,0.0,0.0
7,22,1,0.0,0.0,0.0,0.0,0.0
7,22,2,0.0,0.0,0.0,0.0,0.0
7,22,3,0.0,0.0,0.0,0.0,0.0
7,22,4,0.0,0.0,0.0,0.0,0.0
7,22,5,0.0,0.0,0.0,0.0,0.0
7,22,6,0.0,0.0,0.0,0.0,0.0
7,22,7,0.0,0.0,0.0,0.0,0.0
7,22,8,0.0,0.0,0.0,0.0,0.0
7,22,9,0.0,0.0,0.0,0.0,0.0
7,22,10,0.0,0.0,0.0,0.0,0.0
7,22,11,0.0,0.0,0.0,0.0,0.0
7,22,12,0.0,0.0,0.0,0.0,0.0
7,22,13,0.0,0.0,0.0,0.0,0.0
7,22,14,0.0,0.0,0.0,0.0,0.0
7,22,15,0.223163265,0.216468367,0.2154195,0.216166873,0.209092321
7,22,16,0.223163265,0.223163265,0.207541836,0.204878755,0.216833648
7,22,17,0.552882653,0.519709694,0.589925791,0.55971444,0.550002563
7,22,18,0.552882653,0.574997959,0.597776724,0.534953774,0.616016528
7,22,19,0.670119048,0.623210715,0.646664881,0.691931423,0.710620038
7,22,20,0.670119048,0.650015477,0.712872643,0.677669056,0.704775818
7,22,21,0.662091837,0.708438266,0.685265051,0.657854449,0.739469517
7,22,22,0.662091837,0.681954592,0.638422054,0.647606371,0.644368339
7,22,23,0.658095238,0.612028571,0.647763143,0.67765339,0.603463129
7,22,24,0.658095238,0.671257143,0.644735905,0.717252077,0.632464985
7,22,25,0.653154762,0.6858125,0.716347485,0.616594424,0.654617747
7,22,26,0.653154762,0.698875595,0.655734723,0.702717778,0.684396922
7,22,27,0.661326531,0.720845919,0.704907949,0.73047814,0.746653013
7,22,28,0.661326531,0.595193878,0.628260204,0.659673215,0.655196861
7,22,29,0.666785714,0.626778571,0.627378678,0.69794261,0.661268607
7,22,30,0.666785714,0.733464285,0.74913375,0.702132025,0.748522891
7,22,31,0.655603741,0.701496003,0.73961936,0.642993859,0.636983264
7,22,32,0.655603741,0.675271853,0.612202773,0.699508212,0.627614313
7,22,33,0.479064626,0.488645919,0.49837093,0.444711381,0.525468035
7,22,34,0.479064626,0.51259915,0.446248699,0.450545909,0.519326056
7,22,35,0.03955017,0.043109685,0.037196935,0.037155605,0.041608285
7,22,36,0.03955017,0.042318682,0.036840983,0.042735541,0.037132436
7,22,37,0.0,0.0,0.0,0.0,0.0
7,22,38,0.0,0.0,0.0,0.0,0.0
7,22,39,0.0,0.0,0.0,0.0,0.0
7,22,40,0.0,0.0,0.0,0.0,0.0
7,22,41,0.0,0.0,0.0,0.0,0.0
7,22,42,0.0,0.0,0.0,0.0,0.0
7,22,43,0.0,0.0,0.0,0.0,0.0
7,22,44,0.0,0.0,0.0,0.0,0.0
7,22,45,0.0,0.0,0.0,0.0,0.0
7,22,46,0.0,0.0,0.0,0.0,0.0
7,22,47,0.0,0.0,0.0,0.0,0.0
7,22,48,0.0,0.0,0.0,0.0,0.0
7,23,1,0.0,0.0,0.0,0.0,0.0
7,23,2,0.0,0.0,0.0,0.0,0.0
7,23,3,0.0,0.0,0.0,0.0,0.0
7,23,4,0.0,0.0,0.0,0.0,0.0
7,23,5,0.0,0.0,0.0,0.0,0.0
7,23,6,0.0,0.0,0.0,0.0,0.0
7,23,7,0.0,0.0,0.0,0.0,0.0
7,23,8,0.0,0.0,0.0,0.0,0.0
7,23,9,0.0,0.0,0.0,0.0,0.0
7,23,10,0.0,0.0,0.0,0.0,0.0
7,23,11,0.0,0.0,0.0,0.0,0.0
7,23,12,0.0,0.0,0.0,0.0,0.0
7,23,13,0.0,0.0,0.0,0.0,0.0
7,23,14,0.0,0.0,0.0,0.0,0.0
7,23,15,0.273401361,0.276135375,0.296749837,0.282095524,0.287737435
7,23,16,0.273401361,0.278869388,0.259567252,0.262494287,0.279326395
7,23,17,0.644889456,0.670685034,0.703832352,0.612553409,0.664569963
7,23,18,0.644889456,0.670685034,0.67094299,0.688659393,0.608602739
7,23,19,0.667270408,0.607216071,0.649988104,0.596587121,0.668081352
7,23,20,0.667270408,0.727324745,0.718216504,0.725398669,0.645692849
7,23,21,0.666045918,0.639404081,0.6396705,0.68727591,0.625194147
7,23,22,0.666045918,0.659385459,0.649461375,0.724127342,0.681502574
7,23,23,0.664302721,0.724089966,0.701138307,0.675615021,0.649809314
7,23,24,0.664302721,0.644373639,0.615077889,0.628426388,0.606142902
7,23,25,0.660637755,0.706882398,0.615384069,0.594871266,0.637999433
7,23,26,0.660637755,0.647425,0.667112005,0.724230745,0.661354349
7,23,27,0.669931973,0.629736055,0.610843973,0.662310827,0.668933935
7,23,28,0.669931973,0.703428572,0.631745851,0.701787238,0.737628515
7,23,29,0.677278912,0.724688436,0.736032858,0.734046737,0.746732205
7,23,30,0.677278912,0.629869388,0.712395824,0.713572257,0.628616768
7,23,31,0.661096939,0.720595664,0.663212449,0.729349468,0.707434903
7,23,32,0.661096939,0.700762755,0.674120549,0.678660081,0.665086879
7,23,33,0.498052721,0.478130612,0.458806167,0.473546535,0.434191948
7,23,34,0.498052721,0.473150085,0.514737487,0.500266565,0.501517232
7,23,35,0.038172619,0.03702744,0.040232032,0.036168722,0.040553218
7,23,36,0.038172619,0.04008125,0.04186582,0.043243088,0.040432287
7,23,37,0.0,0.0,0.0,0.0,0.0
7,23,38,0.0,0.0,0.0,0.0,0.0
7,23,39,0.0,0.0,0.0,0.0,0.0
7,23,40,0.0,0.0,0.0,0.0,0.0
7,23,41,0.0,0.0,0.0,0.0,0.0
7,23,42,0.0,0.0,0.0,0.0,0.0
7,23,43,0.0,0.0,0.0,0.0,0.0
7,23,44,0.0,0.0,0.0,0.0,0.0
7,23,45,0.0,0.0,0.0,0.0,0.0
7,23,46,0.0,0.0,0.0,0.0,0.0
7,23,47,0.0,0.0,0.0,0.0,0.0
7,23,48,0.0,0.0,0.0,0.0,0.0
7,24,1,0.0,0.0,0.0,0.0,0.0
7,24,2,0.0,0.0,0.0,0.0,0.0
7,24,3,0.0,0.0,0.0,0.0,0.0
7,24,4,0.0,0.0,0.0,0.0,0.0
7,24,5,0.0,0.0,0.0,0.0,0.0
7,24,6,0.0,0.0,0.0,0.0,0.0
7,24,7,0.0,0.0,0.0,0.0,0.0
7,24,8,0.0,0.0,0.0,0.0,0.0
7,24,9,0.0,0.0,0.0,0.0,0.0
7,24,10,0.0,0.0,0.0,0.0,0.0
7,24,11,0.0,0.0,0.0,0.0,0.0
7,24,12,0.0,0.0,0.0,0.0,0.0
7,24,13,0.0,0.0,0.0,0.0,0.0
7,24,14,0.0,0.0,0.0,0.0,0.0
7,24,15,0.289362245,0.292255867,0.282084785,0.302296014,0.308989711
7,24,16,0.289362245,0.289362245,0.27200051,0.2552175,0.298604475
7,24,17,0.658188776,0.638443113,0.58348435,0.664307738,0.674272354
7,24,18,0.658188776,0.651606888,0.667995789,0.619707989,0.629893615
7,24,19,0.679668367,0.61170153,0.6263144,0.626443537,0.674193876
7,24,20,0.679668367,0.632091581,0.603409576,0.619238146,0.576577745
7,24,21,0.671896259,0.645020409,0.645289167,0.621365181,0.665269537
7,24,22,0.671896259,0.645020409,0.5926125,0.611049334,0.623843179
7,24,23,0.665297619,0.671950595,0.608447937,0.590194499,0.652991843
7,24,24,0.665297619,0.725174405,0.681331292,0.72513116,0.664271938
7,24,25,0.661479592,0.68132398,0.731827947,0.684628401,0.758796478
7,24,26,0.661479592,0.595331633,0.565565051,0.637831697,0.651955113
7,24,27,0.671887755,0.63157449,0.710386923,0.731698531,0.700114663
7,24,28,0.671887755,0.665168877,0.628416617,0.720673525,0.711828895
7,24,29,0.67917517,0.71992568,0.643586391,0.748985322,0.649063871
7,24,30,0.67917517,0.706342177,0.65812074,0.742521838,0.689574581
7,24,31,0.666573129,0.626578741,0.691836251,0.635196199,0.602642393
7,24,32,0.666573129,0.606581547,0.630211565,0.596388089,0.56869411
7,24,33,0.505960884,0.475603231,0.534952443,0.490340354,0.541851366
7,24,34,0.505960884,0.511020493,0.523745409,0.508439839,0.553274989
7,24,35,0.043581633,0.044453266,0.040055879,0.044404803,0.047436285
7,24,36,0.043581633,0.040530919,0.045000215,0.043898341,0.043685305
7,24,37,0.0,0.0,0.0,0.0,0.0
7,24,38,0.0,0.0,0.0,0.0,0.0
7,24,39,0.0,0.0,0.0,0.0,0.0
7,24,40,0.0,0.0,0.0,0.0,0.0
7,24,41,0.0,0.0,0.0,0.0,0.0
7,24,42,0.0,0.0,0.0,0.0,0.0
7,24,43,0.0,0.0,0.0,0.0,0.0
7,24,44,0.0,0.0,0.0,0.0,0.0
7,24,45,0.0,0.0,0.0,0.0,0.0
7,24,46,0.0,0.0,0.0,0.0,0.0
7,24,47,0.0,0.0,0.0,0.0,0.0
7,24,48,0.0,0.0,0.0,0.0,0.0
7,25,1,0.0,0.0,0.0,0.0,0.0
7,25,2,0.0,0.0,0.0,0.0,0.0
7,25,3,0.0,0.0,0.0,0.0,0.0
7,25,4,0.0,0.0,0.0,0.0,0.0
7,25,5,0.0,0.0,0.0,0.0,0.0
7,25,6,0.0,0.0,0.0,0.0,0.0
7,25,7,0.0,0.0,0.0,0.0,0.0
7,25,8,0.0,0.0,0.0,0.0,0.0
7,25,9,0.0,0.0,0.0,0.0,0.0
7,25,10,0.0,0.0,0.0,0.0,0.0
7,25,11,0.0,0.0,0.0,0.0,0.0
7,25,12,0.0,0.0,0.0,0.0,0.0
7,25,13,0.0,0.0,0.0,0.0,0.0
7,25,14,0.0,0.0,0.0,0.0,0.0
7,25,15,0.298639456,0.304612245,0.280512041,0.324046705,0.304972138
7,25,16,0.298639456,0.30759864,0.324337381,0.335007172,0.303739836
7,25,17,0.675688776,0.641904337,0.69832435,0.638373863,0.643665647
7,25,18,0.675688776,0.72298699,0.762278293,0.691505299,0.670327949
7,25,19,0.691335034,0.649854932,0.663889033,0.614890893,0.589493226
7,25,20,0.691335034,0.760468537,0.682347679,0.761180612,0.709356306
7,25,21,0.68369898,0.670025,0.615944411,0.695949498,0.613092115
7,25,22,0.68369898,0.68369898,0.649514031,0.638688797,0.717012213
7,25,23,0.67914966,0.740273129,0.652934483,0.725325045,0.650461139
7,25,24,0.67914966,0.685941157,0.709847225,0.698562474,0.672573875
7,25,25,0.675977891,0.635419218,0.701597453,0.657578223,0.640937468
7,25,26,0.675977891,0.74357568,0.716874553,0.733506989,0.674434752
7,25,27,0.684430272,0.643364456,0.597507627,0.661020475,0.627183286
7,25,28,0.684430272,0.746028996,0.758143412,0.693057516,0.7276192
7,25,29,0.692032313,0.636669728,0.624489959,0.66408528,0.621603354
7,25,30,0.692032313,0.622829082,0.637707776,0.65085639,0.715942029
7,25,31,0.681352041,0.735860204,0.765294612,0.734777309,0.678268569
7,25,32,0.681352041,0.708606123,0.729728036,0.777218273,0.666288029
7,25,33,0.526828231,0.489950255,0.488053673,0.531707363,0.493860834
7,25,34,0.526828231,0.574242772,0.500987306,0.485957687,0.501123839
7,25,35,0.048465986,0.048465986,0.048465986,0.048950646,0.047615408
7,25,36,0.048465986,0.048465986,0.053312585,0.045073367,0.047364596
7,25,37,0.0,0.0,0.0,0.0,0.0
7,25,38,0.0,0.0,0.0,0.0,0.0
7,25,39,0.0,0.0,0.0,0.0,0.0
7,25,40,0.0,0.0,0.0,0.0,0.0
7,25,41,0.0,0.0,0.0,0.0,0.0
7,25,42,0.0,0.0,0.0,0.0,0.0
7,25,43,0.0,0.0,0.0,0.0,0.0
7,25,44,0.0,0.0,0.0,0.0,0.0
7,25,45,0.0,0.0,0.0,0.0,0.0
7,25,46,0.0,0.0,0.0,0.0,0.0
7,25,47,0.0,0.0,0.0,0.0,0.0
7,25,48,0.0,0.0,0.0,0.0,0.0
7,26,1,0.0,0.0,0.0,0.0,0.0
7,26,2,0.0,0.0,0.0,0.0,0.0
7,26,3,0.0,0.0,0.0,0.0,0.0
7,26,4,0.0,0.0,0.0,0.0,0.0
7,26,5,0.0,0.0,0.0,0.0,0.0
7,26,6,0.0,0.0,0.0,0.0,0.0
7,26,7,0.0,0.0,0.0,0.0,0.0
7,26,8,0.0,0.0,0.0,0.0,0.0
7,26,9,0.0,0.0,0.0,0.0,0.0
7,26,10,0.0,0.0,0.0,0.0,0.0
7,26,11,0.0,0.0,0.0,0.0,0.0
7,26,12,0.0,0.0,0.0,0.0,0.0
7,26,13,0.0,0.0,0.0,0.0,0.0
7,26,14,0.0,0.0,0.0,0.0,0.0
7,26,15,0.303596939,0.288417092,0.316727507,0.290797292,0.272895084
7,26,16,0.303596939,0.312704847,0.295824857,0.273637993,0.27865469
7,26,17,0.681258503,0.722134013,0.687662333,0.731869197,0.677501771
7,26,18,0.681258503,0.742571768,0.654961925,0.67214281,0.694611089
7,26,19,0.69630102,0.738079081,0.70284625,0.683912432,0.761707471
7,26,20,0.69630102,0.758968112,0.785845331,0.82174197,0.689142697
7,26,21,0.687984694,0.687984694,0.74302347,0.727520881,0.65469816
7,26,22,0.687984694,0.708624235,0.635457063,0.650261117,0.657170142
7,26,23,0.682729592,0.70321148,0.630603188,0.692346862,0.711083919
7,26,24,0.682729592,0.70321148,0.623673482,0.73685867,0.666019757
7,26,25,0.679234694,0.652065306,0.599085,0.701373217,0.657939554
7,26,26,0.679234694,0.747158163,0.6989325,0.729695039,0.670929793
7,26,27,0.686862245,0.652519133,0.676387596,0.73911529,0.62673617
7,26,28,0.686862245,0.714336735,0.70059949,0.665569515,0.643413057
7,26,29,0.696496599,0.689531633,0.713804539,0.699944257,0.650948159
7,26,30,0.696496599,0.668636735,0.662089667,0.68249841,0.704527567
7,26,31,0.685663265,0.733659694,0.702564864,0.693150022,0.774135407
7,26,32,0.685663265,0.740516326,0.784398775,0.795808212,0.706500846
7,26,33,0.533596939,0.538932908,0.530902274,0.545166921,0.542521258
7,26,34,0.533596939,0.496245153,0.509771836,0.564525107,0.541815801
7,26,35,0.05017602,0.05017602,0.055193622,0.04770067,0.051827815
7,26,36,0.05017602,0.047667219,0.045986322,0.05129921,0.048782193
7,26,37,0.0,0.0,0.0,0.0,0.0
7,26,38,0.0,0.0,0.0,0.0,0.0
7,26,39,0.0,0.0,0.0,0.0,0.0
7,26,40,0.0,0.0,0.0,0.0,0.0
7,26,41,0.0,0.0,0.0,0.0,0.0
7,26,42,0.0,0.0,0.0,0.0,0.0
7,26,43,0.0,0.0,0.0,0.0,0.0
7,26,44,0.0,0.0,0.0,0.0,0.0
7,26,45,0.0,0.0,0.0,0.0,0.0
7,26,46,0.0,0.0,0.0,0.0,0.0
7,26,47,0.0,0.0,0.0,0.0,0.0
7,26,48,0.0,0.0,0.0,0.0,0.0
7,27,1,0.0,0.0,0.0,0.0,0.0
7,27,2,0.0,0.0,0.0,0.0,0.0
7,27,3,0.0,0.0,0.0,0.0,0.0
7,27,4,0.0,0.0,0.0,0.0,0.0
7,27,5,0.0,0.0,0.0,0.0,0.0
7,27,6,0.0,0.0,0.0,0.0,0.0
7,27,7,0.0,0.0,0.0,0.0,0.0
7,27,8,0.0,0.0,0.0,0.0,0.0
7,27,9,0.0,0.0,0.0,0.0,0.0
7,27,10,0.0,0.0,0.0,0.0,0.0
7,27,11,0.0,0.0,0.0,0.0,0.0
7,27,12,0.0,0.0,0.0,0.0,0.0
7,27,13,0.0,0.0,0.0,0.0,0.0
7,27,14,0.0,0.0,0.0,0.0,0.0
7,27,15,0.296011905,0.3108125,0.300378081,0.329616903,0.287560508
7,27,16,0.296011905,0.3108125,0.300378081,0.296352812,0.318942154
7,27,17,0.658486395,0.684825851,0.732105174,0.622625226,0.647530235
7,27,18,0.658486395,0.638731803,0.622664735,0.601563319,0.611450716
7,27,19,0.680204082,0.646193878,0.729518878,0.6715995,0.709154248
7,27,20,0.680204082,0.707412245,0.700746245,0.654353606,0.733676578
7,27,21,0.676836735,0.737752041,0.679002613,0.704842434,0.62964761
7,27,22,0.676836735,0.737752041,0.643637893,0.72724009,0.654584688
7,27,23,0.675153061,0.66840153,0.685212842,0.737118834,0.719130429
7,27,24,0.675153061,0.715662245,0.723223959,0.711726552,0.642861723
7,27,25,0.669719388,0.703205357,0.70019162,0.635755685,0.731395454
7,27,26,0.669719388,0.736691327,0.745397679,0.71009677,0.779869157
7,27,27,0.67662415,0.67662415,0.683390392,0.624569199,0.632036874
7,27,28,0.67662415,0.730754082,0.640357096,0.703055796,0.687697781
7,27,29,0.683554422,0.642541157,0.603373488,0.675314173,0.657707768
7,27,30,0.683554422,0.663047789,0.713699172,0.679899457,0.68505021
7,27,31,0.676420068,0.744062075,0.752855536,0.652001304,0.671018008
7,27,32,0.676420068,0.608778061,0.661877037,0.687966559,0.678523244
7,27,33,0.516556122,0.490728316,0.488532952,0.453731275,0.482513295
7,27,34,0.516556122,0.568211734,0.493569375,0.520851286,0.556284957
7,27,35,0.050940476,0.056034524,0.051348,0.054885306,0.054901139
7,27,36,0.050940476,0.046355833,0.049134636,0.046857902,0.046872546
7,27,37,0.0,0.0,0.0,0.0,0.0
7,27,38,0.0,0.0,0.0,0.0,0.0
7,27,39,0.0,0.0,0.0,0.0,0.0
7,27,40,0.0,0.0,0.0,0.0,0.0
7,27,41,0.0,0.0,0.0,0.0,0.0
7,27,42,0.0,0.0,0.0,0.0,0.0
7,27,43,0.0,0.0,0.0,0.0,0.0
7,27,44,0.0,0.0,0.0,0.0,0.0
7,27,45,0.0,0.0,0.0,0.0,0.0
7,27,46,0.0,0.0,0.0,0.0,0.0
7,27,47,0.0,0.0,0.0,0.0,0.0
7,27,48,0.0,0.0,0.0,0.0,0.0
7,28,1,0.0,0.0,0.0,0.0,0.0
7,28,2,0.0,0.0,0.0,0.0,0.0
7,28,3,0.0,0.0,0.0,0.0,0.0
7,28,4,0.0,0.0,0.0,0.0,0.0
7,28,5,0.0,0.0,0.0,0.0,0.0
7,28,6,0.0,0.0,0.0,0.0,0.0
7,28,7,0.0,0.0,0.0,0.0,0.0
7,28,8,0.0,0.0,0.0,0.0,0.0
7,28,9,0.0,0.0,0.0,0.0,0.0
7,28,10,0.0,0.0,0.0,0.0,0.0
7,28,11,0.0,0.0,0.0,0.0,0.0
7,28,12,0.0,0.0,0.0,0.0,0.0
7,28,13,0.0,0.0,0.0,0.0,0.0
7,28,14,0.0,0.0,0.0,0.0,0.0
7,28,15,0.29420068,0.305968707,0.285080459,0.295083282,0.283279951
7,28,16,0.29420068,0.314794728,0.280137887,0.30230532,0.315731233
7,28,17,0.660595238,0.640777381,0.637672583,0.652811885,0.583167845
7,28,18,0.660595238,0.713442857,0.687019048,0.673278667,0.649404755
7,28,19,0.671692177,0.631390646,0.592902685,0.695194686,0.641317098
7,28,20,0.671692177,0.638107568,0.707291862,0.605127482,0.72111025
7,28,21,0.667746599,0.687778997,0.73876145,0.733000466,0.770435847
7,28,22,0.667746599,0.701133929,0.615996238,0.694706868,0.710089663
7,28,23,0.664566327,0.717731633,0.746440898,0.659909046,0.718076835
7,28,24,0.664566327,0.618046684,0.660545701,0.595902005,0.660155786
7,28,25,0.659115646,0.593204081,0.64494466,0.607124604,0.601053358
7,28,26,0.659115646,0.672297959,0.599136122,0.598470415,0.594319733
7,28,27,0.666173469,0.619541326,0.649285972,0.703050279,0.712273782
7,28,28,0.666173469,0.606217857,0.610747836,0.652821576,0.646669988
7,28,29,0.673537415,0.63312517,0.653331293,0.679464544,0.71925242
7,28,30,0.673537415,0.727420408,0.700478912,0.735502857,0.730511945
7,28,31,0.664158163,0.704007653,0.711446224,0.630815652,0.623398369
7,28,32,0.664158163,0.710649234,0.673655625,0.655508167,0.716552365
7,28,33,0.513630952,0.549585119,0.547556276,0.51007791,0.577931695
7,28,34,0.513630952,0.564994047,0.533919375,0.569765679,0.583767939
7,28,35,0.050477041,0.0494675,0.048972825,0.049639122,0.052617469
7,28,36,0.050477041,0.051991352,0.047135461,0.052860028,0.05112213
7,28,37,0.0,0.0,0.0,0.0,0.0
7,28,38,0.0,0.0,0.0,0.0,0.0
7,28,39,0.0,0.0,0.0,0.0,0.0
7,28,40,0.0,0.0,0.0,0.0,0.0
7,28,41,0.0,0.0,0.0,0.0,0.0
7,28,42,0.0,0.0,0.0,0.0,0.0
7,28,43,0.0,0.0,0.0,0.0,0.0
7,28,44,0.0,0.0,0.0,0.0,0.0
7,28,45,0.0,0.0,0.0,0.0,0.0
7,28,46,0.0,0.0,0.0,0.0,0.0
7,28,47,0.0,0.0,0.0,0.0,0.0
7,28,48,0.0,0.0,0.0,0.0,0.0
7,29,1,0.0,0.0,0.0,0.0,0.0
7,29,2,0.0,0.0,0.0,0.0,0.0
7,29,3,0.0,0.0,0.0,0.0,0.0
7,29,4,0.0,0.0,0.0,0.0,0.0
7,29,5,0.0,0.0,0.0,0.0,0.0
7,29,6,0.0,0.0,0.0,0.0,0.0
7,29,7,0.0,0.0,0.0,0.0,0.0
7,29,8,0.0,0.0,0.0,0.0,0.0
7,29,9,0.0,0.0,0.0,0.0,0.0
7,29,10,0.0,0.0,0.0,0.0,0.0
7,29,11,0.0,0.0,0.0,0.0,0.0
7,29,12,0.0,0.0,0.0,0.0,0.0
7,29,13,0.0,0.0,0.0,0.0,0.0
7,29,14,0.0,0.0,0.0,0.0,0.0
7,29,15,0.237908163,0.252182653,0.225441775,0.214659777,0.22789713
7,29,16,0.237908163,0.21887551,0.226107918,0.236735752,0.243701246
7,29,17,0.58962585,0.542455782,0.594342857,0.569720081,0.556815058
7,29,18,0.58962585,0.566040816,0.543163333,0.515311766,0.525858669
7,29,19,0.686377551,0.720696429,0.68946625,0.712823678,0.660200518
7,29,20,0.686377551,0.652058673,0.71606338,0.616349881,0.694420866
7,29,21,0.675926871,0.648889796,0.702152834,0.709439325,0.66357914
7,29,22,0.675926871,0.642130527,0.711750995,0.723964994,0.681558913
7,29,23,0.656258503,0.656258503,0.702196598,0.664855489,0.649795505
7,29,24,0.656258503,0.636570748,0.601165602,0.688151463,0.619715116
7,29,25,0.665705782,0.599135204,0.689338337,0.592767728,0.687675704
7,29,26,0.665705782,0.652391666,0.659048724,0.718363109,0.660399774
7,29,27,0.675127551,0.688630102,0.675060038,0.618441366,0.657671617
7,29,28,0.675127551,0.742640306,0.723061607,0.685065429,0.727667935
7,29,29,0.679132653,0.719880612,0.650541168,0.649025571,0.694884351
7,29,30,0.679132653,0.658758673,0.729150773,0.744135156,0.681710484
7,29,31,0.673741497,0.714165987,0.687014204,0.726222591,0.770314677
7,29,32,0.673741497,0.660266667,0.687014204,0.653463899,0.715425077
7,29,33,0.504736395,0.489594303,0.462363775,0.446719638,0.447302316
7,29,34,0.504736395,0.499689031,0.527323349,0.561641217,0.518114023
7,29,35,0.038276361,0.040572943,0.040213145,0.043656231,0.03823889
7,29,36,0.038276361,0.036745307,0.041261917,0.038761195,0.037985971
7,29,37,0.0,0.0,0.0,0.0,0.0
7,29,38,0.0,0.0,0.0,0.0,0.0
7,29,39,0.0,0.0,0.0,0.0,0.0
7,29,40,0.0,0.0,0.0,0.0,0.0
7,29,41,0.0,0.0,0.0,0.0,0.0
7,29,42,0.0,0.0,0.0,0.0,0.0
7,29,43,0.0,0.0,0.0,0.0,0.0
7,29,44,0.0,0.0,0.0,0.0,0.0
7,29,45,0.0,0.0,0.0,0.0,0.0
7,29,46,0.0,0.0,0.0,0.0,0.0
7,29,47,0.0,0.0,0.0,0.0,0.0
7,29,48,0.0,0.0,0.0,0.0,0.0
7,30,1,0.0,0.0,0.0,0.0,0.0
7,30,2,0.0,0.0,0.0,0.0,0.0
7,30,3,0.0,0.0,0.0,0.0,0.0
7,30,4,0.0,0.0,0.0,0.0,0.0
7,30,5,0.0,0.0,0.0,0.0,0.0
7,30,6,0.0,0.0,0.0,0.0,0.0
7,30,7,0.0,0.0,0.0,0.0,0.0
7,30,8,0.0,0.0,0.0,0.0,0.0
7,30,9,0.0,0.0,0.0,0.0,0.0
7,30,10,0.0,0.0,0.0,0.0,0.0
7,30,11,0.0,0.0,0.0,0.0,0.0
7,30,12,0.0,0.0,0.0,0.0,0.0
7,30,13,0.0,0.0,0.0,0.0,0.0
7,30,14,0.0,0.0,0.0,0.0,0.0
7,30,15,0.331794218,0.298614796,0.283684056,0.298603736,0.309237686
7,30,16,0.331794218,0.305250681,0.312152,0.332218915,0.34598227
7,30,17,0.717959184,0.689240817,0.745816,0.68896512,0.71049528
7,30,18,0.717959184,0.782575511,0.675240613,0.768773942,0.772944178
7,30,19,0.738443878,0.731059439,0.690666559,0.676853228,0.75890368
7,30,20,0.738443878,0.797519388,0.729582551,0.717422842,0.820316381
7,30,21,0.731921769,0.702644898,0.738801834,0.760678975,0.799527937
7,30,22,0.731921769,0.66604881,0.740924407,0.648798146,0.731769447
7,30,23,0.724642857,0.688410714,0.713592053,0.708881875,0.73723715
7,30,24,0.724642857,0.775367857,0.787505625,0.823505882,0.824420889
7,30,25,0.716615646,0.745280272,0.723638479,0.699371007,0.793348986
7,30,26,0.716615646,0.666452551,0.712280121,0.7473409,0.668031966
7,30,27,0.721743197,0.772265221,0.739534167,0.789185047,0.725454631
7,30,28,0.721743197,0.714525765,0.646321033,0.638660932,0.666706477
7,30,29,0.730085034,0.657076531,0.672773359,0.734710123,0.726607712
7,30,30,0.730085034,0.708182483,0.755090446,0.672629775,0.65917718
7,30,31,0.724268707,0.673569898,0.719886881,0.762381175,0.777628798
7,30,32,0.724268707,0.673569898,0.684940916,0.638719053,0.619140926
7,30,33,0.571326531,0.617032653,0.653597551,0.638545002,0.576716654
7,30,34,0.571326531,0.537046939,0.532019266,0.601477336,0.521234792
7,30,35,0.05989881,0.053908929,0.055196753,0.053518089,0.055630645
7,30,36,0.05989881,0.060497798,0.062004253,0.060192284,0.058222355
7,30,37,0.0,0.0,0.0,0.0,0.0
7,30,38,0.0,0.0,0.0,0.0,0.0
7,30,39,0.0,0.0,0.0,0.0,0.0
7,30,40,0.0,0.0,0.0,0.0,0.0
7,30,41,0.0,0.0,0.0,0.0,0.0
7,30,42,0.0,0.0,0.0,0.0,0.0
7,30,43,0.0,0.0,0.0,0.0,0.0
7,30,44,0.0,0.0,0.0,0.0,0.0
7,30,45,0.0,0.0,0.0,0.0,0.0
7,30,46,0.0,0.0,0.0,0.0,0.0
7,30,47,0.0,0.0,0.0,0.0,0.0
7,30,48,0.0,0.0,0.0,0.0,0.0
7,31,1,0.0,0.0,0.0,0.0,0.0
7,31,2,0.0,0.0,0.0,0.0,0.0
7,31,3,0.0,0.0,0.0,0.0,0.0
7,31,4,0.0,0.0,0.0,0.0,0.0
7,31,5,0.0,0.0,0.0,0.0,0.0
7,31,6,0.0,0.0,0.0,0.0,0.0
7,31,7,0.0,0.0,0.0,0.0,0.0
7,31,8,0.0,0.0,0.0,0.0,0.0
7,31,9,0.0,0.0,0.0,0.0,0.0
7,31,10,0.0,0.0,0.0,0.0,0.0
7,31,11,0.0,0.0,0.0,0.0,0.0
7,31,12,0.0,0.0,0.0,0.0,0.0
7,31,13,0.0,0.0,0.0,0.0,0.0
7,31,14,0.0,0.0,0.0,0.0,0.0
7,31,15,0.342823129,0.353107823,0.347965476,0.327087547,0.353028374
7,31,16,0.342823129,0.322253741,0.342514588,0.335863819,0.319070629
7,31,17,0.719659864,0.712463265,0.665937255,0.650398719,0.625274446
7,31,18,0.719659864,0.712463265,0.730382796,0.663168484,0.76293209
7,31,19,0.737159864,0.663443878,0.763329039,0.764589583,0.783379732
7,31,20,0.737159864,0.692930272,0.650691012,0.672785905,0.757230939
7,31,21,0.730433673,0.78156403,0.778678817,0.786465605,0.707742689
7,31,22,0.730433673,0.671998979,0.743289306,0.672326213,0.641105959
7,31,23,0.722312925,0.794544218,0.720507143,0.745788095,0.820366905
7,31,24,0.722312925,0.693420408,0.700788,0.656121613,0.693160737
7,31,25,0.713962585,0.706822959,0.646457423,0.6270637,0.6466336
7,31,26,0.713962585,0.721102211,0.681655778,0.677350584,0.670577078
7,31,27,0.718477891,0.66099966,0.703533551,0.763770737,0.690344596
7,31,28,0.718477891,0.704108333,0.732631905,0.768694466,0.760217275
7,31,29,0.727653061,0.698546939,0.656052,0.64549812,0.641021278
7,31,30,0.727653061,0.742206122,0.786374663,0.759598728,0.708720655
7,31,31,0.726284014,0.711758334,0.690260327,0.688151198,0.760442546
7,31,32,0.726284014,0.682706973,0.760855133,0.71604922,0.707044358
7,31,33,0.584158163,0.613366071,0.634687844,0.665703722,0.661947687
7,31,34,0.584158163,0.625049234,0.62274181,0.555691259,0.644662926
7,31,35,0.065127551,0.061871173,0.058419413,0.062424106,0.058242927
7,31,36,0.065127551,0.063825,0.07027914,0.071059303,0.070951386
7,31,37,0.0,0.0,0.0,0.0,0.0
7,31,38,0.0,0.0,0.0,0.0,0.0
7,31,39,0.0,0.0,0.0,0.0,0.0
7,31,40,0.0,0.0,0.0,0.0,0.0
7,31,41,0.0,0.0,0.0,0.0,0.0
7,31,42,0.0,0.0,0.0,0.0,0.0
7,31,43,0.0,0.0,0.0,0.0,0.0
7,31,44,0.0,0.0,0.0,0.0,0.0
7,31,45,0.0,0.0,0.0,0.0,0.0
7,31,46,0.0,0.0,0.0,0.0,0.0
7,31,47,0.0,0.0,0.0,0.0,0.0
7,31,48,0.0,0.0,0.0,0.0,0.0
8,1,1,0.0,0.0,0.0,0.0,0.0
8,1,2,0.0,0.0,0.0,0.0,0.0
8,1,3,0.0,0.0,0.0,0.0,0.0
8,1,4,0.0,0.0,0.0,0.0,0.0
8,1,5,0.0,0.0,0.0,0.0,0.0
8,1,6,0.0,0.0,0.0,0.0,0.0
8,1,7,0.0,0.0,0.0,0.0,0.0
8,1,8,0.0,0.0,0.0,0.0,0.0
8,1,9,0.0,0.0,0.0,0.0,0.0
8,1,10,0.0,0.0,0.0,0.0,0.0
8,1,11,0.0,0.0,0.0,0.0,0.0
8,1,12,0.0,0.0,0.0,0.0,0.0
8,1,13,0.0,0.0,0.0,0.0,0.0
8,1,14,0.0,0.0,0.0,0.0,0.0
8,1,15,0.351420068,0.36196267,0.370959024,0.383134089,0.377875032
8,1,16,0.351420068,0.333849065,0.339208221,0.324417829,0.337223795
8,1,17,0.730229592,0.715625,0.744615115,0.722855003,0.735614489
8,1,18,0.730229592,0.781345663,0.808692762,0.765688446,0.756059333
8,1,19,0.748511905,0.673660715,0.68975372,0.696935692,0.772437059
8,1,20,0.748511905,0.726056548,0.78152128,0.804672005,0.719279008
8,1,21,0.742984694,0.742984694,0.794993623,0.805940264,0.8488984
8,1,22,0.742984694,0.728125,0.809110332,0.691666741,0.780120276
8,1,23,0.737261905,0.663535715,0.707402798,0.688678803,0.636290023
8,1,24,0.737261905,0.722516667,0.773682643,0.692372977,0.768031475
8,1,25,0.730603741,0.78905204,0.83581068,0.714491493,0.744464804
8,1,26,0.730603741,0.796358078,0.717672055,0.755693404,0.712577728
8,1,27,0.737397959,0.71527602,0.71181025,0.771999375,0.704756065
8,1,28,0.737397959,0.744771939,0.785550046,0.725670382,0.778281485
8,1,29,0.748035714,0.725594643,0.788392241,0.678606779,0.676344757
8,1,30,0.748035714,0.755516071,0.729222616,0.811241366,0.715343705
8,1,31,0.745603741,0.700867517,0.730467985,0.769185199,0.684973933
8,1,32,0.745603741,0.671043367,0.764989438,0.741756426,0.723539761
8,1,33,0.596156463,0.590194898,0.652493249,0.570041829,0.566088313
8,1,34,0.596156463,0.602118028,0.605128618,0.661247806,0.640809238
8,1,35,0.066706633,0.064705434,0.067677215,0.061717677,0.059985601
8,1,36,0.066706633,0.062704235,0.060176054,0.064459553,0.069227664
8,1,37,0.0,0.0,0.0,0.0,0.0
8,1,38,0.0,0.0,0.0,0.0,0.0
8,1,39,0.0,0.0,0.0,0.0,0.0
8,1,40,0.0,0.0,0.0,0.0,0.0
8,1,41,0.0,0.0,0.0,0.0,0.0
8,1,42,0.0,0.0,0.0,0.0,0.0
8,1,43,0.0,0.0,0.0,0.0,0.0
8,1,44,0.0,0.0,0.0,0.0,0.0
8,1,45,0.0,0.0,0.0,0.0,0.0
8,1,46,0.0,0.0,0.0,0.0,0.0
8,1,47,0.0,0.0,0.0,0.0,0.0
8,1,48,0.0,0.0,0.0,0.0,0.0
8,2,1,0.0,0.0,0.0,0.0,0.0
8,2,2,0.0,0.0,0.0,0.0,0.0
8,2,3,0.0,0.0,0.0,0.0,0.0
8,2,4,0.0,0.0,0.0,0.0,0.0
8,2,5,0.0,0.0,0.0,0.0,0.0
8,2,6,0.0,0.0,0.0,0.0,0.0
8,2,7,0.0,0.0,0.0,0.0,0.0
8,2,8,0.0,0.0,0.0,0.0,0.0
8,2,9,0.0,0.0,0.0,0.0,0.0
8,2,10,0.0,0.0,0.0,0.0,0.0
8,2,11,0.0,0.0,0.0,0.0,0.0
8,2,12,0.0,0.0,0.0,0.0,0.0
8,2,13,0.0,0.0,0.0,0.0,0.0
8,2,14,0.0,0.0,0.0,0.0,0.0
8,2,15,0.351743197,0.383400085,0.349193059,0.361445447,0.33975872
8,2,16,0.351743197,0.327121173,0.363192438,0.36124636,0.33679276
8,2,17,0.733715986,0.675018707,0.648017959,0.658160849,0.733026645
8,2,18,0.733715986,0.748390306,0.785516335,0.823902888,0.711050868
8,2,19,0.75795068,0.7806892,0.715467544,0.781423907,0.751294005
8,2,20,0.75795068,0.689735119,0.78898876,0.775380514,0.737953493
8,2,21,0.752959184,0.790607143,0.841243648,0.715442993,0.697556918
8,2,22,0.752959184,0.722840817,0.789553,0.755117667,0.77022002
8,2,23,0.748333333,0.6735,0.725135,0.737125794,0.742654238
8,2,24,0.748333333,0.680983333,0.657485666,0.709512793,0.706069569
8,2,25,0.741241497,0.815365647,0.801652679,0.731060545,0.834116499
8,2,26,0.741241497,0.704179422,0.650439414,0.635744301,0.696559182
8,2,27,0.747227891,0.694921939,0.771550159,0.723141996,0.668131552
8,2,28,0.747227891,0.68744966,0.753205714,0.787637975,0.676931082
8,2,29,0.755518707,0.785739455,0.786041663,0.721462946,0.815544041
8,2,30,0.755518707,0.755518707,0.740408333,0.690443362,0.757536446
8,2,31,0.748511905,0.770967262,0.736947396,0.7220565,0.670158689
8,2,32,0.748511905,0.808392857,0.832944048,0.724920806,0.77090548
8,2,33,0.596352041,0.638096684,0.654257824,0.673638669,0.614962852
8,2,34,0.596352041,0.620206123,0.602196291,0.557751366,0.53471381
8,2,35,0.069289116,0.076218028,0.06620575,0.076922351,0.074323576
8,2,36,0.069289116,0.062360204,0.066482907,0.068685839,0.073374968
8,2,37,0.0,0.0,0.0,0.0,0.0
8,2,38,0.0,0.0,0.0,0.0,0.0
8,2,39,0.0,0.0,0.0,0.0,0.0
8,2,40,0.0,0.0,0.0,0.0,0.0
8,2,41,0.0,0.0,0.0,0.0,0.0
8,2,42,0.0,0.0,0.0,0.0,0.0
8,2,43,0.0,0.0,0.0,0.0,0.0
8,2,44,0.0,0.0,0.0,0.0,0.0
8,2,45,0.0,0.0,0.0,0.0,0.0
8,2,46,0.0,0.0,0.0,0.0,0.0
8,2,47,0.0,0.0,0.0,0.0,0.0
8,2,48,0.0,0.0,0.0,0.0,0.0
8,3,1,0.0,0.0,0.0,0.0,0.0
8,3,2,0.0,0.0,0.0,0.0,0.0
8,3,3,0.0,0.0,0.0,0.0,0.0
8,3,4,0.0,0.0,0.0,0.0,0.0
8,3,5,0.0,0.0,0.0,0.0,0.0
8,3,6,0.0,0.0,0.0,0.0,0.0
8,3,7,0.0,0.0,0.0,0.0,0.0
8,3,8,0.0,0.0,0.0,0.0,0.0
8,3,9,0.0,0.0,0.0,0.0,0.0
8,3,10,0.0,0.0,0.0,0.0,0.0
8,3,11,0.0,0.0,0.0,0.0,0.0
8,3,12,0.0,0.0,0.0,0.0,0.0
8,3,13,0.0,0.0,0.0,0.0,0.0
8,3,14,0.0,0.0,0.0,0.0,0.0
8,3,15,0.365085034,0.372386735,0.357673808,0.386951437,0.377934738
8,3,16,0.365085034,0.394291837,0.406266626,0.361349484,0.38938321
8,3,17,0.739141156,0.753923979,0.761463219,0.804115113,0.711134606
8,3,18,0.739141156,0.798272448,0.722584394,0.775932646,0.690674222
8,3,19,0.757210884,0.802643537,0.850120659,0.795291777,0.745224544
8,3,20,0.757210884,0.795071428,0.760618333,0.709289531,0.687548265
8,3,21,0.74880102,0.801217091,0.798259327,0.798414329,0.770939483
8,3,22,0.74880102,0.793729081,0.809828303,0.768437079,0.764594893
8,3,23,0.74207483,0.727233333,0.675881755,0.765117738,0.734852683
8,3,24,0.74207483,0.756916327,0.727010711,0.793940666,0.724786208
8,3,25,0.733996599,0.719316667,0.755722898,0.765799204,0.691649223
8,3,26,0.733996599,0.711976701,0.759135983,0.779138613,0.738601354
8,3,27,0.739931973,0.725133334,0.805785919,0.688824872,0.806511736
8,3,28,0.739931973,0.732532653,0.780406252,0.796014377,0.731732461
8,3,29,0.749404762,0.749404762,0.809357143,0.815552222,0.765311128
8,3,30,0.749404762,0.801863095,0.829928304,0.865167939,0.819706935
8,3,31,0.74380102,0.766115051,0.694561392,0.661343239,0.644809658
8,3,32,0.74380102,0.803305102,0.719404347,0.74039342,0.676553375
8,3,33,0.603452381,0.58534881,0.540904542,0.588099949,0.614218506
8,3,34,0.603452381,0.609486905,0.570081464,0.540849628,0.546109539
8,3,35,0.070522959,0.074049107,0.077346055,0.07841107,0.069075714
8,3,36,0.070522959,0.075459566,0.068611787,0.070816123,0.069925557
8,3,37,0.0,0.0,0.0,0.0,0.0
8,3,38,0.0,0.0,0.0,0.0,0.0
8,3,39,0.0,0.0,0.0,0.0,0.0
8,3,40,0.0,0.0,0.0,0.0,0.0
8,3,41,0.0,0.0,0.0,0.0,0.0
8,3,42,0.0,0.0,0.0,0.0,0.0
8,3,43,0.0,0.0,0.0,0.0,0.0
8,3,44,0.0,0.0,0.0,0.0,0.0
8,3,45,0.0,0.0,0.0,0.0,0.0
8,3,46,0.0,0.0,0.0,0.0,0.0
8,3,47,0.0,0.0,0.0,0.0,0.0
8,3,48,0.0,0.0,0.0,0.0,0.0
8,4,1,0.0,0.0,0.0,0.0,0.0
8,4,2,0.0,0.0,0.0,0.0,0.0
8,4,3,0.0,0.0,0.0,0.0,0.0
8,4,4,0.0,0.0,0.0,0.0,0.0
8,4,5,0.0,0.0,0.0,0.0,0.0
8,4,6,0.0,0.0,0.0,0.0,0.0
8,4,7,0.0,0.0,0.0,0.0,0.0
8,4,8,0.0,0.0,0.0,0.0,0.0
8,4,9,0.0,0.0,0.0,0.0,0.0
8,4,10,0.0,0.0,0.0,0.0,0.0
8,4,11,0.0,0.0,0.0,0.0,0.0
8,4,12,0.0,0.0,0.0,0.0,0.0
8,4,13,0.0,0.0,0.0,0.0,0.0
8,4,14,0.0,0.0,0.0,0.0,0.0
8,4,15,0.369608844,0.380697109,0.393910625,0.354707139,0.37098362
8,4,16,0.369608844,0.358520579,0.374986653,0.33828893,0.367558276
8,4,17,0.732465986,0.754439966,0.788060154,0.743155595,0.754530425
8,4,18,0.732465986,0.659219387,0.765426955,0.683085571,0.653245517
8,4,19,0.745272109,0.678197619,0.754438956,0.725969561,0.791306822
8,4,20,0.745272109,0.812346599,0.700928419,0.730263571,0.821922942
8,4,21,0.738596939,0.760754847,0.704695339,0.675907785,0.770387939
8,4,22,0.738596939,0.664737245,0.729733776,0.711022653,0.732353333
8,4,23,0.734693878,0.690612245,0.762538776,0.670939102,0.72184296
8,4,24,0.734693878,0.675918368,0.712359184,0.658121143,0.736989532
8,4,25,0.728333333,0.779316666,0.723672,0.68427208,0.692453594
8,4,26,0.728333333,0.6992,0.692353666,0.64303239,0.732173638
8,4,27,0.734846939,0.786286225,0.692115589,0.686107114,0.674100239
8,4,28,0.734846939,0.793634694,0.840664898,0.813406976,0.747900074
8,4,29,0.744532313,0.729641667,0.7591996,0.707234967,0.691043008
8,4,30,0.744532313,0.744532313,0.699860374,0.67856675,0.709704208
8,4,31,0.740323129,0.695903741,0.646302092,0.7358269,0.655267738
8,4,32,0.740323129,0.725516666,0.806211887,0.719483033,0.680574148
8,4,33,0.605187075,0.56282398,0.566485362,0.595510436,0.605801782
8,4,34,0.605187075,0.635446429,0.620316752,0.645129422,0.676641513
8,4,35,0.072195578,0.066419932,0.07623853,0.065888572,0.072291223
8,4,36,0.072195578,0.072917534,0.07836108,0.075981225,0.069623385
8,4,37,0.0,0.0,0.0,0.0,0.0
8,4,38,0.0,0.0,0.0,0.0,0.0
8,4,39,0.0,0.0,0.0,0.0,0.0
8,4,40,0.0,0.0,0.0,0.0,0.0
8,4,41,0.0,0.0,0.0,0.0,0.0
8,4,42,0.0,0.0,0.0,0.0,0.0
8,4,43,0.0,0.0,0.0,0.0,0.0
8,4,44,0.0,0.0,0.0,0.0,0.0
8,4,45,0.0,0.0,0.0,0.0,0.0
8,4,46,0.0,0.0,0.0,0.0,0.0
8,4,47,0.0,0.0,0.0,0.0,0.0
8,4,48,0.0,0.0,0.0,0.0,0.0
8,5,1,0.0,0.0,0.0,0.0,0.0
8,5,2,0.0,0.0,0.0,0.0,0.0
8,5,3,0.0,0.0,0.0,0.0,0.0
8,5,4,0.0,0.0,0.0,0.0,0.0
8,5,5,0.0,0.0,0.0,0.0,0.0
8,5,6,0.0,0.0,0.0,0.0,0.0
8,5,7,0.0,0.0,0.0,0.0,0.0
8,5,8,0.0,0.0,0.0,0.0,0.0
8,5,9,0.0,0.0,0.0,0.0,0.0
8,5,10,0.0,0.0,0.0,0.0,0.0
8,5,11,0.0,0.0,0.0,0.0,0.0
8,5,12,0.0,0.0,0.0,0.0,0.0
8,5,13,0.0,0.0,0.0,0.0,0.0
8,5,14,0.0,0.0,0.0,0.0,0.0
8,5,15,0.372678571,0.3391375,0.366585276,0.395413827,0.33897749
8,5,16,0.372678571,0.395039285,0.410729053,0.424240887,0.408685388
8,5,17,0.730365646,0.803402211,0.805228125,0.85763186,0.863089517
8,5,18,0.730365646,0.72306199,0.748515232,0.756000385,0.746880671
8,5,19,0.741836735,0.801183674,0.794655511,0.748056294,0.833147698
8,5,20,0.741836735,0.667653062,0.676555102,0.730115715,0.725161358
8,5,21,0.734659864,0.705273469,0.669569,0.724262468,0.687187964
8,5,22,0.734659864,0.690580272,0.669862864,0.663449283,0.717223594
8,5,23,0.73002551,0.671623469,0.65877502,0.74175264,0.742576809
8,5,24,0.73002551,0.766526786,0.688414056,0.750171781,0.78514945
8,5,25,0.723579932,0.795937925,0.790149286,0.8083835,0.82628342
8,5,26,0.723579932,0.687400935,0.684325721,0.628591976,0.708213627
8,5,27,0.729982993,0.722683163,0.769913063,0.792719921,0.708595298
8,5,28,0.729982993,0.802981292,0.7511525,0.822282043,0.815429692
8,5,29,0.73960034,0.798768367,0.692265918,0.803028465,0.720494984
8,5,30,0.73960034,0.798768367,0.846102789,0.770979117,0.7730854
8,5,31,0.736930272,0.663237245,0.700083758,0.721086271,0.670067667
8,5,32,0.736930272,0.707453061,0.787188917,0.721541694,0.664450637
8,5,33,0.606802721,0.594666667,0.636778775,0.674024326,0.621787441
8,5,34,0.606802721,0.649278911,0.690844898,0.700893551,0.64209637
8,5,35,0.074672619,0.076912798,0.078824417,0.06912295,0.074134364
8,5,36,0.074672619,0.073925893,0.078014219,0.081580583,0.084753161
8,5,37,0.0,0.0,0.0,0.0,0.0
8,5,38,0.0,0.0,0.0,0.0,0.0
8,5,39,0.0,0.0,0.0,0.0,0.0
8,5,40,0.0,0.0,0.0,0.0,0.0
8,5,41,0.0,0.0,0.0,0.0,0.0
8,5,42,0.0,0.0,0.0,0.0,0.0
8,5,43,0.0,0.0,0.0,0.0,0.0
8,5,44,0.0,0.0,0.0,0.0,0.0
8,5,45,0.0,0.0,0.0,0.0,0.0
8,5,46,0.0,0.0,0.0,0.0,0.0
8,5,47,0.0,0.0,0.0,0.0,0.0
8,5,48,0.0,0.0,0.0,0.0,0.0
8,6,1,0.0,0.0,0.0,0.0,0.0
8,6,2,0.0,0.0,0.0,0.0,0.0
8,6,3,0.0,0.0,0.0,0.0,0.0
8,6,4,0.0,0.0,0.0,0.0,0.0
8,6,5,0.0,0.0,0.0,0.0,0.0
8,6,6,0.0,0.0,0.0,0.0,0.0
8,6,7,0.0,0.0,0.0,0.0,0.0
8,6,8,0.0,0.0,0.0,0.0,0.0
8,6,9,0.0,0.0,0.0,0.0,0.0
8,6,10,0.0,0.0,0.0,0.0,0.0
8,6,11,0.0,0.0,0.0,0.0,0.0
8,6,12,0.0,0.0,0.0,0.0,0.0
8,6,13,0.000889966,0.000925565,0.000844222,0.000975243,0.000908749
8,6,14,0.000889966,0.000854367,0.000828558,0.000780444,0.000821567
8,6,15,0.378920068,0.363763265,0.386195333,0.349952387,0.384496074
8,6,16,0.378920068,0.341028061,0.38877199,0.365877639,0.357589956
8,6,17,0.731896259,0.724577296,0.691824939,0.787709448,0.675281827
8,6,18,0.731896259,0.666025596,0.67100249,0.710330692,0.729554447
8,6,19,0.742636054,0.735209693,0.687198273,0.7000309,0.709106043
8,6,20,0.742636054,0.779767857,0.738365897,0.798805332,0.696053344
8,6,21,0.736122449,0.78765102,0.716173531,0.78398145,0.771101755
8,6,22,0.736122449,0.714038776,0.659823357,0.647061938,0.703046863
8,6,23,0.730926871,0.745545408,0.804677392,0.767987056,0.693678606
8,6,24,0.730926871,0.67976199,0.761771985,0.75311976,0.658255636
8,6,25,0.724430272,0.753407483,0.798032388,0.781382082,0.764313056
8,6,26,0.724430272,0.775140391,0.742287478,0.79212321,0.788835151
8,6,27,0.731292517,0.797108844,0.771842687,0.743745575,0.738167484
8,6,28,0.731292517,0.658163265,0.659991497,0.710475057,0.758978642
8,6,29,0.737406463,0.685788011,0.683133347,0.702109274,0.659982717
8,6,30,0.737406463,0.693162075,0.658061528,0.668361621,0.654785526
8,6,31,0.736573129,0.788133248,0.838588507,0.835030859,0.831564693
8,6,32,0.736573129,0.766036054,0.811408959,0.725059018,0.691390054
8,6,33,0.60877551,0.645302041,0.664661102,0.613996369,0.696502131
8,6,34,0.60877551,0.58442449,0.62643,0.6186742,0.597384529
8,6,35,0.077171769,0.074856616,0.082095328,0.072578351,0.075908761
8,6,36,0.077171769,0.069454592,0.080644499,0.076514523,0.074427419
8,6,37,0.0,0.0,0.0,0.0,0.0
8,6,38,0.0,0.0,0.0,0.0,0.0
8,6,39,0.0,0.0,0.0,0.0,0.0
8,6,40,0.0,0.0,0.0,0.0,0.0
8,6,41,0.0,0.0,0.0,0.0,0.0
8,6,42,0.0,0.0,0.0,0.0,0.0
8,6,43,0.0,0.0,0.0,0.0,0.0
8,6,44,0.0,0.0,0.0,0.0,0.0
8,6,45,0.0,0.0,0.0,0.0,0.0
8,6,46,0.0,0.0,0.0,0.0,0.0
8,6,47,0.0,0.0,0.0,0.0,0.0
8,6,48,0.0,0.0,0.0,0.0,0.0
8,7,1,0.0,0.0,0.0,0.0,0.0
8,7,2,0.0,0.0,0.0,0.0,0.0
8,7,3,0.0,0.0,0.0,0.0,0.0
8,7,4,0.0,0.0,0.0,0.0,0.0
8,7,5,0.0,0.0,0.0,0.0,0.0
8,7,6,0.0,0.0,0.0,0.0,0.0
8,7,7,0.0,0.0,0.0,0.0,0.0
8,7,8,0.0,0.0,0.0,0.0,0.0
8,7,9,0.0,0.0,0.0,0.0,0.0
8,7,10,0.0,0.0,0.0,0.0,0.0
8,7,11,0.0,0.0,0.0,0.0,0.0
8,7,12,0.0,0.0,0.0,0.0,0.0
8,7,13,0.000711803,0.000697567,0.00076106,0.000723477,0.000766885
8,7,14,0.000711803,0.000740275,0.000798643,0.000727733,0.00075206
8,7,15,0.379404762,0.379404762,0.360434524,0.391735417,0.407964455
8,7,16,0.379404762,0.364228572,0.408998333,0.407263189,0.370475028
8,7,17,0.722210884,0.779987755,0.811187265,0.80197378,0.825570316
8,7,18,0.722210884,0.729432993,0.783887693,0.797339593,0.682396012
8,7,19,0.732993197,0.659693877,0.696343537,0.717233843,0.652456486
8,7,20,0.732993197,0.732993197,0.732993197,0.754982993,0.738490646
8,7,21,0.725433673,0.768959693,0.687420949,0.690907866,0.761271378
8,7,22,0.725433673,0.79797704,0.76932241,0.718389712,0.82805878
8,7,23,0.720306122,0.669884693,0.667291591,0.624102997,0.730732022
8,7,24,0.720306122,0.662681632,0.73298351,0.74764318,0.744539755
8,7,25,0.714617347,0.686032653,0.65130225,0.725023128,0.694243845
8,7,26,0.714617347,0.771786735,0.72090598,0.691623819,0.717486135
8,7,27,0.721190476,0.656283333,0.661187428,0.618393909,0.637693235
8,7,28,0.721190476,0.793309524,0.7345325,0.76467105,0.73835737
8,7,29,0.728171769,0.720890051,0.775248074,0.741436631,0.674707335
8,7,30,0.728171769,0.713608334,0.764143454,0.683836303,0.758561963
8,7,31,0.725034014,0.761285715,0.817475851,0.783290497,0.848948671
8,7,32,0.725034014,0.710533334,0.782384205,0.672778638,0.664867944
8,7,33,0.602066327,0.547880358,0.546224675,0.508851408,0.512667793
8,7,34,0.602066327,0.547880358,0.569223609,0.630362441,0.57563552
8,7,35,0.079483844,0.072330298,0.081979637,0.070138134,0.083581276
8,7,36,0.079483844,0.083458036,0.079841521,0.089020581,0.091246095
8,7,37,0.0,0.0,0.0,0.0,0.0
8,7,38,0.0,0.0,0.0,0.0,0.0
8,7,39,0.0,0.0,0.0,0.0,0.0
8,7,40,0.0,0.0,0.0,0.0,0.0
8,7,41,0.0,0.0,0.0,0.0,0.0
8,7,42,0.0,0.0,0.0,0.0,0.0
8,7,43,0.0,0.0,0.0,0.0,0.0
8,7,44,0.0,0.0,0.0,0.0,0.0
8,7,45,0.0,0.0,0.0,0.0,0.0
8,7,46,0.0,0.0,0.0,0.0,0.0
8,7,47,0.0,0.0,0.0,0.0,0.0
8,7,48,0.0,0.0,0.0,0.0,0.0
8,8,1,0.0,0.0,0.0,0.0,0.0
8,8,2,0.0,0.0,0.0,0.0,0.0
8,8,3,0.0,0.0,0.0,0.0,0.0
8,8,4,0.0,0.0,0.0,0.0,0.0
8,8,5,0.0,0.0,0.0,0.0,0.0
8,8,6,0.0,0.0,0.0,0.0,0.0
8,8,7,0.0,0.0,0.0,0.0,0.0
8,8,8,0.0,0.0,0.0,0.0,0.0
8,8,9,0.0,0.0,0.0,0.0,0.0
8,8,10,0.0,0.0,0.0,0.0,0.0
8,8,11,0.0,0.0,0.0,0.0,0.0
8,8,12,0.0,0.0,0.0,0.0,0.0
8,8,13,0.00078381,0.000815162,0.000863445,0.000829014,0.000880458
8,8,14,0.00078381,0.000815162,0.00087144,0.000807001,0.000753805
8,8,15,0.36167517,0.368908673,0.347027326,0.369979835,0.390849571
8,8,16,0.36167517,0.365291922,0.388927394,0.371964829,0.338487994
8,8,17,0.689829932,0.731219728,0.66789334,0.75201948,0.717343026
8,8,18,0.689829932,0.662236735,0.669273,0.660304291,0.65029866
8,8,19,0.702993197,0.632693877,0.627772925,0.634852066,0.630090676
8,8,20,0.702993197,0.674873469,0.626929333,0.6014388,0.612465178
8,8,21,0.69835034,0.768185374,0.777263928,0.792809207,0.690828513
8,8,22,0.69835034,0.649465816,0.707603482,0.637180088,0.612566438
8,8,23,0.697916667,0.6909375,0.74998125,0.734333493,0.711109305
8,8,24,0.697916667,0.635104167,0.646515104,0.626853047,0.638565301
8,8,25,0.695561224,0.667738775,0.6612005,0.735568514,0.752118806
8,8,26,0.695561224,0.639916326,0.620997061,0.652158204,0.632593458
8,8,27,0.705034014,0.761436735,0.681908898,0.73044908,0.777283756
8,8,28,0.705034014,0.648631293,0.68360098,0.726624976,0.670243631
8,8,29,0.710178571,0.724382142,0.710107553,0.650549374,0.677840278
8,8,30,0.710178571,0.717280357,0.706592169,0.654442336,0.683180891
8,8,31,0.701318027,0.708331207,0.690728125,0.770138365,0.72480522
8,8,32,0.701318027,0.736383928,0.65415439,0.760041139,0.641676934
8,8,33,0.582321429,0.628907143,0.587445858,0.647522795,0.562625362
8,8,34,0.582321429,0.535735715,0.536667429,0.595700846,0.6019888
8,8,35,0.074621599,0.074621599,0.071636735,0.072154111,0.070328171
8,8,36,0.074621599,0.069398087,0.078490729,0.080103749,0.079436218
8,8,37,0.0,0.0,0.0,0.0,0.0
8,8,38,0.0,0.0,0.0,0.0,0.0
8,8,39,0.0,0.0,0.0,0.0,0.0
8,8,40,0.0,0.0,0.0,0.0,0.0
8,8,41,0.0,0.0,0.0,0.0,0.0
8,8,42,0.0,0.0,0.0,0.0,0.0
8,8,43,0.0,0.0,0.0,0.0,0.0
8,8,44,0.0,0.0,0.0,0.0,0.0
8,8,45,0.0,0.0,0.0,0.0,0.0
8,8,46,0.0,0.0,0.0,0.0,0.0
8,8,47,0.0,0.0,0.0,0.0,0.0
8,8,48,0.0,0.0,0.0,0.0,0.0
8,9,1,0.0,0.0,0.0,0.0,0.0
8,9,2,0.0,0.0,0.0,0.0,0.0
8,9,3,0.0,0.0,0.0,0.0,0.0
8,9,4,0.0,0.0,0.0,0.0,0.0
8,9,5,0.0,0.0,0.0,0.0,0.0
8,9,6,0.0,0.0,0.0,0.0,0.0
8,9,7,0.0,0.0,0.0,0.0,0.0
8,9,8,0.0,0.0,0.0,0.0,0.0
8,9,9,0.0,0.0,0.0,0.0,0.0
8,9,10,0.0,0.0,0.0,0.0,0.0
8,9,11,0.0,0.0,0.0,0.0,0.0
8,9,12,0.0,0.0,0.0,0.0,0.0
8,9,13,0.001223554,0.001113434,0.001110069,0.00119498,0.001079274
8,9,14,0.001223554,0.001199083,0.00133245,0.001176594,0.001171274
8,9,15,0.359940476,0.359940476,0.341943452,0.371638541,0.372700366
8,9,16,0.359940476,0.323946428,0.348782321,0.375203152,0.327330328
8,9,17,0.693418367,0.748891836,0.649039592,0.725001262,0.767455663
8,9,18,0.693418367,0.67955,0.659024816,0.643464508,0.729062221
8,9,19,0.722712585,0.67934983,0.651959023,0.718907503,0.651638301
8,9,20,0.722712585,0.787756718,0.82320577,0.832344109,0.751929556
8,9,21,0.719812925,0.655029762,0.618679209,0.730958028,0.73560958
8,9,22,0.719812925,0.712614796,0.66607889,0.699502204,0.741472336
8,9,23,0.71672619,0.71672619,0.738227976,0.731132386,0.776502409
8,9,24,0.71672619,0.738227976,0.720202312,0.754054246,0.66639544
8,9,25,0.702278912,0.71632449,0.68802265,0.653054076,0.676121631
8,9,26,0.702278912,0.653119388,0.738692074,0.718971028,0.745461272
8,9,27,0.626794218,0.68947364,0.677877947,0.624832352,0.602364976
8,9,28,0.626794218,0.664401871,0.664965986,0.665095105,0.642208009
8,9,29,0.623945578,0.617706122,0.571159782,0.628441314,0.604210067
8,9,30,0.623945578,0.617706122,0.583576299,0.62057752,0.629794921
8,9,31,0.679455782,0.699839455,0.675854666,0.64394697,0.641035507
8,9,32,0.679455782,0.699839455,0.696544095,0.698865909,0.735296889
8,9,33,0.484744898,0.533219388,0.53443125,0.465718661,0.484347407
8,9,34,0.484744898,0.528371939,0.49642725,0.488085921,0.464448977
8,9,35,0.071702381,0.064532143,0.073566643,0.069933722,0.076927094
8,9,36,0.071702381,0.067400238,0.06746477,0.068855796,0.068167239
8,9,37,0.0,0.0,0.0,0.0,0.0
8,9,38,0.0,0.0,0.0,0.0,0.0
8,9,39,0.0,0.0,0.0,0.0,0.0
8,9,40,0.0,0.0,0.0,0.0,0.0
8,9,41,0.0,0.0,0.0,0.0,0.0
8,9,42,0.0,0.0,0.0,0.0,0.0
8,9,43,0.0,0.0,0.0,0.0,0.0
8,9,44,0.0,0.0,0.0,0.0,0.0
8,9,45,0.0,0.0,0.0,0.0,0.0
8,9,46,0.0,0.0,0.0,0.0,0.0
8,9,47,0.0,0.0,0.0,0.0,0.0
8,9,48,0.0,0.0,0.0,0.0,0.0
8,10,1,0.0,0.0,0.0,0.0,0.0
8,10,2,0.0,0.0,0.0,0.0,0.0
8,10,3,0.0,0.0,0.0,0.0,0.0
8,10,4,0.0,0.0,0.0,0.0,0.0
8,10,5,0.0,0.0,0.0,0.0,0.0
8,10,6,0.0,0.0,0.0,0.0,0.0
8,10,7,0.0,0.0,0.0,0.0,0.0
8,10,8,0.0,0.0,0.0,0.0,0.0
8,10,9,0.0,0.0,0.0,0.0,0.0
8,10,10,0.0,0.0,0.0,0.0,0.0
8,10,11,0.0,0.0,0.0,0.0,0.0
8,10,12,0.0,0.0,0.0,0.0,0.0
8,10,13,0.002217177,0.002283692,0.00222793,0.002175645,0.002092545
8,10,14,0.002217177,0.002084146,0.002365728,0.002333468,0.002340135
8,10,15,0.390629252,0.378910374,0.392465209,0.375714897,0.380585634
8,10,16,0.390629252,0.363285204,0.410883379,0.364969988,0.401564054
8,10,17,0.724234694,0.789415816,0.734120498,0.801704993,0.80048745
8,10,18,0.724234694,0.659053572,0.684727691,0.661765106,0.750689792
8,10,19,0.744294218,0.721965391,0.747792401,0.804438897,0.777261409
8,10,20,0.744294218,0.736851276,0.792412839,0.712381611,0.761414686
8,10,21,0.740841837,0.718616582,0.76621567,0.786404845,0.760549931
8,10,22,0.740841837,0.785292347,0.839373801,0.796387688,0.77466444
8,10,23,0.73417517,0.712149915,0.766552295,0.752378309,0.674595669
8,10,24,0.73417517,0.763542177,0.673972806,0.709418783,0.749088323
8,10,25,0.726343537,0.719080102,0.787755883,0.72950531,0.71104436
8,10,26,0.726343537,0.777187585,0.699141972,0.792962314,0.711463409
8,10,27,0.728945578,0.79455068,0.837922942,0.842239515,0.744850651
8,10,28,0.728945578,0.787261224,0.773265469,0.770788998,0.788017277
8,10,29,0.731870748,0.761145578,0.724112918,0.665138773,0.691744324
8,10,30,0.731870748,0.658683673,0.62574949,0.672101304,0.665380291
8,10,31,0.723112245,0.70865,0.773151612,0.749670712,0.731259681
8,10,32,0.723112245,0.665263265,0.666420245,0.636986684,0.686404522
8,10,33,0.605501701,0.58733665,0.596419175,0.626240134,0.64010688
8,10,34,0.605501701,0.617611735,0.67271239,0.619303103,0.691660455
8,10,35,0.082315476,0.08643125,0.078467227,0.085700837,0.07989955
8,10,36,0.082315476,0.079022857,0.083895933,0.089101783,0.088599053
8,10,37,0.0,0.0,0.0,0.0,0.0
8,10,38,0.0,0.0,0.0,0.0,0.0
8,10,39,0.0,0.0,0.0,0.0,0.0
8,10,40,0.0,0.0,0.0,0.0,0.0
8,10,41,0.0,0.0,0.0,0.0,0.0
8,10,42,0.0,0.0,0.0,0.0,0.0
8,10,43,0.0,0.0,0.0,0.0,0.0
8,10,44,0.0,0.0,0.0,0.0,0.0
8,10,45,0.0,0.0,0.0,0.0,0.0
8,10,46,0.0,0.0,0.0,0.0,0.0
8,10,47,0.0,0.0,0.0,0.0,0.0
8,10,48,0.0,0.0,0.0,0.0,0.0
8,11,1,0.0,0.0,0.0,0.0,0.0
8,11,2,0.0,0.0,0.0,0.0,0.0
8,11,3,0.0,0.0,0.0,0.0,0.0
8,11,4,0.0,0.0,0.0,0.0,0.0
8,11,5,0.0,0.0,0.0,0.0,0.0
8,11,6,0.0,0.0,0.0,0.0,0.0
8,11,7,0.0,0.0,0.0,0.0,0.0
8,11,8,0.0,0.0,0.0,0.0,0.0
8,11,9,0.0,0.0,0.0,0.0,0.0
8,11,10,0.0,0.0,0.0,0.0,0.0
8,11,11,0.0,0.0,0.0,0.0,0.0
8,11,12,0.0,0.0,0.0,0.0,0.0
8,11,13,0.003364456,0.00346539,0.00310758,0.003610598,0.003116045
8,11,14,0.003364456,0.003398101,0.003144589,0.003038191,0.003559968
8,11,15,0.398120748,0.41006437,0.416215336,0.41221482,0.384604589
8,11,16,0.398120748,0.370252296,0.368819061,0.367692114,0.372458844
8,11,17,0.721904762,0.707466667,0.771860572,0.70439424,0.682822166
8,11,18,0.721904762,0.656933333,0.627371333,0.628612288,0.592834886
8,11,19,0.740017007,0.710416327,0.783234,0.759446894,0.740795771
8,11,20,0.740017007,0.777017857,0.690250863,0.691616195,0.731972735
8,11,21,0.735331633,0.80151148,0.783789988,0.796750698,0.724791733
8,11,22,0.735331633,0.705918368,0.65576875,0.7269665,0.635396682
8,11,23,0.730552721,0.737858248,0.704837265,0.666462792,0.731225589
8,11,24,0.730552721,0.715941667,0.788339441,0.670450149,0.798953094
8,11,25,0.723554422,0.716318878,0.784730948,0.711873359,0.668048656
8,11,26,0.723554422,0.774203232,0.816277921,0.809912451,0.741937656
8,11,27,0.728095238,0.684409524,0.734502476,0.729982461,0.740824847
8,11,28,0.728095238,0.691690476,0.7453875,0.707289917,0.675028836
8,11,29,0.732806122,0.681509693,0.721301066,0.697634848,0.743728579
8,11,30,0.732806122,0.703493877,0.646335,0.7080959,0.739543688
8,11,31,0.722670068,0.679309864,0.693980066,0.747559066,0.646900587
8,11,32,0.722670068,0.766030272,0.714576163,0.807868051,0.760314
8,11,33,0.607091837,0.59495,0.582990291,0.595010709,0.55335996
8,11,34,0.607091837,0.649588266,0.61577325,0.674083207,0.655733164
8,11,35,0.08300085,0.090470927,0.093674759,0.089939334,0.096413185
8,11,36,0.08300085,0.082170842,0.089192713,0.083092372,0.083520552
8,11,37,0.0,0.0,0.0,0.0,0.0
8,11,38,0.0,0.0,0.0,0.0,0.0
8,11,39,0.0,0.0,0.0,0.0,0.0
8,11,40,0.0,0.0,0.0,0.0,0.0
8,11,41,0.0,0.0,0.0,0.0,0.0
8,11,42,0.0,0.0,0.0,0.0,0.0
8,11,43,0.0,0.0,0.0,0.0,0.0
8,11,44,0.0,0.0,0.0,0.0,0.0
8,11,45,0.0,0.0,0.0,0.0,0.0
8,11,46,0.0,0.0,0.0,0.0,0.0
8,11,47,0.0,0.0,0.0,0.0,0.0
8,11,48,0.0,0.0,0.0,0.0,0.0
8,12,1,0.0,0.0,0.0,0.0,0.0
8,12,2,0.0,0.0,0.0,0.0,0.0
8,12,3,0.0,0.0,0.0,0.0,0.0
8,12,4,0.0,0.0,0.0,0.0,0.0
8,12,5,0.0,0.0,0.0,0.0,0.0
8,12,6,0.0,0.0,0.0,0.0,0.0
8,12,7,0.0,0.0,0.0,0.0,0.0
8,12,8,0.0,0.0,0.0,0.0,0.0
8,12,9,0.0,0.0,0.0,0.0,0.0
8,12,10,0.0,0.0,0.0,0.0,0.0
8,12,11,0.0,0.0,0.0,0.0,0.0
8,12,12,0.0,0.0,0.0,0.0,0.0
8,12,13,0.003958503,0.004037673,0.004237973,0.004322733,0.00451175
8,12,14,0.003958503,0.004314768,0.0044262,0.004063831,0.004190826
8,12,15,0.401386054,0.381316751,0.391351403,0.407005459,0.422933461
8,12,16,0.401386054,0.429483078,0.423743257,0.376383717,0.403671536
8,12,17,0.714132653,0.742697959,0.699278694,0.718703102,0.689954978
8,12,18,0.714132653,0.742697959,0.779404377,0.678324614,0.706780704
8,12,19,0.72795068,0.786186734,0.817634204,0.769484634,0.798573485
8,12,20,0.72795068,0.713391666,0.655810768,0.706041548,0.721822626
8,12,21,0.72335034,0.737817347,0.781724712,0.71024926,0.701371144
8,12,22,0.72335034,0.716116837,0.683746909,0.679428507,0.7567135
8,12,23,0.72087585,0.692040816,0.65700625,0.74517225,0.689698316
8,12,24,0.72087585,0.756919643,0.724119791,0.80002922,0.705456958
8,12,25,0.716853741,0.695348129,0.670795888,0.701275912,0.723911154
8,12,26,0.716853741,0.673842517,0.744022498,0.711572918,0.640415627
8,12,27,0.726853741,0.654168367,0.704321275,0.729870184,0.731955527
8,12,28,0.726853741,0.690511054,0.772463813,0.802937156,0.703299955
8,12,29,0.732678571,0.783966071,0.690073312,0.691438292,0.775256796
8,12,30,0.732678571,0.747332142,0.710405142,0.686330302,0.791105193
8,12,31,0.723937075,0.760133929,0.675252307,0.654994738,0.738758488
8,12,32,0.723937075,0.77461267,0.756767621,0.721701557,0.714484542
8,12,33,0.609889456,0.597691667,0.63398009,0.650684962,0.585677851
8,12,34,0.609889456,0.567197194,0.606199625,0.570651608,0.629678384
8,12,35,0.085204082,0.079239796,0.082221939,0.087155255,0.088462584
8,12,36,0.085204082,0.080943878,0.090550638,0.082999213,0.084075208
8,12,37,0.0,0.0,0.0,0.0,0.0
8,12,38,0.0,0.0,0.0,0.0,0.0
8,12,39,0.0,0.0,0.0,0.0,0.0
8,12,40,0.0,0.0,0.0,0.0,0.0
8,12,41,0.0,0.0,0.0,0.0,0.0
8,12,42,0.0,0.0,0.0,0.0,0.0
8,12,43,0.0,0.0,0.0,0.0,0.0
8,12,44,0.0,0.0,0.0,0.0,0.0
8,12,45,0.0,0.0,0.0,0.0,0.0
8,12,46,0.0,0.0,0.0,0.0,0.0
8,12,47,0.0,0.0,0.0,0.0,0.0
8,12,48,0.0,0.0,0.0,0.0,0.0
8,13,1,0.0,0.0,0.0,0.0,0.0
8,13,2,0.0,0.0,0.0,0.0,0.0
8,13,3,0.0,0.0,0.0,0.0,0.0
8,13,4,0.0,0.0,0.0,0.0,0.0
8,13,5,0.0,0.0,0.0,0.0,0.0
8,13,6,0.0,0.0,0.0,0.0,0.0
8,13,7,0.0,0.0,0.0,0.0,0.0
8,13,8,0.0,0.0,0.0,0.0,0.0
8,13,9,0.0,0.0,0.0,0.0,0.0
8,13,10,0.0,0.0,0.0,0.0,0.0
8,13,11,0.0,0.0,0.0,0.0,0.0
8,13,12,0.0,0.0,0.0,0.0,0.0
8,13,13,0.005752381,0.006097524,0.005391707,0.005402372,0.006057266
8,13,14,0.005752381,0.006270095,0.00655225,0.00612966,0.006299618
8,13,15,0.412789116,0.396277551,0.36408,0.383227911,0.404657391
8,13,16,0.412789116,0.412789116,0.441684354,0.384402984,0.400528901
8,13,17,0.721896259,0.736334184,0.685368308,0.714532917,0.671660942
8,13,18,0.721896259,0.729115222,0.776291142,0.735009865,0.718360778
8,13,19,0.736887755,0.766363265,0.759141765,0.678717836,0.742630432
8,13,20,0.736887755,0.69267449,0.786259235,0.731221088,0.692555003
8,13,21,0.732423469,0.717775,0.754103204,0.690681191,0.723745716
8,13,22,0.732423469,0.717775,0.71059725,0.777886459,0.66120349
8,13,23,0.728052721,0.684369558,0.762708031,0.725043436,0.790297346
8,13,24,0.728052721,0.764455357,0.738791499,0.773517187,0.736180107
8,13,25,0.720816327,0.684775511,0.751991633,0.791113939,0.766661327
8,13,26,0.720816327,0.778481633,0.719663021,0.73965366,0.754446734
8,13,27,0.728937075,0.656043368,0.72018983,0.659620019,0.622077816
8,13,28,0.728937075,0.663332738,0.758787048,0.760040091,0.771440692
8,13,29,0.733818027,0.726479847,0.737450426,0.78386356,0.737948935
8,13,30,0.733818027,0.689788945,0.690449382,0.690591742,0.680127163
8,13,31,0.724039116,0.666115987,0.708979102,0.769682542,0.76740848
8,13,32,0.724039116,0.767481463,0.79796351,0.816582658,0.760986353
8,13,33,0.614234694,0.589665306,0.577872,0.54047084,0.528310246
8,13,34,0.614234694,0.638804082,0.595193418,0.63455972,0.676560797
8,13,35,0.089243197,0.098167517,0.089020089,0.099515089,0.090227014
8,13,36,0.089243197,0.082996173,0.088703276,0.083501647,0.081805519
8,13,37,0.0,0.0,0.0,0.0,0.0
8,13,38,0.0,0.0,0.0,0.0,0.0
8,13,39,0.0,0.0,0.0,0.0,0.0
8,13,40,0.0,0.0,0.0,0.0,0.0
8,13,41,0.0,0.0,0.0,0.0,0.0
8,13,42,0.0,0.0,0.0,0.0,0.0
8,13,43,0.0,0.0,0.0,0.0,0.0
8,13,44,0.0,0.0,0.0,0.0,0.0
8,13,45,0.0,0.0,0.0,0.0,0.0
8,13,46,0.0,0.0,0.0,0.0,0.0
8,13,47,0.0,0.0,0.0,0.0,0.0
8,13,48,0.0,0.0,0.0,0.0,0.0
8,14,1,0.0,0.0,0.0,0.0,0.0
8,14,2,0.0,0.0,0.0,0.0,0.0
8,14,3,0.0,0.0,0.0,0.0,0.0
8,14,4,0.0,0.0,0.0,0.0,0.0
8,14,5,0.0,0.0,0.0,0.0,0.0
8,14,6,0.0,0.0,0.0,0.0,0.0
8,14,7,0.0,0.0,0.0,0.0,0.0
8,14,8,0.0,0.0,0.0,0.0,0.0
8,14,9,0.0,0.0,0.0,0.0,0.0
8,14,10,0.0,0.0,0.0,0.0,0.0
8,14,11,0.0,0.0,0.0,0.0,0.0
8,14,12,0.0,0.0,0.0,0.0,0.0
8,14,13,0.006664201,0.006397633,0.00626968,0.006637153,0.006881697
8,14,14,0.006664201,0.006264349,0.006981417,0.007034855,0.007140378
8,14,15,0.416011905,0.382730953,0.439308572,0.441571676,0.390512372
8,14,16,0.416011905,0.449292857,0.393713667,0.407082625,0.383203243
8,14,17,0.723503401,0.774148639,0.711384719,0.76579941,0.743709042
8,14,18,0.723503401,0.759678571,0.756422806,0.791327021,0.772887609
8,14,19,0.731403061,0.789915306,0.836725102,0.817455069,0.746242156
8,14,20,0.731403061,0.709460969,0.785270896,0.727204076,0.694034666
8,14,21,0.730170068,0.766678571,0.696034617,0.760199529,0.708739869
8,14,22,0.730170068,0.75207517,0.815234881,0.842409377,0.722174584
8,14,23,0.727083333,0.654375,0.6631,0.736041,0.764664816
8,14,24,0.727083333,0.799791666,0.80924375,0.825428625,0.782482975
8,14,25,0.719719388,0.705325,0.741023082,0.75090339,0.729242715
8,14,26,0.719719388,0.734113776,0.770531577,0.763698561,0.732075509
8,14,27,0.726488095,0.682898809,0.746975059,0.740350941,0.789354266
8,14,28,0.726488095,0.741017857,0.785115684,0.720838924,0.735931489
8,14,29,0.732440476,0.717791666,0.739618393,0.693452669,0.728034059
8,14,30,0.732440476,0.703142857,0.66754625,0.673001466,0.645450469
8,14,31,0.723690476,0.687505952,0.719710178,0.66768407,0.664665286
8,14,32,0.723690476,0.665795238,0.625268571,0.725311543,0.698716786
8,14,33,0.617406463,0.617406463,0.555665817,0.620699297,0.566626839
8,14,34,0.617406463,0.574188011,0.631545071,0.650253104,0.64926557
8,14,35,0.087865646,0.089622959,0.080757315,0.078334596,0.079096421
8,14,36,0.087865646,0.083472364,0.090809145,0.086508561,0.079319175
8,14,37,0.0,0.0,0.0,0.0,0.0
8,14,38,0.0,0.0,0.0,0.0,0.0
8,14,39,0.0,0.0,0.0,0.0,0.0
8,14,40,0.0,0.0,0.0,0.0,0.0
8,14,41,0.0,0.0,0.0,0.0,0.0
8,14,42,0.0,0.0,0.0,0.0,0.0
8,14,43,0.0,0.0,0.0,0.0,0.0
8,14,44,0.0,0.0,0.0,0.0,0.0
8,14,45,0.0,0.0,0.0,0.0,0.0
8,14,46,0.0,0.0,0.0,0.0,0.0
8,14,47,0.0,0.0,0.0,0.0,0.0
8,14,48,0.0,0.0,0.0,0.0,0.0
8,15,1,0.0,0.0,0.0,0.0,0.0
8,15,2,0.0,0.0,0.0,0.0,0.0
8,15,3,0.0,0.0,0.0,0.0,0.0
8,15,4,0.0,0.0,0.0,0.0,0.0
8,15,5,0.0,0.0,0.0,0.0,0.0
8,15,6,0.0,0.0,0.0,0.0,0.0
8,15,7,0.0,0.0,0.0,0.0,0.0
8,15,8,0.0,0.0,0.0,0.0,0.0
8,15,9,0.0,0.0,0.0,0.0,0.0
8,15,10,0.0,0.0,0.0,0.0,0.0
8,15,11,0.0,0.0,0.0,0.0,0.0
8,15,12,0.0,0.0,0.0,0.0,0.0
8,15,13,0.008522109,0.00860733,0.008650367,0.00928073,0.008063923
8,15,14,0.008522109,0.008010782,0.008679768,0.007815924,0.007761717
8,15,15,0.411020408,0.42335102,0.392154571,0.3679578,0.378689902
8,15,16,0.411020408,0.4028,0.41911751,0.439747857,0.459988588
8,15,17,0.711011905,0.775002976,0.795017962,0.752740838,0.834287762
8,15,18,0.711011905,0.725232143,0.682215923,0.642599525,0.669556928
8,15,19,0.723001701,0.759151786,0.726255209,0.750858957,0.76940959
8,15,20,0.723001701,0.788071854,0.831090455,0.81195019,0.764872694
8,15,21,0.721862245,0.76517398,0.802999561,0.687010736,0.736819014
8,15,22,0.721862245,0.707425,0.750375804,0.712023263,0.744609225
8,15,23,0.719039116,0.740610289,0.73712295,0.790838048,0.724495523
8,15,24,0.719039116,0.726229507,0.758766027,0.800799256,0.736184307
8,15,25,0.713197279,0.656141497,0.650435918,0.693455978,0.698656898
8,15,26,0.713197279,0.649009524,0.674292367,0.651679735,0.604840254
8,15,27,0.720263605,0.727466241,0.65871708,0.737256424,0.675379546
8,15,28,0.720263605,0.727466241,0.75281952,0.696840633,0.789538775
8,15,29,0.722678571,0.664864285,0.756210857,0.778897182,0.657596451
8,15,30,0.722678571,0.787719642,0.770303089,0.760233767,0.790643118
8,15,31,0.710493197,0.703388265,0.714010138,0.737669088,0.680570664
8,15,32,0.710493197,0.660758673,0.747332269,0.656761083,0.693836306
8,15,33,0.60625,0.6365625,0.565479688,0.657012828,0.554693629
8,15,34,0.60625,0.55775,0.58782,0.5313854,0.627881485
8,15,35,0.088664966,0.081571769,0.087671918,0.087688942,0.090719369
8,15,36,0.088664966,0.094871514,0.083509098,0.086344737,0.087464103
8,15,37,0.0,0.0,0.0,0.0,0.0
8,15,38,0.0,0.0,0.0,0.0,0.0
8,15,39,0.0,0.0,0.0,0.0,0.0
8,15,40,0.0,0.0,0.0,0.0,0.0
8,15,41,0.0,0.0,0.0,0.0,0.0
8,15,42,0.0,0.0,0.0,0.0,0.0
8,15,43,0.0,0.0,0.0,0.0,0.0
8,15,44,0.0,0.0,0.0,0.0,0.0
8,15,45,0.0,0.0,0.0,0.0,0.0
8,15,46,0.0,0.0,0.0,0.0,0.0
8,15,47,0.0,0.0,0.0,0.0,0.0
8,15,48,0.0,0.0,0.0,0.0,0.0
8,16,1,0.0,0.0,0.0,0.0,0.0
8,16,2,0.0,0.0,0.0,0.0,0.0
8,16,3,0.0,0.0,0.0,0.0,0.0
8,16,4,0.0,0.0,0.0,0.0,0.0
8,16,5,0.0,0.0,0.0,0.0,0.0
8,16,6,0.0,0.0,0.0,0.0,0.0
8,16,7,0.0,0.0,0.0,0.0,0.0
8,16,8,0.0,0.0,0.0,0.0,0.0
8,16,9,0.0,0.0,0.0,0.0,0.0
8,16,10,0.0,0.0,0.0,0.0,0.0
8,16,11,0.0,0.0,0.0,0.0,0.0
8,16,12,0.0,0.0,0.0,0.0,0.0
8,16,13,0.008814626,0.008638333,0.007941097,0.009226507,0.008308935
8,16,14,0.008814626,0.009343504,0.009351437,0.00953665,0.008798476
8,16,15,0.411011905,0.419232143,0.386063482,0.433816353,0.437282829
8,16,16,0.411011905,0.443892857,0.453099524,0.409841343,0.455229092
8,16,17,0.722108844,0.657119048,0.710302364,0.724370489,0.731614194
8,16,18,0.722108844,0.779877552,0.781032926,0.76100644,0.799056762
8,16,19,0.73372449,0.777747959,0.717949413,0.70598359,0.777882445
8,16,20,0.73372449,0.755736225,0.752177661,0.747212792,0.75468492
8,16,21,0.734634354,0.756673385,0.79784964,0.839357706,0.719558469
8,16,22,0.734634354,0.668517262,0.638433985,0.70094439,0.754195748
8,16,23,0.730042517,0.788445918,0.706097122,0.711867378,0.78550116
8,16,24,0.730042517,0.722742092,0.711864458,0.735980683,0.725157437
8,16,25,0.719676871,0.719676871,0.654905953,0.684124834,0.750163823
8,16,26,0.719676871,0.741267177,0.723167304,0.764438973,0.751880333
8,16,27,0.722780612,0.795058673,0.82722241,0.750419743,0.781609063
8,16,28,0.722780612,0.708325,0.708397278,0.656114219,0.733849491
8,16,29,0.721241497,0.685179422,0.668049937,0.691490285,0.760639314
8,16,30,0.721241497,0.721241497,0.677967007,0.7421575,0.729964913
8,16,31,0.705969388,0.713029082,0.716594227,0.711864232,0.662033736
8,16,32,0.705969388,0.677730612,0.650339,0.678013,0.65089248
8,16,33,0.607312925,0.631605442,0.582291632,0.546363,0.621487912
8,16,34,0.607312925,0.655897959,0.650553605,0.631542281,0.655416493
8,16,35,0.08787415,0.086995409,0.08306304,0.085117758,0.08147446
8,16,36,0.08787415,0.084359184,0.089561334,0.092500783,0.082373692
8,16,37,0.0,0.0,0.0,0.0,0.0
8,16,38,0.0,0.0,0.0,0.0,0.0
8,16,39,0.0,0.0,0.0,0.0,0.0
8,16,40,0.0,0.0,0.0,0.0,0.0
8,16,41,0.0,0.0,0.0,0.0,0.0
8,16,42,0.0,0.0,0.0,0.0,0.0
8,16,43,0.0,0.0,0.0,0.0,0.0
8,16,44,0.0,0.0,0.0,0.0,0.0
8,16,45,0.0,0.0,0.0,0.0,0.0
8,16,46,0.0,0.0,0.0,0.0,0.0
8,16,47,0.0,0.0,0.0,0.0,0.0
8,16,48,0.0,0.0,0.0,0.0,0.0
8,17,1,0.0,0.0,0.0,0.0,0.0
8,17,2,0.0,0.0,0.0,0.0,0.0
8,17,3,0.0,0.0,0.0,0.0,0.0
8,17,4,0.0,0.0,0.0,0.0,0.0
8,17,5,0.0,0.0,0.0,0.0,0.0
8,17,6,0.0,0.0,0.0,0.0,0.0
8,17,7,0.0,0.0,0.0,0.0,0.0
8,17,8,0.0,0.0,0.0,0.0,0.0
8,17,9,0.0,0.0,0.0,0.0,0.0
8,17,10,0.0,0.0,0.0,0.0,0.0
8,17,11,0.0,0.0,0.0,0.0,0.0
8,17,12,0.0,0.0,0.0,0.0,0.0
8,17,13,0.010129252,0.01043313,0.010178379,0.010041982,0.009685901
8,17,14,0.010129252,0.009622789,0.00948098,0.00886735,0.010382351
8,17,15,0.430646259,0.439259184,0.434952722,0.408855558,0.471271274
8,17,16,0.430646259,0.430646259,0.46509796,0.442130159,0.486343175
8,17,17,0.731020408,0.672538775,0.694761796,0.68545152,0.730740281
8,17,18,0.731020408,0.789502041,0.699440326,0.695588336,0.794487678
8,17,19,0.745705782,0.82027636,0.743841518,0.823837105,0.830420103
8,17,20,0.745705782,0.715877551,0.781947083,0.680537559,0.665225464
8,17,21,0.746785714,0.746785714,0.769189285,0.701455821,0.741054134
8,17,22,0.746785714,0.716914285,0.7977165,0.806571885,0.820686893
8,17,23,0.742848639,0.757705612,0.825304838,0.721016317,0.776953229
8,17,24,0.742848639,0.675992261,0.744891473,0.771731213,0.689833943
8,17,25,0.734421769,0.785831293,0.714518939,0.69277932,0.746525587
8,17,26,0.734421769,0.749110204,0.771436626,0.71407339,0.801641337
8,17,27,0.738962585,0.753741837,0.783669821,0.736027672,0.760631484
8,17,28,0.738962585,0.738962585,0.746352211,0.808154115,0.78085111
8,17,29,0.739464286,0.732069643,0.706336286,0.660620632,0.773488756
8,17,30,0.739464286,0.746858929,0.75802484,0.785521819,0.818064866
8,17,31,0.725731293,0.732988606,0.787708745,0.808714312,0.73323431
8,17,32,0.725731293,0.798304422,0.762017858,0.723916965,0.790117266
8,17,33,0.621947279,0.621947279,0.603288861,0.664986031,0.584079397
8,17,34,0.621947279,0.659264116,0.582951185,0.683526279,0.636922215
8,17,35,0.094506803,0.091671599,0.087503849,0.089402869,0.095309844
8,17,36,0.094506803,0.086946259,0.093448327,0.09438281,0.100629944
8,17,37,0.0,0.0,0.0,0.0,0.0
8,17,38,0.0,0.0,0.0,0.0,0.0
8,17,39,0.0,0.0,0.0,0.0,0.0
8,17,40,0.0,0.0,0.0,0.0,0.0
8,17,41,0.0,0.0,0.0,0.0,0.0
8,17,42,0.0,0.0,0.0,0.0,0.0
8,17,43,0.0,0.0,0.0,0.0,0.0
8,17,44,0.0,0.0,0.0,0.0,0.0
8,17,45,0.0,0.0,0.0,0.0,0.0
8,17,46,0.0,0.0,0.0,0.0,0.0
8,17,47,0.0,0.0,0.0,0.0,0.0
8,17,48,0.0,0.0,0.0,0.0,0.0
8,18,1,0.0,0.0,0.0,0.0,0.0
8,18,2,0.0,0.0,0.0,0.0,0.0
8,18,3,0.0,0.0,0.0,0.0,0.0
8,18,4,0.0,0.0,0.0,0.0,0.0
8,18,5,0.0,0.0,0.0,0.0,0.0
8,18,6,0.0,0.0,0.0,0.0,0.0
8,18,7,0.0,0.0,0.0,0.0,0.0
8,18,8,0.0,0.0,0.0,0.0,0.0
8,18,9,0.0,0.0,0.0,0.0,0.0
8,18,10,0.0,0.0,0.0,0.0,0.0
8,18,11,0.0,0.0,0.0,0.0,0.0
8,18,12,0.0,0.0,0.0,0.0,0.0
8,18,13,0.012738095,0.012865476,0.013185839,0.013576293,0.013876911
8,18,14,0.012738095,0.013629762,0.013315768,0.014021547,0.012754978
8,18,15,0.433767007,0.451117687,0.442442347,0.455715618,0.432387845
8,18,16,0.433767007,0.472806038,0.475950848,0.47927495,0.451486219
8,18,17,0.718996599,0.776516327,0.672980817,0.78788606,0.75387685
8,18,18,0.718996599,0.754946429,0.722232084,0.695455452,0.730136717
8,18,19,0.733528912,0.689517177,0.704407814,0.744608866,0.739556163
8,18,20,0.733528912,0.777540647,0.778200823,0.71730472,0.683995835
8,18,21,0.735017007,0.771767857,0.760926356,0.801257965,0.69819049
8,18,22,0.735017007,0.712966497,0.666072412,0.76106013,0.66127669
8,18,23,0.732712585,0.769348214,0.743520096,0.688644808,0.68954304
8,18,24,0.732712585,0.805983844,0.692413393,0.743703274,0.728829208
8,18,25,0.725884354,0.682331293,0.774518606,0.654820276,0.773233609
8,18,26,0.725884354,0.711366667,0.668321725,0.708876158,0.682503859
8,18,27,0.733690476,0.741027381,0.700490982,0.681565436,0.714193569
8,18,28,0.733690476,0.75570119,0.781930625,0.802533876,0.829941165
8,18,29,0.734710884,0.749405102,0.682693353,0.671710895,0.702533758
8,18,30,0.734710884,0.668586904,0.687615916,0.676062098,0.657156753
8,18,31,0.720518707,0.778160204,0.816780006,0.794974228,0.754280038
8,18,32,0.720518707,0.648466836,0.650268133,0.639430331,0.651377582
8,18,33,0.628010204,0.659410714,0.624399145,0.630900621,0.603896163
8,18,34,0.628010204,0.64685051,0.675676178,0.630673595,0.619490517
8,18,35,0.094583333,0.087016666,0.088984,0.090194666,0.095606346
8,18,36,0.094583333,0.089854166,0.100518437,0.097834872,0.103353518
8,18,37,0.0,0.0,0.0,0.0,0.0
8,18,38,0.0,0.0,0.0,0.0,0.0
8,18,39,0.0,0.0,0.0,0.0,0.0
8,18,40,0.0,0.0,0.0,0.0,0.0
8,18,41,0.0,0.0,0.0,0.0,0.0
8,18,42,0.0,0.0,0.0,0.0,0.0
8,18,43,0.0,0.0,0.0,0.0,0.0
8,18,44,0.0,0.0,0.0,0.0,0.0
8,18,45,0.0,0.0,0.0,0.0,0.0
8,18,46,0.0,0.0,0.0,0.0,0.0
8,18,47,0.0,0.0,0.0,0.0,0.0
8,18,48,0.0,0.0,0.0,0.0,0.0
8,19,1,0.0,0.0,0.0,0.0,0.0
8,19,2,0.0,0.0,0.0,0.0,0.0
8,19,3,0.0,0.0,0.0,0.0,0.0
8,19,4,0.0,0.0,0.0,0.0,0.0
8,19,5,0.0,0.0,0.0,0.0,0.0
8,19,6,0.0,0.0,0.0,0.0,0.0
8,19,7,0.0,0.0,0.0,0.0,0.0
8,19,8,0.0,0.0,0.0,0.0,0.0
8,19,9,0.0,0.0,0.0,0.0,0.0
8,19,10,0.0,0.0,0.0,0.0,0.0
8,19,11,0.0,0.0,0.0,0.0,0.0
8,19,12,0.0,0.0,0.0,0.0,0.0
8,19,13,0.01369898,0.014383929,0.013339382,0.014359727,0.014782235
8,19,14,0.01369898,0.012603062,0.014466123,0.012366343,0.014080645
8,19,15,0.429183673,0.399140816,0.393454132,0.40725954,0.374678777
8,19,16,0.429183673,0.454934693,0.473003326,0.452373897,0.465945114
8,19,17,0.71369898,0.70656199,0.667522656,0.675050039,0.683801332
8,19,18,0.71369898,0.670877041,0.719979531,0.694503332,0.692767074
8,19,19,0.721709184,0.656755357,0.723693884,0.637654722,0.726050484
8,19,20,0.721709184,0.786663011,0.678767488,0.66343237,0.705516583
8,19,21,0.726547619,0.755609524,0.770721714,0.818545985,0.829284707
8,19,22,0.726547619,0.741078571,0.741151226,0.809885053,0.724478993
8,19,23,0.725246599,0.732499065,0.765316474,0.792892162,0.70874926
8,19,24,0.725246599,0.674479337,0.713860227,0.641121136,0.750657739
8,19,25,0.722559524,0.765913095,0.699582131,0.656416425,0.732451328
8,19,26,0.722559524,0.765913095,0.677255042,0.736347405,0.769049893
8,19,27,0.729744898,0.78812449,0.834828163,0.846971118,0.879908884
8,19,28,0.729744898,0.78812449,0.743756,0.693565119,0.679693817
8,19,29,0.728681973,0.699534694,0.66412075,0.704420264,0.720165103
8,19,30,0.728681973,0.794263351,0.799546295,0.85158026,0.769712431
8,19,31,0.719693878,0.726890817,0.694360653,0.656556573,0.678394216
8,19,32,0.719693878,0.698103062,0.730165424,0.780426325,0.724776201
8,19,33,0.616292517,0.603966667,0.610129592,0.646737367,0.588317459
8,19,34,0.616292517,0.622455442,0.675117638,0.682612063,0.636137027
8,19,35,0.09622449,0.088526531,0.099765551,0.090096914,0.088970703
8,19,36,0.09622449,0.101035715,0.10652051,0.10632325,0.098424952
8,19,37,0.0,0.0,0.0,0.0,0.0
8,19,38,0.0,0.0,0.0,0.0,0.0
8,19,39,0.0,0.0,0.0,0.0,0.0
8,19,40,0.0,0.0,0.0,0.0,0.0
8,19,41,0.0,0.0,0.0,0.0,0.0
8,19,42,0.0,0.0,0.0,0.0,0.0
8,19,43,0.0,0.0,0.0,0.0,0.0
8,19,44,0.0,0.0,0.0,0.0,0.0
8,19,45,0.0,0.0,0.0,0.0,0.0
8,19,46,0.0,0.0,0.0,0.0,0.0
8,19,47,0.0,0.0,0.0,0.0,0.0
8,19,48,0.0,0.0,0.0,0.0,0.0
8,20,1,0.0,0.0,0.0,0.0,0.0
8,20,2,0.0,0.0,0.0,0.0,0.0
8,20,3,0.0,0.0,0.0,0.0,0.0
8,20,4,0.0,0.0,0.0,0.0,0.0
8,20,5,0.0,0.0,0.0,0.0,0.0
8,20,6,0.0,0.0,0.0,0.0,0.0
8,20,7,0.0,0.0,0.0,0.0,0.0
8,20,8,0.0,0.0,0.0,0.0,0.0
8,20,9,0.0,0.0,0.0,0.0,0.0
8,20,10,0.0,0.0,0.0,0.0,0.0
8,20,11,0.0,0.0,0.0,0.0,0.0
8,20,12,0.0,0.0,0.0,0.0,0.0
8,20,13,0.015459184,0.015459184,0.015613776,0.015355607,0.01485306
8,20,14,0.015459184,0.01592296,0.01537725,0.016521652,0.015820262
8,20,15,0.440637755,0.436231377,0.420897184,0.393655783,0.401712748
8,20,16,0.440637755,0.427418622,0.39062537,0.377604524,0.396799421
8,20,17,0.729532313,0.70035102,0.66489575,0.726190082,0.669980177
8,20,18,0.729532313,0.773304252,0.826560111,0.706583658,0.690685526
8,20,19,0.741547619,0.778625,0.790489762,0.831838457,0.832762722
8,20,20,0.741547619,0.704470238,0.795309821,0.672398304,0.772137385
8,20,21,0.748486395,0.793395579,0.832616266,0.736094454,0.832083546
8,20,22,0.748486395,0.793395579,0.701556298,0.815115905,0.825809628
8,20,23,0.742984694,0.713265306,0.76453125,0.814286458,0.827055951
8,20,24,0.742984694,0.757844388,0.787935268,0.778179879,0.736066615
8,20,25,0.735561224,0.691427551,0.770573938,0.725195695,0.730689602
8,20,26,0.735561224,0.713494387,0.702791971,0.77466513,0.775525869
8,20,27,0.737542517,0.789170493,0.717555115,0.763051162,0.774384717
8,20,28,0.737542517,0.678539116,0.700960408,0.769191941,0.728774081
8,20,29,0.727916667,0.778870834,0.81366525,0.727075195,0.754263167
8,20,30,0.727916667,0.778870834,0.806131313,0.786392397,0.74383469
8,20,31,0.696284014,0.710209694,0.639954637,0.736721404,0.702750362
8,20,32,0.696284014,0.710209694,0.759506602,0.722000104,0.794200114
8,20,33,0.607687075,0.559072109,0.635883755,0.58886336,0.567982746
8,20,34,0.607687075,0.6441483,0.569585095,0.546426141,0.597881269
8,20,35,0.096479592,0.089726021,0.09589589,0.093093496,0.094736737
8,20,36,0.096479592,0.09937398,0.106740197,0.108933757,0.108025975
8,20,37,0.0,0.0,0.0,0.0,0.0
8,20,38,0.0,0.0,0.0,0.0,0.0
8,20,39,0.0,0.0,0.0,0.0,0.0
8,20,40,0.0,0.0,0.0,0.0,0.0
8,20,41,0.0,0.0,0.0,0.0,0.0
8,20,42,0.0,0.0,0.0,0.0,0.0
8,20,43,0.0,0.0,0.0,0.0,0.0
8,20,44,0.0,0.0,0.0,0.0,0.0
8,20,45,0.0,0.0,0.0,0.0,0.0
8,20,46,0.0,0.0,0.0,0.0,0.0
8,20,47,0.0,0.0,0.0,0.0,0.0
8,20,48,0.0,0.0,0.0,0.0,0.0
8,21,1,0.0,0.0,0.0,0.0,0.0
8,21,2,0.0,0.0,0.0,0.0,0.0
8,21,3,0.0,0.0,0.0,0.0,0.0
8,21,4,0.0,0.0,0.0,0.0,0.0
8,21,5,0.0,0.0,0.0,0.0,0.0
8,21,6,0.0,0.0,0.0,0.0,0.0
8,21,7,0.0,0.0,0.0,0.0,0.0
8,21,8,0.0,0.0,0.0,0.0,0.0
8,21,9,0.0,0.0,0.0,0.0,0.0
8,21,10,0.0,0.0,0.0,0.0,0.0
8,21,11,0.0,0.0,0.0,0.0,0.0
8,21,12,0.0,0.0,0.0,0.0,0.0
8,21,13,0.018125,0.01830625,0.019672875,0.020197485,0.020219927
8,21,14,0.018125,0.01830625,0.018762094,0.020053582,0.018435497
8,21,15,0.4475,0.487775,0.453608375,0.467590736,0.454836157
8,21,16,0.4475,0.407225,0.4615515,0.443146422,0.43985573
8,21,17,0.728214286,0.706367857,0.70294525,0.676883675,0.682494684
8,21,18,0.728214286,0.801035715,0.8105025,0.79551585,0.79949343
8,21,19,0.738503401,0.672038095,0.705270748,0.740534285,0.671241434
8,21,20,0.738503401,0.738503401,0.708963265,0.735943256,0.79622138
8,21,21,0.742746599,0.727891667,0.66178722,0.68948424,0.691367883
8,21,22,0.742746599,0.698181803,0.698850275,0.734657346,0.697050736
8,21,23,0.73787415,0.708359184,0.766503667,0.72282742,0.682518728
8,21,24,0.73787415,0.730495409,0.668108149,0.712159236,0.762010382
8,21,25,0.729277211,0.700106123,0.686104,0.747472191,0.715739881
8,21,26,0.729277211,0.707398895,0.703971292,0.770633063,0.691429109
8,21,27,0.730017007,0.730017007,0.715416667,0.761407738,0.778267481
8,21,28,0.730017007,0.803018708,0.827839286,0.739740834,0.844917815
8,21,29,0.725646259,0.747415647,0.721800334,0.731620747,0.753569369
8,21,30,0.725646259,0.732902722,0.78761645,0.688824065,0.704397479
8,21,31,0.713044218,0.705913776,0.780426897,0.799109844,0.697150026
8,21,32,0.713044218,0.670261565,0.760818181,0.714707988,0.686119668
8,21,33,0.614642857,0.639228571,0.6582825,0.669253875,0.677619548
8,21,34,0.614642857,0.559325,0.622202964,0.562800191,0.631024746
8,21,35,0.097568027,0.096592347,0.092226178,0.089734453,0.103433276
8,21,36,0.097568027,0.087811224,0.101958588,0.101526037,0.099160288
8,21,37,0.0,0.0,0.0,0.0,0.0
8,21,38,0.0,0.0,0.0,0.0,0.0
8,21,39,0.0,0.0,0.0,0.0,0.0
8,21,40,0.0,0.0,0.0,0.0,0.0
8,21,41,0.0,0.0,0.0,0.0,0.0
8,21,42,0.0,0.0,0.0,0.0,0.0
8,21,43,0.0,0.0,0.0,0.0,0.0
8,21,44,0.0,0.0,0.0,0.0,0.0
8,21,45,0.0,0.0,0.0,0.0,0.0
8,21,46,0.0,0.0,0.0,0.0,0.0
8,21,47,0.0,0.0,0.0,0.0,0.0
8,21,48,0.0,0.0,0.0,0.0,0.0
8,22,1,0.0,0.0,0.0,0.0,0.0
8,22,2,0.0,0.0,0.0,0.0,0.0
8,22,3,0.0,0.0,0.0,0.0,0.0
8,22,4,0.0,0.0,0.0,0.0,0.0
8,22,5,0.0,0.0,0.0,0.0,0.0
8,22,6,0.0,0.0,0.0,0.0,0.0
8,22,7,0.0,0.0,0.0,0.0,0.0
8,22,8,0.0,0.0,0.0,0.0,0.0
8,22,9,0.0,0.0,0.0,0.0,0.0
8,22,10,0.0,0.0,0.0,0.0,0.0
8,22,11,0.0,0.0,0.0,0.0,0.0
8,22,12,0.0,0.0,0.0,0.0,0.0
8,22,13,0.019343537,0.020310714,0.020818482,0.019351274,0.018559082
8,22,14,0.019343537,0.018569796,0.020852333,0.0176297,0.018334888
8,22,15,0.463265306,0.504959184,0.532523469,0.510254306,0.502750566
8,22,16,0.463265306,0.416938775,0.404893877,0.462635265,0.42819464
8,22,17,0.725144558,0.659881548,0.699438183,0.625339287,0.690999912
8,22,18,0.725144558,0.746898895,0.662419554,0.718602546,0.770327699
8,22,19,0.737559524,0.693305953,0.658198119,0.633682624,0.735141479
8,22,20,0.737559524,0.671179167,0.669150878,0.734187648,0.766291042
8,22,21,0.737142857,0.796114286,0.743629714,0.789320777,0.781882947
8,22,22,0.737142857,0.751885714,0.699843428,0.72232776,0.72779994
8,22,23,0.732568027,0.791173469,0.830439115,0.84750502,0.880463549
8,22,24,0.732568027,0.732568027,0.761870748,0.757182313,0.820652007
8,22,25,0.727619048,0.800380953,0.83276,0.7397048,0.85262782
8,22,26,0.727619048,0.683961905,0.698732572,0.647162814,0.620432176
8,22,27,0.733826531,0.785194388,0.74432025,0.709180233,0.817443386
8,22,28,0.733826531,0.785194388,0.729130041,0.809334346,0.7490839
8,22,29,0.73457483,0.749266327,0.712243755,0.67346604,0.760431002
8,22,30,0.73457483,0.756612075,0.820152798,0.808968896,0.819081007
8,22,31,0.720620748,0.684589711,0.646396811,0.649675635,0.614541861
8,22,32,0.720620748,0.7710642,0.7234672,0.664545644,0.727123693
8,22,33,0.637942177,0.618803912,0.57181947,0.627807509,0.577247671
8,22,34,0.637942177,0.676218708,0.650509638,0.700732486,0.67301426
8,22,35,0.104319728,0.097017347,0.09362174,0.092420429,0.097813259
8,22,36,0.104319728,0.101190136,0.101727383,0.098315919,0.100374409
8,22,37,0.0,0.0,0.0,0.0,0.0
8,22,38,0.0,0.0,0.0,0.0,0.0
8,22,39,0.0,0.0,0.0,0.0,0.0
8,22,40,0.0,0.0,0.0,0.0,0.0
8,22,41,0.0,0.0,0.0,0.0,0.0
8,22,42,0.0,0.0,0.0,0.0,0.0
8,22,43,0.0,0.0,0.0,0.0,0.0
8,22,44,0.0,0.0,0.0,0.0,0.0
8,22,45,0.0,0.0,0.0,0.0,0.0
8,22,46,0.0,0.0,0.0,0.0,0.0
8,22,47,0.0,0.0,0.0,0.0,0.0
8,22,48,0.0,0.0,0.0,0.0,0.0
8,23,1,0.0,0.0,0.0,0.0,0.0
8,23,2,0.0,0.0,0.0,0.0,0.0
8,23,3,0.0,0.0,0.0,0.0,0.0
8,23,4,0.0,0.0,0.0,0.0,0.0
8,23,5,0.0,0.0,0.0,0.0,0.0
8,23,6,0.0,0.0,0.0,0.0,0.0
8,23,7,0.0,0.0,0.0,0.0,0.0
8,23,8,0.0,0.0,0.0,0.0,0.0
8,23,9,0.0,0.0,0.0,0.0,0.0
8,23,10,0.0,0.0,0.0,0.0,0.0
8,23,11,0.0,0.0,0.0,0.0,0.0
8,23,12,0.0,0.0,0.0,0.0,0.0
8,23,13,0.02504932,0.023546361,0.025998689,0.026605325,0.02327593
8,23,14,0.02504932,0.026301786,0.025162042,0.026524558,0.028077775
8,23,15,0.481292517,0.524608844,0.518039201,0.518139791,0.490099284
8,23,16,0.481292517,0.433163265,0.475517007,0.426258322,0.440436044
8,23,17,0.735705782,0.765134013,0.682882107,0.778860812,0.718426308
8,23,18,0.735705782,0.80927636,0.718416696,0.807278919,0.721609273
8,23,19,0.743256803,0.698661395,0.764216645,0.713316932,0.795550609
8,23,20,0.743256803,0.780419643,0.723746312,0.816563602,0.781316522
8,23,21,0.74327381,0.780437501,0.784711325,0.807947922,0.810256345
8,23,22,0.74327381,0.735841072,0.783930887,0.829783449,0.788671451
8,23,23,0.738214286,0.671775,0.655645018,0.757399245,0.649297716
8,23,24,0.738214286,0.708685715,0.680043,0.708981,0.77278929
8,23,25,0.732091837,0.790659184,0.723306735,0.673817327,0.671571269
8,23,26,0.732091837,0.790659184,0.708079225,0.713865679,0.684641802
8,23,27,0.735977891,0.735977891,0.74333767,0.767968397,0.768189926
8,23,28,0.735977891,0.772776786,0.678939604,0.656308284,0.647010584
8,23,29,0.735357143,0.808892857,0.8184525,0.8190702,0.867033061
8,23,30,0.735357143,0.786832143,0.783927482,0.768705589,0.707209142
8,23,31,0.722772109,0.679405782,0.687067167,0.70337917,0.698156057
8,23,32,0.722772109,0.686633504,0.697655778,0.772589177,0.727111768
8,23,33,0.636947279,0.605099915,0.571341709,0.56819519,0.613257904
8,23,34,0.636947279,0.611469388,0.611724167,0.657249761,0.673401984
8,23,35,0.108265306,0.103934694,0.098673,0.109841793,0.108334059
8,23,36,0.108265306,0.1061,0.10182352,0.111720052,0.103767903
8,23,37,0.0,0.0,0.0,0.0,0.0
8,23,38,0.0,0.0,0.0,0.0,0.0
8,23,39,0.0,0.0,0.0,0.0,0.0
8,23,40,0.0,0.0,0.0,0.0,0.0
8,23,41,0.0,0.0,0.0,0.0,0.0
8,23,42,0.0,0.0,0.0,0.0,0.0
8,23,43,0.0,0.0,0.0,0.0,0.0
8,23,44,0.0,0.0,0.0,0.0,0.0
8,23,45,0.0,0.0,0.0,0.0,0.0
8,23,46,0.0,0.0,0.0,0.0,0.0
8,23,47,0.0,0.0,0.0,0.0,0.0
8,23,48,0.0,0.0,0.0,0.0,0.0
8,24,1,0.0,0.0,0.0,0.0,0.0
8,24,2,0.0,0.0,0.0,0.0,0.0
8,24,3,0.0,0.0,0.0,0.0,0.0
8,24,4,0.0,0.0,0.0,0.0,0.0
8,24,5,0.0,0.0,0.0,0.0,0.0
8,24,6,0.0,0.0,0.0,0.0,0.0
8,24,7,0.0,0.0,0.0,0.0,0.0
8,24,8,0.0,0.0,0.0,0.0,0.0
8,24,9,0.0,0.0,0.0,0.0,0.0
8,24,10,0.0,0.0,0.0,0.0,0.0
8,24,11,0.0,0.0,0.0,0.0,0.0
8,24,12,0.0,0.0,0.0,0.0,0.0
8,24,13,0.026780612,0.027048418,0.026376225,0.024863629,0.023640499
8,24,14,0.026780612,0.024905969,0.025326425,0.026697842,0.025409158
8,24,15,0.484217687,0.469691156,0.472184877,0.499132802,0.457241299
8,24,16,0.484217687,0.493902041,0.513512857,0.50218297,0.49346935
8,24,17,0.734770408,0.800899745,0.752478375,0.701698882,0.769885708
8,24,18,0.734770408,0.734770408,0.793552041,0.709102428,0.676174427
8,24,19,0.748129252,0.695760204,0.794139201,0.678868693,0.780270041
8,24,20,0.748129252,0.785535715,0.713154209,0.733960931,0.707935275
8,24,21,0.749702381,0.719714286,0.778790833,0.711932375,0.70303322
8,24,22,0.749702381,0.809678571,0.818675,0.864026996,0.745679078
8,24,23,0.743937075,0.684422109,0.778455755,0.74296103,0.722695112
8,24,24,0.743937075,0.721618963,0.725450239,0.759548842,0.759767943
8,24,25,0.7375,0.685875,0.66898625,0.75325005,0.725630882
8,24,26,0.7375,0.671125,0.739528125,0.665927469,0.675379343
8,24,27,0.741632653,0.697134694,0.72657751,0.743435068,0.799914479
8,24,28,0.741632653,0.697134694,0.712189837,0.724155585,0.769092666
8,24,29,0.738937075,0.812830783,0.814678125,0.788815328,0.749374561
8,24,30,0.738937075,0.79066267,0.71891188,0.742008836,0.762582718
8,24,31,0.724668367,0.695681632,0.6959715,0.698386095,0.75997105
8,24,32,0.724668367,0.775395153,0.735031125,0.715230286,0.811339356
8,24,33,0.646079932,0.613775935,0.592132258,0.666715725,0.67375328
8,24,34,0.646079932,0.607315136,0.689367287,0.679966824,0.636011826
8,24,35,0.109370748,0.119214115,0.118864129,0.125081637,0.118132657
8,24,36,0.109370748,0.115932993,0.120537501,0.106057981,0.124272286
8,24,37,0.0,0.0,0.0,0.0,0.0
8,24,38,0.0,0.0,0.0,0.0,0.0
8,24,39,0.0,0.0,0.0,0.0,0.0
8,24,40,0.0,0.0,0.0,0.0,0.0
8,24,41,0.0,0.0,0.0,0.0,0.0
8,24,42,0.0,0.0,0.0,0.0,0.0
8,24,43,0.0,0.0,0.0,0.0,0.0
8,24,44,0.0,0.0,0.0,0.0,0.0
8,24,45,0.0,0.0,0.0,0.0,0.0
8,24,46,0.0,0.0,0.0,0.0,0.0
8,24,47,0.0,0.0,0.0,0.0,0.0
8,24,48,0.0,0.0,0.0,0.0,0.0
8,25,1,0.0,0.0,0.0,0.0,0.0
8,25,2,0.0,0.0,0.0,0.0,0.0
8,25,3,0.0,0.0,0.0,0.0,0.0
8,25,4,0.0,0.0,0.0,0.0,0.0
8,25,5,0.0,0.0,0.0,0.0,0.0
8,25,6,0.0,0.0,0.0,0.0,0.0
8,25,7,0.0,0.0,0.0,0.0,0.0
8,25,8,0.0,0.0,0.0,0.0,0.0
8,25,9,0.0,0.0,0.0,0.0,0.0
8,25,10,0.0,0.0,0.0,0.0,0.0
8,25,11,0.0,0.0,0.0,0.0,0.0
8,25,12,0.0,0.0,0.0,0.0,0.0
8,25,13,0.027971088,0.026292823,0.028217234,0.026668903,0.028924763
8,25,14,0.027971088,0.029089932,0.02853051,0.027674594,0.026334374
8,25,15,0.480722789,0.45668665,0.426521295,0.413725656,0.488855507
8,25,16,0.480722789,0.490337245,0.480674717,0.498428931,0.502167148
8,25,17,0.731318027,0.767883928,0.779585017,0.751999701,0.818312402
8,25,18,0.731318027,0.745944388,0.672154399,0.716472271,0.773790053
8,25,19,0.738656463,0.70172364,0.763401455,0.763977607,0.749359189
8,25,20,0.738656463,0.679563946,0.758747919,0.73291267,0.800217274
8,25,21,0.743001701,0.713281633,0.757267334,0.79687824,0.797763661
8,25,22,0.743001701,0.713281633,0.67717175,0.689817144,0.642294432
8,25,23,0.736462585,0.736462585,0.729097959,0.756027941,0.717327385
8,25,24,0.736462585,0.721733333,0.802007755,0.723265175,0.693656507
8,25,25,0.73002551,0.715425,0.758861518,0.756813796,0.66625331
8,25,26,0.73002551,0.74462602,0.663593189,0.662855863,0.756297157
8,25,27,0.733426871,0.726092602,0.66408136,0.651237589,0.624338645
8,25,28,0.733426871,0.733426871,0.799435289,0.717658193,0.76836641
8,25,29,0.730238095,0.671819047,0.701028571,0.644946286,0.72822848
8,25,30,0.730238095,0.795959524,0.732574857,0.715277951,0.73607748
8,25,31,0.720552721,0.698936139,0.716841874,0.69786804,0.701464197
8,25,32,0.720552721,0.770991411,0.708483463,0.806676785,0.759192856
8,25,33,0.629719388,0.680096939,0.654908164,0.60251551,0.5968833
8,25,34,0.629719388,0.629719388,0.661205357,0.608203976,0.632212027
8,25,35,0.106607143,0.117267857,0.104101875,0.101672831,0.116005421
8,25,36,0.106607143,0.106607143,0.099144643,0.096831268,0.096159696
8,25,37,0.0,0.0,0.0,0.0,0.0
8,25,38,0.0,0.0,0.0,0.0,0.0
8,25,39,0.0,0.0,0.0,0.0,0.0
8,25,40,0.0,0.0,0.0,0.0,0.0
8,25,41,0.0,0.0,0.0,0.0,0.0
8,25,42,0.0,0.0,0.0,0.0,0.0
8,25,43,0.0,0.0,0.0,0.0,0.0
8,25,44,0.0,0.0,0.0,0.0,0.0
8,25,45,0.0,0.0,0.0,0.0,0.0
8,25,46,0.0,0.0,0.0,0.0,0.0
8,25,47,0.0,0.0,0.0,0.0,0.0
8,25,48,0.0,0.0,0.0,0.0,0.0
8,26,1,0.0,0.0,0.0,0.0,0.0
8,26,2,0.0,0.0,0.0,0.0,0.0
8,26,3,0.0,0.0,0.0,0.0,0.0
8,26,4,0.0,0.0,0.0,0.0,0.0
8,26,5,0.0,0.0,0.0,0.0,0.0
8,26,6,0.0,0.0,0.0,0.0,0.0
8,26,7,0.0,0.0,0.0,0.0,0.0
8,26,8,0.0,0.0,0.0,0.0,0.0
8,26,9,0.0,0.0,0.0,0.0,0.0
8,26,10,0.0,0.0,0.0,0.0,0.0
8,26,11,0.0,0.0,0.0,0.0,0.0
8,26,12,0.0,0.0,0.0,0.0,0.0
8,26,13,0.029990646,0.029090927,0.030131602,0.026763952,0.031313824
8,26,14,0.029990646,0.031490178,0.03135522,0.031254802,0.031332939
8,26,15,0.488052721,0.458769558,0.478145251,0.465489393,0.482066515
8,26,16,0.488052721,0.488052721,0.478291667,0.479951046,0.493258779
8,26,17,0.739073129,0.74646386,0.802189974,0.793078681,0.777903425
8,26,18,0.739073129,0.753854592,0.821110246,0.786772909,0.821714882
8,26,19,0.749608844,0.809577552,0.857552518,0.789468045,0.729412083
8,26,20,0.749608844,0.712128402,0.657781761,0.678246082,0.629497145
8,26,21,0.75460034,0.686686309,0.713436891,0.667964298,0.656274922
8,26,22,0.75460034,0.716870323,0.794594158,0.725140743,0.732845363
8,26,23,0.748154762,0.725710119,0.795887036,0.726320613,0.696586863
8,26,24,0.748154762,0.763117857,0.785861762,0.750397231,0.716169929
8,26,25,0.739294218,0.672757738,0.755447797,0.765849913,0.79200441
8,26,26,0.739294218,0.754080102,0.776554647,0.741510129,0.692630992
8,26,27,0.741028912,0.792900936,0.782304222,0.810681925,0.734825259
8,26,28,0.741028912,0.792900936,0.812982819,0.821419434,0.712874723
8,26,29,0.733367347,0.748034694,0.785143082,0.725294439,0.688123099
8,26,30,0.733367347,0.674697959,0.732193959,0.770493336,0.67674998
8,26,31,0.719472789,0.676304422,0.72580415,0.636474408,0.648143106
8,26,32,0.719472789,0.791420068,0.755446428,0.7403375,0.721602428
8,26,33,0.632134354,0.651098385,0.641616369,0.705778006,0.598467668
8,26,34,0.632134354,0.619491667,0.688394312,0.69840732,0.639818706
8,26,35,0.108180272,0.103853061,0.113437833,0.118254524,0.115368679
8,26,36,0.108180272,0.100607653,0.112745479,0.105034245,0.099176979
8,26,37,0.0,0.0,0.0,0.0,0.0
8,26,38,0.0,0.0,0.0,0.0,0.0
8,26,39,0.0,0.0,0.0,0.0,0.0
8,26,40,0.0,0.0,0.0,0.0,0.0
8,26,41,0.0,0.0,0.0,0.0,0.0
8,26,42,0.0,0.0,0.0,0.0,0.0
8,26,43,0.0,0.0,0.0,0.0,0.0
8,26,44,0.0,0.0,0.0,0.0,0.0
8,26,45,0.0,0.0,0.0,0.0,0.0
8,26,46,0.0,0.0,0.0,0.0,0.0
8,26,47,0.0,0.0,0.0,0.0,0.0
8,26,48,0.0,0.0,0.0,0.0,0.0
8,27,1,0.0,0.0,0.0,0.0,0.0
8,27,2,0.0,0.0,0.0,0.0,0.0
8,27,3,0.0,0.0,0.0,0.0,0.0
8,27,4,0.0,0.0,0.0,0.0,0.0
8,27,5,0.0,0.0,0.0,0.0,0.0
8,27,6,0.0,0.0,0.0,0.0,0.0
8,27,7,0.0,0.0,0.0,0.0,0.0
8,27,8,0.0,0.0,0.0,0.0,0.0
8,27,9,0.0,0.0,0.0,0.0,0.0
8,27,10,0.0,0.0,0.0,0.0,0.0
8,27,11,0.0,0.0,0.0,0.0,0.0
8,27,12,0.0,0.0,0.0,0.0,0.0
8,27,13,0.031672619,0.029138809,0.028885429,0.031991879,0.028596853
8,27,14,0.031672619,0.028505357,0.029487208,0.031382815,0.02995938
8,27,15,0.491147959,0.500970918,0.476217061,0.48455086,0.449163964
8,27,16,0.491147959,0.471502041,0.4909515,0.445771126,0.493836883
8,27,17,0.728673469,0.786967347,0.742664,0.790406685,0.838395663
8,27,18,0.728673469,0.692239796,0.674933801,0.663684904,0.634692353
8,27,19,0.746947279,0.694660969,0.764052372,0.727868005,0.770051264
8,27,20,0.746947279,0.821642007,0.831352322,0.863978979,0.750701735
8,27,21,0.748784014,0.673905613,0.72557171,0.644478401,0.656293838
8,27,22,0.748784014,0.718832653,0.704456,0.6516218,0.677686672
8,27,23,0.747993197,0.792872789,0.724207013,0.732373603,0.741868034
8,27,24,0.747993197,0.725553401,0.670463702,0.750403605,0.788727789
8,27,25,0.744617347,0.774402041,0.691153821,0.707255427,0.722063587
8,27,26,0.744617347,0.75206352,0.740857029,0.738387506,0.669583216
8,27,27,0.748630952,0.793548809,0.732535387,0.765820766,0.813343357
8,27,28,0.748630952,0.741144642,0.759785553,0.727358104,0.729345217
8,27,29,0.743426871,0.765729677,0.792307188,0.690439121,0.815293528
8,27,30,0.743426871,0.713689796,0.713987167,0.796071406,0.749211748
8,27,31,0.730833333,0.7016,0.780676166,0.693440976,0.697572114
8,27,32,0.730833333,0.65775,0.680405833,0.62759338,0.613472529
8,27,33,0.635671769,0.692882228,0.670919769,0.699815818,0.728808188
8,27,34,0.635671769,0.699238946,0.694153572,0.68311831,0.630582454
8,27,35,0.109710884,0.120681972,0.118652321,0.114021425,0.125027983
8,27,36,0.109710884,0.113002211,0.110242982,0.11764448,0.119409147
8,27,37,0.0,0.0,0.0,0.0,0.0
8,27,38,0.0,0.0,0.0,0.0,0.0
8,27,39,0.0,0.0,0.0,0.0,0.0
8,27,40,0.0,0.0,0.0,0.0,0.0
8,27,41,0.0,0.0,0.0,0.0,0.0
8,27,42,0.0,0.0,0.0,0.0,0.0
8,27,43,0.0,0.0,0.0,0.0,0.0
8,27,44,0.0,0.0,0.0,0.0,0.0
8,27,45,0.0,0.0,0.0,0.0,0.0
8,27,46,0.0,0.0,0.0,0.0,0.0
8,27,47,0.0,0.0,0.0,0.0,0.0
8,27,48,0.0,0.0,0.0,0.0,0.0
8,28,1,0.0,0.0,0.0,0.0,0.0
8,28,2,0.0,0.0,0.0,0.0,0.0
8,28,3,0.0,0.0,0.0,0.0,0.0
8,28,4,0.0,0.0,0.0,0.0,0.0
8,28,5,0.0,0.0,0.0,0.0,0.0
8,28,6,0.0,0.0,0.0,0.0,0.0
8,28,7,0.0,0.0,0.0,0.0,0.0
8,28,8,0.0,0.0,0.0,0.0,0.0
8,28,9,0.0,0.0,0.0,0.0,0.0
8,28,10,0.0,0.0,0.0,0.0,0.0
8,28,11,0.0,0.0,0.0,0.0,0.0
8,28,12,0.0,0.0,0.0,0.0,0.0
8,28,13,0.031743197,0.031743197,0.034282653,0.032263785,0.03283329
8,28,14,0.031743197,0.034600085,0.032839924,0.035044733,0.032885845
8,28,15,0.481794218,0.462522449,0.457993584,0.43004181,0.421440974
8,28,16,0.481794218,0.452886565,0.434626564,0.456435782,0.415356562
8,28,17,0.727840136,0.676891326,0.751531332,0.769067064,0.760585763
8,28,18,0.727840136,0.786067347,0.764523279,0.736692613,0.776394269
8,28,19,0.74797619,0.673178571,0.667942738,0.7520751,0.688984355
8,28,20,0.74797619,0.733016666,0.770116285,0.742866017,0.823343168
8,28,21,0.752585034,0.752585034,0.692378231,0.717865778,0.670545238
8,28,22,0.752585034,0.760110884,0.794165357,0.722816533,0.689251701
8,28,23,0.753120748,0.77571437,0.756773384,0.731394721,0.784420838
8,28,24,0.753120748,0.692871088,0.79529551,0.799392487,0.782975057
8,28,25,0.751054422,0.803628232,0.855075459,0.763090069,0.801144166
8,28,26,0.751054422,0.728522789,0.717594947,0.681123369,0.777139793
8,28,27,0.754880952,0.807722619,0.828179892,0.876620603,0.890367608
8,28,28,0.754880952,0.762429762,0.735895696,0.758579491,0.692710757
8,28,29,0.753188776,0.798380103,0.729237373,0.783076813,0.72001252
8,28,30,0.753188776,0.798380103,0.721479529,0.810720599,0.709266871
8,28,31,0.725603741,0.725603741,0.769139965,0.754918132,0.781007215
8,28,32,0.725603741,0.718347704,0.750854751,0.702337983,0.65185744
8,28,33,0.630238095,0.579819047,0.580827428,0.585022293,0.64743462
8,28,34,0.630238095,0.592423809,0.6418975,0.640165395,0.65749026
8,28,35,0.107295918,0.100858163,0.096791648,0.092500204,0.103335943
8,28,36,0.107295918,0.098712245,0.106094204,0.10195344,0.097303114
8,28,37,0.0,0.0,0.0,0.0,0.0
8,28,38,0.0,0.0,0.0,0.0,0.0
8,28,39,0.0,0.0,0.0,0.0,0.0
8,28,40,0.0,0.0,0.0,0.0,0.0
8,28,41,0.0,0.0,0.0,0.0,0.0
8,28,42,0.0,0.0,0.0,0.0,0.0
8,28,43,0.0,0.0,0.0,0.0,0.0
8,28,44,0.0,0.0,0.0,0.0,0.0
8,28,45,0.0,0.0,0.0,0.0,0.0
8,28,46,0.0,0.0,0.0,0.0,0.0
8,28,47,0.0,0.0,0.0,0.0,0.0
8,28,48,0.0,0.0,0.0,0.0,0.0
8,29,1,0.0,0.0,0.0,0.0,0.0
8,29,2,0.0,0.0,0.0,0.0,0.0
8,29,3,0.0,0.0,0.0,0.0,0.0
8,29,4,0.0,0.0,0.0,0.0,0.0
8,29,5,0.0,0.0,0.0,0.0,0.0
8,29,6,0.0,0.0,0.0,0.0,0.0
8,29,7,0.0,0.0,0.0,0.0,0.0
8,29,8,0.0,0.0,0.0,0.0,0.0
8,29,9,0.0,0.0,0.0,0.0,0.0
8,29,10,0.0,0.0,0.0,0.0,0.0
8,29,11,0.0,0.0,0.0,0.0,0.0
8,29,12,0.0,0.0,0.0,0.0,0.0
8,29,13,0.039557823,0.040744558,0.038946655,0.042532156,0.039636392
8,29,14,0.039557823,0.039557823,0.041535714,0.03699975,0.0354715
8,29,15,0.517729592,0.538438776,0.501679975,0.566018231,0.493798978
8,29,16,0.517729592,0.559147959,0.570745102,0.582160004,0.590892404
8,29,17,0.742032313,0.771713606,0.719029311,0.751700994,0.731196675
8,29,18,0.742032313,0.697510374,0.705375917,0.714972868,0.750721511
8,29,19,0.747278912,0.68002381,0.720787875,0.644427179,0.698129444
8,29,20,0.747278912,0.784642858,0.742982058,0.682471148,0.731950307
8,29,21,0.753732993,0.753732993,0.708509013,0.694338833,0.654820612
8,29,22,0.753732993,0.806494303,0.772312511,0.746412738,0.708159085
8,29,23,0.753971088,0.814288775,0.705716938,0.689772963,0.792803062
8,29,24,0.753971088,0.731351955,0.735234906,0.777195282,0.764427074
8,29,25,0.752585034,0.820317687,0.723535252,0.811408084,0.699265363
8,29,26,0.752585034,0.782688435,0.806018571,0.796039294,0.792176162
8,29,27,0.723197279,0.650877551,0.700778163,0.746947078,0.740722519
8,29,28,0.723197279,0.687037415,0.655759133,0.729984485,0.733944307
8,29,29,0.744064626,0.758945919,0.826655799,0.722196567,0.793484357
8,29,30,0.744064626,0.706861395,0.72546301,0.70369912,0.76322336
8,29,31,0.659413265,0.593471939,0.620178176,0.649328638,0.567538204
8,29,32,0.659413265,0.652819132,0.590504579,0.608875832,0.678135458
8,29,33,0.556879252,0.517897704,0.526640709,0.581848418,0.545816521
8,29,34,0.556879252,0.551310459,0.515308216,0.584459254,0.563029081
8,29,35,0.113707483,0.117118707,0.123492012,0.111019703,0.115171132
8,29,36,0.113707483,0.119392857,0.114219167,0.107669047,0.117159553
8,29,37,0.0,0.0,0.0,0.0,0.0
8,29,38,0.0,0.0,0.0,0.0,0.0
8,29,39,0.0,0.0,0.0,0.0,0.0
8,29,40,0.0,0.0,0.0,0.0,0.0
8,29,41,0.0,0.0,0.0,0.0,0.0
8,29,42,0.0,0.0,0.0,0.0,0.0
8,29,43,0.0,0.0,0.0,0.0,0.0
8,29,44,0.0,0.0,0.0,0.0,0.0
8,29,45,0.0,0.0,0.0,0.0,0.0
8,29,46,0.0,0.0,0.0,0.0,0.0
8,29,47,0.0,0.0,0.0,0.0,0.0
8,29,48,0.0,0.0,0.0,0.0,0.0
8,30,1,0.0,0.0,0.0,0.0,0.0
8,30,2,0.0,0.0,0.0,0.0,0.0
8,30,3,0.0,0.0,0.0,0.0,0.0
8,30,4,0.0,0.0,0.0,0.0,0.0
8,30,5,0.0,0.0,0.0,0.0,0.0
8,30,6,0.0,0.0,0.0,0.0,0.0
8,30,7,0.0,0.0,0.0,0.0,0.0
8,30,8,0.0,0.0,0.0,0.0,0.0
8,30,9,0.0,0.0,0.0,0.0,0.0
8,30,10,0.0,0.0,0.0,0.0,0.0
8,30,11,0.0,0.0,0.0,0.0,0.0
8,30,12,0.0,0.0,0.0,0.0,0.0
8,30,13,0.044031463,0.046233036,0.041070347,0.046842762,0.046771622
8,30,14,0.044031463,0.046673351,0.045352407,0.045352407,0.045805931
8,30,15,0.53417517,0.555542177,0.495821393,0.533798042,0.503342486
8,30,16,0.53417517,0.571567432,0.608158431,0.588439355,0.598608501
8,30,17,0.753860544,0.753860544,0.67847449,0.794317727,0.70787191
8,30,18,0.753860544,0.731244728,0.668297372,0.739334908,0.665329637
8,30,19,0.755816327,0.710467347,0.667159072,0.668478727,0.74250919
8,30,20,0.755816327,0.710467347,0.747804674,0.774930922,0.709892077
8,30,21,0.758120748,0.712633503,0.691254498,0.785529846,0.810573114
8,30,22,0.758120748,0.689889881,0.724005314,0.781925739,0.760639983
8,30,23,0.755731293,0.785960545,0.786262837,0.830303834,0.797460274
8,30,24,0.755731293,0.74817398,0.8271479,0.738166838,0.813343303
8,30,25,0.757661565,0.765238181,0.700533883,0.689264425,0.662638807
8,30,26,0.757661565,0.765238181,0.738606377,0.738758667,0.675059578
8,30,27,0.762108844,0.762108844,0.792593198,0.772270295,0.718211375
8,30,28,0.762108844,0.777351021,0.79282183,0.83962141,0.737467472
8,30,29,0.757823129,0.76540136,0.769228367,0.779433971,0.729573122
8,30,30,0.757823129,0.719931973,0.716711224,0.753433439,0.75171444
8,30,31,0.747219388,0.739747194,0.676569795,0.778873096,0.691466226
8,30,32,0.747219388,0.777108164,0.724055587,0.771944878,0.687124624
8,30,33,0.663809524,0.697,0.741641191,0.644751553,0.741744612
8,30,34,0.663809524,0.723552381,0.700617762,0.723832951,0.731071281
8,30,35,0.119744898,0.122139796,0.108848112,0.112234498,0.111112153
8,30,36,0.119744898,0.118547449,0.117954712,0.108061608,0.12536334
8,30,37,0.0,0.0,0.0,0.0,0.0
8,30,38,0.0,0.0,0.0,0.0,0.0
8,30,39,0.0,0.0,0.0,0.0,0.0
8,30,40,0.0,0.0,0.0,0.0,0.0
8,30,41,0.0,0.0,0.0,0.0,0.0
8,30,42,0.0,0.0,0.0,0.0,0.0
8,30,43,0.0,0.0,0.0,0.0,0.0
8,30,44,0.0,0.0,0.0,0.0,0.0
8,30,45,0.0,0.0,0.0,0.0,0.0
8,30,46,0.0,0.0,0.0,0.0,0.0
8,30,47,0.0,0.0,0.0,0.0,0.0
8,30,48,0.0,0.0,0.0,0.0,0.0
8,31,1,0.0,0.0,0.0,0.0,0.0
8,31,2,0.0,0.0,0.0,0.0,0.0
8,31,3,0.0,0.0,0.0,0.0,0.0
8,31,4,0.0,0.0,0.0,0.0,0.0
8,31,5,0.0,0.0,0.0,0.0,0.0
8,31,6,0.0,0.0,0.0,0.0,0.0
8,31,7,0.0,0.0,0.0,0.0,0.0
8,31,8,0.0,0.0,0.0,0.0,0.0
8,31,9,0.0,0.0,0.0,0.0,0.0
8,31,10,0.0,0.0,0.0,0.0,0.0
8,31,11,0.0,0.0,0.0,0.0,0.0
8,31,12,0.0,0.0,0.0,0.0,0.0
8,31,13,0.050776361,0.04925307,0.046513685,0.047870751,0.04471519
8,31,14,0.050776361,0.047729779,0.048268009,0.047946222,0.045272486
8,31,15,0.550671769,0.567191922,0.553342527,0.562639427,0.569630639
8,31,16,0.550671769,0.589218793,0.541448017,0.521214959,0.600195839
8,31,17,0.761054422,0.707780612,0.668319941,0.705261142,0.703497989
8,31,18,0.761054422,0.82954932,0.866879039,0.876502192,0.883506018
8,31,19,0.761513605,0.799589285,0.827384532,0.732469476,0.710017694
8,31,20,0.761513605,0.822434693,0.839492598,0.759344814,0.803653392
8,31,21,0.765119048,0.788072619,0.706702209,0.685501142,0.80998363
8,31,22,0.765119048,0.818677381,0.863169054,0.897220677,0.794244213
8,31,23,0.766590136,0.697597024,0.768698259,0.729409237,0.799819557
8,31,24,0.766590136,0.697597024,0.754056387,0.71723208,0.78523973
8,31,25,0.770119048,0.723911905,0.694724393,0.75876852,0.744249776
8,31,26,0.770119048,0.816326191,0.809087072,0.79851077,0.846421416
8,31,27,0.775986395,0.729427211,0.827977483,0.808908911,0.84056525
8,31,28,0.775986395,0.845825171,0.794687667,0.877994721,0.807151019
8,31,29,0.771564626,0.786995919,0.71693785,0.705404502,0.760130239
8,31,30,0.771564626,0.817858504,0.834447143,0.759479352,0.859504399
8,31,31,0.752712585,0.782821088,0.70634549,0.702455471,0.736083659
8,31,32,0.752712585,0.684968452,0.697275303,0.647603423,0.674770743
8,31,33,0.680535714,0.646508928,0.729874553,0.671926937,0.641278841
8,31,34,0.680535714,0.707757143,0.714970821,0.680055256,0.73062122
8,31,35,0.123852041,0.131283163,0.126291926,0.133499496,0.115858491
8,31,36,0.123852041,0.132521684,0.116650045,0.120611019,0.130813219
8,31,37,0.0,0.0,0.0,0.0,0.0
8,31,38,0.0,0.0,0.0,0.0,0.0
8,31,39,0.0,0.0,0.0,0.0,0.0
8,31,40,0.0,0.0,0.0,0.0,0.0
8,31,41,0.0,0.0,0.0,0.0,0.0
8,31,42,0.0,0.0,0.0,0.0,0.0
8,31,43,0.0,0.0,0.0,0.0,0.0
8,31,44,0.0,0.0,0.0,0.0,0.0
8,31,45,0.0,0.0,0.0,0.0,0.0
8,31,46,0.0,0.0,0.0,0.0,0.0
8,31,47,0.0,0.0,0.0,0.0,0.0
8,31,48,0.0,0.0,0.0,0.0,0.0
9,1,1,0.0,0.0,0.0,0.0,0.0
9,1,2,0.0,0.0,0.0,0.0,0.0
9,1,3,0.0,0.0,0.0,0.0,0.0
9,1,4,0.0,0.0,0.0,0.0,0.0
9,1,5,0.0,0.0,0.0,0.0,0.0
9,1,6,0.0,0.0,0.0,0.0,0.0
9,1,7,0.0,0.0,0.0,0.0,0.0
9,1,8,0.0,0.0,0.0,0.0,0.0
9,1,9,0.0,0.0,0.0,0.0,0.0
9,1,10,0.0,0.0,0.0,0.0,0.0
9,1,11,0.0,0.0,0.0,0.0,0.0
9,1,12,0.0,0.0,0.0,0.0,0.0
9,1,13,0.054467687,0.055012364,0.054740025,0.058024427,0.053894292
9,1,14,0.054467687,0.056101718,0.058601784,0.051879165,0.053604711
9,1,15,0.56292517,0.591071429,0.576998299,0.548148384,0.598275112
9,1,16,0.56292517,0.585442177,0.631602041,0.575523435,0.547652081
9,1,17,0.77047619,0.739657142,0.717313333,0.779606333,0.744245617
9,1,18,0.77047619,0.77047619,0.762771428,0.737191619,0.714615125
9,1,19,0.778664966,0.802024915,0.782441491,0.748324934,0.785642717
9,1,20,0.778664966,0.856531463,0.80124625,0.893362315,0.840775761
9,1,21,0.783681973,0.86205017,0.814637411,0.75451333,0.763534685
9,1,22,0.783681973,0.775845153,0.748573021,0.78475405,0.719088601
9,1,23,0.783528912,0.830540647,0.790894084,0.785621457,0.861457977
9,1,24,0.783528912,0.728681888,0.801471724,0.763515233,0.815457406
9,1,25,0.784217687,0.792059864,0.740850449,0.75692848,0.791569544
9,1,26,0.784217687,0.815586394,0.879892245,0.85962806,0.793089542
9,1,27,0.787967687,0.827366071,0.791513542,0.834373731,0.875129678
9,1,28,0.787967687,0.851005102,0.868655578,0.75228851,0.823129012
9,1,29,0.784438776,0.776594388,0.718075256,0.736911722,0.791705287
9,1,30,0.784438776,0.784438776,0.800127552,0.813358419,0.859238151
9,1,31,0.765221088,0.772873299,0.769047193,0.838261441,0.817804786
9,1,32,0.765221088,0.841743197,0.763308035,0.718982604,0.80320628
9,1,33,0.698988095,0.657048809,0.671238268,0.689273558,0.672345811
9,1,34,0.698988095,0.636079166,0.714260985,0.703602698,0.715762046
9,1,35,0.127933673,0.139447704,0.135027595,0.126088144,0.12287558
9,1,36,0.127933673,0.118978316,0.125925114,0.119307873,0.11073262
9,1,37,0.0,0.0,0.0,0.0,0.0
9,1,38,0.0,0.0,0.0,0.0,0.0
9,1,39,0.0,0.0,0.0,0.0,0.0
9,1,40,0.0,0.0,0.0,0.0,0.0
9,1,41,0.0,0.0,0.0,0.0,0.0
9,1,42,0.0,0.0,0.0,0.0,0.0
9,1,43,0.0,0.0,0.0,0.0,0.0
9,1,44,0.0,0.0,0.0,0.0,0.0
9,1,45,0.0,0.0,0.0,0.0,0.0
9,1,46,0.0,0.0,0.0,0.0,0.0
9,1,47,0.0,0.0,0.0,0.0,0.0
9,1,48,0.0,0.0,0.0,0.0,0.0
9,2,1,0.0,0.0,0.0,0.0,0.0
9,2,2,0.0,0.0,0.0,0.0,0.0
9,2,3,0.0,0.0,0.0,0.0,0.0
9,2,4,0.0,0.0,0.0,0.0,0.0
9,2,5,0.0,0.0,0.0,0.0,0.0
9,2,6,0.0,0.0,0.0,0.0,0.0
9,2,7,0.0,0.0,0.0,0.0,0.0
9,2,8,0.0,0.0,0.0,0.0,0.0
9,2,9,0.0,0.0,0.0,0.0,0.0
9,2,10,0.0,0.0,0.0,0.0,0.0
9,2,11,0.0,0.0,0.0,0.0,0.0
9,2,12,0.0,0.0,0.0,0.0,0.0
9,2,13,0.058007653,0.052786964,0.060937039,0.061250958,0.06057548
9,2,14,0.058007653,0.060327959,0.059759484,0.065301535,0.059023683
9,2,15,0.567295918,0.544604081,0.5726285,0.5615095,0.589584975
9,2,16,0.567295918,0.533258163,0.511757648,0.526688498,0.508012554
9,2,17,0.775314626,0.821833504,0.782602583,0.761520228,0.722492316
9,2,18,0.775314626,0.845092942,0.850713973,0.906077899,0.768312873
9,2,19,0.78630102,0.762711989,0.720291049,0.763999033,0.796242062
9,2,20,0.78630102,0.715533928,0.788463348,0.771067093,0.803608415
9,2,21,0.79252551,0.855927551,0.873680122,0.781861287,0.834258604
9,2,22,0.79252551,0.744973979,0.714937263,0.773336618,0.764007776
9,2,23,0.788163265,0.732991836,0.752971775,0.742881446,0.769337122
9,2,24,0.788163265,0.827571428,0.848260714,0.739198622,0.760758582
9,2,25,0.782585034,0.798236735,0.853643755,0.876407589,0.827718278
9,2,26,0.782585034,0.751281633,0.789941333,0.821078827,0.85698166
9,2,27,0.780833333,0.7496,0.703999333,0.677777909,0.728052644
9,2,28,0.780833333,0.788641666,0.792584875,0.716491495,0.754245085
9,2,29,0.773129252,0.757666667,0.811321837,0.827548274,0.855809828
9,2,30,0.773129252,0.695816327,0.712438606,0.719856781,0.761575753
9,2,31,0.75710034,0.71167432,0.71235571,0.697961718,0.784552594
9,2,32,0.75710034,0.772242347,0.841138478,0.845471615,0.771828667
9,2,33,0.68077381,0.694389286,0.749463887,0.771947804,0.753109445
9,2,34,0.68077381,0.721620239,0.666137173,0.675720199,0.706644741
9,2,35,0.126139456,0.138753402,0.131121965,0.137285138,0.13732474
9,2,36,0.126139456,0.131185034,0.135095357,0.143887277,0.126032174
9,2,37,0.0,0.0,0.0,0.0,0.0
9,2,38,0.0,0.0,0.0,0.0,0.0
9,2,39,0.0,0.0,0.0,0.0,0.0
9,2,40,0.0,0.0,0.0,0.0,0.0
9,2,41,0.0,0.0,0.0,0.0,0.0
9,2,42,0.0,0.0,0.0,0.0,0.0
9,2,43,0.0,0.0,0.0,0.0,0.0
9,2,44,0.0,0.0,0.0,0.0,0.0
9,2,45,0.0,0.0,0.0,0.0,0.0
9,2,46,0.0,0.0,0.0,0.0,0.0
9,2,47,0.0,0.0,0.0,0.0,0.0
9,2,48,0.0,0.0,0.0,0.0,0.0
9,3,1,0.0,0.0,0.0,0.0,0.0
9,3,2,0.0,0.0,0.0,0.0,0.0
9,3,3,0.0,0.0,0.0,0.0,0.0
9,3,4,0.0,0.0,0.0,0.0,0.0
9,3,5,0.0,0.0,0.0,0.0,0.0
9,3,6,0.0,0.0,0.0,0.0,0.0
9,3,7,0.0,0.0,0.0,0.0,0.0
9,3,8,0.0,0.0,0.0,0.0,0.0
9,3,9,0.0,0.0,0.0,0.0,0.0
9,3,10,0.0,0.0,0.0,0.0,0.0
9,3,11,0.0,0.0,0.0,0.0,0.0
9,3,12,0.0,0.0,0.0,0.0,0.0
9,3,13,0.060836735,0.057186531,0.054290702,0.061458649,0.060196449
9,3,14,0.060836735,0.063878572,0.0611105,0.059464258,0.061935741
9,3,15,0.582491497,0.570841667,0.576666582,0.63433324,0.549707419
9,3,16,0.582491497,0.617440987,0.581967255,0.564268251,0.586541997
9,3,17,0.786096939,0.864706633,0.907941965,0.895560938,0.785854723
9,3,18,0.786096939,0.825401786,0.789634375,0.744351261,0.825689645
9,3,19,0.800578231,0.824595578,0.788209297,0.828594866,0.834809328
9,3,20,0.800578231,0.760549319,0.819591964,0.78563744,0.752009777
9,3,21,0.807414966,0.750895918,0.802530105,0.865641696,0.798554465
9,3,22,0.807414966,0.799340816,0.755175218,0.818802747,0.787231602
9,3,23,0.803971088,0.812010799,0.783751215,0.799911034,0.759915482
9,3,24,0.803971088,0.73161369,0.721724846,0.775009637,0.69743343
9,3,25,0.798605442,0.726730952,0.709281423,0.797013688,0.712433404
9,3,26,0.798605442,0.798605442,0.870479932,0.756758517,0.878662443
9,3,27,0.795348639,0.843069557,0.884745826,0.841054674,0.807412487
9,3,28,0.795348639,0.77148818,0.830423514,0.767123306,0.727808237
9,3,29,0.785493197,0.801203061,0.769547685,0.82468538,0.731613744
9,3,30,0.785493197,0.801203061,0.872682942,0.746011691,0.785320768
9,3,31,0.768809524,0.814938095,0.799792548,0.762732854,0.833762351
9,3,32,0.768809524,0.80725,0.764388869,0.858164411,0.759670541
9,3,33,0.687712585,0.653326956,0.697340561,0.713433036,0.729230481
9,3,34,0.687712585,0.632695578,0.680010204,0.680142245,0.650035948
9,3,35,0.128426871,0.136132483,0.133602474,0.124757373,0.14380278
9,3,36,0.128426871,0.116868453,0.128780045,0.133420215,0.124336418
9,3,37,0.0,0.0,0.0,0.0,0.0
9,3,38,0.0,0.0,0.0,0.0,0.0
9,3,39,0.0,0.0,0.0,0.0,0.0
9,3,40,0.0,0.0,0.0,0.0,0.0
9,3,41,0.0,0.0,0.0,0.0,0.0
9,3,42,0.0,0.0,0.0,0.0,0.0
9,3,43,0.0,0.0,0.0,0.0,0.0
9,3,44,0.0,0.0,0.0,0.0,0.0
9,3,45,0.0,0.0,0.0,0.0,0.0
9,3,46,0.0,0.0,0.0,0.0,0.0
9,3,47,0.0,0.0,0.0,0.0,0.0
9,3,48,0.0,0.0,0.0,0.0,0.0
9,4,1,0.0,0.0,0.0,0.0,0.0
9,4,2,0.0,0.0,0.0,0.0,0.0
9,4,3,0.0,0.0,0.0,0.0,0.0
9,4,4,0.0,0.0,0.0,0.0,0.0
9,4,5,0.0,0.0,0.0,0.0,0.0
9,4,6,0.0,0.0,0.0,0.0,0.0
9,4,7,0.0,0.0,0.0,0.0,0.0
9,4,8,0.0,0.0,0.0,0.0,0.0
9,4,9,0.0,0.0,0.0,0.0,0.0
9,4,10,0.0,0.0,0.0,0.0,0.0
9,4,11,0.0,0.0,0.0,0.0,0.0
9,4,12,0.0,0.0,0.0,0.0,0.0
9,4,13,0.068383503,0.067015833,0.067022671,0.066124522,0.060422969
9,4,14,0.068383503,0.075221853,0.066776491,0.071529828,0.065544464
9,4,15,0.595255102,0.636922959,0.622249921,0.649049794,0.588317277
9,4,16,0.595255102,0.589302551,0.54489652,0.547660488,0.586357025
9,4,17,0.791522109,0.775691667,0.783606888,0.846295439,0.807271816
9,4,18,0.791522109,0.744030782,0.798487504,0.762453196,0.781864632
9,4,19,0.801147959,0.833193877,0.808999209,0.847024896,0.880172889
9,4,20,0.801147959,0.809159439,0.756844477,0.765379106,0.759638763
9,4,21,0.807176871,0.726459184,0.789822568,0.728017035,0.732354158
9,4,22,0.807176871,0.799105102,0.738889708,0.797358372,0.793488838
9,4,23,0.804498299,0.724048469,0.817772521,0.72735898,0.760735371
9,4,24,0.804498299,0.756228401,0.764756083,0.728651272,0.794074854
9,4,25,0.797797619,0.8376875,0.899516815,0.853450651,0.787815226
9,4,26,0.797797619,0.765885714,0.72711275,0.710146786,0.705221574
9,4,27,0.794821429,0.731235715,0.747768,0.750362298,0.808970141
9,4,28,0.794821429,0.770976786,0.775070116,0.717866288,0.764683655
9,4,29,0.786054422,0.864659864,0.792342857,0.830639429,0.752950212
9,4,30,0.786054422,0.754612245,0.731816667,0.696894889,0.697803882
9,4,31,0.77082483,0.840199065,0.741070992,0.831073526,0.835581708
9,4,32,0.77082483,0.732283589,0.811678546,0.694436089,0.677075187
9,4,33,0.696632653,0.724497959,0.710565306,0.710565306,0.660825735
9,4,34,0.696632653,0.752363265,0.70276302,0.659872741,0.738053316
9,4,35,0.130467687,0.139600425,0.140435418,0.143676236,0.149628537
9,4,36,0.130467687,0.126553656,0.132365992,0.122008032,0.117620934
9,4,37,0.0,0.0,0.0,0.0,0.0
9,4,38,0.0,0.0,0.0,0.0,0.0
9,4,39,0.0,0.0,0.0,0.0,0.0
9,4,40,0.0,0.0,0.0,0.0,0.0
9,4,41,0.0,0.0,0.0,0.0,0.0
9,4,42,0.0,0.0,0.0,0.0,0.0
9,4,43,0.0,0.0,0.0,0.0,0.0
9,4,44,0.0,0.0,0.0,0.0,0.0
9,4,45,0.0,0.0,0.0,0.0,0.0
9,4,46,0.0,0.0,0.0,0.0,0.0
9,4,47,0.0,0.0,0.0,0.0,0.0
9,4,48,0.0,0.0,0.0,0.0,0.0
9,5,1,0.0,0.0,0.0,0.0,0.0
9,5,2,0.0,0.0,0.0,0.0,0.0
9,5,3,0.0,0.0,0.0,0.0,0.0
9,5,4,0.0,0.0,0.0,0.0,0.0
9,5,5,0.0,0.0,0.0,0.0,0.0
9,5,6,0.0,0.0,0.0,0.0,0.0
9,5,7,0.0,0.0,0.0,0.0,0.0
9,5,8,0.0,0.0,0.0,0.0,0.0
9,5,9,0.0,0.0,0.0,0.0,0.0
9,5,10,0.0,0.0,0.0,0.0,0.0
9,5,11,0.0,0.0,0.0,0.0,0.0
9,5,12,0.0,0.0,0.0,0.0,0.0
9,5,13,0.068343537,0.062192619,0.067878801,0.069445235,0.061607844
9,5,14,0.068343537,0.067660102,0.074121983,0.064438524,0.070013857
9,5,15,0.594991497,0.541442262,0.56821688,0.585263386,0.595377646
9,5,16,0.594991497,0.648540732,0.59689547,0.595071623,0.596697334
9,5,17,0.780527211,0.780527211,0.74150085,0.836595082,0.722004582
9,5,18,0.780527211,0.835164116,0.86439486,0.884564073,0.790692811
9,5,19,0.794234694,0.722753572,0.766079074,0.707750875,0.792566827
9,5,20,0.794234694,0.714811225,0.74697773,0.676807094,0.696547301
9,5,21,0.799285714,0.7833,0.870422143,0.74407905,0.727337271
9,5,22,0.799285714,0.735342857,0.751968,0.769820845,0.825232702
9,5,23,0.799736395,0.871712671,0.802295551,0.742123385,0.779847991
9,5,24,0.799736395,0.735757483,0.714004653,0.727337859,0.729324916
9,5,25,0.792423469,0.863741581,0.894329127,0.918177904,0.884511381
9,5,26,0.792423469,0.839968877,0.734576556,0.749540152,0.841457445
9,5,27,0.789268707,0.749805272,0.838795318,0.768844406,0.755211289
9,5,28,0.789268707,0.805054081,0.852962692,0.734185644,0.755599392
9,5,29,0.781139456,0.820196429,0.864721378,0.879560424,0.878224643
9,5,30,0.781139456,0.796762245,0.749503308,0.713737536,0.805902775
9,5,31,0.764277211,0.741348895,0.828094358,0.754569617,0.718027444
9,5,32,0.764277211,0.756634439,0.745246708,0.770493842,0.736388159
9,5,33,0.682891156,0.628259864,0.68179853,0.611171195,0.677071394
9,5,34,0.682891156,0.74435136,0.784983384,0.715286374,0.724559288
9,5,35,0.130297619,0.1368125,0.144239464,0.145343519,0.133606345
9,5,36,0.130297619,0.122479762,0.116277595,0.124248509,0.128258906
9,5,37,0.0,0.0,0.0,0.0,0.0
9,5,38,0.0,0.0,0.0,0.0,0.0
9,5,39,0.0,0.0,0.0,0.0,0.0
9,5,40,0.0,0.0,0.0,0.0,0.0
9,5,41,0.0,0.0,0.0,0.0,0.0
9,5,42,0.0,0.0,0.0,0.0,0.0
9,5,43,0.0,0.0,0.0,0.0,0.0
9,5,44,0.0,0.0,0.0,0.0,0.0
9,5,45,0.0,0.0,0.0,0.0,0.0
9,5,46,0.0,0.0,0.0,0.0,0.0
9,5,47,0.0,0.0,0.0,0.0,0.0
9,5,48,0.0,0.0,0.0,0.0,0.0
9,6,1,0.0,0.0,0.0,0.0,0.0
9,6,2,0.0,0.0,0.0,0.0,0.0
9,6,3,0.0,0.0,0.0,0.0,0.0
9,6,4,0.0,0.0,0.0,0.0,0.0
9,6,5,0.0,0.0,0.0,0.0,0.0
9,6,6,0.0,0.0,0.0,0.0,0.0
9,6,7,0.0,0.0,0.0,0.0,0.0
9,6,8,0.0,0.0,0.0,0.0,0.0
9,6,9,0.0,0.0,0.0,0.0,0.0
9,6,10,0.0,0.0,0.0,0.0,0.0
9,6,11,0.0,0.0,0.0,0.0,0.0
9,6,12,0.0,0.0,0.0,0.0,0.0
9,6,13,0.054233844,0.054776182,0.058320364,0.061354477,0.054884368
9,6,14,0.054233844,0.054233844,0.049352798,0.05208076,0.047752534
9,6,15,0.543061224,0.559353061,0.606327857,0.529710064,0.54842079
9,6,16,0.543061224,0.499616326,0.552619102,0.515812584,0.506666217
9,6,17,0.745263605,0.760168877,0.805406378,0.77027962,0.70865725
9,6,18,0.745263605,0.752716241,0.711540427,0.677586217,0.743429921
9,6,19,0.769515306,0.761820153,0.689100957,0.680933834,0.703582286
9,6,20,0.769515306,0.815686224,0.856008826,0.748637843,0.821385911
9,6,21,0.778409864,0.825114456,0.825815025,0.874562164,0.908572915
9,6,22,0.778409864,0.755057568,0.797403065,0.761417696,0.773072048
9,6,23,0.777882653,0.700094388,0.70942898,0.7510094,0.66114347
9,6,24,0.777882653,0.78566148,0.734865742,0.842750287,0.76958424
9,6,25,0.774991497,0.813741072,0.794366284,0.770535296,0.788408537
9,6,26,0.774991497,0.759491667,0.728879503,0.769543307,0.796137818
9,6,27,0.777346939,0.847308164,0.731094796,0.777397467,0.830284052
9,6,28,0.777346939,0.777346939,0.746253061,0.836010721,0.807766598
9,6,29,0.765816327,0.834739796,0.768266939,0.710646919,0.746771471
9,6,30,0.765816327,0.765816327,0.704551021,0.678309048,0.699478253
9,6,31,0.734158163,0.704791836,0.69789075,0.719403052,0.642654855
9,6,32,0.734158163,0.668083928,0.701121046,0.694109835,0.734336655
9,6,33,0.638835034,0.664388435,0.697224556,0.626807048,0.604268667
9,6,34,0.638835034,0.677165136,0.658000085,0.671160087,0.727419094
9,6,35,0.117585034,0.129343537,0.113587143,0.122575343,0.113526398
9,6,36,0.117585034,0.109354082,0.120277731,0.114581559,0.12468557
9,6,37,0.0,0.0,0.0,0.0,0.0
9,6,38,0.0,0.0,0.0,0.0,0.0
9,6,39,0.0,0.0,0.0,0.0,0.0
9,6,40,0.0,0.0,0.0,0.0,0.0
9,6,41,0.0,0.0,0.0,0.0,0.0
9,6,42,0.0,0.0,0.0,0.0,0.0
9,6,43,0.0,0.0,0.0,0.0,0.0
9,6,44,0.0,0.0,0.0,0.0,0.0
9,6,45,0.0,0.0,0.0,0.0,0.0
9,6,46,0.0,0.0,0.0,0.0,0.0
9,6,47,0.0,0.0,0.0,0.0,0.0
9,6,48,0.0,0.0,0.0,0.0,0.0
9,7,1,0.0,0.0,0.0,0.0,0.0
9,7,2,0.0,0.0,0.0,0.0,0.0
9,7,3,0.0,0.0,0.0,0.0,0.0
9,7,4,0.0,0.0,0.0,0.0,0.0
9,7,5,0.0,0.0,0.0,0.0,0.0
9,7,6,0.0,0.0,0.0,0.0,0.0
9,7,7,0.0,0.0,0.0,0.0,0.0
9,7,8,0.0,0.0,0.0,0.0,0.0
9,7,9,0.0,0.0,0.0,0.0,0.0
9,7,10,0.0,0.0,0.0,0.0,0.0
9,7,11,0.0,0.0,0.0,0.0,0.0
9,7,12,0.0,0.0,0.0,0.0,0.0
9,7,13,0.042512755,0.044213265,0.045097531,0.042183536,0.044806825
9,7,14,0.042512755,0.041237372,0.038106308,0.040618812,0.038994059
9,7,15,0.116241497,0.120891157,0.122123317,0.12573959,0.12124889
9,7,16,0.116241497,0.116241497,0.115079082,0.113536945,0.106052775
9,7,17,0.212355442,0.197490561,0.188529161,0.20544214,0.208992499
9,7,18,0.212355442,0.218726105,0.204763735,0.228904302,0.233482388
9,7,19,0.330459184,0.353591327,0.348865761,0.347748478,0.324456216
9,7,20,0.330459184,0.353591327,0.372807528,0.327625992,0.325353747
9,7,21,0.33667517,0.346775425,0.372480574,0.330858433,0.346697401
9,7,22,0.33667517,0.323208163,0.353037583,0.327511096,0.308299363
9,7,23,0.395102041,0.379297959,0.3872,0.356224,0.35668864
9,7,24,0.395102041,0.430661225,0.396366368,0.427745372,0.412468751
9,7,25,0.373562925,0.377298554,0.364167817,0.375393197,0.365153511
9,7,26,0.373562925,0.336206633,0.330042844,0.381264547,0.362374622
9,7,27,0.340127551,0.357133929,0.362575969,0.363877524,0.352369456
9,7,28,0.340127551,0.309516071,0.321573593,0.307552118,0.300510793
9,7,29,0.335195578,0.358659268,0.336519601,0.315981497,0.306295977
9,7,30,0.335195578,0.355307313,0.372871561,0.368636477,0.390222978
9,7,31,0.372602041,0.372602041,0.36142398,0.402074862,0.411121547
9,7,32,0.372602041,0.391232143,0.408651288,0.398645061,0.432060897
9,7,33,0.195833333,0.197791666,0.1968125,0.214525625,0.181116703
9,7,34,0.195833333,0.182125,0.187089375,0.188349236,0.195883205
9,7,35,0.026986395,0.027256259,0.026036474,0.025154127,0.028994145
9,7,36,0.026986395,0.028335715,0.026278002,0.027472038,0.026449996
9,7,37,0.0,0.0,0.0,0.0,0.0
9,7,38,0.0,0.0,0.0,0.0,0.0
9,7,39,0.0,0.0,0.0,0.0,0.0
9,7,40,0.0,0.0,0.0,0.0,0.0
9,7,41,0.0,0.0,0.0,0.0,0.0
9,7,42,0.0,0.0,0.0,0.0,0.0
9,7,43,0.0,0.0,0.0,0.0,0.0
9,7,44,0.0,0.0,0.0,0.0,0.0
9,7,45,0.0,0.0,0.0,0.0,0.0
9,7,46,0.0,0.0,0.0,0.0,0.0
9,7,47,0.0,0.0,0.0,0.0,0.0
9,7,48,0.0,0.0,0.0,0.0,0.0
9,8,1,0.0,0.0,0.0,0.0,0.0
9,8,2,0.0,0.0,0.0,0.0,0.0
9,8,3,0.0,0.0,0.0,0.0,0.0
9,8,4,0.0,0.0,0.0,0.0,0.0
9,8,5,0.0,0.0,0.0,0.0,0.0
9,8,6,0.0,0.0,0.0,0.0,0.0
9,8,7,0.0,0.0,0.0,0.0,0.0
9,8,8,0.0,0.0,0.0,0.0,0.0
9,8,9,0.0,0.0,0.0,0.0,0.0
9,8,10,0.0,0.0,0.0,0.0,0.0
9,8,11,0.0,0.0,0.0,0.0,0.0
9,8,12,0.0,0.0,0.0,0.0,0.0
9,8,13,0.057306973,0.055587764,0.057576316,0.055687211,0.056539566
9,8,14,0.057306973,0.055014694,0.059530484,0.05671121,0.051426756
9,8,15,0.382389456,0.374741667,0.408850806,0.388660643,0.411980282
9,8,16,0.382389456,0.409156718,0.395773087,0.356195778,0.416749061
9,8,17,0.518341837,0.502791582,0.510566709,0.500355375,0.477533043
9,8,18,0.518341837,0.497608164,0.4774965,0.462968415,0.493994766
9,8,19,0.675195578,0.648187755,0.61537325,0.704414892,0.60132151
9,8,20,0.675195578,0.681947534,0.644642978,0.653916789,0.604172405
9,8,21,0.738605442,0.70167517,0.792154337,0.669730485,0.776329253
9,8,22,0.738605442,0.775535714,0.787353401,0.721134961,0.808553396
9,8,23,0.706284014,0.642718453,0.627286147,0.619237099,0.648881428
9,8,24,0.706284014,0.755723895,0.738313994,0.777447072,0.692331287
9,8,25,0.714073129,0.735495323,0.753775595,0.785859377,0.769719882
9,8,26,0.714073129,0.778339711,0.723820227,0.79045646,0.691538591
9,8,27,0.708146259,0.693983334,0.750139332,0.767642583,0.795675886
9,8,28,0.708146259,0.722309184,0.686618613,0.733919006,0.776895609
9,8,29,0.666998299,0.660328316,0.696846473,0.694966094,0.638997708
9,8,30,0.666998299,0.700348214,0.663163059,0.744520176,0.700695011
9,8,31,0.632772109,0.63909983,0.61685789,0.654759674,0.572285138
9,8,32,0.632772109,0.658082993,0.651881827,0.608724238,0.688894515
9,8,33,0.543120748,0.499671088,0.542251755,0.517780906,0.515192002
9,8,34,0.543120748,0.548551955,0.529461261,0.545781768,0.56881538
9,8,35,0.060723639,0.057080221,0.05890193,0.056545853,0.063561072
9,8,36,0.060723639,0.066188767,0.065994451,0.070732514,0.061296154
9,8,37,0.0,0.0,0.0,0.0,0.0
9,8,38,0.0,0.0,0.0,0.0,0.0
9,8,39,0.0,0.0,0.0,0.0,0.0
9,8,40,0.0,0.0,0.0,0.0,0.0
9,8,41,0.0,0.0,0.0,0.0,0.0
9,8,42,0.0,0.0,0.0,0.0,0.0
9,8,43,0.0,0.0,0.0,0.0,0.0
9,8,44,0.0,0.0,0.0,0.0,0.0
9,8,45,0.0,0.0,0.0,0.0,0.0
9,8,46,0.0,0.0,0.0,0.0,0.0
9,8,47,0.0,0.0,0.0,0.0,0.0
9,8,48,0.0,0.0,0.0,0.0,0.0
9,9,1,0.0,0.0,0.0,0.0,0.0
9,9,2,0.0,0.0,0.0,0.0,0.0
9,9,3,0.0,0.0,0.0,0.0,0.0
9,9,4,0.0,0.0,0.0,0.0,0.0
9,9,5,0.0,0.0,0.0,0.0,0.0
9,9,6,0.0,0.0,0.0,0.0,0.0
9,9,7,0.0,0.0,0.0,0.0,0.0
9,9,8,0.0,0.0,0.0,0.0,0.0
9,9,9,0.0,0.0,0.0,0.0,0.0
9,9,10,0.0,0.0,0.0,0.0,0.0
9,9,11,0.0,0.0,0.0,0.0,0.0
9,9,12,0.0,0.0,0.0,0.0,0.0
9,9,13,0.090017007,0.084615987,0.082950672,0.0772751,0.082040397
9,9,14,0.090017007,0.081015306,0.077819703,0.074655605,0.07683306
9,9,15,0.642602041,0.591193878,0.635404898,0.685373633,0.600324996
9,9,16,0.642602041,0.604045919,0.560991582,0.614597444,0.581336876
9,9,17,0.776768707,0.776768707,0.854445578,0.778581167,0.732909757
9,9,18,0.776768707,0.776768707,0.706859523,0.798673585,0.695938544
9,9,19,0.792763605,0.864112329,0.820153588,0.842190037,0.788314645
9,9,20,0.792763605,0.713487245,0.715469154,0.762790534,0.723743805
9,9,21,0.794294218,0.730750681,0.701520653,0.727344747,0.701553696
9,9,22,0.794294218,0.810180102,0.882460876,0.828978399,0.837268183
9,9,23,0.79460034,0.77076233,0.704413201,0.786855635,0.840573664
9,9,24,0.79460034,0.866114371,0.88848237,0.883721655,0.780989012
9,9,25,0.790671769,0.774858334,0.782765051,0.7592821,0.76912537
9,9,26,0.790671769,0.711604592,0.698558508,0.799636669,0.675106096
9,9,27,0.792015306,0.823695918,0.880562617,0.773844891,0.768477902
9,9,28,0.792015306,0.784095153,0.843219096,0.725798866,0.817733389
9,9,29,0.784098639,0.838985544,0.852119196,0.866321183,0.89385782
9,9,30,0.784098639,0.84682653,0.790998707,0.742723322,0.862366361
9,9,31,0.764064626,0.779345919,0.810290536,0.863023729,0.788097578
9,9,32,0.764064626,0.733502041,0.778734667,0.743591769,0.770072741
9,9,33,0.704982993,0.648584354,0.730926367,0.722624487,0.70177955
9,9,34,0.704982993,0.648584354,0.744462041,0.643395679,0.733331205
9,9,35,0.141743197,0.153082653,0.162154217,0.13709402,0.155944448
9,9,36,0.141743197,0.147412925,0.151806964,0.152867203,0.163303329
9,9,37,0.0,0.0,0.0,0.0,0.0
9,9,38,0.0,0.0,0.0,0.0,0.0
9,9,39,0.0,0.0,0.0,0.0,0.0
9,9,40,0.0,0.0,0.0,0.0,0.0
9,9,41,0.0,0.0,0.0,0.0,0.0
9,9,42,0.0,0.0,0.0,0.0,0.0
9,9,43,0.0,0.0,0.0,0.0,0.0
9,9,44,0.0,0.0,0.0,0.0,0.0
9,9,45,0.0,0.0,0.0,0.0,0.0
9,9,46,0.0,0.0,0.0,0.0,0.0
9,9,47,0.0,0.0,0.0,0.0,0.0
9,9,48,0.0,0.0,0.0,0.0,0.0
9,10,1,0.0,0.0,0.0,0.0,0.0
9,10,2,0.0,0.0,0.0,0.0,0.0
9,10,3,0.0,0.0,0.0,0.0,0.0
9,10,4,0.0,0.0,0.0,0.0,0.0
9,10,5,0.0,0.0,0.0,0.0,0.0
9,10,6,0.0,0.0,0.0,0.0,0.0
9,10,7,0.0,0.0,0.0,0.0,0.0
9,10,8,0.0,0.0,0.0,0.0,0.0
9,10,9,0.0,0.0,0.0,0.0,0.0
9,10,10,0.0,0.0,0.0,0.0,0.0
9,10,11,0.0,0.0,0.0,0.0,0.0
9,10,12,0.0,0.0,0.0,0.0,0.0
9,10,13,0.098426871,0.093505527,0.087329241,0.092156341,0.09378304
9,10,14,0.098426871,0.089568453,0.098697545,0.086007861,0.087584671
9,10,15,0.659676871,0.626693027,0.656048648,0.595675021,0.678940029
9,10,16,0.659676871,0.653080102,0.689197411,0.660644947,0.639023839
9,10,17,0.777176871,0.847122789,0.795906834,0.847072273,0.898501661
9,10,18,0.777176871,0.854894558,0.840516786,0.815954111,0.756364735
9,10,19,0.785765306,0.801480612,0.76981427,0.714974924,0.783368954
9,10,20,0.785765306,0.707188775,0.709153189,0.778077902,0.68544259
9,10,21,0.78412415,0.768441667,0.768520079,0.851064829,0.777176928
9,10,22,0.78412415,0.713552977,0.801257263,0.689680317,0.78451136
9,10,23,0.78829932,0.78829932,0.835597279,0.779943347,0.718231335
9,10,24,0.78829932,0.780416327,0.745139932,0.786710897,0.798395868
9,10,25,0.790204082,0.750693878,0.75504,0.780618906,0.799904785
9,10,26,0.790204082,0.790204082,0.821812245,0.800740136,0.776717932
9,10,27,0.792942177,0.753295068,0.834968112,0.722298958,0.721564753
9,10,28,0.792942177,0.816730442,0.80483631,0.764594494,0.762984822
9,10,29,0.78917517,0.797066922,0.785189835,0.814191628,0.828262124
9,10,30,0.78917517,0.78917517,0.726041156,0.791174414,0.719719074
9,10,31,0.770127551,0.808633929,0.765699318,0.81274641,0.71826464
9,10,32,0.770127551,0.747023724,0.834433202,0.713313958,0.74323787
9,10,33,0.715459184,0.744077551,0.707875317,0.664673029,0.700941058
9,10,34,0.715459184,0.765541327,0.72569025,0.706141044,0.720925872
9,10,35,0.146879252,0.160098385,0.15195393,0.149917645,0.155256549
9,10,36,0.146879252,0.139535289,0.136046907,0.145045097,0.143295403
9,10,37,0.0,0.0,0.0,0.0,0.0
9,10,38,0.0,0.0,0.0,0.0,0.0
9,10,39,0.0,0.0,0.0,0.0,0.0
9,10,40,0.0,0.0,0.0,0.0,0.0
9,10,41,0.0,0.0,0.0,0.0,0.0
9,10,42,0.0,0.0,0.0,0.0,0.0
9,10,43,0.0,0.0,0.0,0.0,0.0
9,10,44,0.0,0.0,0.0,0.0,0.0
9,10,45,0.0,0.0,0.0,0.0,0.0
9,10,46,0.0,0.0,0.0,0.0,0.0
9,10,47,0.0,0.0,0.0,0.0,0.0
9,10,48,0.0,0.0,0.0,0.0,0.0
9,11,1,0.0,0.0,0.0,0.0,0.0
9,11,2,0.0,0.0,0.0,0.0,0.0
9,11,3,0.0,0.0,0.0,0.0,0.0
9,11,4,0.0,0.0,0.0,0.0,0.0
9,11,5,0.0,0.0,0.0,0.0,0.0
9,11,6,0.0,0.0,0.0,0.0,0.0
9,11,7,0.0,0.0,0.0,0.0,0.0
9,11,8,0.0,0.0,0.0,0.0,0.0
9,11,9,0.0,0.0,0.0,0.0,0.0
9,11,10,0.0,0.0,0.0,0.0,0.0
9,11,11,0.0,0.0,0.0,0.0,0.0
9,11,12,0.0,0.0,0.0,0.0,0.0
9,11,13,0.110501701,0.110501701,0.110501701,0.103871599,0.115374826
9,11,14,0.110501701,0.113816752,0.123375149,0.120533782,0.112374572
9,11,15,0.685901361,0.617311225,0.651606293,0.605993852,0.582584896
9,11,16,0.685901361,0.617311225,0.612509915,0.632188425,0.59238929
9,11,17,0.800841837,0.760799745,0.780820791,0.796437207,0.769030397
9,11,18,0.800841837,0.816858674,0.736053732,0.863043222,0.876577309
9,11,19,0.8075,0.783275,0.827203,0.77375296,0.750056776
9,11,20,0.8075,0.88825,0.7630875,0.8851815,0.760764323
9,11,21,0.806045918,0.822166836,0.732695739,0.786969498,0.865666448
9,11,22,0.806045918,0.757683163,0.852232349,0.748948043,0.822876463
9,11,23,0.806955782,0.831164455,0.794488315,0.794652127,0.726133653
9,11,24,0.806955782,0.758538435,0.821884464,0.795792894,0.756003249
9,11,25,0.804285714,0.756028571,0.826966571,0.827590697,0.723346099
9,11,26,0.804285714,0.828414285,0.865331,0.79104315,0.863381964
9,11,27,0.806828231,0.863306207,0.751560497,0.807231645,0.791087012
9,11,28,0.806828231,0.750350255,0.786375135,0.843679304,0.741031655
9,11,29,0.804540816,0.860858673,0.74942977,0.861289102,0.786268407
9,11,30,0.804540816,0.876949489,0.765078089,0.758436202,0.745163569
9,11,31,0.790102041,0.734794898,0.7471995,0.689202587,0.762534499
9,11,32,0.790102041,0.734794898,0.693828107,0.732179265,0.678707992
9,11,33,0.731641156,0.775539625,0.79126991,0.812119244,0.816524608
9,11,34,0.731641156,0.687742687,0.72388576,0.771577057,0.757860131
9,11,35,0.155357143,0.139821429,0.156444643,0.146024839,0.150906134
9,11,36,0.155357143,0.155357143,0.141375,0.165766072,0.142106732
9,11,37,0.0,0.0,0.0,0.0,0.0
9,11,38,0.0,0.0,0.0,0.0,0.0
9,11,39,0.0,0.0,0.0,0.0,0.0
9,11,40,0.0,0.0,0.0,0.0,0.0
9,11,41,0.0,0.0,0.0,0.0,0.0
9,11,42,0.0,0.0,0.0,0.0,0.0
9,11,43,0.0,0.0,0.0,0.0,0.0
9,11,44,0.0,0.0,0.0,0.0,0.0
9,11,45,0.0,0.0,0.0,0.0,0.0
9,11,46,0.0,0.0,0.0,0.0,0.0
9,11,47,0.0,0.0,0.0,0.0,0.0
9,11,48,0.0,0.0,0.0,0.0,0.0
9,12,1,0.0,0.0,0.0,0.0,0.0
9,12,2,0.0,0.0,0.0,0.0,0.0
9,12,3,0.0,0.0,0.0,0.0,0.0
9,12,4,0.0,0.0,0.0,0.0,0.0
9,12,5,0.0,0.0,0.0,0.0,0.0
9,12,6,0.0,0.0,0.0,0.0,0.0
9,12,7,0.0,0.0,0.0,0.0,0.0
9,12,8,0.0,0.0,0.0,0.0,0.0
9,12,9,0.0,0.0,0.0,0.0,0.0
9,12,10,0.0,0.0,0.0,0.0,0.0
9,12,11,0.0,0.0,0.0,0.0,0.0
9,12,12,0.0,0.0,0.0,0.0,0.0
9,12,13,0.118511905,0.127992857,0.134345096,0.132027951,0.126937258
9,12,14,0.118511905,0.120882143,0.108924292,0.116106113,0.111461869
9,12,15,0.694931973,0.632388095,0.610567231,0.710558677,0.609142575
9,12,16,0.694931973,0.639337415,0.660463347,0.718103785,0.657862856
9,12,17,0.804387755,0.748080612,0.838332918,0.741148398,0.798647169
9,12,18,0.804387755,0.772212245,0.772534,0.743892433,0.827384571
9,12,19,0.809362245,0.744613265,0.800297388,0.808300362,0.830175481
9,12,20,0.809362245,0.874111225,0.883823572,0.770189112,0.876090115
9,12,21,0.810280612,0.858897449,0.776167798,0.798812981,0.884033284
9,12,22,0.810280612,0.867000255,0.75477639,0.835006325,0.824933554
9,12,23,0.808290816,0.824456632,0.808209987,0.781106379,0.86995723
9,12,24,0.808290816,0.856788265,0.81588875,0.810449491,0.748797441
9,12,25,0.804812925,0.845053571,0.816683916,0.805739801,0.777168926
9,12,26,0.804812925,0.724331633,0.726343665,0.684164761,0.786357173
9,12,27,0.806377551,0.733803571,0.700782411,0.776867358,0.694101105
9,12,28,0.806377551,0.838632653,0.88830551,0.819105414,0.762675807
9,12,29,0.804328231,0.739981973,0.718104245,0.822010583,0.809661571
9,12,30,0.804328231,0.804328231,0.852587925,0.886047979,0.769877244
9,12,31,0.788886054,0.859885799,0.774922771,0.872530065,0.758131678
9,12,32,0.788886054,0.749441751,0.807622098,0.8054428,0.764212731
9,12,33,0.732355442,0.703061224,0.75359375,0.678593229,0.788591002
9,12,34,0.732355442,0.681090561,0.734991922,0.694661596,0.760529122
9,12,35,0.158732993,0.157145663,0.150042362,0.142882445,0.136980779
9,12,36,0.158732993,0.160320323,0.175479324,0.159898887,0.158699645
9,12,37,0.0,0.0,0.0,0.0,0.0
9,12,38,0.0,0.0,0.0,0.0,0.0
9,12,39,0.0,0.0,0.0,0.0,0.0
9,12,40,0.0,0.0,0.0,0.0,0.0
9,12,41,0.0,0.0,0.0,0.0,0.0
9,12,42,0.0,0.0,0.0,0.0,0.0
9,12,43,0.0,0.0,0.0,0.0,0.0
9,12,44,0.0,0.0,0.0,0.0,0.0
9,12,45,0.0,0.0,0.0,0.0,0.0
9,12,46,0.0,0.0,0.0,0.0,0.0
9,12,47,0.0,0.0,0.0,0.0,0.0
9,12,48,0.0,0.0,0.0,0.0,0.0
9,13,1,0.0,0.0,0.0,0.0,0.0
9,13,2,0.0,0.0,0.0,0.0,0.0
9,13,3,0.0,0.0,0.0,0.0,0.0
9,13,4,0.0,0.0,0.0,0.0,0.0
9,13,5,0.0,0.0,0.0,0.0,0.0
9,13,6,0.0,0.0,0.0,0.0,0.0
9,13,7,0.0,0.0,0.0,0.0,0.0
9,13,8,0.0,0.0,0.0,0.0,0.0
9,13,9,0.0,0.0,0.0,0.0,0.0
9,13,10,0.0,0.0,0.0,0.0,0.0
9,13,11,0.0,0.0,0.0,0.0,0.0
9,13,12,0.0,0.0,0.0,0.0,0.0
9,13,13,0.118988095,0.117798214,0.111289565,0.112544533,0.125519061
9,13,14,0.118988095,0.115418452,0.113687175,0.119512178,0.108718372
9,13,15,0.69582483,0.702783078,0.748255231,0.672683784,0.669642394
9,13,16,0.69582483,0.723657823,0.759423219,0.653671762,0.665655744
9,13,17,0.803477891,0.875790901,0.797652676,0.743076441,0.732549524
9,13,18,0.803477891,0.763303996,0.83822831,0.865803671,0.850411606
9,13,19,0.817389456,0.882780612,0.909590987,0.869920352,0.887318759
9,13,20,0.817389456,0.743824405,0.702546237,0.754586699,0.7772243
9,13,21,0.82204932,0.871372279,0.93138188,0.953678597,0.894620519
9,13,22,0.82204932,0.789167347,0.773384,0.794866889,0.747174876
9,13,23,0.821232993,0.739109694,0.764567916,0.798219307,0.710512055
9,13,24,0.821232993,0.886931632,0.837000666,0.831420662,0.903236743
9,13,25,0.813163265,0.780636734,0.765024,0.723372693,0.724316223
9,13,26,0.813163265,0.805031632,0.801006474,0.774144439,0.718502807
9,13,27,0.808605442,0.873293877,0.916635129,0.779560335,0.802297511
9,13,28,0.808605442,0.84094966,0.808282,0.893014147,0.879598453
9,13,29,0.800918367,0.832955102,0.76792053,0.74455614,0.739392283
9,13,30,0.800918367,0.864991836,0.782977796,0.82445896,0.867436944
9,13,31,0.778758503,0.755395748,0.728723269,0.739206657,0.773036675
9,13,32,0.778758503,0.786546088,0.735693158,0.813019205,0.81742945
9,13,33,0.721930272,0.786903996,0.829858848,0.826338234,0.814995573
9,13,34,0.721930272,0.736368877,0.743732566,0.7707111,0.683730848
9,13,35,0.150952381,0.150952381,0.135857143,0.135706191,0.156270056
9,13,36,0.150952381,0.153971429,0.137215714,0.160644027,0.150695888
9,13,37,0.0,0.0,0.0,0.0,0.0
9,13,38,0.0,0.0,0.0,0.0,0.0
9,13,39,0.0,0.0,0.0,0.0,0.0
9,13,40,0.0,0.0,0.0,0.0,0.0
9,13,41,0.0,0.0,0.0,0.0,0.0
9,13,42,0.0,0.0,0.0,0.0,0.0
9,13,43,0.0,0.0,0.0,0.0,0.0
9,13,44,0.0,0.0,0.0,0.0,0.0
9,13,45,0.0,0.0,0.0,0.0,0.0
9,13,46,0.0,0.0,0.0,0.0,0.0
9,13,47,0.0,0.0,0.0,0.0,0.0
9,13,48,0.0,0.0,0.0,0.0,0.0
9,14,1,0.0,0.0,0.0,0.0,0.0
9,14,2,0.0,0.0,0.0,0.0,0.0
9,14,3,0.0,0.0,0.0,0.0,0.0
9,14,4,0.0,0.0,0.0,0.0,0.0
9,14,5,0.0,0.0,0.0,0.0,0.0
9,14,6,0.0,0.0,0.0,0.0,0.0
9,14,7,0.0,0.0,0.0,0.0,0.0
9,14,8,0.0,0.0,0.0,0.0,0.0
9,14,9,0.0,0.0,0.0,0.0,0.0
9,14,10,0.0,0.0,0.0,0.0,0.0
9,14,11,0.0,0.0,0.0,0.0,0.0
9,14,12,0.0,0.0,0.0,0.0,0.0
9,14,13,0.130263605,0.136776785,0.145537013,0.138901059,0.129597439
9,14,14,0.130263605,0.141987329,0.14565425,0.140694745,0.134063983
9,14,15,0.724838435,0.732086819,0.757601132,0.693884934,0.792542085
9,14,16,0.724838435,0.775577125,0.720199469,0.695792709,0.787430089
9,14,17,0.821113946,0.747213691,0.744955628,0.817360087,0.860926922
9,14,18,0.821113946,0.878591922,0.807360287,0.810618057,0.829421053
9,14,19,0.82829932,0.911129252,0.843622857,0.912678172,0.812757132
9,14,20,0.82829932,0.861431293,0.811070694,0.891952466,0.916043519
9,14,21,0.829821429,0.896207143,0.906165,0.886171836,0.914775006
9,14,22,0.829821429,0.838119643,0.817291125,0.869831269,0.830378208
9,14,23,0.827431973,0.901900851,0.864666412,0.856019748,0.819379508
9,14,24,0.827431973,0.752963095,0.79809951,0.856258048,0.77634063
9,14,25,0.821488095,0.895422024,0.909962363,0.963186577,0.852639026
9,14,26,0.821488095,0.8625625,0.884126562,0.847498462,0.845379716
9,14,27,0.82,0.8692,0.92906,0.960028667,0.957192218
9,14,28,0.82,0.8118,0.848536,0.851582027,0.891288072
9,14,29,0.812585034,0.836962585,0.750544167,0.808030901,0.721827605
9,14,30,0.812585034,0.788207483,0.736364558,0.763471311,0.798411809
9,14,31,0.792610544,0.721275595,0.703957055,0.665352958,0.735215019
9,14,32,0.792610544,0.832241071,0.812425808,0.731183227,0.800036314
9,14,33,0.730255102,0.744860204,0.663801888,0.77001019,0.712687209
9,14,34,0.730255102,0.693742347,0.704878737,0.780587935,0.800102633
9,14,35,0.155952381,0.140357143,0.161488691,0.146495429,0.154094879
9,14,36,0.155952381,0.169988095,0.151562321,0.151209219,0.147747324
9,14,37,0.0,0.0,0.0,0.0,0.0
9,14,38,0.0,0.0,0.0,0.0,0.0
9,14,39,0.0,0.0,0.0,0.0,0.0
9,14,40,0.0,0.0,0.0,0.0,0.0
9,14,41,0.0,0.0,0.0,0.0,0.0
9,14,42,0.0,0.0,0.0,0.0,0.0
9,14,43,0.0,0.0,0.0,0.0,0.0
9,14,44,0.0,0.0,0.0,0.0,0.0
9,14,45,0.0,0.0,0.0,0.0,0.0
9,14,46,0.0,0.0,0.0,0.0,0.0
9,14,47,0.0,0.0,0.0,0.0,0.0
9,14,48,0.0,0.0,0.0,0.0,0.0
9,15,1,0.0,0.0,0.0,0.0,0.0
9,15,2,0.0,0.0,0.0,0.0,0.0
9,15,3,0.0,0.0,0.0,0.0,0.0
9,15,4,0.0,0.0,0.0,0.0,0.0
9,15,5,0.0,0.0,0.0,0.0,0.0
9,15,6,0.0,0.0,0.0,0.0,0.0
9,15,7,0.0,0.0,0.0,0.0,0.0
9,15,8,0.0,0.0,0.0,0.0,0.0
9,15,9,0.0,0.0,0.0,0.0,0.0
9,15,10,0.0,0.0,0.0,0.0,0.0
9,15,11,0.0,0.0,0.0,0.0,0.0
9,15,12,0.0,0.0,0.0,0.0,0.0
9,15,13,0.113086735,0.122133674,0.123490715,0.129136004,0.113424457
9,15,14,0.113086735,0.119871939,0.123468097,0.111680388,0.119367326
9,15,15,0.639217687,0.61364898,0.638962,0.580160791,0.667437154
9,15,16,0.639217687,0.671178571,0.60933426,0.639910173,0.70390119
9,15,17,0.767057823,0.713363775,0.777221339,0.82780241,0.70965243
9,15,18,0.767057823,0.805410714,0.817683639,0.860454784,0.853284327
9,15,19,0.786845238,0.708160714,0.717602857,0.803914534,0.806919994
9,15,20,0.786845238,0.834055952,0.745614548,0.788838579,0.812503737
9,15,21,0.790569728,0.743135544,0.797526742,0.815931205,0.72384754
9,15,22,0.790569728,0.853815306,0.805748667,0.890215245,0.818385492
9,15,23,0.795722789,0.75593665,0.799104611,0.838439178,0.877030887
9,15,24,0.795722789,0.851423384,0.864751741,0.845672298,0.86457433
9,15,25,0.795068027,0.803018707,0.878947704,0.883475616,0.890535164
9,15,26,0.795068027,0.755314626,0.728679847,0.6989125,0.759383625
9,15,27,0.790918367,0.783009183,0.826311964,0.808080636,0.786038437
9,15,28,0.790918367,0.86210102,0.900895566,0.766174486,0.913024596
9,15,29,0.782865646,0.75155102,0.698159583,0.796285529,0.734498981
9,15,30,0.782865646,0.712407738,0.672873023,0.686579695,0.720818341
9,15,31,0.751113946,0.818714201,0.753517511,0.766704067,0.780237556
9,15,32,0.751113946,0.721069388,0.802339917,0.758174417,0.833991859
9,15,33,0.658418367,0.625497449,0.680475382,0.608961271,0.591871068
9,15,34,0.658418367,0.678170918,0.608148125,0.667693177,0.711887335
9,15,35,0.126964286,0.134582143,0.134696411,0.121514471,0.122967361
9,15,36,0.126964286,0.124425,0.134493268,0.122196142,0.115587903
9,15,37,0.0,0.0,0.0,0.0,0.0
9,15,38,0.0,0.0,0.0,0.0,0.0
9,15,39,0.0,0.0,0.0,0.0,0.0
9,15,40,0.0,0.0,0.0,0.0,0.0
9,15,41,0.0,0.0,0.0,0.0,0.0
9,15,42,0.0,0.0,0.0,0.0,0.0
9,15,43,0.0,0.0,0.0,0.0,0.0
9,15,44,0.0,0.0,0.0,0.0,0.0
9,15,45,0.0,0.0,0.0,0.0,0.0
9,15,46,0.0,0.0,0.0,0.0,0.0
9,15,47,0.0,0.0,0.0,0.0,0.0
9,15,48,0.0,0.0,0.0,0.0,0.0
9,16,1,0.0,0.0,0.0,0.0,0.0
9,16,2,0.0,0.0,0.0,0.0,0.0
9,16,3,0.0,0.0,0.0,0.0,0.0
9,16,4,0.0,0.0,0.0,0.0,0.0
9,16,5,0.0,0.0,0.0,0.0,0.0
9,16,6,0.0,0.0,0.0,0.0,0.0
9,16,7,0.0,0.0,0.0,0.0,0.0
9,16,8,0.0,0.0,0.0,0.0,0.0
9,16,9,0.0,0.0,0.0,0.0,0.0
9,16,10,0.0,0.0,0.0,0.0,0.0
9,16,11,0.0,0.0,0.0,0.0,0.0
9,16,12,0.0,0.0,0.0,0.0,0.0
9,16,13,0.11704932,0.111196854,0.110699394,0.120890586,0.123006171
9,16,14,0.11704932,0.118219813,0.108223801,0.108772763,0.107413103
9,16,15,0.638418367,0.702260204,0.730669821,0.628309012,0.614172059
9,16,16,0.638418367,0.638418367,0.638418367,0.57457653,0.61000875
9,16,17,0.76207483,0.693488095,0.662281131,0.691829058,0.744563375
9,16,18,0.76207483,0.830661565,0.796368197,0.844150289,0.848729406
9,16,19,0.777168367,0.722766581,0.802465197,0.698394711,0.825218586
9,16,20,0.777168367,0.823798469,0.840507589,0.862654297,0.859073468
9,16,21,0.785926871,0.746630527,0.766278699,0.735627551,0.766202071
9,16,22,0.785926871,0.848801021,0.890926701,0.766115226,0.872319002
9,16,23,0.787244898,0.842352041,0.847390408,0.866945571,0.869422559
9,16,24,0.787244898,0.842352041,0.879982347,0.903448543,0.904452375
9,16,25,0.787517007,0.740265987,0.763891497,0.733335837,0.816752788
9,16,26,0.787517007,0.811142517,0.799329762,0.783343167,0.866913093
9,16,27,0.786870748,0.818345578,0.810634245,0.837494864,0.780802904
9,16,28,0.786870748,0.857689115,0.863393928,0.919583057,0.831177686
9,16,29,0.70922619,0.673764881,0.636175892,0.713438994,0.662656944
9,16,30,0.70922619,0.716318452,0.641495089,0.654562581,0.673596572
9,16,31,0.642865646,0.687866241,0.645404965,0.645538038,0.701298033
9,16,32,0.642865646,0.604293707,0.660994457,0.63605127,0.655132808
9,16,33,0.646904762,0.582214286,0.577685952,0.590222967,0.563301572
9,16,34,0.646904762,0.646904762,0.692188095,0.648759222,0.599407181
9,16,35,0.128180272,0.140998299,0.142664643,0.146890746,0.150858169
9,16,36,0.128180272,0.125616667,0.126898469,0.137050347,0.124258981
9,16,37,0.0,0.0,0.0,0.0,0.0
9,16,38,0.0,0.0,0.0,0.0,0.0
9,16,39,0.0,0.0,0.0,0.0,0.0
9,16,40,0.0,0.0,0.0,0.0,0.0
9,16,41,0.0,0.0,0.0,0.0,0.0
9,16,42,0.0,0.0,0.0,0.0,0.0
9,16,43,0.0,0.0,0.0,0.0,0.0
9,16,44,0.0,0.0,0.0,0.0,0.0
9,16,45,0.0,0.0,0.0,0.0,0.0
9,16,46,0.0,0.0,0.0,0.0,0.0
9,16,47,0.0,0.0,0.0,0.0,0.0
9,16,48,0.0,0.0,0.0,0.0,0.0
9,17,1,0.0,0.0,0.0,0.0,0.0
9,17,2,0.0,0.0,0.0,0.0,0.0
9,17,3,0.0,0.0,0.0,0.0,0.0
9,17,4,0.0,0.0,0.0,0.0,0.0
9,17,5,0.0,0.0,0.0,0.0,0.0
9,17,6,0.0,0.0,0.0,0.0,0.0
9,17,7,0.0,0.0,0.0,0.0,0.0
9,17,8,0.0,0.0,0.0,0.0,0.0
9,17,9,0.0,0.0,0.0,0.0,0.0
9,17,10,0.0,0.0,0.0,0.0,0.0
9,17,11,0.0,0.0,0.0,0.0,0.0
9,17,12,0.0,0.0,0.0,0.0,0.0
9,17,13,0.137704082,0.126687755,0.140127674,0.138885032,0.129058579
9,17,14,0.137704082,0.126687755,0.134839837,0.119769502,0.134940306
9,17,15,0.679931973,0.74792517,0.642535714,0.745341429,0.73913025
9,17,16,0.679931973,0.727527211,0.689655,0.720009203,0.760623315
9,17,17,0.780017007,0.764416667,0.702717322,0.823955365,0.798487654
9,17,18,0.780017007,0.787817177,0.76823875,0.7163957,0.839428874
9,17,19,0.781454082,0.820526786,0.881089477,0.835967016,0.838056934
9,17,20,0.781454082,0.765825,0.704011982,0.742926051,0.793467536
9,17,21,0.786258503,0.723357823,0.701971591,0.692964214,0.697092512
9,17,22,0.786258503,0.825571428,0.813974115,0.800515335,0.78238245
9,17,23,0.788622449,0.867484694,0.902578393,0.869953082,0.814301672
9,17,24,0.788622449,0.820167347,0.756131204,0.81195621,0.714797372
9,17,25,0.789047619,0.789047619,0.812719048,0.860693143,0.8535207
9,17,26,0.789047619,0.773266667,0.765534,0.838025383,0.72023626
9,17,27,0.789906463,0.782007398,0.738799515,0.700916391,0.700203921
9,17,28,0.789906463,0.734613011,0.739391945,0.686719797,0.671268601
9,17,29,0.780484694,0.772679847,0.729987334,0.745829613,0.71181065
9,17,30,0.780484694,0.772679847,0.737753157,0.725457271,0.678684368
9,17,31,0.761403061,0.837543367,0.775489018,0.728160203,0.814431358
9,17,32,0.761403061,0.730946939,0.78348375,0.690336237,0.726711647
9,17,33,0.686709184,0.748513011,0.674554431,0.759519585,0.724497293
9,17,34,0.686709184,0.734778827,0.639669605,0.645829386,0.669979283
9,17,35,0.117610544,0.1082017,0.105002694,0.100347198,0.108868439
9,17,36,0.117610544,0.116434439,0.124043841,0.131299235,0.122347015
9,17,37,0.0,0.0,0.0,0.0,0.0
9,17,38,0.0,0.0,0.0,0.0,0.0
9,17,39,0.0,0.0,0.0,0.0,0.0
9,17,40,0.0,0.0,0.0,0.0,0.0
9,17,41,0.0,0.0,0.0,0.0,0.0
9,17,42,0.0,0.0,0.0,0.0,0.0
9,17,43,0.0,0.0,0.0,0.0,0.0
9,17,44,0.0,0.0,0.0,0.0,0.0
9,17,45,0.0,0.0,0.0,0.0,0.0
9,17,46,0.0,0.0,0.0,0.0,0.0
9,17,47,0.0,0.0,0.0,0.0,0.0
9,17,48,0.0,0.0,0.0,0.0,0.0
9,18,1,0.0,0.0,0.0,0.0,0.0
9,18,2,0.0,0.0,0.0,0.0,0.0
9,18,3,0.0,0.0,0.0,0.0,0.0
9,18,4,0.0,0.0,0.0,0.0,0.0
9,18,5,0.0,0.0,0.0,0.0,0.0
9,18,6,0.0,0.0,0.0,0.0,0.0
9,18,7,0.0,0.0,0.0,0.0,0.0
9,18,8,0.0,0.0,0.0,0.0,0.0
9,18,9,0.0,0.0,0.0,0.0,0.0
9,18,10,0.0,0.0,0.0,0.0,0.0
9,18,11,0.0,0.0,0.0,0.0,0.0
9,18,12,0.0,0.0,0.0,0.0,0.0
9,18,13,0.153188776,0.157784439,0.16637067,0.146385458,0.149695042
9,18,14,0.153188776,0.153188776,0.16391199,0.145789758,0.15864042
9,18,15,0.715127551,0.729430102,0.765615556,0.699888183,0.720240195
9,18,16,0.715127551,0.750883929,0.689025395,0.725529081,0.66253017
9,18,17,0.797006803,0.765126531,0.710770667,0.72732928,0.780060653
9,18,18,0.797006803,0.860767347,0.804020463,0.787774276,0.820516145
9,18,19,0.80457483,0.740208844,0.702876571,0.764204483,0.790614491
9,18,20,0.80457483,0.764346089,0.815838878,0.771072334,0.812626774
9,18,21,0.808418367,0.759913265,0.815532449,0.738997865,0.796329796
9,18,22,0.808418367,0.856923469,0.8160175,0.885018163,0.866842206
9,18,23,0.808307823,0.856806292,0.757626922,0.767201329,0.7416616
9,18,24,0.808307823,0.824473979,0.889866082,0.891335586,0.938845454
9,18,25,0.803741497,0.731404762,0.713843011,0.817132768,0.751199899
9,18,26,0.803741497,0.860003402,0.840191174,0.842991811,0.886935889
9,18,27,0.80122449,0.745138776,0.734522551,0.737486414,0.747047127
9,18,28,0.80122449,0.841285715,0.895168061,0.854351683,0.780166888
9,18,29,0.793520408,0.833196428,0.748289745,0.760002106,0.713214476
9,18,30,0.793520408,0.714168367,0.716152168,0.667152283,0.672155925
9,18,31,0.773528912,0.850881803,0.779717143,0.737265877,0.863883277
9,18,32,0.773528912,0.78899949,0.765638917,0.760534658,0.803062514
9,18,33,0.710008503,0.674508078,0.740716371,0.722579204,0.711953039
9,18,34,0.710008503,0.766809183,0.723640666,0.799499868,0.682490495
9,18,35,0.155960884,0.165318537,0.157426916,0.148398965,0.147369746
9,18,36,0.155960884,0.160639711,0.174130327,0.168484283,0.151619497
9,18,37,0.0,0.0,0.0,0.0,0.0
9,18,38,0.0,0.0,0.0,0.0,0.0
9,18,39,0.0,0.0,0.0,0.0,0.0
9,18,40,0.0,0.0,0.0,0.0,0.0
9,18,41,0.0,0.0,0.0,0.0,0.0
9,18,42,0.0,0.0,0.0,0.0,0.0
9,18,43,0.0,0.0,0.0,0.0,0.0
9,18,44,0.0,0.0,0.0,0.0,0.0
9,18,45,0.0,0.0,0.0,0.0,0.0
9,18,46,0.0,0.0,0.0,0.0,0.0
9,18,47,0.0,0.0,0.0,0.0,0.0
9,18,48,0.0,0.0,0.0,0.0,0.0
9,19,1,0.0,0.0,0.0,0.0,0.0
9,19,2,0.0,0.0,0.0,0.0,0.0
9,19,3,0.0,0.0,0.0,0.0,0.0
9,19,4,0.0,0.0,0.0,0.0,0.0
9,19,5,0.0,0.0,0.0,0.0,0.0
9,19,6,0.0,0.0,0.0,0.0,0.0
9,19,7,0.0,0.0,0.0,0.0,0.0
9,19,8,0.0,0.0,0.0,0.0,0.0
9,19,9,0.0,0.0,0.0,0.0,0.0
9,19,10,0.0,0.0,0.0,0.0,0.0
9,19,11,0.0,0.0,0.0,0.0,0.0
9,19,12,0.0,0.0,0.0,0.0,0.0
9,19,13,0.162585034,0.159333333,0.156130408,0.157756096,0.14623512
9,19,14,0.162585034,0.172340136,0.150716327,0.153786474,0.151864143
9,19,15,0.718511905,0.661030953,0.620794286,0.653443467,0.683348507
9,19,16,0.718511905,0.740067262,0.78763275,0.741249933,0.687116226
9,19,17,0.8025,0.75435,0.80177775,0.715450418,0.837686301
9,19,18,0.8025,0.8667,0.909714,0.8166561,0.882848226
9,19,19,0.809583333,0.841966666,0.78448625,0.771411479,0.785824693
9,19,20,0.809583333,0.833870833,0.879247979,0.798855679,0.880212823
9,19,21,0.813018707,0.821148894,0.866108829,0.750082929,0.788212144
9,19,22,0.813018707,0.780497959,0.748952833,0.74959024,0.773014935
9,19,23,0.812746599,0.731471939,0.741224898,0.807523348,0.827368615
9,19,24,0.812746599,0.755854337,0.745085445,0.771228794,0.70953049
9,19,25,0.808843537,0.825020408,0.825101292,0.786868876,0.811458528
9,19,26,0.808843537,0.752224489,0.702480612,0.724335564,0.687213367
9,19,27,0.805765306,0.757419388,0.750328653,0.809729671,0.843275615
9,19,28,0.805765306,0.741304082,0.812211428,0.802155477,0.727130347
9,19,29,0.796717687,0.860455102,0.886587442,0.788565672,0.85807392
9,19,30,0.796717687,0.748914626,0.803728803,0.82227639,0.729476626
9,19,31,0.775688776,0.698119898,0.67795199,0.674218342,0.678234961
9,19,32,0.775688776,0.783445664,0.717201842,0.758778761,0.796717699
9,19,33,0.716020408,0.751821428,0.763277755,0.691647073,0.723384749
9,19,34,0.716020408,0.658738775,0.701127184,0.754238713,0.735832521
9,19,35,0.158486395,0.144222619,0.146813872,0.145345733,0.141281297
9,19,36,0.158486395,0.161656123,0.164873397,0.156821812,0.15243646
9,19,37,0.0,0.0,0.0,0.0,0.0
9,19,38,0.0,0.0,0.0,0.0,0.0
9,19,39,0.0,0.0,0.0,0.0,0.0
9,19,40,0.0,0.0,0.0,0.0,0.0
9,19,41,0.0,0.0,0.0,0.0,0.0
9,19,42,0.0,0.0,0.0,0.0,0.0
9,19,43,0.0,0.0,0.0,0.0,0.0
9,19,44,0.0,0.0,0.0,0.0,0.0
9,19,45,0.0,0.0,0.0,0.0,0.0
9,19,46,0.0,0.0,0.0,0.0,0.0
9,19,47,0.0,0.0,0.0,0.0,0.0
9,19,48,0.0,0.0,0.0,0.0,0.0
9,20,1,0.0,0.0,0.0,0.0,0.0
9,20,2,0.0,0.0,0.0,0.0,0.0
9,20,3,0.0,0.0,0.0,0.0,0.0
9,20,4,0.0,0.0,0.0,0.0,0.0
9,20,5,0.0,0.0,0.0,0.0,0.0
9,20,6,0.0,0.0,0.0,0.0,0.0
9,20,7,0.0,0.0,0.0,0.0,0.0
9,20,8,0.0,0.0,0.0,0.0,0.0
9,20,9,0.0,0.0,0.0,0.0,0.0
9,20,10,0.0,0.0,0.0,0.0,0.0
9,20,11,0.0,0.0,0.0,0.0,0.0
9,20,12,0.0,0.0,0.0,0.0,0.0
9,20,13,0.161232993,0.154783673,0.154848166,0.150676746,0.167816226
9,20,14,0.161232993,0.149946683,0.149366245,0.144304389,0.161797458
9,20,15,0.705705782,0.670420493,0.639898718,0.678728414,0.619793284
9,20,16,0.705705782,0.698648724,0.737286116,0.678186197,0.683808004
9,20,17,0.797372449,0.805346173,0.833413684,0.738960133,0.857274959
9,20,18,0.797372449,0.85318852,0.742752436,0.869570537,0.872821455
9,20,19,0.80582483,0.886407313,0.922266518,0.81920958,0.798337166
9,20,20,0.80582483,0.749417092,0.754292332,0.700558724,0.729947547
9,20,21,0.809158163,0.760608673,0.777034584,0.813557826,0.750585321
9,20,22,0.809158163,0.776791836,0.84848325,0.84393686,0.786808826
9,20,23,0.806471088,0.838729932,0.87195654,0.805490419,0.880501714
9,20,24,0.806471088,0.838729932,0.756792469,0.776644561,0.786712917
9,20,25,0.799642857,0.831628571,0.815635714,0.799323,0.819673111
9,20,26,0.799642857,0.78365,0.791646428,0.783729964,0.821254005
9,20,27,0.80207483,0.729888095,0.82725998,0.707766871,0.805084816
9,20,28,0.80207483,0.80207483,0.810095578,0.788653445,0.720652204
9,20,29,0.796318027,0.804281207,0.736275648,0.817906209,0.765034415
9,20,30,0.796318027,0.844097109,0.754590962,0.718501829,0.770593212
9,20,31,0.78087585,0.702788265,0.808596943,0.764087019,0.840495721
9,20,32,0.78087585,0.858963435,0.737927678,0.752959538,0.743547544
9,20,33,0.709668367,0.695475,0.758777418,0.728519998,0.788190113
9,20,34,0.709668367,0.688378316,0.671062408,0.717291151,0.717498062
9,20,35,0.154073129,0.154073129,0.152532398,0.167379912,0.147593763
9,20,36,0.154073129,0.160236054,0.169726959,0.159731927,0.151285496
9,20,37,0.0,0.0,0.0,0.0,0.0
9,20,38,0.0,0.0,0.0,0.0,0.0
9,20,39,0.0,0.0,0.0,0.0,0.0
9,20,40,0.0,0.0,0.0,0.0,0.0
9,20,41,0.0,0.0,0.0,0.0,0.0
9,20,42,0.0,0.0,0.0,0.0,0.0
9,20,43,0.0,0.0,0.0,0.0,0.0
9,20,44,0.0,0.0,0.0,0.0,0.0
9,20,45,0.0,0.0,0.0,0.0,0.0
9,20,46,0.0,0.0,0.0,0.0,0.0
9,20,47,0.0,0.0,0.0,0.0,0.0
9,20,48,0.0,0.0,0.0,0.0,0.0
9,21,1,0.0,0.0,0.0,0.0,0.0
9,21,2,0.0,0.0,0.0,0.0,0.0
9,21,3,0.0,0.0,0.0,0.0,0.0
9,21,4,0.0,0.0,0.0,0.0,0.0
9,21,5,0.0,0.0,0.0,0.0,0.0
9,21,6,0.0,0.0,0.0,0.0,0.0
9,21,7,0.0,0.0,0.0,0.0,0.0
9,21,8,0.0,0.0,0.0,0.0,0.0
9,21,9,0.0,0.0,0.0,0.0,0.0
9,21,10,0.0,0.0,0.0,0.0,0.0
9,21,11,0.0,0.0,0.0,0.0,0.0
9,21,12,0.0,0.0,0.0,0.0,0.0
9,21,13,0.151777211,0.160883844,0.148514001,0.150650518,0.168252033
9,21,14,0.151777211,0.162401616,0.152376731,0.171070371,0.156218353
9,21,15,0.675136054,0.668384693,0.638172355,0.594507931,0.695574279
9,21,16,0.675136054,0.722395578,0.670815183,0.67565996,0.637981575
9,21,17,0.792585034,0.848065986,0.812122255,0.768535626,0.885859948
9,21,18,0.792585034,0.800510884,0.77265152,0.77281083,0.863103524
9,21,19,0.807534014,0.831760034,0.754075262,0.725988691,0.725250735
9,21,20,0.807534014,0.847910715,0.786336246,0.862762611,0.908749486
9,21,21,0.80869898,0.865307909,0.870483582,0.788792046,0.749988566
9,21,22,0.80869898,0.735916072,0.695076773,0.76896086,0.782249698
9,21,23,0.808894558,0.744182993,0.745477225,0.796832322,0.78932371
9,21,24,0.808894558,0.873606123,0.782362816,0.879134647,0.752399583
9,21,25,0.810272109,0.834580272,0.871771762,0.855652209,0.826207706
9,21,26,0.810272109,0.753553061,0.727178704,0.778941317,0.782836024
9,21,27,0.81122449,0.835561225,0.872796429,0.915448179,0.858757581
9,21,28,0.81122449,0.81122449,0.868010204,0.896565306,0.931431735
9,21,29,0.805646259,0.781476871,0.722141024,0.754359624,0.742928766
9,21,30,0.805646259,0.749251021,0.847419018,0.768741215,0.848257885
9,21,31,0.773715986,0.781453146,0.816463794,0.766827979,0.706153704
9,21,32,0.773715986,0.765978826,0.723656562,0.792172981,0.695131791
9,21,33,0.68085034,0.667233333,0.667301418,0.738974534,0.7367912
9,21,34,0.68085034,0.667233333,0.70100351,0.744501677,0.642525438
9,21,35,0.142959184,0.132952041,0.136576056,0.130620972,0.139850375
9,21,36,0.142959184,0.154395919,0.162058531,0.142418226,0.136916748
9,21,37,0.0,0.0,0.0,0.0,0.0
9,21,38,0.0,0.0,0.0,0.0,0.0
9,21,39,0.0,0.0,0.0,0.0,0.0
9,21,40,0.0,0.0,0.0,0.0,0.0
9,21,41,0.0,0.0,0.0,0.0,0.0
9,21,42,0.0,0.0,0.0,0.0,0.0
9,21,43,0.0,0.0,0.0,0.0,0.0
9,21,44,0.0,0.0,0.0,0.0,0.0
9,21,45,0.0,0.0,0.0,0.0,0.0
9,21,46,0.0,0.0,0.0,0.0,0.0
9,21,47,0.0,0.0,0.0,0.0,0.0
9,21,48,0.0,0.0,0.0,0.0,0.0
9,22,1,0.0,0.0,0.0,0.0,0.0
9,22,2,0.0,0.0,0.0,0.0,0.0
9,22,3,0.0,0.0,0.0,0.0,0.0
9,22,4,0.0,0.0,0.0,0.0,0.0
9,22,5,0.0,0.0,0.0,0.0,0.0
9,22,6,0.0,0.0,0.0,0.0,0.0
9,22,7,0.0,0.0,0.0,0.0,0.0
9,22,8,0.0,0.0,0.0,0.0,0.0
9,22,9,0.0,0.0,0.0,0.0,0.0
9,22,10,0.0,0.0,0.0,0.0,0.0
9,22,11,0.0,0.0,0.0,0.0,0.0
9,22,12,0.0,0.0,0.0,0.0,0.0
9,22,13,0.167670068,0.160963265,0.169246167,0.15932144,0.165943237
9,22,14,0.167670068,0.159286565,0.174921798,0.180676235,0.167225893
9,22,15,0.692789116,0.665077551,0.706090667,0.653586489,0.733736832
9,22,16,0.692789116,0.713572789,0.646926477,0.629675104,0.717692732
9,22,17,0.796403061,0.804367092,0.848408181,0.849048489,0.865784541
9,22,18,0.796403061,0.748618877,0.710710092,0.797025317,0.709766083
9,22,19,0.813341837,0.813341837,0.805208419,0.810630698,0.851162232
9,22,20,0.813341837,0.805208419,0.76071862,0.82481321,0.73693888
9,22,21,0.819311224,0.753766326,0.739346449,0.73997568,0.824147913
9,22,22,0.819311224,0.827504336,0.74930108,0.822666713,0.780554963
9,22,23,0.828945578,0.837235034,0.908068433,0.900987166,0.920937596
9,22,24,0.828945578,0.828945578,0.90355068,0.862352085,0.924424359
9,22,25,0.829217687,0.845802041,0.787259272,0.878212843,0.818420502
9,22,26,0.829217687,0.912139456,0.931626071,0.855354628,0.926188684
9,22,27,0.826547619,0.793485714,0.810016667,0.858617667,0.772836902
9,22,28,0.826547619,0.859609524,0.893663286,0.816943136,0.925618071
9,22,29,0.821522109,0.813306888,0.882807658,0.788859485,0.793559074
9,22,30,0.821522109,0.75580034,0.733454939,0.770259129,0.808772086
9,22,31,0.787372449,0.866109694,0.818473661,0.791025857,0.734170874
9,22,32,0.787372449,0.779498725,0.775601231,0.835481824,0.794488557
9,22,33,0.701045918,0.750119132,0.783629127,0.811975218,0.746458502
9,22,34,0.701045918,0.743108673,0.714856523,0.748457186,0.770479099
9,22,35,0.146386054,0.131747449,0.134894749,0.141806366,0.147031174
9,22,36,0.146386054,0.137602891,0.133474804,0.141937675,0.127263824
9,22,37,0.0,0.0,0.0,0.0,0.0
9,22,38,0.0,0.0,0.0,0.0,0.0
9,22,39,0.0,0.0,0.0,0.0,0.0
9,22,40,0.0,0.0,0.0,0.0,0.0
9,22,41,0.0,0.0,0.0,0.0,0.0
9,22,42,0.0,0.0,0.0,0.0,0.0
9,22,43,0.0,0.0,0.0,0.0,0.0
9,22,44,0.0,0.0,0.0,0.0,0.0
9,22,45,0.0,0.0,0.0,0.0,0.0
9,22,46,0.0,0.0,0.0,0.0,0.0
9,22,47,0.0,0.0,0.0,0.0,0.0
9,22,48,0.0,0.0,0.0,0.0,0.0
9,23,1,0.0,0.0,0.0,0.0,0.0
9,23,2,0.0,0.0,0.0,0.0,0.0
9,23,3,0.0,0.0,0.0,0.0,0.0
9,23,4,0.0,0.0,0.0,0.0,0.0
9,23,5,0.0,0.0,0.0,0.0,0.0
9,23,6,0.0,0.0,0.0,0.0,0.0
9,23,7,0.0,0.0,0.0,0.0,0.0
9,23,8,0.0,0.0,0.0,0.0,0.0
9,23,9,0.0,0.0,0.0,0.0,0.0
9,23,10,0.0,0.0,0.0,0.0,0.0
9,23,11,0.0,0.0,0.0,0.0,0.0
9,23,12,0.0,0.0,0.0,0.0,0.0
9,23,13,0.180620748,0.173395918,0.1805485,0.169278969,0.172441813
9,23,14,0.180620748,0.178814541,0.172528938,0.161362482,0.190664845
9,23,15,0.706292517,0.692166667,0.692237296,0.68296085,0.741953336
9,23,16,0.706292517,0.656852041,0.722466616,0.709107799,0.635798566
9,23,17,0.813120748,0.813120748,0.813120748,0.748071088,0.78888975
9,23,18,0.813120748,0.845645578,0.837676995,0.798861863,0.889732399
9,23,19,0.823784014,0.782594813,0.787125625,0.861661603,0.895170665
9,23,20,0.823784014,0.881448895,0.767354809,0.799470029,0.834374725
9,23,21,0.834778912,0.918256803,0.867752679,0.908539977,0.899978735
9,23,22,0.834778912,0.75964881,0.845046693,0.853816045,0.905654876
9,23,23,0.841479592,0.86672398,0.905347893,0.940878527,0.906379648
9,23,24,0.841479592,0.86672398,0.768691607,0.800862775,0.778467514
9,23,25,0.841130952,0.773840476,0.888234285,0.78433779,0.838323593
9,23,26,0.841130952,0.908421428,0.796046333,0.789135601,0.842020414
9,23,27,0.83872449,0.87227347,0.838389,0.85829361,0.885996948
9,23,28,0.83872449,0.87227347,0.769949082,0.901410758,0.904780711
9,23,29,0.825977891,0.776419218,0.841258482,0.847133938,0.847378304
9,23,30,0.825977891,0.776419218,0.857282453,0.762500664,0.837766859
9,23,31,0.800782313,0.864844898,0.891110558,0.920425597,0.904062475
9,23,32,0.800782313,0.776758844,0.820321401,0.863230521,0.888647864
9,23,33,0.721147959,0.735570918,0.793911788,0.74270812,0.793234778
9,23,34,0.721147959,0.735570918,0.71379225,0.74520882,0.670615588
9,23,35,0.155416667,0.16785,0.156784334,0.16641768,0.171314201
9,23,36,0.155416667,0.1538625,0.16701075,0.174639636,0.156223093
9,23,37,0.0,0.0,0.0,0.0,0.0
9,23,38,0.0,0.0,0.0,0.0,0.0
9,23,39,0.0,0.0,0.0,0.0,0.0
9,23,40,0.0,0.0,0.0,0.0,0.0
9,23,41,0.0,0.0,0.0,0.0,0.0
9,23,42,0.0,0.0,0.0,0.0,0.0
9,23,43,0.0,0.0,0.0,0.0,0.0
9,23,44,0.0,0.0,0.0,0.0,0.0
9,23,45,0.0,0.0,0.0,0.0,0.0
9,23,46,0.0,0.0,0.0,0.0,0.0
9,23,47,0.0,0.0,0.0,0.0,0.0
9,23,48,0.0,0.0,0.0,0.0,0.0
9,24,1,0.0,0.0,0.0,0.0,0.0
9,24,2,0.0,0.0,0.0,0.0,0.0
9,24,3,0.0,0.0,0.0,0.0,0.0
9,24,4,0.0,0.0,0.0,0.0,0.0
9,24,5,0.0,0.0,0.0,0.0,0.0
9,24,6,0.0,0.0,0.0,0.0,0.0
9,24,7,0.0,0.0,0.0,0.0,0.0
9,24,8,0.0,0.0,0.0,0.0,0.0
9,24,9,0.0,0.0,0.0,0.0,0.0
9,24,10,0.0,0.0,0.0,0.0,0.0
9,24,11,0.0,0.0,0.0,0.0,0.0
9,24,12,0.0,0.0,0.0,0.0,0.0
9,24,13,0.176207483,0.16034881,0.163229802,0.153267736,0.155100285
9,24,14,0.176207483,0.167397109,0.18554648,0.178147527,0.192738868
9,24,15,0.687219388,0.639114031,0.596850038,0.666703599,0.660421199
9,24,16,0.687219388,0.749069133,0.653511277,0.633905939,0.708163492
9,24,17,0.809906463,0.745113946,0.707534286,0.7391012,0.765422253
9,24,18,0.809906463,0.761312075,0.785609269,0.722760528,0.708305317
9,24,19,0.83329932,0.824966327,0.837424152,0.873491429,0.859141213
9,24,20,0.83329932,0.849965306,0.816383344,0.82488383,0.772953644
9,24,21,0.841751701,0.833334184,0.762164078,0.763671655,0.864248837
9,24,22,0.841751701,0.917509354,0.906019443,0.879542564,0.930516054
9,24,23,0.847644558,0.771356548,0.728550498,0.829468233,0.810140058
9,24,24,0.847644558,0.873073895,0.808737673,0.792562919,0.855419904
9,24,25,0.845960884,0.812122449,0.754427916,0.804170416,0.763961896
9,24,26,0.845960884,0.879799319,0.776592092,0.900846826,0.901847767
9,24,27,0.841377551,0.875032653,0.841041,0.920682433,0.799970737
9,24,28,0.841377551,0.832963775,0.862285783,0.879364065,0.802757926
9,24,29,0.833214286,0.916535715,0.804885,0.9196686,0.903318936
9,24,30,0.833214286,0.908203572,0.809759304,0.841888463,0.933093047
9,24,31,0.797831633,0.837723215,0.866844069,0.875839621,0.912124405
9,24,32,0.797831633,0.749961735,0.812591518,0.818266761,0.778769653
9,24,33,0.699413265,0.734383928,0.774250484,0.75073621,0.673123335
9,24,34,0.699413265,0.762360459,0.665107044,0.716049859,0.660981371
9,24,35,0.148613946,0.142669388,0.158749417,0.136509935,0.152501098
9,24,36,0.148613946,0.141183249,0.155041499,0.16014193,0.137633092
9,24,37,0.0,0.0,0.0,0.0,0.0
9,24,38,0.0,0.0,0.0,0.0,0.0
9,24,39,0.0,0.0,0.0,0.0,0.0
9,24,40,0.0,0.0,0.0,0.0,0.0
9,24,41,0.0,0.0,0.0,0.0,0.0
9,24,42,0.0,0.0,0.0,0.0,0.0
9,24,43,0.0,0.0,0.0,0.0,0.0
9,24,44,0.0,0.0,0.0,0.0,0.0
9,24,45,0.0,0.0,0.0,0.0,0.0
9,24,46,0.0,0.0,0.0,0.0,0.0
9,24,47,0.0,0.0,0.0,0.0,0.0
9,24,48,0.0,0.0,0.0,0.0,0.0
9,25,1,0.0,0.0,0.0,0.0,0.0
9,25,2,0.0,0.0,0.0,0.0,0.0
9,25,3,0.0,0.0,0.0,0.0,0.0
9,25,4,0.0,0.0,0.0,0.0,0.0
9,25,5,0.0,0.0,0.0,0.0,0.0
9,25,6,0.0,0.0,0.0,0.0,0.0
9,25,7,0.0,0.0,0.0,0.0,0.0
9,25,8,0.0,0.0,0.0,0.0,0.0
9,25,9,0.0,0.0,0.0,0.0,0.0
9,25,10,0.0,0.0,0.0,0.0,0.0
9,25,11,0.0,0.0,0.0,0.0,0.0
9,25,12,0.0,0.0,0.0,0.0,0.0
9,25,13,0.179812925,0.190601701,0.181503166,0.185812323,0.175210902
9,25,14,0.179812925,0.195996088,0.174751191,0.172508864,0.164498213
9,25,15,0.679217687,0.645256803,0.635747755,0.666475563,0.702641664
9,25,16,0.679217687,0.686009864,0.73039674,0.642658116,0.657187778
9,25,17,0.802695578,0.738479932,0.84764653,0.875901415,0.816180864
9,25,18,0.802695578,0.87493818,0.922698567,0.875445216,0.842876054
9,25,19,0.829931973,0.821632653,0.842297959,0.748158776,0.753769967
9,25,20,0.829931973,0.91292517,0.932428572,0.972020476,0.902708282
9,25,21,0.843197279,0.801037415,0.789232653,0.876048245,0.81083132
9,25,22,0.843197279,0.792605442,0.801543333,0.885569067,0.764270478
9,25,23,0.843971088,0.810212244,0.752653416,0.778210549,0.85996277
9,25,24,0.843971088,0.894609353,0.930140536,0.907365132,0.974483465
9,25,25,0.84204932,0.81678784,0.912360438,0.77135928,0.810570043
9,25,26,0.84204932,0.926254252,0.901834822,0.925647976,0.845009797
9,25,27,0.84204932,0.774685374,0.743697959,0.778942776,0.855479805
9,25,28,0.84204932,0.926254252,0.946042411,0.904781994,0.877638535
9,25,29,0.825467687,0.800703656,0.837478242,0.845853024,0.860470678
9,25,30,0.825467687,0.751175595,0.796204857,0.846315836,0.877222183
9,25,31,0.788256803,0.740961395,0.69579428,0.786171075,0.677516299
9,25,32,0.788256803,0.717313691,0.677506722,0.742246253,0.680137707
9,25,33,0.685782313,0.713213606,0.720482898,0.657038433,0.742718364
9,25,34,0.685782313,0.644635374,0.691817197,0.680819078,0.635217681
9,25,35,0.147670068,0.147670068,0.155053571,0.163643047,0.145833729
9,25,36,0.147670068,0.137333163,0.151051713,0.155526263,0.146416349
9,25,37,0.0,0.0,0.0,0.0,0.0
9,25,38,0.0,0.0,0.0,0.0,0.0
9,25,39,0.0,0.0,0.0,0.0,0.0
9,25,40,0.0,0.0,0.0,0.0,0.0
9,25,41,0.0,0.0,0.0,0.0,0.0
9,25,42,0.0,0.0,0.0,0.0,0.0
9,25,43,0.0,0.0,0.0,0.0,0.0
9,25,44,0.0,0.0,0.0,0.0,0.0
9,25,45,0.0,0.0,0.0,0.0,0.0
9,25,46,0.0,0.0,0.0,0.0,0.0
9,25,47,0.0,0.0,0.0,0.0,0.0
9,25,48,0.0,0.0,0.0,0.0,0.0
9,26,1,0.0,0.0,0.0,0.0,0.0
9,26,2,0.0,0.0,0.0,0.0,0.0
9,26,3,0.0,0.0,0.0,0.0,0.0
9,26,4,0.0,0.0,0.0,0.0,0.0
9,26,5,0.0,0.0,0.0,0.0,0.0
9,26,6,0.0,0.0,0.0,0.0,0.0
9,26,7,0.0,0.0,0.0,0.0,0.0
9,26,8,0.0,0.0,0.0,0.0,0.0
9,26,9,0.0,0.0,0.0,0.0,0.0
9,26,10,0.0,0.0,0.0,0.0,0.0
9,26,11,0.0,0.0,0.0,0.0,0.0
9,26,12,0.0,0.0,0.0,0.0,0.0
9,26,13,0.186003401,0.200883673,0.185705796,0.17750379,0.191274648
9,26,14,0.186003401,0.204603741,0.185538392,0.174764145,0.170831952
9,26,15,0.679294218,0.645329507,0.622573151,0.688009563,0.69174169
9,26,16,0.679294218,0.631743623,0.603077407,0.593375727,0.570454197
9,26,17,0.804812925,0.732379762,0.807026161,0.820476597,0.7990856
9,26,18,0.804812925,0.837005442,0.771654632,0.78035627,0.862333903
9,26,19,0.834183673,0.86755102,0.825341326,0.817087913,0.760797294
9,26,20,0.834183673,0.909260204,0.932742474,0.856379632,0.918467156
9,26,21,0.847423469,0.81352653,0.78895125,0.800301075,0.747546534
9,26,22,0.847423469,0.881320408,0.881659377,0.809225009,0.91475056
9,26,23,0.846292517,0.846292517,0.787052041,0.752156579,0.824107382
9,26,24,0.846292517,0.846292517,0.922458844,0.941415796,0.889114918
9,26,25,0.842848639,0.901848044,0.854901375,0.849202032,0.793224021
9,26,26,0.842848639,0.901848044,0.854901375,0.935855301,0.972249673
9,26,27,0.843452381,0.784410714,0.887185387,0.880266969,0.823363997
9,26,28,0.843452381,0.877190476,0.791495714,0.8792485,0.796975962
9,26,29,0.825178571,0.7509125,0.866850089,0.732882348,0.746318524
9,26,30,0.825178571,0.858185714,0.816431678,0.874928587,0.767749835
9,26,31,0.785620748,0.777764541,0.773875718,0.701178302,0.714033237
9,26,32,0.785620748,0.722771088,0.776821796,0.693181468,0.692476861
9,26,33,0.682517007,0.614265306,0.693778538,0.610438661,0.663254876
9,26,34,0.682517007,0.634740817,0.698146646,0.69867355,0.63102314
9,26,35,0.148860544,0.145883333,0.14295078,0.154652112,0.139201491
9,26,36,0.148860544,0.15332636,0.164691863,0.144732418,0.155960852
9,26,37,0.0,0.0,0.0,0.0,0.0
9,26,38,0.0,0.0,0.0,0.0,0.0
9,26,39,0.0,0.0,0.0,0.0,0.0
9,26,40,0.0,0.0,0.0,0.0,0.0
9,26,41,0.0,0.0,0.0,0.0,0.0
9,26,42,0.0,0.0,0.0,0.0,0.0
9,26,43,0.0,0.0,0.0,0.0,0.0
9,26,44,0.0,0.0,0.0,0.0,0.0
9,26,45,0.0,0.0,0.0,0.0,0.0
9,26,46,0.0,0.0,0.0,0.0,0.0
9,26,47,0.0,0.0,0.0,0.0,0.0
9,26,48,0.0,0.0,0.0,0.0,0.0
9,27,1,0.0,0.0,0.0,0.0,0.0
9,27,2,0.0,0.0,0.0,0.0,0.0
9,27,3,0.0,0.0,0.0,0.0,0.0
9,27,4,0.0,0.0,0.0,0.0,0.0
9,27,5,0.0,0.0,0.0,0.0,0.0
9,27,6,0.0,0.0,0.0,0.0,0.0
9,27,7,0.0,0.0,0.0,0.0,0.0
9,27,8,0.0,0.0,0.0,0.0,0.0
9,27,9,0.0,0.0,0.0,0.0,0.0
9,27,10,0.0,0.0,0.0,0.0,0.0
9,27,11,0.0,0.0,0.0,0.0,0.0
9,27,12,0.0,0.0,0.0,0.0,0.0
9,27,13,0.202610544,0.190453911,0.176879005,0.184281719,0.171586228
9,27,14,0.202610544,0.20868886,0.199480211,0.185269817,0.187071617
9,27,15,0.736964286,0.692746429,0.736301018,0.765324146,0.681535592
9,27,16,0.736964286,0.707485715,0.67166925,0.733588007,0.719551083
9,27,17,0.838903061,0.906015306,0.907357551,0.945978411,0.917554854
9,27,18,0.838903061,0.813735969,0.842845905,0.815191746,0.794562403
9,27,19,0.848767007,0.857254677,0.784769975,0.80535597,0.865238752
9,27,20,0.848767007,0.865742347,0.925835051,0.880114802,0.792103322
9,27,21,0.854319728,0.871406123,0.914634701,0.959331,0.863925972
9,27,22,0.854319728,0.768887755,0.827835816,0.849695011,0.841688269
9,27,23,0.851130952,0.88517619,0.937605857,0.90913042,0.904718463
9,27,24,0.851130952,0.927732738,0.925009119,0.928329664,0.817245556
9,27,25,0.842755102,0.817472449,0.871619464,0.877706965,0.835340725
9,27,26,0.842755102,0.817472449,0.904824015,0.855017189,0.914868392
9,27,27,0.838579932,0.754721939,0.724952351,0.741841351,0.71912246
9,27,28,0.838579932,0.788265136,0.732080281,0.85707621,0.852240413
9,27,29,0.826887755,0.752467857,0.805471362,0.794942325,0.826740018
9,27,30,0.826887755,0.851694388,0.772147786,0.865924575,0.895496716
9,27,31,0.804098639,0.852344557,0.88619711,0.906875043,0.888250202
9,27,32,0.804098639,0.86842653,0.794449455,0.904557362,0.901884806
9,27,33,0.724914966,0.768409864,0.709329294,0.675480598,0.741119691
9,27,34,0.724914966,0.732164116,0.801393495,0.790465402,0.777479184
9,27,35,0.167295918,0.167295918,0.180679591,0.156299,0.183002941
9,27,36,0.167295918,0.182352551,0.166083023,0.156438552,0.169722936
9,27,37,0.0,0.0,0.0,0.0,0.0
9,27,38,0.0,0.0,0.0,0.0,0.0
9,27,39,0.0,0.0,0.0,0.0,0.0
9,27,40,0.0,0.0,0.0,0.0,0.0
9,27,41,0.0,0.0,0.0,0.0,0.0
9,27,42,0.0,0.0,0.0,0.0,0.0
9,27,43,0.0,0.0,0.0,0.0,0.0
9,27,44,0.0,0.0,0.0,0.0,0.0
9,27,45,0.0,0.0,0.0,0.0,0.0
9,27,46,0.0,0.0,0.0,0.0,0.0
9,27,47,0.0,0.0,0.0,0.0,0.0
9,27,48,0.0,0.0,0.0,0.0,0.0
9,28,1,0.0,0.0,0.0,0.0,0.0
9,28,2,0.0,0.0,0.0,0.0,0.0
9,28,3,0.0,0.0,0.0,0.0,0.0
9,28,4,0.0,0.0,0.0,0.0,0.0
9,28,5,0.0,0.0,0.0,0.0,0.0
9,28,6,0.0,0.0,0.0,0.0,0.0
9,28,7,0.0,0.0,0.0,0.0,0.0
9,28,8,0.0,0.0,0.0,0.0,0.0
9,28,9,0.0,0.0,0.0,0.0,0.0
9,28,10,0.0,0.0,0.0,0.0,0.0
9,28,11,0.0,0.0,0.0,0.0,0.0
9,28,12,0.0,0.0,0.0,0.0,0.0
9,28,13,0.247908163,0.255345408,0.236529178,0.261389905,0.23026971
9,28,14,0.247908163,0.272698979,0.242082321,0.279652803,0.252768
9,28,15,0.758971088,0.827278486,0.793124787,0.7455373,0.726541961
9,28,16,0.758971088,0.77415051,0.835551271,0.83693108,0.721260888
9,28,17,0.83585034,0.844208843,0.806428408,0.911712117,0.798576931
9,28,18,0.83585034,0.86092585,0.814452571,0.853817779,0.849674251
9,28,19,0.846505102,0.846505102,0.931155612,0.830985842,0.932890948
9,28,20,0.846505102,0.761854592,0.844388839,0.850286158,0.875304193
9,28,21,0.856326531,0.779257143,0.744190572,0.729797435,0.816262566
9,28,22,0.856326531,0.873453062,0.93408098,0.887953524,0.941230736
9,28,23,0.859251701,0.850659184,0.863504997,0.814915029,0.923320173
9,28,24,0.859251701,0.910806803,0.885029252,0.885029252,0.902729837
9,28,25,0.857678571,0.866255357,0.793009607,0.780252496,0.906728908
9,28,26,0.857678571,0.917716071,0.887697321,0.949836133,0.903232024
9,28,27,0.857729592,0.874884184,0.779676199,0.879301491,0.797023995
9,28,28,0.857729592,0.866306888,0.784436598,0.903050308,0.929640123
9,28,29,0.849659864,0.892142857,0.836065306,0.807731982,0.778688002
9,28,30,0.849659864,0.824170068,0.887129864,0.785361004,0.87840921
9,28,31,0.825943878,0.842462756,0.775809085,0.806591187,0.788320675
9,28,32,0.825943878,0.867241072,0.83812655,0.79314427,0.764624827
9,28,33,0.766972789,0.843670068,0.861693928,0.741701036,0.763333982
9,28,34,0.766972789,0.751633333,0.721337908,0.71678209,0.813099683
9,28,35,0.181845238,0.170934524,0.185209375,0.181123009,0.186969158
9,28,36,0.181845238,0.178208333,0.165624643,0.159455725,0.171283485
9,28,37,0.0,0.0,0.0,0.0,0.0
9,28,38,0.0,0.0,0.0,0.0,0.0
9,28,39,0.0,0.0,0.0,0.0,0.0
9,28,40,0.0,0.0,0.0,0.0,0.0
9,28,41,0.0,0.0,0.0,0.0,0.0
9,28,42,0.0,0.0,0.0,0.0,0.0
9,28,43,0.0,0.0,0.0,0.0,0.0
9,28,44,0.0,0.0,0.0,0.0,0.0
9,28,45,0.0,0.0,0.0,0.0,0.0
9,28,46,0.0,0.0,0.0,0.0,0.0
9,28,47,0.0,0.0,0.0,0.0,0.0
9,28,48,0.0,0.0,0.0,0.0,0.0
9,29,1,0.0,0.0,0.0,0.0,0.0
9,29,2,0.0,0.0,0.0,0.0,0.0
9,29,3,0.0,0.0,0.0,0.0,0.0
9,29,4,0.0,0.0,0.0,0.0,0.0
9,29,5,0.0,0.0,0.0,0.0,0.0
9,29,6,0.0,0.0,0.0,0.0,0.0
9,29,7,0.0,0.0,0.0,0.0,0.0
9,29,8,0.0,0.0,0.0,0.0,0.0
9,29,9,0.0,0.0,0.0,0.0,0.0
9,29,10,0.0,0.0,0.0,0.0,0.0
9,29,11,0.0,0.0,0.0,0.0,0.0
9,29,12,0.0,0.0,0.0,0.0,0.0
9,29,13,0.261811224,0.28013801,0.246586901,0.265473832,0.239787268
9,29,14,0.261811224,0.256575,0.285112423,0.283902855,0.285442894
9,29,15,0.776760204,0.80006301,0.804179839,0.7539843,0.815096712
9,29,16,0.776760204,0.72238699,0.757069333,0.744551454,0.787701595
9,29,17,0.866717687,0.814714626,0.899566287,0.868936195,0.784860166
9,29,18,0.866717687,0.901386394,0.928254643,0.934737691,0.862385399
9,29,19,0.879183673,0.88797551,0.839400612,0.842787667,0.827843391
9,29,20,0.879183673,0.931934693,0.815003265,0.92789631,0.808539082
9,29,21,0.882321429,0.8029125,0.926878661,0.801047861,0.921553322
9,29,22,0.882321429,0.847028572,0.82144125,0.790745288,0.860445659
9,29,23,0.875501701,0.840481633,0.840831834,0.903408026,0.925609704
9,29,24,0.875501701,0.928031803,0.901766752,0.901766752,0.98292576
9,29,25,0.869642857,0.843553571,0.83946625,0.799834306,0.804599276
9,29,26,0.869642857,0.878339286,0.917690625,0.84412971,0.947646669
9,29,27,0.865765306,0.883080612,0.795724893,0.933009297,0.930252679
9,29,28,0.865765306,0.813819388,0.831394423,0.836993039,0.920692343
9,29,29,0.856292517,0.813477891,0.834885204,0.910024872,0.828060018
9,29,30,0.856292517,0.839166667,0.839252296,0.760413444,0.757878732
9,29,31,0.832636054,0.907573299,0.783094209,0.815868152,0.876532575
9,29,32,0.832636054,0.874267857,0.76810676,0.792003415,0.759580775
9,29,33,0.766130952,0.697179166,0.753604711,0.798089339,0.693450959
9,29,34,0.766130952,0.812098809,0.741767988,0.850665841,0.864005828
9,29,35,0.187559524,0.170679167,0.180910539,0.17971641,0.192296559
9,29,36,0.187559524,0.168803572,0.181745179,0.186544202,0.170293332
9,29,37,0.0,0.0,0.0,0.0,0.0
9,29,38,0.0,0.0,0.0,0.0,0.0
9,29,39,0.0,0.0,0.0,0.0,0.0
9,29,40,0.0,0.0,0.0,0.0,0.0
9,29,41,0.0,0.0,0.0,0.0,0.0
9,29,42,0.0,0.0,0.0,0.0,0.0
9,29,43,0.0,0.0,0.0,0.0,0.0
9,29,44,0.0,0.0,0.0,0.0,0.0
9,29,45,0.0,0.0,0.0,0.0,0.0
9,29,46,0.0,0.0,0.0,0.0,0.0
9,29,47,0.0,0.0,0.0,0.0,0.0
9,29,48,0.0,0.0,0.0,0.0,0.0
9,30,1,0.0,0.0,0.0,0.0,0.0
9,30,2,0.0,0.0,0.0,0.0,0.0
9,30,3,0.0,0.0,0.0,0.0,0.0
9,30,4,0.0,0.0,0.0,0.0,0.0
9,30,5,0.0,0.0,0.0,0.0,0.0
9,30,6,0.0,0.0,0.0,0.0,0.0
9,30,7,0.0,0.0,0.0,0.0,0.0
9,30,8,0.0,0.0,0.0,0.0,0.0
9,30,9,0.0,0.0,0.0,0.0,0.0
9,30,10,0.0,0.0,0.0,0.0,0.0
9,30,11,0.0,0.0,0.0,0.0,0.0
9,30,12,0.0,0.0,0.0,0.0,0.0
9,30,13,0.244642857,0.247089286,0.243407411,0.252397913,0.256759741
9,30,14,0.244642857,0.244642857,0.222625,0.225438393,0.243710768
9,30,15,0.744472789,0.677470238,0.77495895,0.754269679,0.730414985
9,30,16,0.744472789,0.774251701,0.721394133,0.813909766,0.694791458
9,30,17,0.84627551,0.787036224,0.865655219,0.841318874,0.78496717
9,30,18,0.84627551,0.795498979,0.878349352,0.772837978,0.831472859
9,30,19,0.859838435,0.868436819,0.941910014,0.890061756,0.970167314
9,30,20,0.859838435,0.92862551,0.903174292,0.888240618,0.975516988
9,30,21,0.868392857,0.781553571,0.899220803,0.841225186,0.771314275
9,30,22,0.868392857,0.937864286,0.848940857,0.91161798,0.900621035
9,30,23,0.865008503,0.890958758,0.948222321,0.982522215,0.995412185
9,30,24,0.865008503,0.847708333,0.882049171,0.830325122,0.94190006
9,30,25,0.857687075,0.806225851,0.798678204,0.894741444,0.889693132
9,30,26,0.857687075,0.823379592,0.88256,0.811815111,0.801667422
9,30,27,0.848758503,0.882708843,0.831104326,0.768771502,0.849492509
9,30,28,0.848758503,0.908171598,0.913603653,0.961392151,0.944300735
9,30,29,0.832984694,0.758016072,0.787545379,0.816634176,0.806783031
9,30,30,0.832984694,0.849644388,0.874967123,0.861057389,0.803383594
9,30,31,0.807882653,0.872513265,0.806590041,0.837285273,0.880931876
9,30,32,0.807882653,0.880592092,0.903333988,0.924411782,0.940588988
9,30,33,0.725680272,0.66762585,0.703619592,0.747903505,0.725431451
9,30,34,0.725680272,0.689396258,0.665085969,0.721123,0.637292451
9,30,35,0.166887755,0.165218877,0.169374383,0.172175148,0.168414041
9,30,36,0.166887755,0.175232143,0.162506951,0.156434323,0.181791822
9,30,37,0.0,0.0,0.0,0.0,0.0
9,30,38,0.0,0.0,0.0,0.0,0.0
9,30,39,0.0,0.0,0.0,0.0,0.0
9,30,40,0.0,0.0,0.0,0.0,0.0
9,30,41,0.0,0.0,0.0,0.0,0.0
9,30,42,0.0,0.0,0.0,0.0,0.0
9,30,43,0.0,0.0,0.0,0.0,0.0
9,30,44,0.0,0.0,0.0,0.0,0.0
9,30,45,0.0,0.0,0.0,0.0,0.0
9,30,46,0.0,0.0,0.0,0.0,0.0
9,30,47,0.0,0.0,0.0,0.0,0.0
9,30,48,0.0,0.0,0.0,0.0,0.0
10,1,1,0.0,0.0,0.0,0.0,0.0
10,1,2,0.0,0.0,0.0,0.0,0.0
10,1,3,0.0,0.0,0.0,0.0,0.0
10,1,4,0.0,0.0,0.0,0.0,0.0
10,1,5,0.0,0.0,0.0,0.0,0.0
10,1,6,0.0,0.0,0.0,0.0,0.0
10,1,7,0.0,0.0,0.0,0.0,0.0
10,1,8,0.0,0.0,0.0,0.0,0.0
10,1,9,0.0,0.0,0.0,0.0,0.0
10,1,10,0.0,0.0,0.0,0.0,0.0
10,1,11,0.0,0.0,0.0,0.0,0.0
10,1,12,0.0,0.0,0.0,0.0,0.0
10,1,13,0.248630952,0.25857619,0.278963928,0.285642156,0.281350972
10,1,14,0.248630952,0.246144642,0.230070651,0.241615415,0.229534645
10,1,15,0.73005102,0.657045918,0.651935561,0.700067825,0.719013835
10,1,16,0.73005102,0.788455102,0.789623183,0.83092655,0.706287567
10,1,17,0.830858844,0.814241667,0.863677768,0.894797586,0.876420785
10,1,18,0.830858844,0.839167432,0.776562219,0.766597728,0.811329521
10,1,19,0.843843537,0.894474149,0.88654202,0.8924523,0.914501122
10,1,20,0.843843537,0.810089796,0.876584666,0.91942154,0.836610338
10,1,21,0.854957483,0.872056633,0.941222693,0.916094638,0.90504369
10,1,22,0.854957483,0.880606207,0.833070571,0.899021992,0.806230079
10,1,23,0.850544218,0.918587755,0.849183347,0.855316338,0.937880548
10,1,24,0.850544218,0.808017007,0.820987806,0.801720854,0.738285724
10,1,25,0.843690476,0.877438095,0.938015071,0.806606905,0.814451379
10,1,26,0.843690476,0.902748809,0.838290857,0.861576714,0.78403481
10,1,27,0.835331633,0.768505102,0.882110204,0.762357062,0.84455904
10,1,28,0.835331633,0.810271684,0.789889592,0.80371266,0.777409337
10,1,29,0.817831633,0.809653317,0.789330201,0.725044545,0.761900976
10,1,30,0.817831633,0.744226786,0.851321838,0.740103279,0.741068631
10,1,31,0.788520408,0.859487245,0.741603444,0.764675551,0.867428828
10,1,32,0.788520408,0.843716837,0.873246926,0.918677529,0.813238404
10,1,33,0.711267007,0.661478317,0.617735396,0.650223702,0.633769061
10,1,34,0.711267007,0.689928997,0.686586042,0.75856081,0.668890571
10,1,35,0.166147959,0.169470918,0.16445325,0.153355452,0.17152474
10,1,36,0.166147959,0.154517602,0.171556075,0.154229446,0.145451493
10,1,37,0.0,0.0,0.0,0.0,0.0
10,1,38,0.0,0.0,0.0,0.0,0.0
10,1,39,0.0,0.0,0.0,0.0,0.0
10,1,40,0.0,0.0,0.0,0.0,0.0
10,1,41,0.0,0.0,0.0,0.0,0.0
10,1,42,0.0,0.0,0.0,0.0,0.0
10,1,43,0.0,0.0,0.0,0.0,0.0
10,1,44,0.0,0.0,0.0,0.0,0.0
10,1,45,0.0,0.0,0.0,0.0,0.0
10,1,46,0.0,0.0,0.0,0.0,0.0
10,1,47,0.0,0.0,0.0,0.0,0.0
10,1,48,0.0,0.0,0.0,0.0,0.0
10,2,1,0.0,0.0,0.0,0.0,0.0
10,2,2,0.0,0.0,0.0,0.0,0.0
10,2,3,0.0,0.0,0.0,0.0,0.0
10,2,4,0.0,0.0,0.0,0.0,0.0
10,2,5,0.0,0.0,0.0,0.0,0.0
10,2,6,0.0,0.0,0.0,0.0,0.0
10,2,7,0.0,0.0,0.0,0.0,0.0
10,2,8,0.0,0.0,0.0,0.0,0.0
10,2,9,0.0,0.0,0.0,0.0,0.0
10,2,10,0.0,0.0,0.0,0.0,0.0
10,2,11,0.0,0.0,0.0,0.0,0.0
10,2,12,0.0,0.0,0.0,0.0,0.0
10,2,13,0.271760204,0.244584184,0.281407691,0.247303144,0.25603853
10,2,14,0.271760204,0.260889796,0.27964125,0.278886662,0.297345981
10,2,15,0.737891156,0.811680272,0.705055,0.713965035,0.756990823
10,2,16,0.737891156,0.774785714,0.779028588,0.786818874,0.73884584
10,2,17,0.810085034,0.858690136,0.775980454,0.88826121,0.791591498
10,2,18,0.810085034,0.745278231,0.824342531,0.713911739,0.827542691
10,2,19,0.825646259,0.809133334,0.760172511,0.870165931,0.840767894
10,2,20,0.825646259,0.759594558,0.816399021,0.728497418,0.704280883
10,2,21,0.835331633,0.768505102,0.78588,0.820469413,0.818597468
10,2,22,0.835331633,0.826978317,0.872712724,0.785857029,0.755500132
10,2,23,0.833469388,0.900146939,0.944820898,0.857099912,0.830851227
10,2,24,0.833469388,0.85847347,0.871350572,0.820253897,0.922016647
10,2,25,0.831964286,0.840283929,0.819401625,0.813938948,0.809869253
10,2,26,0.831964286,0.831964286,0.881882143,0.89103375,0.927948006
10,2,27,0.83,0.8964,0.880464,0.868954667,0.9124024
10,2,28,0.83,0.7553,0.760944,0.860289467,0.817666034
10,2,29,0.819540816,0.827736224,0.765983824,0.884862317,0.766813639
10,2,30,0.819540816,0.868713265,0.861009581,0.798769281,0.845378318
10,2,31,0.791981293,0.831580358,0.819898634,0.822631629,0.865514357
10,2,32,0.791981293,0.72862279,0.790714123,0.816665766,0.735076233
10,2,33,0.732780612,0.666830357,0.636822991,0.726328112,0.752852665
10,2,34,0.732780612,0.674158163,0.766781632,0.69559053,0.681461348
10,2,35,0.177304422,0.191488776,0.182552633,0.165403749,0.186354891
10,2,36,0.177304422,0.173758334,0.177286692,0.181399977,0.166791115
10,2,37,0.0,0.0,0.0,0.0,0.0
10,2,38,0.0,0.0,0.0,0.0,0.0
10,2,39,0.0,0.0,0.0,0.0,0.0
10,2,40,0.0,0.0,0.0,0.0,0.0
10,2,41,0.0,0.0,0.0,0.0,0.0
10,2,42,0.0,0.0,0.0,0.0,0.0
10,2,43,0.0,0.0,0.0,0.0,0.0
10,2,44,0.0,0.0,0.0,0.0,0.0
10,2,45,0.0,0.0,0.0,0.0,0.0
10,2,46,0.0,0.0,0.0,0.0,0.0
10,2,47,0.0,0.0,0.0,0.0,0.0
10,2,48,0.0,0.0,0.0,0.0,0.0
10,3,1,0.0,0.0,0.0,0.0,0.0
10,3,2,0.0,0.0,0.0,0.0,0.0
10,3,3,0.0,0.0,0.0,0.0,0.0
10,3,4,0.0,0.0,0.0,0.0,0.0
10,3,5,0.0,0.0,0.0,0.0,0.0
10,3,6,0.0,0.0,0.0,0.0,0.0
10,3,7,0.0,0.0,0.0,0.0,0.0
10,3,8,0.0,0.0,0.0,0.0,0.0
10,3,9,0.0,0.0,0.0,0.0,0.0
10,3,10,0.0,0.0,0.0,0.0,0.0
10,3,11,0.0,0.0,0.0,0.0,0.0
10,3,12,0.0,0.0,0.0,0.0,0.0
10,3,13,0.272482993,0.253409183,0.276093393,0.272675094,0.260605211
10,3,14,0.272482993,0.275207823,0.249199321,0.273598947,0.272974716
10,3,15,0.720731293,0.670280102,0.716370869,0.646263894,0.640222732
10,3,16,0.720731293,0.771182484,0.708659044,0.799541458,0.720027427
10,3,17,0.808333333,0.784083333,0.851942916,0.757751471,0.88058054
10,3,18,0.808333333,0.84875,0.894825,0.876155194,0.839875564
10,3,19,0.820382653,0.812178826,0.881583199,0.88833112,0.808088002
10,3,20,0.820382653,0.738344388,0.709220804,0.710623658,0.71485716
10,3,21,0.831785714,0.831785714,0.756925,0.855242071,0.843502663
10,3,22,0.831785714,0.748607143,0.82970625,0.747130723,0.718269786
10,3,23,0.833086735,0.816425,0.865993661,0.855271835,0.758424877
10,3,24,0.833086735,0.774770664,0.739614403,0.759015883,0.706725948
10,3,25,0.834846939,0.834846939,0.751362245,0.742457211,0.869966167
10,3,26,0.834846939,0.901634694,0.868240817,0.833511184,0.936918665
10,3,27,0.831785714,0.790196428,0.729891964,0.830995518,0.875289147
10,3,28,0.831785714,0.798514285,0.8885135,0.898376815,0.905555433
10,3,29,0.819583333,0.754016666,0.70812,0.7073332,0.784626465
10,3,30,0.819583333,0.893345833,0.865029229,0.833539881,0.921104534
10,3,31,0.794829932,0.723295238,0.683156327,0.748435709,0.811172232
10,3,32,0.794829932,0.866364626,0.764149497,0.759941137,0.844100576
10,3,33,0.717984694,0.782603316,0.810317526,0.700974679,0.775559155
10,3,34,0.717984694,0.682085459,0.679034024,0.651452642,0.730423949
10,3,35,0.172542517,0.179444218,0.161913898,0.164448202,0.152628488
10,3,36,0.172542517,0.172542517,0.15701369,0.180755541,0.162177888
10,3,37,0.0,0.0,0.0,0.0,0.0
10,3,38,0.0,0.0,0.0,0.0,0.0
10,3,39,0.0,0.0,0.0,0.0,0.0
10,3,40,0.0,0.0,0.0,0.0,0.0
10,3,41,0.0,0.0,0.0,0.0,0.0
10,3,42,0.0,0.0,0.0,0.0,0.0
10,3,43,0.0,0.0,0.0,0.0,0.0
10,3,44,0.0,0.0,0.0,0.0,0.0
10,3,45,0.0,0.0,0.0,0.0,0.0
10,3,46,0.0,0.0,0.0,0.0,0.0
10,3,47,0.0,0.0,0.0,0.0,0.0
10,3,48,0.0,0.0,0.0,0.0,0.0
10,4,1,0.0,0.0,0.0,0.0,0.0
10,4,2,0.0,0.0,0.0,0.0,0.0
10,4,3,0.0,0.0,0.0,0.0,0.0
10,4,4,0.0,0.0,0.0,0.0,0.0
10,4,5,0.0,0.0,0.0,0.0,0.0
10,4,6,0.0,0.0,0.0,0.0,0.0
10,4,7,0.0,0.0,0.0,0.0,0.0
10,4,8,0.0,0.0,0.0,0.0,0.0
10,4,9,0.0,0.0,0.0,0.0,0.0
10,4,10,0.0,0.0,0.0,0.0,0.0
10,4,11,0.0,0.0,0.0,0.0,0.0
10,4,12,0.0,0.0,0.0,0.0,0.0
10,4,13,0.24545068,0.265086734,0.265479455,0.266432459,0.284067442
10,4,14,0.24545068,0.235632653,0.264595833,0.236131736,0.238089144
10,4,15,0.682814626,0.67598648,0.652224531,0.690452135,0.607832499
10,4,16,0.682814626,0.751096089,0.645259822,0.679195708,0.73786297
10,4,17,0.796428571,0.7805,0.709617857,0.701207571,0.739469115
10,4,18,0.796428571,0.852178571,0.824303571,0.741873214,0.731363343
10,4,19,0.819761905,0.893540476,0.796685607,0.886862423,0.891673233
10,4,20,0.819761905,0.795169048,0.807465476,0.855913405,0.745815487
10,4,21,0.826904762,0.802097619,0.830791214,0.787133951,0.771145292
10,4,22,0.826904762,0.760752381,0.83352,0.774776686,0.830947996
10,4,23,0.82920068,0.912120748,0.8532475,0.847559183,0.774478825
10,4,24,0.82920068,0.862368707,0.854242541,0.848603976,0.916492294
10,4,25,0.828205782,0.861334013,0.878560694,0.856033496,0.796111152
10,4,26,0.828205782,0.877898129,0.76774676,0.890586242,0.916809059
10,4,27,0.828630952,0.795485714,0.844540666,0.757054915,0.798363781
10,4,28,0.828630952,0.903207738,0.839941764,0.882977956,0.924147875
10,4,29,0.811964286,0.7388875,0.783180152,0.707989688,0.73008519
10,4,30,0.811964286,0.836323215,0.766453688,0.821012004,0.817027681
10,4,31,0.768673469,0.768673469,0.791733673,0.83846902,0.768130786
10,4,32,0.768673469,0.814793877,0.87090704,0.891756027,0.869993908
10,4,33,0.629447279,0.623152806,0.569933039,0.5832106,0.565349775
10,4,34,0.629447279,0.610563861,0.564205069,0.649517835,0.625702181
10,4,35,0.100357143,0.103367857,0.11204875,0.112625971,0.113525926
10,4,36,0.100357143,0.110392857,0.10116,0.10397,0.0946127
10,4,37,0.0,0.0,0.0,0.0,0.0
10,4,38,0.0,0.0,0.0,0.0,0.0
10,4,39,0.0,0.0,0.0,0.0,0.0
10,4,40,0.0,0.0,0.0,0.0,0.0
10,4,41,0.0,0.0,0.0,0.0,0.0
10,4,42,0.0,0.0,0.0,0.0,0.0
10,4,43,0.0,0.0,0.0,0.0,0.0
10,4,44,0.0,0.0,0.0,0.0,0.0
10,4,45,0.0,0.0,0.0,0.0,0.0
10,4,46,0.0,0.0,0.0,0.0,0.0
10,4,47,0.0,0.0,0.0,0.0,0.0
10,4,48,0.0,0.0,0.0,0.0,0.0
10,5,1,0.0,0.0,0.0,0.0,0.0
10,5,2,0.0,0.0,0.0,0.0,0.0
10,5,3,0.0,0.0,0.0,0.0,0.0
10,5,4,0.0,0.0,0.0,0.0,0.0
10,5,5,0.0,0.0,0.0,0.0,0.0
10,5,6,0.0,0.0,0.0,0.0,0.0
10,5,7,0.0,0.0,0.0,0.0,0.0
10,5,8,0.0,0.0,0.0,0.0,0.0
10,5,9,0.0,0.0,0.0,0.0,0.0
10,5,10,0.0,0.0,0.0,0.0,0.0
10,5,11,0.0,0.0,0.0,0.0,0.0
10,5,12,0.0,0.0,0.0,0.0,0.0
10,5,13,0.210569728,0.206358333,0.216802592,0.215468422,0.210176771
10,5,14,0.210569728,0.206358333,0.210548671,0.227983213,0.209587687
10,5,15,0.699013605,0.678043197,0.619675561,0.645610131,0.607738773
10,5,16,0.699013605,0.664062925,0.708799795,0.649187915,0.659858078
10,5,17,0.804370748,0.731977381,0.745128842,0.692048015,0.669043122
10,5,18,0.804370748,0.820458163,0.853035178,0.768137868,0.860190519
10,5,19,0.828180272,0.811616667,0.787102531,0.752338835,0.715328619
10,5,20,0.828180272,0.753644048,0.854185133,0.795763088,0.832181429
10,5,21,0.837117347,0.870602041,0.888014082,0.83063471,0.933685329
10,5,22,0.837117347,0.920829082,0.791075893,0.892157813,0.937721587
10,5,23,0.840416667,0.8068,0.749483584,0.878790092,0.884382393
10,5,24,0.840416667,0.890841667,0.952192084,0.822924795,0.885359741
10,5,25,0.841556122,0.900465051,0.958111645,0.846041616,0.81562012
10,5,26,0.841556122,0.833140561,0.828974858,0.918012898,0.872529532
10,5,27,0.837423469,0.862546173,0.892484062,0.855509722,0.905090399
10,5,28,0.837423469,0.80392653,0.820675,0.9027425,0.916899143
10,5,29,0.827057823,0.752622619,0.797738623,0.792473022,0.808322482
10,5,30,0.827057823,0.79397551,0.834832167,0.818621833,0.83499427
10,5,31,0.785221088,0.706698979,0.775798435,0.816378661,0.709342347
10,5,32,0.785221088,0.80092551,0.824796231,0.755428753,0.728265464
10,5,33,0.607823129,0.577431973,0.533364796,0.549958367,0.584158903
10,5,34,0.607823129,0.56527551,0.627607772,0.546214278,0.627801284
10,5,35,0.160663265,0.162269898,0.161466581,0.166310579,0.172438236
10,5,36,0.160663265,0.15745,0.154284933,0.162190048,0.163406473
10,5,37,0.0,0.0,0.0,0.0,0.0
10,5,38,0.0,0.0,0.0,0.0,0.0
10,5,39,0.0,0.0,0.0,0.0,0.0
10,5,40,0.0,0.0,0.0,0.0,0.0
10,5,41,0.0,0.0,0.0,0.0,0.0
10,5,42,0.0,0.0,0.0,0.0,0.0
10,5,43,0.0,0.0,0.0,0.0,0.0
10,5,44,0.0,0.0,0.0,0.0,0.0
10,5,45,0.0,0.0,0.0,0.0,0.0
10,5,46,0.0,0.0,0.0,0.0,0.0
10,5,47,0.0,0.0,0.0,0.0,0.0
10,5,48,0.0,0.0,0.0,0.0,0.0
10,6,1,0.0,0.0,0.0,0.0,0.0
10,6,2,0.0,0.0,0.0,0.0,0.0
10,6,3,0.0,0.0,0.0,0.0,0.0
10,6,4,0.0,0.0,0.0,0.0,0.0
10,6,5,0.0,0.0,0.0,0.0,0.0
10,6,6,0.0,0.0,0.0,0.0,0.0
10,6,7,0.0,0.0,0.0,0.0,0.0
10,6,8,0.0,0.0,0.0,0.0,0.0
10,6,9,0.0,0.0,0.0,0.0,0.0
10,6,10,0.0,0.0,0.0,0.0,0.0
10,6,11,0.0,0.0,0.0,0.0,0.0
10,6,12,0.0,0.0,0.0,0.0,0.0
10,6,13,0.295416667,0.268829167,0.265195542,0.298598895,0.298930672
10,6,14,0.295416667,0.298370834,0.285018,0.319299332,0.314502519
10,6,15,0.750229592,0.757731888,0.701202088,0.810026642,0.679317797
10,6,16,0.750229592,0.690211225,0.770635837,0.744395807,0.672369985
10,6,17,0.842576531,0.783596174,0.845609807,0.865123879,0.759146204
10,6,18,0.842576531,0.792021939,0.899029159,0.852987968,0.872053516
10,6,19,0.851164966,0.927769813,0.960624781,0.876659059,0.940216841
10,6,20,0.851164966,0.876699915,0.829375143,0.784220274,0.852072376
10,6,21,0.861496599,0.921801361,0.89164898,0.89164898,0.980813878
10,6,22,0.861496599,0.878726531,0.861410449,0.832522745,0.927222208
10,6,23,0.861164966,0.930058163,0.913523796,0.96469307,0.935707199
10,6,24,0.861164966,0.783660119,0.789516041,0.835790453,0.801182237
10,6,25,0.858630952,0.772767857,0.856484375,0.754657899,0.761997154
10,6,26,0.858630952,0.850044642,0.914141443,0.944214134,0.856087481
10,6,27,0.854498299,0.786138435,0.828521551,0.855974872,0.74815496
10,6,28,0.854498299,0.91431318,0.857873567,0.831783598,0.778155445
10,6,29,0.841454082,0.774137755,0.840107755,0.8021952,0.86334212
10,6,30,0.841454082,0.833039541,0.84561928,0.798035753,0.754878819
10,6,31,0.814506803,0.863377211,0.872499687,0.790618947,0.910423222
10,6,32,0.814506803,0.871522279,0.885165268,0.90848867,0.791627887
10,6,33,0.730093537,0.78850102,0.721332415,0.709310208,0.678324551
10,6,34,0.730093537,0.671686054,0.742943183,0.750652971,0.6804133
10,6,35,0.179115646,0.184489115,0.170894238,0.19241964,0.163556694
10,6,36,0.179115646,0.193444898,0.204908299,0.196339407,0.179910418
10,6,37,0.0,0.0,0.0,0.0,0.0
10,6,38,0.0,0.0,0.0,0.0,0.0
10,6,39,0.0,0.0,0.0,0.0,0.0
10,6,40,0.0,0.0,0.0,0.0,0.0
10,6,41,0.0,0.0,0.0,0.0,0.0
10,6,42,0.0,0.0,0.0,0.0,0.0
10,6,43,0.0,0.0,0.0,0.0,0.0
10,6,44,0.0,0.0,0.0,0.0,0.0
10,6,45,0.0,0.0,0.0,0.0,0.0
10,6,46,0.0,0.0,0.0,0.0,0.0
10,6,47,0.0,0.0,0.0,0.0,0.0
10,6,48,0.0,0.0,0.0,0.0,0.0
10,7,1,0.0,0.0,0.0,0.0,0.0
10,7,2,0.0,0.0,0.0,0.0,0.0
10,7,3,0.0,0.0,0.0,0.0,0.0
10,7,4,0.0,0.0,0.0,0.0,0.0
10,7,5,0.0,0.0,0.0,0.0,0.0
10,7,6,0.0,0.0,0.0,0.0,0.0
10,7,7,0.0,0.0,0.0,0.0,0.0
10,7,8,0.0,0.0,0.0,0.0,0.0
10,7,9,0.0,0.0,0.0,0.0,0.0
10,7,10,0.0,0.0,0.0,0.0,0.0
10,7,11,0.0,0.0,0.0,0.0,0.0
10,7,12,0.0,0.0,0.0,0.0,0.0
10,7,13,0.299141156,0.26922704,0.298393303,0.291809705,0.318607081
10,7,14,0.299141156,0.278201275,0.277124367,0.299063379,0.271079592
10,7,15,0.738562925,0.701634779,0.684093909,0.644368456,0.706008318
10,7,16,0.738562925,0.753334184,0.678813184,0.651213088,0.649042378
10,7,17,0.828715986,0.820428826,0.783343786,0.802721237,0.752186287
10,7,18,0.828715986,0.820428826,0.799835234,0.832653216,0.746571567
10,7,19,0.843112245,0.817818878,0.896902806,0.792928518,0.829313706
10,7,20,0.843112245,0.902130102,0.846442538,0.872533911,0.796770323
10,7,21,0.85792517,0.772132653,0.749826599,0.840892496,0.724674806
10,7,22,0.85792517,0.926559184,0.981466394,1.014181941,0.954483504
10,7,23,0.86119898,0.930094898,0.868777531,0.88669047,0.86895666
10,7,24,0.86119898,0.792303062,0.876356082,0.8095546,0.909989967
10,7,25,0.86082483,0.826391837,0.792991833,0.859805613,0.759853211
10,7,26,0.86082483,0.835000085,0.780079461,0.759277342,0.849235201
10,7,27,0.856989796,0.899839286,0.86084625,0.828930522,0.939200095
10,7,28,0.856989796,0.831280102,0.801928202,0.75536009,0.778933966
10,7,29,0.841326531,0.866566327,0.853946429,0.939341072,0.849036237
10,7,30,0.841326531,0.782433674,0.730692092,0.784817432,0.706335689
10,7,31,0.812312925,0.861051701,0.82831549,0.833893372,0.908943775
10,7,32,0.812312925,0.739204762,0.752486078,0.760321242,0.758420439
10,7,33,0.723367347,0.658264286,0.746081082,0.652498566,0.715904405
10,7,34,0.723367347,0.781236735,0.677071837,0.734497559,0.678010334
10,7,35,0.181139456,0.168459694,0.157319618,0.17404211,0.171942622
10,7,36,0.181139456,0.182950851,0.196608766,0.170078719,0.164425003
10,7,37,0.0,0.0,0.0,0.0,0.0
10,7,38,0.0,0.0,0.0,0.0,0.0
10,7,39,0.0,0.0,0.0,0.0,0.0
10,7,40,0.0,0.0,0.0,0.0,0.0
10,7,41,0.0,0.0,0.0,0.0,0.0
10,7,42,0.0,0.0,0.0,0.0,0.0
10,7,43,0.0,0.0,0.0,0.0,0.0
10,7,44,0.0,0.0,0.0,0.0,0.0
10,7,45,0.0,0.0,0.0,0.0,0.0
10,7,46,0.0,0.0,0.0,0.0,0.0
10,7,47,0.0,0.0,0.0,0.0,0.0
10,7,48,0.0,0.0,0.0,0.0,0.0
10,8,1,0.0,0.0,0.0,0.0,0.0
10,8,2,0.0,0.0,0.0,0.0,0.0
10,8,3,0.0,0.0,0.0,0.0,0.0
10,8,4,0.0,0.0,0.0,0.0,0.0
10,8,5,0.0,0.0,0.0,0.0,0.0
10,8,6,0.0,0.0,0.0,0.0,0.0
10,8,7,0.0,0.0,0.0,0.0,0.0
10,8,8,0.0,0.0,0.0,0.0,0.0
10,8,9,0.0,0.0,0.0,0.0,0.0
10,8,10,0.0,0.0,0.0,0.0,0.0
10,8,11,0.0,0.0,0.0,0.0,0.0
10,8,12,0.0,0.0,0.0,0.0,0.0
10,8,13,0.302704082,0.287568878,0.292185115,0.31474338,0.272363331
10,8,14,0.302704082,0.323893368,0.338362623,0.31522029,0.313644189
10,8,15,0.731811224,0.739129336,0.757534389,0.690827234,0.795509845
10,8,16,0.731811224,0.673266326,0.695513387,0.742208798,0.660950938
10,8,17,0.824829932,0.824829932,0.767091837,0.861974773,0.79509117
10,8,18,0.824829932,0.866071429,0.904632228,0.804615412,0.833036505
10,8,19,0.842602041,0.834176021,0.855156811,0.911496554,0.895292171
10,8,20,0.842602041,0.834176021,0.871924592,0.773106472,0.79723419
10,8,21,0.85414966,0.811442177,0.791156123,0.753402708,0.858715303
10,8,22,0.85414966,0.922481633,0.826133551,0.789505336,0.805664168
10,8,23,0.860867347,0.81782398,0.82255875,0.892112527,0.822890431
10,8,24,0.860867347,0.809215306,0.84339174,0.754042318,0.784204011
10,8,25,0.860569728,0.912203912,0.868659083,0.95091578,0.951972353
10,8,26,0.860569728,0.903598214,0.961471529,0.817691841,0.868116172
10,8,27,0.857763605,0.840608333,0.806726671,0.843383198,0.761779611
10,8,28,0.857763605,0.917807057,0.878907478,0.849433005,0.884737564
10,8,29,0.849336735,0.849336735,0.772896429,0.856810898,0.890341863
10,8,30,0.849336735,0.840843368,0.904246355,0.864808819,0.786976025
10,8,31,0.809540816,0.728586734,0.845970153,0.74701728,0.743639809
10,8,32,0.809540816,0.890494898,0.926519464,0.963070232,0.933302606
10,8,33,0.71664966,0.69515017,0.698840916,0.759830669,0.667384604
10,8,34,0.71664966,0.709483163,0.720197076,0.744061032,0.751501642
10,8,35,0.18087585,0.197154677,0.181454653,0.199549714,0.184065962
10,8,36,0.18087585,0.191728401,0.184439104,0.18753793,0.191729681
10,8,37,0.0,0.0,0.0,0.0,0.0
10,8,38,0.0,0.0,0.0,0.0,0.0
10,8,39,0.0,0.0,0.0,0.0,0.0
10,8,40,0.0,0.0,0.0,0.0,0.0
10,8,41,0.0,0.0,0.0,0.0,0.0
10,8,42,0.0,0.0,0.0,0.0,0.0
10,8,43,0.0,0.0,0.0,0.0,0.0
10,8,44,0.0,0.0,0.0,0.0,0.0
10,8,45,0.0,0.0,0.0,0.0,0.0
10,8,46,0.0,0.0,0.0,0.0,0.0
10,8,47,0.0,0.0,0.0,0.0,0.0
10,8,48,0.0,0.0,0.0,0.0,0.0
10,9,1,0.0,0.0,0.0,0.0,0.0
10,9,2,0.0,0.0,0.0,0.0,0.0
10,9,3,0.0,0.0,0.0,0.0,0.0
10,9,4,0.0,0.0,0.0,0.0,0.0
10,9,5,0.0,0.0,0.0,0.0,0.0
10,9,6,0.0,0.0,0.0,0.0,0.0
10,9,7,0.0,0.0,0.0,0.0,0.0
10,9,8,0.0,0.0,0.0,0.0,0.0
10,9,9,0.0,0.0,0.0,0.0,0.0
10,9,10,0.0,0.0,0.0,0.0,0.0
10,9,11,0.0,0.0,0.0,0.0,0.0
10,9,12,0.0,0.0,0.0,0.0,0.0
10,9,13,0.296352041,0.311169643,0.312873667,0.322138373,0.288889091
10,9,14,0.296352041,0.266716837,0.287165128,0.269240768,0.279868694
10,9,15,0.715263605,0.658042517,0.700386122,0.629019981,0.689191617
10,9,16,0.715263605,0.679500425,0.648565274,0.715165256,0.724104822
10,9,17,0.822380952,0.814157142,0.891913261,0.809104434,0.851076726
10,9,18,0.822380952,0.805933333,0.871148142,0.791496435,0.863876701
10,9,19,0.845705782,0.828791666,0.887483648,0.87961351,0.91202257
10,9,20,0.845705782,0.811877551,0.895095,0.825365994,0.793840417
10,9,21,0.852610544,0.929345493,0.846429118,0.814799398,0.834972254
10,9,22,0.852610544,0.920819388,0.824644918,0.943967195,0.841234986
10,9,23,0.858061224,0.780835714,0.893198831,0.759628731,0.831160436
10,9,24,0.858061224,0.858061224,0.832319387,0.764532551,0.778548981
10,9,25,0.853367347,0.938704082,0.869154643,0.895946111,0.898185976
10,9,26,0.853367347,0.802165306,0.753267357,0.88322667,0.765396203
10,9,27,0.84869898,0.86567296,0.865757829,0.868643689,0.896681099
10,9,28,0.84869898,0.86567296,0.865757829,0.894444987,0.955508058
10,9,29,0.837636054,0.854388775,0.786791546,0.743644912,0.789503015
10,9,30,0.837636054,0.762248809,0.775944159,0.871137308,0.779271919
10,9,31,0.798265306,0.758352041,0.793874847,0.72865258,0.692807574
10,9,32,0.798265306,0.758352041,0.817224107,0.791280485,0.743803655
10,9,33,0.692397959,0.699321939,0.709777148,0.644459094,0.686489035
10,9,34,0.692397959,0.623158163,0.710400306,0.661812433,0.62490626
10,9,35,0.175510204,0.179020408,0.171947347,0.163208167,0.174145747
10,9,36,0.175510204,0.164979592,0.171947347,0.184477371,0.181197774
10,9,37,0.0,0.0,0.0,0.0,0.0
10,9,38,0.0,0.0,0.0,0.0,0.0
10,9,39,0.0,0.0,0.0,0.0,0.0
10,9,40,0.0,0.0,0.0,0.0,0.0
10,9,41,0.0,0.0,0.0,0.0,0.0
10,9,42,0.0,0.0,0.0,0.0,0.0
10,9,43,0.0,0.0,0.0,0.0,0.0
10,9,44,0.0,0.0,0.0,0.0,0.0
10,9,45,0.0,0.0,0.0,0.0,0.0
10,9,46,0.0,0.0,0.0,0.0,0.0
10,9,47,0.0,0.0,0.0,0.0,0.0
10,9,48,0.0,0.0,0.0,0.0,0.0
10,10,1,0.0,0.0,0.0,0.0,0.0
10,10,2,0.0,0.0,0.0,0.0,0.0
10,10,3,0.0,0.0,0.0,0.0,0.0
10,10,4,0.0,0.0,0.0,0.0,0.0
10,10,5,0.0,0.0,0.0,0.0,0.0
10,10,6,0.0,0.0,0.0,0.0,0.0
10,10,7,0.0,0.0,0.0,0.0,0.0
10,10,8,0.0,0.0,0.0,0.0,0.0
10,10,9,0.0,0.0,0.0,0.0,0.0
10,10,10,0.0,0.0,0.0,0.0,0.0
10,10,11,0.0,0.0,0.0,0.0,0.0
10,10,12,0.0,0.0,0.0,0.0,0.0
10,10,13,0.294889456,0.268349405,0.267538459,0.260310227,0.2891382
10,10,14,0.294889456,0.291940561,0.284612558,0.261432773,0.303044156
10,10,15,0.706037415,0.727218537,0.644965179,0.748159607,0.713661136
10,10,16,0.706037415,0.649554422,0.630350204,0.655360874,0.6801355
10,10,17,0.820688776,0.87813699,0.781459853,0.859832348,0.876780966
10,10,18,0.820688776,0.861723215,0.824381875,0.760394139,0.898476702
10,10,19,0.847636054,0.839159693,0.784360023,0.799007032,0.801189887
10,10,20,0.847636054,0.830683333,0.813984903,0.905537225,0.891933398
10,10,21,0.862346939,0.793359184,0.753346286,0.738776072,0.810565834
10,10,22,0.862346939,0.914087755,0.941510388,0.824443342,0.947588903
10,10,23,0.863732993,0.829183673,0.83799375,0.894255014,0.890543012
10,10,24,0.863732993,0.950106292,0.952265625,0.940475669,0.972977402
10,10,25,0.85994898,0.773954082,0.759764924,0.742037076,0.854479629
10,10,26,0.85994898,0.86854847,0.924746136,0.804817221,0.829934594
10,10,27,0.860161565,0.868763181,0.907685491,0.852503977,0.924615267
10,10,28,0.860161565,0.817153487,0.754791773,0.826916321,0.863641134
10,10,29,0.82914966,0.85402415,0.841586905,0.79950756,0.789513715
10,10,30,0.82914966,0.746234694,0.724676803,0.835688887,0.815295011
10,10,31,0.781088435,0.804521088,0.753164523,0.732815868,0.844687226
10,10,32,0.781088435,0.749844898,0.842013333,0.775162577,0.70832458
10,10,33,0.678341837,0.644424745,0.615086461,0.665329545,0.709367255
10,10,34,0.678341837,0.630857908,0.628415878,0.645871874,0.704000343
10,10,35,0.170731293,0.175853232,0.157695959,0.181540974,0.168026257
10,10,36,0.170731293,0.165609354,0.173215433,0.152866824,0.178854184
10,10,37,0.0,0.0,0.0,0.0,0.0
10,10,38,0.0,0.0,0.0,0.0,0.0
10,10,39,0.0,0.0,0.0,0.0,0.0
10,10,40,0.0,0.0,0.0,0.0,0.0
10,10,41,0.0,0.0,0.0,0.0,0.0
10,10,42,0.0,0.0,0.0,0.0,0.0
10,10,43,0.0,0.0,0.0,0.0,0.0
10,10,44,0.0,0.0,0.0,0.0,0.0
10,10,45,0.0,0.0,0.0,0.0,0.0
10,10,46,0.0,0.0,0.0,0.0,0.0
10,10,47,0.0,0.0,0.0,0.0,0.0
10,10,48,0.0,0.0,0.0,0.0,0.0
10,11,1,0.0,0.0,0.0,0.0,0.0
10,11,2,0.0,0.0,0.0,0.0,0.0
10,11,3,0.0,0.0,0.0,0.0,0.0
10,11,4,0.0,0.0,0.0,0.0,0.0
10,11,5,0.0,0.0,0.0,0.0,0.0
10,11,6,0.0,0.0,0.0,0.0,0.0
10,11,7,0.0,0.0,0.0,0.0,0.0
10,11,8,0.0,0.0,0.0,0.0,0.0
10,11,9,0.0,0.0,0.0,0.0,0.0
10,11,10,0.0,0.0,0.0,0.0,0.0
10,11,11,0.0,0.0,0.0,0.0,0.0
10,11,12,0.0,0.0,0.0,0.0,0.0
10,11,13,0.173596939,0.180540817,0.182380944,0.175262775,0.195739906
10,11,14,0.173596939,0.173596939,0.173596939,0.190956633,0.179716231
10,11,15,0.111981293,0.10302279,0.102126939,0.09619641,0.107465132
10,11,16,0.111981293,0.122059609,0.114680042,0.108103493,0.123342598
10,11,17,0.582261905,0.640488096,0.55635125,0.54559105,0.621855191
10,11,18,0.582261905,0.524035715,0.608463691,0.571587103,0.594450588
10,11,19,0.606581633,0.551989286,0.619835442,0.539449929,0.527312306
10,11,20,0.606581633,0.54592347,0.610827704,0.581899826,0.533540424
10,11,21,0.210714286,0.219142857,0.214928572,0.206331429,0.19362915
10,11,22,0.210714286,0.208607143,0.192887857,0.193866274,0.18338219
10,11,23,0.790144558,0.758538776,0.6969075,0.785956792,0.757886906
10,11,24,0.790144558,0.845454677,0.866867595,0.900888059,0.842330335
10,11,25,0.304744898,0.292555102,0.328515,0.3394655,0.322646528
10,11,26,0.304744898,0.283412755,0.285256462,0.311517701,0.293270624
10,11,27,0.307295918,0.288858163,0.318942433,0.335535389,0.315784555
10,11,28,0.307295918,0.29807704,0.323874533,0.328334114,0.304963539
10,11,29,0.787661565,0.85067449,0.868318109,0.802129333,0.893371544
10,11,30,0.787661565,0.866427722,0.876667322,0.911072379,0.869061819
10,11,31,0.679098639,0.624770748,0.704089469,0.669319619,0.676012815
10,11,32,0.679098639,0.638352721,0.625789396,0.589449696,0.58885053
10,11,33,0.545059524,0.490553572,0.497094286,0.561992707,0.549858773
10,11,34,0.545059524,0.528707738,0.536883631,0.55299014,0.573364874
10,11,35,0.181462585,0.185091837,0.197939388,0.197572833,0.188611494
10,11,36,0.181462585,0.177833333,0.17425852,0.17429445,0.168114111
10,11,37,0.0,0.0,0.0,0.0,0.0
10,11,38,0.0,0.0,0.0,0.0,0.0
10,11,39,0.0,0.0,0.0,0.0,0.0
10,11,40,0.0,0.0,0.0,0.0,0.0
10,11,41,0.0,0.0,0.0,0.0,0.0
10,11,42,0.0,0.0,0.0,0.0,0.0
10,11,43,0.0,0.0,0.0,0.0,0.0
10,11,44,0.0,0.0,0.0,0.0,0.0
10,11,45,0.0,0.0,0.0,0.0,0.0
10,11,46,0.0,0.0,0.0,0.0,0.0
10,11,47,0.0,0.0,0.0,0.0,0.0
10,11,48,0.0,0.0,0.0,0.0,0.0
10,12,1,0.0,0.0,0.0,0.0,0.0
10,12,2,0.0,0.0,0.0,0.0,0.0
10,12,3,0.0,0.0,0.0,0.0,0.0
10,12,4,0.0,0.0,0.0,0.0,0.0
10,12,5,0.0,0.0,0.0,0.0,0.0
10,12,6,0.0,0.0,0.0,0.0,0.0
10,12,7,0.0,0.0,0.0,0.0,0.0
10,12,8,0.0,0.0,0.0,0.0,0.0
10,12,9,0.0,0.0,0.0,0.0,0.0
10,12,10,0.0,0.0,0.0,0.0,0.0
10,12,11,0.0,0.0,0.0,0.0,0.0
10,12,12,0.0,0.0,0.0,0.0,0.0
10,12,13,0.324302721,0.304844558,0.342885267,0.307810306,0.291164249
10,12,14,0.324302721,0.353489966,0.32534049,0.321002617,0.334344288
10,12,15,0.607542517,0.558939116,0.641564898,0.620762642,0.582914201
10,12,16,0.607542517,0.613617942,0.561733811,0.582412128,0.579500068
10,12,17,0.715833333,0.7731,0.684909333,0.768091075,0.698709263
10,12,18,0.715833333,0.780258333,0.703163083,0.769739162,0.675446115
10,12,19,0.752585034,0.760110884,0.824419275,0.701134558,0.820327433
10,12,20,0.752585034,0.730007483,0.763535146,0.681325391,0.80504959
10,12,21,0.808596939,0.760081123,0.823555982,0.813359575,0.785370437
10,12,22,0.808596939,0.849026786,0.886828693,0.91600287,0.839160407
10,12,23,0.812755102,0.837137755,0.874443214,0.891932079,0.794282345
10,12,24,0.812755102,0.731479592,0.772117347,0.810723214,0.727044997
10,12,25,0.761335034,0.746108333,0.723572816,0.691615017,0.65759202
10,12,26,0.761335034,0.761335034,0.837468537,0.841782769,0.872523575
10,12,27,0.684107143,0.684107143,0.6225375,0.710034804,0.695452547
10,12,28,0.684107143,0.649901786,0.727034866,0.707625036,0.740618912
10,12,29,0.267840136,0.283910544,0.251046559,0.26759908,0.272951061
10,12,30,0.267840136,0.289267347,0.272982667,0.279463684,0.257971266
10,12,31,0.430986395,0.392197619,0.419823847,0.381189078,0.446654158
10,12,32,0.430986395,0.400817347,0.432537946,0.379302507,0.415020159
10,12,33,0.670595238,0.704125,0.680486518,0.719322364,0.749122862
10,12,34,0.670595238,0.663889286,0.640552571,0.625428413,0.708626851
10,12,35,0.18417517,0.202592687,0.197251607,0.181046034,0.206567684
10,12,36,0.18417517,0.174966412,0.184957914,0.192248489,0.165678297
10,12,37,0.0,0.0,0.0,0.0,0.0
10,12,38,0.0,0.0,0.0,0.0,0.0
10,12,39,0.0,0.0,0.0,0.0,0.0
10,12,40,0.0,0.0,0.0,0.0,0.0
10,12,41,0.0,0.0,0.0,0.0,0.0
10,12,42,0.0,0.0,0.0,0.0,0.0
10,12,43,0.0,0.0,0.0,0.0,0.0
10,12,44,0.0,0.0,0.0,0.0,0.0
10,12,45,0.0,0.0,0.0,0.0,0.0
10,12,46,0.0,0.0,0.0,0.0,0.0
10,12,47,0.0,0.0,0.0,0.0,0.0
10,12,48,0.0,0.0,0.0,0.0,0.0
10,13,1,0.0,0.0,0.0,0.0,0.0
10,13,2,0.0,0.0,0.0,0.0,0.0
10,13,3,0.0,0.0,0.0,0.0,0.0
10,13,4,0.0,0.0,0.0,0.0,0.0
10,13,5,0.0,0.0,0.0,0.0,0.0
10,13,6,0.0,0.0,0.0,0.0,0.0
10,13,7,0.0,0.0,0.0,0.0,0.0
10,13,8,0.0,0.0,0.0,0.0,0.0
10,13,9,0.0,0.0,0.0,0.0,0.0
10,13,10,0.0,0.0,0.0,0.0,0.0
10,13,11,0.0,0.0,0.0,0.0,0.0
10,13,12,0.0,0.0,0.0,0.0,0.0
10,13,13,0.14295068,0.128655612,0.145309366,0.150089637,0.131828731
10,13,14,0.14295068,0.148668707,0.134144918,0.141921435,0.156113579
10,13,15,0.435365646,0.409243707,0.40541249,0.387506771,0.368443938
10,13,16,0.435365646,0.474548554,0.468605813,0.450316538,0.434348681
10,13,17,0.21462585,0.197455782,0.210161632,0.186672979,0.182006155
10,13,18,0.21462585,0.216772109,0.20707102,0.234105292,0.233413617
10,13,19,0.738103741,0.679055442,0.687322204,0.673434044,0.701423646
10,13,20,0.738103741,0.715960629,0.770654116,0.682247002,0.784880682
10,13,21,0.837176871,0.753459184,0.86689665,0.876519998,0.825178044
10,13,22,0.837176871,0.753459184,0.86689665,0.761835138,0.869229318
10,13,23,0.837321429,0.921053572,0.9495225,0.84847455,0.924656733
10,13,24,0.837321429,0.820575,0.862106143,0.924000943,0.835170853
10,13,25,0.788843537,0.709959183,0.801859455,0.720874148,0.778045603
10,13,26,0.788843537,0.780955102,0.847691265,0.805829968,0.733305271
10,13,27,0.685042517,0.753546769,0.683329911,0.686087207,0.751141713
10,13,28,0.685042517,0.664491241,0.742243567,0.648450971,0.637103079
10,13,29,0.693605442,0.756029932,0.753810394,0.705102646,0.748951217
10,13,30,0.693605442,0.714413605,0.647688762,0.719497733,0.679925358
10,13,31,0.736913265,0.795866326,0.751062,0.692765283,0.699502615
10,13,32,0.736913265,0.759020663,0.680649937,0.783570191,0.80664198
10,13,33,0.687661565,0.667031718,0.690893574,0.729592646,0.624415388
10,13,34,0.687661565,0.694538181,0.711832869,0.739891524,0.651802552
10,13,35,0.182789116,0.177305443,0.185448698,0.187303185,0.170386797
10,13,36,0.182789116,0.171821769,0.16844017,0.186554876,0.168531409
10,13,37,0.0,0.0,0.0,0.0,0.0
10,13,38,0.0,0.0,0.0,0.0,0.0
10,13,39,0.0,0.0,0.0,0.0,0.0
10,13,40,0.0,0.0,0.0,0.0,0.0
10,13,41,0.0,0.0,0.0,0.0,0.0
10,13,42,0.0,0.0,0.0,0.0,0.0
10,13,43,0.0,0.0,0.0,0.0,0.0
10,13,44,0.0,0.0,0.0,0.0,0.0
10,13,45,0.0,0.0,0.0,0.0,0.0
10,13,46,0.0,0.0,0.0,0.0,0.0
10,13,47,0.0,0.0,0.0,0.0,0.0
10,13,48,0.0,0.0,0.0,0.0,0.0
10,14,1,0.0,0.0,0.0,0.0,0.0
10,14,2,0.0,0.0,0.0,0.0,0.0
10,14,3,0.0,0.0,0.0,0.0,0.0
10,14,4,0.0,0.0,0.0,0.0,0.0
10,14,5,0.0,0.0,0.0,0.0,0.0
10,14,6,0.0,0.0,0.0,0.0,0.0
10,14,7,0.0,0.0,0.0,0.0,0.0
10,14,8,0.0,0.0,0.0,0.0,0.0
10,14,9,0.0,0.0,0.0,0.0,0.0
10,14,10,0.0,0.0,0.0,0.0,0.0
10,14,11,0.0,0.0,0.0,0.0,0.0
10,14,12,0.0,0.0,0.0,0.0,0.0
10,14,13,0.355017007,0.337266157,0.33921875,0.371340689,0.364739077
10,14,14,0.355017007,0.330165817,0.318610013,0.334597612,0.32790566
10,14,15,0.732006803,0.717366667,0.768167939,0.813098517,0.772813181
10,14,16,0.732006803,0.724686735,0.735630237,0.67962037,0.739525617
10,14,17,0.81752551,0.874752296,0.846138903,0.803831958,0.910762762
10,14,18,0.81752551,0.882927551,0.875733326,0.824379644,0.765127357
10,14,19,0.827959184,0.819679592,0.741437449,0.820249504,0.810354747
10,14,20,0.827959184,0.778281633,0.787058,0.725967308,0.733027539
10,14,21,0.837704082,0.804195919,0.7963215,0.885887145,0.839337433
10,14,22,0.837704082,0.871212245,0.811735255,0.772999819,0.798710465
10,14,23,0.844906463,0.870253657,0.780397855,0.865126764,0.806564337
10,14,24,0.844906463,0.777313946,0.770554694,0.869374954,0.799226764
10,14,25,0.843095238,0.843095238,0.817802381,0.7595445,0.897472773
10,14,26,0.843095238,0.843095238,0.758785714,0.782392381,0.806842143
10,14,27,0.841420068,0.807763265,0.799853917,0.75103809,0.72801714
10,14,28,0.841420068,0.765692262,0.755342795,0.732361089,0.812389256
10,14,29,0.82664966,0.85144915,0.771925453,0.808508007,0.814633067
10,14,30,0.82664966,0.87624864,0.85144915,0.817391184,0.868222698
10,14,31,0.79622449,0.820111225,0.73543275,0.736887452,0.74127742
10,14,32,0.79622449,0.772337755,0.776438311,0.797300189,0.816998194
10,14,33,0.715510204,0.686889796,0.750284,0.681683267,0.644818553
10,14,34,0.715510204,0.658269388,0.645676408,0.65968896,0.656390515
10,14,35,0.197032313,0.210824575,0.195771306,0.199197304,0.190671056
10,14,36,0.197032313,0.183240051,0.201544353,0.174545015,0.198544955
10,14,37,0.0,0.0,0.0,0.0,0.0
10,14,38,0.0,0.0,0.0,0.0,0.0
10,14,39,0.0,0.0,0.0,0.0,0.0
10,14,40,0.0,0.0,0.0,0.0,0.0
10,14,41,0.0,0.0,0.0,0.0,0.0
10,14,42,0.0,0.0,0.0,0.0,0.0
10,14,43,0.0,0.0,0.0,0.0,0.0
10,14,44,0.0,0.0,0.0,0.0,0.0
10,14,45,0.0,0.0,0.0,0.0,0.0
10,14,46,0.0,0.0,0.0,0.0,0.0
10,14,47,0.0,0.0,0.0,0.0,0.0
10,14,48,0.0,0.0,0.0,0.0,0.0
10,15,1,0.0,0.0,0.0,0.0,0.0
10,15,2,0.0,0.0,0.0,0.0,0.0
10,15,3,0.0,0.0,0.0,0.0,0.0
10,15,4,0.0,0.0,0.0,0.0,0.0
10,15,5,0.0,0.0,0.0,0.0,0.0
10,15,6,0.0,0.0,0.0,0.0,0.0
10,15,7,0.0,0.0,0.0,0.0,0.0
10,15,8,0.0,0.0,0.0,0.0,0.0
10,15,9,0.0,0.0,0.0,0.0,0.0
10,15,10,0.0,0.0,0.0,0.0,0.0
10,15,11,0.00036335,0.000396052,0.000345528,0.000397775,0.000398216
10,15,12,0.00036335,0.000399685,0.000350996,0.00036763,0.000366711
10,15,13,0.373452381,0.410797619,0.3685975,0.37659685,0.39383192
10,15,14,0.373452381,0.410797619,0.35683375,0.387968475,0.347859381
10,15,15,0.747593537,0.725165731,0.706924449,0.661170727,0.63919225
10,15,16,0.747593537,0.672834183,0.781235246,0.675176643,0.740786199
10,15,17,0.818197279,0.883653061,0.910489932,0.896903494,0.850991613
10,15,18,0.818197279,0.900017007,0.790378572,0.802749714,0.869227425
10,15,19,0.832066327,0.773821684,0.754767365,0.731803167,0.804039221
10,15,20,0.832066327,0.807104337,0.803193625,0.781556573,0.846279226
10,15,21,0.844532313,0.844532313,0.802305697,0.764020232,0.846401545
10,15,22,0.844532313,0.81075102,0.761430333,0.741125525,0.789459798
10,15,23,0.851190476,0.927797619,0.845019345,0.813442306,0.773426193
10,15,24,0.851190476,0.817142857,0.792458333,0.820263889,0.803858611
10,15,25,0.84877551,0.797848979,0.806846,0.826001731,0.74607993
10,15,26,0.84877551,0.840287755,0.886758214,0.901537518,0.808485967
10,15,27,0.849838435,0.909327125,0.87958278,0.853195297,0.846796332
10,15,28,0.849838435,0.866835204,0.935587133,0.831041708,0.957908182
10,15,29,0.836879252,0.853616837,0.862153005,0.842374201,0.814805591
10,15,30,0.836879252,0.870354422,0.793863658,0.908732031,0.792785327
10,15,31,0.814277211,0.895704932,0.906290536,0.880811802,0.900499254
10,15,32,0.814277211,0.73284949,0.850919685,0.863296699,0.766415625
10,15,33,0.731522109,0.658369898,0.646299783,0.651581373,0.645065559
10,15,34,0.731522109,0.724206888,0.771536368,0.705300699,0.806455668
10,15,35,0.205892857,0.212069643,0.219430312,0.229461412,0.203710743
10,15,36,0.205892857,0.222364286,0.226976286,0.209674697,0.198928869
10,15,37,0.0,0.0,0.0,0.0,0.0
10,15,38,0.0,0.0,0.0,0.0,0.0
10,15,39,0.0,0.0,0.0,0.0,0.0
10,15,40,0.0,0.0,0.0,0.0,0.0
10,15,41,0.0,0.0,0.0,0.0,0.0
10,15,42,0.0,0.0,0.0,0.0,0.0
10,15,43,0.0,0.0,0.0,0.0,0.0
10,15,44,0.0,0.0,0.0,0.0,0.0
10,15,45,0.0,0.0,0.0,0.0,0.0
10,15,46,0.0,0.0,0.0,0.0,0.0
10,15,47,0.0,0.0,0.0,0.0,0.0
10,15,48,0.0,0.0,0.0,0.0,0.0
10,16,1,0.0,0.0,0.0,0.0,0.0
10,16,2,0.0,0.0,0.0,0.0,0.0
10,16,3,0.0,0.0,0.0,0.0,0.0
10,16,4,0.0,0.0,0.0,0.0,0.0
10,16,5,0.0,0.0,0.0,0.0,0.0
10,16,6,0.0,0.0,0.0,0.0,0.0
10,16,7,0.0,0.0,0.0,0.0,0.0
10,16,8,0.0,0.0,0.0,0.0,0.0
10,16,9,0.0,0.0,0.0,0.0,0.0
10,16,10,0.0,0.0,0.0,0.0,0.0
10,16,11,0.001120748,0.001176785,0.001160254,0.001048862,0.001228062
10,16,12,0.001120748,0.001187993,0.00124672,0.001220708,0.001110459
10,16,13,0.368920068,0.376298469,0.40241801,0.348116419,0.403853301
10,16,14,0.368920068,0.402122874,0.404797545,0.368430019,0.416953037
10,16,15,0.748018707,0.822820578,0.801128035,0.790655773,0.735309869
10,16,16,0.748018707,0.718097959,0.7477195,0.789601566,0.750859433
10,16,17,0.830714286,0.764257143,0.829385143,0.872768366,0.857252484
10,16,18,0.830714286,0.789178572,0.769449107,0.740696009,0.782509494
10,16,19,0.843503401,0.826633333,0.901873836,0.814470014,0.855086348
10,16,20,0.843503401,0.801328231,0.863536607,0.819400291,0.806983869
10,16,21,0.854821429,0.8975625,0.963811161,0.878236413,0.844691403
10,16,22,0.854821429,0.931755358,0.884355509,0.810182796,0.852873198
10,16,23,0.858869048,0.781570834,0.812017741,0.784786439,0.809311016
10,16,24,0.858869048,0.781570834,0.83662434,0.825688074,0.767889909
10,16,25,0.853613946,0.853613946,0.836541667,0.797047795,0.893668642
10,16,26,0.853613946,0.862150085,0.772093814,0.879043105,0.866976995
10,16,27,0.850782313,0.84227449,0.821132549,0.896727536,0.92094756
10,16,28,0.850782313,0.825258844,0.85478099,0.776118792,0.901141406
10,16,29,0.833988095,0.917386905,0.954499375,0.93803645,1.002075477
10,16,30,0.833988095,0.783948809,0.857506559,0.866405212,0.776979817
10,16,31,0.803086735,0.795055868,0.759117736,0.801468515,0.868650435
10,16,32,0.803086735,0.778994133,0.751488412,0.832306377,0.846871738
10,16,33,0.71454932,0.657385374,0.713406041,0.646455628,0.682949091
10,16,34,0.71454932,0.728840306,0.757779554,0.755734752,0.665303385
10,16,35,0.201598639,0.201598639,0.185470748,0.184449315,0.191346542
10,16,36,0.201598639,0.193534693,0.205469333,0.19819888,0.20169739
10,16,37,0.0,0.0,0.0,0.0,0.0
10,16,38,0.0,0.0,0.0,0.0,0.0
10,16,39,0.0,0.0,0.0,0.0,0.0
10,16,40,0.0,0.0,0.0,0.0,0.0
10,16,41,0.0,0.0,0.0,0.0,0.0
10,16,42,0.0,0.0,0.0,0.0,0.0
10,16,43,0.0,0.0,0.0,0.0,0.0
10,16,44,0.0,0.0,0.0,0.0,0.0
10,16,45,0.0,0.0,0.0,0.0,0.0
10,16,46,0.0,0.0,0.0,0.0,0.0
10,16,47,0.0,0.0,0.0,0.0,0.0
10,16,48,0.0,0.0,0.0,0.0,0.0
10,17,1,0.0,0.0,0.0,0.0,0.0
10,17,2,0.0,0.0,0.0,0.0,0.0
10,17,3,0.0,0.0,0.0,0.0,0.0
10,17,4,0.0,0.0,0.0,0.0,0.0
10,17,5,0.0,0.0,0.0,0.0,0.0
10,17,6,0.0,0.0,0.0,0.0,0.0
10,17,7,0.0,0.0,0.0,0.0,0.0
10,17,8,0.0,0.0,0.0,0.0,0.0
10,17,9,0.0,0.0,0.0,0.0,0.0
10,17,10,0.0,0.0,0.0,0.0,0.0
10,17,11,0.0,0.0,0.0,0.0,0.0
10,17,12,0.0,0.0,0.0,0.0,0.0
10,17,13,0.365782313,0.358466667,0.329533286,0.365311185,0.386702965
10,17,14,0.365782313,0.387729252,0.395593572,0.394526097,0.401344121
10,17,15,0.706088435,0.755514625,0.738109546,0.806561289,0.819209636
10,17,16,0.706088435,0.734331972,0.74181651,0.698315814,0.720138183
10,17,17,0.82202381,0.805583334,0.781251429,0.867189086,0.843582272
10,17,18,0.82202381,0.789142858,0.805583334,0.837806667,0.846184734
10,17,19,0.833962585,0.842302211,0.913564314,0.880541897,0.893620534
10,17,20,0.833962585,0.767245578,0.872658449,0.750406206,0.781886158
10,17,21,0.847414966,0.771147619,0.776910041,0.822445602,0.860793126
10,17,22,0.847414966,0.864363265,0.787417986,0.899710638,0.883715783
10,17,23,0.857593537,0.823289796,0.7563975,0.820551213,0.822602592
10,17,24,0.857593537,0.780410119,0.843571883,0.761016498,0.778222089
10,17,25,0.857406463,0.865980528,0.801374951,0.816339694,0.885391933
10,17,26,0.857406463,0.771665817,0.806390778,0.83617565,0.80973058
10,17,27,0.85630102,0.933368112,0.823247801,0.914520926,0.802492113
10,17,28,0.85630102,0.822048979,0.81399975,0.872322412,0.824344679
10,17,29,0.84744898,0.822025511,0.801347755,0.889496009,0.915686724
10,17,30,0.84744898,0.83897449,0.775754796,0.73865348,0.76019754
10,17,31,0.80792517,0.775608163,0.768013667,0.72114108,0.837307502
10,17,32,0.80792517,0.751370408,0.779647789,0.842019612,0.858860004
10,17,33,0.716130952,0.673163095,0.646021732,0.719144908,0.667956717
10,17,34,0.716130952,0.730453571,0.679894726,0.737179473,0.644323212
10,17,35,0.19422619,0.186457142,0.205568999,0.203234142,0.199345335
10,17,36,0.19422619,0.176745833,0.196615172,0.194871604,0.175365524
10,17,37,0.0,0.0,0.0,0.0,0.0
10,17,38,0.0,0.0,0.0,0.0,0.0
10,17,39,0.0,0.0,0.0,0.0,0.0
10,17,40,0.0,0.0,0.0,0.0,0.0
10,17,41,0.0,0.0,0.0,0.0,0.0
10,17,42,0.0,0.0,0.0,0.0,0.0
10,17,43,0.0,0.0,0.0,0.0,0.0
10,17,44,0.0,0.0,0.0,0.0,0.0
10,17,45,0.0,0.0,0.0,0.0,0.0
10,17,46,0.0,0.0,0.0,0.0,0.0
10,17,47,0.0,0.0,0.0,0.0,0.0
10,17,48,0.0,0.0,0.0,0.0,0.0
10,18,1,0.0,0.0,0.0,0.0,0.0
10,18,2,0.0,0.0,0.0,0.0,0.0
10,18,3,0.0,0.0,0.0,0.0,0.0
10,18,4,0.0,0.0,0.0,0.0,0.0
10,18,5,0.0,0.0,0.0,0.0,0.0
10,18,6,0.0,0.0,0.0,0.0,0.0
10,18,7,0.0,0.0,0.0,0.0,0.0
10,18,8,0.0,0.0,0.0,0.0,0.0
10,18,9,0.0,0.0,0.0,0.0,0.0
10,18,10,0.0,0.0,0.0,0.0,0.0
10,18,11,0.000533537,0.000565549,0.00050558,0.000524191,0.000574791
10,18,12,0.000533537,0.000480183,0.000557546,0.000570893,0.000578383
10,18,13,0.406164966,0.381795068,0.409739218,0.367294437,0.418635812
10,18,14,0.406164966,0.430534864,0.451817908,0.455276267,0.422870046
10,18,15,0.777678571,0.738794642,0.803730803,0.742465285,0.765667325
10,18,16,0.777678571,0.839892857,0.79261,0.795359871,0.849468444
10,18,17,0.848409864,0.805989371,0.909919579,0.803486562,0.774595236
10,18,18,0.848409864,0.831441667,0.923918342,0.789810195,0.831427116
10,18,19,0.863086735,0.837194133,0.773627795,0.808143497,0.738461736
10,18,20,0.863086735,0.811301531,0.828822192,0.792683312,0.815733708
10,18,21,0.867755102,0.815689796,0.791219102,0.824888,0.77539472
10,18,22,0.867755102,0.859077551,0.87205049,0.840305549,0.782415427
10,18,23,0.866505102,0.953155612,0.918928661,0.830705444,0.892323705
10,18,24,0.866505102,0.857840051,0.827685673,0.833663403,0.795638144
10,18,25,0.858877551,0.876055102,0.936863633,0.926222712,0.845534465
10,18,26,0.858877551,0.858877551,0.910410204,0.849773449,0.78253622
10,18,27,0.856130952,0.941744047,0.86298,0.913560216,0.91147588
10,18,28,0.856130952,0.821885714,0.822228166,0.825080795,0.781451522
10,18,29,0.841462585,0.807804082,0.791648,0.797365458,0.833857132
10,18,30,0.841462585,0.765730952,0.795560801,0.792908932,0.83087245
10,18,31,0.80997449,0.793775,0.769799755,0.830742236,0.728976312
10,18,32,0.80997449,0.834273725,0.838566589,0.88553728,0.78314186
10,18,33,0.741054422,0.726233334,0.689625245,0.75491955,0.691560231
10,18,34,0.741054422,0.689180612,0.729419868,0.676691869,0.673632358
10,18,35,0.223154762,0.203070833,0.215243926,0.222376101,0.222440248
10,18,36,0.223154762,0.218691667,0.21650475,0.221644897,0.202399097
10,18,37,0.0,0.0,0.0,0.0,0.0
10,18,38,0.0,0.0,0.0,0.0,0.0
10,18,39,0.0,0.0,0.0,0.0,0.0
10,18,40,0.0,0.0,0.0,0.0,0.0
10,18,41,0.0,0.0,0.0,0.0,0.0
10,18,42,0.0,0.0,0.0,0.0,0.0
10,18,43,0.0,0.0,0.0,0.0,0.0
10,18,44,0.0,0.0,0.0,0.0,0.0
10,18,45,0.0,0.0,0.0,0.0,0.0
10,18,46,0.0,0.0,0.0,0.0,0.0
10,18,47,0.0,0.0,0.0,0.0,0.0
10,18,48,0.0,0.0,0.0,0.0,0.0
10,19,1,0.0,0.0,0.0,0.0,0.0
10,19,2,0.0,0.0,0.0,0.0,0.0
10,19,3,0.0,0.0,0.0,0.0,0.0
10,19,4,0.0,0.0,0.0,0.0,0.0
10,19,5,0.0,0.0,0.0,0.0,0.0
10,19,6,0.0,0.0,0.0,0.0,0.0
10,19,7,0.0,0.0,0.0,0.0,0.0
10,19,8,0.0,0.0,0.0,0.0,0.0
10,19,9,0.0,0.0,0.0,0.0,0.0
10,19,10,0.0,0.0,0.0,0.0,0.0
10,19,11,0.003581037,0.003401985,0.003840662,0.003391421,0.003589314
10,19,12,0.003581037,0.00383171,0.004002883,0.003843262,0.003776576
10,19,13,0.398809524,0.430714286,0.447942857,0.404531111,0.399474472
10,19,14,0.398809524,0.430714286,0.414761905,0.402319048,0.419884214
10,19,15,0.757142857,0.802571428,0.76426,0.805644419,0.860645144
10,19,16,0.757142857,0.704142857,0.686804286,0.7804727,0.754104895
10,19,17,0.833656463,0.758627381,0.827987599,0.847095005,0.841346861
10,19,18,0.833656463,0.90034898,0.806312531,0.897579017,0.83369002
10,19,19,0.852823129,0.869879592,0.844124333,0.838496838,0.868357592
10,19,20,0.852823129,0.869879592,0.852737847,0.849895387,0.839207309
10,19,21,0.859268707,0.79052721,0.80015102,0.751317061,0.75229704
10,19,22,0.859268707,0.893639455,0.955334948,0.857610318,0.980609693
10,19,23,0.858018707,0.943820578,0.828846071,0.806743509,0.842170072
10,19,24,0.858018707,0.780797023,0.868572337,0.785648261,0.773863537
10,19,25,0.84579932,0.896547279,0.78405597,0.850555532,0.844239525
10,19,26,0.84579932,0.82042534,0.824781207,0.863548701,0.897343347
10,19,27,0.836386054,0.811294472,0.823840263,0.741456237,0.730952274
10,19,28,0.836386054,0.786202891,0.803181528,0.857105567,0.886376531
10,19,29,0.817287415,0.784595918,0.752885167,0.722129007,0.823070083
10,19,30,0.817287415,0.825460289,0.747450205,0.756896005,0.763170274
10,19,31,0.789855442,0.829348214,0.833889883,0.768635976,0.805432379
10,19,32,0.789855442,0.710869898,0.765369923,0.830901596,0.704566786
10,19,33,0.70505102,0.641596428,0.693523436,0.659655253,0.607460881
10,19,34,0.70505102,0.747354081,0.697154449,0.759511041,0.76363103
10,19,35,0.211921769,0.197087245,0.194279282,0.20310706,0.209662792
10,19,36,0.211921769,0.226756293,0.199598518,0.214886449,0.215423665
10,19,37,0.0,0.0,0.0,0.0,0.0
10,19,38,0.0,0.0,0.0,0.0,0.0
10,19,39,0.0,0.0,0.0,0.0,0.0
10,19,40,0.0,0.0,0.0,0.0,0.0
10,19,41,0.0,0.0,0.0,0.0,0.0
10,19,42,0.0,0.0,0.0,0.0,0.0
10,19,43,0.0,0.0,0.0,0.0,0.0
10,19,44,0.0,0.0,0.0,0.0,0.0
10,19,45,0.0,0.0,0.0,0.0,0.0
10,19,46,0.0,0.0,0.0,0.0,0.0
10,19,47,0.0,0.0,0.0,0.0,0.0
10,19,48,0.0,0.0,0.0,0.0,0.0
10,20,1,0.0,0.0,0.0,0.0,0.0
10,20,2,0.0,0.0,0.0,0.0,0.0
10,20,3,0.0,0.0,0.0,0.0,0.0
10,20,4,0.0,0.0,0.0,0.0,0.0
10,20,5,0.0,0.0,0.0,0.0,0.0
10,20,6,0.0,0.0,0.0,0.0,0.0
10,20,7,0.0,0.0,0.0,0.0,0.0
10,20,8,0.0,0.0,0.0,0.0,0.0
10,20,9,0.0,0.0,0.0,0.0,0.0
10,20,10,0.0,0.0,0.0,0.0,0.0
10,20,11,0.001972279,0.001794774,0.001770515,0.001716646,0.001759147
10,20,12,0.001972279,0.002149784,0.002267135,0.002236219,0.002156354
10,20,13,0.353664966,0.339518367,0.374319,0.391417522,0.328256968
10,20,14,0.353664966,0.318298469,0.302383546,0.341021443,0.358437896
10,20,15,0.707891156,0.665417687,0.659188244,0.745248932,0.65971468
10,20,16,0.707891156,0.658338775,0.730933013,0.685073228,0.626003139
10,20,17,0.814617347,0.765740306,0.766473462,0.719694875,0.827962017
10,20,18,0.814617347,0.798325,0.733888768,0.805745349,0.866958528
10,20,19,0.839073129,0.897808248,0.885809502,0.952911019,0.911778484
10,20,20,0.839073129,0.914589711,0.87683142,0.806684906,0.910852479
10,20,21,0.851105442,0.765994898,0.727695153,0.750334558,0.820209463
10,20,22,0.851105442,0.902171769,0.902937763,0.796864492,0.949596853
10,20,23,0.850722789,0.833708333,0.816949094,0.792103735,0.757501309
10,20,24,0.850722789,0.782664966,0.767692245,0.8563852,0.871371941
10,20,25,0.844651361,0.844651361,0.760186225,0.759341574,0.810229706
10,20,26,0.844651361,0.760186225,0.874636484,0.752107135,0.791737395
10,20,27,0.841607143,0.900519643,0.818799589,0.904860653,0.831788887
10,20,28,0.841607143,0.917351786,0.941043027,0.963000698,0.89743565
10,20,29,0.780272109,0.811482993,0.764042449,0.746002558,0.767695527
10,20,30,0.780272109,0.702244898,0.778321429,0.768685068,0.727085641
10,20,31,0.438358844,0.473427552,0.46045213,0.480283484,0.463130502
10,20,32,0.438358844,0.460276786,0.41337239,0.441709367,0.469119401
10,20,33,0.384472789,0.353714966,0.339566367,0.38439897,0.4020921
10,20,34,0.384472789,0.388317517,0.351619589,0.348567067,0.405068665
10,20,35,0.188265306,0.199561224,0.182278469,0.1824336,0.206948115
10,20,36,0.188265306,0.186382653,0.176084541,0.189084825,0.168308441
10,20,37,0.0,0.0,0.0,0.0,0.0
10,20,38,0.0,0.0,0.0,0.0,0.0
10,20,39,0.0,0.0,0.0,0.0,0.0
10,20,40,0.0,0.0,0.0,0.0,0.0
10,20,41,0.0,0.0,0.0,0.0,0.0
10,20,42,0.0,0.0,0.0,0.0,0.0
10,20,43,0.0,0.0,0.0,0.0,0.0
10,20,44,0.0,0.0,0.0,0.0,0.0
10,20,45,0.0,0.0,0.0,0.0,0.0
10,20,46,0.0,0.0,0.0,0.0,0.0
10,20,47,0.0,0.0,0.0,0.0,0.0
10,20,48,0.0,0.0,0.0,0.0,0.0
10,21,1,0.0,0.0,0.0,0.0,0.0
10,21,2,0.0,0.0,0.0,0.0,0.0
10,21,3,0.0,0.0,0.0,0.0,0.0
10,21,4,0.0,0.0,0.0,0.0,0.0
10,21,5,0.0,0.0,0.0,0.0,0.0
10,21,6,0.0,0.0,0.0,0.0,0.0
10,21,7,0.0,0.0,0.0,0.0,0.0
10,21,8,0.0,0.0,0.0,0.0,0.0
10,21,9,0.0,0.0,0.0,0.0,0.0
10,21,10,0.0,0.0,0.0,0.0,0.0
10,21,11,0.0,0.0,0.0,0.0,0.0
10,21,12,0.0,0.0,0.0,0.0,0.0
10,21,13,0.239676871,0.24207364,0.22642274,0.224254863,0.237769169
10,21,14,0.239676871,0.232486565,0.252607438,0.236758486,0.230767046
10,21,15,0.566267007,0.515302976,0.535377142,0.51742308,0.501576998
10,21,16,0.566267007,0.549278997,0.563350732,0.598806502,0.62636839
10,21,17,0.358656463,0.326377381,0.311690399,0.345531071,0.342275105
10,21,18,0.358656463,0.355069898,0.353294549,0.355673637,0.330776482
10,21,19,0.771343537,0.755916666,0.771266403,0.812146067,0.762114805
10,21,20,0.771343537,0.701922619,0.743999409,0.724306751,0.713331286
10,21,21,0.832967687,0.882945748,0.883695419,0.892532373,0.899226366
10,21,22,0.832967687,0.916264456,0.918346875,0.978112306,0.938765516
10,21,23,0.837823129,0.821066666,0.862622694,0.890934413,0.784862787
10,21,24,0.837823129,0.862957823,0.782359238,0.744942057,0.758599328
10,21,25,0.818180272,0.818180272,0.84272568,0.88420742,0.840823411
10,21,26,0.818180272,0.744544048,0.765734917,0.745106956,0.806811125
10,21,27,0.763290816,0.778556632,0.770923724,0.786342199,0.805769476
10,21,28,0.763290816,0.732759183,0.8228275,0.842525491,0.758736718
10,21,29,0.815008503,0.774258078,0.723116294,0.817041949,0.751061958
10,21,30,0.815008503,0.733507653,0.820713563,0.781845807,0.811401948
10,21,31,0.776062925,0.814866071,0.779555208,0.734850103,0.784096913
10,21,32,0.776062925,0.799344813,0.866474256,0.838379484,0.746259486
10,21,33,0.661267007,0.614978317,0.670028795,0.674708361,0.635588251
10,21,34,0.661267007,0.648041667,0.595735447,0.635014707,0.62866456
10,21,35,0.178528912,0.196381803,0.206200893,0.185955715,0.182178489
10,21,36,0.178528912,0.196381803,0.187455358,0.187455358,0.176208036
10,21,37,0.0,0.0,0.0,0.0,0.0
10,21,38,0.0,0.0,0.0,0.0,0.0
10,21,39,0.0,0.0,0.0,0.0,0.0
10,21,40,0.0,0.0,0.0,0.0,0.0
10,21,41,0.0,0.0,0.0,0.0,0.0
10,21,42,0.0,0.0,0.0,0.0,0.0
10,21,43,0.0,0.0,0.0,0.0,0.0
10,21,44,0.0,0.0,0.0,0.0,0.0
10,21,45,0.0,0.0,0.0,0.0,0.0
10,21,46,0.0,0.0,0.0,0.0,0.0
10,21,47,0.0,0.0,0.0,0.0,0.0
10,21,48,0.0,0.0,0.0,0.0,0.0
10,22,1,0.0,0.0,0.0,0.0,0.0
10,22,2,0.0,0.0,0.0,0.0,0.0
10,22,3,0.0,0.0,0.0,0.0,0.0
10,22,4,0.0,0.0,0.0,0.0,0.0
10,22,5,0.0,0.0,0.0,0.0,0.0
10,22,6,0.0,0.0,0.0,0.0,0.0
10,22,7,0.0,0.0,0.0,0.0,0.0
10,22,8,0.0,0.0,0.0,0.0,0.0
10,22,9,0.0,0.0,0.0,0.0,0.0
10,22,10,0.0,0.0,0.0,0.0,0.0
10,22,11,0.0,0.0,0.0,0.0,0.0
10,22,12,0.0,0.0,0.0,0.0,0.0
10,22,13,0.173392857,0.166457143,0.169925,0.18181975,0.169440714
10,22,14,0.173392857,0.1577875,0.178837393,0.168305857,0.161101857
10,22,15,0.371071429,0.333964286,0.377194108,0.375173005,0.346133172
10,22,16,0.371071429,0.378492858,0.397269072,0.378455008,0.366069208
10,22,17,0.191011905,0.175730953,0.181537715,0.175449783,0.171885959
10,22,18,0.191011905,0.210113096,0.208585,0.209333767,0.204760942
10,22,19,0.471751701,0.467034184,0.436535437,0.504284485,0.441707364
10,22,20,0.471751701,0.500056803,0.529635635,0.475457311,0.528821138
10,22,21,0.812585034,0.796333333,0.772280816,0.833419714,0.803654724
10,22,22,0.812585034,0.812585034,0.869465986,0.773337177,0.767973709
10,22,23,0.837270408,0.753543367,0.819269094,0.73909208,0.810912549
10,22,24,0.837270408,0.828897704,0.824753215,0.76388254,0.797426948
10,22,25,0.834081633,0.792377551,0.886420255,0.846002745,0.898500984
10,22,26,0.834081633,0.825740817,0.854808562,0.762771407,0.827544111
10,22,27,0.757032313,0.681329082,0.755139732,0.701920361,0.723855372
10,22,28,0.757032313,0.704040051,0.694009373,0.718360579,0.660891733
10,22,29,0.633715986,0.633715986,0.583018707,0.653825907,0.575983615
10,22,30,0.633715986,0.614704506,0.624210246,0.599241836,0.617968144
10,22,31,0.388154762,0.364865476,0.365214816,0.350380317,0.385511535
10,22,32,0.388154762,0.399799405,0.421555479,0.391074786,0.384140264
10,22,33,0.547108844,0.563522109,0.599740715,0.581526367,0.532866293
10,22,34,0.547108844,0.536166667,0.530805,0.500364959,0.475750231
10,22,35,0.077877551,0.073204898,0.071764163,0.081710424,0.070048118
10,22,36,0.077877551,0.080213878,0.079836171,0.082481568,0.076097177
10,22,37,0.0,0.0,0.0,0.0,0.0
10,22,38,0.0,0.0,0.0,0.0,0.0
10,22,39,0.0,0.0,0.0,0.0,0.0
10,22,40,0.0,0.0,0.0,0.0,0.0
10,22,41,0.0,0.0,0.0,0.0,0.0
10,22,42,0.0,0.0,0.0,0.0,0.0
10,22,43,0.0,0.0,0.0,0.0,0.0
10,22,44,0.0,0.0,0.0,0.0,0.0
10,22,45,0.0,0.0,0.0,0.0,0.0
10,22,46,0.0,0.0,0.0,0.0,0.0
10,22,47,0.0,0.0,0.0,0.0,0.0
10,22,48,0.0,0.0,0.0,0.0,0.0
10,23,1,0.0,0.0,0.0,0.0,0.0
10,23,2,0.0,0.0,0.0,0.0,0.0
10,23,3,0.0,0.0,0.0,0.0,0.0
10,23,4,0.0,0.0,0.0,0.0,0.0
10,23,5,0.0,0.0,0.0,0.0,0.0
10,23,6,0.0,0.0,0.0,0.0,0.0
10,23,7,0.0,0.0,0.0,0.0,0.0
10,23,8,0.0,0.0,0.0,0.0,0.0
10,23,9,0.0,0.0,0.0,0.0,0.0
10,23,10,0.0,0.0,0.0,0.0,0.0
10,23,11,0.0,0.0,0.0,0.0,0.0
10,23,12,0.0,0.0,0.0,0.0,0.0
10,23,13,0.354081633,0.382408164,0.338785306,0.376346286,0.348389133
10,23,14,0.354081633,0.31867347,0.353196429,0.311205298,0.337632099
10,23,15,0.721989796,0.794188776,0.833898214,0.799026107,0.763657452
10,23,16,0.721989796,0.721989796,0.721989796,0.70755,0.732747444
10,23,17,0.811930272,0.876884694,0.759966735,0.783610144,0.759612083
10,23,18,0.811930272,0.763214456,0.795448087,0.758589701,0.837056323
10,23,19,0.832695578,0.90763818,0.79185186,0.920027441,0.88031433
10,23,20,0.832695578,0.857676445,0.811378571,0.80056019,0.858600804
10,23,21,0.846181973,0.922338351,0.92847317,0.863037918,0.979008638
10,23,22,0.846181973,0.829258334,0.812588549,0.879103529,0.841783096
10,23,23,0.851360544,0.936496598,0.884989285,0.944405738,0.813881737
10,23,24,0.851360544,0.7832517,0.841825306,0.858498351,0.825396636
10,23,25,0.836853741,0.795011054,0.815932397,0.873047665,0.913232336
10,23,26,0.836853741,0.870327891,0.768231734,0.775629521,0.894036794
10,23,27,0.735926871,0.669693453,0.688753959,0.663218523,0.730762093
10,23,28,0.735926871,0.809519558,0.795904911,0.73362342,0.76874369
10,23,29,0.491964286,0.506723215,0.544284688,0.473178138,0.509077957
10,23,30,0.491964286,0.467366072,0.431698661,0.459039576,0.457891977
10,23,31,0.223537415,0.225772789,0.202189592,0.236711593,0.230934961
10,23,32,0.223537415,0.234714286,0.235999626,0.215217911,0.229640983
10,23,33,0.421215986,0.383306547,0.430419555,0.386948521,0.421691559
10,23,34,0.421215986,0.404367347,0.400407916,0.367797375,0.426338457
10,23,35,0.126147959,0.113533163,0.1282294,0.128768683,0.125411499
10,23,36,0.126147959,0.131193877,0.131244337,0.136005161,0.137705225
10,23,37,0.0,0.0,0.0,0.0,0.0
10,23,38,0.0,0.0,0.0,0.0,0.0
10,23,39,0.0,0.0,0.0,0.0,0.0
10,23,40,0.0,0.0,0.0,0.0,0.0
10,23,41,0.0,0.0,0.0,0.0,0.0
10,23,42,0.0,0.0,0.0,0.0,0.0
10,23,43,0.0,0.0,0.0,0.0,0.0
10,23,44,0.0,0.0,0.0,0.0,0.0
10,23,45,0.0,0.0,0.0,0.0,0.0
10,23,46,0.0,0.0,0.0,0.0,0.0
10,23,47,0.0,0.0,0.0,0.0,0.0
10,23,48,0.0,0.0,0.0,0.0,0.0
10,24,1,0.0,0.0,0.0,0.0,0.0
10,24,2,0.0,0.0,0.0,0.0,0.0
10,24,3,0.0,0.0,0.0,0.0,0.0
10,24,4,0.0,0.0,0.0,0.0,0.0
10,24,5,0.0,0.0,0.0,0.0,0.0
10,24,6,0.0,0.0,0.0,0.0,0.0
10,24,7,0.0,0.0,0.0,0.0,0.0
10,24,8,0.0,0.0,0.0,0.0,0.0
10,24,9,0.0,0.0,0.0,0.0,0.0
10,24,10,0.0,0.0,0.0,0.0,0.0
10,24,11,0.01132483,0.010532092,0.011037746,0.0098684,0.010370044
10,24,12,0.01132483,0.010418844,0.0106544,0.011015345,0.010961888
10,24,13,0.42627551,0.464640306,0.414275854,0.443765168,0.415377249
10,24,14,0.42627551,0.464640306,0.409821275,0.390221127,0.439649137
10,24,15,0.748784014,0.688881293,0.761962613,0.747873493,0.685294078
10,24,16,0.748784014,0.733808334,0.778360983,0.783797154,0.685068859
10,24,17,0.760229592,0.836252551,0.878065179,0.907334018,0.870834445
10,24,18,0.760229592,0.760229592,0.813445663,0.855765111,0.725649915
10,24,19,0.842882653,0.85131148,0.855568037,0.917914381,0.88425752
10,24,20,0.842882653,0.783880867,0.732043584,0.857033248,0.82003929
10,24,21,0.85452381,0.786161905,0.869563429,0.861852206,0.809304324
10,24,22,0.85452381,0.871614286,0.88896112,0.941435718,0.862459721
10,24,23,0.854328231,0.828698384,0.858343574,0.85559463,0.866226029
10,24,24,0.854328231,0.88850136,0.941127979,0.912545574,0.971055849
10,24,25,0.845136054,0.794427891,0.819781972,0.737803775,0.799287423
10,24,26,0.845136054,0.895844217,0.844375432,0.827313825,0.819040687
10,24,27,0.809761905,0.785469048,0.789639322,0.787007191,0.745391204
10,24,28,0.809761905,0.882640476,0.863125215,0.817768831,0.910790035
10,24,29,0.79130102,0.775475,0.82255741,0.796444477,0.844231145
10,24,30,0.79130102,0.720083928,0.785920173,0.727479955,0.778882157
10,24,31,0.785263605,0.832379421,0.881615449,0.916394774,0.811217647
10,24,32,0.785263605,0.840232057,0.845257744,0.757697711,0.734472629
10,24,33,0.714770408,0.693327296,0.704048852,0.633643967,0.693312107
10,24,34,0.714770408,0.714770408,0.786247449,0.805069736,0.747662355
10,24,35,0.229566327,0.211201021,0.224791347,0.21741584,0.233988252
10,24,36,0.229566327,0.24563597,0.242353171,0.234401453,0.226089769
10,24,37,0.0,0.0,0.0,0.0,0.0
10,24,38,0.0,0.0,0.0,0.0,0.0
10,24,39,0.0,0.0,0.0,0.0,0.0
10,24,40,0.0,0.0,0.0,0.0,0.0
10,24,41,0.0,0.0,0.0,0.0,0.0
10,24,42,0.0,0.0,0.0,0.0,0.0
10,24,43,0.0,0.0,0.0,0.0,0.0
10,24,44,0.0,0.0,0.0,0.0,0.0
10,24,45,0.0,0.0,0.0,0.0,0.0
10,24,46,0.0,0.0,0.0,0.0,0.0
10,24,47,0.0,0.0,0.0,0.0,0.0
10,24,48,0.0,0.0,0.0,0.0,0.0
10,25,1,0.0,0.0,0.0,0.0,0.0
10,25,2,0.0,0.0,0.0,0.0,0.0
10,25,3,0.0,0.0,0.0,0.0,0.0
10,25,4,0.0,0.0,0.0,0.0,0.0
10,25,5,0.0,0.0,0.0,0.0,0.0
10,25,6,0.0,0.0,0.0,0.0,0.0
10,25,7,0.0,0.0,0.0,0.0,0.0
10,25,8,0.0,0.0,0.0,0.0,0.0
10,25,9,0.0,0.0,0.0,0.0,0.0
10,25,10,0.0,0.0,0.0,0.0,0.0
10,25,11,0.011727891,0.012431564,0.013166903,0.011944435,0.011085929
10,25,12,0.011727891,0.012431564,0.011717336,0.011600163,0.011275777
10,25,13,0.433630952,0.476994047,0.432546875,0.447723958,0.479064635
10,25,14,0.433630952,0.433630952,0.476994047,0.461527877,0.406301361
10,25,15,0.737202381,0.744574405,0.681617321,0.778821879,0.735553996
10,25,16,0.737202381,0.803550595,0.778080253,0.803862186,0.757253638
10,25,17,0.826386054,0.859441496,0.783909811,0.749153666,0.853006122
10,25,18,0.826386054,0.842913775,0.868035911,0.888067509,0.847787304
10,25,19,0.846845238,0.796034524,0.780367887,0.888524138,0.794825229
10,25,20,0.846845238,0.762160714,0.820593036,0.842260982,0.760707443
10,25,21,0.855680272,0.795782653,0.850503406,0.750589899,0.731825152
10,25,22,0.855680272,0.804339456,0.879810456,0.812745659,0.871669719
10,25,23,0.848231293,0.916089796,0.79394449,0.920975609,0.869810297
10,25,24,0.848231293,0.882160545,0.85654396,0.845065694,0.789360343
10,25,25,0.783545918,0.814887755,0.791224668,0.716897502,0.831003688
10,25,26,0.783545918,0.705191326,0.714593877,0.719754833,0.738079203
10,25,27,0.82869898,0.84527296,0.845355829,0.814582645,0.850147156
10,25,28,0.82869898,0.870133929,0.832428125,0.919691509,0.836855992
10,25,29,0.809370748,0.776995918,0.713865,0.774411327,0.737914318
10,25,30,0.809370748,0.785089626,0.805202489,0.727897735,0.766252346
10,25,31,0.782236395,0.782236395,0.790058759,0.855479796,0.738302609
10,25,32,0.782236395,0.852637671,0.801088292,0.779507954,0.844060957
10,25,33,0.713171769,0.684644898,0.754821,0.753423184,0.719250061
10,25,34,0.713171769,0.777357228,0.708001274,0.67421595,0.746914017
10,25,35,0.212457483,0.225204932,0.216642895,0.215920752,0.204503125
10,25,36,0.212457483,0.227329507,0.202302015,0.229011745,0.222130691
10,25,37,0.0,0.0,0.0,0.0,0.0
10,25,38,0.0,0.0,0.0,0.0,0.0
10,25,39,0.0,0.0,0.0,0.0,0.0
10,25,40,0.0,0.0,0.0,0.0,0.0
10,25,41,0.0,0.0,0.0,0.0,0.0
10,25,42,0.0,0.0,0.0,0.0,0.0
10,25,43,0.0,0.0,0.0,0.0,0.0
10,25,44,0.0,0.0,0.0,0.0,0.0
10,25,45,0.0,0.0,0.0,0.0,0.0
10,25,46,0.0,0.0,0.0,0.0,0.0
10,25,47,0.0,0.0,0.0,0.0,0.0
10,25,48,0.0,0.0,0.0,0.0,0.0
10,26,1,0.0,0.0,0.0,0.0,0.0
10,26,2,0.0,0.0,0.0,0.0,0.0
10,26,3,0.0,0.0,0.0,0.0,0.0
10,26,4,0.0,0.0,0.0,0.0,0.0
10,26,5,0.0,0.0,0.0,0.0,0.0
10,26,6,0.0,0.0,0.0,0.0,0.0
10,26,7,0.0,0.0,0.0,0.0,0.0
10,26,8,0.0,0.0,0.0,0.0,0.0
10,26,9,0.0,0.0,0.0,0.0,0.0
10,26,10,0.0,0.0,0.0,0.0,0.0
10,26,11,0.013548469,0.012735561,0.012616334,0.013744795,0.011845161
10,26,12,0.013548469,0.012464591,0.013916987,0.013842417,0.014115272
10,26,13,0.436403061,0.414582908,0.416983125,0.393070419,0.423565076
10,26,14,0.436403061,0.43203903,0.451589888,0.484011726,0.441990708
10,26,15,0.75912415,0.690802977,0.659716843,0.738375389,0.683524646
10,26,16,0.75912415,0.721167943,0.688335823,0.795163569,0.726128914
10,26,17,0.833588435,0.841924319,0.862889068,0.795365904,0.900117286
10,26,18,0.833588435,0.775237245,0.884854124,0.814602069,0.769175535
10,26,19,0.852176871,0.843655102,0.797041027,0.89743428,0.906907198
10,26,20,0.852176871,0.784002721,0.826270694,0.8618576,0.897563129
10,26,21,0.859311224,0.816345663,0.896476434,0.917394218,0.820038972
10,26,22,0.859311224,0.867904336,0.872243858,0.840491879,0.859987824
10,26,23,0.854073129,0.922398979,0.941530217,0.88788076,0.847382525
10,26,24,0.854073129,0.845532398,0.773320515,0.758363986,0.840135407
10,26,25,0.849719388,0.781741837,0.783101388,0.885339625,0.800226293
10,26,26,0.849719388,0.798736225,0.774774138,0.823898115,0.819899786
10,26,27,0.850901361,0.842392347,0.778915106,0.889995173,0.764901407
10,26,28,0.850901361,0.816865307,0.842222167,0.769729909,0.885524061
10,26,29,0.835977891,0.84433767,0.873764092,0.868387082,0.770055015
10,26,30,0.835977891,0.852697449,0.81900754,0.752304864,0.741647212
10,26,31,0.810093537,0.858699149,0.87611616,0.763472654,0.884992051
10,26,32,0.810093537,0.891102891,0.893128125,0.847479354,0.937891564
10,26,33,0.730187075,0.788602041,0.766988504,0.700971803,0.806422344
10,26,34,0.730187075,0.67907398,0.739862054,0.766520575,0.794512904
10,26,35,0.23869898,0.23631199,0.218505046,0.240418886,0.252162424
10,26,36,0.23869898,0.229151021,0.25029975,0.227414088,0.229299231
10,26,37,0.0,0.0,0.0,0.0,0.0
10,26,38,0.0,0.0,0.0,0.0,0.0
10,26,39,0.0,0.0,0.0,0.0,0.0
10,26,40,0.0,0.0,0.0,0.0,0.0
10,26,41,0.0,0.0,0.0,0.0,0.0
10,26,42,0.0,0.0,0.0,0.0,0.0
10,26,43,0.0,0.0,0.0,0.0,0.0
10,26,44,0.0,0.0,0.0,0.0,0.0
10,26,45,0.0,0.0,0.0,0.0,0.0
10,26,46,0.0,0.0,0.0,0.0,0.0
10,26,47,0.0,0.0,0.0,0.0,0.0
10,26,48,0.0,0.0,0.0,0.0,0.0
10,27,1,0.0,0.0,0.0,0.0,0.0
10,27,2,0.0,0.0,0.0,0.0,0.0
10,27,3,0.0,0.0,0.0,0.0,0.0
10,27,4,0.0,0.0,0.0,0.0,0.0
10,27,5,0.0,0.0,0.0,0.0,0.0
10,27,6,0.0,0.0,0.0,0.0,0.0
10,27,7,0.0,0.0,0.0,0.0,0.0
10,27,8,0.0,0.0,0.0,0.0,0.0
10,27,9,0.0,0.0,0.0,0.0,0.0
10,27,10,0.0,0.0,0.0,0.0,0.0
10,27,11,0.013460884,0.013595493,0.012716497,0.014318235,0.013387549
10,27,12,0.013460884,0.013864711,0.013526169,0.013208737,0.013515125
10,27,13,0.436156463,0.453602722,0.489367551,0.459708912,0.473500179
10,27,14,0.436156463,0.466687415,0.410793965,0.398470146,0.457988887
10,27,15,0.764719388,0.734130612,0.6744825,0.796888584,0.772257482
10,27,16,0.764719388,0.810602551,0.811290799,0.747805325,0.720916154
10,27,17,0.852151361,0.766936225,0.752875727,0.838093704,0.802514254
10,27,18,0.852151361,0.911801956,0.961354558,0.917520318,0.910707048
10,27,19,0.868571429,0.955428572,0.99408,0.9957216,0.943915896
10,27,20,0.868571429,0.938057143,0.903314286,0.912347429,0.833126766
10,27,21,0.881318027,0.890131207,0.912296356,0.885636045,0.972656495
10,27,22,0.881318027,0.916570748,0.845007724,0.819297915,0.804960201
10,27,23,0.885986395,0.930285715,0.862729252,0.955510486,0.845024005
10,27,24,0.885986395,0.912565987,0.980211048,0.842891574,0.959738576
10,27,25,0.881683673,0.94340153,0.912542602,0.912542602,0.921668028
10,27,26,0.881683673,0.819965816,0.910382477,0.792316363,0.83406534
10,27,27,0.877091837,0.789382653,0.84990199,0.88911969,0.859887783
10,27,28,0.877091837,0.929717347,0.93050673,0.866816706,0.837960834
10,27,29,0.857304422,0.87445051,0.874536241,0.807950264,0.896238377
10,27,30,0.857304422,0.943034864,0.990186607,0.855761274,0.865993202
10,27,31,0.823622449,0.856567347,0.831693949,0.870786365,0.845667527
10,27,32,0.823622449,0.741260204,0.704197194,0.688287554,0.687587921
10,27,33,0.736011905,0.684491072,0.717354003,0.641357094,0.694803518
10,27,34,0.736011905,0.684491072,0.759969093,0.661409861,0.738889302
10,27,35,0.238996599,0.243776531,0.234144968,0.258090515,0.268127369
10,27,36,0.238996599,0.234216667,0.255535164,0.22105369,0.251697562
10,27,37,0.0,0.0,0.0,0.0,0.0
10,27,38,0.0,0.0,0.0,0.0,0.0
10,27,39,0.0,0.0,0.0,0.0,0.0
10,27,40,0.0,0.0,0.0,0.0,0.0
10,27,41,0.0,0.0,0.0,0.0,0.0
10,27,42,0.0,0.0,0.0,0.0,0.0
10,27,43,0.0,0.0,0.0,0.0,0.0
10,27,44,0.0,0.0,0.0,0.0,0.0
10,27,45,0.0,0.0,0.0,0.0,0.0
10,27,46,0.0,0.0,0.0,0.0,0.0
10,27,47,0.0,0.0,0.0,0.0,0.0
10,27,48,0.0,0.0,0.0,0.0,0.0
10,28,1,0.0,0.0,0.0,0.0,0.0
10,28,2,0.0,0.0,0.0,0.0,0.0
10,28,3,0.0,0.0,0.0,0.0,0.0
10,28,4,0.0,0.0,0.0,0.0,0.0
10,28,5,0.0,0.0,0.0,0.0,0.0
10,28,6,0.0,0.0,0.0,0.0,0.0
10,28,7,0.0,0.0,0.0,0.0,0.0
10,28,8,0.0,0.0,0.0,0.0,0.0
10,28,9,0.0,0.0,0.0,0.0,0.0
10,28,10,0.0,0.0,0.0,0.0,0.0
10,28,11,0.016916667,0.01624,0.0169099,0.01618819,0.016232416
10,28,12,0.016916667,0.015225,0.015749417,0.015644421,0.015089682
10,28,13,0.479217687,0.479217687,0.455256803,0.452381497,0.424531761
10,28,14,0.479217687,0.479217687,0.445672449,0.453994863,0.455235158
10,28,15,0.798035714,0.845917857,0.830196553,0.824716708,0.799975207
10,28,16,0.798035714,0.829957143,0.7977165,0.840912577,0.759489599
10,28,17,0.86622449,0.857562245,0.792941898,0.897633213,0.853590461
10,28,18,0.86622449,0.944184694,0.823736179,0.834146032,0.884414306
10,28,19,0.881377551,0.951887755,0.852468367,0.859434775,0.841977507
10,28,20,0.881377551,0.934260204,0.835193367,0.865938167,0.879192322
10,28,21,0.887840136,0.97662415,0.904265179,0.941368018,1.00172632
10,28,22,0.887840136,0.887840136,0.949988946,0.844957457,0.874803535
10,28,23,0.885238095,0.805566666,0.845402381,0.913034571,0.948541471
10,28,24,0.885238095,0.964909524,1.008330452,0.990939064,0.885365941
10,28,25,0.874498299,0.909478231,0.954427444,0.976697417,0.956638608
10,28,26,0.874498299,0.891988265,0.892075715,0.912773049,0.9553322
10,28,27,0.867457483,0.936854082,0.938242014,0.850191609,0.898186297
10,28,28,0.867457483,0.919504932,0.848807147,0.852232158,0.784800387
10,28,29,0.848894558,0.908317177,0.843461633,0.875560034,0.816914849
10,28,30,0.848894558,0.891339286,0.861415753,0.910577359,0.886837306
10,28,31,0.816870748,0.808702041,0.853425714,0.859386148,0.751136546
10,28,32,0.816870748,0.898557823,0.771942857,0.787667619,0.745071383
10,28,33,0.755748299,0.816208163,0.723099972,0.780319188,0.845728296
10,28,34,0.755748299,0.710403401,0.681760541,0.665852795,0.689372434
10,28,35,0.265153061,0.286365306,0.289547143,0.308390687,0.284490409
10,28,36,0.265153061,0.291668367,0.270058393,0.289407937,0.251164746
10,28,37,0.0,0.0,0.0,0.0,0.0
10,28,38,0.0,0.0,0.0,0.0,0.0
10,28,39,0.0,0.0,0.0,0.0,0.0
10,28,40,0.0,0.0,0.0,0.0,0.0
10,28,41,0.0,0.0,0.0,0.0,0.0
10,28,42,0.0,0.0,0.0,0.0,0.0
10,28,43,0.0,0.0,0.0,0.0,0.0
10,28,44,0.0,0.0,0.0,0.0,0.0
10,28,45,0.0,0.0,0.0,0.0,0.0
10,28,46,0.0,0.0,0.0,0.0,0.0
10,28,47,0.0,0.0,0.0,0.0,0.0
10,28,48,0.0,0.0,0.0,0.0,0.0
10,29,1,0.0,0.0,0.0,0.0,0.0
10,29,2,0.0,0.0,0.0,0.0,0.0
10,29,3,0.0,0.0,0.0,0.0,0.0
10,29,4,0.0,0.0,0.0,0.0,0.0
10,29,5,0.0,0.0,0.0,0.0,0.0
10,29,6,0.0,0.0,0.0,0.0,0.0
10,29,7,0.0,0.0,0.0,0.0,0.0
10,29,8,0.0,0.0,0.0,0.0,0.0
10,29,9,0.0,0.0,0.0,0.0,0.0
10,29,10,0.0,0.0,0.0,0.0,0.0
10,29,11,0.018771259,0.020460672,0.021577562,0.018850943,0.021309167
10,29,12,0.018771259,0.017832696,0.018301978,0.018301978,0.019400096
10,29,13,0.482576531,0.448796174,0.484313807,0.467176549,0.508373026
10,29,14,0.482576531,0.501879592,0.452849817,0.464728921,0.451733279
10,29,15,0.792142857,0.855514286,0.873258286,0.82349904,0.7859374
10,29,16,0.792142857,0.83175,0.860663214,0.861312771,0.920113932
10,29,17,0.858044218,0.772239796,0.839596267,0.757429953,0.790691007
10,29,18,0.858044218,0.883785545,0.870914881,0.836078286,0.896693962
10,29,19,0.873511905,0.82983631,0.86870759,0.805910819,0.844491656
10,29,20,0.873511905,0.943392857,0.981128572,0.951331334,0.84360705
10,29,21,0.882627551,0.891453827,0.958003944,0.828732547,0.872400378
10,29,22,0.882627551,0.94441148,0.959195491,0.938032289,0.986930705
10,29,23,0.883307823,0.821476275,0.903535572,0.895523087,0.884720296
10,29,24,0.883307823,0.953972449,0.88189453,0.861072021,0.886111089
10,29,25,0.87625,0.8499625,0.949416875,0.802688813,0.817404774
10,29,26,0.87625,0.963875,0.984466875,0.97919185,1.008002687
10,29,27,0.871938776,0.845780613,0.781562322,0.916403294,0.785607551
10,29,28,0.871938776,0.810903062,0.774107245,0.827172858,0.8456614
10,29,29,0.855187075,0.932153912,0.840050264,0.805733317,0.866863953
10,29,30,0.855187075,0.778220238,0.743200328,0.847656725,0.741580804
10,29,31,0.82002551,0.844626275,0.915558482,0.860070089,0.885872192
10,29,32,0.82002551,0.902028061,0.817975446,0.829742812,0.926687253
10,29,33,0.752083333,0.81225,0.813453333,0.776743644,0.741314623
10,29,34,0.752083333,0.767125,0.721623958,0.791760743,0.826381602
10,29,35,0.266445578,0.27177449,0.247581231,0.248837078,0.269005978
10,29,36,0.266445578,0.29042568,0.256160779,0.29540164,0.288192756
10,29,37,0.0,0.0,0.0,0.0,0.0
10,29,38,0.0,0.0,0.0,0.0,0.0
10,29,39,0.0,0.0,0.0,0.0,0.0
10,29,40,0.0,0.0,0.0,0.0,0.0
10,29,41,0.0,0.0,0.0,0.0,0.0
10,29,42,0.0,0.0,0.0,0.0,0.0
10,29,43,0.0,0.0,0.0,0.0,0.0
10,29,44,0.0,0.0,0.0,0.0,0.0
10,29,45,0.0,0.0,0.0,0.0,0.0
10,29,46,0.0,0.0,0.0,0.0,0.0
10,29,47,0.0,0.0,0.0,0.0,0.0
10,29,48,0.0,0.0,0.0,0.0,0.0
10,30,1,0.0,0.0,0.0,0.0,0.0
10,30,2,0.0,0.0,0.0,0.0,0.0
10,30,3,0.0,0.0,0.0,0.0,0.0
10,30,4,0.0,0.0,0.0,0.0,0.0
10,30,5,0.0,0.0,0.0,0.0,0.0
10,30,6,0.0,0.0,0.0,0.0,0.0
10,30,7,0.0,0.0,0.0,0.0,0.0
10,30,8,0.0,0.0,0.0,0.0,0.0
10,30,9,0.0,0.0,0.0,0.0,0.0
10,30,10,0.0,0.0,0.0,0.0,0.0
10,30,11,0.018420068,0.018788469,0.019348439,0.020549035,0.020047563
10,30,12,0.018420068,0.017499065,0.01903714,0.017769195,0.018363181
10,30,13,0.28412415,0.289806633,0.298444007,0.273344101,0.280701128
10,30,14,0.28412415,0.261394218,0.275486776,0.268195014,0.299530043
10,30,15,0.761870748,0.761870748,0.8152017,0.842019551,0.755478652
10,30,16,0.761870748,0.693302381,0.749414161,0.668724811,0.703961465
10,30,17,0.812763605,0.829018877,0.902980365,0.788876483,0.841743931
10,30,18,0.812763605,0.820891241,0.759649503,0.813723479,0.785721818
10,30,19,0.831981293,0.82366148,0.910603525,0.795536352,0.916085772
10,30,20,0.831981293,0.840301106,0.911393907,0.835388672,0.906052219
10,30,21,0.880289116,0.889092007,0.911231278,0.902472842,0.815151893
10,30,22,0.880289116,0.801063096,0.849082867,0.776000091,0.793544441
10,30,23,0.878818027,0.790936224,0.801482041,0.741370888,0.754962687
10,30,24,0.878818027,0.799724405,0.772129519,0.776046118,0.726011565
10,30,25,0.871938776,0.793464286,0.807720485,0.840862006,0.894776099
10,30,26,0.871938776,0.863219388,0.858903291,0.786865308,0.794517789
10,30,27,0.84329932,0.792701361,0.858900357,0.781735659,0.819159174
10,30,28,0.84329932,0.792701361,0.834360347,0.790515529,0.798914756
10,30,29,0.746130952,0.768514881,0.772469375,0.785242888,0.775770419
10,30,30,0.746130952,0.768514881,0.72703,0.687447255,0.76889481
10,30,31,0.655782313,0.695129252,0.688964898,0.632361703,0.601253587
10,30,32,0.655782313,0.636108844,0.652405034,0.609212806,0.593690842
10,30,33,0.604370748,0.610414455,0.601318676,0.629582678,0.641992721
10,30,34,0.604370748,0.6466767,0.587992301,0.66205431,0.65653719
10,30,35,0.218767007,0.240643708,0.22511125,0.205356589,0.211346157
10,30,36,0.218767007,0.210016327,0.220823417,0.223031651,0.235612368
10,30,37,0.0,0.0,0.0,0.0,0.0
10,30,38,0.0,0.0,0.0,0.0,0.0
10,30,39,0.0,0.0,0.0,0.0,0.0
10,30,40,0.0,0.0,0.0,0.0,0.0
10,30,41,0.0,0.0,0.0,0.0,0.0
10,30,42,0.0,0.0,0.0,0.0,0.0
10,30,43,0.0,0.0,0.0,0.0,0.0
10,30,44,0.0,0.0,0.0,0.0,0.0
10,30,45,0.0,0.0,0.0,0.0,0.0
10,30,46,0.0,0.0,0.0,0.0,0.0
10,30,47,0.0,0.0,0.0,0.0,0.0
10,30,48,0.0,0.0,0.0,0.0,0.0
10,31,1,0.0,0.0,0.0,0.0,0.0
10,31,2,0.0,0.0,0.0,0.0,0.0
10,31,3,0.0,0.0,0.0,0.0,0.0
10,31,4,0.0,0.0,0.0,0.0,0.0
10,31,5,0.0,0.0,0.0,0.0,0.0
10,31,6,0.0,0.0,0.0,0.0,0.0
10,31,7,0.0,0.0,0.0,0.0,0.0
10,31,8,0.0,0.0,0.0,0.0,0.0
10,31,9,0.0,0.0,0.0,0.0,0.0
10,31,10,0.0,0.0,0.0,0.0,0.0
10,31,11,0.019587585,0.019195833,0.019391709,0.020167378,0.020564908
10,31,12,0.019587585,0.018216454,0.019847121,0.018256201,0.01897684
10,31,13,0.467168367,0.434466581,0.410243901,0.459157597,0.402910792
10,31,14,0.467168367,0.429794898,0.470905714,0.41947982,0.487052548
10,31,15,0.752857143,0.677571429,0.765279286,0.739221645,0.807105613
10,31,16,0.752857143,0.782971429,0.775593429,0.77817874,0.772400185
10,31,17,0.727406463,0.69103614,0.695036875,0.753807681,0.759831097
10,31,18,0.727406463,0.756502722,0.771632776,0.684181061,0.683485603
10,31,19,0.600816327,0.564767347,0.559480164,0.609522556,0.548627803
10,31,20,0.600816327,0.558759184,0.631968654,0.644955899,0.657855017
10,31,21,0.744481293,0.818929422,0.812973572,0.815891939,0.774126985
10,31,22,0.744481293,0.751926106,0.763167773,0.708000221,0.756731725
10,31,23,0.85869898,0.781416072,0.893862703,0.802426289,0.917511112
10,31,24,0.85869898,0.918807909,0.942078651,0.942789654,0.970529426
10,31,25,0.787610544,0.834867177,0.746339751,0.836982173,0.761377416
10,31,26,0.787610544,0.819114966,0.763194617,0.868970713,0.825917164
10,31,27,0.74630102,0.783616071,0.810856058,0.725639676,0.712940982
10,31,28,0.74630102,0.694059949,0.676969655,0.762239025,0.662301019
10,31,29,0.200119048,0.200119048,0.186110715,0.20717658,0.18251084
10,31,30,0.200119048,0.194115477,0.183319054,0.182891967,0.178704703
10,31,31,0.305739796,0.275165816,0.27012111,0.263818284,0.253627239
10,31,32,0.305739796,0.28433801,0.289138125,0.319448455,0.269699487
10,31,33,0.555331633,0.516458419,0.493023424,0.474660088,0.484374971
10,31,34,0.555331633,0.583098215,0.603367819,0.62704716,0.556678534
10,31,35,0.250680272,0.233132653,0.258839915,0.222795852,0.222053199
10,31,36,0.250680272,0.265721088,0.242708639,0.230263367,0.244869908
10,31,37,0.0,0.0,0.0,0.0,0.0
10,31,38,0.0,0.0,0.0,0.0,0.0
10,31,39,0.0,0.0,0.0,0.0,0.0
10,31,40,0.0,0.0,0.0,0.0,0.0
10,31,41,0.0,0.0,0.0,0.0,0.0
10,31,42,0.0,0.0,0.0,0.0,0.0
10,31,43,0.0,0.0,0.0,0.0,0.0
10,31,44,0.0,0.0,0.0,0.0,0.0
10,31,45,0.0,0.0,0.0,0.0,0.0
10,31,46,0.0,0.0,0.0,0.0,0.0
10,31,47,0.0,0.0,0.0,0.0,0.0
10,31,48,0.0,0.0,0.0,0.0,0.0
11,1,1,0.0,0.0,0.0,0.0,0.0
11,1,2,0.0,0.0,0.0,0.0,0.0
11,1,3,0.0,0.0,0.0,0.0,0.0
11,1,4,0.0,0.0,0.0,0.0,0.0
11,1,5,0.0,0.0,0.0,0.0,0.0
11,1,6,0.0,0.0,0.0,0.0,0.0
11,1,7,0.0,0.0,0.0,0.0,0.0
11,1,8,0.0,0.0,0.0,0.0,0.0
11,1,9,0.0,0.0,0.0,0.0,0.0
11,1,10,0.0,0.0,0.0,0.0,0.0
11,1,11,0.023672619,0.024619524,0.023180229,0.021679953,0.023753843
11,1,12,0.023672619,0.025803155,0.027211676,0.025051233,0.024925977
11,1,13,0.496496599,0.511391497,0.52914125,0.563577427,0.546157761
11,1,14,0.496496599,0.466706803,0.46715365,0.472017827,0.485105594
11,1,15,0.779506803,0.701556123,0.68869426,0.759415015,0.761584772
11,1,16,0.779506803,0.763916667,0.740843266,0.769036468,0.702259737
11,1,17,0.847091837,0.770853572,0.784703523,0.744821169,0.708180773
11,1,18,0.847091837,0.872504592,0.816808304,0.769376102,0.892560826
11,1,19,0.866088435,0.93537551,0.810658775,0.905535876,0.932179528
11,1,20,0.866088435,0.822784013,0.928879847,0.916213303,0.83931683
11,1,21,0.878401361,0.922321429,0.900361395,0.855343325,0.853542602
11,1,22,0.878401361,0.939889456,0.954602679,0.98899868,0.85583047
11,1,23,0.880816327,0.792734694,0.778201225,0.800905734,0.894480944
11,1,24,0.880816327,0.951281633,0.879407021,0.858643244,0.856835574
11,1,25,0.876692177,0.955594473,0.870336159,0.864839299,0.909702837
11,1,26,0.876692177,0.929293708,0.93911266,0.942483834,0.866581859
11,1,27,0.871267007,0.871267007,0.836416327,0.816667608,0.764014038
11,1,28,0.871267007,0.827703657,0.764536799,0.804745771,0.825233941
11,1,29,0.854872449,0.871969898,0.802981691,0.877005667,0.792087906
11,1,30,0.854872449,0.906164796,0.836492691,0.900477045,0.900736798
11,1,31,0.819829932,0.811631633,0.791258859,0.864103618,0.838140131
11,1,32,0.819829932,0.770640136,0.731616231,0.820470492,0.83277755
11,1,33,0.745365646,0.670829081,0.736421258,0.753415595,0.784628527
11,1,34,0.745365646,0.678282738,0.733178918,0.754889556,0.720649922
11,1,35,0.27880102,0.292741071,0.302917308,0.30606079,0.306935249
11,1,36,0.27880102,0.256496938,0.275678449,0.297358016,0.266000261
11,1,37,0.0,0.0,0.0,0.0,0.0
11,1,38,0.0,0.0,0.0,0.0,0.0
11,1,39,0.0,0.0,0.0,0.0,0.0
11,1,40,0.0,0.0,0.0,0.0,0.0
11,1,41,0.0,0.0,0.0,0.0,0.0
11,1,42,0.0,0.0,0.0,0.0,0.0
11,1,43,0.0,0.0,0.0,0.0,0.0
11,1,44,0.0,0.0,0.0,0.0,0.0
11,1,45,0.0,0.0,0.0,0.0,0.0
11,1,46,0.0,0.0,0.0,0.0,0.0
11,1,47,0.0,0.0,0.0,0.0,0.0
11,1,48,0.0,0.0,0.0,0.0,0.0
11,2,1,0.0,0.0,0.0,0.0,0.0
11,2,2,0.0,0.0,0.0,0.0,0.0
11,2,3,0.0,0.0,0.0,0.0,0.0
11,2,4,0.0,0.0,0.0,0.0,0.0
11,2,5,0.0,0.0,0.0,0.0,0.0
11,2,6,0.0,0.0,0.0,0.0,0.0
11,2,7,0.0,0.0,0.0,0.0,0.0
11,2,8,0.0,0.0,0.0,0.0,0.0
11,2,9,0.0,0.0,0.0,0.0,0.0
11,2,10,0.0,0.0,0.0,0.0,0.0
11,2,11,0.022539116,0.021862943,0.021979019,0.023454647,0.020213038
11,2,12,0.022539116,0.023666072,0.022409516,0.024015146,0.022462739
11,2,13,0.465255102,0.469907653,0.444202309,0.44139682,0.487053804
11,2,14,0.465255102,0.423382143,0.484307298,0.448495217,0.45535994
11,2,15,0.753044218,0.730452891,0.808505925,0.68760091,0.767248016
11,2,16,0.753044218,0.798226871,0.791148255,0.772998384,0.817797154
11,2,17,0.832363946,0.865658504,0.916932123,0.89780107,0.878188911
11,2,18,0.832363946,0.815716667,0.8075595,0.753062968,0.721958193
11,2,19,0.844838435,0.802596513,0.79900595,0.87256392,0.755073596
11,2,20,0.844838435,0.887080357,0.857299802,0.845811407,0.901695375
11,2,21,0.857746599,0.900633929,0.879190264,0.96710929,0.86512322
11,2,22,0.857746599,0.934943793,0.851527936,0.916662354,0.854611364
11,2,23,0.864617347,0.847325,0.855971174,0.898769732,0.780003732
11,2,24,0.864617347,0.942432908,0.939666133,0.961350736,0.899206278
11,2,25,0.861505102,0.93042551,0.842207388,0.9219483,0.809009633
11,2,26,0.861505102,0.852890051,0.908629431,0.909315189,0.874254094
11,2,27,0.791113946,0.72782483,0.691117143,0.766152719,0.766373724
11,2,28,0.791113946,0.846491922,0.769674758,0.882669563,0.855387049
11,2,29,0.799761905,0.767771429,0.846468,0.7242004,0.737477408
11,2,30,0.799761905,0.767771429,0.728903,0.75782399,0.763565081
11,2,31,0.771139456,0.786562245,0.771062342,0.745204494,0.806916741
11,2,32,0.771139456,0.763428061,0.751938084,0.807898646,0.765865051
11,2,33,0.715195578,0.672283843,0.665990122,0.616040863,0.667377602
11,2,34,0.715195578,0.657979932,0.707185388,0.762798996,0.739221572
11,2,35,0.267482993,0.275507483,0.282355047,0.261359416,0.268959472
11,2,36,0.267482993,0.286206803,0.260234204,0.26316876,0.258502262
11,2,37,0.0,0.0,0.0,0.0,0.0
11,2,38,0.0,0.0,0.0,0.0,0.0
11,2,39,0.0,0.0,0.0,0.0,0.0
11,2,40,0.0,0.0,0.0,0.0,0.0
11,2,41,0.0,0.0,0.0,0.0,0.0
11,2,42,0.0,0.0,0.0,0.0,0.0
11,2,43,0.0,0.0,0.0,0.0,0.0
11,2,44,0.0,0.0,0.0,0.0,0.0
11,2,45,0.0,0.0,0.0,0.0,0.0
11,2,46,0.0,0.0,0.0,0.0,0.0
11,2,47,0.0,0.0,0.0,0.0,0.0
11,2,48,0.0,0.0,0.0,0.0,0.0
11,3,1,0.0,0.0,0.0,0.0,0.0
11,3,2,0.0,0.0,0.0,0.0,0.0
11,3,3,0.0,0.0,0.0,0.0,0.0
11,3,4,0.0,0.0,0.0,0.0,0.0
11,3,5,0.0,0.0,0.0,0.0,0.0
11,3,6,0.0,0.0,0.0,0.0,0.0
11,3,7,0.0,0.0,0.0,0.0,0.0
11,3,8,0.0,0.0,0.0,0.0,0.0
11,3,9,0.0,0.0,0.0,0.0,0.0
11,3,10,0.0,0.0,0.0,0.0,0.0
11,3,11,0.023183673,0.02272,0.024787983,0.024270802,0.023028396
11,3,12,0.023183673,0.021792653,0.023612571,0.023777484,0.024015259
11,3,13,0.465748299,0.437803401,0.424669299,0.43831293,0.441633482
11,3,14,0.465748299,0.512323129,0.523268214,0.455406358,0.49897023
11,3,15,0.757261905,0.825415476,0.830905625,0.796482392,0.770415696
11,3,16,0.757261905,0.696680953,0.785129143,0.76128448,0.795094467
11,3,17,0.836147959,0.877955357,0.831340108,0.865450764,0.869778018
11,3,18,0.836147959,0.877955357,0.814199075,0.766918392,0.741424676
11,3,19,0.851573129,0.928214711,0.907691798,0.913743077,0.918311792
11,3,20,0.851573129,0.800478741,0.776464379,0.752840037,0.858966197
11,3,21,0.865297619,0.787420833,0.751986896,0.761490027,0.854872751
11,3,22,0.865297619,0.778767857,0.871354702,0.779780255,0.864990114
11,3,23,0.867627551,0.945714031,0.852270543,0.888537375,0.959620365
11,3,24,0.867627551,0.780864796,0.873700944,0.815509164,0.917868175
11,3,25,0.862108844,0.853487756,0.892110232,0.895312679,0.954572816
11,3,26,0.862108844,0.922456463,0.910128307,0.844337332,0.849367427
11,3,27,0.855569728,0.78712415,0.780279592,0.751121776,0.777653335
11,3,28,0.855569728,0.898348214,0.92080692,0.918322203,0.943174855
11,3,29,0.83662415,0.769694218,0.763001225,0.781875466,0.80355474
11,3,30,0.83662415,0.83662415,0.811525426,0.761997276,0.762991185
11,3,31,0.751369048,0.796451191,0.71199731,0.828599768,0.70261494
11,3,32,0.751369048,0.691259524,0.721314286,0.793445715,0.731953672
11,3,33,0.707704082,0.721858164,0.771963613,0.711826694,0.735621519
11,3,34,0.707704082,0.728935204,0.675220465,0.739150913,0.662859979
11,3,35,0.267304422,0.280669643,0.284946514,0.297075006,0.259898985
11,3,36,0.267304422,0.294034864,0.286283036,0.305144036,0.302601169
11,3,37,0.0,0.0,0.0,0.0,0.0
11,3,38,0.0,0.0,0.0,0.0,0.0
11,3,39,0.0,0.0,0.0,0.0,0.0
11,3,40,0.0,0.0,0.0,0.0,0.0
11,3,41,0.0,0.0,0.0,0.0,0.0
11,3,42,0.0,0.0,0.0,0.0,0.0
11,3,43,0.0,0.0,0.0,0.0,0.0
11,3,44,0.0,0.0,0.0,0.0,0.0
11,3,45,0.0,0.0,0.0,0.0,0.0
11,3,46,0.0,0.0,0.0,0.0,0.0
11,3,47,0.0,0.0,0.0,0.0,0.0
11,3,48,0.0,0.0,0.0,0.0,0.0
11,4,1,0.0,0.0,0.0,0.0,0.0
11,4,2,0.0,0.0,0.0,0.0,0.0
11,4,3,0.0,0.0,0.0,0.0,0.0
11,4,4,0.0,0.0,0.0,0.0,0.0
11,4,5,0.0,0.0,0.0,0.0,0.0
11,4,6,0.0,0.0,0.0,0.0,0.0
11,4,7,0.0,0.0,0.0,0.0,0.0
11,4,8,0.0,0.0,0.0,0.0,0.0
11,4,9,0.0,0.0,0.0,0.0,0.0
11,4,10,0.0,0.0,0.0,0.0,0.0
11,4,11,0.012445578,0.011947755,0.012928466,0.01306263,0.01171438
11,4,12,0.012445578,0.012196666,0.012937178,0.013653857,0.01319257
11,4,13,0.38130102,0.343170918,0.326012372,0.353663051,0.354547209
11,4,14,0.38130102,0.346983928,0.389632447,0.335375219,0.392389006
11,4,15,0.763741497,0.695004762,0.700198204,0.690862228,0.74094974
11,4,16,0.763741497,0.740829252,0.737239667,0.75474284,0.674224483
11,4,17,0.793622449,0.825367347,0.841874694,0.795679518,0.732722402
11,4,18,0.793622449,0.730132653,0.807590204,0.769343951,0.728661975
11,4,19,0.842142857,0.892671428,0.867407143,0.919451571,0.792376425
11,4,20,0.842142857,0.909514286,0.937136571,0.967965737,1.005608849
11,4,21,0.856785714,0.891057143,0.882660643,0.89437119,0.863594299
11,4,22,0.856785714,0.865353571,0.929955214,0.910552445,0.801595562
11,4,23,0.858146259,0.866727722,0.91418321,0.870888873,0.938910572
11,4,24,0.858146259,0.901053572,0.888395915,0.794278724,0.783026442
11,4,25,0.829489796,0.804605102,0.817047449,0.833388398,0.763653398
11,4,26,0.829489796,0.788015306,0.889627806,0.752139873,0.847410923
11,4,27,0.824056122,0.758131632,0.791093877,0.830648571,0.808992376
11,4,28,0.824056122,0.898221173,0.87836142,0.797529206,0.926000759
11,4,29,0.815221088,0.750003401,0.76696,0.707429295,0.76750248
11,4,30,0.815221088,0.74185119,0.825248307,0.825871136,0.834129848
11,4,31,0.645144558,0.606435885,0.669595537,0.627584153,0.681793335
11,4,32,0.645144558,0.67095034,0.631725551,0.636288014,0.6718682
11,4,33,0.658971088,0.691919642,0.634918643,0.661936458,0.661936458
11,4,34,0.658971088,0.612843112,0.642266171,0.63802679,0.618885987
11,4,35,0.216122449,0.237734694,0.226928571,0.226928571,0.226928571
11,4,36,0.216122449,0.222606122,0.241300714,0.215342607,0.228319833
11,4,37,0.0,0.0,0.0,0.0,0.0
11,4,38,0.0,0.0,0.0,0.0,0.0
11,4,39,0.0,0.0,0.0,0.0,0.0
11,4,40,0.0,0.0,0.0,0.0,0.0
11,4,41,0.0,0.0,0.0,0.0,0.0
11,4,42,0.0,0.0,0.0,0.0,0.0
11,4,43,0.0,0.0,0.0,0.0,0.0
11,4,44,0.0,0.0,0.0,0.0,0.0
11,4,45,0.0,0.0,0.0,0.0,0.0
11,4,46,0.0,0.0,0.0,0.0,0.0
11,4,47,0.0,0.0,0.0,0.0,0.0
11,4,48,0.0,0.0,0.0,0.0,0.0
11,5,1,0.0,0.0,0.0,0.0,0.0
11,5,2,0.0,0.0,0.0,0.0,0.0
11,5,3,0.0,0.0,0.0,0.0,0.0
11,5,4,0.0,0.0,0.0,0.0,0.0
11,5,5,0.0,0.0,0.0,0.0,0.0
11,5,6,0.0,0.0,0.0,0.0,0.0
11,5,7,0.0,0.0,0.0,0.0,0.0
11,5,8,0.0,0.0,0.0,0.0,0.0
11,5,9,0.0,0.0,0.0,0.0,0.0
11,5,10,0.0,0.0,0.0,0.0,0.0
11,5,11,0.021880102,0.020567296,0.021223699,0.019313566,0.022198397
11,5,12,0.021880102,0.021004898,0.02358675,0.019941525,0.021387286
11,5,13,0.384413265,0.345971939,0.346932972,0.377061361,0.327235396
11,5,14,0.384413265,0.345971939,0.401711862,0.343402777,0.350431212
11,5,15,0.487865646,0.487865646,0.512258928,0.530716512,0.50972345
11,5,16,0.487865646,0.46835102,0.449421833,0.431062473,0.445399986
11,5,17,0.806896259,0.863378997,0.776677994,0.872746659,0.912917475
11,5,18,0.806896259,0.806896259,0.87144796,0.878118302,0.807206107
11,5,19,0.832891156,0.766259864,0.775588244,0.799495552,0.753880769
11,5,20,0.832891156,0.90785136,0.870371258,0.783334132,0.831639737
11,5,21,0.840688776,0.823875,0.848927526,0.762425695,0.786220079
11,5,22,0.840688776,0.874316327,0.857502552,0.8403525,0.810554287
11,5,23,0.833937075,0.808918963,0.813213739,0.843250623,0.816581799
11,5,24,0.833937075,0.792240221,0.756172443,0.865587072,0.893182623
11,5,25,0.835136054,0.751622449,0.856849591,0.757518509,0.872306999
11,5,26,0.835136054,0.76832517,0.809747918,0.796359017,0.834487721
11,5,27,0.693903061,0.680025,0.68009439,0.629900218,0.724659121
11,5,28,0.693903061,0.666146939,0.65962425,0.612634522,0.638334877
11,5,29,0.496105442,0.466339115,0.490846724,0.53287347,0.496541188
11,5,30,0.496105442,0.461378061,0.440442411,0.419377774,0.463412441
11,5,31,0.147380952,0.156223809,0.166982619,0.164705583,0.168352635
11,5,32,0.147380952,0.150328571,0.148854762,0.135457833,0.149870695
11,5,33,0.171318027,0.179883928,0.165064919,0.161763621,0.1712027
11,5,34,0.171318027,0.185023469,0.179952456,0.196641116,0.192395455
11,5,35,0.067751701,0.071816803,0.067690724,0.070468138,0.073597752
11,5,36,0.067751701,0.069106735,0.067744926,0.068883132,0.073841353
11,5,37,0.0,0.0,0.0,0.0,0.0
11,5,38,0.0,0.0,0.0,0.0,0.0
11,5,39,0.0,0.0,0.0,0.0,0.0
11,5,40,0.0,0.0,0.0,0.0,0.0
11,5,41,0.0,0.0,0.0,0.0,0.0
11,5,42,0.0,0.0,0.0,0.0,0.0
11,5,43,0.0,0.0,0.0,0.0,0.0
11,5,44,0.0,0.0,0.0,0.0,0.0
11,5,45,0.0,0.0,0.0,0.0,0.0
11,5,46,0.0,0.0,0.0,0.0,0.0
11,5,47,0.0,0.0,0.0,0.0,0.0
11,5,48,0.0,0.0,0.0,0.0,0.0
11,6,1,0.0,0.0,0.0,0.0,0.0
11,6,2,0.0,0.0,0.0,0.0,0.0
11,6,3,0.0,0.0,0.0,0.0,0.0
11,6,4,0.0,0.0,0.0,0.0,0.0
11,6,5,0.0,0.0,0.0,0.0,0.0
11,6,6,0.0,0.0,0.0,0.0,0.0
11,6,7,0.0,0.0,0.0,0.0,0.0
11,6,8,0.0,0.0,0.0,0.0,0.0
11,6,9,0.0,0.0,0.0,0.0,0.0
11,6,10,0.0,0.0,0.0,0.0,0.0
11,6,11,0.023279762,0.022348572,0.023498592,0.025116116,0.023325153
11,6,12,0.023279762,0.023978155,0.022447511,0.020911628,0.020841923
11,6,13,0.304617347,0.277201786,0.311273236,0.282812583,0.270458139
11,6,14,0.304617347,0.298525,0.310618309,0.31981623,0.326897875
11,6,15,0.158818027,0.171523469,0.181687823,0.179210262,0.167625598
11,6,16,0.158818027,0.142936224,0.161438524,0.149765664,0.162433987
11,6,17,0.324345238,0.304884524,0.314614881,0.292591839,0.284380391
11,6,18,0.324345238,0.330832143,0.301381595,0.286967693,0.282902317
11,6,19,0.803869048,0.731520834,0.713956295,0.712292956,0.703389294
11,6,20,0.803869048,0.860139881,0.757124063,0.871607877,0.87257633
11,6,21,0.852040816,0.903163265,0.956586224,0.822576393,0.918935341
11,6,22,0.852040816,0.886122449,0.8517,0.906452143,0.856597275
11,6,23,0.856181973,0.933238351,0.88576306,0.945231462,0.977512008
11,6,24,0.856181973,0.847620153,0.775229967,0.867661233,0.920340665
11,6,25,0.846734694,0.922940816,0.875989378,0.943620477,0.807589207
11,6,26,0.846734694,0.795930612,0.82954598,0.840551837,0.853036504
11,6,27,0.769336735,0.707789796,0.701635102,0.697203723,0.740561079
11,6,28,0.769336735,0.730869898,0.750103317,0.682594018,0.777219552
11,6,29,0.783061224,0.712585714,0.815127581,0.731745264,0.806267743
11,6,30,0.783061224,0.830044897,0.782356469,0.838411907,0.848892055
11,6,31,0.719668367,0.64770153,0.67001125,0.658753238,0.640331916
11,6,32,0.719668367,0.762848469,0.793146507,0.735797814,0.782979901
11,6,33,0.225280612,0.225280612,0.241050255,0.228231788,0.211563951
11,6,34,0.225280612,0.236544643,0.233221754,0.220098219,0.240225622
11,6,35,0.065594388,0.0642825,0.070782904,0.060197938,0.071083731
11,6,36,0.065594388,0.061002781,0.064564556,0.060534546,0.063553308
11,6,37,0.0,0.0,0.0,0.0,0.0
11,6,38,0.0,0.0,0.0,0.0,0.0
11,6,39,0.0,0.0,0.0,0.0,0.0
11,6,40,0.0,0.0,0.0,0.0,0.0
11,6,41,0.0,0.0,0.0,0.0,0.0
11,6,42,0.0,0.0,0.0,0.0,0.0
11,6,43,0.0,0.0,0.0,0.0,0.0
11,6,44,0.0,0.0,0.0,0.0,0.0
11,6,45,0.0,0.0,0.0,0.0,0.0
11,6,46,0.0,0.0,0.0,0.0,0.0
11,6,47,0.0,0.0,0.0,0.0,0.0
11,6,48,0.0,0.0,0.0,0.0,0.0
11,7,1,0.0,0.0,0.0,0.0,0.0
11,7,2,0.0,0.0,0.0,0.0,0.0
11,7,3,0.0,0.0,0.0,0.0,0.0
11,7,4,0.0,0.0,0.0,0.0,0.0
11,7,5,0.0,0.0,0.0,0.0,0.0
11,7,6,0.0,0.0,0.0,0.0,0.0
11,7,7,0.0,0.0,0.0,0.0,0.0
11,7,8,0.0,0.0,0.0,0.0,0.0
11,7,9,0.0,0.0,0.0,0.0,0.0
11,7,10,0.0,0.0,0.0,0.0,0.0
11,7,11,0.006009609,0.005649032,0.005246389,0.00569136,0.005084188
11,7,12,0.006009609,0.005588936,0.005277338,0.005962812,0.005823867
11,7,13,0.164243197,0.152746173,0.160079632,0.166974151,0.170671436
11,7,14,0.164243197,0.147818877,0.145108865,0.156962022,0.142785913
11,7,15,0.448248299,0.421353401,0.395668774,0.379581142,0.448222065
11,7,16,0.448248299,0.484108163,0.428883972,0.449209343,0.497873689
11,7,17,0.149557823,0.160026871,0.154792347,0.145504806,0.13874812
11,7,18,0.149557823,0.151053401,0.139784219,0.15854236,0.145242417
11,7,19,0.456581633,0.442884184,0.427246263,0.455504481,0.41436535
11,7,20,0.456581633,0.474844898,0.465713266,0.451741868,0.503820254
11,7,21,0.71252551,0.705400255,0.758590284,0.652954815,0.728588747
11,7,22,0.71252551,0.769527551,0.681744408,0.663564557,0.728045722
11,7,23,0.874013605,0.856533333,0.943148081,0.90014399,0.893459752
11,7,24,0.874013605,0.795352381,0.751214693,0.766517215,0.772871239
11,7,25,0.869965986,0.948262925,0.836385299,0.805232977,0.804414471
11,7,26,0.869965986,0.930863605,0.936431387,0.857675107,0.952658062
11,7,27,0.863409864,0.837507568,0.86746789,0.779076881,0.828496895
11,7,28,0.863409864,0.915214456,0.88931216,0.844846552,0.790376182
11,7,29,0.84875,0.7893375,0.75352025,0.781258532,0.777352239
11,7,30,0.84875,0.78085,0.831096,0.74641112,0.849883387
11,7,31,0.810569728,0.737618452,0.758612208,0.845826809,0.796038368
11,7,32,0.810569728,0.770041242,0.711274936,0.710484631,0.765604487
11,7,33,0.702780612,0.646558163,0.735389632,0.625418522,0.738515038
11,7,34,0.702780612,0.737919643,0.684332621,0.651676748,0.659468536
11,7,35,0.259787415,0.270178912,0.267632995,0.249914454,0.240928168
11,7,36,0.259787415,0.241602296,0.26072265,0.27436045,0.285030023
11,7,37,0.0,0.0,0.0,0.0,0.0
11,7,38,0.0,0.0,0.0,0.0,0.0
11,7,39,0.0,0.0,0.0,0.0,0.0
11,7,40,0.0,0.0,0.0,0.0,0.0
11,7,41,0.0,0.0,0.0,0.0,0.0
11,7,42,0.0,0.0,0.0,0.0,0.0
11,7,43,0.0,0.0,0.0,0.0,0.0
11,7,44,0.0,0.0,0.0,0.0,0.0
11,7,45,0.0,0.0,0.0,0.0,0.0
11,7,46,0.0,0.0,0.0,0.0,0.0
11,7,47,0.0,0.0,0.0,0.0,0.0
11,7,48,0.0,0.0,0.0,0.0,0.0
11,8,1,0.0,0.0,0.0,0.0,0.0
11,8,2,0.0,0.0,0.0,0.0,0.0
11,8,3,0.0,0.0,0.0,0.0,0.0
11,8,4,0.0,0.0,0.0,0.0,0.0
11,8,5,0.0,0.0,0.0,0.0,0.0
11,8,6,0.0,0.0,0.0,0.0,0.0
11,8,7,0.0,0.0,0.0,0.0,0.0
11,8,8,0.0,0.0,0.0,0.0,0.0
11,8,9,0.0,0.0,0.0,0.0,0.0
11,8,10,0.0,0.0,0.0,0.0,0.0
11,8,11,0.022306122,0.024536734,0.021781928,0.021273683,0.023148855
11,8,12,0.022306122,0.023644489,0.024583577,0.025627422,0.023559594
11,8,13,0.435102041,0.404644898,0.424072204,0.459187622,0.417829141
11,8,14,0.435102041,0.448155102,0.410714572,0.40975771,0.417413709
11,8,15,0.728086735,0.691682398,0.68858803,0.709813578,0.732724393
11,8,16,0.728086735,0.706244133,0.738680397,0.796770797,0.779567791
11,8,17,0.831734694,0.906590816,0.938695776,0.838800003,0.861376216
11,8,18,0.831734694,0.806782653,0.884799367,0.891571906,0.845184934
11,8,19,0.855467687,0.778475595,0.743444193,0.840010241,0.868697384
11,8,20,0.855467687,0.82124898,0.821591167,0.766147735,0.750824781
11,8,21,0.867908163,0.789796428,0.911737525,0.942128776,0.807661305
11,8,22,0.867908163,0.946019898,0.861615829,0.865092524,0.876307512
11,8,23,0.873554422,0.925967687,0.845775391,0.855312859,0.927661745
11,8,24,0.873554422,0.821141157,0.855821267,0.909684342,0.882351303
11,8,25,0.872814626,0.881542772,0.842091551,0.917411962,0.834541966
11,8,26,0.872814626,0.907727211,0.961492592,0.895731247,0.964007904
11,8,27,0.872789116,0.855333334,0.829498776,0.920743641,0.852199392
11,8,28,0.872789116,0.960068028,1.008071429,0.937506429,0.9068244
11,8,29,0.849030612,0.798088775,0.823559694,0.790617306,0.896856506
11,8,30,0.849030612,0.857520918,0.930070584,0.878874038,0.93160648
11,8,31,0.801870748,0.737721088,0.746702041,0.716372081,0.765679819
11,8,32,0.801870748,0.801870748,0.793852041,0.77522191,0.713883475
11,8,33,0.693197279,0.762517007,0.800642857,0.78220381,0.782429445
11,8,34,0.693197279,0.693197279,0.72092517,0.660293515,0.62271298
11,8,35,0.260008503,0.275609013,0.246384057,0.252847175,0.232840969
11,8,36,0.260008503,0.244407993,0.244642,0.252183027,0.232788654
11,8,37,0.0,0.0,0.0,0.0,0.0
11,8,38,0.0,0.0,0.0,0.0,0.0
11,8,39,0.0,0.0,0.0,0.0,0.0
11,8,40,0.0,0.0,0.0,0.0,0.0
11,8,41,0.0,0.0,0.0,0.0,0.0
11,8,42,0.0,0.0,0.0,0.0,0.0
11,8,43,0.0,0.0,0.0,0.0,0.0
11,8,44,0.0,0.0,0.0,0.0,0.0
11,8,45,0.0,0.0,0.0,0.0,0.0
11,8,46,0.0,0.0,0.0,0.0,0.0
11,8,47,0.0,0.0,0.0,0.0,0.0
11,8,48,0.0,0.0,0.0,0.0,0.0
11,9,1,0.0,0.0,0.0,0.0,0.0
11,9,2,0.0,0.0,0.0,0.0,0.0
11,9,3,0.0,0.0,0.0,0.0,0.0
11,9,4,0.0,0.0,0.0,0.0,0.0
11,9,5,0.0,0.0,0.0,0.0,0.0
11,9,6,0.0,0.0,0.0,0.0,0.0
11,9,7,0.0,0.0,0.0,0.0,0.0
11,9,8,0.0,0.0,0.0,0.0,0.0
11,9,9,0.0,0.0,0.0,0.0,0.0
11,9,10,0.0,0.0,0.0,0.0,0.0
11,9,11,0.023856293,0.025049108,0.023474592,0.025815531,0.02675828
11,9,12,0.023856293,0.022424915,0.02105795,0.022446386,0.02267085
11,9,13,0.42380102,0.402610969,0.409073935,0.395355496,0.444404287
11,9,14,0.42380102,0.42803903,0.421660825,0.399030274,0.380500836
11,9,15,0.719642857,0.712446428,0.651600625,0.701508936,0.647558732
11,9,16,0.719642857,0.669267857,0.631954375,0.673621696,0.653413045
11,9,17,0.829897959,0.796702041,0.829566,0.86784532,0.914103113
11,9,18,0.829897959,0.796702041,0.805167,0.85922434,0.839202792
11,9,19,0.856896259,0.779775596,0.883802802,0.756142397,0.74543038
11,9,20,0.856896259,0.848327296,0.7673506,0.890126696,0.865895469
11,9,21,0.87420068,0.882942687,0.808285949,0.838040243,0.799815346
11,9,22,0.87420068,0.909168707,0.971936316,0.854144768,0.875291739
11,9,23,0.880272109,0.924285714,0.830096599,0.887000322,0.792372317
11,9,24,0.880272109,0.924285714,0.938370068,0.92345239,0.91659507
11,9,25,0.878588435,0.790729592,0.843005603,0.770445913,0.861727005
11,9,26,0.878588435,0.896160204,0.843005603,0.942391527,0.916737536
11,9,27,0.867066327,0.789030358,0.852889793,0.76942252,0.803210204
11,9,28,0.867066327,0.90174898,0.89325173,0.834114338,0.830343077
11,9,29,0.848554422,0.76369898,0.757759099,0.766304042,0.823283092
11,9,30,0.848554422,0.899467687,0.812830281,0.845081289,0.902572425
11,9,31,0.793732993,0.825482313,0.7934155,0.796168166,0.87439772
11,9,32,0.793732993,0.761983673,0.754522583,0.816284535,0.781630946
11,9,33,0.670816327,0.637275511,0.614803164,0.66019395,0.703891739
11,9,34,0.670816327,0.71777347,0.652637205,0.62597628,0.726812894
11,9,35,0.253852041,0.276698725,0.257317121,0.257370176,0.258696421
11,9,36,0.253852041,0.253852041,0.253852041,0.276698725,0.277733172
11,9,37,0.0,0.0,0.0,0.0,0.0
11,9,38,0.0,0.0,0.0,0.0,0.0
11,9,39,0.0,0.0,0.0,0.0,0.0
11,9,40,0.0,0.0,0.0,0.0,0.0
11,9,41,0.0,0.0,0.0,0.0,0.0
11,9,42,0.0,0.0,0.0,0.0,0.0
11,9,43,0.0,0.0,0.0,0.0,0.0
11,9,44,0.0,0.0,0.0,0.0,0.0
11,9,45,0.0,0.0,0.0,0.0,0.0
11,9,46,0.0,0.0,0.0,0.0,0.0
11,9,47,0.0,0.0,0.0,0.0,0.0
11,9,48,0.0,0.0,0.0,0.0,0.0
11,10,1,0.0,0.0,0.0,0.0,0.0
11,10,2,0.0,0.0,0.0,0.0,0.0
11,10,3,0.0,0.0,0.0,0.0,0.0
11,10,4,0.0,0.0,0.0,0.0,0.0
11,10,5,0.0,0.0,0.0,0.0,0.0
11,10,6,0.0,0.0,0.0,0.0,0.0
11,10,7,0.0,0.0,0.0,0.0,0.0
11,10,8,0.0,0.0,0.0,0.0,0.0
11,10,9,0.0,0.0,0.0,0.0,0.0
11,10,10,0.0,0.0,0.0,0.0,0.0
11,10,11,0.033013605,0.033343741,0.03450582,0.031603792,0.034441409
11,10,12,0.033013605,0.032683469,0.03120611,0.033593104,0.035560238
11,10,13,0.499362245,0.519336735,0.483882015,0.460791505,0.490843125
11,10,14,0.499362245,0.484381378,0.491871811,0.501709248,0.504217794
11,10,15,0.781318027,0.750065306,0.80397625,0.832944918,0.768313841
11,10,16,0.781318027,0.836010289,0.752057667,0.805591234,0.873118735
11,10,17,0.862840136,0.88872534,0.849509256,0.841014163,0.912153557
11,10,18,0.862840136,0.94912415,0.996580357,0.954905179,0.922045206
11,10,19,0.877559524,0.930213095,0.840614268,0.935763367,0.958760193
11,10,20,0.877559524,0.886335119,0.793752589,0.886651041,0.792188603
11,10,21,0.890178571,0.9346875,0.875935714,0.873259244,0.911385562
11,10,22,0.890178571,0.890178571,0.907982142,0.842346309,0.900324826
11,10,23,0.892346939,0.838806123,0.822297704,0.825615748,0.903900292
11,10,24,0.892346939,0.972658164,0.923177526,1.02233363,0.962155355
11,10,25,0.885459184,0.86775,0.797710179,0.824797261,0.903004197
11,10,26,0.885459184,0.876604592,0.810549337,0.84038695,0.921510017
11,10,27,0.880637755,0.915863265,0.844355479,0.91549692,0.800179519
11,10,28,0.880637755,0.924669643,0.983892532,0.873949311,1.007366041
11,10,29,0.861028912,0.835198045,0.839632344,0.845286433,0.853739298
11,10,30,0.861028912,0.817977466,0.822713125,0.833906501,0.908958086
11,10,31,0.827908163,0.778233673,0.7870095,0.861534481,0.829944883
11,10,32,0.827908163,0.745117347,0.747187117,0.70379783,0.82404285
11,10,33,0.748086735,0.807933674,0.848031123,0.801350511,0.833404531
11,10,34,0.748086735,0.740605868,0.729459375,0.746777833,0.815355698
11,10,35,0.304676871,0.326004252,0.296420128,0.293582063,0.326532786
11,10,36,0.304676871,0.292489796,0.319484167,0.317772289,0.336380301
11,10,37,0.0,0.0,0.0,0.0,0.0
11,10,38,0.0,0.0,0.0,0.0,0.0
11,10,39,0.0,0.0,0.0,0.0,0.0
11,10,40,0.0,0.0,0.0,0.0,0.0
11,10,41,0.0,0.0,0.0,0.0,0.0
11,10,42,0.0,0.0,0.0,0.0,0.0
11,10,43,0.0,0.0,0.0,0.0,0.0
11,10,44,0.0,0.0,0.0,0.0,0.0
11,10,45,0.0,0.0,0.0,0.0,0.0
11,10,46,0.0,0.0,0.0,0.0,0.0
11,10,47,0.0,0.0,0.0,0.0,0.0
11,10,48,0.0,0.0,0.0,0.0,0.0
11,11,1,0.0,0.0,0.0,0.0,0.0
11,11,2,0.0,0.0,0.0,0.0,0.0
11,11,3,0.0,0.0,0.0,0.0,0.0
11,11,4,0.0,0.0,0.0,0.0,0.0
11,11,5,0.0,0.0,0.0,0.0,0.0
11,11,6,0.0,0.0,0.0,0.0,0.0
11,11,7,0.0,0.0,0.0,0.0,0.0
11,11,8,0.0,0.0,0.0,0.0,0.0
11,11,9,0.0,0.0,0.0,0.0,0.0
11,11,10,0.0,0.0,0.0,0.0,0.0
11,11,11,0.03547619,0.032992857,0.03663094,0.033631996,0.037804465
11,11,12,0.03547619,0.033347619,0.034756023,0.035562409,0.037220549
11,11,13,0.52585034,0.51007483,0.559399592,0.505186174,0.535630289
11,11,14,0.52585034,0.515333333,0.515385918,0.482536573,0.535265368
11,11,15,0.795161565,0.723597024,0.698628951,0.753911764,0.765109571
11,11,16,0.795161565,0.826968028,0.867839332,0.846589434,0.850822382
11,11,17,0.862661565,0.905794643,0.963808633,0.992722893,0.940559403
11,11,18,0.862661565,0.897168028,0.8623165,0.92649162,0.896031022
11,11,19,0.885229592,0.973752551,0.948080893,0.842118911,0.875803667
11,11,20,0.885229592,0.885229592,0.832115816,0.80679825,0.877913612
11,11,21,0.89957483,0.863591837,0.916846667,0.857604267,0.79596396
11,11,22,0.89957483,0.971540816,0.879424354,0.953520533,1.009356495
11,11,23,0.904702381,0.913749405,0.881949116,0.819121607,0.959069884
11,11,24,0.904702381,0.913749405,0.972871705,0.96765881,1.024322677
11,11,25,0.900561224,0.88255,0.927217836,0.813098718,0.828005528
11,11,26,0.900561224,0.954594897,0.881199158,0.893876058,0.880331099
11,11,27,0.896343537,0.932197278,0.895985,0.853684755,0.867716063
11,11,28,0.896343537,0.860489796,0.957474166,0.81429225,0.943900433
11,11,29,0.880212585,0.880212585,0.93302534,0.98759852,0.837438654
11,11,30,0.880212585,0.800993452,0.89944523,0.911830114,0.803270718
11,11,31,0.842465986,0.909863265,0.806071455,0.878384242,0.850604275
11,11,32,0.842465986,0.867739966,0.812347827,0.924936385,0.870491266
11,11,33,0.771947279,0.733349915,0.805333999,0.723997774,0.773830386
11,11,34,0.771947279,0.779666752,0.713742454,0.815528335,0.739412357
11,11,35,0.325493197,0.332003061,0.30573576,0.346763526,0.314398931
11,11,36,0.325493197,0.358042517,0.369109285,0.3578993,0.338530632
11,11,37,0.0,0.0,0.0,0.0,0.0
11,11,38,0.0,0.0,0.0,0.0,0.0
11,11,39,0.0,0.0,0.0,0.0,0.0
11,11,40,0.0,0.0,0.0,0.0,0.0
11,11,41,0.0,0.0,0.0,0.0,0.0
11,11,42,0.0,0.0,0.0,0.0,0.0
11,11,43,0.0,0.0,0.0,0.0,0.0
11,11,44,0.0,0.0,0.0,0.0,0.0
11,11,45,0.0,0.0,0.0,0.0,0.0
11,11,46,0.0,0.0,0.0,0.0,0.0
11,11,47,0.0,0.0,0.0,0.0,0.0
11,11,48,0.0,0.0,0.0,0.0,0.0
11,12,1,0.0,0.0,0.0,0.0,0.0
11,12,2,0.0,0.0,0.0,0.0,0.0
11,12,3,0.0,0.0,0.0,0.0,0.0
11,12,4,0.0,0.0,0.0,0.0,0.0
11,12,5,0.0,0.0,0.0,0.0,0.0
11,12,6,0.0,0.0,0.0,0.0,0.0
11,12,7,0.0,0.0,0.0,0.0,0.0
11,12,8,0.0,0.0,0.0,0.0,0.0
11,12,9,0.0,0.0,0.0,0.0,0.0
11,12,10,0.0,0.0,0.0,0.0,0.0
11,12,11,0.037660714,0.039167143,0.042255321,0.039694393,0.041282168
11,12,12,0.037660714,0.039167143,0.034572535,0.037133464,0.037504799
11,12,13,0.535221088,0.519164455,0.558824338,0.516227162,0.527035668
11,12,14,0.535221088,0.497755612,0.511323466,0.535357391,0.509516102
11,12,15,0.807670068,0.783439966,0.755777266,0.813587597,0.719008039
11,12,16,0.807670068,0.83190017,0.811587268,0.849734602,0.775709645
11,12,17,0.871590136,0.950033248,0.865271108,0.841893607,0.820443233
11,12,18,0.871590136,0.871590136,0.801862925,0.899248596,0.938569514
11,12,19,0.891309524,0.882396429,0.922327095,0.853743799,0.958439749
11,12,20,0.891309524,0.837830953,0.899153048,0.946185669,0.866811204
11,12,21,0.90545068,0.941668707,1.015915663,0.973431917,1.045437249
11,12,22,0.90545068,0.941668707,0.849674918,0.82701692,0.854524222
11,12,23,0.912389456,0.82115051,0.953446982,0.976271924,0.897498424
11,12,24,0.912389456,0.958008929,0.851031265,0.889000352,0.884555351
11,12,25,0.908954082,0.918043623,0.904363864,0.974185626,0.843011987
11,12,26,0.908954082,0.990759949,1.006848437,1.036673947,0.966092922
11,12,27,0.90454932,0.976913266,0.856065476,0.866883886,0.829014748
11,12,28,0.90454932,0.87741284,0.846432026,0.788518256,0.794432143
11,12,29,0.888511905,0.888511905,0.915167262,0.870475113,0.944106539
11,12,30,0.888511905,0.799660715,0.801881994,0.796817476,0.879238284
11,12,31,0.852542517,0.903695068,0.869337605,0.927703234,0.87943641
11,12,32,0.852542517,0.852542517,0.77581369,0.901393203,0.904763091
11,12,33,0.781581633,0.773765817,0.723236564,0.759528005,0.744337444
11,12,34,0.781581633,0.797213266,0.749927577,0.807290458,0.862403557
11,12,35,0.339821429,0.336423215,0.327978652,0.307961811,0.34444859
11,12,36,0.339821429,0.363608929,0.316543661,0.37059056,0.316353442
11,12,37,0.0,0.0,0.0,0.0,0.0
11,12,38,0.0,0.0,0.0,0.0,0.0
11,12,39,0.0,0.0,0.0,0.0,0.0
11,12,40,0.0,0.0,0.0,0.0,0.0
11,12,41,0.0,0.0,0.0,0.0,0.0
11,12,42,0.0,0.0,0.0,0.0,0.0
11,12,43,0.0,0.0,0.0,0.0,0.0
11,12,44,0.0,0.0,0.0,0.0,0.0
11,12,45,0.0,0.0,0.0,0.0,0.0
11,12,46,0.0,0.0,0.0,0.0,0.0
11,12,47,0.0,0.0,0.0,0.0,0.0
11,12,48,0.0,0.0,0.0,0.0,0.0
11,13,1,0.0,0.0,0.0,0.0,0.0
11,13,2,0.0,0.0,0.0,0.0,0.0
11,13,3,0.0,0.0,0.0,0.0,0.0
11,13,4,0.0,0.0,0.0,0.0,0.0
11,13,5,0.0,0.0,0.0,0.0,0.0
11,13,6,0.0,0.0,0.0,0.0,0.0
11,13,7,0.0,0.0,0.0,0.0,0.0
11,13,8,0.0,0.0,0.0,0.0,0.0
11,13,9,0.0,0.0,0.0,0.0,0.0
11,13,10,0.0,0.0,0.0,0.0,0.0
11,13,11,0.03617517,0.038707432,0.034071584,0.037407604,0.036590447
11,13,12,0.03617517,0.038707432,0.036318062,0.038920232,0.036404317
11,13,13,0.512806122,0.523062244,0.512754841,0.505883581,0.472536561
11,13,14,0.512806122,0.492293877,0.512601,0.50084133,0.49454287
11,13,15,0.78787415,0.764237926,0.721732115,0.735209622,0.737218184
11,13,16,0.78787415,0.779995409,0.74473804,0.709199664,0.793224406
11,13,17,0.871522109,0.793085119,0.765719325,0.802007763,0.751517728
11,13,18,0.871522109,0.836661225,0.79430525,0.817479604,0.863191729
11,13,19,0.885348639,0.929616071,0.952856473,0.922607061,1.014867767
11,13,20,0.885348639,0.947323044,0.962152633,0.875711619,0.825870585
11,13,21,0.9,0.918,0.83628,0.9113028,0.855739872
11,13,22,0.9,0.927,0.867825,0.8084475,0.814510856
11,13,23,0.907236395,0.997960035,0.904968304,1.011659304,0.955456009
11,13,24,0.907236395,0.934453487,0.893219593,0.902520127,0.982105992
11,13,25,0.907865646,0.907865646,0.889708333,0.811631888,0.888060557
11,13,26,0.907865646,0.989573554,0.939232404,1.040112922,0.88196848
11,13,27,0.901845238,0.992029762,1.04163125,0.890436896,0.956485786
11,13,28,0.901845238,0.964974405,0.858737036,0.872178137,0.926416715
11,13,29,0.882602041,0.926732143,0.859433737,0.862901628,0.900575735
11,13,30,0.882602041,0.811993878,0.804933061,0.858171617,0.763876886
11,13,31,0.848681973,0.763813776,0.782060438,0.742312418,0.705795436
11,13,32,0.848681973,0.840195153,0.759994707,0.832616423,0.795760902
11,13,33,0.761556122,0.731093877,0.746325,0.776178,0.791477662
11,13,34,0.761556122,0.837711734,0.759652232,0.794169763,0.709445216
11,13,35,0.331556122,0.358080612,0.324129265,0.35143888,0.317410134
11,13,36,0.331556122,0.338187244,0.351615267,0.374498166,0.321047064
11,13,37,0.0,0.0,0.0,0.0,0.0
11,13,38,0.0,0.0,0.0,0.0,0.0
11,13,39,0.0,0.0,0.0,0.0,0.0
11,13,40,0.0,0.0,0.0,0.0,0.0
11,13,41,0.0,0.0,0.0,0.0,0.0
11,13,42,0.0,0.0,0.0,0.0,0.0
11,13,43,0.0,0.0,0.0,0.0,0.0
11,13,44,0.0,0.0,0.0,0.0,0.0
11,13,45,0.0,0.0,0.0,0.0,0.0
11,13,46,0.0,0.0,0.0,0.0,0.0
11,13,47,0.0,0.0,0.0,0.0,0.0
11,13,48,0.0,0.0,0.0,0.0,0.0
11,14,1,0.0,0.0,0.0,0.0,0.0
11,14,2,0.0,0.0,0.0,0.0,0.0
11,14,3,0.0,0.0,0.0,0.0,0.0
11,14,4,0.0,0.0,0.0,0.0,0.0
11,14,5,0.0,0.0,0.0,0.0,0.0
11,14,6,0.0,0.0,0.0,0.0,0.0
11,14,7,0.0,0.0,0.0,0.0,0.0
11,14,8,0.0,0.0,0.0,0.0,0.0
11,14,9,0.0,0.0,0.0,0.0,0.0
11,14,10,0.0,0.0,0.0,0.0,0.0
11,14,11,0.023991497,0.024231412,0.024834798,0.024352569,0.025570197
11,14,12,0.023991497,0.023271752,0.024340573,0.023629261,0.025951015
11,14,13,0.320093537,0.291285119,0.302632435,0.329043992,0.33873251
11,14,14,0.320093537,0.336098214,0.295286288,0.288615005,0.288321633
11,14,15,0.429897959,0.442794898,0.453800286,0.442164381,0.402369586
11,14,16,0.429897959,0.391207143,0.369497296,0.396867466,0.380992767
11,14,17,0.585467687,0.608886394,0.573289959,0.606891121,0.647060831
11,14,18,0.585467687,0.591322364,0.529555523,0.523279309,0.574128407
11,14,19,0.839515306,0.755563775,0.757662564,0.737192382,0.726134496
11,14,20,0.839515306,0.889886224,0.812818719,0.830458615,0.834738019
11,14,21,0.903911565,0.912950681,0.899346812,0.94161914,0.896167908
11,14,22,0.903911565,0.921989796,0.903821174,0.919006587,0.91218228
11,14,23,0.912763605,0.903635969,0.899117789,0.850862107,0.87376297
11,14,24,0.912763605,0.848870153,0.907241385,0.889625048,0.827351294
11,14,25,0.909294218,0.872922449,0.93566375,0.951258146,0.908111795
11,14,26,0.909294218,0.891108334,0.94521134,0.869444399,0.976065738
11,14,27,0.898460884,0.808614796,0.913285489,0.88218826,0.831855489
11,14,28,0.898460884,0.916430102,0.989115587,0.841201972,1.00243235
11,14,29,0.877261905,0.921125,0.917177322,0.923291837,0.955199717
11,14,30,0.877261905,0.921125,0.899193453,0.872217649,0.829978037
11,14,31,0.842032313,0.867293282,0.829022914,0.812271523,0.896290859
11,14,32,0.842032313,0.83361199,0.904847924,0.860164075,0.817155872
11,14,33,0.757406463,0.787702722,0.811182322,0.777576197,0.853978949
11,14,34,0.757406463,0.764980528,0.75358156,0.705550251,0.752833497
11,14,35,0.328256803,0.331539371,0.320001144,0.349461044,0.342284028
11,14,36,0.328256803,0.354517347,0.36528417,0.317911024,0.334662489
11,14,37,0.0,0.0,0.0,0.0,0.0
11,14,38,0.0,0.0,0.0,0.0,0.0
11,14,39,0.0,0.0,0.0,0.0,0.0
11,14,40,0.0,0.0,0.0,0.0,0.0
11,14,41,0.0,0.0,0.0,0.0,0.0
11,14,42,0.0,0.0,0.0,0.0,0.0
11,14,43,0.0,0.0,0.0,0.0,0.0
11,14,44,0.0,0.0,0.0,0.0,0.0
11,14,45,0.0,0.0,0.0,0.0,0.0
11,14,46,0.0,0.0,0.0,0.0,0.0
11,14,47,0.0,0.0,0.0,0.0,0.0
11,14,48,0.0,0.0,0.0,0.0,0.0
11,15,1,0.0,0.0,0.0,0.0,0.0
11,15,2,0.0,0.0,0.0,0.0,0.0
11,15,3,0.0,0.0,0.0,0.0,0.0
11,15,4,0.0,0.0,0.0,0.0,0.0
11,15,5,0.0,0.0,0.0,0.0,0.0
11,15,6,0.0,0.0,0.0,0.0,0.0
11,15,7,0.0,0.0,0.0,0.0,0.0
11,15,8,0.0,0.0,0.0,0.0,0.0
11,15,9,0.0,0.0,0.0,0.0,0.0
11,15,10,0.0,0.0,0.0,0.0,0.0
11,15,11,0.035480442,0.038318877,0.035423673,0.035315434,0.037941337
11,15,12,0.035480442,0.036190051,0.037985361,0.033627795,0.037970167
11,15,13,0.50710034,0.532455357,0.504184513,0.519725871,0.50554919
11,15,14,0.50710034,0.456390306,0.496197683,0.535219054,0.538624993
11,15,15,0.757534014,0.719657313,0.81245523,0.702158278,0.740471697
11,15,16,0.757534014,0.712081973,0.742156074,0.759375074,0.750214652
11,15,17,0.847423469,0.796578061,0.846660788,0.755500903,0.860233254
11,15,18,0.847423469,0.822000765,0.893141965,0.871272508,0.858459677
11,15,19,0.882738095,0.909220238,0.940778125,0.83803918,0.874840031
11,15,20,0.882738095,0.83860119,0.920916518,0.907174492,0.834116119
11,15,21,0.896547619,0.833789286,0.787303292,0.872781935,0.805225256
11,15,22,0.896547619,0.896547619,0.959305952,0.87159371,0.869758776
11,15,23,0.903222789,0.921287245,0.875764816,0.828084287,0.873268886
11,15,24,0.903222789,0.85806165,0.951093597,0.831795931,0.806299577
11,15,25,0.900119048,0.93612381,0.991571143,0.886048387,0.965604221
11,15,26,0.900119048,0.918121429,1.000032262,0.854876064,0.863189969
11,15,27,0.892627551,0.964037755,0.863349367,0.979205282,0.906308889
11,15,28,0.892627551,0.874775,0.874864263,0.889563161,0.935934943
11,15,29,0.877585034,0.860033333,0.842744908,0.93753199,0.853089602
11,15,30,0.877585034,0.921464286,0.9265104,0.917605106,0.992762415
11,15,31,0.84289966,0.901902636,0.820057079,0.846403594,0.810174955
11,15,32,0.84289966,0.81761267,0.75553311,0.82145545,0.752718957
11,15,33,0.778996599,0.708886905,0.75138117,0.724028911,0.688965758
11,15,34,0.778996599,0.771206633,0.782852632,0.801015847,0.86186972
11,15,35,0.356964286,0.342685715,0.32533725,0.365578786,0.312877358
11,15,36,0.356964286,0.342685715,0.321839,0.333686407,0.369285299
11,15,37,0.0,0.0,0.0,0.0,0.0
11,15,38,0.0,0.0,0.0,0.0,0.0
11,15,39,0.0,0.0,0.0,0.0,0.0
11,15,40,0.0,0.0,0.0,0.0,0.0
11,15,41,0.0,0.0,0.0,0.0,0.0
11,15,42,0.0,0.0,0.0,0.0,0.0
11,15,43,0.0,0.0,0.0,0.0,0.0
11,15,44,0.0,0.0,0.0,0.0,0.0
11,15,45,0.0,0.0,0.0,0.0,0.0
11,15,46,0.0,0.0,0.0,0.0,0.0
11,15,47,0.0,0.0,0.0,0.0,0.0
11,15,48,0.0,0.0,0.0,0.0,0.0
11,16,1,0.0,0.0,0.0,0.0,0.0
11,16,2,0.0,0.0,0.0,0.0,0.0
11,16,3,0.0,0.0,0.0,0.0,0.0
11,16,4,0.0,0.0,0.0,0.0,0.0
11,16,5,0.0,0.0,0.0,0.0,0.0
11,16,6,0.0,0.0,0.0,0.0,0.0
11,16,7,0.0,0.0,0.0,0.0,0.0
11,16,8,0.0,0.0,0.0,0.0,0.0
11,16,9,0.0,0.0,0.0,0.0,0.0
11,16,10,0.0,0.0,0.0,0.0,0.0
11,16,11,0.037643707,0.03726727,0.038579153,0.039343245,0.034387509
11,16,12,0.037643707,0.039149455,0.039164513,0.03942561,0.037680447
11,16,13,0.516811224,0.568492346,0.526372232,0.510364004,0.583560947
11,16,14,0.516811224,0.501306887,0.534512008,0.507192506,0.514955656
11,16,15,0.775178571,0.759675,0.736729714,0.68904693,0.777165431
11,16,16,0.775178571,0.837192857,0.862618714,0.758996977,0.80849678
11,16,17,0.845365646,0.845365646,0.904541241,0.830487211,0.907826332
11,16,18,0.845365646,0.769282738,0.815397434,0.793814967,0.773726588
11,16,19,0.863069728,0.845808333,0.803172689,0.887591265,0.926402449
11,16,20,0.863069728,0.79402415,0.770548653,0.857767028,0.887060581
11,16,21,0.877057823,0.964763605,1.003792678,0.891625753,0.906280666
11,16,22,0.877057823,0.815663775,0.880215231,0.823339785,0.815106388
11,16,23,0.883860544,0.848506122,0.779565,0.854056766,0.807837224
11,16,24,0.883860544,0.883860544,0.945730782,0.949708155,0.952421606
11,16,25,0.881513605,0.916774149,0.872169561,0.943561585,0.8221893
11,16,26,0.881513605,0.863883333,0.8552445,0.780192431,0.879016806
11,16,27,0.874370748,0.821908503,0.780288456,0.767735989,0.794854405
11,16,28,0.874370748,0.891858163,0.812465299,0.842373442,0.846714244
11,16,29,0.856581633,0.822318368,0.805872,0.911083067,0.831984492
11,16,30,0.856581633,0.779489286,0.768953332,0.857791983,0.758604774
11,16,31,0.824345238,0.774884524,0.839595625,0.764165288,0.848792529
11,16,32,0.824345238,0.873805952,0.849075595,0.772658792,0.780173111
11,16,33,0.741955782,0.74937534,0.79786215,0.740172491,0.734621198
11,16,34,0.741955782,0.771634013,0.802202591,0.833685259,0.84248527
11,16,35,0.340688776,0.330468113,0.3020206,0.334124271,0.300679405
11,16,36,0.340688776,0.327061225,0.3271975,0.308433725,0.306294588
11,16,37,0.0,0.0,0.0,0.0,0.0
11,16,38,0.0,0.0,0.0,0.0,0.0
11,16,39,0.0,0.0,0.0,0.0,0.0
11,16,40,0.0,0.0,0.0,0.0,0.0
11,16,41,0.0,0.0,0.0,0.0,0.0
11,16,42,0.0,0.0,0.0,0.0,0.0
11,16,43,0.0,0.0,0.0,0.0,0.0
11,16,44,0.0,0.0,0.0,0.0,0.0
11,16,45,0.0,0.0,0.0,0.0,0.0
11,16,46,0.0,0.0,0.0,0.0,0.0
11,16,47,0.0,0.0,0.0,0.0,0.0
11,16,48,0.0,0.0,0.0,0.0,0.0
11,17,1,0.0,0.0,0.0,0.0,0.0
11,17,2,0.0,0.0,0.0,0.0,0.0
11,17,3,0.0,0.0,0.0,0.0,0.0
11,17,4,0.0,0.0,0.0,0.0,0.0
11,17,5,0.0,0.0,0.0,0.0,0.0
11,17,6,0.0,0.0,0.0,0.0,0.0
11,17,7,0.0,0.0,0.0,0.0,0.0
11,17,8,0.0,0.0,0.0,0.0,0.0
11,17,9,0.0,0.0,0.0,0.0,0.0
11,17,10,0.0,0.0,0.0,0.0,0.0
11,17,11,0.039542517,0.040728793,0.038128872,0.040650729,0.037774591
11,17,12,0.039542517,0.037169966,0.040274054,0.038215602,0.038024524
11,17,13,0.518307823,0.518307823,0.570138605,0.524873055,0.580868441
11,17,14,0.518307823,0.466477041,0.482544583,0.454872129,0.480550394
11,17,15,0.784906463,0.737812075,0.723291306,0.816050243,0.811445923
11,17,16,0.784906463,0.800604592,0.768972862,0.84761421,0.848556004
11,17,17,0.854098639,0.930967517,0.892533078,0.91930907,0.935196159
11,17,18,0.854098639,0.896803571,0.866696594,0.837631617,0.950188366
11,17,19,0.876352041,0.788716837,0.807558406,0.791240731,0.873084694
11,17,20,0.876352041,0.963987245,1.002984911,0.890908248,1.026913922
11,17,21,0.889991497,0.916691242,0.885274542,0.834506757,0.863983689
11,17,22,0.889991497,0.863291752,0.876641625,0.920473706,0.869847652
11,17,23,0.894727891,0.849991496,0.872359694,0.793847321,0.835676969
11,17,24,0.894727891,0.912622449,0.948858928,1.001422701,1.005166552
11,17,25,0.893256803,0.964717347,0.873247851,0.883095114,0.813221351
11,17,26,0.893256803,0.902189371,0.82590524,0.830094614,0.871490122
11,17,27,0.888154762,0.799339286,0.877496905,0.769497286,0.825285839
11,17,28,0.888154762,0.825983929,0.925634893,0.888723773,0.952694286
11,17,29,0.87085034,0.914392857,0.946178894,0.874055069,0.991506219
11,17,30,0.87085034,0.862141837,0.909820893,0.90736582,0.852042934
11,17,31,0.833528912,0.883540647,0.892876171,0.939580463,0.905129179
11,17,32,0.833528912,0.825193623,0.754718753,0.812525234,0.750037216
11,17,33,0.761964286,0.8000625,0.73415259,0.750085263,0.700640867
11,17,34,0.761964286,0.822921429,0.808291715,0.813680326,0.801714439
11,17,35,0.356079932,0.359640731,0.329231505,0.383149128,0.360595577
11,17,36,0.356079932,0.36676233,0.379492188,0.330700335,0.369006457
11,17,37,0.0,0.0,0.0,0.0,0.0
11,17,38,0.0,0.0,0.0,0.0,0.0
11,17,39,0.0,0.0,0.0,0.0,0.0
11,17,40,0.0,0.0,0.0,0.0,0.0
11,17,41,0.0,0.0,0.0,0.0,0.0
11,17,42,0.0,0.0,0.0,0.0,0.0
11,17,43,0.0,0.0,0.0,0.0,0.0
11,17,44,0.0,0.0,0.0,0.0,0.0
11,17,45,0.0,0.0,0.0,0.0,0.0
11,17,46,0.0,0.0,0.0,0.0,0.0
11,17,47,0.0,0.0,0.0,0.0,0.0
11,17,48,0.0,0.0,0.0,0.0,0.0
11,18,1,0.0,0.0,0.0,0.0,0.0
11,18,2,0.0,0.0,0.0,0.0,0.0
11,18,3,0.0,0.0,0.0,0.0,0.0
11,18,4,0.0,0.0,0.0,0.0,0.0
11,18,5,0.0,0.0,0.0,0.0,0.0
11,18,6,0.0,0.0,0.0,0.0,0.0
11,18,7,0.0,0.0,0.0,0.0,0.0
11,18,8,0.0,0.0,0.0,0.0,0.0
11,18,9,0.0,0.0,0.0,0.0,0.0
11,18,10,0.0,0.0,0.0,0.0,0.0
11,18,11,0.039901361,0.041896429,0.041307884,0.043086986,0.044456537
11,18,12,0.039901361,0.043492483,0.043781768,0.043663627,0.043564006
11,18,13,0.525518707,0.578070578,0.562830535,0.522144877,0.514312704
11,18,14,0.525518707,0.504497959,0.468657583,0.499558083,0.47957576
11,18,15,0.786947279,0.723991497,0.747914694,0.685185552,0.765450146
11,18,16,0.786947279,0.802686225,0.731231412,0.719468124,0.699276599
11,18,17,0.85619898,0.770579082,0.772719579,0.727847618,0.820928131
11,18,18,0.85619898,0.899008929,0.939036231,0.916043008,0.992828966
11,18,19,0.87827381,0.851925596,0.882401697,0.827323682,0.851381384
11,18,20,0.87827381,0.966101191,0.977518751,0.884193375,0.907991346
11,18,21,0.893188776,0.937848215,1.007070345,1.040639356,0.940596073
11,18,22,0.893188776,0.982507654,1.00349759,1.055704474,0.99356187
11,18,23,0.898732993,0.961644303,0.948792421,1.030028896,0.883015681
11,18,24,0.898732993,0.952656973,0.934951933,0.845190376,0.935119561
11,18,25,0.892619048,0.946176191,0.956173524,0.959605942,0.844779309
11,18,26,0.892619048,0.93725,0.997278631,0.989501688,1.040036953
11,18,27,0.884702381,0.9289375,0.861478943,0.802535647,0.782472256
11,18,28,0.884702381,0.955478571,0.975295905,0.938492286,0.910337517
11,18,29,0.867559524,0.9109375,0.844786086,0.926893366,0.958547649
11,18,30,0.867559524,0.824181548,0.862787947,0.800419092,0.90583599
11,18,31,0.828894558,0.845472449,0.879042679,0.808579734,0.798472487
11,18,32,0.828894558,0.853761395,0.774021738,0.859837192,0.779380997
11,18,33,0.75875,0.7208125,0.791565938,0.741901956,0.700529567
11,18,34,0.75875,0.7511625,0.702109313,0.752087416,0.807719765
11,18,35,0.36085034,0.393326871,0.343150631,0.358460428,0.371226009
11,18,36,0.36085034,0.353633333,0.39296602,0.406064888,0.40486515
11,18,37,0.001003146,0.00096302,0.000894606,0.000924983,0.000908581
11,18,38,0.001003146,0.000932926,0.000968036,0.000871232,0.000849451
11,18,39,0.0,0.0,0.0,0.0,0.0
11,18,40,0.0,0.0,0.0,0.0,0.0
11,18,41,0.0,0.0,0.0,0.0,0.0
11,18,42,0.0,0.0,0.0,0.0,0.0
11,18,43,0.0,0.0,0.0,0.0,0.0
11,18,44,0.0,0.0,0.0,0.0,0.0
11,18,45,0.0,0.0,0.0,0.0,0.0
11,18,46,0.0,0.0,0.0,0.0,0.0
11,18,47,0.0,0.0,0.0,0.0,0.0
11,18,48,0.0,0.0,0.0,0.0,0.0
11,19,1,0.0,0.0,0.0,0.0,0.0
11,19,2,0.0,0.0,0.0,0.0,0.0
11,19,3,0.0,0.0,0.0,0.0,0.0
11,19,4,0.0,0.0,0.0,0.0,0.0
11,19,5,0.0,0.0,0.0,0.0,0.0
11,19,6,0.0,0.0,0.0,0.0,0.0
11,19,7,0.0,0.0,0.0,0.0,0.0
11,19,8,0.0,0.0,0.0,0.0,0.0
11,19,9,0.0,0.0,0.0,0.0,0.0
11,19,10,0.0,0.0,0.0,0.0,0.0
11,19,11,0.041789116,0.041789116,0.038445987,0.04067474,0.038234255
11,19,12,0.041789116,0.043460681,0.04603489,0.041135869,0.047415653
11,19,13,0.518214286,0.518214286,0.523396429,0.556337584,0.534331053
11,19,14,0.518214286,0.564853572,0.492795875,0.556805186,0.490513851
11,19,15,0.767831633,0.706405102,0.78134547,0.759379342,0.731128175
11,19,16,0.767831633,0.744796684,0.831945574,0.742448399,0.833496018
11,19,17,0.833979592,0.875678572,0.854829082,0.914667118,0.878486477
11,19,18,0.833979592,0.8173,0.76784501,0.878948606,0.775047204
11,19,19,0.855663265,0.915559694,0.921035938,0.969213203,0.924521705
11,19,20,0.855663265,0.87277653,0.838293301,0.821354591,0.838551702
11,19,21,0.870204082,0.835395919,0.89544,0.780312,0.87069814
11,19,22,0.870204082,0.931118368,0.819601715,0.891114216,0.798988732
11,19,23,0.877440476,0.9213125,0.944345312,0.841216808,0.815431684
11,19,24,0.877440476,0.859891666,0.816546107,0.868318605,0.821327245
11,19,25,0.876241497,0.814904592,0.837117314,0.91860237,0.827247786
11,19,26,0.876241497,0.876241497,0.797379762,0.849954252,0.84145471
11,19,27,0.869396259,0.834620409,0.894608751,0.935505151,0.795179378
11,19,28,0.869396259,0.808538521,0.880915759,0.904127191,0.883059321
11,19,29,0.848205782,0.831241666,0.831326487,0.912247863,0.881428113
11,19,30,0.848205782,0.85668784,0.878020215,0.843751853,0.882366415
11,19,31,0.815076531,0.741719643,0.825101972,0.825724691,0.729734195
11,19,32,0.815076531,0.823227296,0.901067105,0.880315257,0.829273901
11,19,33,0.753078231,0.738016666,0.767913872,0.68523266,0.765502772
11,19,34,0.753078231,0.707893537,0.686656731,0.77314626,0.671778195
11,19,35,0.364158163,0.396932398,0.399572544,0.417838718,0.35516291
11,19,36,0.364158163,0.367799745,0.329381058,0.375006435,0.373449804
11,19,37,0.001348044,0.001469368,0.001366445,0.001436457,0.001348875
11,19,38,0.001348044,0.001294122,0.001281451,0.001294794,0.001435063
11,19,39,0.0,0.0,0.0,0.0,0.0
11,19,40,0.0,0.0,0.0,0.0,0.0
11,19,41,0.0,0.0,0.0,0.0,0.0
11,19,42,0.0,0.0,0.0,0.0,0.0
11,19,43,0.0,0.0,0.0,0.0,0.0
11,19,44,0.0,0.0,0.0,0.0,0.0
11,19,45,0.0,0.0,0.0,0.0,0.0
11,19,46,0.0,0.0,0.0,0.0,0.0
11,19,47,0.0,0.0,0.0,0.0,0.0
11,19,48,0.0,0.0,0.0,0.0,0.0
11,20,1,0.0,0.0,0.0,0.0,0.0
11,20,2,0.0,0.0,0.0,0.0,0.0
11,20,3,0.0,0.0,0.0,0.0,0.0
11,20,4,0.0,0.0,0.0,0.0,0.0
11,20,5,0.0,0.0,0.0,0.0,0.0
11,20,6,0.0,0.0,0.0,0.0,0.0
11,20,7,0.0,0.0,0.0,0.0,0.0
11,20,8,0.0,0.0,0.0,0.0,0.0
11,20,9,0.0,0.0,0.0,0.0,0.0
11,20,10,0.0,0.0,0.0,0.0,0.0
11,20,11,0.040107143,0.0364975,0.036770229,0.037035791,0.038730746
11,20,12,0.040107143,0.039305,0.040897254,0.040103132,0.041707258
11,20,13,0.511743197,0.491273469,0.536613916,0.487549684,0.466251461
11,20,14,0.511743197,0.460568877,0.491017598,0.463387729,0.443145002
11,20,15,0.763095238,0.740202381,0.774198274,0.781940256,0.688373134
11,20,16,0.763095238,0.747833333,0.747909643,0.715298768,0.810452328
11,20,17,0.830433673,0.86365102,0.872453617,0.846957642,0.930177647
11,20,18,0.830433673,0.86365102,0.8301015,0.790911674,0.911651913
11,20,19,0.850884354,0.774304762,0.836972395,0.820720504,0.755062863
11,20,20,0.850884354,0.876410885,0.932739429,0.87781144,0.831393835
11,20,21,0.865280612,0.951808673,0.963057321,1.000852778,0.86017736
11,20,22,0.865280612,0.839322194,0.860824417,0.846590983,0.776234142
11,20,23,0.869345238,0.947586309,0.863042485,0.964790652,0.938526906
11,20,24,0.869345238,0.956279762,0.8397875,0.879586125,0.85079967
11,20,25,0.866403061,0.814418877,0.874027408,0.885681107,0.782720678
11,20,26,0.866403061,0.927051275,0.842923538,0.91394433,0.967462801
11,20,27,0.863052721,0.828530612,0.78658625,0.768232571,0.811600538
11,20,28,0.863052721,0.949357993,0.897143303,0.939312059,0.994316006
11,20,29,0.830884354,0.805957823,0.785684245,0.83980916,0.750337184
11,20,30,0.830884354,0.839193198,0.843389164,0.862956906,0.920075437
11,20,31,0.807619048,0.848,0.811253334,0.822290794,0.748284623
11,20,32,0.807619048,0.831847619,0.893509334,0.827438827,0.764494373
11,20,33,0.620620748,0.670270408,0.632536666,0.673199738,0.64915689
11,20,34,0.620620748,0.633033163,0.56414426,0.648348014,0.647363374
11,20,35,0.147967687,0.161284779,0.166996332,0.147637127,0.171568629
11,20,36,0.147967687,0.140569303,0.132727015,0.134804482,0.125115409
11,20,37,0.001479082,0.001345965,0.001497275,0.001426366,0.001379685
11,20,38,0.001479082,0.001345965,0.001285396,0.001383849,0.00131863
11,20,39,0.0,0.0,0.0,0.0,0.0
11,20,40,0.0,0.0,0.0,0.0,0.0
11,20,41,0.0,0.0,0.0,0.0,0.0
11,20,42,0.0,0.0,0.0,0.0,0.0
11,20,43,0.0,0.0,0.0,0.0,0.0
11,20,44,0.0,0.0,0.0,0.0,0.0
11,20,45,0.0,0.0,0.0,0.0,0.0
11,20,46,0.0,0.0,0.0,0.0,0.0
11,20,47,0.0,0.0,0.0,0.0,0.0
11,20,48,0.0,0.0,0.0,0.0,0.0
11,21,1,0.0,0.0,0.0,0.0,0.0
11,21,2,0.0,0.0,0.0,0.0,0.0
11,21,3,0.0,0.0,0.0,0.0,0.0
11,21,4,0.0,0.0,0.0,0.0,0.0
11,21,5,0.0,0.0,0.0,0.0,0.0
11,21,6,0.0,0.0,0.0,0.0,0.0
11,21,7,0.0,0.0,0.0,0.0,0.0
11,21,8,0.0,0.0,0.0,0.0,0.0
11,21,9,0.0,0.0,0.0,0.0,0.0
11,21,10,0.0,0.0,0.0,0.0,0.0
11,21,11,0.039562925,0.039167296,0.035428599,0.040716646,0.0375573
11,21,12,0.039562925,0.038771667,0.036425585,0.034810587,0.036644837
11,21,13,0.500807823,0.545880527,0.486710083,0.546912108,0.551282293
11,21,14,0.500807823,0.550888605,0.541623661,0.520484562,0.565442744
11,21,15,0.745569728,0.693379847,0.777032771,0.694341135,0.742132488
11,21,16,0.745569728,0.730658333,0.752876311,0.802477574,0.689684893
11,21,17,0.827117347,0.843659694,0.868804061,0.761874331,0.858378413
11,21,18,0.827117347,0.760947959,0.817853633,0.78593352,0.805942746
11,21,19,0.842823129,0.817538435,0.83848259,0.799630129,0.791633828
11,21,20,0.842823129,0.893392517,0.876788901,0.931971622,0.84193184
11,21,21,0.855637755,0.787186735,0.878911102,0.874201672,0.815024943
11,21,22,0.855637755,0.778630357,0.792620034,0.857500478,0.796464242
11,21,23,0.858001701,0.875161735,0.927242438,0.85132988,0.869154599
11,21,24,0.858001701,0.858001701,0.909481803,0.787645562,0.930078134
11,21,25,0.851403061,0.808832908,0.780310905,0.862326562,0.743146523
11,21,26,0.851403061,0.800318877,0.79282653,0.806700995,0.82094049
11,21,27,0.841173469,0.849585204,0.85383313,0.916053049,0.830554764
11,21,28,0.841173469,0.857996938,0.773122535,0.815856671,0.838478152
11,21,29,0.823962585,0.749805952,0.779015426,0.705835189,0.787594432
11,21,30,0.823962585,0.807483333,0.823880189,0.859364137,0.787238933
11,21,31,0.795416667,0.874958334,0.810131875,0.7937622,0.843124287
11,21,32,0.795416667,0.874958334,0.75166875,0.855788792,0.835847298
11,21,33,0.664744898,0.638155102,0.638421,0.60828058,0.611904379
11,21,34,0.664744898,0.658097449,0.714334867,0.746964979,0.751718392
11,21,35,0.326870748,0.356289115,0.310837738,0.314765907,0.343550421
11,21,36,0.326870748,0.353020408,0.367141224,0.33854047,0.315217823
11,21,37,0.000679082,0.000740199,0.000752219,0.00078174,0.000760459
11,21,38,0.000679082,0.000611174,0.000599969,0.000686782,0.000612039
11,21,39,0.0,0.0,0.0,0.0,0.0
11,21,40,0.0,0.0,0.0,0.0,0.0
11,21,41,0.0,0.0,0.0,0.0,0.0
11,21,42,0.0,0.0,0.0,0.0,0.0
11,21,43,0.0,0.0,0.0,0.0,0.0
11,21,44,0.0,0.0,0.0,0.0,0.0
11,21,45,0.0,0.0,0.0,0.0,0.0
11,21,46,0.0,0.0,0.0,0.0,0.0
11,21,47,0.0,0.0,0.0,0.0,0.0
11,21,48,0.0,0.0,0.0,0.0,0.0
11,22,1,0.0,0.0,0.0,0.0,0.0
11,22,2,0.0,0.0,0.0,0.0,0.0
11,22,3,0.0,0.0,0.0,0.0,0.0
11,22,4,0.0,0.0,0.0,0.0,0.0
11,22,5,0.0,0.0,0.0,0.0,0.0
11,22,6,0.0,0.0,0.0,0.0,0.0
11,22,7,0.0,0.0,0.0,0.0,0.0
11,22,8,0.0,0.0,0.0,0.0,0.0
11,22,9,0.0,0.0,0.0,0.0,0.0
11,22,10,0.0,0.0,0.0,0.0,0.0
11,22,11,0.030479592,0.033222755,0.034080756,0.030638706,0.030821234
11,22,12,0.030479592,0.030479592,0.03139398,0.033862827,0.028714138
11,22,13,0.427559524,0.397630357,0.391965194,0.377318073,0.414563019
11,22,14,0.427559524,0.401905953,0.393996101,0.391507705,0.375480358
11,22,15,0.695204082,0.660443878,0.650711021,0.621971284,0.617657612
11,22,16,0.695204082,0.729964286,0.691206659,0.747785843,0.701719413
11,22,17,0.805331633,0.732851786,0.753709875,0.794523009,0.725307831
11,22,18,0.805331633,0.765065051,0.793050326,0.827206453,0.813616633
11,22,19,0.840535714,0.790103571,0.807166446,0.82072793,0.847218752
11,22,20,0.840535714,0.8825625,0.861549107,0.947704018,0.830102564
11,22,21,0.863418367,0.923857653,0.87576525,0.92318764,0.914488372
11,22,22,0.863418367,0.837515816,0.841962421,0.890013811,0.815316224
11,22,23,0.866267007,0.866267007,0.814290987,0.781026334,0.84860209
11,22,24,0.866267007,0.831616327,0.899878167,0.822624475,0.795239739
11,22,25,0.858511905,0.918607738,0.79970384,0.927656454,0.823552785
11,22,26,0.858511905,0.824171429,0.765620917,0.775296346,0.733369136
11,22,27,0.845467687,0.803194303,0.758384515,0.842466277,0.771759286
11,22,28,0.845467687,0.913105102,0.817736347,0.790068135,0.782682715
11,22,29,0.820017007,0.746215476,0.783116242,0.704804618,0.824621402
11,22,30,0.820017007,0.877418197,0.814768898,0.854149395,0.816340723
11,22,31,0.706173469,0.713235204,0.71680138,0.683587217,0.747246276
11,22,32,0.706173469,0.713235204,0.75938364,0.668162976,0.754443151
11,22,33,0.589812925,0.648794218,0.65026875,0.579255274,0.598521808
11,22,34,0.589812925,0.619303571,0.65896849,0.641375845,0.595996948
11,22,35,0.20914966,0.223790136,0.205646403,0.212862066,0.219247928
11,22,36,0.20914966,0.19660068,0.194760163,0.186158256,0.204533878
11,22,37,0.001184694,0.001101765,0.001177527,0.001073836,0.001213867
11,22,38,0.001184694,0.001184694,0.001089918,0.001176164,0.001251577
11,22,39,0.0,0.0,0.0,0.0,0.0
11,22,40,0.0,0.0,0.0,0.0,0.0
11,22,41,0.0,0.0,0.0,0.0,0.0
11,22,42,0.0,0.0,0.0,0.0,0.0
11,22,43,0.0,0.0,0.0,0.0,0.0
11,22,44,0.0,0.0,0.0,0.0,0.0
11,22,45,0.0,0.0,0.0,0.0,0.0
11,22,46,0.0,0.0,0.0,0.0,0.0
11,22,47,0.0,0.0,0.0,0.0,0.0
11,22,48,0.0,0.0,0.0,0.0,0.0
11,23,1,0.0,0.0,0.0,0.0,0.0
11,23,2,0.0,0.0,0.0,0.0,0.0
11,23,3,0.0,0.0,0.0,0.0,0.0
11,23,4,0.0,0.0,0.0,0.0,0.0
11,23,5,0.0,0.0,0.0,0.0,0.0
11,23,6,0.0,0.0,0.0,0.0,0.0
11,23,7,0.0,0.0,0.0,0.0,0.0
11,23,8,0.0,0.0,0.0,0.0,0.0
11,23,9,0.0,0.0,0.0,0.0,0.0
11,23,10,0.0,0.0,0.0,0.0,0.0
11,23,11,0.02835034,0.030901871,0.029626105,0.026663495,0.028596598
11,23,12,0.02835034,0.02749983,0.027925085,0.027645834,0.029805141
11,23,13,0.406003401,0.406003401,0.418183503,0.451069779,0.378283519
11,23,14,0.406003401,0.430363605,0.439092678,0.425153228,0.412398631
11,23,15,0.670289116,0.609963096,0.704138716,0.595317278,0.644927052
11,23,16,0.670289116,0.616665987,0.656347102,0.62833438,0.610763689
11,23,17,0.793971088,0.80985051,0.753796151,0.801590035,0.750311849
11,23,18,0.793971088,0.849549064,0.86284808,0.843810638,0.82916927
11,23,19,0.842040816,0.766257143,0.884563877,0.9057398,0.875139921
11,23,20,0.842040816,0.926244898,0.901825714,0.836634914,0.806551659
11,23,21,0.860204082,0.877408164,0.938310613,0.820616343,0.900358844
11,23,22,0.860204082,0.808591837,0.809366021,0.793011821,0.801437571
11,23,23,0.86662415,0.953286565,0.846258482,0.879835835,0.806716145
11,23,24,0.86662415,0.953286565,0.919054911,0.885598886,0.869895483
11,23,25,0.861403061,0.835560969,0.839997195,0.811827592,0.795337344
11,23,26,0.861403061,0.878631122,0.835216408,0.824080189,0.781846079
11,23,27,0.846267007,0.871655017,0.893319453,0.844301411,0.881163436
11,23,28,0.846267007,0.880117687,0.837296577,0.769104381,0.774872664
11,23,29,0.817755102,0.8014,0.809577551,0.850056429,0.754121489
11,23,30,0.817755102,0.874997959,0.854840296,0.917133609,0.909490828
11,23,31,0.750637755,0.76565051,0.689911161,0.735399809,0.713337814
11,23,32,0.750637755,0.810688775,0.804083163,0.859432189,0.846520994
11,23,33,0.620255102,0.663672959,0.641964031,0.699740793,0.695792715
11,23,34,0.620255102,0.638862755,0.654741286,0.593296334,0.689467756
11,23,35,0.241343537,0.222036054,0.245591183,0.23159712,0.213979196
11,23,36,0.241343537,0.224449489,0.256186165,0.216593757,0.229950372
11,23,37,0.001604422,0.001460024,0.001593512,0.001537126,0.00148682
11,23,38,0.001604422,0.001652555,0.001661058,0.001655738,0.001725615
11,23,39,0.0,0.0,0.0,0.0,0.0
11,23,40,0.0,0.0,0.0,0.0,0.0
11,23,41,0.0,0.0,0.0,0.0,0.0
11,23,42,0.0,0.0,0.0,0.0,0.0
11,23,43,0.0,0.0,0.0,0.0,0.0
11,23,44,0.0,0.0,0.0,0.0,0.0
11,23,45,0.0,0.0,0.0,0.0,0.0
11,23,46,0.0,0.0,0.0,0.0,0.0
11,23,47,0.0,0.0,0.0,0.0,0.0
11,23,48,0.0,0.0,0.0,0.0,0.0
11,24,1,0.0,0.0,0.0,0.0,0.0
11,24,2,0.0,0.0,0.0,0.0,0.0
11,24,3,0.0,0.0,0.0,0.0,0.0
11,24,4,0.0,0.0,0.0,0.0,0.0
11,24,5,0.0,0.0,0.0,0.0,0.0
11,24,6,0.0,0.0,0.0,0.0,0.0
11,24,7,0.0,0.0,0.0,0.0,0.0
11,24,8,0.0,0.0,0.0,0.0,0.0
11,24,9,0.0,0.0,0.0,0.0,0.0
11,24,10,0.0,0.0,0.0,0.0,0.0
11,24,11,0.038896259,0.039285222,0.03909074,0.041827092,0.040172577
11,24,12,0.038896259,0.041230035,0.036056832,0.038727709,0.0371786
11,24,13,0.494634354,0.455063606,0.451106531,0.448257437,0.49924672
11,24,14,0.494634354,0.48968801,0.531534077,0.474968352,0.482775012
11,24,15,0.749736395,0.727244303,0.745875253,0.703904384,0.673154877
11,24,16,0.749736395,0.787223215,0.776164603,0.786462232,0.790394543
11,24,17,0.829013605,0.779272789,0.796101765,0.817491974,0.861852935
11,24,18,0.829013605,0.829013605,0.795853061,0.899756099,0.863561365
11,24,19,0.849634354,0.900612415,0.848869683,0.927018201,0.952056356
11,24,20,0.849634354,0.917605102,0.865947334,0.833842483,0.780081587
11,24,21,0.86582483,0.874483078,0.791840098,0.886251802,0.777685957
11,24,22,0.86582483,0.848508333,0.84002325,0.911053787,0.892343127
11,24,23,0.870527211,0.82700085,0.84027639,0.812097425,0.753727922
11,24,24,0.870527211,0.94887466,1.000671029,0.968225029,0.928132993
11,24,25,0.86667517,0.936009184,0.901342177,0.982462973,0.976919718
11,24,26,0.86667517,0.936009184,0.883315333,0.913239894,0.845821301
11,24,27,0.857823129,0.909292517,0.874722245,0.915837135,0.924995507
11,24,28,0.857823129,0.935027211,0.968139183,0.865110051,0.924655391
11,24,29,0.83707483,0.88729932,0.870808946,0.839109201,0.841401613
11,24,30,0.83707483,0.88729932,0.879430816,0.928690438,0.944942521
11,24,31,0.808282313,0.808282313,0.848696429,0.780666001,0.843941034
11,24,32,0.808282313,0.856779252,0.857506706,0.765179042,0.797278723
11,24,33,0.731156463,0.738468028,0.720116,0.686118687,0.73334409
11,24,34,0.731156463,0.69459864,0.784165307,0.729273735,0.756842492
11,24,35,0.373681973,0.384892432,0.367908587,0.341699841,0.367045708
11,24,36,0.373681973,0.354997874,0.357053125,0.336577221,0.384023752
11,24,37,0.005380612,0.005380612,0.005003969,0.004729558,0.004867503
11,24,38,0.005380612,0.004950163,0.005630272,0.005160739,0.004858011
11,24,39,0.0,0.0,0.0,0.0,0.0
11,24,40,0.0,0.0,0.0,0.0,0.0
11,24,41,0.0,0.0,0.0,0.0,0.0
11,24,42,0.0,0.0,0.0,0.0,0.0
11,24,43,0.0,0.0,0.0,0.0,0.0
11,24,44,0.0,0.0,0.0,0.0,0.0
11,24,45,0.0,0.0,0.0,0.0,0.0
11,24,46,0.0,0.0,0.0,0.0,0.0
11,24,47,0.0,0.0,0.0,0.0,0.0
11,24,48,0.0,0.0,0.0,0.0,0.0
11,25,1,0.0,0.0,0.0,0.0,0.0
11,25,2,0.0,0.0,0.0,0.0,0.0
11,25,3,0.0,0.0,0.0,0.0,0.0
11,25,4,0.0,0.0,0.0,0.0,0.0
11,25,5,0.0,0.0,0.0,0.0,0.0
11,25,6,0.0,0.0,0.0,0.0,0.0
11,25,7,0.0,0.0,0.0,0.0,0.0
11,25,8,0.0,0.0,0.0,0.0,0.0
11,25,9,0.0,0.0,0.0,0.0,0.0
11,25,10,0.0,0.0,0.0,0.0,0.0
11,25,11,0.039355442,0.038568333,0.036234555,0.041858055,0.042904506
11,25,12,0.039355442,0.043290986,0.043389375,0.041171696,0.044728006
11,25,13,0.500535714,0.545583928,0.470753839,0.455062044,0.507773398
11,25,14,0.500535714,0.550589285,0.47300625,0.513124187,0.555152106
11,25,15,0.748528912,0.733558334,0.72622275,0.750825399,0.754579526
11,25,16,0.748528912,0.756014201,0.812453281,0.818672059,0.713364573
11,25,17,0.835144558,0.851847449,0.801321203,0.879204001,0.791366545
11,25,18,0.835144558,0.818441667,0.818525181,0.865238992,0.817650848
11,25,19,0.851556122,0.791947193,0.903926824,0.806686211,0.913996705
11,25,20,0.851556122,0.834525,0.800888533,0.911888873,0.790234608
11,25,21,0.867933673,0.911330357,0.889632015,0.898528335,0.820507607
11,25,22,0.867933673,0.859254336,0.880865885,0.869351298,0.930205889
11,25,23,0.875688776,0.893202552,0.902134577,0.961569326,0.844578391
11,25,24,0.875688776,0.954500766,0.951698562,0.918023074,0.860229349
11,25,25,0.873154762,0.943007143,0.817272857,0.816364776,0.836576388
11,25,26,0.873154762,0.890617857,0.917161762,0.929390585,0.983813553
11,25,27,0.837185374,0.770210544,0.811734939,0.830568261,0.755555045
11,25,28,0.837185374,0.82881352,0.841329442,0.802345067,0.893611819
11,25,29,0.690552721,0.621497449,0.603543078,0.651301704,0.583968602
11,25,30,0.690552721,0.697458248,0.652365156,0.666522867,0.703793738
11,25,31,0.789345238,0.860386309,0.783622485,0.835451551,0.82537341
11,25,32,0.789345238,0.710410714,0.727381637,0.697836445,0.731243508
11,25,33,0.626335034,0.626335034,0.601281633,0.605624222,0.614893981
11,25,34,0.626335034,0.588754932,0.625771332,0.619756637,0.596699849
11,25,35,0.297831633,0.291875,0.315493049,0.313802556,0.277323009
11,25,36,0.297831633,0.321658164,0.297355102,0.320895715,0.290869044
11,25,37,0.00045682,0.000488797,0.000472809,0.000510633,0.00047262
11,25,38,0.00045682,0.000433979,0.000427584,0.000399909,0.000451052
11,25,39,0.0,0.0,0.0,0.0,0.0
11,25,40,0.0,0.0,0.0,0.0,0.0
11,25,41,0.0,0.0,0.0,0.0,0.0
11,25,42,0.0,0.0,0.0,0.0,0.0
11,25,43,0.0,0.0,0.0,0.0,0.0
11,25,44,0.0,0.0,0.0,0.0,0.0
11,25,45,0.0,0.0,0.0,0.0,0.0
11,25,46,0.0,0.0,0.0,0.0,0.0
11,25,47,0.0,0.0,0.0,0.0,0.0
11,25,48,0.0,0.0,0.0,0.0,0.0
11,26,1,0.0,0.0,0.0,0.0,0.0
11,26,2,0.0,0.0,0.0,0.0,0.0
11,26,3,0.0,0.0,0.0,0.0,0.0
11,26,4,0.0,0.0,0.0,0.0,0.0
11,26,5,0.0,0.0,0.0,0.0,0.0
11,26,6,0.0,0.0,0.0,0.0,0.0
11,26,7,0.0,0.0,0.0,0.0,0.0
11,26,8,0.0,0.0,0.0,0.0,0.0
11,26,9,0.0,0.0,0.0,0.0,0.0
11,26,10,0.0,0.0,0.0,0.0,0.0
11,26,11,0.041094388,0.038628725,0.043449096,0.039415107,0.041459766
11,26,12,0.041094388,0.037806837,0.039056106,0.04285783,0.04221398
11,26,13,0.514268707,0.519411394,0.522008451,0.497820337,0.4620395
11,26,14,0.514268707,0.550267516,0.537590793,0.550063609,0.564950039
11,26,15,0.758979592,0.819697959,0.781445388,0.794574723,0.772900927
11,26,16,0.758979592,0.683081633,0.663348163,0.645658879,0.715277749
11,26,17,0.840221088,0.756198979,0.790227933,0.81146032,0.815517622
11,26,18,0.840221088,0.815014455,0.802789239,0.811148178,0.841812037
11,26,19,0.868792517,0.903544218,0.96592352,0.912753418,1.00402876
11,26,20,0.868792517,0.781913265,0.784085247,0.86029283,0.749631578
11,26,21,0.886853741,0.975539115,0.838076785,0.864150285,0.802039483
11,26,22,0.886853741,0.851379591,0.877807833,0.819692898,0.850344181
11,26,23,0.893426871,0.929163946,0.8930695,0.968585513,0.930272072
11,26,24,0.893426871,0.955966752,0.869215003,0.888078818,0.97380561
11,26,25,0.891794218,0.802614796,0.796372237,0.863470834,0.79663487
11,26,26,0.891794218,0.918548045,0.932326265,0.8685117,0.911823008
11,26,27,0.886539116,0.877673725,0.908569613,0.88201821,0.826491154
11,26,28,0.886539116,0.975193028,0.865705447,0.872780029,0.891053861
11,26,29,0.865748299,0.822460884,0.835663546,0.773987637,0.832709742
11,26,30,0.865748299,0.857090816,0.826962775,0.849933963,0.790438586
11,26,31,0.832312925,0.882251701,0.900146428,0.889001758,0.919724613
11,26,32,0.832312925,0.815666667,0.799270102,0.734174908,0.835123958
11,26,33,0.753265306,0.768330612,0.753189979,0.796175064,0.82915946
11,26,34,0.753265306,0.81352653,0.767728,0.855990607,0.725841126
11,26,35,0.388197279,0.372669388,0.380433333,0.376629,0.375687428
11,26,36,0.388197279,0.357141497,0.395029551,0.380122776,0.418135053
11,26,37,0.005984014,0.005624973,0.005862539,0.006231511,0.005925759
11,26,38,0.005984014,0.005804494,0.005540599,0.005834132,0.005443361
11,26,39,0.0,0.0,0.0,0.0,0.0
11,26,40,0.0,0.0,0.0,0.0,0.0
11,26,41,0.0,0.0,0.0,0.0,0.0
11,26,42,0.0,0.0,0.0,0.0,0.0
11,26,43,0.0,0.0,0.0,0.0,0.0
11,26,44,0.0,0.0,0.0,0.0,0.0
11,26,45,0.0,0.0,0.0,0.0,0.0
11,26,46,0.0,0.0,0.0,0.0,0.0
11,26,47,0.0,0.0,0.0,0.0,0.0
11,26,48,0.0,0.0,0.0,0.0,0.0
11,27,1,0.0,0.0,0.0,0.0,0.0
11,27,2,0.0,0.0,0.0,0.0,0.0
11,27,3,0.0,0.0,0.0,0.0,0.0
11,27,4,0.0,0.0,0.0,0.0,0.0
11,27,5,0.0,0.0,0.0,0.0,0.0
11,27,6,0.0,0.0,0.0,0.0,0.0
11,27,7,0.0,0.0,0.0,0.0,0.0
11,27,8,0.0,0.0,0.0,0.0,0.0
11,27,9,0.0,0.0,0.0,0.0,0.0
11,27,10,0.0,0.0,0.0,0.0,0.0
11,27,11,0.041459184,0.039800817,0.044693,0.04408355,0.04633496
11,27,12,0.041459184,0.04270296,0.037872965,0.0374241,0.04026345
11,27,13,0.520255102,0.504647449,0.507326763,0.469883656,0.450475418
11,27,14,0.520255102,0.567078061,0.559976579,0.604013572,0.619113911
11,27,15,0.769991497,0.831590817,0.720712041,0.727652231,0.716737448
11,27,16,0.769991497,0.816190987,0.872400366,0.901480378,0.924017388
11,27,17,0.847397959,0.847397959,0.805028061,0.749947194,0.788069509
11,27,18,0.847397959,0.813502041,0.863668,0.875183573,0.866936651
11,27,19,0.86962585,0.887018367,0.816839561,0.900719322,0.868550775
11,27,20,0.86962585,0.852233333,0.878148183,0.797335592,0.866322454
11,27,21,0.883171769,0.909666922,0.905383539,0.89940741,0.962365929
11,27,22,0.883171769,0.909666922,0.914347732,0.983611067,0.950380354
11,27,23,0.888392857,0.950580357,0.882707143,0.816504107,0.813782427
11,27,24,0.888392857,0.879508928,0.901629911,0.872047021,0.849978892
11,27,25,0.886488095,0.904217857,0.949074155,0.958923037,0.980156333
11,27,26,0.886488095,0.84216369,0.847039375,0.935834455,0.921775474
11,27,27,0.88077381,0.898389286,0.934060626,0.958672382,0.954692987
11,27,28,0.88077381,0.942427977,0.966296947,0.83684962,0.870323605
11,27,29,0.865544218,0.87419966,0.800282184,0.762007819,0.751212708
11,27,30,0.865544218,0.95209864,0.936086072,1.009700608,0.874997367
11,27,31,0.829302721,0.746372449,0.756324082,0.73846643,0.805997241
11,27,32,0.829302721,0.821009694,0.87466558,0.757493398,0.886267276
11,27,33,0.758979592,0.766569388,0.823796449,0.830102052,0.874348057
11,27,34,0.758979592,0.819697959,0.868272653,0.897215075,0.844401733
11,27,35,0.407508503,0.399358333,0.383261747,0.412577909,0.396669857
11,27,36,0.407508503,0.419733758,0.409484919,0.395752698,0.383632771
11,27,37,0.00904932,0.008234881,0.008209996,0.008922969,0.009464721
11,27,38,0.00904932,0.009230306,0.0097796,0.010194852,0.009180979
11,27,39,0.0,0.0,0.0,0.0,0.0
11,27,40,0.0,0.0,0.0,0.0,0.0
11,27,41,0.0,0.0,0.0,0.0,0.0
11,27,42,0.0,0.0,0.0,0.0,0.0
11,27,43,0.0,0.0,0.0,0.0,0.0
11,27,44,0.0,0.0,0.0,0.0,0.0
11,27,45,0.0,0.0,0.0,0.0,0.0
11,27,46,0.0,0.0,0.0,0.0,0.0
11,27,47,0.0,0.0,0.0,0.0,0.0
11,27,48,0.0,0.0,0.0,0.0,0.0
11,28,1,0.0,0.0,0.0,0.0,0.0
11,28,2,0.0,0.0,0.0,0.0,0.0
11,28,3,0.0,0.0,0.0,0.0,0.0
11,28,4,0.0,0.0,0.0,0.0,0.0
11,28,5,0.0,0.0,0.0,0.0,0.0
11,28,6,0.0,0.0,0.0,0.0,0.0
11,28,7,0.0,0.0,0.0,0.0,0.0
11,28,8,0.0,0.0,0.0,0.0,0.0
11,28,9,0.0,0.0,0.0,0.0,0.0
11,28,10,0.0,0.0,0.0,0.0,0.0
11,28,11,0.043788265,0.046415561,0.049612104,0.045673204,0.047299729
11,28,12,0.043788265,0.039847321,0.039308725,0.040981437,0.03934218
11,28,13,0.524940476,0.530189881,0.480084312,0.547559899,0.468624278
11,28,14,0.524940476,0.493444047,0.463364958,0.518612319,0.485087737
11,28,15,0.769634354,0.715759949,0.787258981,0.749975584,0.785883506
11,28,16,0.769634354,0.785027041,0.722917549,0.80474456,0.724346023
11,28,17,0.84329932,0.809567347,0.768583,0.823292887,0.746290788
11,28,18,0.84329932,0.834866327,0.889427793,0.787395321,0.905846965
11,28,19,0.865144558,0.830538776,0.7630575,0.827776081,0.870926982
11,28,20,0.865144558,0.804584439,0.826515853,0.857044065,0.838322229
11,28,21,0.88207483,0.899716327,0.810714976,0.846885337,0.885643303
11,28,22,0.88207483,0.820329592,0.876738277,0.825325664,0.919206458
11,28,23,0.889141156,0.924706802,0.87971626,0.808069265,0.910424706
11,28,24,0.889141156,0.80022704,0.802449893,0.83060603,0.780769668
11,28,25,0.886241497,0.868516667,0.815962546,0.89118318,0.882785492
11,28,26,0.886241497,0.797617347,0.75773648,0.797587806,0.793599867
11,28,27,0.881215986,0.881215986,0.837155187,0.849198472,0.844952479
11,28,28,0.881215986,0.951713265,0.843147455,0.936626847,0.839953576
11,28,29,0.864081633,0.933208164,0.844726204,0.81902496,0.787386819
11,28,30,0.864081633,0.855440817,0.773785102,0.889279694,0.76108213
11,28,31,0.828256803,0.861387075,0.861718378,0.773913218,0.781439736
11,28,32,0.828256803,0.745431123,0.786843963,0.716028006,0.838362571
11,28,33,0.760926871,0.798973215,0.772150542,0.777350209,0.81621772
11,28,34,0.760926871,0.745708334,0.70058537,0.69159578,0.789927457
11,28,35,0.415688776,0.378276786,0.365224159,0.413444334,0.424611195
11,28,36,0.415688776,0.436473215,0.455906665,0.427302428,0.468550193
11,28,37,0.009693027,0.009014515,0.009914997,0.009731663,0.008629696
11,28,38,0.009693027,0.010177678,0.009835999,0.01010028,0.009056089
11,28,39,0.0,0.0,0.0,0.0,0.0
11,28,40,0.0,0.0,0.0,0.0,0.0
11,28,41,0.0,0.0,0.0,0.0,0.0
11,28,42,0.0,0.0,0.0,0.0,0.0
11,28,43,0.0,0.0,0.0,0.0,0.0
11,28,44,0.0,0.0,0.0,0.0,0.0
11,28,45,0.0,0.0,0.0,0.0,0.0
11,28,46,0.0,0.0,0.0,0.0,0.0
11,28,47,0.0,0.0,0.0,0.0,0.0
11,28,48,0.0,0.0,0.0,0.0,0.0
11,29,1,0.0,0.0,0.0,0.0,0.0
11,29,2,0.0,0.0,0.0,0.0,0.0
11,29,3,0.0,0.0,0.0,0.0,0.0
11,29,4,0.0,0.0,0.0,0.0,0.0
11,29,5,0.0,0.0,0.0,0.0,0.0
11,29,6,0.0,0.0,0.0,0.0,0.0
11,29,7,0.0,0.0,0.0,0.0,0.0
11,29,8,0.0,0.0,0.0,0.0,0.0
11,29,9,0.0,0.0,0.0,0.0,0.0
11,29,10,0.0,0.0,0.0,0.0,0.0
11,29,11,0.043501701,0.040021565,0.044267331,0.040041054,0.041957913
11,29,12,0.043501701,0.040021565,0.04552018,0.046025496,0.045080252
11,29,13,0.52332483,0.559957568,0.509142727,0.483035621,0.570751705
11,29,14,0.52332483,0.549491072,0.493495315,0.574314113,0.486992262
11,29,15,0.764855442,0.764855442,0.741909779,0.749634819,0.830845257
11,29,16,0.764855442,0.711315561,0.789751487,0.687329822,0.686631162
11,29,17,0.837346939,0.778732653,0.816120194,0.729659936,0.766750983
11,29,18,0.837346939,0.803853061,0.787776,0.77727232,0.761483976
11,29,19,0.854991497,0.812241922,0.891969879,0.793353023,0.863283253
11,29,20,0.854991497,0.778042262,0.734865192,0.868229615,0.873754713
11,29,21,0.871403061,0.888831122,0.941725288,0.981711941,1.013009638
11,29,22,0.871403061,0.827832908,0.892098884,0.88105385,0.833373289
11,29,23,0.881547619,0.85510119,0.903057381,0.844705981,0.783992739
11,29,24,0.881547619,0.846285714,0.881195,0.843585828,0.86315354
11,29,25,0.880765306,0.960034184,0.90199175,0.941691659,0.976387968
11,29,26,0.880765306,0.836727041,0.858746173,0.807221403,0.812030382
11,29,27,0.876241497,0.885003912,0.792560434,0.800192497,0.830114589
11,29,28,0.876241497,0.937578402,0.88877175,0.954915716,0.932664378
11,29,29,0.860408163,0.903428571,0.970110204,0.929541959,0.998300724
11,29,30,0.860408163,0.903428571,0.970110204,0.893089333,0.924894249
11,29,31,0.826079932,0.900427126,0.863253529,0.828723388,0.803343734
11,29,32,0.826079932,0.883905527,0.872092584,0.920941169,0.858239707
11,29,33,0.759710884,0.714128231,0.70007358,0.681159311,0.670941921
11,29,34,0.759710884,0.759710884,0.774905102,0.772423379,0.690018806
11,29,35,0.421318027,0.412891666,0.450473234,0.402533984,0.404932059
11,29,36,0.421318027,0.438170748,0.4211495,0.396997865,0.423603125
11,29,37,0.011451531,0.010420893,0.011701747,0.010519907,0.011574696
11,29,38,0.011451531,0.011451531,0.010420893,0.011330145,0.011386795
11,29,39,0.0,0.0,0.0,0.0,0.0
11,29,40,0.0,0.0,0.0,0.0,0.0
11,29,41,0.0,0.0,0.0,0.0,0.0
11,29,42,0.0,0.0,0.0,0.0,0.0
11,29,43,0.0,0.0,0.0,0.0,0.0
11,29,44,0.0,0.0,0.0,0.0,0.0
11,29,45,0.0,0.0,0.0,0.0,0.0
11,29,46,0.0,0.0,0.0,0.0,0.0
11,29,47,0.0,0.0,0.0,0.0,0.0
11,29,48,0.0,0.0,0.0,0.0,0.0
11,30,1,0.0,0.0,0.0,0.0,0.0
11,30,2,0.0,0.0,0.0,0.0,0.0
11,30,3,0.0,0.0,0.0,0.0,0.0
11,30,4,0.0,0.0,0.0,0.0,0.0
11,30,5,0.0,0.0,0.0,0.0,0.0
11,30,6,0.0,0.0,0.0,0.0,0.0
11,30,7,0.0,0.0,0.0,0.0,0.0
11,30,8,0.0,0.0,0.0,0.0,0.0
11,30,9,0.0,0.0,0.0,0.0,0.0
11,30,10,0.0,0.0,0.0,0.0,0.0
11,30,11,0.039747449,0.040144923,0.042742419,0.037608003,0.040861913
11,30,12,0.039747449,0.040542398,0.037334779,0.041168619,0.037316413
11,30,13,0.496947279,0.546642007,0.568756161,0.515950543,0.489508078
11,30,14,0.496947279,0.482038861,0.479703208,0.457055996,0.488515063
11,30,15,0.728758503,0.706895748,0.710648854,0.643890932,0.634769143
11,30,16,0.728758503,0.663170238,0.702924014,0.628455826,0.721676774
11,30,17,0.80912415,0.873854082,0.900393354,0.818067669,0.807841823
11,30,18,0.80912415,0.776759184,0.769153417,0.769312005,0.835763292
11,30,19,0.833137755,0.88312602,0.866713207,0.904041944,0.906624921
11,30,20,0.833137755,0.866463265,0.84980051,0.773318464,0.797452799
11,30,21,0.848613946,0.823155528,0.886037821,0.878180504,0.85899695
11,30,22,0.848613946,0.840127807,0.903476838,0.881354321,0.920496821
11,30,23,0.858579932,0.892923129,0.910781592,0.869679653,0.92714063
11,30,24,0.858579932,0.944437925,0.829388214,0.912567438,0.93941798
11,30,25,0.859158163,0.859158163,0.816200255,0.78570014,0.813453097
11,30,26,0.859158163,0.781833928,0.90254565,0.898716669,0.894986147
11,30,27,0.854362245,0.914167602,0.937320819,0.992145244,0.998458896
11,30,28,0.854362245,0.87144949,0.862905867,0.906051161,0.795059894
11,30,29,0.834404762,0.759308333,0.764982286,0.707608614,0.743578719
11,30,30,0.834404762,0.901157143,0.824391905,0.904517013,0.796828289
11,30,31,0.794727891,0.786780612,0.767031624,0.829817512,0.802535304
11,30,32,0.794727891,0.80267517,0.870584668,0.904928834,0.77577081
11,30,33,0.724880952,0.732129762,0.677509982,0.640356209,0.728405187
11,30,34,0.724880952,0.681388095,0.667977797,0.629188209,0.62854865
11,30,35,0.394498299,0.426058163,0.443100489,0.383309275,0.382919648
11,30,36,0.394498299,0.406333248,0.364378354,0.411707498,0.425767698
11,30,37,0.006389201,0.006197525,0.006796832,0.006719633,0.006721572
11,30,38,0.006389201,0.006133633,0.006198803,0.005803707,0.006253963
11,30,39,0.0,0.0,0.0,0.0,0.0
11,30,40,0.0,0.0,0.0,0.0,0.0
11,30,41,0.0,0.0,0.0,0.0,0.0
11,30,42,0.0,0.0,0.0,0.0,0.0
11,30,43,0.0,0.0,0.0,0.0,0.0
11,30,44,0.0,0.0,0.0,0.0,0.0
11,30,45,0.0,0.0,0.0,0.0,0.0
11,30,46,0.0,0.0,0.0,0.0,0.0
11,30,47,0.0,0.0,0.0,0.0,0.0
11,30,48,0.0,0.0,0.0,0.0,0.0
12,1,1,0.0,0.0,0.0,0.0,0.0
12,1,2,0.0,0.0,0.0,0.0,0.0
12,1,3,0.0,0.0,0.0,0.0,0.0
12,1,4,0.0,0.0,0.0,0.0,0.0
12,1,5,0.0,0.0,0.0,0.0,0.0
12,1,6,0.0,0.0,0.0,0.0,0.0
12,1,7,0.0,0.0,0.0,0.0,0.0
12,1,8,0.0,0.0,0.0,0.0,0.0
12,1,9,0.0,0.0,0.0,0.0,0.0
12,1,10,0.0,0.0,0.0,0.0,0.0
12,1,11,0.033409864,0.03675085,0.034027946,0.037507918,0.038966559
12,1,12,0.033409864,0.03675085,0.035781964,0.034254799,0.034698876
12,1,13,0.450153061,0.459156122,0.441014954,0.436604804,0.442264913
12,1,14,0.450153061,0.459156122,0.450108046,0.444076295,0.491451985
12,1,15,0.699056122,0.727018367,0.648863892,0.712395511,0.710770143
12,1,16,0.699056122,0.671093877,0.62341825,0.618006157,0.594133177
12,1,17,0.797772109,0.765861225,0.781816667,0.711453167,0.726014502
12,1,18,0.797772109,0.80574983,0.825813799,0.793583008,0.846016171
12,1,19,0.818197279,0.810015306,0.781542041,0.835381604,0.85184826
12,1,20,0.818197279,0.793651361,0.733391131,0.703571931,0.731714808
12,1,21,0.838027211,0.770985034,0.836686367,0.741861912,0.772983427
12,1,22,0.838027211,0.863168027,0.791055786,0.913825376,0.93667101
12,1,23,0.84960034,0.90057636,0.918842768,0.934156814,0.972857596
12,1,24,0.84960034,0.841104337,0.836898815,0.850959842,0.878426467
12,1,25,0.849795918,0.866791836,0.849710938,0.778443937,0.802738231
12,1,26,0.849795918,0.866791836,0.841128,0.818469041,0.793403427
12,1,27,0.842585034,0.758326531,0.73641932,0.810274707,0.708211258
12,1,28,0.842585034,0.792029932,0.849999782,0.753666474,0.833857415
12,1,29,0.80380102,0.852029081,0.81135675,0.748380011,0.771736047
12,1,30,0.80380102,0.731458928,0.759953674,0.757420495,0.7784217
12,1,31,0.779821429,0.811014286,0.7795095,0.76641162,0.784189209
12,1,32,0.779821429,0.834408929,0.815186331,0.858393897,0.756196435
12,1,33,0.627772109,0.621494388,0.643372246,0.580409214,0.630627229
12,1,34,0.627772109,0.677993878,0.646354163,0.670227918,0.590028315
12,1,35,0.365935374,0.387891496,0.354298629,0.365681415,0.335291073
12,1,36,0.365935374,0.33300119,0.338984234,0.370191751,0.376670107
12,1,37,0.010093537,0.009790731,0.010439241,0.009097053,0.010052243
12,1,38,0.010093537,0.011001955,0.010231314,0.011382073,0.010783992
12,1,39,0.0,0.0,0.0,0.0,0.0
12,1,40,0.0,0.0,0.0,0.0,0.0
12,1,41,0.0,0.0,0.0,0.0,0.0
12,1,42,0.0,0.0,0.0,0.0,0.0
12,1,43,0.0,0.0,0.0,0.0,0.0
12,1,44,0.0,0.0,0.0,0.0,0.0
12,1,45,0.0,0.0,0.0,0.0,0.0
12,1,46,0.0,0.0,0.0,0.0,0.0
12,1,47,0.0,0.0,0.0,0.0,0.0
12,1,48,0.0,0.0,0.0,0.0,0.0
12,2,1,0.0,0.0,0.0,0.0,0.0
12,2,2,0.0,0.0,0.0,0.0,0.0
12,2,3,0.0,0.0,0.0,0.0,0.0
12,2,4,0.0,0.0,0.0,0.0,0.0
12,2,5,0.0,0.0,0.0,0.0,0.0
12,2,6,0.0,0.0,0.0,0.0,0.0
12,2,7,0.0,0.0,0.0,0.0,0.0
12,2,8,0.0,0.0,0.0,0.0,0.0
12,2,9,0.0,0.0,0.0,0.0,0.0
12,2,10,0.0,0.0,0.0,0.0,0.0
12,2,11,0.016252551,0.017715281,0.015285524,0.017402852,0.014997647
12,2,12,0.016252551,0.016740128,0.015341596,0.014822511,0.014368169
12,2,13,0.214098639,0.194829761,0.198330274,0.188250189,0.194899672
12,2,14,0.214098639,0.199111734,0.22106755,0.215654494,0.195484456
12,2,15,0.214957483,0.193461735,0.214420089,0.193080185,0.22437786
12,2,16,0.214957483,0.236453231,0.214420089,0.204188113,0.221854824
12,2,17,0.427653061,0.384887755,0.422521224,0.432271714,0.412665104
12,2,18,0.427653061,0.397717347,0.408558352,0.382517915,0.424317252
12,2,19,0.534209184,0.582288011,0.547083625,0.587798556,0.61350088
12,2,20,0.534209184,0.507498725,0.546896652,0.481876717,0.4865631
12,2,21,0.620144558,0.570532993,0.541758286,0.583253399,0.538397747
12,2,22,0.620144558,0.657353231,0.651523873,0.662297437,0.680221264
12,2,23,0.362721088,0.340957823,0.330729088,0.3620428,0.328165938
12,2,24,0.362721088,0.380857142,0.375507006,0.410331253,0.37470704
12,2,25,0.372823129,0.335540816,0.361265612,0.320888867,0.312866645
12,2,26,0.372823129,0.361638435,0.374575398,0.347498248,0.33136176
12,2,27,0.473715986,0.497401785,0.475847708,0.501614699,0.521245198
12,2,28,0.473715986,0.450030187,0.434160701,0.430003843,0.46038701
12,2,29,0.459566327,0.454970664,0.48013192,0.483485222,0.511797001
12,2,30,0.459566327,0.496331633,0.511405409,0.498883145,0.486631162
12,2,31,0.151411565,0.13929864,0.139540898,0.133377842,0.147952598
12,2,32,0.151411565,0.146869218,0.14466618,0.156507927,0.136375987
12,2,33,0.076910714,0.076141607,0.07652616,0.080352468,0.072833773
12,2,34,0.076910714,0.084601785,0.082371375,0.080481678,0.082713216
12,2,35,0.065784014,0.070388895,0.066724725,0.074395799,0.066550424
12,2,36,0.065784014,0.062494813,0.066063596,0.068667656,0.066410045
12,2,37,0.0,0.0,0.0,0.0,0.0
12,2,38,0.0,0.0,0.0,0.0,0.0
12,2,39,0.0,0.0,0.0,0.0,0.0
12,2,40,0.0,0.0,0.0,0.0,0.0
12,2,41,0.0,0.0,0.0,0.0,0.0
12,2,42,0.0,0.0,0.0,0.0,0.0
12,2,43,0.0,0.0,0.0,0.0,0.0
12,2,44,0.0,0.0,0.0,0.0,0.0
12,2,45,0.0,0.0,0.0,0.0,0.0
12,2,46,0.0,0.0,0.0,0.0,0.0
12,2,47,0.0,0.0,0.0,0.0,0.0
12,2,48,0.0,0.0,0.0,0.0,0.0
12,3,1,0.0,0.0,0.0,0.0,0.0
12,3,2,0.0,0.0,0.0,0.0,0.0
12,3,3,0.0,0.0,0.0,0.0,0.0
12,3,4,0.0,0.0,0.0,0.0,0.0
12,3,5,0.0,0.0,0.0,0.0,0.0
12,3,6,0.0,0.0,0.0,0.0,0.0
12,3,7,0.0,0.0,0.0,0.0,0.0
12,3,8,0.0,0.0,0.0,0.0,0.0
12,3,9,0.0,0.0,0.0,0.0,0.0
12,3,10,0.0,0.0,0.0,0.0,0.0
12,3,11,0.013137755,0.013137755,0.013794643,0.014291688,0.013046842
12,3,12,0.013137755,0.013006377,0.01385639,0.014400188,0.014824194
12,3,13,0.363452381,0.367086905,0.332395375,0.325966629,0.329864056
12,3,14,0.363452381,0.392528571,0.412009619,0.369863681,0.357551114
12,3,15,0.350280612,0.36078903,0.355534821,0.373311562,0.392377117
12,3,16,0.350280612,0.343275,0.364116696,0.363134159,0.351649601
12,3,17,0.169532313,0.178008929,0.175508327,0.162145366,0.166159772
12,3,18,0.169532313,0.164446344,0.153630182,0.160910917,0.165372538
12,3,19,0.213647959,0.226466837,0.217856824,0.210550918,0.22581586
12,3,20,0.213647959,0.222193877,0.228816964,0.237061639,0.220921508
12,3,21,0.661794218,0.595614796,0.691574958,0.66265455,0.620264149
12,3,22,0.661794218,0.615468623,0.613086164,0.680525642,0.674854595
12,3,23,0.59164966,0.59164966,0.650814626,0.660281021,0.611126767
12,3,24,0.59164966,0.62714864,0.578929192,0.563287947,0.596156398
12,3,25,0.382568027,0.344311224,0.356170833,0.339355693,0.366269488
12,3,26,0.382568027,0.42082483,0.389645535,0.397679464,0.417563437
12,3,27,0.26877551,0.241897959,0.273210306,0.24300397,0.254154717
12,3,28,0.26877551,0.284902041,0.260228449,0.29029314,0.265007793
12,3,29,0.120731293,0.132804422,0.119161786,0.136655751,0.12224478
12,3,30,0.120731293,0.109865477,0.112992417,0.108803242,0.115360069
12,3,31,0.273316327,0.248717858,0.279288289,0.285805015,0.25547496
12,3,32,0.273316327,0.265116837,0.250371421,0.244529422,0.235083487
12,3,33,0.376139456,0.379900851,0.366679549,0.336815957,0.379479311
12,3,34,0.376139456,0.368616667,0.338864036,0.357594652,0.392731036
12,3,35,0.046670068,0.048536871,0.045223296,0.050086784,0.042866329
12,3,36,0.046670068,0.043869864,0.049796963,0.043504437,0.047339143
12,3,37,0.0,0.0,0.0,0.0,0.0
12,3,38,0.0,0.0,0.0,0.0,0.0
12,3,39,0.0,0.0,0.0,0.0,0.0
12,3,40,0.0,0.0,0.0,0.0,0.0
12,3,41,0.0,0.0,0.0,0.0,0.0
12,3,42,0.0,0.0,0.0,0.0,0.0
12,3,43,0.0,0.0,0.0,0.0,0.0
12,3,44,0.0,0.0,0.0,0.0,0.0
12,3,45,0.0,0.0,0.0,0.0,0.0
12,3,46,0.0,0.0,0.0,0.0,0.0
12,3,47,0.0,0.0,0.0,0.0,0.0
12,3,48,0.0,0.0,0.0,0.0,0.0
12,4,1,0.0,0.0,0.0,0.0,0.0
12,4,2,0.0,0.0,0.0,0.0,0.0
12,4,3,0.0,0.0,0.0,0.0,0.0
12,4,4,0.0,0.0,0.0,0.0,0.0
12,4,5,0.0,0.0,0.0,0.0,0.0
12,4,6,0.0,0.0,0.0,0.0,0.0
12,4,7,0.0,0.0,0.0,0.0,0.0
12,4,8,0.0,0.0,0.0,0.0,0.0
12,4,9,0.0,0.0,0.0,0.0,0.0
12,4,10,0.0,0.0,0.0,0.0,0.0
12,4,11,0.014385204,0.01481676,0.015039012,0.014304582,0.015514573
12,4,12,0.014385204,0.013809796,0.01381555,0.014843728,0.014497841
12,4,13,0.214302721,0.227160884,0.222939121,0.203750169,0.234401282
12,4,14,0.214302721,0.214302721,0.218588775,0.20710215,0.211438351
12,4,15,0.223333333,0.201,0.210045,0.224147011,0.208192396
12,4,16,0.223333333,0.243433333,0.242718666,0.25541472,0.243637263
12,4,17,0.664804422,0.638212245,0.677568667,0.65359316,0.632202839
12,4,18,0.664804422,0.704692687,0.718985982,0.730969082,0.775349348
12,4,19,0.831113946,0.831113946,0.789558249,0.890815631,0.894145974
12,4,20,0.831113946,0.822802807,0.793880041,0.873047523,0.83851319
12,4,21,0.772321429,0.834107143,0.755021429,0.7950215,0.781226697
12,4,22,0.772321429,0.756875,0.841058036,0.805886518,0.770214189
12,4,23,0.807253401,0.734600595,0.740089918,0.699796134,0.805069813
12,4,24,0.807253401,0.831471003,0.876717556,0.771402201,0.80527682
12,4,25,0.847568027,0.762811224,0.885708588,0.848669865,0.836189426
12,4,26,0.847568027,0.889946428,0.781881505,0.781012748,0.767345025
12,4,27,0.830841837,0.747757653,0.844550727,0.831948241,0.821912361
12,4,28,0.830841837,0.847458674,0.797192743,0.783906197,0.757810372
12,4,29,0.727610544,0.778543282,0.753076913,0.78319999,0.684546914
12,4,30,0.727610544,0.742162755,0.764282115,0.685110327,0.795472665
12,4,31,0.384404762,0.353652381,0.376409143,0.341769661,0.327653088
12,4,32,0.384404762,0.357496429,0.341274548,0.371890337,0.371041849
12,4,33,0.198852041,0.198852041,0.214760204,0.189863929,0.206599515
12,4,34,0.198852041,0.204817602,0.215963259,0.206544301,0.225133288
12,4,35,0.082508503,0.074257653,0.075247755,0.069604173,0.070126204
12,4,36,0.082508503,0.081683418,0.087842678,0.087371994,0.082306099
12,4,37,0.002648469,0.0025955,0.002700644,0.002674686,0.002893759
12,4,38,0.002648469,0.00254253,0.00275123,0.002912151,0.002795003
12,4,39,0.0,0.0,0.0,0.0,0.0
12,4,40,0.0,0.0,0.0,0.0,0.0
12,4,41,0.0,0.0,0.0,0.0,0.0
12,4,42,0.0,0.0,0.0,0.0,0.0
12,4,43,0.0,0.0,0.0,0.0,0.0
12,4,44,0.0,0.0,0.0,0.0,0.0
12,4,45,0.0,0.0,0.0,0.0,0.0
12,4,46,0.0,0.0,0.0,0.0,0.0
12,4,47,0.0,0.0,0.0,0.0,0.0
12,4,48,0.0,0.0,0.0,0.0,0.0
12,5,1,0.0,0.0,0.0,0.0,0.0
12,5,2,0.0,0.0,0.0,0.0,0.0
12,5,3,0.0,0.0,0.0,0.0,0.0
12,5,4,0.0,0.0,0.0,0.0,0.0
12,5,5,0.0,0.0,0.0,0.0,0.0
12,5,6,0.0,0.0,0.0,0.0,0.0
12,5,7,0.0,0.0,0.0,0.0,0.0
12,5,8,0.0,0.0,0.0,0.0,0.0
12,5,9,0.0,0.0,0.0,0.0,0.0
12,5,10,0.0,0.0,0.0,0.0,0.0
12,5,11,0.03202466,0.030423427,0.02872612,0.032214886,0.030847273
12,5,12,0.03202466,0.035227126,0.033289634,0.036865187,0.034008135
12,5,13,0.449030612,0.431069388,0.4796545,0.41699138,0.448628334
12,5,14,0.449030612,0.422088775,0.457337678,0.40296531,0.467484041
12,5,15,0.62380102,0.679943112,0.651872066,0.651872066,0.684465669
12,5,16,0.62380102,0.62380102,0.611325,0.64442804,0.619580382
12,5,17,0.415204082,0.386139796,0.404678659,0.406027587,0.411072782
12,5,18,0.415204082,0.415204082,0.435964286,0.455894082,0.456400631
12,5,19,0.335255102,0.32855,0.341859628,0.368743734,0.329858031
12,5,20,0.335255102,0.345312755,0.367506643,0.324903095,0.315784847
12,5,21,0.552780612,0.547252806,0.577517544,0.531224471,0.519062227
12,5,22,0.552780612,0.525141581,0.528181875,0.551429063,0.49623262
12,5,23,0.77462585,0.82884966,0.825789887,0.809755132,0.777364927
12,5,24,0.77462585,0.697163265,0.728535612,0.733441576,0.770113654
12,5,25,0.841530612,0.807869388,0.857688,0.84405296,0.888052354
12,5,26,0.841530612,0.917268367,0.800253535,0.870077855,0.848709766
12,5,27,0.841309524,0.849722619,0.870881554,0.862510945,0.85610616
12,5,28,0.841309524,0.925440476,0.8303725,0.805107975,0.808029738
12,5,29,0.715102041,0.715102041,0.779461225,0.802845061,0.745596316
12,5,30,0.715102041,0.69364898,0.67620049,0.653284807,0.643485535
12,5,31,0.70829932,0.672884354,0.628438572,0.622982896,0.671314311
12,5,32,0.70829932,0.701216327,0.641329619,0.669942787,0.632583222
12,5,33,0.350161565,0.325650255,0.317631556,0.347705182,0.331934268
12,5,34,0.350161565,0.371171259,0.382306397,0.404667714,0.377076734
12,5,35,0.119328231,0.110975255,0.122060847,0.12685116,0.107823486
12,5,36,0.119328231,0.10858869,0.113958461,0.103702199,0.109166507
12,5,37,0.008712585,0.008276956,0.007730241,0.008075129,0.008608664
12,5,38,0.008712585,0.008886837,0.009151699,0.009095381,0.008155079
12,5,39,0.0,0.0,0.0,0.0,0.0
12,5,40,0.0,0.0,0.0,0.0,0.0
12,5,41,0.0,0.0,0.0,0.0,0.0
12,5,42,0.0,0.0,0.0,0.0,0.0
12,5,43,0.0,0.0,0.0,0.0,0.0
12,5,44,0.0,0.0,0.0,0.0,0.0
12,5,45,0.0,0.0,0.0,0.0,0.0
12,5,46,0.0,0.0,0.0,0.0,0.0
12,5,47,0.0,0.0,0.0,0.0,0.0
12,5,48,0.0,0.0,0.0,0.0,0.0
12,6,1,0.0,0.0,0.0,0.0,0.0
12,6,2,0.0,0.0,0.0,0.0,0.0
12,6,3,0.0,0.0,0.0,0.0,0.0
12,6,4,0.0,0.0,0.0,0.0,0.0
12,6,5,0.0,0.0,0.0,0.0,0.0
12,6,6,0.0,0.0,0.0,0.0,0.0
12,6,7,0.0,0.0,0.0,0.0,0.0
12,6,8,0.0,0.0,0.0,0.0,0.0
12,6,9,0.0,0.0,0.0,0.0,0.0
12,6,10,0.0,0.0,0.0,0.0,0.0
12,6,11,0.032789966,0.032134167,0.030514342,0.034994108,0.030977738
12,6,12,0.032789966,0.033773665,0.034945906,0.034174878,0.033921104
12,6,13,0.424736395,0.462962671,0.40834157,0.406092733,0.446810009
12,6,14,0.424736395,0.437478487,0.409552069,0.453596879,0.452908005
12,6,15,0.695833333,0.695833333,0.674958333,0.6750975,0.692284931
12,6,16,0.695833333,0.661041666,0.658084375,0.631353937,0.602036278
12,6,17,0.811462585,0.835806463,0.848343559,0.915057956,0.886774346
12,6,18,0.811462585,0.754660204,0.85353692,0.790422172,0.730293628
12,6,19,0.843920068,0.877676871,0.800542577,0.78186325,0.792960664
12,6,20,0.843920068,0.860798469,0.937595196,0.819117257,0.899972057
12,6,21,0.85872449,0.918835204,0.844340855,0.830268507,0.940716068
12,6,22,0.85872449,0.867311735,0.871648294,0.848576943,0.870181019
12,6,23,0.863316327,0.906482143,0.946842182,0.896491415,0.858118866
12,6,24,0.863316327,0.863316327,0.802884184,0.826308834,0.92285206
12,6,25,0.830416667,0.913458334,0.78474375,0.901874021,0.917656817
12,6,26,0.830416667,0.89685,0.880906,0.86069698,0.815184367
12,6,27,0.857772109,0.806305782,0.77379622,0.893887174,0.882916741
12,6,28,0.857772109,0.814883504,0.878144197,0.926790597,0.843315674
12,6,29,0.834107143,0.892494643,0.846034875,0.823243732,0.899908304
12,6,30,0.834107143,0.909176786,0.871641964,0.784477768,0.90084197
12,6,31,0.805144558,0.885659014,0.879217857,0.788139905,0.797563317
12,6,32,0.805144558,0.789041667,0.789122181,0.794436135,0.857991026
12,6,33,0.722032313,0.671490051,0.724631629,0.720172358,0.716677404
12,6,34,0.722032313,0.700371344,0.70408981,0.694654532,0.64886404
12,6,35,0.426284014,0.387918453,0.398959209,0.428650459,0.406348503
12,6,36,0.426284014,0.400706973,0.372145944,0.395715187,0.434597202
12,6,37,0.018992347,0.018802424,0.018519438,0.018771403,0.019897687
12,6,38,0.018992347,0.019562117,0.021204955,0.018326222,0.017959698
12,6,39,0.0,0.0,0.0,0.0,0.0
12,6,40,0.0,0.0,0.0,0.0,0.0
12,6,41,0.0,0.0,0.0,0.0,0.0
12,6,42,0.0,0.0,0.0,0.0,0.0
12,6,43,0.0,0.0,0.0,0.0,0.0
12,6,44,0.0,0.0,0.0,0.0,0.0
12,6,45,0.0,0.0,0.0,0.0,0.0
12,6,46,0.0,0.0,0.0,0.0,0.0
12,6,47,0.0,0.0,0.0,0.0,0.0
12,6,48,0.0,0.0,0.0,0.0,0.0
12,7,1,0.0,0.0,0.0,0.0,0.0
12,7,2,0.0,0.0,0.0,0.0,0.0
12,7,3,0.0,0.0,0.0,0.0,0.0
12,7,4,0.0,0.0,0.0,0.0,0.0
12,7,5,0.0,0.0,0.0,0.0,0.0
12,7,6,0.0,0.0,0.0,0.0,0.0
12,7,7,0.0,0.0,0.0,0.0,0.0
12,7,8,0.0,0.0,0.0,0.0,0.0
12,7,9,0.0,0.0,0.0,0.0,0.0
12,7,10,0.0,0.0,0.0,0.0,0.0
12,7,11,0.035202381,0.032034167,0.035971553,0.035090754,0.034228967
12,7,12,0.035202381,0.032034167,0.033282091,0.031830902,0.030771268
12,7,13,0.479744898,0.47015,0.503444296,0.52320211,0.508959386
12,7,14,0.479744898,0.431770408,0.501333418,0.452111592,0.438265674
12,7,15,0.729583333,0.693104166,0.7397975,0.67037035,0.729460252
12,7,16,0.729583333,0.758766666,0.7888255,0.80460201,0.785853265
12,7,17,0.811989796,0.803869898,0.872564235,0.854358882,0.919265273
12,7,18,0.811989796,0.79575,0.763676403,0.798376787,0.713203422
12,7,19,0.838282313,0.913727721,0.823444716,0.935748559,0.842688794
12,7,20,0.838282313,0.796368197,0.80097875,0.795638892,0.775504357
12,7,21,0.853664966,0.870738265,0.89668968,0.908645543,0.811839844
12,7,22,0.853664966,0.793908418,0.774359491,0.831530287,0.805232133
12,7,23,0.85920068,0.807648639,0.866761646,0.785419399,0.862947895
12,7,24,0.85920068,0.799056632,0.862293802,0.806576357,0.906642236
12,7,25,0.800161565,0.744150255,0.841649942,0.731694941,0.849561452
12,7,26,0.800161565,0.800161565,0.816164796,0.829660855,0.730383476
12,7,27,0.803052721,0.722747449,0.778158087,0.791025668,0.704108843
12,7,28,0.803052721,0.843205357,0.872516781,0.915154866,0.798388661
12,7,29,0.64747449,0.705747194,0.68337695,0.638134239,0.648622722
12,7,30,0.64747449,0.589201786,0.568871087,0.662034033,0.561374768
12,7,31,0.73662415,0.802920324,0.831354016,0.814008481,0.756415405
12,7,32,0.73662415,0.662961735,0.755776378,0.754376792,0.792903892
12,7,33,0.729302721,0.700130612,0.779041167,0.736158167,0.75088133
12,7,34,0.729302721,0.663665476,0.640765371,0.725364973,0.751854352
12,7,35,0.313818027,0.282436224,0.321977296,0.293834095,0.290895754
12,7,36,0.313818027,0.323232568,0.337636815,0.334642677,0.29459927
12,7,37,0.014665816,0.015692423,0.01517912,0.013661208,0.013911663
12,7,38,0.014665816,0.015692423,0.014268372,0.015173048,0.015996409
12,7,39,0.0,0.0,0.0,0.0,0.0
12,7,40,0.0,0.0,0.0,0.0,0.0
12,7,41,0.0,0.0,0.0,0.0,0.0
12,7,42,0.0,0.0,0.0,0.0,0.0
12,7,43,0.0,0.0,0.0,0.0,0.0
12,7,44,0.0,0.0,0.0,0.0,0.0
12,7,45,0.0,0.0,0.0,0.0,0.0
12,7,46,0.0,0.0,0.0,0.0,0.0
12,7,47,0.0,0.0,0.0,0.0,0.0
12,7,48,0.0,0.0,0.0,0.0,0.0
12,8,1,0.0,0.0,0.0,0.0,0.0
12,8,2,0.0,0.0,0.0,0.0,0.0
12,8,3,0.0,0.0,0.0,0.0,0.0
12,8,4,0.0,0.0,0.0,0.0,0.0
12,8,5,0.0,0.0,0.0,0.0,0.0
12,8,6,0.0,0.0,0.0,0.0,0.0
12,8,7,0.0,0.0,0.0,0.0,0.0
12,8,8,0.0,0.0,0.0,0.0,0.0
12,8,9,0.0,0.0,0.0,0.0,0.0
12,8,10,0.0,0.0,0.0,0.0,0.0
12,8,11,0.004607313,0.004837679,0.004864171,0.004769721,0.00496051
12,8,12,0.004607313,0.004469094,0.004583585,0.004598864,0.00479295
12,8,13,0.170790816,0.155419643,0.154949968,0.173217753,0.166866436
12,8,14,0.170790816,0.184454081,0.19005602,0.165407945,0.159909494
12,8,15,0.15789966,0.15789966,0.16737364,0.146562464,0.166879887
12,8,16,0.15789966,0.173689626,0.177400268,0.162876657,0.15788856
12,8,17,0.455161565,0.427851871,0.463582054,0.471308422,0.427207419
12,8,18,0.455161565,0.464264796,0.501087367,0.497179805,0.460246448
12,8,19,0.52287415,0.564704082,0.522037551,0.547269366,0.533829075
12,8,20,0.52287415,0.517645409,0.483841595,0.518282792,0.474914717
12,8,21,0.801113946,0.809125085,0.789017125,0.719776847,0.787555833
12,8,22,0.801113946,0.801113946,0.809125085,0.819860012,0.791647183
12,8,23,0.850365646,0.807847364,0.90372609,0.922298076,0.827506329
12,8,24,0.850365646,0.824854677,0.887866771,0.794556999,0.831016913
12,8,25,0.813214286,0.756289286,0.706276607,0.690319988,0.756355543
12,8,26,0.813214286,0.829478572,0.780279107,0.767274456,0.877317766
12,8,27,0.802908163,0.746704592,0.705073803,0.676405967,0.747428594
12,8,28,0.802908163,0.851082653,0.744295867,0.743468872,0.722603778
12,8,29,0.747066327,0.791890307,0.692530485,0.684322716,0.801847705
12,8,30,0.747066327,0.82177296,0.800108036,0.837028054,0.753404214
12,8,31,0.435357143,0.452771429,0.479589429,0.46502412,0.45818553
12,8,32,0.435357143,0.478892857,0.493695,0.4317698,0.450730126
12,8,33,0.088528912,0.092070068,0.096620455,0.08501396,0.086030431
12,8,34,0.088528912,0.086758334,0.079755697,0.0867146,0.083730598
12,8,35,0.291215986,0.314513265,0.278635455,0.297736118,0.268927937
12,8,36,0.291215986,0.308688945,0.284954842,0.303801856,0.300137061
12,8,37,0.010693878,0.01048,0.011010417,0.00976257,0.011430521
12,8,38,0.010693878,0.010586939,0.009682772,0.010114772,0.011091158
12,8,39,0.0,0.0,0.0,0.0,0.0
12,8,40,0.0,0.0,0.0,0.0,0.0
12,8,41,0.0,0.0,0.0,0.0,0.0
12,8,42,0.0,0.0,0.0,0.0,0.0
12,8,43,0.0,0.0,0.0,0.0,0.0
12,8,44,0.0,0.0,0.0,0.0,0.0
12,8,45,0.0,0.0,0.0,0.0,0.0
12,8,46,0.0,0.0,0.0,0.0,0.0
12,8,47,0.0,0.0,0.0,0.0,0.0
12,8,48,0.0,0.0,0.0,0.0,0.0
12,9,1,0.0,0.0,0.0,0.0,0.0
12,9,2,0.0,0.0,0.0,0.0,0.0
12,9,3,0.0,0.0,0.0,0.0,0.0
12,9,4,0.0,0.0,0.0,0.0,0.0
12,9,5,0.0,0.0,0.0,0.0,0.0
12,9,6,0.0,0.0,0.0,0.0,0.0
12,9,7,0.0,0.0,0.0,0.0,0.0
12,9,8,0.0,0.0,0.0,0.0,0.0
12,9,9,0.0,0.0,0.0,0.0,0.0
12,9,10,0.0,0.0,0.0,0.0,0.0
12,9,11,0.032111395,0.032753623,0.032756834,0.032215211,0.033757636
12,9,12,0.032111395,0.029221369,0.030973046,0.033537778,0.031146288
12,9,13,0.474778912,0.451039966,0.45365125,0.450626909,0.411771833
12,9,14,0.474778912,0.455787756,0.474589,0.430914405,0.417705942
12,9,15,0.722363946,0.657351191,0.696756144,0.74060809,0.690184446
12,9,16,0.722363946,0.787376701,0.739772917,0.757336233,0.804332321
12,9,17,0.815,0.82315,0.7699305,0.778612695,0.876340629
12,9,18,0.815,0.74165,0.778325,0.72384225,0.718822054
12,9,19,0.83297619,0.816316666,0.75042825,0.775909824,0.730395114
12,9,20,0.83297619,0.774667857,0.827936684,0.779385834,0.803741641
12,9,21,0.84755102,0.813648979,0.797376,0.852306346,0.835997792
12,9,22,0.84755102,0.8306,0.847466265,0.76610391,0.864076813
12,9,23,0.861258503,0.904321428,0.953413163,0.833824549,0.808266014
12,9,24,0.861258503,0.792357823,0.810272,0.895212758,0.856570776
12,9,25,0.865034014,0.847733334,0.899202858,0.88806987,0.901260319
12,9,26,0.865034014,0.830432653,0.830778667,0.892606685,0.777788834
12,9,27,0.858503401,0.858503401,0.815578231,0.852636961,0.888620773
12,9,28,0.858503401,0.892843537,0.910700408,0.949463553,0.993165497
12,9,29,0.821632653,0.796983673,0.793122,0.819991031,0.727139105
12,9,30,0.821632653,0.78055102,0.793080918,0.822374176,0.828541983
12,9,31,0.79707483,0.876782313,0.920621429,0.942660548,0.955027562
12,9,32,0.79707483,0.813016327,0.756742844,0.749497433,0.810246173
12,9,33,0.713758503,0.756584013,0.720467833,0.759480921,0.76707573
12,9,34,0.713758503,0.649520238,0.613475433,0.718220683,0.700693463
12,9,35,0.442219388,0.424530612,0.433375,0.4593775,0.448673138
12,9,36,0.442219388,0.420108419,0.44409882,0.435475542,0.404992254
12,9,37,0.022415816,0.022415816,0.024433239,0.022395642,0.020623615
12,9,38,0.022415816,0.023536607,0.022516687,0.02510534,0.023393613
12,9,39,0.0,0.0,0.0,0.0,0.0
12,9,40,0.0,0.0,0.0,0.0,0.0
12,9,41,0.0,0.0,0.0,0.0,0.0
12,9,42,0.0,0.0,0.0,0.0,0.0
12,9,43,0.0,0.0,0.0,0.0,0.0
12,9,44,0.0,0.0,0.0,0.0,0.0
12,9,45,0.0,0.0,0.0,0.0,0.0
12,9,46,0.0,0.0,0.0,0.0,0.0
12,9,47,0.0,0.0,0.0,0.0,0.0
12,9,48,0.0,0.0,0.0,0.0,0.0
12,10,1,0.0,0.0,0.0,0.0,0.0
12,10,2,0.0,0.0,0.0,0.0,0.0
12,10,3,0.0,0.0,0.0,0.0,0.0
12,10,4,0.0,0.0,0.0,0.0,0.0
12,10,5,0.0,0.0,0.0,0.0,0.0
12,10,6,0.0,0.0,0.0,0.0,0.0
12,10,7,0.0,0.0,0.0,0.0,0.0
12,10,8,0.0,0.0,0.0,0.0,0.0
12,10,9,0.0,0.0,0.0,0.0,0.0
12,10,10,0.0,0.0,0.0,0.0,0.0
12,10,11,0.031176871,0.02899449,0.033094249,0.030777651,0.02852995
12,10,12,0.031176871,0.033671021,0.033072425,0.03394571,0.034285167
12,10,13,0.453452381,0.435314286,0.484377833,0.434829092,0.4655532
12,10,14,0.453452381,0.430779762,0.428852589,0.468333555,0.4676223
12,10,15,0.717891156,0.703533333,0.753354979,0.739425019,0.750407655
12,10,16,0.717891156,0.653280952,0.63759503,0.682980827,0.672936991
12,10,17,0.816420068,0.783763265,0.800091667,0.776088917,0.841736438
12,10,18,0.816420068,0.898062075,0.805806607,0.915704912,0.798868527
12,10,19,0.843163265,0.902184694,0.925034418,0.836719811,0.850472281
12,10,20,0.843163265,0.809436734,0.818037,0.81531021,0.813271934
12,10,21,0.864447279,0.907669643,0.832894953,0.807553681,0.9213927
12,10,22,0.864447279,0.829869388,0.78785725,0.885308697,0.808195827
12,10,23,0.873622449,0.794996429,0.834309439,0.784250872,0.805358901
12,10,24,0.873622449,0.829941327,0.919924439,0.787046464,0.869686343
12,10,25,0.874047619,0.909009524,0.918274429,0.972479366,0.955190844
12,10,26,0.874047619,0.935230952,0.913685679,0.998420225,0.911739196
12,10,27,0.867406463,0.789339881,0.795238245,0.768288505,0.732612129
12,10,28,0.867406463,0.954147109,0.847022411,0.934001594,0.909650838
12,10,29,0.845297619,0.896015476,0.818417155,0.844710982,0.765999277
12,10,30,0.845297619,0.862203571,0.793988054,0.792138261,0.79870467
12,10,31,0.812457483,0.763710034,0.843249622,0.741954589,0.782439503
12,10,32,0.812457483,0.771834609,0.752538744,0.739996431,0.83843543
12,10,33,0.729651361,0.802616497,0.804440626,0.825636998,0.814303961
12,10,34,0.729651361,0.795319983,0.762485672,0.747235959,0.834540568
12,10,35,0.441028912,0.418977466,0.447203317,0.40087764,0.418481397
12,10,36,0.441028912,0.427798045,0.395316265,0.429808695,0.431957739
12,10,37,0.024512755,0.0240225,0.024267627,0.026209038,0.025495569
12,10,38,0.024512755,0.023287117,0.023421937,0.022553573,0.0243816
12,10,39,0.0,0.0,0.0,0.0,0.0
12,10,40,0.0,0.0,0.0,0.0,0.0
12,10,41,0.0,0.0,0.0,0.0,0.0
12,10,42,0.0,0.0,0.0,0.0,0.0
12,10,43,0.0,0.0,0.0,0.0,0.0
12,10,44,0.0,0.0,0.0,0.0,0.0
12,10,45,0.0,0.0,0.0,0.0,0.0
12,10,46,0.0,0.0,0.0,0.0,0.0
12,10,47,0.0,0.0,0.0,0.0,0.0
12,10,48,0.0,0.0,0.0,0.0,0.0
12,11,1,0.0,0.0,0.0,0.0,0.0
12,11,2,0.0,0.0,0.0,0.0,0.0
12,11,3,0.0,0.0,0.0,0.0,0.0
12,11,4,0.0,0.0,0.0,0.0,0.0
12,11,5,0.0,0.0,0.0,0.0,0.0
12,11,6,0.0,0.0,0.0,0.0,0.0
12,11,7,0.0,0.0,0.0,0.0,0.0
12,11,8,0.0,0.0,0.0,0.0,0.0
12,11,9,0.0,0.0,0.0,0.0,0.0
12,11,10,0.0,0.0,0.0,0.0,0.0
12,11,11,0.02660119,0.028197261,0.030139148,0.027463157,0.026414178
12,11,12,0.02660119,0.025537142,0.026329858,0.023540457,0.024737097
12,11,13,0.423681973,0.440629252,0.432155612,0.4235125,0.425694886
12,11,14,0.423681973,0.385550595,0.416754773,0.433182194,0.385756917
12,11,15,0.6975,0.71145,0.75378825,0.699285368,0.758436259
12,11,16,0.6975,0.68355,0.71124075,0.746250368,0.681249868
12,11,17,0.807253401,0.879906207,0.809836612,0.79903879,0.774568227
12,11,18,0.807253401,0.887978741,0.889996875,0.818655855,0.85948093
12,11,19,0.838367347,0.838367347,0.855134694,0.886154286,0.811780623
12,11,20,0.838367347,0.762914286,0.800640816,0.784628,0.788671236
12,11,21,0.858988095,0.850398214,0.880333949,0.811445681,0.909811889
12,11,22,0.858988095,0.781679166,0.885960321,0.774832459,0.858379611
12,11,23,0.865816327,0.935081633,0.90945347,0.840208943,0.798876084
12,11,24,0.865816327,0.779234694,0.838976021,0.819728924,0.892014111
12,11,25,0.865603741,0.952164115,0.827084375,0.925698281,0.830152994
12,11,26,0.865603741,0.874259778,0.948225618,0.985632684,0.936799064
12,11,27,0.861998299,0.948198129,0.923200178,0.829130304,0.926256997
12,11,28,0.861998299,0.853378316,0.934880255,0.909921525,0.890044599
12,11,29,0.842457483,0.76663631,0.868910648,0.859041539,0.884317185
12,11,30,0.842457483,0.884580357,0.949870812,0.945841057,0.978142422
12,11,31,0.800323129,0.824332823,0.893560774,0.814223408,0.908089936
12,11,32,0.800323129,0.792319898,0.804284728,0.790986159,0.789008694
12,11,33,0.701930272,0.638756548,0.690453712,0.724440123,0.723339922
12,11,34,0.701930272,0.744046088,0.686838771,0.668282075,0.763298989
12,11,35,0.409013605,0.437644557,0.423329081,0.452962117,0.4048931
12,11,36,0.409013605,0.409013605,0.421284013,0.429627891,0.379683648
12,11,37,0.020606293,0.021636608,0.02112145,0.02112145,0.021755094
12,11,38,0.020606293,0.021224482,0.020706234,0.02209641,0.022004689
12,11,39,0.0,0.0,0.0,0.0,0.0
12,11,40,0.0,0.0,0.0,0.0,0.0
12,11,41,0.0,0.0,0.0,0.0,0.0
12,11,42,0.0,0.0,0.0,0.0,0.0
12,11,43,0.0,0.0,0.0,0.0,0.0
12,11,44,0.0,0.0,0.0,0.0,0.0
12,11,45,0.0,0.0,0.0,0.0,0.0
12,11,46,0.0,0.0,0.0,0.0,0.0
12,11,47,0.0,0.0,0.0,0.0,0.0
12,11,48,0.0,0.0,0.0,0.0,0.0
12,12,1,0.0,0.0,0.0,0.0,0.0
12,12,2,0.0,0.0,0.0,0.0,0.0
12,12,3,0.0,0.0,0.0,0.0,0.0
12,12,4,0.0,0.0,0.0,0.0,0.0
12,12,5,0.0,0.0,0.0,0.0,0.0
12,12,6,0.0,0.0,0.0,0.0,0.0
12,12,7,0.0,0.0,0.0,0.0,0.0
12,12,8,0.0,0.0,0.0,0.0,0.0
12,12,9,0.0,0.0,0.0,0.0,0.0
12,12,10,0.0,0.0,0.0,0.0,0.0
12,12,11,0.026676871,0.02480949,0.026258044,0.024100766,0.023424389
12,12,12,0.026676871,0.024275953,0.026495468,0.026332419,0.02335066
12,12,13,0.435484694,0.400645918,0.392981388,0.37283064,0.43652937
12,12,14,0.435484694,0.413710459,0.467057334,0.394875746,0.423504238
12,12,15,0.709294218,0.652550681,0.721777796,0.736213352,0.754306143
12,12,16,0.709294218,0.666736565,0.626094006,0.613984935,0.614785785
12,12,17,0.818639456,0.794080272,0.838614259,0.841624669,0.823239664
12,12,18,0.818639456,0.884130612,0.774760381,0.834101918,0.745117283
12,12,19,0.851335034,0.800254932,0.817537033,0.76542937,0.87333022
12,12,20,0.851335034,0.910928486,0.828263855,0.949860037,0.947053633
12,12,21,0.86579932,0.900431293,0.856621847,0.786855738,0.912096943
12,12,22,0.86579932,0.952379252,0.881816607,0.962998281,0.842488496
12,12,23,0.876020408,0.805938775,0.916667755,0.788250171,0.889055241
12,12,24,0.876020408,0.849739796,0.871508903,0.787838296,0.930904536
12,12,25,0.876641156,0.850341921,0.949840693,0.945811065,0.815092838
12,12,26,0.876641156,0.832809098,0.87181963,0.843214829,0.924610872
12,12,27,0.867423469,0.806703826,0.786839829,0.836728822,0.799691267
12,12,28,0.867423469,0.798029591,0.766108408,0.802415285,0.848918898
12,12,29,0.852823129,0.79312551,0.740676888,0.723943076,0.769865729
12,12,30,0.852823129,0.86135136,0.882799862,0.787748887,0.854642618
12,12,31,0.811496599,0.835841497,0.8648525,0.854144803,0.849999688
12,12,32,0.811496599,0.803381633,0.839736681,0.769112673,0.85428781
12,12,33,0.716088435,0.751892857,0.748670459,0.790605791,0.759332529
12,12,34,0.716088435,0.651640476,0.697541745,0.640233903,0.622266048
12,12,35,0.427695578,0.470465136,0.444589553,0.443107588,0.468787687
12,12,36,0.427695578,0.393479932,0.410587755,0.45164653,0.378767204
12,12,37,0.025443027,0.022898724,0.026104546,0.023078352,0.024868786
12,12,38,0.025443027,0.023662015,0.025780147,0.023214409,0.023543903
12,12,39,0.0,0.0,0.0,0.0,0.0
12,12,40,0.0,0.0,0.0,0.0,0.0
12,12,41,0.0,0.0,0.0,0.0,0.0
12,12,42,0.0,0.0,0.0,0.0,0.0
12,12,43,0.0,0.0,0.0,0.0,0.0
12,12,44,0.0,0.0,0.0,0.0,0.0
12,12,45,0.0,0.0,0.0,0.0,0.0
12,12,46,0.0,0.0,0.0,0.0,0.0
12,12,47,0.0,0.0,0.0,0.0,0.0
12,12,48,0.0,0.0,0.0,0.0,0.0
12,13,1,0.0,0.0,0.0,0.0,0.0
12,13,2,0.0,0.0,0.0,0.0,0.0
12,13,3,0.0,0.0,0.0,0.0,0.0
12,13,4,0.0,0.0,0.0,0.0,0.0
12,13,5,0.0,0.0,0.0,0.0,0.0
12,13,6,0.0,0.0,0.0,0.0,0.0
12,13,7,0.0,0.0,0.0,0.0,0.0
12,13,8,0.0,0.0,0.0,0.0,0.0
12,13,9,0.0,0.0,0.0,0.0,0.0
12,13,10,0.0,0.0,0.0,0.0,0.0
12,13,11,0.026758503,0.024082653,0.024912166,0.027018685,0.025949932
12,13,12,0.026758503,0.025955748,0.028729267,0.024704534,0.023883312
12,13,13,0.448605442,0.480007823,0.436448235,0.432269475,0.413386124
12,13,14,0.448605442,0.448605442,0.430661224,0.447050276,0.457042514
12,13,15,0.723239796,0.658148214,0.628531545,0.716871308,0.715782602
12,13,16,0.723239796,0.730472194,0.748661675,0.734124555,0.719442064
12,13,17,0.823256803,0.765628827,0.738831818,0.706074292,0.70535658
12,13,18,0.823256803,0.749163691,0.746899735,0.796299945,0.786694094
12,13,19,0.848103741,0.882027891,0.787209892,0.881069533,0.926067013
12,13,20,0.848103741,0.839622704,0.784792797,0.774722696,0.844282904
12,13,21,0.866122449,0.92675102,0.968151673,0.846714377,0.910954229
12,13,22,0.866122449,0.831477551,0.899728,0.9523536,0.851923584
12,13,23,0.875867347,0.88462602,0.853839283,0.810443122,0.770574549
12,13,24,0.875867347,0.814556633,0.82830775,0.814389926,0.874944435
12,13,25,0.876028912,0.858508334,0.815232506,0.773430158,0.805875978
12,13,26,0.876028912,0.946111225,0.865516565,0.860050145,0.842580376
12,13,27,0.86702381,0.788991667,0.902528435,0.86137645,0.889179294
12,13,28,0.86702381,0.82367262,0.811534286,0.834076905,0.775691522
12,13,29,0.848061224,0.763255102,0.862054234,0.824456853,0.906902539
12,13,30,0.848061224,0.839580612,0.869135545,0.767033214,0.806024069
12,13,31,0.816717687,0.824884864,0.755137173,0.758967579,0.796816094
12,13,32,0.816717687,0.849386394,0.866374122,0.844159401,0.801951431
12,13,33,0.73452381,0.807976191,0.794387501,0.740014375,0.838455761
12,13,34,0.73452381,0.719833334,0.756265715,0.751611772,0.710936311
12,13,35,0.451122449,0.491723469,0.499708337,0.476042904,0.527614219
12,13,36,0.451122449,0.410521429,0.426513719,0.420798148,0.457145662
12,13,37,0.026295068,0.026820969,0.029213821,0.029638749,0.028551995
12,13,38,0.026295068,0.027872772,0.026271402,0.027081212,0.028224119
12,13,39,0.0,0.0,0.0,0.0,0.0
12,13,40,0.0,0.0,0.0,0.0,0.0
12,13,41,0.0,0.0,0.0,0.0,0.0
12,13,42,0.0,0.0,0.0,0.0,0.0
12,13,43,0.0,0.0,0.0,0.0,0.0
12,13,44,0.0,0.0,0.0,0.0,0.0
12,13,45,0.0,0.0,0.0,0.0,0.0
12,13,46,0.0,0.0,0.0,0.0,0.0
12,13,47,0.0,0.0,0.0,0.0,0.0
12,13,48,0.0,0.0,0.0,0.0,0.0
12,14,1,0.0,0.0,0.0,0.0,0.0
12,14,2,0.0,0.0,0.0,0.0,0.0
12,14,3,0.0,0.0,0.0,0.0,0.0
12,14,4,0.0,0.0,0.0,0.0,0.0
12,14,5,0.0,0.0,0.0,0.0,0.0
12,14,6,0.0,0.0,0.0,0.0,0.0
12,14,7,0.0,0.0,0.0,0.0,0.0
12,14,8,0.0,0.0,0.0,0.0,0.0
12,14,9,0.0,0.0,0.0,0.0,0.0
12,14,10,0.0,0.0,0.0,0.0,0.0
12,14,11,0.026381803,0.026117985,0.02729989,0.026599893,0.028727884
12,14,12,0.026381803,0.027964711,0.024455931,0.027580856,0.028457533
12,14,13,0.460187075,0.432575851,0.41513476,0.405448283,0.385502843
12,14,14,0.460187075,0.49240017,0.471530686,0.493694216,0.445891324
12,14,15,0.738052721,0.76757483,0.685060536,0.66450872,0.706661209
12,14,16,0.738052721,0.789716411,0.817356486,0.734806027,0.739183595
12,14,17,0.83747449,0.921221939,0.817793839,0.781535381,0.839506412
12,14,18,0.83747449,0.820725,0.804226753,0.894681535,0.847669714
12,14,19,0.861241497,0.947365647,0.958561786,0.867046265,0.826783957
12,14,20,0.861241497,0.887078742,0.882901721,0.894615466,0.89027395
12,14,21,0.878061224,0.886841836,0.944223137,0.812737859,0.854052034
12,14,22,0.878061224,0.895622448,0.860236581,0.877973418,0.825295013
12,14,23,0.885221088,0.796698979,0.75686403,0.861703714,0.87462927
12,14,24,0.885221088,0.911777721,0.943424375,1.004821834,0.936311254
12,14,25,0.879702381,0.879702381,0.9236875,0.858589524,0.965108287
12,14,26,0.879702381,0.826920238,0.776513292,0.802880611,0.870794378
12,14,27,0.868732993,0.816609013,0.842671003,0.859524423,0.889228576
12,14,28,0.868732993,0.929544303,0.809224783,0.947392422,0.870949153
12,14,29,0.849668367,0.798688265,0.741760484,0.732969249,0.733925296
12,14,30,0.849668367,0.832675,0.807524816,0.829956061,0.879753425
12,14,31,0.817891156,0.817891156,0.752459864,0.819963147,0.721846198
12,14,32,0.817891156,0.768817687,0.737819612,0.821333387,0.78646546
12,14,33,0.740858844,0.71122449,0.726041667,0.697,0.761908125
12,14,34,0.740858844,0.770493198,0.778346302,0.831923731,0.725777132
12,14,35,0.469141156,0.473832568,0.47620173,0.510903163,0.472869261
12,14,36,0.469141156,0.516055272,0.497524196,0.52389462,0.526736502
12,14,37,0.032887755,0.03354551,0.034213132,0.034890751,0.032190073
12,14,38,0.032887755,0.034532143,0.03269865,0.031370478,0.030242476
12,14,39,0.0,0.0,0.0,0.0,0.0
12,14,40,0.0,0.0,0.0,0.0,0.0
12,14,41,0.0,0.0,0.0,0.0,0.0
12,14,42,0.0,0.0,0.0,0.0,0.0
12,14,43,0.0,0.0,0.0,0.0,0.0
12,14,44,0.0,0.0,0.0,0.0,0.0
12,14,45,0.0,0.0,0.0,0.0,0.0
12,14,46,0.0,0.0,0.0,0.0,0.0
12,14,47,0.0,0.0,0.0,0.0,0.0
12,14,48,0.0,0.0,0.0,0.0,0.0
12,15,1,0.0,0.0,0.0,0.0,0.0
12,15,2,0.0,0.0,0.0,0.0,0.0
12,15,3,0.0,0.0,0.0,0.0,0.0
12,15,4,0.0,0.0,0.0,0.0,0.0
12,15,5,0.0,0.0,0.0,0.0,0.0
12,15,6,0.0,0.0,0.0,0.0,0.0
12,15,7,0.0,0.0,0.0,0.0,0.0
12,15,8,0.0,0.0,0.0,0.0,0.0
12,15,9,0.0,0.0,0.0,0.0,0.0
12,15,10,0.0,0.0,0.0,0.0,0.0
12,15,11,0.026128401,0.026650969,0.02427851,0.027227118,0.027635524
12,15,12,0.026128401,0.027696105,0.025028395,0.027072829,0.024362918
12,15,13,0.460110544,0.4233017,0.419620816,0.456061571,0.474955551
12,15,14,0.460110544,0.464711649,0.453162875,0.454735073,0.430689233
12,15,15,0.737687075,0.715556463,0.704823116,0.697774885,0.671122761
12,15,16,0.737687075,0.68604898,0.754580109,0.762410657,0.691070803
12,15,17,0.833282313,0.841615136,0.91281911,0.87982363,0.9102293
12,15,18,0.833282313,0.849947959,0.858447439,0.796392349,0.82617234
12,15,19,0.854668367,0.854668367,0.837575,0.806522049,0.838358446
12,15,20,0.854668367,0.837575,0.803815599,0.807059066,0.875326278
12,15,21,0.871113946,0.853691667,0.776162526,0.850329167,0.854580813
12,15,22,0.871113946,0.940803062,0.933137259,0.997369717,0.963674176
12,15,23,0.878843537,0.843689796,0.792365333,0.821533564,0.809084816
12,15,24,0.878843537,0.94915102,0.822597551,0.927707238,0.948249326
12,15,25,0.87494898,0.813702551,0.878098796,0.787136767,0.897164798
12,15,26,0.87494898,0.85745,0.91817146,0.963040593,0.867266648
12,15,27,0.865918367,0.796644898,0.864532898,0.884483657,0.852894955
12,15,28,0.865918367,0.813963265,0.898736673,0.842348646,0.84668932
12,15,29,0.848188776,0.797297449,0.740468801,0.779411975,0.720120993
12,15,30,0.848188776,0.916043878,0.802725858,0.804313667,0.775392601
12,15,31,0.817984694,0.752545918,0.706738776,0.713544408,0.725272346
12,15,32,0.817984694,0.875243623,0.787351167,0.868202819,0.795335797
12,15,33,0.737755102,0.693489796,0.686997551,0.706080816,0.734324049
12,15,34,0.737755102,0.700867347,0.668959439,0.667400931,0.645183505
12,15,35,0.475204082,0.517972449,0.446929439,0.456033557,0.511957673
12,15,36,0.475204082,0.456195919,0.437758,0.43813056,0.492486133
12,15,37,0.03324915,0.030589218,0.030642417,0.033068275,0.032843883
12,15,38,0.03324915,0.030589218,0.033195951,0.033962012,0.033731555
12,15,39,0.0,0.0,0.0,0.0,0.0
12,15,40,0.0,0.0,0.0,0.0,0.0
12,15,41,0.0,0.0,0.0,0.0,0.0
12,15,42,0.0,0.0,0.0,0.0,0.0
12,15,43,0.0,0.0,0.0,0.0,0.0
12,15,44,0.0,0.0,0.0,0.0,0.0
12,15,45,0.0,0.0,0.0,0.0,0.0
12,15,46,0.0,0.0,0.0,0.0,0.0
12,15,47,0.0,0.0,0.0,0.0,0.0
12,15,48,0.0,0.0,0.0,0.0,0.0
12,16,1,0.0,0.0,0.0,0.0,0.0
12,16,2,0.0,0.0,0.0,0.0,0.0
12,16,3,0.0,0.0,0.0,0.0,0.0
12,16,4,0.0,0.0,0.0,0.0,0.0
12,16,5,0.0,0.0,0.0,0.0,0.0
12,16,6,0.0,0.0,0.0,0.0,0.0
12,16,7,0.0,0.0,0.0,0.0,0.0
12,16,8,0.0,0.0,0.0,0.0,0.0
12,16,9,0.0,0.0,0.0,0.0,0.0
12,16,10,0.0,0.0,0.0,0.0,0.0
12,16,11,0.025346088,0.027880697,0.027411794,0.027148322,0.02748566
12,16,12,0.025346088,0.025092627,0.026984713,0.02838859,0.025659414
12,16,13,0.440595238,0.422971428,0.397240667,0.395052964,0.384987519
12,16,14,0.440595238,0.484654762,0.44412,0.4245047,0.412591181
12,16,15,0.717593537,0.674537925,0.654301787,0.723073081,0.726995412
12,16,16,0.717593537,0.653010119,0.740125974,0.675433482,0.682609962
12,16,17,0.814659864,0.790220068,0.882683963,0.820896085,0.769216945
12,16,18,0.814659864,0.790220068,0.882683963,0.820896085,0.802301545
12,16,19,0.833792517,0.792102891,0.894242474,0.882048259,0.816524674
12,16,20,0.833792517,0.917171769,0.805443571,0.937349548,0.960783286
12,16,21,0.847908163,0.83095,0.780669046,0.885429795,0.861326428
12,16,22,0.847908163,0.797033673,0.880043882,0.799578811,0.806206898
12,16,23,0.857440476,0.848866071,0.887279405,0.925045656,0.914844218
12,16,24,0.857440476,0.805994047,0.88993747,0.783034078,0.867465579
12,16,25,0.85755102,0.917579591,0.852062693,0.788157991,0.930683228
12,16,26,0.85755102,0.86612653,0.827365224,0.83334064,0.879939688
12,16,27,0.852261905,0.775558334,0.870883828,0.791256288,0.855389692
12,16,28,0.852261905,0.911920238,0.899732893,0.852452812,0.808764605
12,16,29,0.836530612,0.794704081,0.872710561,0.751183576,0.756817453
12,16,30,0.836530612,0.803069388,0.868988,0.86128188,0.867741494
12,16,31,0.80792517,0.799845918,0.860157532,0.904907161,0.76732014
12,16,32,0.80792517,0.791766667,0.807844377,0.874738158,0.820568593
12,16,33,0.731692177,0.695107568,0.642059885,0.689619877,0.737893268
12,16,34,0.731692177,0.70242449,0.674034833,0.702717167,0.702717167
12,16,35,0.468137755,0.42132398,0.426941633,0.451965156,0.477459501
12,16,36,0.468137755,0.500907398,0.532974834,0.510686796,0.493113162
12,16,37,0.035647109,0.034934167,0.03211448,0.034231919,0.0338896
12,16,38,0.035647109,0.035647109,0.035290638,0.033041305,0.033161213
12,16,39,0.0,0.0,0.0,0.0,0.0
12,16,40,0.0,0.0,0.0,0.0,0.0
12,16,41,0.0,0.0,0.0,0.0,0.0
12,16,42,0.0,0.0,0.0,0.0,0.0
12,16,43,0.0,0.0,0.0,0.0,0.0
12,16,44,0.0,0.0,0.0,0.0,0.0
12,16,45,0.0,0.0,0.0,0.0,0.0
12,16,46,0.0,0.0,0.0,0.0,0.0
12,16,47,0.0,0.0,0.0,0.0,0.0
12,16,48,0.0,0.0,0.0,0.0,0.0
12,17,1,0.0,0.0,0.0,0.0,0.0
12,17,2,0.0,0.0,0.0,0.0,0.0
12,17,3,0.0,0.0,0.0,0.0,0.0
12,17,4,0.0,0.0,0.0,0.0,0.0
12,17,5,0.0,0.0,0.0,0.0,0.0
12,17,6,0.0,0.0,0.0,0.0,0.0
12,17,7,0.0,0.0,0.0,0.0,0.0
12,17,8,0.0,0.0,0.0,0.0,0.0
12,17,9,0.0,0.0,0.0,0.0,0.0
12,17,10,0.0,0.0,0.0,0.0,0.0
12,17,11,0.023123299,0.023816998,0.023470148,0.024878357,0.024298645
12,17,12,0.023123299,0.025204396,0.026096955,0.026792874,0.025304381
12,17,13,0.440901361,0.401220239,0.416850192,0.402870973,0.45700676
12,17,14,0.440901361,0.423265307,0.4536875,0.404141945,0.439109009
12,17,15,0.726147959,0.747932398,0.670706562,0.736376842,0.763508397
12,17,16,0.726147959,0.791501275,0.743648125,0.701002181,0.725763387
12,17,17,0.824234694,0.774780612,0.847478112,0.782877894,0.7992694
12,17,18,0.824234694,0.840719388,0.874100893,0.888669241,0.779807259
12,17,19,0.848767007,0.908180697,0.939967022,0.845033281,0.938616222
12,17,20,0.848767007,0.874230017,0.870113497,0.924876086,0.958651351
12,17,21,0.870858844,0.809898725,0.756340906,0.739253204,0.778206161
12,17,22,0.870858844,0.923110375,0.896984609,0.968743378,0.905775058
12,17,23,0.88420068,0.963778741,0.951709402,0.905232719,0.842869651
12,17,24,0.88420068,0.893042687,0.853076816,0.91184433,0.858974894
12,17,25,0.88122449,0.84597551,0.880872,0.895438054,0.945947715
12,17,26,0.88122449,0.934097959,0.934891061,0.95340735,0.972200476
12,17,27,0.874778912,0.918517858,0.851815966,0.916972415,0.854900436
12,17,28,0.874778912,0.79604881,0.793643168,0.796845588,0.774562663
12,17,29,0.857576531,0.874728062,0.874813819,0.88642026,0.960723135
12,17,30,0.857576531,0.891879592,0.822244378,0.92581218,0.944328424
12,17,31,0.827244898,0.909969388,0.7904325,0.893101864,0.880842777
12,17,32,0.827244898,0.843789796,0.827162174,0.757786383,0.87097552
12,17,33,0.752295918,0.684589285,0.646598342,0.743109131,0.741980577
12,17,34,0.752295918,0.699635204,0.718705905,0.759722959,0.747241797
12,17,35,0.483954082,0.474275,0.503070268,0.448131801,0.510772833
12,17,36,0.483954082,0.479114541,0.491164998,0.455659868,0.444050236
12,17,37,0.037873299,0.035222168,0.036913211,0.040336515,0.040217339
12,17,38,0.037873299,0.039009498,0.037672571,0.040094379,0.041755431
12,17,39,0.0,0.0,0.0,0.0,0.0
12,17,40,0.0,0.0,0.0,0.0,0.0
12,17,41,0.0,0.0,0.0,0.0,0.0
12,17,42,0.0,0.0,0.0,0.0,0.0
12,17,43,0.0,0.0,0.0,0.0,0.0
12,17,44,0.0,0.0,0.0,0.0,0.0
12,17,45,0.0,0.0,0.0,0.0,0.0
12,17,46,0.0,0.0,0.0,0.0,0.0
12,17,47,0.0,0.0,0.0,0.0,0.0
12,17,48,0.0,0.0,0.0,0.0,0.0
12,18,1,0.0,0.0,0.0,0.0,0.0
12,18,2,0.0,0.0,0.0,0.0,0.0
12,18,3,0.0,0.0,0.0,0.0,0.0
12,18,4,0.0,0.0,0.0,0.0,0.0
12,18,5,0.0,0.0,0.0,0.0,0.0
12,18,6,0.0,0.0,0.0,0.0,0.0
12,18,7,0.0,0.0,0.0,0.0,0.0
12,18,8,0.0,0.0,0.0,0.0,0.0
12,18,9,0.0,0.0,0.0,0.0,0.0
12,18,10,0.0,0.0,0.0,0.0,0.0
12,18,11,0.024602891,0.026817151,0.026224222,0.026140235,0.025686664
12,18,12,0.024602891,0.02484892,0.025220424,0.026633097,0.02659265
12,18,13,0.467363946,0.458016667,0.471944113,0.475090407,0.477465859
12,18,14,0.467363946,0.500079422,0.435349516,0.462921652,0.429114343
12,18,15,0.754158163,0.791866071,0.72663139,0.696947725,0.794368896
12,18,16,0.754158163,0.822032398,0.772333375,0.743699246,0.726672448
12,18,17,0.84252551,0.80882449,0.8752155,0.800079075,0.864927589
12,18,18,0.84252551,0.867801275,0.940679732,0.910178904,0.80126672
12,18,19,0.866972789,0.840963605,0.785650741,0.914315283,0.809376824
12,18,20,0.866972789,0.918991156,0.884052153,0.934505634,0.955198259
12,18,21,0.881343537,0.854903231,0.894167085,0.832964387,0.822552332
12,18,22,0.881343537,0.95185102,0.916597278,0.962427142,0.918774197
12,18,23,0.893792517,0.974233844,0.915332917,0.835007783,0.850316259
12,18,24,0.893792517,0.831227041,0.871134877,0.934615596,0.829730957
12,18,25,0.889481293,0.898376106,0.92074656,0.948011386,0.978144605
12,18,26,0.889481293,0.889481293,0.898376106,0.963841929,1.001324671
12,18,27,0.883001701,0.900661735,0.91858667,0.963802538,0.916513161
12,18,28,0.883001701,0.794701531,0.796909035,0.816622048,0.748755807
12,18,29,0.868044218,0.781239796,0.882366948,0.90295551,0.850065102
12,18,30,0.868044218,0.920126871,0.80467699,0.803782905,0.798208281
12,18,31,0.834234694,0.81755,0.768079883,0.855018817,0.826908057
12,18,32,0.834234694,0.800865306,0.7603215,0.870336478,0.865425864
12,18,33,0.771938776,0.82597449,0.790967067,0.7166641,0.776386108
12,18,34,0.771938776,0.771938776,0.833693878,0.816299524,0.85436048
12,18,35,0.515680272,0.551777891,0.501705337,0.507362865,0.498366327
12,18,36,0.515680272,0.567248299,0.546878928,0.570432625,0.605066034
12,18,37,0.042102891,0.03873466,0.043652277,0.042741508,0.043062069
12,18,38,0.042102891,0.037892602,0.043197566,0.042296284,0.040544889
12,18,39,0.0,0.0,0.0,0.0,0.0
12,18,40,0.0,0.0,0.0,0.0,0.0
12,18,41,0.0,0.0,0.0,0.0,0.0
12,18,42,0.0,0.0,0.0,0.0,0.0
12,18,43,0.0,0.0,0.0,0.0,0.0
12,18,44,0.0,0.0,0.0,0.0,0.0
12,18,45,0.0,0.0,0.0,0.0,0.0
12,18,46,0.0,0.0,0.0,0.0,0.0
12,18,47,0.0,0.0,0.0,0.0,0.0
12,18,48,0.0,0.0,0.0,0.0,0.0
12,19,1,0.0,0.0,0.0,0.0,0.0
12,19,2,0.0,0.0,0.0,0.0,0.0
12,19,3,0.0,0.0,0.0,0.0,0.0
12,19,4,0.0,0.0,0.0,0.0,0.0
12,19,5,0.0,0.0,0.0,0.0,0.0
12,19,6,0.0,0.0,0.0,0.0,0.0
12,19,7,0.0,0.0,0.0,0.0,0.0
12,19,8,0.0,0.0,0.0,0.0,0.0
12,19,9,0.0,0.0,0.0,0.0,0.0
12,19,10,0.0,0.0,0.0,0.0,0.0
12,19,11,0.02322534,0.02461886,0.025357426,0.025132558,0.022125192
12,19,12,0.02322534,0.021599566,0.022636578,0.022936905,0.021695613
12,19,13,0.469107143,0.445651786,0.457379464,0.411641518,0.414728829
12,19,14,0.469107143,0.4925625,0.514493259,0.462531043,0.474980017
12,19,15,0.75119898,0.803782909,0.761941125,0.749138441,0.766515364
12,19,16,0.75119898,0.803782909,0.83191531,0.779719752,0.712488814
12,19,17,0.839651361,0.90682347,0.812110796,0.929619445,0.811007679
12,19,18,0.839651361,0.797668793,0.859593081,0.74907397,0.892646481
12,19,19,0.864821429,0.821580358,0.910656965,0.779117625,0.776520567
12,19,20,0.864821429,0.856173215,0.894917215,0.863250913,0.869790693
12,19,21,0.879982993,0.888782823,0.884382908,0.937445882,0.816860273
12,19,22,0.879982993,0.923982143,0.856883439,0.833732554,0.882381735
12,19,23,0.88335034,0.892183843,0.825623395,0.893064102,0.864819866
12,19,24,0.88335034,0.971685374,0.927517857,0.834766071,0.940503107
12,19,25,0.871904762,0.810871429,0.841388095,0.782490929,0.909330184
12,19,26,0.871904762,0.950376191,0.929363286,0.953903336,0.861539811
12,19,27,0.861292517,0.938808844,0.936052707,0.966774437,0.888702841
12,19,28,0.861292517,0.801002041,0.814524333,0.891654801,0.808433686
12,19,29,0.845323129,0.870682823,0.918063184,0.921924198,0.817878467
12,19,30,0.845323129,0.896042517,0.792321369,0.878344832,0.844477882
12,19,31,0.815280612,0.864197449,0.82294425,0.83414077,0.884189216
12,19,32,0.815280612,0.872350255,0.852253588,0.829695589,0.842395011
12,19,33,0.74622449,0.708913266,0.669363368,0.68692203,0.632570209
12,19,34,0.74622449,0.738762245,0.749918301,0.774767079,0.729845488
12,19,35,0.513163265,0.52342653,0.507929,0.52513639,0.491543107
12,19,36,0.513163265,0.497768367,0.4953565,0.471970281,0.529184125
12,19,37,0.043760204,0.042447398,0.043103801,0.040086535,0.044890453
12,19,38,0.043760204,0.045510612,0.043296346,0.04109582,0.039942486
12,19,39,0.0,0.0,0.0,0.0,0.0
12,19,40,0.0,0.0,0.0,0.0,0.0
12,19,41,0.0,0.0,0.0,0.0,0.0
12,19,42,0.0,0.0,0.0,0.0,0.0
12,19,43,0.0,0.0,0.0,0.0,0.0
12,19,44,0.0,0.0,0.0,0.0,0.0
12,19,45,0.0,0.0,0.0,0.0,0.0
12,19,46,0.0,0.0,0.0,0.0,0.0
12,19,47,0.0,0.0,0.0,0.0,0.0
12,19,48,0.0,0.0,0.0,0.0,0.0
12,20,1,0.0,0.0,0.0,0.0,0.0
12,20,2,0.0,0.0,0.0,0.0,0.0
12,20,3,0.0,0.0,0.0,0.0,0.0
12,20,4,0.0,0.0,0.0,0.0,0.0
12,20,5,0.0,0.0,0.0,0.0,0.0
12,20,6,0.0,0.0,0.0,0.0,0.0
12,20,7,0.0,0.0,0.0,0.0,0.0
12,20,8,0.0,0.0,0.0,0.0,0.0
12,20,9,0.0,0.0,0.0,0.0,0.0
12,20,10,0.0,0.0,0.0,0.0,0.0
12,20,11,0.02052381,0.018676667,0.019404236,0.020902348,0.020671836
12,20,12,0.02052381,0.019908096,0.02122675,0.020758414,0.020398225
12,20,13,0.438937075,0.452105187,0.436610709,0.402721401,0.462875144
12,20,14,0.438937075,0.474052041,0.488449177,0.509189246,0.482433454
12,20,15,0.724056122,0.789221173,0.726373102,0.701757124,0.73535188
12,20,16,0.724056122,0.796461734,0.691835625,0.715327625,0.753877885
12,20,17,0.831938776,0.773703062,0.778736291,0.723261366,0.846831762
12,20,18,0.831938776,0.748744898,0.853569184,0.770846739,0.769223903
12,20,19,0.858248299,0.858248299,0.798170918,0.82984028,0.81940441
12,20,20,0.858248299,0.781005952,0.745860684,0.763236779,0.818571446
12,20,21,0.882134354,0.87331301,0.807505788,0.939749489,0.910702687
12,20,22,0.882134354,0.793920919,0.838027636,0.770985425,0.88696845
12,20,23,0.886819728,0.807005952,0.821505455,0.880365897,0.882881229
12,20,24,0.886819728,0.940028912,0.895155833,0.998068307,0.930018195
12,20,25,0.877942177,0.895501021,0.824651087,0.900672685,0.865944825
12,20,26,0.877942177,0.816486225,0.847214201,0.779437065,0.788756421
12,20,27,0.866471088,0.927124064,0.941637455,0.911744202,0.929979086
12,20,28,0.866471088,0.935788775,0.991242925,0.838050836,0.926046174
12,20,29,0.834591837,0.792862245,0.732354337,0.794468834,0.733369461
12,20,30,0.834591837,0.901359184,0.83325649,0.770762253,0.809942668
12,20,31,0.817916667,0.752483334,0.714532,0.71594536,0.772725921
12,20,32,0.817916667,0.7852,0.79354275,0.782908743,0.715402836
12,20,33,0.745195578,0.76009949,0.79027991,0.757539743,0.76327868
12,20,34,0.745195578,0.76009949,0.827912287,0.785513143,0.725102516
12,20,35,0.504991497,0.464592177,0.44600849,0.500175898,0.526836217
12,20,36,0.504991497,0.474692007,0.504537005,0.445266153,0.467900515
12,20,37,0.045151361,0.04379682,0.043139868,0.042268176,0.042717275
12,20,38,0.045151361,0.04876347,0.043200822,0.041134696,0.041888832
12,20,39,0.0,0.0,0.0,0.0,0.0
12,20,40,0.0,0.0,0.0,0.0,0.0
12,20,41,0.0,0.0,0.0,0.0,0.0
12,20,42,0.0,0.0,0.0,0.0,0.0
12,20,43,0.0,0.0,0.0,0.0,0.0
12,20,44,0.0,0.0,0.0,0.0,0.0
12,20,45,0.0,0.0,0.0,0.0,0.0
12,20,46,0.0,0.0,0.0,0.0,0.0
12,20,47,0.0,0.0,0.0,0.0,0.0
12,20,48,0.0,0.0,0.0,0.0,0.0
12,21,1,0.0,0.0,0.0,0.0,0.0
12,21,2,0.0,0.0,0.0,0.0,0.0
12,21,3,0.0,0.0,0.0,0.0,0.0
12,21,4,0.0,0.0,0.0,0.0,0.0
12,21,5,0.0,0.0,0.0,0.0,0.0
12,21,6,0.0,0.0,0.0,0.0,0.0
12,21,7,0.0,0.0,0.0,0.0,0.0
12,21,8,0.0,0.0,0.0,0.0,0.0
12,21,9,0.0,0.0,0.0,0.0,0.0
12,21,10,0.0,0.0,0.0,0.0,0.0
12,21,11,0.021870748,0.020121088,0.022465632,0.021485823,0.019981815
12,21,12,0.021870748,0.023182993,0.02094999,0.023761343,0.024685395
12,21,13,0.450161565,0.490676106,0.475123024,0.457827291,0.496553816
12,21,14,0.450161565,0.468168028,0.486714684,0.449614169,0.50075778
12,21,15,0.729022109,0.73631233,0.66672717,0.781755923,0.794015278
12,21,16,0.729022109,0.677990561,0.766821905,0.702873179,0.697601631
12,21,17,0.815263605,0.864179421,0.831324298,0.870399339,0.862197499
12,21,18,0.815263605,0.798958333,0.78289764,0.854972649,0.747981212
12,21,19,0.841615646,0.80795102,0.800039833,0.857362275,0.76887024
12,21,20,0.841615646,0.883696428,0.776390433,0.908951911,0.784450516
12,21,21,0.866164966,0.779548469,0.781713882,0.817233863,0.884170172
12,21,22,0.866164966,0.814195068,0.781367416,0.861604607,0.872374665
12,21,23,0.876318027,0.920133928,0.862296939,0.939424609,0.845570773
12,21,24,0.876318027,0.920133928,0.934155017,0.864692208,0.907813043
12,21,25,0.872355442,0.837461224,0.923301,0.886482948,0.959091167
12,21,26,0.872355442,0.872355442,0.924696769,0.827516372,0.917942557
12,21,27,0.862517007,0.914268027,0.888392517,0.932812143,0.845527578
12,21,28,0.862517007,0.776265306,0.83577898,0.84135084,0.903586056
12,21,29,0.84210034,0.89262636,0.919405151,0.920099042,0.947171187
12,21,30,0.84210034,0.89262636,0.936752418,0.819253596,0.863956347
12,21,31,0.80417517,0.860467432,0.832321301,0.915553431,0.810472867
12,21,32,0.80417517,0.868509184,0.919976394,0.872862452,0.805734144
12,21,33,0.740527211,0.770148299,0.67980398,0.671747044,0.708401067
12,21,34,0.740527211,0.66647449,0.731640884,0.777040139,0.68518544
12,21,35,0.510255102,0.545972959,0.565082013,0.59448036,0.598263417
12,21,36,0.510255102,0.556178061,0.511887918,0.510323816,0.569155735
12,21,37,0.048947279,0.048457806,0.053085771,0.051166891,0.047389571
12,21,38,0.048947279,0.045031497,0.044639918,0.047592418,0.050742528
12,21,39,0.0,0.0,0.0,0.0,0.0
12,21,40,0.0,0.0,0.0,0.0,0.0
12,21,41,0.0,0.0,0.0,0.0,0.0
12,21,42,0.0,0.0,0.0,0.0,0.0
12,21,43,0.0,0.0,0.0,0.0,0.0
12,21,44,0.0,0.0,0.0,0.0,0.0
12,21,45,0.0,0.0,0.0,0.0,0.0
12,21,46,0.0,0.0,0.0,0.0,0.0
12,21,47,0.0,0.0,0.0,0.0,0.0
12,21,48,0.0,0.0,0.0,0.0,0.0
12,22,1,0.0,0.0,0.0,0.0,0.0
12,22,2,0.0,0.0,0.0,0.0,0.0
12,22,3,0.0,0.0,0.0,0.0,0.0
12,22,4,0.0,0.0,0.0,0.0,0.0
12,22,5,0.0,0.0,0.0,0.0,0.0
12,22,6,0.0,0.0,0.0,0.0,0.0
12,22,7,0.0,0.0,0.0,0.0,0.0
12,22,8,0.0,0.0,0.0,0.0,0.0
12,22,9,0.0,0.0,0.0,0.0,0.0
12,22,10,0.0,0.0,0.0,0.0,0.0
12,22,11,0.01967517,0.018888163,0.01908885,0.019409568,0.020806673
12,22,12,0.01967517,0.01849466,0.017367273,0.019437986,0.019868398
12,22,13,0.447057823,0.473881292,0.492702427,0.508910955,0.528701937
12,22,14,0.447057823,0.433646088,0.440351956,0.409527319,0.389381217
12,22,15,0.731326531,0.665507143,0.698416837,0.677464332,0.755564795
12,22,16,0.731326531,0.687446939,0.652635796,0.718088546,0.704348198
12,22,17,0.817755102,0.874997959,0.837912765,0.82668417,0.822550749
12,22,18,0.817755102,0.8014,0.841960653,0.754742165,0.80396448
12,22,19,0.840518707,0.781682398,0.802989547,0.743725133,0.815995814
12,22,20,0.840518707,0.865734268,0.938439136,0.846301476,0.942568269
12,22,21,0.856028912,0.838908334,0.855943309,0.765264166,0.895359075
12,22,22,0.856028912,0.804667177,0.797134123,0.802891203,0.864091175
12,22,23,0.865008503,0.795807823,0.905144898,0.821107591,0.770558155
12,22,24,0.865008503,0.813107993,0.822277083,0.766787364,0.808627283
12,22,25,0.846079932,0.896844728,0.836603837,0.937228687,0.817646045
12,22,26,0.846079932,0.812236735,0.862324667,0.848615916,0.766506024
12,22,27,0.779489796,0.779489796,0.84184898,0.784270667,0.828125802
12,22,28,0.779489796,0.740515306,0.691602322,0.737202475,0.678226277
12,22,29,0.747270408,0.762215816,0.822669992,0.855123946,0.749010838
12,22,30,0.747270408,0.717379592,0.673739,0.677156517,0.774275017
12,22,31,0.693384354,0.734987415,0.74275332,0.709234196,0.748893414
12,22,32,0.693384354,0.721119728,0.664816919,0.65152058,0.634920668
12,22,33,0.744642857,0.692517857,0.732951964,0.708903475,0.784531902
12,22,34,0.744642857,0.766982143,0.8162775,0.7759675,0.7138901
12,22,35,0.518809524,0.555126191,0.585294965,0.536484586,0.543439528
12,22,36,0.518809524,0.549938095,0.523686334,0.546735657,0.561532023
12,22,37,0.047914966,0.046477517,0.043892505,0.049321646,0.046432642
12,22,38,0.047914966,0.050310714,0.053532996,0.053115537,0.046608883
12,22,39,0.0,0.0,0.0,0.0,0.0
12,22,40,0.0,0.0,0.0,0.0,0.0
12,22,41,0.0,0.0,0.0,0.0,0.0
12,22,42,0.0,0.0,0.0,0.0,0.0
12,22,43,0.0,0.0,0.0,0.0,0.0
12,22,44,0.0,0.0,0.0,0.0,0.0
12,22,45,0.0,0.0,0.0,0.0,0.0
12,22,46,0.0,0.0,0.0,0.0,0.0
12,22,47,0.0,0.0,0.0,0.0,0.0
12,22,48,0.0,0.0,0.0,0.0,0.0
12,23,1,0.0,0.0,0.0,0.0,0.0
12,23,2,0.0,0.0,0.0,0.0,0.0
12,23,3,0.0,0.0,0.0,0.0,0.0
12,23,4,0.0,0.0,0.0,0.0,0.0
12,23,5,0.0,0.0,0.0,0.0,0.0
12,23,6,0.0,0.0,0.0,0.0,0.0
12,23,7,0.0,0.0,0.0,0.0,0.0
12,23,8,0.0,0.0,0.0,0.0,0.0
12,23,9,0.0,0.0,0.0,0.0,0.0
12,23,10,0.0,0.0,0.0,0.0,0.0
12,23,11,0.01682483,0.017497823,0.016989713,0.017617246,0.017060079
12,23,12,0.01682483,0.015478844,0.015667282,0.016150222,0.015068477
12,23,13,0.372304422,0.40581182,0.416292189,0.422024312,0.416231432
12,23,14,0.372304422,0.390919643,0.396876514,0.406035203,0.426772
12,23,15,0.724659864,0.731906463,0.742848827,0.696481465,0.774652345
12,23,16,0.724659864,0.74639966,0.74288506,0.752741158,0.674921006
12,23,17,0.814880952,0.888220238,0.766395535,0.87255551,0.843868189
12,23,18,0.814880952,0.896369047,0.88985,0.867033333,0.789000333
12,23,19,0.841173469,0.799114796,0.820144132,0.754532602,0.755516775
12,23,20,0.841173469,0.82435,0.791123648,0.736994135,0.774458003
12,23,21,0.858010204,0.84085,0.874913005,0.900820623,0.781783612
12,23,22,0.858010204,0.823689796,0.9165265,0.91804003,0.879066632
12,23,23,0.861607143,0.947767857,0.85040625,0.9220575,0.83277751
12,23,24,0.861607143,0.835758929,0.925064509,0.935333574,0.969490732
12,23,25,0.704455782,0.641054762,0.625662403,0.59792246,0.687233021
12,23,26,0.704455782,0.767856802,0.662540663,0.697385394,0.672656677
12,23,27,0.81087585,0.762223299,0.841608045,0.74855923,0.74336761
12,23,28,0.81087585,0.770332058,0.751073756,0.831847127,0.846404451
12,23,29,0.838018707,0.754216836,0.764273061,0.722662639,0.800584523
12,23,30,0.838018707,0.804497959,0.780195416,0.872176349,0.906094319
12,23,31,0.750722789,0.825795068,0.796141518,0.751342135,0.796620385
12,23,32,0.750722789,0.803273384,0.831387953,0.771274201,0.828622811
12,23,33,0.593078231,0.610870578,0.662171845,0.671803435,0.628136212
12,23,34,0.593078231,0.581216666,0.634119245,0.560608384,0.56264285
12,23,35,0.239345238,0.217804167,0.23771769,0.231622365,0.252468378
12,23,36,0.239345238,0.24173869,0.262190741,0.262623717,0.226327137
12,23,37,0.010137755,0.00952949,0.008948596,0.010492475,0.009581537
12,23,38,0.010137755,0.00952949,0.01042364,0.009127568,0.009216336
12,23,39,0.0,0.0,0.0,0.0,0.0
12,23,40,0.0,0.0,0.0,0.0,0.0
12,23,41,0.0,0.0,0.0,0.0,0.0
12,23,42,0.0,0.0,0.0,0.0,0.0
12,23,43,0.0,0.0,0.0,0.0,0.0
12,23,44,0.0,0.0,0.0,0.0,0.0
12,23,45,0.0,0.0,0.0,0.0,0.0
12,23,46,0.0,0.0,0.0,0.0,0.0
12,23,47,0.0,0.0,0.0,0.0,0.0
12,23,48,0.0,0.0,0.0,0.0,0.0
12,24,1,0.0,0.0,0.0,0.0,0.0
12,24,2,0.0,0.0,0.0,0.0,0.0
12,24,3,0.0,0.0,0.0,0.0,0.0
12,24,4,0.0,0.0,0.0,0.0,0.0
12,24,5,0.0,0.0,0.0,0.0,0.0
12,24,6,0.0,0.0,0.0,0.0,0.0
12,24,7,0.0,0.0,0.0,0.0,0.0
12,24,8,0.0,0.0,0.0,0.0,0.0
12,24,9,0.0,0.0,0.0,0.0,0.0
12,24,10,0.0,0.0,0.0,0.0,0.0
12,24,11,0.0,0.0,0.0,0.0,0.0
12,24,12,0.0,0.0,0.0,0.0,0.0
12,24,13,0.255153061,0.237292347,0.238836023,0.238885267,0.261945008
12,24,14,0.255153061,0.255153061,0.25005,0.263590122,0.253426695
12,24,15,0.710510204,0.717615306,0.749765893,0.747742715,0.738722615
12,24,16,0.710510204,0.689194898,0.678856974,0.692854025,0.741353807
12,24,17,0.80002551,0.824026275,0.868867705,0.789424505,0.771350839
12,24,18,0.80002551,0.81602602,0.856507311,0.791218829,0.848582194
12,24,19,0.833333333,0.758333333,0.764,0.855892222,0.802889722
12,24,20,0.833333333,0.833333333,0.766666666,0.811111111,0.884111111
12,24,21,0.853954082,0.879572704,0.918769197,0.937144581,0.870439337
12,24,22,0.853954082,0.777098215,0.774749841,0.801934046,0.729759982
12,24,23,0.86167517,0.827208163,0.878219333,0.907042942,0.868536402
12,24,24,0.86167517,0.887525425,0.935822318,0.912907791,0.863503369
12,24,25,0.859047619,0.910590476,0.831729905,0.823766533,0.93334916
12,24,26,0.859047619,0.919180952,0.817985143,0.891366709,0.784705595
12,24,27,0.851420068,0.791820663,0.821620366,0.862701384,0.773658277
12,24,28,0.851420068,0.766278061,0.833114537,0.776090677,0.822860353
12,24,29,0.838035714,0.812894643,0.866738437,0.780477326,0.849272626
12,24,30,0.838035714,0.779373214,0.800617419,0.886609661,0.776589462
12,24,31,0.805518707,0.878015391,0.808096367,0.838848923,0.882577038
12,24,32,0.805518707,0.853849829,0.89605901,0.766628264,0.755767697
12,24,33,0.739991497,0.665992347,0.667842326,0.677449882,0.694697203
12,24,34,0.739991497,0.680792177,0.731703592,0.667271053,0.676741997
12,24,35,0.516462585,0.469980952,0.483357333,0.440940261,0.468131577
12,24,36,0.516462585,0.568108844,0.574822857,0.575256686,0.58659588
12,24,37,0.051887755,0.053963265,0.051337745,0.050824367,0.050963217
12,24,38,0.051887755,0.050331122,0.052642722,0.048007096,0.055281719
12,24,39,0.0,0.0,0.0,0.0,0.0
12,24,40,0.0,0.0,0.0,0.0,0.0
12,24,41,0.0,0.0,0.0,0.0,0.0
12,24,42,0.0,0.0,0.0,0.0,0.0
12,24,43,0.0,0.0,0.0,0.0,0.0
12,24,44,0.0,0.0,0.0,0.0,0.0
12,24,45,0.0,0.0,0.0,0.0,0.0
12,24,46,0.0,0.0,0.0,0.0,0.0
12,24,47,0.0,0.0,0.0,0.0,0.0
12,24,48,0.0,0.0,0.0,0.0,0.0
12,25,1,0.0,0.0,0.0,0.0,0.0
12,25,2,0.0,0.0,0.0,0.0,0.0
12,25,3,0.0,0.0,0.0,0.0,0.0
12,25,4,0.0,0.0,0.0,0.0,0.0
12,25,5,0.0,0.0,0.0,0.0,0.0
12,25,6,0.0,0.0,0.0,0.0,0.0
12,25,7,0.0,0.0,0.0,0.0,0.0
12,25,8,0.0,0.0,0.0,0.0,0.0
12,25,9,0.0,0.0,0.0,0.0,0.0
12,25,10,0.0,0.0,0.0,0.0,0.0
12,25,11,0.0,0.0,0.0,0.0,0.0
12,25,12,0.0,0.0,0.0,0.0,0.0
12,25,13,0.325586735,0.335354337,0.310642304,0.356247238,0.328638077
12,25,14,0.325586735,0.302795664,0.304765463,0.33593323,0.31409757
12,25,15,0.635229592,0.698752551,0.680330893,0.664723302,0.616178358
12,25,16,0.635229592,0.603468112,0.66889676,0.578636988,0.683713649
12,25,17,0.786462585,0.723545578,0.807854367,0.710811176,0.795026848
12,25,18,0.786462585,0.723545578,0.762554122,0.689343893,0.755286076
12,25,19,0.42619898,0.413413011,0.390419576,0.414110627,0.386373415
12,25,20,0.42619898,0.451770919,0.421425551,0.415806544,0.407360474
12,25,21,0.48369898,0.532068878,0.553593483,0.476039607,0.465328716
12,25,22,0.48369898,0.48369898,0.435329082,0.444196897,0.480200224
12,25,23,0.288988095,0.265869047,0.249685714,0.262817333,0.293524052
12,25,24,0.288988095,0.283208333,0.314708035,0.307460214,0.307548904
12,25,25,0.213171769,0.19398631,0.195435878,0.216933824,0.194637848
12,25,26,0.213171769,0.219566922,0.205550878,0.214890822,0.217561
12,25,27,0.274838435,0.261096513,0.270647149,0.271549306,0.272228179
12,25,28,0.274838435,0.261096513,0.284045523,0.297926238,0.304629578
12,25,29,0.641989796,0.59705051,0.644300959,0.571280184,0.619791916
12,25,30,0.641989796,0.686929082,0.730905383,0.700340249,0.655539071
12,25,31,0.771156463,0.755733334,0.755810449,0.83699009,0.748725681
12,25,32,0.771156463,0.740310204,0.748176,0.798407076,0.764512436
12,25,33,0.410552721,0.443396939,0.435514326,0.395435622,0.4296494
12,25,34,0.410552721,0.369497449,0.358823078,0.375828172,0.412756137
12,25,35,0.343673469,0.364293877,0.318585306,0.342184217,0.366137113
12,25,36,0.343673469,0.316179591,0.310130938,0.33302784,0.335525548
12,25,37,0.033440476,0.031768452,0.033908643,0.03469115,0.031445049
12,25,38,0.033440476,0.031768452,0.034886777,0.03269793,0.032202456
12,25,39,0.0,0.0,0.0,0.0,0.0
12,25,40,0.0,0.0,0.0,0.0,0.0
12,25,41,0.0,0.0,0.0,0.0,0.0
12,25,42,0.0,0.0,0.0,0.0,0.0
12,25,43,0.0,0.0,0.0,0.0,0.0
12,25,44,0.0,0.0,0.0,0.0,0.0
12,25,45,0.0,0.0,0.0,0.0,0.0
12,25,46,0.0,0.0,0.0,0.0,0.0
12,25,47,0.0,0.0,0.0,0.0,0.0
12,25,48,0.0,0.0,0.0,0.0,0.0
12,26,1,0.0,0.0,0.0,0.0,0.0
12,26,2,0.0,0.0,0.0,0.0,0.0
12,26,3,0.0,0.0,0.0,0.0,0.0
12,26,4,0.0,0.0,0.0,0.0,0.0
12,26,5,0.0,0.0,0.0,0.0,0.0
12,26,6,0.0,0.0,0.0,0.0,0.0
12,26,7,0.0,0.0,0.0,0.0,0.0
12,26,8,0.0,0.0,0.0,0.0,0.0
12,26,9,0.0,0.0,0.0,0.0,0.0
12,26,10,0.0,0.0,0.0,0.0,0.0
12,26,11,0.010630102,0.0104175,0.009576659,0.010922653,0.009763525
12,26,12,0.010630102,0.010523801,0.011211569,0.01122003,0.010242593
12,26,13,0.333103741,0.319779591,0.329706083,0.307878017,0.348426207
12,26,14,0.333103741,0.349758928,0.358502901,0.322823327,0.33422628
12,26,15,0.680595238,0.646565476,0.623765536,0.604787137,0.587814079
12,26,16,0.680595238,0.646565476,0.637037143,0.648185293,0.659626745
12,26,17,0.775068027,0.767317347,0.694073418,0.723121676,0.710299312
12,26,18,0.775068027,0.775068027,0.813821428,0.827385119,0.869640859
12,26,19,0.725544218,0.740055102,0.791423633,0.805004853,0.734886674
12,26,20,0.725544218,0.674756123,0.728156177,0.681106086,0.74453409
12,26,21,0.844719388,0.760247449,0.738284745,0.804516377,0.77907257
12,26,22,0.844719388,0.785589031,0.733638788,0.709184162,0.783648499
12,26,23,0.854166667,0.785833334,0.8364,0.74292,0.7565402
12,26,24,0.854166667,0.828541667,0.9086625,0.803324959,0.789266772
12,26,25,0.837653061,0.837653061,0.862782653,0.761426632,0.816630063
12,26,26,0.837653061,0.846029592,0.883933393,0.881548176,0.905405608
12,26,27,0.787355442,0.708619898,0.718068163,0.767535081,0.7379407
12,26,28,0.787355442,0.834596769,0.867744433,0.746908993,0.801059895
12,26,29,0.694787415,0.694787415,0.673943793,0.694717936,0.675767957
12,26,30,0.694787415,0.757318282,0.76961602,0.747979645,0.69787982
12,26,31,0.417993197,0.455612585,0.445538949,0.457303507,0.413024215
12,26,32,0.417993197,0.430532993,0.386079416,0.378612386,0.439601903
12,26,33,0.527423469,0.574891581,0.54564595,0.604252367,0.568683875
12,26,34,0.527423469,0.501052296,0.514237882,0.473098852,0.463636875
12,26,35,0.291343537,0.282603231,0.292712852,0.277331078,0.283137698
12,26,36,0.291343537,0.268036054,0.279689796,0.304861877,0.291702472
12,26,37,0.038839286,0.041169643,0.042804777,0.042166039,0.042482284
12,26,38,0.038839286,0.041169643,0.038004241,0.039337724,0.035797328
12,26,39,0.0,0.0,0.0,0.0,0.0
12,26,40,0.0,0.0,0.0,0.0,0.0
12,26,41,0.0,0.0,0.0,0.0,0.0
12,26,42,0.0,0.0,0.0,0.0,0.0
12,26,43,0.0,0.0,0.0,0.0,0.0
12,26,44,0.0,0.0,0.0,0.0,0.0
12,26,45,0.0,0.0,0.0,0.0,0.0
12,26,46,0.0,0.0,0.0,0.0,0.0
12,26,47,0.0,0.0,0.0,0.0,0.0
12,26,48,0.0,0.0,0.0,0.0,0.0
12,27,1,0.0,0.0,0.0,0.0,0.0
12,27,2,0.0,0.0,0.0,0.0,0.0
12,27,3,0.0,0.0,0.0,0.0,0.0
12,27,4,0.0,0.0,0.0,0.0,0.0
12,27,5,0.0,0.0,0.0,0.0,0.0
12,27,6,0.0,0.0,0.0,0.0,0.0
12,27,7,0.0,0.0,0.0,0.0,0.0
12,27,8,0.0,0.0,0.0,0.0,0.0
12,27,9,0.0,0.0,0.0,0.0,0.0
12,27,10,0.0,0.0,0.0,0.0,0.0
12,27,11,0.0,0.0,0.0,0.0,0.0
12,27,12,0.0,0.0,0.0,0.0,0.0
12,27,13,0.045345238,0.048519405,0.047401645,0.042379886,0.046829774
12,27,14,0.045345238,0.043984881,0.040198553,0.04619856,0.042613854
12,27,15,0.041973639,0.043652585,0.038959932,0.039452283,0.04511057
12,27,16,0.041973639,0.044911794,0.043442716,0.046049279,0.042330583
12,27,17,0.065386905,0.066694643,0.064719959,0.068880527,0.067084714
12,27,18,0.065386905,0.063425298,0.065694223,0.066132185,0.067766039
12,27,19,0.288018707,0.276497959,0.310484166,0.268333588,0.294408613
12,27,20,0.288018707,0.259216836,0.25172835,0.282300576,0.267612956
12,27,21,0.667627551,0.734390306,0.743069464,0.729329689,0.646743827
12,27,22,0.667627551,0.627569898,0.673502673,0.610297038,0.580274361
12,27,23,0.270918367,0.298010204,0.284464285,0.264551785,0.262716991
12,27,24,0.270918367,0.262790816,0.240169132,0.242481872,0.233762843
12,27,25,0.478571429,0.5025,0.505251786,0.495441072,0.525167536
12,27,26,0.478571429,0.445071429,0.424875715,0.449506191,0.480971624
12,27,27,0.59619898,0.620046939,0.553391893,0.5662841,0.589820283
12,27,28,0.59619898,0.542541072,0.626307028,0.564815066,0.547517604
12,27,29,0.337721088,0.354607142,0.328855909,0.323374978,0.309248597
12,27,30,0.337721088,0.351229932,0.378923061,0.345279286,0.378018525
12,27,31,0.023989796,0.024229694,0.02169877,0.023073026,0.025340126
12,27,32,0.023989796,0.024469592,0.021806725,0.022719376,0.025106082
12,27,33,0.049697279,0.052182143,0.052467902,0.051963599,0.056735504
12,27,34,0.049697279,0.048206361,0.048462302,0.046349215,0.05251488
12,27,35,0.097610544,0.098586649,0.102022541,0.092448118,0.103526981
12,27,36,0.097610544,0.104443282,0.09294476,0.100299519,0.100801017
12,27,37,0.02747449,0.027199745,0.026517004,0.027063746,0.028958209
12,27,38,0.02747449,0.028848215,0.026471671,0.026770181,0.028486785
12,27,39,0.0,0.0,0.0,0.0,0.0
12,27,40,0.0,0.0,0.0,0.0,0.0
12,27,41,0.0,0.0,0.0,0.0,0.0
12,27,42,0.0,0.0,0.0,0.0,0.0
12,27,43,0.0,0.0,0.0,0.0,0.0
12,27,44,0.0,0.0,0.0,0.0,0.0
12,27,45,0.0,0.0,0.0,0.0,0.0
12,27,46,0.0,0.0,0.0,0.0,0.0
12,27,47,0.0,0.0,0.0,0.0,0.0
12,27,48,0.0,0.0,0.0,0.0,0.0
12,28,1,0.0,0.0,0.0,0.0,0.0
12,28,2,0.0,0.0,0.0,0.0,0.0
12,28,3,0.0,0.0,0.0,0.0,0.0
12,28,4,0.0,0.0,0.0,0.0,0.0
12,28,5,0.0,0.0,0.0,0.0,0.0
12,28,6,0.0,0.0,0.0,0.0,0.0
12,28,7,0.0,0.0,0.0,0.0,0.0
12,28,8,0.0,0.0,0.0,0.0,0.0
12,28,9,0.0,0.0,0.0,0.0,0.0
12,28,10,0.0,0.0,0.0,0.0,0.0
12,28,11,0.009223639,0.010146003,0.008910035,0.009992153,0.0088982
12,28,12,0.009223639,0.008762457,0.009622561,0.009571001,0.010038508
12,28,13,0.40087585,0.360788265,0.403681981,0.427293569,0.422049511
12,28,14,0.40087585,0.40087585,0.420919643,0.419783828,0.373658551
12,28,15,0.689421769,0.730787075,0.738508599,0.741159655,0.710469889
12,28,16,0.689421769,0.703210204,0.682389667,0.733174313,0.758212907
12,28,17,0.676743197,0.676743197,0.622603741,0.711392449,0.692026765
12,28,18,0.676743197,0.615836309,0.665678446,0.659280177,0.595489924
12,28,19,0.82210034,0.77277432,0.829334823,0.75150494,0.730414317
12,28,20,0.82210034,0.87142636,0.770554649,0.870642077,0.791996814
12,28,21,0.859965986,0.885764966,0.829222202,0.772485946,0.761542395
12,28,22,0.859965986,0.834167006,0.787771841,0.843847644,0.748294307
12,28,23,0.840238095,0.865445238,0.818728,0.799396922,0.889118708
12,28,24,0.840238095,0.848640476,0.928883214,0.846409644,0.831401143
12,28,25,0.829294218,0.862465987,0.812044898,0.784525599,0.879628463
12,28,26,0.829294218,0.854173045,0.765977604,0.849140887,0.816399974
12,28,27,0.736955782,0.663260204,0.637098274,0.611194278,0.728339848
12,28,28,0.736955782,0.74432534,0.785078995,0.740344305,0.736642583
12,28,29,0.780578231,0.71032619,0.67090699,0.77104607,0.711217939
12,28,30,0.780578231,0.702520408,0.69705636,0.755787066,0.675266675
12,28,31,0.713758503,0.649520238,0.708904945,0.739078848,0.773097197
12,28,32,0.713758503,0.656657823,0.657799836,0.682832775,0.609986011
12,28,33,0.275076531,0.275076531,0.288830358,0.257288249,0.29599335
12,28,34,0.275076531,0.247568878,0.263935931,0.259571842,0.264153679
12,28,35,0.208265306,0.212430612,0.199830561,0.200636895,0.225819928
12,28,36,0.208265306,0.212430612,0.229279275,0.194992558,0.232366132
12,28,37,0.039063776,0.037891863,0.038477819,0.041171267,0.041500252
12,28,38,0.039063776,0.042188878,0.036969958,0.035860859,0.035824407
12,28,39,0.0,0.0,0.0,0.0,0.0
12,28,40,0.0,0.0,0.0,0.0,0.0
12,28,41,0.0,0.0,0.0,0.0,0.0
12,28,42,0.0,0.0,0.0,0.0,0.0
12,28,43,0.0,0.0,0.0,0.0,0.0
12,28,44,0.0,0.0,0.0,0.0,0.0
12,28,45,0.0,0.0,0.0,0.0,0.0
12,28,46,0.0,0.0,0.0,0.0,0.0
12,28,47,0.0,0.0,0.0,0.0,0.0
12,28,48,0.0,0.0,0.0,0.0,0.0
12,29,1,0.0,0.0,0.0,0.0,0.0
12,29,2,0.0,0.0,0.0,0.0,0.0
12,29,3,0.0,0.0,0.0,0.0,0.0
12,29,4,0.0,0.0,0.0,0.0,0.0
12,29,5,0.0,0.0,0.0,0.0,0.0
12,29,6,0.0,0.0,0.0,0.0,0.0
12,29,7,0.0,0.0,0.0,0.0,0.0
12,29,8,0.0,0.0,0.0,0.0,0.0
12,29,9,0.0,0.0,0.0,0.0,0.0
12,29,10,0.0,0.0,0.0,0.0,0.0
12,29,11,0.004421854,0.004023887,0.003969498,0.004469486,0.00443224
12,29,12,0.004421854,0.004333417,0.004377635,0.003939872,0.003884057
12,29,13,0.218103741,0.211560629,0.216980507,0.237103121,0.216518259
12,29,14,0.218103741,0.23555204,0.231364448,0.242040481,0.254941695
12,29,15,0.543307823,0.554173979,0.49935422,0.516310314,0.517720852
12,29,16,0.543307823,0.570473214,0.60144176,0.571740932,0.617480207
12,29,17,0.630629252,0.599097789,0.614863521,0.621012156,0.65338472
12,29,18,0.630629252,0.573872619,0.638385992,0.626581873,0.555630691
12,29,19,0.809651361,0.825844388,0.760505523,0.774707078,0.848164484
12,29,20,0.809651361,0.809651361,0.890616497,0.853372534,0.832414709
12,29,21,0.80170068,0.737564626,0.792721632,0.76955569,0.744370231
12,29,22,0.80170068,0.8257517,0.895098809,0.857667404,0.760549184
12,29,23,0.834617347,0.767847959,0.833281959,0.746962495,0.819547763
12,29,24,0.834617347,0.759501786,0.860824332,0.900145937,0.805221456
12,29,25,0.711811224,0.654866326,0.703838938,0.662565276,0.690103146
12,29,26,0.711811224,0.733165561,0.787512348,0.706954892,0.786301277
12,29,27,0.751845238,0.721771428,0.766280667,0.783964067,0.695488122
12,29,28,0.751845238,0.766882143,0.782144601,0.690261595,0.710394224
12,29,29,0.754328231,0.776958078,0.712048134,0.815078181,0.779895219
12,29,30,0.754328231,0.769414796,0.739015368,0.799507966,0.819156251
12,29,31,0.686471088,0.638418112,0.655820154,0.67344118,0.656902257
12,29,32,0.686471088,0.631553401,0.698552979,0.652026715,0.600435941
12,29,33,0.691207483,0.677383333,0.732196087,0.65124394,0.632967094
12,29,34,0.691207483,0.677383333,0.732196087,0.714267547,0.745989429
12,29,35,0.319787415,0.33897466,0.342556279,0.313746418,0.355067488
12,29,36,0.319787415,0.303798044,0.296203093,0.306596184,0.279002528
12,29,37,0.051784864,0.048159924,0.051471566,0.046939069,0.054051853
12,29,38,0.051784864,0.050231318,0.047437525,0.052806976,0.052082126
12,29,39,0.0,0.0,0.0,0.0,0.0
12,29,40,0.0,0.0,0.0,0.0,0.0
12,29,41,0.0,0.0,0.0,0.0,0.0
12,29,42,0.0,0.0,0.0,0.0,0.0
12,29,43,0.0,0.0,0.0,0.0,0.0
12,29,44,0.0,0.0,0.0,0.0,0.0
12,29,45,0.0,0.0,0.0,0.0,0.0
12,29,46,0.0,0.0,0.0,0.0,0.0
12,29,47,0.0,0.0,0.0,0.0,0.0
12,29,48,0.0,0.0,0.0,0.0,0.0
12,30,1,0.0,0.0,0.0,0.0,0.0
12,30,2,0.0,0.0,0.0,0.0,0.0
12,30,3,0.0,0.0,0.0,0.0,0.0
12,30,4,0.0,0.0,0.0,0.0,0.0
12,30,5,0.0,0.0,0.0,0.0,0.0
12,30,6,0.0,0.0,0.0,0.0,0.0
12,30,7,0.0,0.0,0.0,0.0,0.0
12,30,8,0.0,0.0,0.0,0.0,0.0
12,30,9,0.0,0.0,0.0,0.0,0.0
12,30,10,0.0,0.0,0.0,0.0,0.0
12,30,11,0.007564456,0.0069593,0.00653569,0.006739023,0.006602136
12,30,12,0.007564456,0.008245257,0.008695342,0.008495086,0.008002534
12,30,13,0.379413265,0.38700153,0.398535694,0.36501782,0.371017315
12,30,14,0.379413265,0.417354592,0.406351607,0.429112609,0.428460919
12,30,15,0.704957483,0.768403656,0.780881404,0.811527316,0.835422287
12,30,16,0.704957483,0.740205357,0.657549092,0.763985335,0.738174546
12,30,17,0.80662415,0.879220324,0.876639126,0.879786036,0.783116342
12,30,18,0.80662415,0.742094218,0.774359184,0.782102776,0.799583934
12,30,19,0.843239796,0.78421301,0.805589139,0.811013982,0.802903842
12,30,20,0.843239796,0.91069898,0.815581531,0.882201972,0.931965015
12,30,21,0.863962585,0.933079592,0.925476721,0.925656425,0.985007337
12,30,22,0.863962585,0.803485204,0.917096284,0.904590426,0.942066315
12,30,23,0.843069728,0.902084609,0.82894831,0.772230794,0.878412528
12,30,24,0.843069728,0.826208333,0.767867908,0.853001089,0.756733824
12,30,25,0.853588435,0.938947279,0.896267857,0.869379821,0.925127682
12,30,26,0.853588435,0.776765476,0.872239342,0.884249616,0.905980468
12,30,27,0.855170068,0.923583673,0.978314558,0.928212994,0.866041104
12,30,28,0.855170068,0.872273469,0.846447333,0.815065442,0.796404734
12,30,29,0.836258503,0.919884353,0.869290714,0.822635852,0.948219091
12,30,30,0.836258503,0.886434013,0.921640496,0.837372121,0.809496443
12,30,31,0.810986395,0.827206123,0.761759521,0.791984173,0.782024372
12,30,32,0.810986395,0.875865307,0.818123075,0.876741172,0.879246147
12,30,33,0.740544218,0.81459864,0.855328572,0.803490477,0.819560286
12,30,34,0.740544218,0.762760545,0.751652381,0.676487143,0.791489957
12,30,35,0.521811224,0.480066326,0.485910612,0.510807269,0.509641835
12,30,36,0.521811224,0.480066326,0.536004489,0.512627346,0.481869706
12,30,37,0.057973639,0.055654693,0.055109741,0.056246025,0.051183882
12,30,38,0.057973639,0.063771003,0.054785089,0.063550703,0.065421918
12,30,39,0.0,0.0,0.0,0.0,0.0
12,30,40,0.0,0.0,0.0,0.0,0.0
12,30,41,0.0,0.0,0.0,0.0,0.0
12,30,42,0.0,0.0,0.0,0.0,0.0
12,30,43,0.0,0.0,0.0,0.0,0.0
12,30,44,0.0,0.0,0.0,0.0,0.0
12,30,45,0.0,0.0,0.0,0.0,0.0
12,30,46,0.0,0.0,0.0,0.0,0.0
12,30,47,0.0,0.0,0.0,0.0,0.0
12,30,48,0.0,0.0,0.0,0.0,0.0
12,31,1,0.0,0.0,0.0,0.0,0.0
12,31,2,0.0,0.0,0.0,0.0,0.0
12,31,3,0.0,0.0,0.0,0.0,0.0
12,31,4,0.0,0.0,0.0,0.0,0.0
12,31,5,0.0,0.0,0.0,0.0,0.0
12,31,6,0.0,0.0,0.0,0.0,0.0
12,31,7,0.0,0.0,0.0,0.0,0.0
12,31,8,0.0,0.0,0.0,0.0,0.0
12,31,9,0.0,0.0,0.0,0.0,0.0
12,31,10,0.0,0.0,0.0,0.0,0.0
12,31,11,0.002891327,0.002631108,0.002816442,0.002585052,0.002785602
12,31,12,0.002891327,0.002862414,0.002934408,0.00295397,0.002794109
12,31,13,0.386862245,0.41007398,0.414406837,0.403781021,0.407818831
12,31,14,0.386862245,0.375256378,0.400112277,0.422277227,0.427817194
12,31,15,0.715816327,0.680025511,0.670004082,0.640412235,0.642736312
12,31,16,0.715816327,0.76592347,0.733461199,0.812240365,0.824977771
12,31,17,0.815977891,0.856776786,0.853104885,0.774596932,0.792109559
12,31,18,0.815977891,0.889415901,0.784481144,0.90465456,0.891063993
12,31,19,0.837431973,0.795560374,0.759341442,0.82934238,0.781256471
12,31,20,0.837431973,0.795560374,0.849156021,0.819108961,0.808808046
12,31,21,0.859846939,0.773862245,0.767843317,0.81652785,0.876926896
12,31,22,0.859846939,0.773862245,0.890371505,0.900255446,0.77047563
12,31,23,0.870739796,0.853325,0.810310454,0.77720841,0.753385283
12,31,24,0.870739796,0.949106378,0.928121549,0.879349671,0.897761055
12,31,25,0.864183673,0.820974489,0.800450127,0.803680014,0.781205972
12,31,26,0.864183673,0.881467346,0.846640744,0.95050698,0.850271699
12,31,27,0.856071429,0.847510715,0.902898536,0.781944204,0.787808785
12,31,28,0.856071429,0.83895,0.898361358,0.778014836,0.89342037
12,31,29,0.840960884,0.79891284,0.819936862,0.901930548,0.8908614
12,31,30,0.840960884,0.916647364,0.887592165,0.890550806,0.901616561
12,31,31,0.811479592,0.876397959,0.801741837,0.912860442,0.816595159
12,31,32,0.811479592,0.843938776,0.811155,0.772859655,0.826055421
12,31,33,0.751896259,0.766934184,0.812574287,0.839305703,0.76889728
12,31,34,0.751896259,0.804528997,0.73151987,0.838913213,0.797348877
12,31,35,0.544328231,0.582431207,0.557745922,0.539041715,0.583681107
12,31,36,0.544328231,0.517111819,0.530720025,0.493569623,0.495360804
12,31,37,0.064892857,0.070084286,0.0614146,0.061536079,0.068350873
12,31,38,0.064892857,0.069435357,0.067835748,0.066714107,0.073941469
12,31,39,0.0,0.0,0.0,0.0,0.0
12,31,40,0.0,0.0,0.0,0.0,0.0
12,31,41,0.0,0.0,0.0,0.0,0.0
12,31,42,0.0,0.0,0.0,0.0,0.0
12,31,43,0.0,0.0,0.0,0.0,0.0
12,31,44,0.0,0.0,0.0,0.0,0.0
12,31,45,0.0,0.0,0.0,0.0,0.0
12,31,46,0.0,0.0,0.0,0.0,0.0
12,31,47,0.0,0.0,0.0,0.0,0.0
12,31,48,0.0,0.0,0.0,0.0,0.0
