DateTime,AP,AP GF,CB DWT,CB GF,CB NPI,CB OPF,CB TLO,CC DWT,CC GF,CC HYD,CC NPI,CC OPF1,CC OPF2,CC SY,EW DWT,EW FF ART,EW FF CMP,EW FF NPI,EW GF,EW NPI,EW OPF,EW SY,FF DWT,FF NPI,FT OPF,IB CHF,IB DWT,IB GF,IB NPI,IB OPF,KA BEL,KV OPF,MS DWT,MS GF,MS NPI,MS OPF,NY GF,RO,SM DWT,SM GF,SM NPI,SM TLO,SM FT OPF,SM KV OPF
25/04/2024 6:00,35.63,0,0,1.08,1.738553947,22.07,0,0,0,0.8,2.147988426,12.79,17.67,3.47,0,0,0,0,0,1.121942045,2.46,0,0,0,8.6,5.04,0,0,2.5,64.18,0,22.21,0,0,0,0,0,0,0,2.11,1.551475746,4.22,0,0
25/04/2024 6:30,35.63,0,0,1.08,1.743859269,22.07,0,0,0,0.8,2.290372843,12.79,17.67,3.47,0,0,0,0,0,1.063694061,2.46,0,0,0,8.6,5.04,0,0,2.5,64.18,0,22.21,0,0,0,0,0,0,0,2.11,1.579098574,4.22,0,0
25/04/2024 7:00,31.56,0,0,1.08,1.73325058,22.07,0,0,0,0.8,2.300806253,12.79,17.67,2.18,0,0,0,0,0,1.068089596,2.46,0,0,0,8.6,5.04,0,0,2.5,64.18,0,22.21,0,0,0,0,0,0,0,2.11,1.604024891,4.22,0,0
25/04/2024 7:30,31.56,0,0,1.08,1.724790941,22.07,0,0,0,0.8,2.257386255,12.79,17.67,2.18,0,0,0,0,0,1.084322817,2.46,0,0,0,8.6,5.04,0,0,2.5,64.18,0,22.21,0,0,0,0,0,0,0,2.11,1.60360469,4.22,0,0
25/04/2024 8:00,34.94,0,0,1.08,1.381937326,22.07,0,0,0,0.8,2.182550045,12.79,17.67,3.52,0,0,0,0,0,1.105468278,2.46,0,0,0,8.6,5.04,0,0,2.5,64.18,0,22.21,0,0,0,0,0,0,0,2.11,1.590871318,3.06,0,0
25/04/2024 8:30,34.94,0,0,1.08,1.37748188,22.07,0,0,0,0.8,2.13831186,12.79,17.67,3.52,0,0,0,0,0,1.142892077,2.46,0,0,0,8.6,5.04,0,0,2.5,64.18,0,22.21,0,0,0,0,0,0,0,2.11,1.575151306,3.06,0,0
25/04/2024 9:00,42.64,0,0,1.08,1.404594575,22.07,0,0,0,0.8,2.125187743,12.79,17.67,3.52,0,0,0,0,0,1.163309558,2.46,1.22,0,0,8.6,5.04,0,0,2.5,64.18,0,22.21,0,0,0,0,0,0,0,2.11,1.569054689,4.18,0,0
25/04/2024 9:30,42.64,0,0,1.08,1.451857488,22.07,0,0,0,0.8,2.237322358,12.79,17.67,3.52,0,0,0,0,0,1.189122682,2.46,1.22,0,0,8.6,5.04,0,0,2.5,64.18,0,22.21,0,0,0,0,0,0,0,2.11,1.622995257,4.18,0,0
25/04/2024 10:00,41.95,0,0,1.08,1.508136807,22.07,1.2,0,0,0.8,2.383981619,12.79,17.67,1.79,0,0,0,0,0,1.219455081,2.46,2.02,0,0,8.6,5.04,0,0,2.5,64.18,0,22.21,0,0,0,0,0,0,0,2.11,1.701549111,4.18,0,0
25/04/2024 10:30,41.95,0,0,1.08,1.557097891,22.07,1.2,0,0,0.8,2.478947125,12.79,17.67,1.79,0,0,0,0,0,1.249467808,2.46,2.02,0,0,8.6,5.04,0,0,2.5,64.18,0,22.21,0,0,0,0,0,0,0,2.11,1.765619228,4.18,0,0
25/04/2024 11:00,38.33,0,0,1.08,1.609724406,22.07,4.34,0,0,0.8,2.5514634,12.79,17.67,2.5,0,0,0,0,0,1.263215798,2.46,2.02,0,0,8.6,5.04,0,0,2.5,64.18,0,22.21,0,0,0,0,0,0,0,2.11,1.821005452,3.13,0,0
25/04/2024 11:30,38.33,0,0,1.08,1.653592482,22.07,4.34,0,0,0.8,2.612723227,12.79,17.67,2.5,0,0,0,0,0,1.287002596,2.46,2.02,0,0,8.6,5.04,0,0,2.5,64.18,0,22.21,0,0,0,0,0,0,0,2.11,1.868683334,3.13,0,0
25/04/2024 12:00,33.85,0,0,1.08,1.678705513,22.07,3.17,0,0,0.8,2.665879683,12.79,17.67,3.6,0,0,0,0,0,1.313066098,2.46,2.02,0,0,8.6,5.04,0,0,2.5,64.18,0,22.21,0,0,0,0,0,0,0,2.11,1.907330252,2.47,0,0
25/04/2024 12:30,33.85,0,0,1.08,1.704413622,22.07,3.17,0,0,0.8,2.723363739,12.79,17.67,3.6,0,0,0,0,0,1.328757908,2.46,2.02,0,0,8.6,5.04,0,0,2.5,64.18,0,22.21,0,0,0,0,0,0,0,2.11,1.940669208,2.47,0,0
25/04/2024 13:00,36.83,0,0,1.08,1.766034338,22.07,0,0,0,0.8,2.775999673,12.79,17.67,3.56,0,0,0,0,0,1.320159316,2.46,2.02,0,0,8.6,5.04,0,0,2.5,64.18,0,22.21,0,0,0,0,0,0,0,2.11,1.984339645,2.7,0,0
25/04/2024 13:30,36.83,0,0,1.08,1.819619636,22.07,0,0,0,0.8,2.837806787,12.79,17.67,3.56,0,0,0,0,0,1.319812828,2.46,2.02,0,0,8.6,5.04,0,0,2.5,64.18,0,22.21,0,0,0,0,0,0,0,2.11,2.035393849,2.7,0,0
25/04/2024 14:00,37.03,0,0,1.08,1.861755973,22.07,0,0,0,0.8,2.946560613,12.79,17.67,2.59,0,0,0,0,0,1.344670958,2.46,0.94,0,0,8.6,5.04,0,0,2.5,64.18,0,22.21,0,0,0,0,0,0,0,2.11,2.106383768,2.7,0,0
25/04/2024 14:30,37.03,0,0,1.08,1.875001487,22.07,0,0,0,0.8,3.001447364,12.79,17.67,2.59,0,0,0,0,0,1.356191743,2.46,0.94,0,0,8.6,5.04,0,0,2.5,64.18,0,22.21,0,0,0,0,0,0,0,2.11,2.153437526,2.7,0,0
25/04/2024 15:00,33.11,0,0,1.08,1.925393289,22.07,3.51,0,0,0.8,3.076928213,12.79,17.67,3.43,0,0,0,0,0,1.36009854,2.46,0,0,0,8.6,5.04,0,0,2.5,64.18,0,22.21,0,0,0,0,0,0,0,2.11,2.183681823,2.7,0,0
25/04/2024 15:30,33.11,0,0,1.08,1.981057907,22.07,3.51,0,0,0.8,3.179423825,12.79,17.67,3.43,0,0,0,0,0,1.365509377,2.46,0,0,0,8.6,5.04,0,0,2.5,64.18,0,22.21,0,0,0,0,0,0,0,2.11,2.236712739,2.7,0,0
25/04/2024 16:00,30.76,0,0,1.08,1.973235651,22.07,4.31,0,0,0.8,3.186877583,12.79,17.67,3.43,0,0,0,0,0,1.376513682,2.46,0,0,0,8.6,5.04,0,0,2.5,64.18,0,22.21,0,0,0,0,0,0,0,2.11,2.237097171,2.7,0,0
25/04/2024 16:30,30.76,0,0,1.08,1.866035644,22.07,4.31,0,0,0.8,3.022574993,12.79,17.67,3.43,0,0,0,0,0,1.330408665,2.46,0,0,0,8.6,5.04,0,0,2.5,64.18,0,22.21,0,0,0,0,0,0,0,2.11,2.172729896,2.7,0,0
25/04/2024 17:00,36.68,0,0,1.08,1.811412069,22.07,0.83,0,0,0.8,2.891380136,12.79,17.67,2.59,0,0,0,0,0,1.197504354,2.46,0,0,0,8.6,5.04,0,0,2.5,64.18,0,22.21,0,0,0,0,0,0,0,2.11,2.124139586,2.7,0,0
25/04/2024 17:30,36.68,0,0,1.08,1.872426242,22.07,0.83,0,0,0.8,2.940171906,12.79,17.67,2.59,0,0,0,0,0,1.139606148,2.46,0,0,0,8.6,5.04,0,0,2.5,64.18,0,22.21,0,0,0,0,0,0,0,2.11,2.170551648,2.7,0,0
25/04/2024 18:00,41.68,0,0,1.08,2.012298623,22.07,0,0,0,0.8,3.213249665,12.79,17.67,3.67,0,0,0,0,0,1.250425065,2.46,0,0,0,8.6,5.04,0,0,2.5,64.18,0,22.21,0,0,0,0,0,0,0,2.11,2.295091265,2.58,0,0
25/04/2024 18:30,41.68,0,0,1.08,2.048265007,22.07,0,0,0,0.8,3.425106708,12.79,17.67,3.67,0,0,0,0,0,1.335541702,2.46,0,0,0,8.6,5.04,0,0,2.5,64.18,0,22.21,0,0,0,0,0,0,0,2.11,2.381219689,2.58,0,0
25/04/2024 19:00,43.06,0,0,1.08,2.010689121,22.07,0,0,0,0.8,3.38105703,12.79,17.67,3.6,0,0,0,0,0,1.379305843,2.46,0,0,0,8.6,5.04,0,0,2.5,64.18,0,22.21,0,0,0,0,0,0,0,2.11,2.416883376,3.58,0,0
25/04/2024 19:30,43.06,0,0,1.08,1.901476243,22.07,0,0,0,0.8,3.146543407,12.79,17.67,3.6,0,0,0,0,0,1.390583505,2.46,0,0,0,8.6,5.04,0,0,2.5,64.18,0,22.21,0,0,0,0,0,0,0,2.11,2.321799791,3.58,0,0
25/04/2024 20:00,37.5,0,0,1.08,1.745915677,22.07,0,0,0,0.8,2.82438296,12.79,17.67,2.47,0,0,0,0,0,1.384284131,2.46,0,0,0,8.6,5.04,0,0,2.5,64.18,0,22.21,0,0,0,0,0,0,0,2.11,2.129509785,3.92,0,0
25/04/2024 20:30,37.5,0,0,1.08,1.58179984,22.07,0,0,0,0.8,2.499945964,12.79,17.67,2.47,0,0,0,0,0,1.36532385,2.46,0,0,0,8.6,5.04,0,0,2.5,64.18,0,22.21,0,0,0,0,0,0,0,2.11,1.924578597,3.92,0,0
25/04/2024 21:00,36.69,0,0,1.08,1.468383172,22.07,0,0,0,0.8,2.258081697,12.79,17.67,3.7,0,0,0,0,0,1.35552629,2.46,0,0,0,8.6,5.04,0,0,2.5,64.18,0,22.21,0,0,0,0,0,0,0,2.11,1.751889474,3.92,0,0
25/04/2024 21:30,36.69,0,0,1.08,1.386909289,22.07,0,0,0,0.8,2.126772126,12.79,17.67,3.7,0,0,0,0,0,1.342612131,2.46,0,0,0,8.6,5.04,0,0,2.5,64.18,0,22.21,0,0,0,0,0,0,0,2.11,1.652290991,3.92,0,0
25/04/2024 22:00,40.99,0,0,1.08,1.358657399,22.07,0,0,0,0.8,2.083087832,12.79,17.67,3.43,0,0,0,0,0,1.346479163,2.46,0,0,0,8.6,5.04,0,0,2.5,64.18,0,22.21,0,0,0,0,0,0,0,2.11,1.56668959,2.19,0,0
25/04/2024 22:30,40.99,0,0,1.08,1.312723194,22.07,0,0,0,0.8,2.025794263,12.79,17.67,3.43,0,0,0,0,0,1.349884471,2.46,0,0,0,8.6,5.04,0,0,2.5,64.18,0,22.21,0,0,0,0,0,0,0,2.11,1.490124064,2.19,0,0
25/04/2024 23:00,39.43,0,0,1.08,1.287135419,22.07,0,0,0,0.8,1.974674316,12.79,17.67,0,0,0,0,0,0,1.345126039,2.46,0,0,0,8.6,5.04,0,0,2.5,64.18,0,22.21,0,0,0,0,0,0,0,2.11,1.429553122,3.72,0,0
25/04/2024 23:30,39.43,0,0,1.08,1.264352299,22.07,0,0,0,0.8,1.923455025,12.79,17.67,0,0,0,0,0,0,1.336868789,2.46,0,0,0,8.6,5.04,0,0,2.5,64.18,0,22.21,0,0,0,0,0,0,0,2.11,1.386478625,3.72,0,0
26/04/2024 0:00,37.92,0,0,1.08,1.216975573,22.07,0.83,0,0,0.8,1.872780156,12.79,17.67,2.35,0,0,0,0,0,1.326186284,2.46,0,0,0,8.6,5.04,0,0,2.5,64.18,0,22.21,0,0,0,0,0,0,0,2.11,1.341910873,3.82,0,0
26/04/2024 0:30,37.92,0,0,1.08,1.190887643,22.07,0.83,0,0,0.8,1.836039315,12.79,17.67,2.35,0,0,0,0,0,1.322590163,2.46,0,0,0,8.6,5.04,0,0,2.5,64.18,0,22.21,0,0,0,0,0,0,0,2.11,1.312101481,3.82,0,0
26/04/2024 1:00,35.46,0,0,1.08,1.195218188,22.07,4.34,0,0,0.8,1.809279247,12.79,17.67,3.17,0,0,0,0,0,1.316215194,2.46,0,0,0,8.6,5.04,0,0,2.5,64.18,0,22.21,0,0,0,0,0,0,0,2.11,1.294975884,3.82,0,0
26/04/2024 1:30,35.46,0,0,1.08,1.183314255,22.07,4.34,0,0,0.8,1.786388357,12.79,17.67,3.17,0,0,0,0,0,1.313886822,2.46,0,0,0,8.6,5.04,0,0,2.5,64.18,0,22.21,0,0,0,0,0,0,0,2.11,1.278273566,3.82,0,0
26/04/2024 2:00,40.75,0,0,1.08,1.181121548,22.07,3.48,0,0,0.8,1.81187832,12.79,17.67,3.17,0,0,0,0,0,1.321672971,2.46,0,0,0,8.6,5.04,0,0,2.5,64.18,0,22.21,0,0,0,0,0,0,0,2.11,1.271174187,3.74,0,0
26/04/2024 2:30,40.75,0,0,1.08,1.171155658,22.07,3.48,0,0,0.8,1.815361271,12.79,17.67,3.17,0,0,0,0,0,1.328043518,2.46,0,0,0,8.6,5.04,0,0,2.5,64.18,0,22.21,0,0,0,0,0,0,0,2.11,1.273272693,3.74,0,0
26/04/2024 3:00,39.61,0,0,1.08,1.219421044,22.07,0,0,0,0.8,1.863094992,12.79,17.67,2.64,0,0,0,0,0,1.333397271,2.46,0,0,0,8.6,5.04,0,0,2.5,64.18,0,22.21,0,0,0,0,0,0,0,2.11,1.285008049,3.91,0,0
26/04/2024 3:30,39.61,0,0,1.08,1.324410151,22.07,0,0,0,0.8,2.039735176,12.79,17.67,2.64,0,0,0,0,0,1.319931293,2.46,0,0,0,8.6,5.04,0,0,2.5,64.18,0,22.21,0,0,0,0,0,0,0,2.11,1.368127005,3.91,0,0
26/04/2024 4:00,38.88,0,0,1.08,1.510430324,22.07,0,0,0,0.8,2.301365765,12.79,17.67,3.17,0,0,0,0,0,1.307939331,2.46,0,0,0,8.6,5.04,0,0,2.5,64.18,0,22.21,0,0,0,0,0,0,0,2.11,1.508964519,3.91,0,0
26/04/2024 4:30,38.88,0,0,1.08,1.52478139,22.07,0,0,0,0.8,2.347523203,12.79,17.67,3.17,0,0,0,0,0,1.275691554,2.46,0,0,0,8.6,5.04,0,0,2.5,64.18,0,22.21,0,0,0,0,0,0,0,2.11,1.567713938,3.91,0,0
26/04/2024 5:00,35.22,0,0,1.08,1.338760077,22.07,0.93,0,0,0.8,2.156254183,12.79,17.67,3.17,0,0,0,0,0,1.219893521,2.46,0,0,0,8.6,5.04,0,0,2.5,64.18,0,22.21,0,0,0,0,0,0,0,2.11,1.52901291,3.57,0,0
26/04/2024 5:30,35.22,0,0,1.08,1.287219359,22.07,0.93,0,0,0.8,2.025703994,12.79,17.67,3.17,0,0,0,0,0,1.162309083,2.46,0,0,0,8.6,5.04,0,0,2.5,64.18,0,22.21,0,0,0,0,0,0,0,2.11,1.503276896,3.57,0,0
26/04/2024 6:00,33.94,0,0,1.08,1.727550441,26.53,4,0,0,0.8,2.139221126,12.79,17.67,3.11,0,0,0,0,0,1.121942045,3.91,0,0,0,8.6,5.04,0,0,2.5,64.18,0,22.21,0,0,0,0,0,0,0,2.11,1.542660543,3.91,0,0
26/04/2024 6:30,33.94,0,0,1.08,1.732822185,26.53,4,0,0,0.8,2.281024382,12.79,17.67,3.11,0,0,0,0,0,1.063694061,3.91,0,0,0,8.6,5.04,0,0,2.5,64.18,0,22.21,0,0,0,0,0,0,0,2.11,1.570126423,3.91,0,0
26/04/2024 7:00,30.64,0,0,1.08,1.72228064,26.53,3.83,0,0,0.8,2.291415207,12.79,17.67,2.08,0,0,0,0,0,1.068089596,3.91,0,0,0,8.6,5.04,0,0,2.5,64.18,0,22.21,0,0,0,0,0,0,0,2.11,1.594911113,3.91,0,0
26/04/2024 7:30,30.64,0,0,1.08,1.713874543,26.53,3.83,0,0,0.8,2.248172433,12.79,17.67,2.08,0,0,0,0,0,1.084322817,3.91,0,0,0,8.6,5.04,0,0,2.5,64.18,0,22.21,0,0,0,0,0,0,0,2.11,1.5944933,3.91,0,0
26/04/2024 8:00,33.53,0,0,1.08,1.373190887,26.53,0,0,0,0.8,2.173641677,12.79,17.67,3.17,0,0,0,0,0,1.105468278,3.91,1.21,0,0,8.6,5.04,0,0,2.5,64.18,0,22.21,0,0,0,0,0,0,0,2.11,1.581832277,3.72,0,0
26/04/2024 8:30,33.53,0,0,1.08,1.36876364,26.53,0,0,0,0.8,2.129584057,12.79,17.67,3.17,0,0,0,0,0,1.142892077,3.91,1.21,0,0,8.6,5.04,0,0,2.5,64.18,0,22.21,0,0,0,0,0,0,0,2.11,1.566201582,3.72,0,0
26/04/2024 9:00,33.45,0,0,1.08,1.395704736,26.53,0,0,0,0.8,2.116513507,12.79,17.67,3.17,0,0,0,0,0,1.163309558,3.91,1.76,0,0,8.6,5.04,0,0,2.5,64.18,0,22.21,0,0,0,0,0,0,0,2.11,1.560139606,3.91,0,0
26/04/2024 9:30,33.45,0,0,1.08,1.442668516,26.53,0,0,0,0.8,2.22819043,12.79,17.67,3.17,0,0,0,0,0,1.189122682,3.91,1.76,0,0,8.6,5.04,0,0,2.5,64.18,0,22.21,0,0,0,0,0,0,0,2.11,1.613773693,3.91,0,0
26/04/2024 10:00,32.89,0,0,1.08,1.498591637,26.53,0,0,0,0.8,2.374251082,12.79,17.67,2.67,0,0,0,0,0,1.219455081,3.91,1.76,0,0,8.6,5.04,0,0,2.5,64.18,0,22.21,0,0,0,0,0,0,0,2.11,1.691881218,3.91,0,0
26/04/2024 10:30,32.89,0,0,1.08,1.547242841,26.53,0,0,0,0.8,2.468828973,12.79,17.67,2.67,0,0,0,0,0,1.249467808,3.91,1.76,0,0,8.6,5.04,0,0,2.5,64.18,0,22.21,0,0,0,0,0,0,0,2.11,1.755587301,3.91,0,0
26/04/2024 11:00,34.98,0,0,1.08,1.599536277,26.53,0,0,0,0.8,2.541049264,12.79,17.67,0,0,0,0,0,0,1.263215798,3.91,1.76,0,0,8.6,5.04,0,0,2.5,64.18,0,22.21,0,0,0,0,0,0,0,2.11,1.810658831,3.87,0,0
26/04/2024 11:30,34.98,0,0,1.08,1.643126707,26.53,0,0,0,0.8,2.60205905,12.79,17.67,0,0,0,0,0,0,1.287002596,3.91,1.76,0,0,8.6,5.04,0,0,2.5,64.18,0,22.21,0,0,0,0,0,0,0,2.11,1.858065815,3.87,0,0
26/04/2024 12:00,34,0,0,1.08,1.668080794,26.53,3.16,0,0,0.8,2.654998542,12.79,17.67,2.52,0,0,0,0,0,1.313066098,3.91,1.76,0,0,8.6,5.04,0,0,2.5,64.18,0,22.21,0,0,0,0,0,0,0,2.11,1.896493149,3.91,0,0
26/04/2024 12:30,34,0,0,1.08,1.693626194,26.53,3.16,0,0,0.8,2.712247969,12.79,17.67,2.52,0,0,0,0,0,1.328757908,3.91,1.76,0,0,8.6,5.04,0,0,2.5,64.18,0,22.21,0,0,0,0,0,0,0,2.11,1.929642678,3.91,0,0
26/04/2024 13:00,33.62,0,0,1.08,1.754856906,26.53,4,0,0,0.8,2.764669062,12.79,17.67,3.17,0,0,0,0,0,1.320159316,3.91,1.76,0,0,8.6,5.04,0,0,2.5,64.18,0,22.21,0,0,0,0,0,0,0,2.11,1.973064988,3.91,0,0
26/04/2024 13:30,33.62,0,0,1.08,1.808103056,26.53,4,0,0,0.8,2.826223902,12.79,17.67,3.17,0,0,0,0,0,1.319812828,3.91,1.76,0,0,8.6,5.04,0,0,2.5,64.18,0,22.21,0,0,0,0,0,0,0,2.11,2.023829111,3.91,0,0
26/04/2024 14:00,34.69,0,0,1.08,1.849972708,26.53,1.6,0,0,0.8,2.934533835,12.79,17.67,3.17,0,0,0,0,0,1.344670958,3.91,1.16,0,0,8.6,5.04,0,0,2.5,64.18,0,22.21,0,0,0,0,0,0,0,2.11,2.094415678,3.72,0,0
26/04/2024 14:30,34.69,0,0,1.08,1.863134389,26.53,1.6,0,0,0.8,2.989196559,12.79,17.67,3.17,0,0,0,0,0,1.356191743,3.91,1.16,0,0,8.6,5.04,0,0,2.5,64.18,0,22.21,0,0,0,0,0,0,0,2.11,2.141202085,3.72,0,0
26/04/2024 15:00,35.05,0,0,1.08,1.913207256,26.53,0,0,0,0.8,3.064369322,12.79,17.67,2.88,0,0,0,0,0,1.36009854,3.91,0,0,0,8.6,5.04,0,0,2.5,64.18,0,22.21,0,0,0,0,0,0,0,2.11,2.17127454,3.61,0,0
26/04/2024 15:30,35.05,0,0,1.08,1.968519566,26.53,0,0,0,0.8,3.166446585,12.79,17.67,2.88,0,0,0,0,0,1.365509377,3.91,0,0,0,8.6,5.04,0,0,2.5,64.18,0,22.21,0,0,0,0,0,0,0,2.11,2.224004144,3.61,0,0
26/04/2024 16:00,34.55,0,0,1.08,1.960746818,26.53,0,0,0,0.8,3.173869919,12.79,17.67,3.17,0,0,0,0,0,1.376513682,3.91,1.28,0,0,8.6,5.04,0,0,2.5,64.18,0,22.21,0,0,0,0,0,0,0,2.11,2.224386391,3.91,0,0
26/04/2024 16:30,34.55,0,0,1.08,1.854225292,26.53,0,0,0,0.8,3.010237953,12.79,17.67,3.17,0,0,0,0,0,1.330408665,3.91,1.28,0,0,8.6,5.04,0,0,2.5,64.18,0,22.21,0,0,0,0,0,0,0,2.11,2.16038484,3.91,0,0
26/04/2024 17:00,34.88,0,0,1.08,1.799947436,26.53,0,0,0,0.8,2.879578584,12.79,17.67,3.17,0,0,0,0,0,1.197504354,3.91,1.76,0,0,8.6,5.04,0,0,2.5,64.18,0,22.21,0,0,0,0,0,0,0,2.11,2.112070611,3.91,0,0
26/04/2024 17:30,34.88,0,0,1.08,1.860575443,26.53,0,0,0,0.8,2.928171204,12.79,17.67,3.17,0,0,0,0,0,1.139606148,3.91,1.76,0,0,8.6,5.04,0,0,2.5,64.18,0,22.21,0,0,0,0,0,0,0,2.11,2.158218968,3.91,0,0
26/04/2024 18:00,34.48,0,0,1.08,1.999562555,26.53,0,0,0,0.8,3.20013436,12.79,17.67,2.7,0,0,0,0,0,1.250425065,3.91,1.76,0,0,8.6,5.04,0,0,2.5,64.18,0,22.21,0,0,0,0,0,0,0,2.11,2.282050973,3.53,0,0
26/04/2024 18:30,34.48,0,0,1.08,2.035301304,26.53,0,0,0,0.8,3.411126681,12.79,17.67,2.7,0,0,0,0,0,1.335541702,3.91,1.76,0,0,8.6,5.04,0,0,2.5,64.18,0,22.21,0,0,0,0,0,0,0,2.11,2.367690032,3.53,0,0
26/04/2024 19:00,34.78,0,0,1.08,1.99796324,26.53,0,0,0,0.8,3.367256798,12.79,17.67,0,0,0,0,0,0,1.379305843,3.91,1.76,0,0,8.6,5.04,0,0,2.5,64.18,0,22.21,0,0,0,0,0,0,0,2.11,2.403151084,3.91,0,0
26/04/2024 19:30,34.78,0,0,1.08,1.889441583,26.53,0,0,0,0.8,3.133700373,12.79,17.67,0,0,0,0,0,0,1.390583505,3.91,1.76,0,0,8.6,5.04,0,0,2.5,64.18,0,22.21,0,0,0,0,0,0,0,2.11,2.308607746,3.91,0,0
26/04/2024 20:00,34.99,0,0,1.08,1.734865578,26.53,1.38,0,0,0.8,2.812854866,12.79,17.67,3.09,0,0,0,0,0,1.384284131,3.91,1.76,0,0,8.6,5.04,0,0,2.5,64.18,0,22.21,0,0,0,0,0,0,0,2.11,2.117410298,3.91,0,0
26/04/2024 20:30,34.99,0,0,1.08,1.571788449,26.53,1.38,0,0,0.8,2.489742102,12.79,17.67,3.09,0,0,0,0,0,1.36532385,3.91,1.76,0,0,8.6,5.04,0,0,2.5,64.18,0,22.21,0,0,0,0,0,0,0,2.11,1.913643492,3.91,0,0
26/04/2024 21:00,34.58,0,0,1.08,1.459089608,26.53,4,0,0,0.8,2.248865037,12.79,17.67,3.17,0,0,0,0,0,1.35552629,3.91,1.76,0,0,8.6,5.04,0,0,2.5,64.18,0,22.21,0,0,0,0,0,0,0,2.11,1.741935557,3.42,0,0
26/04/2024 21:30,34.58,0,0,1.08,1.378131382,26.53,4,0,0,0.8,2.118091423,12.79,17.67,3.17,0,0,0,0,0,1.342612131,3.91,1.76,0,0,8.6,5.04,0,0,2.5,64.18,0,22.21,0,0,0,0,0,0,0,2.11,1.642902974,3.42,0,0
26/04/2024 22:00,34.33,0,0,1.08,1.350058302,26.53,3.39,0,0,0.8,2.074585432,12.79,17.67,3.17,0,0,0,0,0,1.346479163,3.91,1.07,0,0,8.6,5.04,0,0,2.5,64.18,0,22.21,0,0,0,0,0,0,0,2.11,1.557787944,3.91,0,0
26/04/2024 22:30,34.33,0,0,1.08,1.30441482,26.53,3.39,0,0,0.8,2.017525715,12.79,17.67,3.17,0,0,0,0,0,1.349884471,3.91,1.07,0,0,8.6,5.04,0,0,2.5,64.18,0,22.21,0,0,0,0,0,0,0,2.11,1.48165745,3.91,0,0
26/04/2024 23:00,34.5,0,0,1.08,1.278988992,26.53,0,0,0,0.8,1.966614421,12.79,17.67,1.67,0,0,0,0,0,1.345126039,3.91,0,0,0,8.6,5.04,0,0,2.5,64.18,0,22.21,0,0,0,0,0,0,0,2.11,1.421430661,3.91,0,0
26/04/2024 23:30,34.5,0,0,1.08,1.256350069,26.53,0,0,0,0.8,1.915604188,12.79,17.67,1.67,0,0,0,0,0,1.336868789,3.91,0,0,0,8.6,5.04,0,0,2.5,64.18,0,22.21,0,0,0,0,0,0,0,2.11,1.378600905,3.91,0,0
27/04/2024 0:00,30.12,0,0,1.08,1.216975573,26.53,0,0,0,0.8,1.872780156,12.79,17.67,2.11,0,0,0,0,0,1.326186284,3.91,0,0,0,8.6,5.04,0,0,2.5,64.18,0,22.21,0,0,0,0,0,0,0,2.11,1.334242811,3.57,0,0
27/04/2024 0:30,30.12,0,0,1.08,1.190887643,26.53,0,0,0,0.8,1.836039315,12.79,17.67,2.11,0,0,0,0,0,1.322590163,3.91,0,0,0,8.6,5.04,0,0,2.5,64.18,0,22.21,0,0,0,0,0,0,0,2.11,1.304603758,3.57,0,0
27/04/2024 1:00,34.41,0,0,1.08,1.195218188,26.53,0,0,0,0.8,1.809279247,12.79,17.67,3.17,0,0,0,0,0,1.316215194,3.91,0,0,0,8.6,5.04,0,0,2.5,64.18,0,22.21,0,0,0,0,0,0,0,2.11,1.287576021,3.91,0,0
27/04/2024 1:30,34.41,0,0,1.08,1.183314255,26.53,0,0,0,0.8,1.786388357,12.79,17.67,3.17,0,0,0,0,0,1.313886822,3.91,0,0,0,8.6,5.04,0,0,2.5,64.18,0,22.21,0,0,0,0,0,0,0,2.11,1.270969145,3.91,0,0
27/04/2024 2:00,34.32,0,0,1.08,1.181121548,26.53,3.67,0,0,0.8,1.81187832,12.79,17.67,3.17,0,0,0,0,0,1.321672971,3.91,0,0,0,8.6,5.04,0,0,2.5,64.18,0,22.21,0,0,0,0,0,0,0,2.11,1.263910334,3.91,0,0
27/04/2024 2:30,34.32,0,0,1.08,1.171155658,26.53,3.67,0,0,0.8,1.815361271,12.79,17.67,3.17,0,0,0,0,0,1.328043518,3.91,0,0,0,8.6,5.04,0,0,2.5,64.18,0,22.21,0,0,0,0,0,0,0,2.11,1.265996849,3.91,0,0
27/04/2024 3:00,35.05,0,0,1.08,1.219421044,26.53,4,0,0,0.8,1.863094992,12.79,17.67,2.64,0,0,0,0,0,1.333397271,3.91,0,0,0,8.6,5.04,0,0,2.5,64.18,0,22.21,0,0,0,0,0,0,0,2.11,1.277665146,3.91,0,0
27/04/2024 3:30,35.05,0,0,1.08,1.324410151,26.53,4,0,0,0.8,2.039735176,12.79,17.67,2.64,0,0,0,0,0,1.319931293,3.91,0,0,0,8.6,5.04,0,0,2.5,64.18,0,22.21,0,0,0,0,0,0,0,2.11,1.360309136,3.91,0,0
27/04/2024 4:00,34.47,0,0,1.08,1.510430324,26.53,1.1,0,0,0.8,2.301365765,12.79,17.67,0,0,0,0,0,0,1.307939331,3.91,0,0,0,8.6,5.04,0,0,2.5,64.18,0,22.21,0,0,0,0,0,0,0,2.11,1.500341865,3.42,0,0
27/04/2024 4:30,34.47,0,0,1.08,1.52478139,26.53,1.1,0,0,0.8,2.347523203,12.79,17.67,0,0,0,0,0,0,1.275691554,3.91,0,0,0,8.6,5.04,0,0,2.5,64.18,0,22.21,0,0,0,0,0,0,0,2.11,1.558755573,3.42,0,0
27/04/2024 5:00,34.56,0,0,1.08,1.338760077,26.53,0,0,0,0.8,2.156254183,12.79,17.67,2.56,0,0,0,0,0,1.219893521,3.91,0,0,0,8.6,5.04,0,0,2.5,64.18,0,22.21,0,0,0,0,0,0,0,2.11,1.520275693,3.91,0,0
27/04/2024 5:30,34.56,0,0,1.08,1.287219359,26.53,0,0,0,0.8,2.025703994,12.79,17.67,2.56,0,0,0,0,0,1.162309083,3.91,0,0,0,8.6,5.04,0,0,2.5,64.18,0,22.21,0,0,0,0,0,0,0,2.11,1.494686742,3.91,0,0
27/04/2024 6:00,30.36,0,0,1.08,1.727550441,26.51,1.52,0,0,0.8,2.139221126,12.79,17.67,2.56,0,0,0,0,0,1.121942045,3.91,0,0,0,8.6,5.04,0,0,2.5,64.18,0,22.21,0,0,0,0,0,0,0,2.11,1.53384534,3.91,0,0
27/04/2024 6:30,30.36,0,0,1.08,1.732822185,26.51,1.52,0,0,0.8,2.281024382,12.79,17.67,2.56,0,0,0,0,0,1.063694061,3.91,0,0,0,8.6,5.04,0,0,2.5,64.18,0,22.21,0,0,0,0,0,0,0,2.11,1.561154272,3.91,0,0
27/04/2024 7:00,31.03,0,0,1.08,1.72228064,26.51,1.52,0,0,0.8,2.291415207,12.79,17.67,2.56,0,0,0,0,0,1.068089596,3.91,0,0,0,8.6,5.04,0,0,2.5,64.18,0,22.21,0,0,0,0,0,0,0,2.11,1.585797335,3.53,0,0
27/04/2024 7:30,31.03,0,0,1.08,1.713874543,26.51,1.52,0,0,0.8,2.248172433,12.79,17.67,2.56,0,0,0,0,0,1.084322817,3.91,0,0,0,8.6,5.04,0,0,2.5,64.18,0,22.21,0,0,0,0,0,0,0,2.11,1.585381909,3.53,0,0
27/04/2024 8:00,30.45,0,0,1.08,1.373190887,26.51,1.52,0,0,0.8,2.173641677,12.79,17.67,2.56,0,0,0,0,0,1.105468278,3.91,0,0,0,8.6,5.04,0,0,2.5,64.18,0,22.21,0,0,0,0,0,0,0,2.11,1.572793235,3.91,0,0
27/04/2024 8:30,30.45,0,0,1.08,1.36876364,26.51,1.52,0,0,0.8,2.129584057,12.79,17.67,2.56,0,0,0,0,0,1.142892077,3.91,0,0,0,8.6,5.04,0,0,2.5,64.18,0,22.21,0,0,0,0,0,0,0,2.11,1.557251859,3.91,0,0
27/04/2024 9:00,30.28,0,0,1.08,1.395704736,26.51,1.52,0,0,0.8,2.116513507,12.79,17.67,2.56,0,0,0,0,0,1.163309558,3.91,1.22,0,0,8.6,5.04,0,0,2.5,64.18,0,22.21,0,0,0,0,0,0,0,2.11,1.551224522,3.91,0,0
27/04/2024 9:30,30.28,0,0,1.08,1.442668516,26.51,1.52,0,0,0.8,2.22819043,12.79,17.67,2.56,0,0,0,0,0,1.189122682,3.91,1.22,0,0,8.6,5.04,0,0,2.5,64.18,0,22.21,0,0,0,0,0,0,0,2.11,1.604552129,3.91,0,0
27/04/2024 10:00,30.33,0,0,1.08,1.498591637,26.51,1.52,0,0,0.8,2.374251082,12.79,17.67,2.56,0,0,0,0,0,1.219455081,3.91,1.76,0,0,8.6,5.04,0,0,2.5,64.18,0,22.21,0,0,0,0,0,0,0,2.11,1.682213326,3.12,0,0
27/04/2024 10:30,30.33,0,0,1.08,1.547242841,26.51,1.52,0,0,0.8,2.468828973,12.79,17.67,2.56,0,0,0,0,0,1.249467808,3.91,1.76,0,0,8.6,5.04,0,0,2.5,64.18,0,22.21,0,0,0,0,0,0,0,2.11,1.745555373,3.12,0,0
27/04/2024 11:00,31.07,0,0,1.08,1.599536277,26.51,1.52,0,0,0.8,2.541049264,12.79,17.67,2.56,0,0,0,0,0,1.263215798,3.91,1.76,0,0,8.6,5.04,0,0,2.5,64.18,0,22.21,0,0,0,0,0,0,0,2.11,1.800312209,0,0,0
27/04/2024 11:30,31.07,0,0,1.08,1.643126707,26.51,1.52,0,0,0.8,2.60205905,12.79,17.67,2.56,0,0,0,0,0,1.287002596,3.91,1.76,0,0,8.6,5.04,0,0,2.5,64.18,0,22.21,0,0,0,0,0,0,0,2.11,1.847448296,0,0,0
27/04/2024 12:00,30.41,0,0,1.08,1.668080794,26.51,1.52,0,0,0.8,2.654998542,12.79,17.67,2.56,0,0,0,0,0,1.313066098,3.91,1.76,0,0,8.6,5.04,0,0,2.5,64.18,0,22.21,0,0,0,0,0,0,0,2.11,1.885656045,3.73,0,0
27/04/2024 12:30,30.41,0,0,1.08,1.693626194,26.51,1.52,0,0,0.8,2.712247969,12.79,17.67,2.56,0,0,0,0,0,1.328757908,3.91,1.76,0,0,8.6,5.04,0,0,2.5,64.18,0,22.21,0,0,0,0,0,0,0,2.11,1.918616149,3.73,0,0
27/04/2024 13:00,30.41,0,0,1.08,1.754856906,26.51,1.52,0,0,0.8,2.764669062,12.79,17.67,2.56,0,0,0,0,0,1.320159316,3.91,1.76,0,0,8.6,5.04,0,0,2.5,64.18,0,22.21,0,0,0,0,0,0,0,2.11,1.961790331,3.73,0,0
27/04/2024 13:30,30.41,0,0,1.08,1.808103056,26.51,1.52,0,0,0.8,2.826223902,12.79,17.67,2.56,0,0,0,0,0,1.319812828,3.91,1.76,0,0,8.6,5.04,0,0,2.5,64.18,0,22.21,0,0,0,0,0,0,0,2.11,2.012264373,3.73,0,0
27/04/2024 14:00,29.04,0,0,1.08,1.849972708,26.51,1.52,0,0,0.8,2.934533835,12.79,17.67,2.56,0,0,0,0,0,1.344670958,3.91,1.76,0,0,8.6,5.04,0,0,2.5,64.18,0,22.21,0,0,0,0,0,0,0,2.11,2.082447589,3.73,0,0
27/04/2024 14:30,29.04,0,0,1.08,1.863134389,26.51,1.52,0,0,0.8,2.989196559,12.79,17.67,2.56,0,0,0,0,0,1.356191743,3.91,1.76,0,0,8.6,5.04,0,0,2.5,64.18,0,22.21,0,0,0,0,0,0,0,2.11,2.128966645,3.73,0,0
27/04/2024 15:00,31.09,0,0,1.08,1.913207256,26.51,1.52,0,0,0.8,3.064369322,12.79,17.67,2.56,0,0,0,0,0,1.36009854,3.91,1.13,0,0,8.6,5.04,0,0,2.5,64.18,0,22.21,0,0,0,0,0,0,0,2.11,2.158867257,3.73,0,0
27/04/2024 15:30,31.09,0,0,1.08,1.968519566,26.51,1.52,0,0,0.8,3.166446585,12.79,17.67,2.56,0,0,0,0,0,1.365509377,3.91,1.13,0,0,8.6,5.04,0,0,2.5,64.18,0,22.21,0,0,0,0,0,0,0,2.11,2.211295549,3.73,0,0
27/04/2024 16:00,30,0,0,1.08,1.960746818,26.51,1.52,0,0,0.8,3.173869919,12.79,17.67,2.56,0,0,0,0,0,1.376513682,3.91,0,0,0,8.6,5.04,0,0,2.5,64.18,0,22.21,0,0,0,0,0,0,0,2.11,2.211675612,3.73,0,0
27/04/2024 16:30,30,0,0,1.08,1.854225292,26.51,1.52,0,0,0.8,3.010237953,12.79,17.67,2.56,0,0,0,0,0,1.330408665,3.91,0,0,0,8.6,5.04,0,0,2.5,64.18,0,22.21,0,0,0,0,0,0,0,2.11,2.148039784,3.73,0,0
27/04/2024 17:00,28.67,0,0,1.08,1.799947436,26.51,1.52,0,0,0.8,2.879578584,12.79,17.67,2.56,0,0,0,0,0,1.197504354,3.91,1.3,0,0,8.6,5.04,0,0,2.5,64.18,0,22.21,0,0,0,0,0,0,0,2.11,2.100001637,3.73,0,0
27/04/2024 17:30,28.67,0,0,1.08,1.860575443,26.51,1.52,0,0,0.8,2.928171204,12.79,17.67,2.56,0,0,0,0,0,1.139606148,3.91,1.3,0,0,8.6,5.04,0,0,2.5,64.18,0,22.21,0,0,0,0,0,0,0,2.11,2.145886288,3.73,0,0
27/04/2024 18:00,24.1,0,0,1.08,1.999562555,26.51,1.52,0,0,0.8,3.20013436,12.79,17.67,2.56,0,0,0,0,0,1.250425065,3.91,1.3,0,0,8.6,5.04,0,0,2.5,64.18,0,22.21,0,0,0,0,0,0,0,2.11,2.269010682,3.73,0,0
27/04/2024 18:30,24.1,0,0,1.08,2.035301304,26.51,1.52,0,0,0.8,3.411126681,12.79,17.67,2.56,0,0,0,0,0,1.335541702,3.91,1.3,0,0,8.6,5.04,0,0,2.5,64.18,0,22.21,0,0,0,0,0,0,0,2.11,2.354160375,3.73,0,0
27/04/2024 19:00,20.65,0,0,1.08,1.99796324,26.51,1.52,0,0,0.8,3.367256798,12.79,17.67,2.56,0,0,0,0,0,1.379305843,3.91,1.3,0,0,8.6,5.04,0,0,2.5,64.18,0,22.21,0,0,0,0,0,0,0,2.11,2.389418793,3.73,0,0
27/04/2024 19:30,20.65,0,0,1.08,1.889441583,26.51,1.52,0,0,0.8,3.133700373,12.79,17.67,2.56,0,0,0,0,0,1.390583505,3.91,1.3,0,0,8.6,5.04,0,0,2.5,64.18,0,22.21,0,0,0,0,0,0,0,2.11,2.295415702,3.73,0,0
27/04/2024 20:00,20.65,0,0,1.08,1.734865578,26.51,1.52,0,0,0.8,2.812854866,12.79,17.67,2.56,0,0,0,0,0,1.384284131,3.91,1.3,0,0,8.6,5.04,0,0,2.5,64.18,0,22.21,0,0,0,0,0,0,0,2.11,2.10531081,3.73,0,0
27/04/2024 20:30,20.65,0,0,1.08,1.571788449,26.51,1.52,0,0,0.8,2.489742102,12.79,17.67,2.56,0,0,0,0,0,1.36532385,3.91,1.3,0,0,8.6,5.04,0,0,2.5,64.18,0,22.21,0,0,0,0,0,0,0,2.11,1.902708386,3.73,0,0
27/04/2024 21:00,18.48,0,0,1.08,1.459089608,26.51,1.52,0,0,0.8,2.248865037,12.79,17.67,2.56,0,0,0,0,0,1.35552629,3.91,1.3,0,0,8.6,5.04,0,0,2.5,64.18,0,22.21,0,0,0,0,0,0,0,2.11,1.73198164,3.73,0,0
27/04/2024 21:30,18.48,0,0,1.08,1.378131382,26.51,1.52,0,0,0.8,2.118091423,12.79,17.67,2.56,0,0,0,0,0,1.342612131,3.91,1.3,0,0,8.6,5.04,0,0,2.5,64.18,0,22.21,0,0,0,0,0,0,0,2.11,1.633514957,3.73,0,0
27/04/2024 22:00,16.16,0,0,1.08,1.350058302,26.51,1.52,0,0,0.8,2.074585432,12.79,17.67,2.56,0,0,0,0,0,1.346479163,3.91,1.3,0,0,8.6,5.04,0,0,2.5,64.18,0,22.21,0,0,0,0,0,0,0,2.11,1.548886299,3.73,0,0
27/04/2024 22:30,16.16,0,0,1.08,1.30441482,26.51,1.52,0,0,0.8,2.017525715,12.79,17.67,2.56,0,0,0,0,0,1.349884471,3.91,1.3,0,0,8.6,5.04,0,0,2.5,64.18,0,22.21,0,0,0,0,0,0,0,2.11,1.473190836,3.73,0,0
27/04/2024 23:00,16.16,0,0,1.08,1.278988992,26.51,1.52,0,0,0.8,1.966614421,12.79,17.67,2.56,0,0,0,0,0,1.345126039,3.91,1.3,0,0,8.6,5.04,0,0,2.5,64.18,0,22.21,0,0,0,0,0,0,0,2.11,1.4133082,3.73,0,0
27/04/2024 23:30,16.16,0,0,1.08,1.256350069,26.51,1.52,0,0,0.8,1.915604188,12.79,17.67,2.56,0,0,0,0,0,1.336868789,3.91,1.3,0,0,8.6,5.04,0,0,2.5,64.18,0,22.21,0,0,0,0,0,0,0,2.11,1.370723186,3.73,0,0
28/04/2024 0:00,16.16,0,0,1.08,1.209224136,26.51,1.52,0,0,0.8,1.865104828,12.79,17.67,2.56,0,0,0,0,0,1.326186284,3.91,1.3,0,0,8.6,5.04,0,0,2.5,64.18,0,22.21,0,0,0,0,0,0,0,2.11,1.326574749,3.73,0,0
28/04/2024 0:30,16.16,0,0,1.08,1.183302371,26.51,1.52,0,0,0.8,1.828514563,12.79,17.67,2.56,0,0,0,0,0,1.322590163,3.91,1.3,0,0,8.6,5.04,0,0,2.5,64.18,0,22.21,0,0,0,0,0,0,0,2.11,1.297106036,3.73,0,0
28/04/2024 1:00,16.16,0,0,1.08,1.187605334,26.51,1.52,0,0,0.8,1.801864168,12.79,17.67,2.56,0,0,0,0,0,1.316215194,3.91,1.3,0,0,8.6,5.04,0,0,2.5,64.18,0,22.21,0,0,0,0,0,0,0,2.11,1.280176159,3.73,0,0
28/04/2024 1:30,16.16,0,0,1.08,1.175777221,26.51,1.52,0,0,0.8,1.779067093,12.79,17.67,2.56,0,0,0,0,0,1.313886822,3.91,1.3,0,0,8.6,5.04,0,0,2.5,64.18,0,22.21,0,0,0,0,0,0,0,2.11,1.263664725,3.73,0,0
28/04/2024 2:00,21.09,0,0,1.08,1.173598481,26.51,1.52,0,0,0.8,1.804452589,12.79,17.67,2.56,0,0,0,0,0,1.321672971,3.91,1.3,0,0,8.6,5.04,0,0,2.5,64.18,0,22.21,0,0,0,0,0,0,0,2.11,1.256646482,3.73,0,0
28/04/2024 2:30,21.09,0,0,1.08,1.163696068,26.51,1.52,0,0,0.8,1.807921266,12.79,17.67,2.56,0,0,0,0,0,1.328043518,3.91,1.3,0,0,8.6,5.04,0,0,2.5,64.18,0,22.21,0,0,0,0,0,0,0,2.11,1.258721005,3.73,0,0
28/04/2024 3:00,21.09,0,0,1.08,1.211654031,26.51,1.52,0,0,0.8,1.855459357,12.79,17.67,2.56,0,0,0,0,0,1.333397271,3.91,1.3,0,0,8.6,5.04,0,0,2.5,64.18,0,22.21,0,0,0,0,0,0,0,2.11,1.270322242,3.73,0,0
28/04/2024 3:30,21.09,0,0,1.08,1.315974418,26.51,1.52,0,0,0.8,2.031375605,12.79,17.67,2.56,0,0,0,0,0,1.319931293,3.91,1.3,0,0,8.6,5.04,0,0,2.5,64.18,0,22.21,0,0,0,0,0,0,0,2.11,1.352491268,3.73,0,0
28/04/2024 4:00,21.09,0,0,1.08,1.500809749,26.51,1.52,0,0,0.8,2.291933938,12.79,17.67,2.56,0,0,0,0,0,1.307939331,3.91,1.3,0,0,8.6,5.04,0,0,2.5,64.18,0,22.21,0,0,0,0,0,0,0,2.11,1.49171921,3.73,0,0
28/04/2024 4:30,21.09,0,0,1.08,1.515069407,26.51,1.52,0,0,0.8,2.337902206,12.79,17.67,2.56,0,0,0,0,0,1.275691554,3.91,1.3,0,0,8.6,5.04,0,0,2.5,64.18,0,22.21,0,0,0,0,0,0,0,2.11,1.549797207,3.73,0,0
28/04/2024 5:00,20.52,0,0,1.08,1.330232943,26.51,1.52,0,0,0.8,2.147417076,12.79,17.67,2.56,0,0,0,0,0,1.219893521,3.91,1.3,0,0,8.6,5.04,0,0,2.5,64.18,0,22.21,0,0,0,0,0,0,0,2.11,1.511538476,3.73,0,0
28/04/2024 5:30,20.52,0,0,1.08,1.279020509,26.51,1.52,0,0,0.8,2.017401929,12.79,17.67,2.56,0,0,0,0,0,1.162309083,3.91,1.3,0,0,8.6,5.04,0,0,2.5,64.18,0,22.21,0,0,0,0,0,0,0,2.11,1.486096589,3.73,0,0
28/04/2024 6:00,17.68,0,0,1.08,1.716546935,26.51,1.81,0,0,0.8,2.130453827,12.79,17.67,2.56,0,0,0,0,0,1.121942045,3.91,1.3,0,0,8.6,5.04,0,0,2.5,64.18,0,22.21,0,0,0,0,0,0,0,2.11,1.525030137,3.43,0,0
28/04/2024 6:30,17.68,0,0,1.08,1.721785101,26.51,1.81,0,0,0.8,2.271675921,12.79,17.67,2.56,0,0,0,0,0,1.063694061,3.91,1.3,0,0,8.6,5.04,0,0,2.5,64.18,0,22.21,0,0,0,0,0,0,0,2.11,1.552182121,3.43,0,0
28/04/2024 7:00,31.46,0,0,1.08,1.7113107,26.51,1.81,0,0,0.8,2.282024161,12.79,17.67,2.56,0,0,0,0,0,1.068089596,3.91,1.3,0,0,8.6,5.04,0,0,2.5,64.18,0,22.21,0,0,0,0,0,0,0,2.11,1.576683557,3.43,0,0
28/04/2024 7:30,31.46,0,0,1.08,1.702958144,26.51,1.81,0,0,0.8,2.238958612,12.79,17.67,2.56,0,0,0,0,0,1.084322817,3.91,1.3,0,0,8.6,5.04,0,0,2.5,64.18,0,22.21,0,0,0,0,0,0,0,2.11,1.576270519,3.43,0,0
28/04/2024 8:00,31.46,0,0,1.08,1.364444449,26.51,1.81,0,0,0.8,2.16473331,12.79,17.67,2.56,0,0,0,0,0,1.105468278,3.91,1.3,0,0,8.6,5.04,0,0,2.5,64.18,0,22.21,0,0,0,0,0,0,0,2.11,1.563754193,3.43,0,0
28/04/2024 8:30,31.46,0,0,1.08,1.360045401,26.51,1.81,0,0,0.8,2.120856253,12.79,17.67,2.56,0,0,0,0,0,1.142892077,3.91,1.3,0,0,8.6,5.04,0,0,2.5,64.18,0,22.21,0,0,0,0,0,0,0,2.11,1.548302136,3.43,0,0
28/04/2024 9:00,31.46,0,0,1.08,1.386814897,26.51,1.81,0,0,0.8,2.107839272,12.79,17.67,2.56,0,0,0,0,0,1.163309558,3.91,1.3,0,0,8.6,5.04,0,0,2.5,64.18,0,22.21,0,0,0,0,0,0,0,2.11,1.542309439,3.43,0,0
28/04/2024 9:30,31.46,0,0,1.08,1.433479545,26.51,1.81,0,0,0.8,2.219058502,12.79,17.67,2.56,0,0,0,0,0,1.189122682,3.91,1.3,0,0,8.6,5.04,0,0,2.5,64.18,0,22.21,0,0,0,0,0,0,0,2.11,1.595330565,3.43,0,0
28/04/2024 10:00,31.46,0,0,1.08,1.489046468,26.51,1.81,0,0,0.8,2.364520544,12.79,17.67,2.56,0,0,0,0,0,1.219455081,3.91,1.3,0,0,8.6,5.04,0,0,2.5,64.18,0,22.21,0,0,0,0,0,0,0,2.11,1.672545433,3.43,0,0
28/04/2024 10:30,31.46,0,0,1.08,1.537387791,26.51,1.81,0,0,0.8,2.458710822,12.79,17.67,2.56,0,0,0,0,0,1.249467808,3.91,1.3,0,0,8.6,5.04,0,0,2.5,64.18,0,22.21,0,0,0,0,0,0,0,2.11,1.735523446,3.43,0,0
28/04/2024 11:00,31.46,0,0,1.08,1.589348147,26.51,1.81,0,0,0.8,2.530635128,12.79,17.67,2.56,0,0,0,0,0,1.263215798,3.91,1.3,0,0,8.6,5.04,0,0,2.5,64.18,0,22.21,0,0,0,0,0,0,0,2.11,1.789965587,3.43,0,0
28/04/2024 11:30,31.46,0,0,1.08,1.632660932,26.51,1.81,0,0,0.8,2.591394874,12.79,17.67,2.56,0,0,0,0,0,1.287002596,3.91,1.3,0,0,8.6,5.04,0,0,2.5,64.18,0,22.21,0,0,0,0,0,0,0,2.11,1.836830777,3.43,0,0
28/04/2024 12:00,31.46,0,0,1.08,1.657456076,26.51,1.81,0,0,0.8,2.6441174,12.79,17.67,2.56,0,0,0,0,0,1.313066098,3.91,1.3,0,0,8.6,5.04,0,0,2.5,64.18,0,22.21,0,0,0,0,0,0,0,2.11,1.874818941,3.43,0,0
28/04/2024 12:30,31.46,0,0,1.08,1.682838766,26.51,1.81,0,0,0.8,2.701132199,12.79,17.67,2.56,0,0,0,0,0,1.328757908,3.91,1.3,0,0,8.6,5.04,0,0,2.5,64.18,0,22.21,0,0,0,0,0,0,0,2.11,1.907589619,3.43,0,0
28/04/2024 13:00,31.46,0,0,1.08,1.743679473,26.51,1.81,0,0,0.8,2.753338451,12.79,17.67,2.56,0,0,0,0,0,1.320159316,3.91,1.3,0,0,8.6,5.04,0,0,2.5,64.18,0,22.21,0,0,0,0,0,0,0,2.11,1.950515674,3.43,0,0
28/04/2024 13:30,31.46,0,0,1.08,1.796586476,26.51,1.81,0,0,0.8,2.814641017,12.79,17.67,2.56,0,0,0,0,0,1.319812828,3.91,1.3,0,0,8.6,5.04,0,0,2.5,64.18,0,22.21,0,0,0,0,0,0,0,2.11,2.000699635,3.43,0,0
28/04/2024 14:00,31.46,0,0,1.08,1.838189442,26.51,1.81,0,0,0.8,2.922507057,12.79,17.67,2.56,0,0,0,0,0,1.344670958,3.91,1.3,0,0,8.6,5.04,0,0,2.5,64.18,0,22.21,0,0,0,0,0,0,0,2.11,2.070479499,3.43,0,0
28/04/2024 14:30,31.46,0,0,1.08,1.851267291,26.51,1.81,0,0,0.8,2.976945753,12.79,17.67,2.56,0,0,0,0,0,1.356191743,3.91,1.3,0,0,8.6,5.04,0,0,2.5,64.18,0,22.21,0,0,0,0,0,0,0,2.11,2.116731204,3.43,0,0
28/04/2024 15:00,31.46,0,0,1.08,1.901021222,26.51,1.81,0,0,0.8,3.051810432,12.79,17.67,2.56,0,0,0,0,0,1.36009854,3.91,1.3,0,0,8.6,5.04,0,0,2.5,64.18,0,22.21,0,0,0,0,0,0,0,2.11,2.146459974,3.43,0,0
28/04/2024 15:30,31.46,0,0,1.08,1.955981225,26.51,1.81,0,0,0.8,3.153469344,12.79,17.67,2.56,0,0,0,0,0,1.365509377,3.91,1.3,0,0,8.6,5.04,0,0,2.5,64.18,0,22.21,0,0,0,0,0,0,0,2.11,2.198586954,3.43,0,0
28/04/2024 16:00,31.46,0,0,1.08,1.948257985,26.51,1.81,0,0,0.8,3.160862256,12.79,17.67,2.56,0,0,0,0,0,1.376513682,3.91,1.3,0,0,8.6,5.04,0,0,2.5,64.18,0,22.21,0,0,0,0,0,0,0,2.11,2.198964832,3.43,0,0
28/04/2024 16:30,31.46,0,0,1.08,1.842414939,26.51,1.81,0,0,0.8,2.997900912,12.79,17.67,2.56,0,0,0,0,0,1.330408665,3.91,1.3,0,0,8.6,5.04,0,0,2.5,64.18,0,22.21,0,0,0,0,0,0,0,2.11,2.135694727,3.43,0,0
28/04/2024 17:00,31.46,0,0,1.08,1.788482802,26.51,1.81,0,0,0.8,2.867777032,12.79,17.67,2.56,0,0,0,0,0,1.197504354,3.91,1.3,0,0,8.6,5.04,0,0,2.5,64.18,0,22.21,0,0,0,0,0,0,0,2.11,2.087932662,3.43,0,0
28/04/2024 17:30,31.46,0,0,1.08,1.848724644,26.51,1.81,0,0,0.8,2.916170503,12.79,17.67,2.56,0,0,0,0,0,1.139606148,3.91,1.3,0,0,8.6,5.04,0,0,2.5,64.18,0,22.21,0,0,0,0,0,0,0,2.11,2.133553608,3.43,0,0
28/04/2024 18:00,31.46,0,0,1.08,1.986826488,26.51,1.81,0,0,0.8,3.187019056,12.79,17.67,2.56,0,0,0,0,0,1.250425065,3.91,1.3,0,0,8.6,5.04,0,0,2.5,64.18,0,22.21,0,0,0,0,0,0,0,2.11,2.255970391,3.43,0,0
28/04/2024 18:30,31.46,0,0,1.08,2.022337601,26.51,1.81,0,0,0.8,3.397146653,12.79,17.67,2.56,0,0,0,0,0,1.335541702,3.91,1.3,0,0,8.6,5.04,0,0,2.5,64.18,0,22.21,0,0,0,0,0,0,0,2.11,2.340630717,3.43,0,0
28/04/2024 19:00,31.46,0,0,1.08,1.98523736,26.51,1.81,0,0,0.8,3.353456565,12.79,17.67,2.56,0,0,0,0,0,1.379305843,3.91,1.3,0,0,8.6,5.04,0,0,2.5,64.18,0,22.21,0,0,0,0,0,0,0,2.11,2.375686501,3.43,0,0
28/04/2024 19:30,31.46,0,0,1.08,1.877406923,26.51,1.81,0,0,0.8,3.120857338,12.79,17.67,2.56,0,0,0,0,0,1.390583505,3.91,1.3,0,0,8.6,5.04,0,0,2.5,64.18,0,22.21,0,0,0,0,0,0,0,2.11,2.282223658,3.43,0,0
28/04/2024 20:00,31.46,0,0,1.08,1.723815479,26.51,1.81,0,0,0.8,2.801326772,12.79,17.67,2.56,0,0,0,0,0,1.384284131,3.91,1.3,0,0,8.6,5.04,0,0,2.5,64.18,0,22.21,0,0,0,0,0,0,0,2.11,2.093211323,3.43,0,0
28/04/2024 20:30,31.46,0,0,1.08,1.561777057,26.51,1.81,0,0,0.8,2.479538241,12.79,17.67,2.56,0,0,0,0,0,1.36532385,3.91,1.3,0,0,8.6,5.04,0,0,2.5,64.18,0,22.21,0,0,0,0,0,0,0,2.11,1.89177328,3.43,0,0
28/04/2024 21:00,31.46,0,0,1.08,1.449796043,26.51,1.81,0,0,0.8,2.239648377,12.79,17.67,2.56,0,0,0,0,0,1.35552629,3.91,1.3,0,0,8.6,5.04,0,0,2.5,64.18,0,22.21,0,0,0,0,0,0,0,2.11,1.722027722,3.43,0,0
28/04/2024 21:30,31.46,0,0,1.08,1.369353475,26.51,1.81,0,0,0.8,2.109410721,12.79,17.67,2.56,0,0,0,0,0,1.342612131,3.91,1.3,0,0,8.6,5.04,0,0,2.5,64.18,0,22.21,0,0,0,0,0,0,0,2.11,1.62412694,3.43,0,0
28/04/2024 22:00,31.46,0,0,1.08,1.341459204,26.51,1.81,0,0,0.8,2.066083033,12.79,17.67,2.56,0,0,0,0,0,1.346479163,3.91,1.3,0,0,8.6,5.04,0,0,2.5,64.18,0,22.21,0,0,0,0,0,0,0,2.11,1.539984653,3.43,0,0
28/04/2024 22:30,31.46,0,0,1.08,1.296106445,26.51,1.81,0,0,0.8,2.009257167,12.79,17.67,2.56,0,0,0,0,0,1.349884471,3.91,1.3,0,0,8.6,5.04,0,0,2.5,64.18,0,22.21,0,0,0,0,0,0,0,2.11,1.464724222,3.43,0,0
28/04/2024 23:00,31.46,0,0,1.08,1.270842566,26.51,1.81,0,0,0.8,1.958554526,12.79,17.67,2.56,0,0,0,0,0,1.345126039,3.91,1.3,0,0,8.6,5.04,0,0,2.5,64.18,0,22.21,0,0,0,0,0,0,0,2.11,1.405185739,3.43,0,0
28/04/2024 23:30,31.46,0,0,1.08,1.24834784,26.51,1.81,0,0,0.8,1.907753352,12.79,17.67,2.56,0,0,0,0,0,1.336868789,3.91,1.3,0,0,8.6,5.04,0,0,2.5,64.18,0,22.21,0,0,0,0,0,0,0,2.11,1.362845466,3.43,0,0
29/04/2024 0:00,31.46,0,0,1.08,1.2014727,26.51,1.81,0,0,0.8,1.857429499,12.79,17.67,2.56,0,0,0,0,0,1.326186284,3.91,1.3,0,0,8.6,5.04,0,0,2.5,64.18,0,22.21,0,0,0,0,0,0,0,2.11,1.318906687,3.43,0,0
29/04/2024 0:30,31.46,0,0,1.08,1.1757171,26.51,1.81,0,0,0.8,1.820989812,12.79,17.67,2.56,0,0,0,0,0,1.322590163,3.91,1.3,0,0,8.6,5.04,0,0,2.5,64.18,0,22.21,0,0,0,0,0,0,0,2.11,1.289608313,3.43,0,0
29/04/2024 1:00,31.46,0,0,1.08,1.179992479,26.51,1.81,0,0,0.8,1.794449089,12.79,17.67,2.56,0,0,0,0,0,1.316215194,3.91,1.3,0,0,8.6,5.04,0,0,2.5,64.18,0,22.21,0,0,0,0,0,0,0,2.11,1.272776297,3.43,0,0
29/04/2024 1:30,31.46,0,0,1.08,1.168240188,26.51,1.81,0,0,0.8,1.77174583,12.79,17.67,2.56,0,0,0,0,0,1.313886822,3.91,1.3,0,0,8.6,5.04,0,0,2.5,64.18,0,22.21,0,0,0,0,0,0,0,2.11,1.256360304,3.43,0,0
29/04/2024 2:00,31.46,0,0,1.08,1.166075414,26.51,1.81,0,0,0.8,1.797026858,12.79,17.67,2.56,0,0,0,0,0,1.321672971,3.91,1.3,0,0,8.6,5.04,0,0,2.5,64.18,0,22.21,0,0,0,0,0,0,0,2.11,1.249382629,3.43,0,0
29/04/2024 2:30,31.46,0,0,1.08,1.156236478,26.51,1.81,0,0,0.8,1.80048126,12.79,17.67,2.56,0,0,0,0,0,1.328043518,3.91,1.3,0,0,8.6,5.04,0,0,2.5,64.18,0,22.21,0,0,0,0,0,0,0,2.11,1.251445161,3.43,0,0
29/04/2024 3:00,31.46,0,0,1.08,1.203887018,26.51,1.81,0,0,0.8,1.847823721,12.79,17.67,2.56,0,0,0,0,0,1.333397271,3.91,1.3,0,0,8.6,5.04,0,0,2.5,64.18,0,22.21,0,0,0,0,0,0,0,2.11,1.262979339,3.43,0,0
29/04/2024 3:30,31.46,0,0,1.08,1.307538684,26.51,1.81,0,0,0.8,2.023016035,12.79,17.67,2.56,0,0,0,0,0,1.319931293,3.91,1.3,0,0,8.6,5.04,0,0,2.5,64.18,0,22.21,0,0,0,0,0,0,0,2.11,1.344673399,3.43,0,0
29/04/2024 4:00,31.46,0,0,1.08,1.491189174,26.51,1.81,0,0,0.8,2.282502111,12.79,17.67,2.56,0,0,0,0,0,1.307939331,3.91,1.3,0,0,8.6,5.04,0,0,2.5,64.18,0,22.21,0,0,0,0,0,0,0,2.11,1.483096556,3.43,0,0
29/04/2024 4:30,31.46,0,0,1.08,1.505357424,26.51,1.81,0,0,0.8,2.32828121,12.79,17.67,2.56,0,0,0,0,0,1.275691554,3.91,1.3,0,0,8.6,5.04,0,0,2.5,64.18,0,22.21,0,0,0,0,0,0,0,2.11,1.540838842,3.43,0,0
29/04/2024 5:00,31.46,0,0,1.08,1.321705809,26.51,1.81,0,0,0.8,2.138579969,12.79,17.67,2.56,0,0,0,0,0,1.219893521,3.91,1.3,0,0,8.6,5.04,0,0,2.5,64.18,0,22.21,0,0,0,0,0,0,0,2.11,1.50280126,3.43,0,0
29/04/2024 5:30,31.46,0,0,1.08,1.27082166,26.51,1.81,0,0,0.8,2.009099863,12.79,17.67,2.56,0,0,0,0,0,1.162309083,3.91,1.3,0,0,8.6,5.04,0,0,2.5,64.18,0,22.21,0,0,0,0,0,0,0,2.11,1.477506435,3.43,0,0
29/04/2024 6:00,36.25,0,0,1.08,1.705543429,26.51,1.52,0,0,0.8,2.121686527,12.79,17.67,2.56,0,0,0,0,0,1.121942045,3.91,1.3,0,0,8.6,5.04,0,0,2.5,64.18,0,19.39,0,0,0,0,0,0,0,2.11,1.516214934,3.73,0,0
29/04/2024 6:30,36.25,0,0,1.08,1.710748017,26.51,1.52,0,0,0.8,2.262327461,12.79,17.67,2.56,0,0,0,0,0,1.063694061,3.91,1.3,0,0,8.6,5.04,0,0,2.5,64.18,0,19.39,0,0,0,0,0,0,0,2.11,1.54320997,3.73,0,0
29/04/2024 7:00,36.25,0,0,1.08,1.700340759,26.51,1.52,0,0,0.8,2.272633115,12.79,17.67,2.56,0,0,0,0,0,1.068089596,3.91,1.3,0,0,8.6,5.04,0,0,2.5,64.18,0,19.39,0,0,0,0,0,0,0,2.11,1.567569779,3.73,0,0
29/04/2024 7:30,36.25,0,0,1.08,1.692041746,26.51,1.52,0,0,0.8,2.22974479,12.79,17.67,2.56,0,0,0,0,0,1.084322817,3.91,1.3,0,0,8.6,5.04,0,0,2.5,64.18,0,19.39,0,0,0,0,0,0,0,2.11,1.567159129,3.73,0,0
29/04/2024 8:00,36.25,0,0,1.08,1.35569801,26.51,1.52,0,0,0.8,2.155824942,12.79,17.67,2.56,0,0,0,0,0,1.105468278,3.91,1.3,0,0,8.6,5.04,0,0,2.5,64.18,0,19.39,0,0,0,0,0,0,0,2.11,1.554715152,3.73,0,0
29/04/2024 8:30,36.25,0,0,1.08,1.351327161,26.51,1.52,0,0,0.8,2.11212845,12.79,17.67,2.56,0,0,0,0,0,1.142892077,3.91,1.3,0,0,8.6,5.04,0,0,2.5,64.18,0,19.39,0,0,0,0,0,0,0,2.11,1.539352412,3.73,0,0
29/04/2024 9:00,36.25,0,0,1.08,1.377925058,26.51,1.52,0,0,0.8,2.099165036,12.79,17.67,2.56,0,0,0,0,0,1.163309558,3.91,1.3,0,0,8.6,5.04,0,0,2.5,64.18,0,19.39,0,0,0,0,0,0,0,2.11,1.533394355,3.73,0,0
29/04/2024 9:30,36.25,0,0,1.08,1.424290573,26.51,1.52,0,0,0.8,2.209926574,12.79,17.67,2.56,0,0,0,0,0,1.189122682,3.91,1.3,0,0,8.6,5.04,0,0,2.5,64.18,0,19.39,0,0,0,0,0,0,0,2.11,1.586109001,3.73,0,0
29/04/2024 10:00,36.25,0,0,1.08,1.479501298,26.51,1.52,0,0,0.8,2.354790007,12.79,17.67,2.56,0,0,0,0,0,1.219455081,3.91,1.3,0,0,8.6,5.04,0,0,2.5,64.18,0,19.39,0,0,0,0,0,0,0,2.11,1.66287754,3.73,0,0
29/04/2024 10:30,36.25,0,0,1.08,1.527532742,26.51,1.52,0,0,0.8,2.44859267,12.79,17.67,2.56,0,0,0,0,0,1.249467808,3.91,1.3,0,0,8.6,5.04,0,0,2.5,64.18,0,19.39,0,0,0,0,0,0,0,2.11,1.725491519,3.73,0,0
29/04/2024 11:00,36.25,0,0,1.08,1.579160018,26.51,1.52,0,0,0.8,2.520220991,12.79,17.67,2.56,0,0,0,0,0,1.263215798,3.91,1.3,0,0,8.6,5.04,0,0,2.5,64.18,0,19.39,0,0,0,0,0,0,0,2.11,1.779618965,3.73,0,0
29/04/2024 11:30,36.25,0,0,1.08,1.622195157,26.51,1.52,0,0,0.8,2.580730698,12.79,17.67,2.56,0,0,0,0,0,1.287002596,3.91,1.3,0,0,8.6,5.04,0,0,2.5,64.18,0,19.39,0,0,0,0,0,0,0,2.11,1.826213258,3.73,0,0
29/04/2024 12:00,36.25,0,0,1.08,1.646831358,26.51,1.52,0,0,0.8,2.633236259,12.79,17.67,2.56,0,0,0,0,0,1.313066098,3.91,1.3,0,0,8.6,5.04,0,0,2.5,64.18,0,19.39,0,0,0,0,0,0,0,2.11,1.863981838,3.73,0,0
29/04/2024 12:30,36.25,0,0,1.08,1.672051338,26.51,1.52,0,0,0.8,2.690016428,12.79,17.67,2.56,0,0,0,0,0,1.328757908,3.91,1.3,0,0,8.6,5.04,0,0,2.5,64.18,0,19.39,0,0,0,0,0,0,0,2.11,1.896563089,3.73,0,0
29/04/2024 13:00,36.25,0,0,1.08,1.732502041,26.51,1.52,0,0,0.8,2.74200784,12.79,17.67,2.56,0,0,0,0,0,1.320159316,3.91,1.3,0,0,8.6,5.04,0,0,2.5,64.18,0,19.39,0,0,0,0,0,0,0,2.11,1.939241016,3.73,0,0
29/04/2024 13:30,36.25,0,0,1.08,1.785069896,26.51,1.52,0,0,0.8,2.803058132,12.79,17.67,2.56,0,0,0,0,0,1.319812828,3.91,1.3,0,0,8.6,5.04,0,0,2.5,64.18,0,19.39,0,0,0,0,0,0,0,2.11,1.989134898,3.73,0,0
29/04/2024 14:00,36.25,0,0,1.08,1.826406176,26.51,1.52,0,0,0.8,2.910480279,12.79,17.67,2.56,0,0,0,0,0,1.344670958,3.91,1.3,0,0,8.6,5.04,0,0,2.5,64.18,0,19.39,0,0,0,0,0,0,0,2.11,2.058511409,3.73,0,0
29/04/2024 14:30,36.25,0,0,1.08,1.839400193,26.51,1.52,0,0,0.8,2.964694948,12.79,17.67,2.56,0,0,0,0,0,1.356191743,3.91,1.3,0,0,8.6,5.04,0,0,2.5,64.18,0,19.39,0,0,0,0,0,0,0,2.11,2.104495764,3.73,0,0
29/04/2024 15:00,36.25,0,0,1.08,1.888835189,26.51,1.52,0,0,0.8,3.039251541,12.79,17.67,2.56,0,0,0,0,0,1.36009854,3.91,1.3,0,0,8.6,5.04,0,0,2.5,64.18,0,19.39,0,0,0,0,0,0,0,2.11,2.134052691,3.73,0,0
29/04/2024 15:30,36.25,0,0,1.08,1.943442884,26.51,1.52,0,0,0.8,3.140492104,12.79,17.67,2.56,0,0,0,0,0,1.365509377,3.91,1.3,0,0,8.6,5.04,0,0,2.5,64.18,0,19.39,0,0,0,0,0,0,0,2.11,2.185878358,3.73,0,0
29/04/2024 16:00,36.25,0,0,1.08,1.935769152,26.51,1.52,0,0,0.8,3.147854592,12.79,17.67,2.56,0,0,0,0,0,1.376513682,3.91,1.3,0,0,8.6,5.04,0,0,2.5,64.18,0,19.39,0,0,0,0,0,0,0,2.11,2.186254053,3.73,0,0
29/04/2024 16:30,36.25,0,0,1.08,1.830604587,26.51,1.52,0,0,0.8,2.985563871,12.79,17.67,2.56,0,0,0,0,0,1.330408665,3.91,1.3,0,0,8.6,5.04,0,0,2.5,64.18,0,19.39,0,0,0,0,0,0,0,2.11,2.123349671,3.73,0,0
29/04/2024 17:00,36.25,0,0,1.08,1.777018169,26.51,1.52,0,0,0.8,2.855975481,12.79,17.67,2.56,0,0,0,0,0,1.197504354,3.91,1.3,0,0,8.6,5.04,0,0,2.5,64.18,0,19.39,0,0,0,0,0,0,0,2.11,2.075863687,3.73,0,0
29/04/2024 17:30,36.25,0,0,1.08,1.836873845,26.51,1.52,0,0,0.8,2.904169801,12.79,17.67,2.56,0,0,0,0,0,1.139606148,3.91,1.3,0,0,8.6,5.04,0,0,2.5,64.18,0,19.39,0,0,0,0,0,0,0,2.11,2.121220928,3.73,0,0
29/04/2024 18:00,36.25,0,0,1.08,1.974090421,26.51,1.52,0,0,0.8,3.173903751,12.79,17.67,2.56,0,0,0,0,0,1.250425065,3.91,1.3,0,0,8.6,5.04,0,0,2.5,64.18,0,19.39,0,0,0,0,0,0,0,2.11,2.2429301,3.73,0,0
29/04/2024 18:30,36.25,0,0,1.08,2.009373899,26.51,1.52,0,0,0.8,3.383166626,12.79,17.67,2.56,0,0,0,0,0,1.335541702,3.91,1.3,0,0,8.6,5.04,0,0,2.5,64.18,0,19.39,0,0,0,0,0,0,0,2.11,2.32710106,3.73,0,0
29/04/2024 19:00,36.25,0,0,1.08,1.972511479,26.51,1.52,0,0,0.8,3.339656332,12.79,17.67,2.56,0,0,0,0,0,1.379305843,3.91,1.3,0,0,8.6,5.04,0,0,2.5,64.18,0,19.39,0,0,0,0,0,0,0,2.11,2.361954209,3.73,0,0
29/04/2024 19:30,36.25,0,0,1.08,1.865372263,26.51,1.52,0,0,0.8,3.108014304,12.79,17.67,2.56,0,0,0,0,0,1.390583505,3.91,1.3,0,0,8.6,5.04,0,0,2.5,64.18,0,19.39,0,0,0,0,0,0,0,2.11,2.269031614,3.73,0,0
29/04/2024 20:00,36.25,0,0,1.08,1.712765379,26.51,1.52,0,0,0.8,2.789798679,12.79,17.67,2.56,0,0,0,0,0,1.384284131,3.91,1.3,0,0,8.6,5.04,0,0,2.5,64.18,0,19.39,0,0,0,0,0,0,0,2.11,2.081111836,3.73,0,0
29/04/2024 20:30,36.25,0,0,1.08,1.551765666,26.51,1.52,0,0,0.8,2.46933438,12.79,17.67,2.56,0,0,0,0,0,1.36532385,3.91,1.3,0,0,8.6,5.04,0,0,2.5,64.18,0,19.39,0,0,0,0,0,0,0,2.11,1.880838175,3.73,0,0
29/04/2024 21:00,36.25,0,0,1.08,1.440502479,26.51,1.52,0,0,0.8,2.230431717,12.79,17.67,2.56,0,0,0,0,0,1.35552629,3.91,1.3,0,0,8.6,5.04,0,0,2.5,64.18,0,19.39,0,0,0,0,0,0,0,2.11,1.712073805,3.73,0,0
29/04/2024 21:30,36.25,0,0,1.08,1.360575568,26.51,1.52,0,0,0.8,2.100730018,12.79,17.67,2.56,0,0,0,0,0,1.342612131,3.91,1.3,0,0,8.6,5.04,0,0,2.5,64.18,0,19.39,0,0,0,0,0,0,0,2.11,1.614738923,3.73,0,0
29/04/2024 22:00,36.25,0,0,1.08,1.332860107,26.51,1.52,0,0,0.8,2.057580634,12.79,17.67,2.56,0,0,0,0,0,1.346479163,3.91,1.3,0,0,8.6,5.04,0,0,2.5,64.18,0,19.39,0,0,0,0,0,0,0,2.11,1.531083008,3.73,0,0
29/04/2024 22:30,36.25,0,0,1.08,1.287798071,26.51,1.52,0,0,0.8,2.000988619,12.79,17.67,2.56,0,0,0,0,0,1.349884471,3.91,1.3,0,0,8.6,5.04,0,0,2.5,64.18,0,19.39,0,0,0,0,0,0,0,2.11,1.456257608,3.73,0,0
29/04/2024 23:00,36.25,0,0,1.08,1.262696139,26.51,1.52,0,0,0.8,1.950494631,12.79,17.67,2.56,0,0,0,0,0,1.345126039,3.91,1.3,0,0,8.6,5.04,0,0,2.5,64.18,0,19.39,0,0,0,0,0,0,0,2.11,1.397063278,3.73,0,0
29/04/2024 23:30,36.25,0,0,1.08,1.24034561,26.51,1.52,0,0,0.8,1.899902515,12.79,17.67,2.56,0,0,0,0,0,1.336868789,3.91,1.3,0,0,8.6,5.04,0,0,2.5,64.18,0,19.39,0,0,0,0,0,0,0,2.11,1.354967747,3.73,0,0
30/04/2024 0:00,36.25,0,0,1.08,1.2014727,26.51,1.52,0,0,0.8,1.857429499,12.79,17.67,2.56,0,0,0,0,0,1.326186284,3.91,1.3,0,0,8.6,5.04,0,0,2.5,64.18,0,19.39,0,0,0,0,0,0,0,2.11,1.311238625,3.73,0,0
30/04/2024 0:30,36.25,0,0,1.08,1.1757171,26.51,1.52,0,0,0.8,1.820989812,12.79,17.67,2.56,0,0,0,0,0,1.322590163,3.91,1.3,0,0,8.6,5.04,0,0,2.5,64.18,0,19.39,0,0,0,0,0,0,0,2.11,1.28211059,3.73,0,0
30/04/2024 1:00,36.25,0,0,1.08,1.179992479,26.51,1.52,0,0,0.8,1.794449089,12.79,17.67,2.56,0,0,0,0,0,1.316215194,3.91,1.3,0,0,8.6,5.04,0,0,2.5,64.18,0,19.39,0,0,0,0,0,0,0,2.11,1.265376435,3.73,0,0
30/04/2024 1:30,36.25,0,0,1.08,1.168240188,26.51,1.52,0,0,0.8,1.77174583,12.79,17.67,2.56,0,0,0,0,0,1.313886822,3.91,1.3,0,0,8.6,5.04,0,0,2.5,64.18,0,19.39,0,0,0,0,0,0,0,2.11,1.249055884,3.73,0,0
30/04/2024 2:00,36.25,0,0,1.08,1.166075414,26.51,1.52,0,0,0.8,1.797026858,12.79,17.67,2.56,0,0,0,0,0,1.321672971,3.91,1.3,0,0,8.6,5.04,0,0,2.5,64.18,0,19.39,0,0,0,0,0,0,0,2.11,1.242118777,3.73,0,0
30/04/2024 2:30,36.25,0,0,1.08,1.156236478,26.51,1.52,0,0,0.8,1.80048126,12.79,17.67,2.56,0,0,0,0,0,1.328043518,3.91,1.3,0,0,8.6,5.04,0,0,2.5,64.18,0,19.39,0,0,0,0,0,0,0,2.11,1.244169317,3.73,0,0
30/04/2024 3:00,36.25,0,0,1.08,1.203887018,26.51,1.52,0,0,0.8,1.847823721,12.79,17.67,2.56,0,0,0,0,0,1.333397271,3.91,1.3,0,0,8.6,5.04,0,0,2.5,64.18,0,19.39,0,0,0,0,0,0,0,2.11,1.255636436,3.73,0,0
30/04/2024 3:30,36.25,0,0,1.08,1.307538684,26.51,1.52,0,0,0.8,2.023016035,12.79,17.67,2.56,0,0,0,0,0,1.319931293,3.91,1.3,0,0,8.6,5.04,0,0,2.5,64.18,0,19.39,0,0,0,0,0,0,0,2.11,1.336855531,3.73,0,0
30/04/2024 4:00,36.25,0,0,1.08,1.491189174,26.51,1.52,0,0,0.8,2.282502111,12.79,17.67,2.56,0,0,0,0,0,1.307939331,3.91,1.3,0,0,8.6,5.04,0,0,2.5,64.18,0,19.39,0,0,0,0,0,0,0,2.11,1.474473901,3.73,0,0
30/04/2024 4:30,36.25,0,0,1.08,1.505357424,26.51,1.52,0,0,0.8,2.32828121,12.79,17.67,2.56,0,0,0,0,0,1.275691554,3.91,1.3,0,0,8.6,5.04,0,0,2.5,64.18,0,19.39,0,0,0,0,0,0,0,2.11,1.531880476,3.73,0,0
30/04/2024 5:00,36.25,0,0,1.08,1.321705809,26.51,1.52,0,0,0.8,2.138579969,12.79,17.67,2.56,0,0,0,0,0,1.219893521,3.91,1.3,0,0,8.6,5.04,0,0,2.5,64.18,0,19.39,0,0,0,0,0,0,0,2.11,1.494064043,3.73,0,0
30/04/2024 5:30,36.25,0,0,1.08,1.27082166,26.51,1.52,0,0,0.8,2.009099863,12.79,17.67,2.56,0,0,0,0,0,1.162309083,3.91,1.3,0,0,8.6,5.04,0,0,2.5,64.18,0,19.39,0,0,0,0,0,0,0,2.11,1.468916281,3.73,0,0
30/04/2024 6:00,32.63,0,0,1.08,1.705543429,26.5,1.52,0,0,0.8,2.121686527,12.79,17.67,2.8,0,0,0,0,0,1.121942045,3.91,1.3,0,0,8.6,5.04,0,0,2.5,64.18,0,17.14,0,0,0,0,0,0,0,2.11,1.507399731,3.43,0,0
30/04/2024 6:30,32.63,0,0,1.08,1.710748017,26.5,1.52,0,0,0.8,2.262327461,12.79,17.67,2.8,0,0,0,0,0,1.063694061,3.91,1.3,0,0,8.6,5.04,0,0,2.5,64.18,0,17.14,0,0,0,0,0,0,0,2.11,1.534237819,3.43,0,0
30/04/2024 7:00,32.63,0,0,1.08,1.700340759,26.5,1.52,0,0,0.8,2.272633115,12.79,17.67,2.8,0,0,0,0,0,1.068089596,3.91,1.3,0,0,8.6,5.04,0,0,2.5,64.18,0,17.14,0,0,0,0,0,0,0,2.11,1.558456002,3.43,0,0
30/04/2024 7:30,32.63,0,0,1.08,1.692041746,26.5,1.52,0,0,0.8,2.22974479,12.79,17.67,2.8,0,0,0,0,0,1.084322817,3.91,1.3,0,0,8.6,5.04,0,0,2.5,64.18,0,17.14,0,0,0,0,0,0,0,2.11,1.558047739,3.43,0,0
30/04/2024 8:00,32.63,0,0,1.08,1.35569801,26.5,1.52,0,0,0.8,2.155824942,12.79,17.67,2.8,0,0,0,0,0,1.105468278,3.91,1.3,0,0,8.6,5.04,0,0,2.5,64.18,0,17.14,0,0,0,0,0,0,0,2.11,1.54567611,3.43,0,0
30/04/2024 8:30,32.63,0,0,1.08,1.351327161,26.5,1.52,0,0,0.8,2.11212845,12.79,17.67,2.8,0,0,0,0,0,1.142892077,3.91,1.3,0,0,8.6,5.04,0,0,2.5,64.18,0,17.14,0,0,0,0,0,0,0,2.11,1.530402689,3.43,0,0
30/04/2024 9:00,32.63,0,0,1.08,1.377925058,26.5,1.52,0,0,0.8,2.099165036,12.79,17.67,2.8,0,0,0,0,0,1.163309558,3.91,1.3,0,0,8.6,5.04,0,0,2.5,64.18,0,17.14,0,0,0,0,0,0,0,2.11,1.524479272,3.43,0,0
30/04/2024 9:30,32.63,0,0,1.08,1.424290573,26.5,1.52,0,0,0.8,2.209926574,12.79,17.67,2.8,0,0,0,0,0,1.189122682,3.91,1.3,0,0,8.6,5.04,0,0,2.5,64.18,0,17.14,0,0,0,0,0,0,0,2.11,1.576887437,3.43,0,0
30/04/2024 10:00,32.63,0,0,1.08,1.479501298,26.5,1.52,0,0,0.8,2.354790007,12.79,17.67,2.8,0,0,0,0,0,1.219455081,3.91,1.3,0,0,8.6,5.04,0,0,2.5,64.18,0,17.14,0,0,0,0,0,0,0,2.11,1.653209648,3.43,0,0
30/04/2024 10:30,32.63,0,0,1.08,1.527532742,26.5,1.52,0,0,0.8,2.44859267,12.79,17.67,2.8,0,0,0,0,0,1.249467808,3.91,1.3,0,0,8.6,5.04,0,0,2.5,64.18,0,17.14,0,0,0,0,0,0,0,2.11,1.715459591,3.43,0,0
30/04/2024 11:00,32.63,0,0,1.08,1.579160018,26.5,1.52,0,0,0.8,2.520220991,12.79,17.67,2.8,0,0,0,0,0,1.263215798,3.91,1.3,0,0,8.6,5.04,0,0,2.5,64.18,0,17.14,0,0,0,0,0,0,0,2.11,1.769272343,3.43,0,0
30/04/2024 11:30,32.63,0,0,1.08,1.622195157,26.5,1.52,0,0,0.8,2.580730698,12.79,17.67,2.8,0,0,0,0,0,1.287002596,3.91,1.3,0,0,8.6,5.04,0,0,2.5,64.18,0,17.14,0,0,0,0,0,0,0,2.11,1.81559574,3.43,0,0
30/04/2024 12:00,32.63,0,0,1.08,1.646831358,26.5,1.52,0,0,0.8,2.633236259,12.79,17.67,2.8,0,0,0,0,0,1.313066098,3.91,1.3,0,0,8.6,5.04,0,0,2.5,64.18,0,17.14,0,0,0,0,0,0,0,2.11,1.853144734,3.43,0,0
30/04/2024 12:30,32.63,0,0,1.08,1.672051338,26.5,1.52,0,0,0.8,2.690016428,12.79,17.67,2.8,0,0,0,0,0,1.328757908,3.91,1.3,0,0,8.6,5.04,0,0,2.5,64.18,0,17.14,0,0,0,0,0,0,0,2.11,1.88553656,3.43,0,0
30/04/2024 13:00,32.63,0,0,1.08,1.732502041,26.5,1.52,0,0,0.8,2.74200784,12.79,17.67,2.8,0,0,0,0,0,1.320159316,3.91,1.3,0,0,8.6,5.04,0,0,2.5,64.18,0,17.14,0,0,0,0,0,0,0,2.11,1.927966359,3.43,0,0
30/04/2024 13:30,32.63,0,0,1.08,1.785069896,26.5,1.52,0,0,0.8,2.803058132,12.79,17.67,2.8,0,0,0,0,0,1.319812828,3.91,1.3,0,0,8.6,5.04,0,0,2.5,64.18,0,17.14,0,0,0,0,0,0,0,2.11,1.97757016,3.43,0,0
30/04/2024 14:00,32.63,0,0,1.08,1.826406176,26.5,1.52,0,0,0.8,2.910480279,12.79,17.67,2.8,0,0,0,0,0,1.344670958,3.91,1.3,0,0,8.6,5.04,0,0,2.5,64.18,0,17.14,0,0,0,0,0,0,0,2.11,2.04654332,3.43,0,0
30/04/2024 14:30,32.63,0,0,1.08,1.839400193,26.5,1.52,0,0,0.8,2.964694948,12.79,17.67,2.8,0,0,0,0,0,1.356191743,3.91,1.3,0,0,8.6,5.04,0,0,2.5,64.18,0,17.14,0,0,0,0,0,0,0,2.11,2.092260323,3.43,0,0
30/04/2024 15:00,32.63,0,0,1.08,1.888835189,26.5,1.52,0,0,0.8,3.039251541,12.79,17.67,2.8,0,0,0,0,0,1.36009854,3.91,1.3,0,0,8.6,5.04,0,0,2.5,64.18,0,17.14,0,0,0,0,0,0,0,2.11,2.121645408,3.43,0,0
30/04/2024 15:30,32.63,0,0,1.08,1.943442884,26.5,1.52,0,0,0.8,3.140492104,12.79,17.67,2.8,0,0,0,0,0,1.365509377,3.91,1.3,0,0,8.6,5.04,0,0,2.5,64.18,0,17.14,0,0,0,0,0,0,0,2.11,2.173169763,3.43,0,0
30/04/2024 16:00,32.63,0,0,1.08,1.935769152,26.5,1.52,0,0,0.8,3.147854592,12.79,17.67,2.8,0,0,0,0,0,1.376513682,3.91,1.3,0,0,8.6,5.04,0,0,2.5,64.18,0,17.14,0,0,0,0,0,0,0,2.11,2.173543274,3.43,0,0
30/04/2024 16:30,32.63,0,0,1.08,1.830604587,26.5,1.52,0,0,0.8,2.985563871,12.79,17.67,2.8,0,0,0,0,0,1.330408665,3.91,1.3,0,0,8.6,5.04,0,0,2.5,64.18,0,17.14,0,0,0,0,0,0,0,2.11,2.111004615,3.43,0,0
30/04/2024 17:00,32.63,0,0,1.08,1.777018169,26.5,1.52,0,0,0.8,2.855975481,12.79,17.67,2.8,0,0,0,0,0,1.197504354,3.91,1.3,0,0,8.6,5.04,0,0,2.5,64.18,0,17.14,0,0,0,0,0,0,0,2.11,2.063794712,3.43,0,0
30/04/2024 17:30,32.63,0,0,1.08,1.836873845,26.5,1.52,0,0,0.8,2.904169801,12.79,17.67,2.8,0,0,0,0,0,1.139606148,3.91,1.3,0,0,8.6,5.04,0,0,2.5,64.18,0,17.14,0,0,0,0,0,0,0,2.11,2.108888248,3.43,0,0
30/04/2024 18:00,32.63,0,0,1.08,1.974090421,26.5,1.52,0,0,0.8,3.173903751,12.79,17.67,2.8,0,0,0,0,0,1.250425065,3.91,1.3,0,0,8.6,5.04,0,0,2.5,64.18,0,17.14,0,0,0,0,0,0,0,2.11,2.229889808,3.43,0,0
30/04/2024 18:30,32.63,0,0,1.08,2.009373899,26.5,1.52,0,0,0.8,3.383166626,12.79,17.67,2.8,0,0,0,0,0,1.335541702,3.91,1.3,0,0,8.6,5.04,0,0,2.5,64.18,0,17.14,0,0,0,0,0,0,0,2.11,2.313571403,3.43,0,0
30/04/2024 19:00,32.63,0,0,1.08,1.972511479,26.5,1.52,0,0,0.8,3.339656332,12.79,17.67,2.8,0,0,0,0,0,1.379305843,3.91,1.3,0,0,8.6,5.04,0,0,2.5,64.18,0,17.14,0,0,0,0,0,0,0,2.11,2.348221917,3.43,0,0
30/04/2024 19:30,32.63,0,0,1.08,1.865372263,26.5,1.52,0,0,0.8,3.108014304,12.79,17.67,2.8,0,0,0,0,0,1.390583505,3.91,1.3,0,0,8.6,5.04,0,0,2.5,64.18,0,17.14,0,0,0,0,0,0,0,2.11,2.255839569,3.43,0,0
30/04/2024 20:00,32.63,0,0,1.08,1.712765379,26.5,1.52,0,0,0.8,2.789798679,12.79,17.67,2.8,0,0,0,0,0,1.384284131,3.91,1.3,0,0,8.6,5.04,0,0,2.5,64.18,0,17.14,0,0,0,0,0,0,0,2.11,2.069012348,3.43,0,0
30/04/2024 20:30,32.63,0,0,1.08,1.551765666,26.5,1.52,0,0,0.8,2.46933438,12.79,17.67,2.8,0,0,0,0,0,1.36532385,3.91,1.3,0,0,8.6,5.04,0,0,2.5,64.18,0,17.14,0,0,0,0,0,0,0,2.11,1.869903069,3.43,0,0
30/04/2024 21:00,32.63,0,0,1.08,1.440502479,26.5,1.52,0,0,0.8,2.230431717,12.79,17.67,2.8,0,0,0,0,0,1.35552629,3.91,1.3,0,0,8.6,5.04,0,0,2.5,64.18,0,17.14,0,0,0,0,0,0,0,2.11,1.702119887,3.43,0,0
30/04/2024 21:30,32.63,0,0,1.08,1.360575568,26.5,1.52,0,0,0.8,2.100730018,12.79,17.67,2.8,0,0,0,0,0,1.342612131,3.91,1.3,0,0,8.6,5.04,0,0,2.5,64.18,0,17.14,0,0,0,0,0,0,0,2.11,1.605350906,3.43,0,0
30/04/2024 22:00,32.63,0,0,1.08,1.332860107,26.5,1.52,0,0,0.8,2.057580634,12.79,17.67,2.8,0,0,0,0,0,1.346479163,3.91,1.3,0,0,8.6,5.04,0,0,2.5,64.18,0,17.14,0,0,0,0,0,0,0,2.11,1.522181363,3.43,0,0
30/04/2024 22:30,32.63,0,0,1.08,1.287798071,26.5,1.52,0,0,0.8,2.000988619,12.79,17.67,2.8,0,0,0,0,0,1.349884471,3.91,1.3,0,0,8.6,5.04,0,0,2.5,64.18,0,17.14,0,0,0,0,0,0,0,2.11,1.447790994,3.43,0,0
30/04/2024 23:00,32.63,0,0,1.08,1.262696139,26.5,1.52,0,0,0.8,1.950494631,12.79,17.67,2.8,0,0,0,0,0,1.345126039,3.91,1.3,0,0,8.6,5.04,0,0,2.5,64.18,0,17.14,0,0,0,0,0,0,0,2.11,1.388940817,3.43,0,0
30/04/2024 23:30,32.63,0,0,1.08,1.24034561,26.5,1.52,0,0,0.8,1.899902515,12.79,17.67,2.8,0,0,0,0,0,1.336868789,3.91,1.3,0,0,8.6,5.04,0,0,2.5,64.18,0,17.14,0,0,0,0,0,0,0,2.11,1.347090027,3.43,0,0
1/05/2024 0:00,32.63,0,0,1.08,1.193721263,26.5,1.52,0,0,0.8,1.849754171,12.79,17.67,2.8,0,0,0,0,0,1.326186284,3.91,1.3,0,0,8.6,5.04,0,0,2.5,64.18,0,17.14,0,0,0,0,0,0,0,2.11,1.303570563,3.43,0,0
1/05/2024 0:30,32.63,0,0,1.08,1.168131828,26.5,1.52,0,0,0.8,1.813465061,12.79,17.67,2.8,0,0,0,0,0,1.322590163,3.91,1.3,0,0,8.6,5.04,0,0,2.5,64.18,0,17.14,0,0,0,0,0,0,0,2.11,1.274612867,3.43,0,0
1/05/2024 1:00,32.63,0,0,1.08,1.172379624,26.5,1.52,0,0,0.8,1.787034011,12.79,17.67,2.8,0,0,0,0,0,1.316215194,3.91,1.3,0,0,8.6,5.04,0,0,2.5,64.18,0,17.14,0,0,0,0,0,0,0,2.11,1.257976573,3.43,0,0
1/05/2024 1:30,32.63,0,0,1.08,1.160703154,26.5,1.52,0,0,0.8,1.764424566,12.79,17.67,2.8,0,0,0,0,0,1.313886822,3.91,1.3,0,0,8.6,5.04,0,0,2.5,64.18,0,17.14,0,0,0,0,0,0,0,2.11,1.241751464,3.43,0,0
1/05/2024 2:00,32.63,0,0,1.08,1.158552347,26.5,1.52,0,0,0.8,1.789601127,12.79,17.67,2.8,0,0,0,0,0,1.321672971,3.91,1.3,0,0,8.6,5.04,0,0,2.5,64.18,0,17.14,0,0,0,0,0,0,0,2.11,1.234854924,3.43,0,0
1/05/2024 2:30,32.63,0,0,1.08,1.148776888,26.5,1.52,0,0,0.8,1.793041255,12.79,17.67,2.8,0,0,0,0,0,1.328043518,3.91,1.3,0,0,8.6,5.04,0,0,2.5,64.18,0,17.14,0,0,0,0,0,0,0,2.11,1.236893473,3.43,0,0
1/05/2024 3:00,32.63,0,0,1.08,1.196120005,26.5,1.52,0,0,0.8,1.840188086,12.79,17.67,2.8,0,0,0,0,0,1.333397271,3.91,1.3,0,0,8.6,5.04,0,0,2.5,64.18,0,17.14,0,0,0,0,0,0,0,2.11,1.248293533,3.43,0,0
1/05/2024 3:30,32.63,0,0,1.08,1.299102951,26.5,1.52,0,0,0.8,2.014656465,12.79,17.67,2.8,0,0,0,0,0,1.319931293,3.91,1.3,0,0,8.6,5.04,0,0,2.5,64.18,0,17.14,0,0,0,0,0,0,0,2.11,1.329037662,3.43,0,0
1/05/2024 4:00,32.63,0,0,1.08,1.481568598,26.5,1.52,0,0,0.8,2.273070284,12.79,17.67,2.8,0,0,0,0,0,1.307939331,3.91,1.3,0,0,8.6,5.04,0,0,2.5,64.18,0,17.14,0,0,0,0,0,0,0,2.11,1.465851247,3.43,0,0
1/05/2024 4:30,32.63,0,0,1.08,1.49564544,26.5,1.52,0,0,0.8,2.318660213,12.79,17.67,2.8,0,0,0,0,0,1.275691554,3.91,1.3,0,0,8.6,5.04,0,0,2.5,64.18,0,17.14,0,0,0,0,0,0,0,2.11,1.522922111,3.43,0,0
1/05/2024 5:00,32.63,0,0,1.08,1.313178674,26.5,1.52,0,0,0.8,2.129742861,12.79,17.67,2.8,0,0,0,0,0,1.219893521,3.91,1.3,0,0,8.6,5.04,0,0,2.5,64.18,0,17.14,0,0,0,0,0,0,0,2.11,1.485326826,3.43,0,0
1/05/2024 5:30,32.63,0,0,1.08,1.26262281,26.5,1.52,0,0,0.8,2.000797798,12.79,17.67,2.8,0,0,0,0,0,1.162309083,3.91,1.3,0,0,8.6,5.04,0,0,2.5,64.18,0,17.14,0,0,0,0,0,0,0,2.11,1.460326128,3.43,0,0
1/05/2024 6:00,32.81,0,0.46,1.08,1.694539923,26.89,1.52,0.36,0.1,0.8,2.112919227,12.79,17.67,2.8,0,0,0,0,0,1.121942045,2.46,1.3,0,0,8.6,5.21,0,0,2.5,69.5,0,9.82,0,0,0,0,0,0,0,2.11,1.498584528,3.43,0,0
1/05/2024 6:30,32.81,0,0.46,1.08,1.699710933,26.89,1.52,0.36,0.1,0.8,2.252979,12.79,17.67,2.8,0,0,0,0,0,1.063694061,2.46,1.3,0,0,8.6,5.21,0,0,2.5,69.5,0,9.82,0,0,0,0,0,0,0,2.11,1.525265668,3.43,0,0
1/05/2024 7:00,32.81,0,0.46,1.08,1.689370819,26.89,1.52,0.36,0.1,0.8,2.26324207,12.79,17.67,2.8,0,0,0,0,0,1.068089596,2.46,1.3,0,0,8.6,5.21,0,0,2.5,69.5,0,9.82,0,0,0,0,0,0,0,2.11,1.549342224,3.43,0,0
1/05/2024 7:30,32.81,0,0.46,1.08,1.681125347,26.89,1.52,0.36,0.1,0.8,2.220530969,12.79,17.67,2.8,0,0,0,0,0,1.084322817,2.46,1.3,0,0,8.6,5.21,0,0,2.5,69.5,0,9.82,0,0,0,0,0,0,0,2.11,1.548936348,3.43,0,0
1/05/2024 8:00,32.81,0,0.46,1.08,1.346951571,26.89,1.52,0.36,0.1,0.8,2.146916575,12.79,17.67,2.8,0,0,0,0,0,1.105468278,2.46,1.3,0,0,8.6,5.21,0,0,2.5,69.5,0,9.82,0,0,0,0,0,0,0,2.11,1.536637069,3.43,0,0
1/05/2024 8:30,32.81,0,0.46,1.08,1.342608921,26.89,1.52,0.36,0.1,0.8,2.103400646,12.79,17.67,2.8,0,0,0,0,0,1.142892077,2.46,1.3,0,0,8.6,5.21,0,0,2.5,69.5,0,9.82,0,0,0,0,0,0,0,2.11,1.521452966,3.43,0,0
1/05/2024 9:00,32.81,0,0.46,1.08,1.369035219,26.89,1.52,0.36,0.1,0.8,2.0904908,12.79,17.67,2.8,0,0,0,0,0,1.163309558,2.46,1.3,0,0,8.6,5.21,0,0,2.5,69.5,0,9.82,0,0,0,0,0,0,0,2.11,1.515564188,3.43,0,0
1/05/2024 9:30,32.81,0,0.46,1.08,1.415101602,26.89,1.52,0.36,0.1,0.8,2.200794646,12.79,17.67,2.8,0,0,0,0,0,1.189122682,2.46,1.3,0,0,8.6,5.21,0,0,2.5,69.5,0,9.82,0,0,0,0,0,0,0,2.11,1.567665873,3.43,0,0
1/05/2024 10:00,32.81,0,0.46,1.08,1.469956128,26.89,1.52,0.36,0.1,0.8,2.34505947,12.79,17.67,2.8,0,0,0,0,0,1.219455081,2.46,1.3,0,0,8.6,5.21,0,0,2.5,69.5,0,9.82,0,0,0,0,0,0,0,2.11,1.643541755,3.43,0,0
1/05/2024 10:30,32.81,0,0.46,1.08,1.517677692,26.89,1.52,0.36,0.1,0.8,2.438474519,12.79,17.67,2.8,0,0,0,0,0,1.249467808,2.46,1.3,0,0,8.6,5.21,0,0,2.5,69.5,0,9.82,0,0,0,0,0,0,0,2.11,1.705427664,3.43,0,0
1/05/2024 11:00,32.81,0,0.46,1.08,1.568971889,26.89,1.52,0.36,0.1,0.8,2.509806855,12.79,17.67,2.8,0,0,0,0,0,1.263215798,2.46,1.3,0,0,8.6,5.21,0,0,2.5,69.5,0,9.82,0,0,0,0,0,0,0,2.11,1.758925721,3.43,0,0
1/05/2024 11:30,32.81,0,0.46,1.08,1.611729381,26.89,1.52,0.36,0.1,0.8,2.570066521,12.79,17.67,2.8,0,0,0,0,0,1.287002596,2.46,1.3,0,0,8.6,5.21,0,0,2.5,69.5,0,9.82,0,0,0,0,0,0,0,2.11,1.804978221,3.43,0,0
1/05/2024 12:00,32.81,0,0.46,1.08,1.636206639,26.89,1.52,0.36,0.1,0.8,2.622355117,12.79,17.67,2.8,0,0,0,0,0,1.313066098,2.46,1.3,0,0,8.6,5.21,0,0,2.5,69.5,0,9.82,0,0,0,0,0,0,0,2.11,1.84230763,3.43,0,0
1/05/2024 12:30,32.81,0,0.46,1.08,1.66126391,26.89,1.52,0.36,0.1,0.8,2.678900658,12.79,17.67,2.8,0,0,0,0,0,1.328757908,2.46,1.3,0,0,8.6,5.21,0,0,2.5,69.5,0,9.82,0,0,0,0,0,0,0,2.11,1.87451003,3.43,0,0
1/05/2024 13:00,32.81,0,0.46,1.08,1.721324608,26.89,1.52,0.36,0.1,0.8,2.730677229,12.79,17.67,2.8,0,0,0,0,0,1.320159316,2.46,1.3,0,0,8.6,5.21,0,0,2.5,69.5,0,9.82,0,0,0,0,0,0,0,2.11,1.916691702,3.43,0,0
1/05/2024 13:30,32.81,0,0.46,1.08,1.773553316,26.89,1.52,0.36,0.1,0.8,2.791475247,12.79,17.67,2.8,0,0,0,0,0,1.319812828,2.46,1.3,0,0,8.6,5.21,0,0,2.5,69.5,0,9.82,0,0,0,0,0,0,0,2.11,1.966005422,3.43,0,0
1/05/2024 14:00,32.81,0,0.46,1.08,1.814622911,26.89,1.52,0.36,0.1,0.8,2.898453501,12.79,17.67,2.8,0,0,0,0,0,1.344670958,2.46,1.3,0,0,8.6,5.21,0,0,2.5,69.5,0,9.82,0,0,0,0,0,0,0,2.11,2.03457523,3.43,0,0
1/05/2024 14:30,32.81,0,0.46,1.08,1.827533095,26.89,1.52,0.36,0.1,0.8,2.952444142,12.79,17.67,2.8,0,0,0,0,0,1.356191743,2.46,1.3,0,0,8.6,5.21,0,0,2.5,69.5,0,9.82,0,0,0,0,0,0,0,2.11,2.080024883,3.43,0,0
1/05/2024 15:00,32.81,0,0.46,1.08,1.876649155,26.89,1.52,0.36,0.1,0.8,3.02669265,12.79,17.67,2.8,0,0,0,0,0,1.36009854,2.46,1.3,0,0,8.6,5.21,0,0,2.5,69.5,0,9.82,0,0,0,0,0,0,0,2.11,2.109238125,3.43,0,0
1/05/2024 15:30,32.81,0,0.46,1.08,1.930904543,26.89,1.52,0.36,0.1,0.8,3.127514864,12.79,17.67,2.8,0,0,0,0,0,1.365509377,2.46,1.3,0,0,8.6,5.21,0,0,2.5,69.5,0,9.82,0,0,0,0,0,0,0,2.11,2.160461168,3.43,0,0
1/05/2024 16:00,32.81,0,0.46,1.08,1.923280318,26.89,1.52,0.36,0.1,0.8,3.134846929,12.79,17.67,2.8,0,0,0,0,0,1.376513682,2.46,1.3,0,0,8.6,5.21,0,0,2.5,69.5,0,9.82,0,0,0,0,0,0,0,2.11,2.160832494,3.43,0,0
1/05/2024 16:30,32.81,0,0.46,1.08,1.818794235,26.89,1.52,0.36,0.1,0.8,2.97322683,12.79,17.67,2.8,0,0,0,0,0,1.330408665,2.46,1.3,0,0,8.6,5.21,0,0,2.5,69.5,0,9.82,0,0,0,0,0,0,0,2.11,2.098659559,3.43,0,0
1/05/2024 17:00,32.81,0,0.46,1.08,1.765553536,26.89,1.52,0.36,0.1,0.8,2.844173929,12.79,17.67,2.8,0,0,0,0,0,1.197504354,2.46,1.3,0,0,8.6,5.21,0,0,2.5,69.5,0,9.82,0,0,0,0,0,0,0,2.11,2.051725737,3.43,0,0
1/05/2024 17:30,32.81,0,0.46,1.08,1.825023046,26.89,1.52,0.36,0.1,0.8,2.892169099,12.79,17.67,2.8,0,0,0,0,0,1.139606148,2.46,1.3,0,0,8.6,5.21,0,0,2.5,69.5,0,9.82,0,0,0,0,0,0,0,2.11,2.096555569,3.43,0,0
1/05/2024 18:00,32.81,0,0.46,1.08,1.961354354,26.89,1.52,0.36,0.1,0.8,3.160788446,12.79,17.67,2.8,0,0,0,0,0,1.250425065,2.46,1.3,0,0,8.6,5.21,0,0,2.5,69.5,0,9.82,0,0,0,0,0,0,0,2.11,2.216849517,3.43,0,0
1/05/2024 18:30,32.81,0,0.46,1.08,1.996410196,26.89,1.52,0.36,0.1,0.8,3.369186598,12.79,17.67,2.8,0,0,0,0,0,1.335541702,2.46,1.3,0,0,8.6,5.21,0,0,2.5,69.5,0,9.82,0,0,0,0,0,0,0,2.11,2.300041745,3.43,0,0
1/05/2024 19:00,32.81,0,0.46,1.08,1.959785599,26.89,1.52,0.36,0.1,0.8,3.325856099,12.79,17.67,2.8,0,0,0,0,0,1.379305843,2.46,1.3,0,0,8.6,5.21,0,0,2.5,69.5,0,9.82,0,0,0,0,0,0,0,2.11,2.334489625,3.43,0,0
1/05/2024 19:30,32.81,0,0.46,1.08,1.853337604,26.89,1.52,0.36,0.1,0.8,3.09517127,12.79,17.67,2.8,0,0,0,0,0,1.390583505,2.46,1.3,0,0,8.6,5.21,0,0,2.5,69.5,0,9.82,0,0,0,0,0,0,0,2.11,2.242647525,3.43,0,0
1/05/2024 20:00,32.81,0,0.46,1.08,1.70171528,26.89,1.52,0.36,0.1,0.8,2.778270585,12.79,17.67,2.8,0,0,0,0,0,1.384284131,2.46,1.3,0,0,8.6,5.21,0,0,2.5,69.5,0,9.82,0,0,0,0,0,0,0,2.11,2.056912861,3.43,0,0
1/05/2024 20:30,32.81,0,0.46,1.08,1.541754274,26.89,1.52,0.36,0.1,0.8,2.459130519,12.79,17.67,2.8,0,0,0,0,0,1.36532385,2.46,1.3,0,0,8.6,5.21,0,0,2.5,69.5,0,9.82,0,0,0,0,0,0,0,2.11,1.858967963,3.43,0,0
1/05/2024 21:00,32.81,0,0.46,1.08,1.431208914,26.89,1.52,0.36,0.1,0.8,2.221215057,12.79,17.67,2.8,0,0,0,0,0,1.35552629,2.46,1.3,0,0,8.6,5.21,0,0,2.5,69.5,0,9.82,0,0,0,0,0,0,0,2.11,1.69216597,3.43,0,0
1/05/2024 21:30,32.81,0,0.46,1.08,1.351797661,26.89,1.52,0.36,0.1,0.8,2.092049316,12.79,17.67,2.8,0,0,0,0,0,1.342612131,2.46,1.3,0,0,8.6,5.21,0,0,2.5,69.5,0,9.82,0,0,0,0,0,0,0,2.11,1.595962889,3.43,0,0
1/05/2024 22:00,32.81,0,0.46,1.08,1.324261009,26.89,1.52,0.36,0.1,0.8,2.049078234,12.79,17.67,2.8,0,0,0,0,0,1.346479163,2.46,1.3,0,0,8.6,5.21,0,0,2.5,69.5,0,9.82,0,0,0,0,0,0,0,2.11,1.513279717,3.43,0,0
1/05/2024 22:30,32.81,0,0.46,1.08,1.279489696,26.89,1.52,0.36,0.1,0.8,1.992720071,12.79,17.67,2.8,0,0,0,0,0,1.349884471,2.46,1.3,0,0,8.6,5.21,0,0,2.5,69.5,0,9.82,0,0,0,0,0,0,0,2.11,1.43932438,3.43,0,0
1/05/2024 23:00,32.81,0,0.46,1.08,1.254549712,26.89,1.52,0.36,0.1,0.8,1.942434736,12.79,17.67,2.8,0,0,0,0,0,1.345126039,2.46,1.3,0,0,8.6,5.21,0,0,2.5,69.5,0,9.82,0,0,0,0,0,0,0,2.11,1.380818356,3.43,0,0
1/05/2024 23:30,32.81,0,0.46,1.08,1.23234338,26.89,1.52,0.36,0.1,0.8,1.892051678,12.79,17.67,2.8,0,0,0,0,0,1.336868789,2.46,1.3,0,0,8.6,5.21,0,0,2.5,69.5,0,9.82,0,0,0,0,0,0,0,2.11,1.339212308,3.43,0,0
2/05/2024 0:00,32.81,0,0.46,1.08,1.185969826,26.89,1.52,0.36,0.1,0.8,1.849754171,12.79,17.67,2.8,0,0,0,0,0,1.326186284,2.46,1.3,0,0,8.6,5.21,0,0,2.5,69.5,0,9.82,0,0,0,0,0,0,0,2.11,1.295902501,3.43,0,0
2/05/2024 0:30,32.81,0,0.46,1.08,1.160546556,26.89,1.52,0.36,0.1,0.8,1.813465061,12.79,17.67,2.8,0,0,0,0,0,1.322590163,2.46,1.3,0,0,8.6,5.21,0,0,2.5,69.5,0,9.82,0,0,0,0,0,0,0,2.11,1.267115145,3.43,0,0
2/05/2024 1:00,32.81,0,0.46,1.08,1.164766769,26.89,1.52,0.36,0.1,0.8,1.787034011,12.79,17.67,2.8,0,0,0,0,0,1.316215194,2.46,1.3,0,0,8.6,5.21,0,0,2.5,69.5,0,9.82,0,0,0,0,0,0,0,2.11,1.25057671,3.43,0,0
2/05/2024 1:30,32.81,0,0.46,1.08,1.153166121,26.89,1.52,0.36,0.1,0.8,1.764424566,12.79,17.67,2.8,0,0,0,0,0,1.313886822,2.46,1.3,0,0,8.6,5.21,0,0,2.5,69.5,0,9.82,0,0,0,0,0,0,0,2.11,1.234447043,3.43,0,0
2/05/2024 2:00,32.81,0,0.46,1.08,1.151029279,26.89,1.52,0.36,0.1,0.8,1.789601127,12.79,17.67,2.8,0,0,0,0,0,1.321672971,2.46,1.3,0,0,8.6,5.21,0,0,2.5,69.5,0,9.82,0,0,0,0,0,0,0,2.11,1.227591072,3.43,0,0
2/05/2024 2:30,32.81,0,0.46,1.08,1.141317298,26.89,1.52,0.36,0.1,0.8,1.793041255,12.79,17.67,2.8,0,0,0,0,0,1.328043518,2.46,1.3,0,0,8.6,5.21,0,0,2.5,69.5,0,9.82,0,0,0,0,0,0,0,2.11,1.229617629,3.43,0,0
2/05/2024 3:00,32.81,0,0.46,1.08,1.188352992,26.89,1.52,0.36,0.1,0.8,1.840188086,12.79,17.67,2.8,0,0,0,0,0,1.333397271,2.46,1.3,0,0,8.6,5.21,0,0,2.5,69.5,0,9.82,0,0,0,0,0,0,0,2.11,1.24095063,3.43,0,0
2/05/2024 3:30,32.81,0,0.46,1.08,1.290667217,26.89,1.52,0.36,0.1,0.8,2.014656465,12.79,17.67,2.8,0,0,0,0,0,1.319931293,2.46,1.3,0,0,8.6,5.21,0,0,2.5,69.5,0,9.82,0,0,0,0,0,0,0,2.11,1.321219793,3.43,0,0
2/05/2024 4:00,32.81,0,0.46,1.08,1.471948023,26.89,1.52,0.36,0.1,0.8,2.273070284,12.79,17.67,2.8,0,0,0,0,0,1.307939331,2.46,1.3,0,0,8.6,5.21,0,0,2.5,69.5,0,9.82,0,0,0,0,0,0,0,2.11,1.457228593,3.43,0,0
2/05/2024 4:30,32.81,0,0.46,1.08,1.485933457,26.89,1.52,0.36,0.1,0.8,2.318660213,12.79,17.67,2.8,0,0,0,0,0,1.275691554,2.46,1.3,0,0,8.6,5.21,0,0,2.5,69.5,0,9.82,0,0,0,0,0,0,0,2.11,1.513963746,3.43,0,0
2/05/2024 5:00,32.81,0,0.46,1.08,1.30465154,26.89,1.52,0.36,0.1,0.8,2.129742861,12.79,17.67,2.8,0,0,0,0,0,1.219893521,2.46,1.3,0,0,8.6,5.21,0,0,2.5,69.5,0,9.82,0,0,0,0,0,0,0,2.11,1.47658961,3.43,0,0
2/05/2024 5:30,32.81,0,0.46,1.08,1.254423961,26.89,1.52,0.36,0.1,0.8,2.000797798,12.79,17.67,2.8,0,0,0,0,0,1.162309083,2.46,1.3,0,0,8.6,5.21,0,0,2.5,69.5,0,9.82,0,0,0,0,0,0,0,2.11,1.451735974,3.43,0,0
2/05/2024 6:00,32.83,0,0.46,1.08,1.683536417,26.89,1.81,0.36,0.1,0.8,2.112919227,12.79,17.67,2.56,0,0,0,0,0,1.121942045,3.91,1.3,0,0,8.6,5.21,0,0,2.5,69.5,0,1.47,0,0,0,0,0,0,0,2.11,1.489769325,3.43,0,0
2/05/2024 6:30,32.83,0,0.46,1.08,1.688673849,26.89,1.81,0.36,0.1,0.8,2.252979,12.79,17.67,2.56,0,0,0,0,0,1.063694061,3.91,1.3,0,0,8.6,5.21,0,0,2.5,69.5,0,1.47,0,0,0,0,0,0,0,2.11,1.516293517,3.43,0,0
2/05/2024 7:00,32.83,0,0.46,1.08,1.678400878,26.89,1.81,0.36,0.1,0.8,2.26324207,12.79,17.67,2.56,0,0,0,0,0,1.068089596,3.91,1.3,0,0,8.6,5.21,0,0,2.5,69.5,0,1.47,0,0,0,0,0,0,0,2.11,1.540228446,3.43,0,0
2/05/2024 7:30,32.83,0,0.46,1.08,1.670208949,26.89,1.81,0.36,0.1,0.8,2.220530969,12.79,17.67,2.56,0,0,0,0,0,1.084322817,3.91,1.3,0,0,8.6,5.21,0,0,2.5,69.5,0,1.47,0,0,0,0,0,0,0,2.11,1.539824958,3.43,0,0
2/05/2024 8:00,32.83,0,0.46,1.08,1.338205132,26.89,1.81,0.36,0.1,0.8,2.146916575,12.79,17.67,2.56,0,0,0,0,0,1.105468278,3.91,1.3,0,0,8.6,5.21,0,0,2.5,69.5,0,1.47,0,0,0,0,0,0,0,2.11,1.527598027,3.43,0,0
2/05/2024 8:30,32.83,0,0.46,1.08,1.333890681,26.89,1.81,0.36,0.1,0.8,2.103400646,12.79,17.67,2.56,0,0,0,0,0,1.142892077,3.91,1.3,0,0,8.6,5.21,0,0,2.5,69.5,0,1.47,0,0,0,0,0,0,0,2.11,1.512503242,3.43,0,0
2/05/2024 9:00,32.83,0,0.46,1.08,1.360145379,26.89,1.81,0.36,0.1,0.8,2.0904908,12.79,17.67,2.56,0,0,0,0,0,1.163309558,3.91,1.3,0,0,8.6,5.21,0,0,2.5,69.5,0,1.47,0,0,0,0,0,0,0,2.11,1.506649105,3.43,0,0
2/05/2024 9:30,32.83,0,0.46,1.08,1.40591263,26.89,1.81,0.36,0.1,0.8,2.200794646,12.79,17.67,2.56,0,0,0,0,0,1.189122682,3.91,1.3,0,0,8.6,5.21,0,0,2.5,69.5,0,1.47,0,0,0,0,0,0,0,2.11,1.558444309,3.43,0,0
2/05/2024 10:00,32.83,0,0.46,1.08,1.460410959,26.89,1.81,0.36,0.1,0.8,2.34505947,12.79,17.67,2.56,0,0,0,0,0,1.219455081,3.91,1.3,0,0,8.6,5.21,0,0,2.5,69.5,0,1.47,0,0,0,0,0,0,0,2.11,1.633873862,3.43,0,0
2/05/2024 10:30,32.83,0,0.46,1.08,1.507822642,26.89,1.81,0.36,0.1,0.8,2.438474519,12.79,17.67,2.56,0,0,0,0,0,1.249467808,3.91,1.3,0,0,8.6,5.21,0,0,2.5,69.5,0,1.47,0,0,0,0,0,0,0,2.11,1.695395736,3.43,0,0
2/05/2024 11:00,32.83,0,0.46,1.08,1.55878376,26.89,1.81,0.36,0.1,0.8,2.509806855,12.79,17.67,2.56,0,0,0,0,0,1.263215798,3.91,1.3,0,0,8.6,5.21,0,0,2.5,69.5,0,1.47,0,0,0,0,0,0,0,2.11,1.748579099,3.43,0,0
2/05/2024 11:30,32.83,0,0.46,1.08,1.601263606,26.89,1.81,0.36,0.1,0.8,2.570066521,12.79,17.67,2.56,0,0,0,0,0,1.287002596,3.91,1.3,0,0,8.6,5.21,0,0,2.5,69.5,0,1.47,0,0,0,0,0,0,0,2.11,1.794360702,3.43,0,0
2/05/2024 12:00,32.83,0,0.46,1.08,1.625581921,26.89,1.81,0.36,0.1,0.8,2.622355117,12.79,17.67,2.56,0,0,0,0,0,1.313066098,3.91,1.3,0,0,8.6,5.21,0,0,2.5,69.5,0,1.47,0,0,0,0,0,0,0,2.11,1.831470526,3.43,0,0
2/05/2024 12:30,32.83,0,0.46,1.08,1.650476482,26.89,1.81,0.36,0.1,0.8,2.678900658,12.79,17.67,2.56,0,0,0,0,0,1.328757908,3.91,1.3,0,0,8.6,5.21,0,0,2.5,69.5,0,1.47,0,0,0,0,0,0,0,2.11,1.863483501,3.43,0,0
2/05/2024 13:00,32.83,0,0.46,1.08,1.710147175,26.89,1.81,0.36,0.1,0.8,2.730677229,12.79,17.67,2.56,0,0,0,0,0,1.320159316,3.91,1.3,0,0,8.6,5.21,0,0,2.5,69.5,0,1.47,0,0,0,0,0,0,0,2.11,1.905417045,3.43,0,0
2/05/2024 13:30,32.83,0,0.46,1.08,1.762036736,26.89,1.81,0.36,0.1,0.8,2.791475247,12.79,17.67,2.56,0,0,0,0,0,1.319812828,3.91,1.3,0,0,8.6,5.21,0,0,2.5,69.5,0,1.47,0,0,0,0,0,0,0,2.11,1.954440684,3.43,0,0
2/05/2024 14:00,32.83,0,0.46,1.08,1.802839645,26.89,1.81,0.36,0.1,0.8,2.898453501,12.79,17.67,2.56,0,0,0,0,0,1.344670958,3.91,1.3,0,0,8.6,5.21,0,0,2.5,69.5,0,1.47,0,0,0,0,0,0,0,2.11,2.022607141,3.43,0,0
2/05/2024 14:30,32.83,0,0.46,1.08,1.815665997,26.89,1.81,0.36,0.1,0.8,2.952444142,12.79,17.67,2.56,0,0,0,0,0,1.356191743,3.91,1.3,0,0,8.6,5.21,0,0,2.5,69.5,0,1.47,0,0,0,0,0,0,0,2.11,2.067789442,3.43,0,0
2/05/2024 15:00,32.83,0,0.46,1.08,1.864463122,26.89,1.81,0.36,0.1,0.8,3.02669265,12.79,17.67,2.56,0,0,0,0,0,1.36009854,3.91,1.3,0,0,8.6,5.21,0,0,2.5,69.5,0,1.47,0,0,0,0,0,0,0,2.11,2.096830842,3.43,0,0
2/05/2024 15:30,32.83,0,0.46,1.08,1.918366201,26.89,1.81,0.36,0.1,0.8,3.127514864,12.79,17.67,2.56,0,0,0,0,0,1.365509377,3.91,1.3,0,0,8.6,5.21,0,0,2.5,69.5,0,1.47,0,0,0,0,0,0,0,2.11,2.147752573,3.43,0,0
2/05/2024 16:00,32.83,0,0.46,1.08,1.910791485,26.89,1.81,0.36,0.1,0.8,3.134846929,12.79,17.67,2.56,0,0,0,0,0,1.376513682,3.91,1.3,0,0,8.6,5.21,0,0,2.5,69.5,0,1.47,0,0,0,0,0,0,0,2.11,2.148121715,3.43,0,0
2/05/2024 16:30,32.83,0,0.46,1.08,1.806983883,26.89,1.81,0.36,0.1,0.8,2.97322683,12.79,17.67,2.56,0,0,0,0,0,1.330408665,3.91,1.3,0,0,8.6,5.21,0,0,2.5,69.5,0,1.47,0,0,0,0,0,0,0,2.11,2.086314502,3.43,0,0
2/05/2024 17:00,32.83,0,0.46,1.08,1.754088902,26.89,1.81,0.36,0.1,0.8,2.844173929,12.79,17.67,2.56,0,0,0,0,0,1.197504354,3.91,1.3,0,0,8.6,5.21,0,0,2.5,69.5,0,1.47,0,0,0,0,0,0,0,2.11,2.039656762,3.43,0,0
2/05/2024 17:30,32.83,0,0.46,1.08,1.813172247,26.89,1.81,0.36,0.1,0.8,2.892169099,12.79,17.67,2.56,0,0,0,0,0,1.139606148,3.91,1.3,0,0,8.6,5.21,0,0,2.5,69.5,0,1.47,0,0,0,0,0,0,0,2.11,2.084222889,3.43,0,0
2/05/2024 18:00,32.83,0,0.46,1.08,1.948618286,26.89,1.81,0.36,0.1,0.8,3.160788446,12.79,17.67,2.56,0,0,0,0,0,1.250425065,3.91,1.3,0,0,8.6,5.21,0,0,2.5,69.5,0,1.47,0,0,0,0,0,0,0,2.11,2.203809226,3.43,0,0
2/05/2024 18:30,32.83,0,0.46,1.08,1.983446494,26.89,1.81,0.36,0.1,0.8,3.369186598,12.79,17.67,2.56,0,0,0,0,0,1.335541702,3.91,1.3,0,0,8.6,5.21,0,0,2.5,69.5,0,1.47,0,0,0,0,0,0,0,2.11,2.286512088,3.43,0,0
2/05/2024 19:00,32.83,0,0.46,1.08,1.947059718,26.89,1.81,0.36,0.1,0.8,3.325856099,12.79,17.67,2.56,0,0,0,0,0,1.379305843,3.91,1.3,0,0,8.6,5.21,0,0,2.5,69.5,0,1.47,0,0,0,0,0,0,0,2.11,2.320757333,3.43,0,0
2/05/2024 19:30,32.83,0,0.46,1.08,1.841302944,26.89,1.81,0.36,0.1,0.8,3.09517127,12.79,17.67,2.56,0,0,0,0,0,1.390583505,3.91,1.3,0,0,8.6,5.21,0,0,2.5,69.5,0,1.47,0,0,0,0,0,0,0,2.11,2.229455481,3.43,0,0
2/05/2024 20:00,32.83,0,0.46,1.08,1.690665181,26.89,1.81,0.36,0.1,0.8,2.778270585,12.79,17.67,2.56,0,0,0,0,0,1.384284131,3.91,1.3,0,0,8.6,5.21,0,0,2.5,69.5,0,1.47,0,0,0,0,0,0,0,2.11,2.044813373,3.43,0,0
2/05/2024 20:30,32.83,0,0.46,1.08,1.531742883,26.89,1.81,0.36,0.1,0.8,2.459130519,12.79,17.67,2.56,0,0,0,0,0,1.36532385,3.91,1.3,0,0,8.6,5.21,0,0,2.5,69.5,0,1.47,0,0,0,0,0,0,0,2.11,1.848032858,3.43,0,0
2/05/2024 21:00,32.83,0,0.46,1.08,1.42191535,26.89,1.81,0.36,0.1,0.8,2.221215057,12.79,17.67,2.56,0,0,0,0,0,1.35552629,3.91,1.3,0,0,8.6,5.21,0,0,2.5,69.5,0,1.47,0,0,0,0,0,0,0,2.11,1.682212052,3.43,0,0
2/05/2024 21:30,32.83,0,0.46,1.08,1.343019755,26.89,1.81,0.36,0.1,0.8,2.092049316,12.79,17.67,2.56,0,0,0,0,0,1.342612131,3.91,1.3,0,0,8.6,5.21,0,0,2.5,69.5,0,1.47,0,0,0,0,0,0,0,2.11,1.586574872,3.43,0,0
2/05/2024 22:00,32.83,0,0.46,1.08,1.315661912,26.89,1.81,0.36,0.1,0.8,2.049078234,12.79,17.67,2.56,0,0,0,0,0,1.346479163,3.91,1.3,0,0,8.6,5.21,0,0,2.5,69.5,0,1.47,0,0,0,0,0,0,0,2.11,1.504378072,3.43,0,0
2/05/2024 22:30,32.83,0,0.46,1.08,1.271181321,26.89,1.81,0.36,0.1,0.8,1.992720071,12.79,17.67,2.56,0,0,0,0,0,1.349884471,3.91,1.3,0,0,8.6,5.21,0,0,2.5,69.5,0,1.47,0,0,0,0,0,0,0,2.11,1.430857766,3.43,0,0
2/05/2024 23:00,32.83,0,0.46,1.08,1.246403286,26.89,1.81,0.36,0.1,0.8,1.942434736,12.79,17.67,2.56,0,0,0,0,0,1.345126039,3.91,1.3,0,0,8.6,5.21,0,0,2.5,69.5,0,1.47,0,0,0,0,0,0,0,2.11,1.372695895,3.43,0,0
2/05/2024 23:30,32.83,0,0.46,1.08,1.224341151,26.89,1.81,0.36,0.1,0.8,1.892051678,12.79,17.67,2.56,0,0,0,0,0,1.336868789,3.91,1.3,0,0,8.6,5.21,0,0,2.5,69.5,0,1.47,0,0,0,0,0,0,0,2.11,1.331334589,3.43,0,0
3/05/2024 0:00,32.83,0,0.46,1.08,1.185969826,26.89,1.81,0.36,0.1,0.8,1.842078842,12.79,17.67,2.56,0,0,0,0,0,1.326186284,3.91,1.3,0,0,8.6,5.21,0,0,2.5,69.5,0,1.47,0,0,0,0,0,0,0,2.11,1.288234438,3.43,0,0
3/05/2024 0:30,32.83,0,0.46,1.08,1.160546556,26.89,1.81,0.36,0.1,0.8,1.80594031,12.79,17.67,2.56,0,0,0,0,0,1.322590163,3.91,1.3,0,0,8.6,5.21,0,0,2.5,69.5,0,1.47,0,0,0,0,0,0,0,2.11,1.259617422,3.43,0,0
3/05/2024 1:00,32.83,0,0.46,1.08,1.164766769,26.89,1.81,0.36,0.1,0.8,1.779618932,12.79,17.67,2.56,0,0,0,0,0,1.316215194,3.91,1.3,0,0,8.6,5.21,0,0,2.5,69.5,0,1.47,0,0,0,0,0,0,0,2.11,1.243176848,3.43,0,0
3/05/2024 1:30,32.83,0,0.46,1.08,1.153166121,26.89,1.81,0.36,0.1,0.8,1.757103302,12.79,17.67,2.56,0,0,0,0,0,1.313886822,3.91,1.3,0,0,8.6,5.21,0,0,2.5,69.5,0,1.47,0,0,0,0,0,0,0,2.11,1.227142623,3.43,0,0
3/05/2024 2:00,32.83,0,0.46,1.08,1.151029279,26.89,1.81,0.36,0.1,0.8,1.782175396,12.79,17.67,2.56,0,0,0,0,0,1.321672971,3.91,1.3,0,0,8.6,5.21,0,0,2.5,69.5,0,1.47,0,0,0,0,0,0,0,2.11,1.220327219,3.43,0,0
3/05/2024 2:30,32.83,0,0.46,1.08,1.141317298,26.89,1.81,0.36,0.1,0.8,1.78560125,12.79,17.67,2.56,0,0,0,0,0,1.328043518,3.91,1.3,0,0,8.6,5.21,0,0,2.5,69.5,0,1.47,0,0,0,0,0,0,0,2.11,1.222341785,3.43,0,0
3/05/2024 3:00,32.83,0,0.46,1.08,1.188352992,26.89,1.81,0.36,0.1,0.8,1.832552451,12.79,17.67,2.56,0,0,0,0,0,1.333397271,3.91,1.3,0,0,8.6,5.21,0,0,2.5,69.5,0,1.47,0,0,0,0,0,0,0,2.11,1.233607727,3.43,0,0
3/05/2024 3:30,32.83,0,0.46,1.08,1.290667217,26.89,1.81,0.36,0.1,0.8,2.006296894,12.79,17.67,2.56,0,0,0,0,0,1.319931293,3.91,1.3,0,0,8.6,5.21,0,0,2.5,69.5,0,1.47,0,0,0,0,0,0,0,2.11,1.313401925,3.43,0,0
3/05/2024 4:00,32.83,0,0.46,1.08,1.471948023,26.89,1.81,0.36,0.1,0.8,2.263638457,12.79,17.67,2.56,0,0,0,0,0,1.307939331,3.91,1.3,0,0,8.6,5.21,0,0,2.5,69.5,0,1.47,0,0,0,0,0,0,0,2.11,1.448605938,3.43,0,0
3/05/2024 4:30,32.83,0,0.46,1.08,1.485933457,26.89,1.81,0.36,0.1,0.8,2.309039216,12.79,17.67,2.56,0,0,0,0,0,1.275691554,3.91,1.3,0,0,8.6,5.21,0,0,2.5,69.5,0,1.47,0,0,0,0,0,0,0,2.11,1.50500538,3.43,0,0
3/05/2024 5:00,32.83,0,0.46,1.08,1.30465154,26.89,1.81,0.36,0.1,0.8,2.120905754,12.79,17.67,2.56,0,0,0,0,0,1.219893521,3.91,1.3,0,0,8.6,5.21,0,0,2.5,69.5,0,1.47,0,0,0,0,0,0,0,2.11,1.467852393,3.43,0,0
3/05/2024 5:30,32.83,0,0.46,1.08,1.254423961,26.89,1.81,0.36,0.1,0.8,1.992495732,12.79,17.67,2.56,0,0,0,0,0,1.162309083,3.91,1.3,0,0,8.6,5.21,0,0,2.5,69.5,0,1.47,0,0,0,0,0,0,0,2.11,1.44314582,3.43,0,0
3/05/2024 6:00,33.38,0,0.46,1.08,1.683536417,26.78,1.81,0.36,0.1,0.8,2.104151928,12.79,17.67,2.8,0,0,0,0,0,1.121942045,3.91,1.3,0,0,8.6,5.21,0,0,2.5,69.5,0,1.47,0,0,0,0,0,0,0,2.11,1.480954121,3.14,0,0
3/05/2024 6:30,33.38,0,0.46,1.08,1.688673849,26.78,1.81,0.36,0.1,0.8,2.24363054,12.79,17.67,2.8,0,0,0,0,0,1.063694061,3.91,1.3,0,0,8.6,5.21,0,0,2.5,69.5,0,1.47,0,0,0,0,0,0,0,2.11,1.507321366,3.14,0,0
3/05/2024 7:00,33.38,0,0.46,1.08,1.678400878,26.78,1.81,0.36,0.1,0.8,2.253851024,12.79,17.67,2.8,0,0,0,0,0,1.068089596,3.91,1.3,0,0,8.6,5.21,0,0,2.5,69.5,0,1.47,0,0,0,0,0,0,0,2.11,1.531114668,3.14,0,0
3/05/2024 7:30,33.38,0,0.46,1.08,1.670208949,26.78,1.81,0.36,0.1,0.8,2.211317148,12.79,17.67,2.8,0,0,0,0,0,1.084322817,3.91,1.3,0,0,8.6,5.21,0,0,2.5,69.5,0,1.47,0,0,0,0,0,0,0,2.11,1.530713568,3.14,0,0
3/05/2024 8:00,33.38,0,0.46,1.08,1.338205132,26.78,1.81,0.36,0.1,0.8,2.138008207,12.79,17.67,2.8,0,0,0,0,0,1.105468278,3.91,1.3,0,0,8.6,5.21,0,0,2.5,69.5,0,1.47,0,0,0,0,0,0,0,2.11,1.518558985,3.14,0,0
3/05/2024 8:30,33.38,0,0.46,1.08,1.333890681,26.78,1.81,0.36,0.1,0.8,2.094672843,12.79,17.67,2.8,0,0,0,0,0,1.142892077,3.91,1.3,0,0,8.6,5.21,0,0,2.5,69.5,0,1.47,0,0,0,0,0,0,0,2.11,1.503553519,3.14,0,0
3/05/2024 9:00,33.38,0,0.46,1.08,1.360145379,26.78,1.81,0.36,0.1,0.8,2.081816565,12.79,17.67,2.8,0,0,0,0,0,1.163309558,3.91,1.3,0,0,8.6,5.21,0,0,2.5,69.5,0,1.47,0,0,0,0,0,0,0,2.11,1.497734021,3.14,0,0
3/05/2024 9:30,33.38,0,0.46,1.08,1.40591263,26.78,1.81,0.36,0.1,0.8,2.191662718,12.79,17.67,2.8,0,0,0,0,0,1.189122682,3.91,1.3,0,0,8.6,5.21,0,0,2.5,69.5,0,1.47,0,0,0,0,0,0,0,2.11,1.549222745,3.14,0,0
3/05/2024 10:00,33.38,0,0.46,1.08,1.460410959,26.78,1.81,0.36,0.1,0.8,2.335328933,12.79,17.67,2.8,0,0,0,0,0,1.219455081,3.91,1.3,0,0,8.6,5.21,0,0,2.5,69.5,0,1.47,0,0,0,0,0,0,0,2.11,1.62420597,3.14,0,0
3/05/2024 10:30,33.38,0,0.46,1.08,1.507822642,26.78,1.81,0.36,0.1,0.8,2.428356367,12.79,17.67,2.8,0,0,0,0,0,1.249467808,3.91,1.3,0,0,8.6,5.21,0,0,2.5,69.5,0,1.47,0,0,0,0,0,0,0,2.11,1.685363809,3.14,0,0
3/05/2024 11:00,33.38,0,0.46,1.08,1.55878376,26.78,1.81,0.36,0.1,0.8,2.499392719,12.79,17.67,2.8,0,0,0,0,0,1.263215798,3.91,1.3,0,0,8.6,5.21,0,0,2.5,69.5,0,1.47,0,0,0,0,0,0,0,2.11,1.738232477,3.14,0,0
3/05/2024 11:30,33.38,0,0.46,1.08,1.601263606,26.78,1.81,0.36,0.1,0.8,2.559402345,12.79,17.67,2.8,0,0,0,0,0,1.287002596,3.91,1.3,0,0,8.6,5.21,0,0,2.5,69.5,0,1.47,0,0,0,0,0,0,0,2.11,1.783743183,3.14,0,0
3/05/2024 12:00,33.38,0,0.46,1.08,1.625581921,26.78,1.81,0.36,0.1,0.8,2.611473975,12.79,17.67,2.8,0,0,0,0,0,1.313066098,3.91,1.3,0,0,8.6,5.21,0,0,2.5,69.5,0,1.47,0,0,0,0,0,0,0,2.11,1.820633423,3.14,0,0
3/05/2024 12:30,33.38,0,0.46,1.08,1.650476482,26.78,1.81,0.36,0.1,0.8,2.667784888,12.79,17.67,2.8,0,0,0,0,0,1.328757908,3.91,1.3,0,0,8.6,5.21,0,0,2.5,69.5,0,1.47,0,0,0,0,0,0,0,2.11,1.852456971,3.14,0,0
3/05/2024 13:00,33.38,0,0.46,1.08,1.710147175,26.78,1.81,0.36,0.1,0.8,2.719346618,12.79,17.67,2.8,0,0,0,0,0,1.320159316,3.91,1.3,0,0,8.6,5.21,0,0,2.5,69.5,0,1.47,0,0,0,0,0,0,0,2.11,1.894142388,3.14,0,0
3/05/2024 13:30,33.38,0,0.46,1.08,1.762036736,26.78,1.81,0.36,0.1,0.8,2.779892362,12.79,17.67,2.8,0,0,0,0,0,1.319812828,3.91,1.3,0,0,8.6,5.21,0,0,2.5,69.5,0,1.47,0,0,0,0,0,0,0,2.11,1.942875946,3.14,0,0
3/05/2024 14:00,33.38,0,0.46,1.08,1.802839645,26.78,1.81,0.36,0.1,0.8,2.886426723,12.79,17.67,2.8,0,0,0,0,0,1.344670958,3.91,1.3,0,0,8.6,5.21,0,0,2.5,69.5,0,1.47,0,0,0,0,0,0,0,2.11,2.010639051,3.14,0,0
3/05/2024 14:30,33.38,0,0.46,1.08,1.815665997,26.78,1.81,0.36,0.1,0.8,2.940193337,12.79,17.67,2.8,0,0,0,0,0,1.356191743,3.91,1.3,0,0,8.6,5.21,0,0,2.5,69.5,0,1.47,0,0,0,0,0,0,0,2.11,2.055554002,3.14,0,0
3/05/2024 15:00,33.38,0,0.46,1.08,1.864463122,26.78,1.81,0.36,0.1,0.8,3.01413376,12.79,17.67,2.8,0,0,0,0,0,1.36009854,3.91,1.3,0,0,8.6,5.21,0,0,2.5,69.5,0,1.47,0,0,0,0,0,0,0,2.11,2.084423559,3.14,0,0
3/05/2024 15:30,33.38,0,0.46,1.08,1.918366201,26.78,1.81,0.36,0.1,0.8,3.114537624,12.79,17.67,2.8,0,0,0,0,0,1.365509377,3.91,1.3,0,0,8.6,5.21,0,0,2.5,69.5,0,1.47,0,0,0,0,0,0,0,2.11,2.135043978,3.14,0,0
3/05/2024 16:00,33.38,0,0.46,1.08,1.910791485,26.78,1.81,0.36,0.1,0.8,3.121839265,12.79,17.67,2.8,0,0,0,0,0,1.376513682,3.91,1.3,0,0,8.6,5.21,0,0,2.5,69.5,0,1.47,0,0,0,0,0,0,0,2.11,2.135410936,3.14,0,0
3/05/2024 16:30,33.38,0,0.46,1.08,1.806983883,26.78,1.81,0.36,0.1,0.8,2.960889789,12.79,17.67,2.8,0,0,0,0,0,1.330408665,3.91,1.3,0,0,8.6,5.21,0,0,2.5,69.5,0,1.47,0,0,0,0,0,0,0,2.11,2.073969446,3.14,0,0
3/05/2024 17:00,33.38,0,0.46,1.08,1.754088902,26.78,1.81,0.36,0.1,0.8,2.832372378,12.79,17.67,2.8,0,0,0,0,0,1.197504354,3.91,1.3,0,0,8.6,5.21,0,0,2.5,69.5,0,1.47,0,0,0,0,0,0,0,2.11,2.027587787,3.14,0,0
3/05/2024 17:30,33.38,0,0.46,1.08,1.813172247,26.78,1.81,0.36,0.1,0.8,2.880168398,12.79,17.67,2.8,0,0,0,0,0,1.139606148,3.91,1.3,0,0,8.6,5.21,0,0,2.5,69.5,0,1.47,0,0,0,0,0,0,0,2.11,2.071890209,3.14,0,0
3/05/2024 18:00,33.38,0,0.46,1.08,1.948618286,26.78,1.81,0.36,0.1,0.8,3.147673141,12.79,17.67,2.8,0,0,0,0,0,1.250425065,3.91,1.3,0,0,8.6,5.21,0,0,2.5,69.5,0,1.47,0,0,0,0,0,0,0,2.11,2.190768934,3.14,0,0
3/05/2024 18:30,33.38,0,0.46,1.08,1.983446494,26.78,1.81,0.36,0.1,0.8,3.355206571,12.79,17.67,2.8,0,0,0,0,0,1.335541702,3.91,1.3,0,0,8.6,5.21,0,0,2.5,69.5,0,1.47,0,0,0,0,0,0,0,2.11,2.272982431,3.14,0,0
3/05/2024 19:00,33.38,0,0.46,1.08,1.947059718,26.78,1.81,0.36,0.1,0.8,3.312055866,12.79,17.67,2.8,0,0,0,0,0,1.379305843,3.91,1.3,0,0,8.6,5.21,0,0,2.5,69.5,0,1.47,0,0,0,0,0,0,0,2.11,2.307025041,3.14,0,0
3/05/2024 19:30,33.38,0,0.46,1.08,1.841302944,26.78,1.81,0.36,0.1,0.8,3.082328235,12.79,17.67,2.8,0,0,0,0,0,1.390583505,3.91,1.3,0,0,8.6,5.21,0,0,2.5,69.5,0,1.47,0,0,0,0,0,0,0,2.11,2.216263436,3.14,0,0
3/05/2024 20:00,33.38,0,0.46,1.08,1.690665181,26.78,1.81,0.36,0.1,0.8,2.766742491,12.79,17.67,2.8,0,0,0,0,0,1.384284131,3.91,1.3,0,0,8.6,5.21,0,0,2.5,69.5,0,1.47,0,0,0,0,0,0,0,2.11,2.032713886,3.14,0,0
3/05/2024 20:30,33.38,0,0.46,1.08,1.531742883,26.78,1.81,0.36,0.1,0.8,2.448926658,12.79,17.67,2.8,0,0,0,0,0,1.36532385,3.91,1.3,0,0,8.6,5.21,0,0,2.5,69.5,0,1.47,0,0,0,0,0,0,0,2.11,1.837097752,3.14,0,0
3/05/2024 21:00,33.38,0,0.46,1.08,1.42191535,26.78,1.81,0.36,0.1,0.8,2.211998397,12.79,17.67,2.8,0,0,0,0,0,1.35552629,3.91,1.3,0,0,8.6,5.21,0,0,2.5,69.5,0,1.47,0,0,0,0,0,0,0,2.11,1.672258135,3.14,0,0
3/05/2024 21:30,33.38,0,0.46,1.08,1.343019755,26.78,1.81,0.36,0.1,0.8,2.083368613,12.79,17.67,2.8,0,0,0,0,0,1.342612131,3.91,1.3,0,0,8.6,5.21,0,0,2.5,69.5,0,1.47,0,0,0,0,0,0,0,2.11,1.577186855,3.14,0,0
3/05/2024 22:00,33.38,0,0.46,1.08,1.315661912,26.78,1.81,0.36,0.1,0.8,2.040575835,12.79,17.67,2.8,0,0,0,0,0,1.346479163,3.91,1.3,0,0,8.6,5.21,0,0,2.5,69.5,0,1.47,0,0,0,0,0,0,0,2.11,1.495476426,3.14,0,0
3/05/2024 22:30,33.38,0,0.46,1.08,1.271181321,26.78,1.81,0.36,0.1,0.8,1.984451523,12.79,17.67,2.8,0,0,0,0,0,1.349884471,3.91,1.3,0,0,8.6,5.21,0,0,2.5,69.5,0,1.47,0,0,0,0,0,0,0,2.11,1.422391152,3.14,0,0
3/05/2024 23:00,33.38,0,0.46,1.08,1.246403286,26.78,1.81,0.36,0.1,0.8,1.934374841,12.79,17.67,2.8,0,0,0,0,0,1.345126039,3.91,1.3,0,0,8.6,5.21,0,0,2.5,69.5,0,1.47,0,0,0,0,0,0,0,2.11,1.364573434,3.14,0,0
3/05/2024 23:30,33.38,0,0.46,1.08,1.224341151,26.78,1.81,0.36,0.1,0.8,1.884200841,12.79,17.67,2.8,0,0,0,0,0,1.336868789,3.91,1.3,0,0,8.6,5.21,0,0,2.5,69.5,0,1.47,0,0,0,0,0,0,0,2.11,1.323456869,3.14,0,0
4/05/2024 0:00,33.38,0,0.46,1.08,1.178218389,26.78,1.81,0.36,0.1,0.8,1.834403514,12.79,17.67,2.8,0,0,0,0,0,1.326186284,3.91,1.3,0,0,8.6,5.21,0,0,2.5,69.5,0,1.47,0,0,0,0,0,0,0,2.11,1.288234438,3.14,0,0
4/05/2024 0:30,33.38,0,0.46,1.08,1.152961285,26.78,1.81,0.36,0.1,0.8,1.798415558,12.79,17.67,2.8,0,0,0,0,0,1.322590163,3.91,1.3,0,0,8.6,5.21,0,0,2.5,69.5,0,1.47,0,0,0,0,0,0,0,2.11,1.259617422,3.14,0,0
4/05/2024 1:00,33.38,0,0.46,1.08,1.157153915,26.78,1.81,0.36,0.1,0.8,1.772203853,12.79,17.67,2.8,0,0,0,0,0,1.316215194,3.91,1.3,0,0,8.6,5.21,0,0,2.5,69.5,0,1.47,0,0,0,0,0,0,0,2.11,1.243176848,3.14,0,0
4/05/2024 1:30,33.38,0,0.46,1.08,1.145629088,26.78,1.81,0.36,0.1,0.8,1.749782038,12.79,17.67,2.8,0,0,0,0,0,1.313886822,3.91,1.3,0,0,8.6,5.21,0,0,2.5,69.5,0,1.47,0,0,0,0,0,0,0,2.11,1.227142623,3.14,0,0
4/05/2024 2:00,33.38,0,0.46,1.08,1.143506212,26.78,1.81,0.36,0.1,0.8,1.774749665,12.79,17.67,2.8,0,0,0,0,0,1.321672971,3.91,1.3,0,0,8.6,5.21,0,0,2.5,69.5,0,1.47,0,0,0,0,0,0,0,2.11,1.220327219,3.14,0,0
4/05/2024 2:30,33.38,0,0.46,1.08,1.133857707,26.78,1.81,0.36,0.1,0.8,1.778161245,12.79,17.67,2.8,0,0,0,0,0,1.328043518,3.91,1.3,0,0,8.6,5.21,0,0,2.5,69.5,0,1.47,0,0,0,0,0,0,0,2.11,1.222341785,3.14,0,0
4/05/2024 3:00,33.38,0,0.46,1.08,1.180585979,26.78,1.81,0.36,0.1,0.8,1.824916816,12.79,17.67,2.8,0,0,0,0,0,1.333397271,3.91,1.3,0,0,8.6,5.21,0,0,2.5,69.5,0,1.47,0,0,0,0,0,0,0,2.11,1.233607727,3.14,0,0
4/05/2024 3:30,33.38,0,0.46,1.08,1.282231484,26.78,1.81,0.36,0.1,0.8,1.997937324,12.79,17.67,2.8,0,0,0,0,0,1.319931293,3.91,1.3,0,0,8.6,5.21,0,0,2.5,69.5,0,1.47,0,0,0,0,0,0,0,2.11,1.313401925,3.14,0,0
4/05/2024 4:00,33.38,0,0.46,1.08,1.462327448,26.78,1.81,0.36,0.1,0.8,2.25420663,12.79,17.67,2.8,0,0,0,0,0,1.307939331,3.91,1.3,0,0,8.6,5.21,0,0,2.5,69.5,0,1.47,0,0,0,0,0,0,0,2.11,1.448605938,3.14,0,0
4/05/2024 4:30,33.38,0,0.46,1.08,1.476221474,26.78,1.81,0.36,0.1,0.8,2.299418219,12.79,17.67,2.8,0,0,0,0,0,1.275691554,3.91,1.3,0,0,8.6,5.21,0,0,2.5,69.5,0,1.47,0,0,0,0,0,0,0,2.11,1.50500538,3.14,0,0
4/05/2024 5:00,33.38,0,0.46,1.08,1.296124406,26.78,1.81,0.36,0.1,0.8,2.112068647,12.79,17.67,2.8,0,0,0,0,0,1.219893521,3.91,1.3,0,0,8.6,5.21,0,0,2.5,69.5,0,1.47,0,0,0,0,0,0,0,2.11,1.467852393,3.14,0,0
4/05/2024 5:30,33.38,0,0.46,1.08,1.246225111,26.78,1.81,0.36,0.1,0.8,1.984193667,12.79,17.67,2.8,0,0,0,0,0,1.162309083,3.91,1.3,0,0,8.6,5.21,0,0,2.5,69.5,0,1.47,0,0,0,0,0,0,0,2.11,1.44314582,3.14,0,0
4/05/2024 6:00,32.81,0,0.46,1.08,1.672532911,26.78,2.1,0.36,0.1,0.8,2.095384628,12.79,17.67,2.56,0,0,0,0,0,1.121942045,3.91,1.3,0,0,8.6,5.21,0,0,2.5,69.5,0,1.47,0,0,0,0,0,0,0,2.11,1.480954121,3.14,0,0
4/05/2024 6:30,32.81,0,0.46,1.08,1.677636765,26.78,2.1,0.36,0.1,0.8,2.234282079,12.79,17.67,2.56,0,0,0,0,0,1.063694061,3.91,1.3,0,0,8.6,5.21,0,0,2.5,69.5,0,1.47,0,0,0,0,0,0,0,2.11,1.507321366,3.14,0,0
4/05/2024 7:00,32.81,0,0.46,1.08,1.667430938,26.78,2.1,0.36,0.1,0.8,2.244459978,12.79,17.67,2.56,0,0,0,0,0,1.068089596,3.91,1.3,0,0,8.6,5.21,0,0,2.5,69.5,0,1.47,0,0,0,0,0,0,0,2.11,1.531114668,3.14,0,0
4/05/2024 7:30,32.81,0,0.46,1.08,1.659292551,26.78,2.1,0.36,0.1,0.8,2.202103326,12.79,17.67,2.56,0,0,0,0,0,1.084322817,3.91,1.3,0,0,8.6,5.21,0,0,2.5,69.5,0,1.47,0,0,0,0,0,0,0,2.11,1.530713568,3.14,0,0
4/05/2024 8:00,32.81,0,0.46,1.08,1.329458693,26.78,2.1,0.36,0.1,0.8,2.12909984,12.79,17.67,2.56,0,0,0,0,0,1.105468278,3.91,1.3,0,0,8.6,5.21,0,0,2.5,69.5,0,1.47,0,0,0,0,0,0,0,2.11,1.518558985,3.14,0,0
4/05/2024 8:30,32.81,0,0.46,1.08,1.325172442,26.78,2.1,0.36,0.1,0.8,2.085945039,12.79,17.67,2.56,0,0,0,0,0,1.142892077,3.91,1.3,0,0,8.6,5.21,0,0,2.5,69.5,0,1.47,0,0,0,0,0,0,0,2.11,1.503553519,3.14,0,0
4/05/2024 9:00,32.81,0,0.46,1.08,1.35125554,26.78,2.1,0.36,0.1,0.8,2.073142329,12.79,17.67,2.56,0,0,0,0,0,1.163309558,3.91,1.3,0,0,8.6,5.21,0,0,2.5,69.5,0,1.47,0,0,0,0,0,0,0,2.11,1.497734021,3.14,0,0
4/05/2024 9:30,32.81,0,0.46,1.08,1.396723659,26.78,2.1,0.36,0.1,0.8,2.18253079,12.79,17.67,2.56,0,0,0,0,0,1.189122682,3.91,1.3,0,0,8.6,5.21,0,0,2.5,69.5,0,1.47,0,0,0,0,0,0,0,2.11,1.549222745,3.14,0,0
4/05/2024 10:00,32.81,0,0.46,1.08,1.450865789,26.78,2.1,0.36,0.1,0.8,2.325598396,12.79,17.67,2.56,0,0,0,0,0,1.219455081,3.91,1.3,0,0,8.6,5.21,0,0,2.5,69.5,0,1.47,0,0,0,0,0,0,0,2.11,1.62420597,3.14,0,0
4/05/2024 10:30,32.81,0,0.46,1.08,1.497967592,26.78,2.1,0.36,0.1,0.8,2.418238216,12.79,17.67,2.56,0,0,0,0,0,1.249467808,3.91,1.3,0,0,8.6,5.21,0,0,2.5,69.5,0,1.47,0,0,0,0,0,0,0,2.11,1.685363809,3.14,0,0
4/05/2024 11:00,32.81,0,0.46,1.08,1.548595631,26.78,2.1,0.36,0.1,0.8,2.488978582,12.79,17.67,2.56,0,0,0,0,0,1.263215798,3.91,1.3,0,0,8.6,5.21,0,0,2.5,69.5,0,1.47,0,0,0,0,0,0,0,2.11,1.738232477,3.14,0,0
4/05/2024 11:30,32.81,0,0.46,1.08,1.590797831,26.78,2.1,0.36,0.1,0.8,2.548738168,12.79,17.67,2.56,0,0,0,0,0,1.287002596,3.91,1.3,0,0,8.6,5.21,0,0,2.5,69.5,0,1.47,0,0,0,0,0,0,0,2.11,1.783743183,3.14,0,0
4/05/2024 12:00,32.81,0,0.46,1.08,1.614957202,26.78,2.1,0.36,0.1,0.8,2.600592834,12.79,17.67,2.56,0,0,0,0,0,1.313066098,3.91,1.3,0,0,8.6,5.21,0,0,2.5,69.5,0,1.47,0,0,0,0,0,0,0,2.11,1.820633423,3.14,0,0
4/05/2024 12:30,32.81,0,0.46,1.08,1.639689054,26.78,2.1,0.36,0.1,0.8,2.656669117,12.79,17.67,2.56,0,0,0,0,0,1.328757908,3.91,1.3,0,0,8.6,5.21,0,0,2.5,69.5,0,1.47,0,0,0,0,0,0,0,2.11,1.852456971,3.14,0,0
4/05/2024 13:00,32.81,0,0.46,1.08,1.698969743,26.78,2.1,0.36,0.1,0.8,2.708016007,12.79,17.67,2.56,0,0,0,0,0,1.320159316,3.91,1.3,0,0,8.6,5.21,0,0,2.5,69.5,0,1.47,0,0,0,0,0,0,0,2.11,1.894142388,3.14,0,0
4/05/2024 13:30,32.81,0,0.46,1.08,1.750520156,26.78,2.1,0.36,0.1,0.8,2.768309477,12.79,17.67,2.56,0,0,0,0,0,1.319812828,3.91,1.3,0,0,8.6,5.21,0,0,2.5,69.5,0,1.47,0,0,0,0,0,0,0,2.11,1.942875946,3.14,0,0
4/05/2024 14:00,32.81,0,0.46,1.08,1.791056379,26.78,2.1,0.36,0.1,0.8,2.874399945,12.79,17.67,2.56,0,0,0,0,0,1.344670958,3.91,1.3,0,0,8.6,5.21,0,0,2.5,69.5,0,1.47,0,0,0,0,0,0,0,2.11,2.010639051,3.14,0,0
4/05/2024 14:30,32.81,0,0.46,1.08,1.803798899,26.78,2.1,0.36,0.1,0.8,2.927942531,12.79,17.67,2.56,0,0,0,0,0,1.356191743,3.91,1.3,0,0,8.6,5.21,0,0,2.5,69.5,0,1.47,0,0,0,0,0,0,0,2.11,2.055554002,3.14,0,0
4/05/2024 15:00,32.81,0,0.46,1.08,1.852277088,26.78,2.1,0.36,0.1,0.8,3.001574869,12.79,17.67,2.56,0,0,0,0,0,1.36009854,3.91,1.3,0,0,8.6,5.21,0,0,2.5,69.5,0,1.47,0,0,0,0,0,0,0,2.11,2.084423559,3.14,0,0
4/05/2024 15:30,32.81,0,0.46,1.08,1.90582786,26.78,2.1,0.36,0.1,0.8,3.101560384,12.79,17.67,2.56,0,0,0,0,0,1.365509377,3.91,1.3,0,0,8.6,5.21,0,0,2.5,69.5,0,1.47,0,0,0,0,0,0,0,2.11,2.135043978,3.14,0,0
4/05/2024 16:00,32.81,0,0.46,1.08,1.898302652,26.78,2.1,0.36,0.1,0.8,3.108831601,12.79,17.67,2.56,0,0,0,0,0,1.376513682,3.91,1.3,0,0,8.6,5.21,0,0,2.5,69.5,0,1.47,0,0,0,0,0,0,0,2.11,2.135410936,3.14,0,0
4/05/2024 16:30,32.81,0,0.46,1.08,1.795173531,26.78,2.1,0.36,0.1,0.8,2.948552749,12.79,17.67,2.56,0,0,0,0,0,1.330408665,3.91,1.3,0,0,8.6,5.21,0,0,2.5,69.5,0,1.47,0,0,0,0,0,0,0,2.11,2.073969446,3.14,0,0
4/05/2024 17:00,32.81,0,0.46,1.08,1.742624269,26.78,2.1,0.36,0.1,0.8,2.820570826,12.79,17.67,2.56,0,0,0,0,0,1.197504354,3.91,1.3,0,0,8.6,5.21,0,0,2.5,69.5,0,1.47,0,0,0,0,0,0,0,2.11,2.027587787,3.14,0,0
4/05/2024 17:30,32.81,0,0.46,1.08,1.801321448,26.78,2.1,0.36,0.1,0.8,2.868167696,12.79,17.67,2.56,0,0,0,0,0,1.139606148,3.91,1.3,0,0,8.6,5.21,0,0,2.5,69.5,0,1.47,0,0,0,0,0,0,0,2.11,2.071890209,3.14,0,0
4/05/2024 18:00,32.81,0,0.46,1.08,1.935882219,26.78,2.1,0.36,0.1,0.8,3.134557837,12.79,17.67,2.56,0,0,0,0,0,1.250425065,3.91,1.3,0,0,8.6,5.21,0,0,2.5,69.5,0,1.47,0,0,0,0,0,0,0,2.11,2.190768934,3.14,0,0
4/05/2024 18:30,32.81,0,0.46,1.08,1.970482791,26.78,2.1,0.36,0.1,0.8,3.341226544,12.79,17.67,2.56,0,0,0,0,0,1.335541702,3.91,1.3,0,0,8.6,5.21,0,0,2.5,69.5,0,1.47,0,0,0,0,0,0,0,2.11,2.272982431,3.14,0,0
4/05/2024 19:00,32.81,0,0.46,1.08,1.934333838,26.78,2.1,0.36,0.1,0.8,3.298255634,12.79,17.67,2.56,0,0,0,0,0,1.379305843,3.91,1.3,0,0,8.6,5.21,0,0,2.5,69.5,0,1.47,0,0,0,0,0,0,0,2.11,2.307025041,3.14,0,0
4/05/2024 19:30,32.81,0,0.46,1.08,1.829268284,26.78,2.1,0.36,0.1,0.8,3.069485201,12.79,17.67,2.56,0,0,0,0,0,1.390583505,3.91,1.3,0,0,8.6,5.21,0,0,2.5,69.5,0,1.47,0,0,0,0,0,0,0,2.11,2.216263436,3.14,0,0
4/05/2024 20:00,32.81,0,0.46,1.08,1.679615082,26.78,2.1,0.36,0.1,0.8,2.755214398,12.79,17.67,2.56,0,0,0,0,0,1.384284131,3.91,1.3,0,0,8.6,5.21,0,0,2.5,69.5,0,1.47,0,0,0,0,0,0,0,2.11,2.032713886,3.14,0,0
4/05/2024 20:30,32.81,0,0.46,1.08,1.521731492,26.78,2.1,0.36,0.1,0.8,2.438722797,12.79,17.67,2.56,0,0,0,0,0,1.36532385,3.91,1.3,0,0,8.6,5.21,0,0,2.5,69.5,0,1.47,0,0,0,0,0,0,0,2.11,1.837097752,3.14,0,0
4/05/2024 21:00,32.81,0,0.46,1.08,1.412621786,26.78,2.1,0.36,0.1,0.8,2.202781737,12.79,17.67,2.56,0,0,0,0,0,1.35552629,3.91,1.3,0,0,8.6,5.21,0,0,2.5,69.5,0,1.47,0,0,0,0,0,0,0,2.11,1.672258135,3.14,0,0
4/05/2024 21:30,32.81,0,0.46,1.08,1.334241848,26.78,2.1,0.36,0.1,0.8,2.074687911,12.79,17.67,2.56,0,0,0,0,0,1.342612131,3.91,1.3,0,0,8.6,5.21,0,0,2.5,69.5,0,1.47,0,0,0,0,0,0,0,2.11,1.577186855,3.14,0,0
4/05/2024 22:00,32.81,0,0.46,1.08,1.307062815,26.78,2.1,0.36,0.1,0.8,2.032073436,12.79,17.67,2.56,0,0,0,0,0,1.346479163,3.91,1.3,0,0,8.6,5.21,0,0,2.5,69.5,0,1.47,0,0,0,0,0,0,0,2.11,1.495476426,3.14,0,0
4/05/2024 22:30,32.81,0,0.46,1.08,1.262872947,26.78,2.1,0.36,0.1,0.8,1.976182975,12.79,17.67,2.56,0,0,0,0,0,1.349884471,3.91,1.3,0,0,8.6,5.21,0,0,2.5,69.5,0,1.47,0,0,0,0,0,0,0,2.11,1.422391152,3.14,0,0
4/05/2024 23:00,32.81,0,0.46,1.08,1.238256859,26.78,2.1,0.36,0.1,0.8,1.926314945,12.79,17.67,2.56,0,0,0,0,0,1.345126039,3.91,1.3,0,0,8.6,5.21,0,0,2.5,69.5,0,1.47,0,0,0,0,0,0,0,2.11,1.364573434,3.14,0,0
4/05/2024 23:30,32.81,0,0.46,1.08,1.216338921,26.78,2.1,0.36,0.1,0.8,1.876350004,12.79,17.67,2.56,0,0,0,0,0,1.336868789,3.91,1.3,0,0,8.6,5.21,0,0,2.5,69.5,0,1.47,0,0,0,0,0,0,0,2.11,1.323456869,3.14,0,0
5/05/2024 0:00,32.81,0,0.46,1.08,1.170466953,26.78,2.1,0.36,0.1,0.8,1.834403514,12.79,17.67,2.56,0,0,0,0,0,1.326186284,3.91,1.3,0,0,8.6,5.21,0,0,2.5,69.5,0,1.47,0,0,0,0,0,0,0,2.11,1.280566376,3.14,0,0
5/05/2024 0:30,32.81,0,0.46,1.08,1.145376013,26.78,2.1,0.36,0.1,0.8,1.798415558,12.79,17.67,2.56,0,0,0,0,0,1.322590163,3.91,1.3,0,0,8.6,5.21,0,0,2.5,69.5,0,1.47,0,0,0,0,0,0,0,2.11,1.252119699,3.14,0,0
5/05/2024 1:00,32.81,0,0.46,1.08,1.14954106,26.78,2.1,0.36,0.1,0.8,1.772203853,12.79,17.67,2.56,0,0,0,0,0,1.316215194,3.91,1.3,0,0,8.6,5.21,0,0,2.5,69.5,0,1.47,0,0,0,0,0,0,0,2.11,1.235776986,3.14,0,0
5/05/2024 1:30,32.81,0,0.46,1.08,1.138092054,26.78,2.1,0.36,0.1,0.8,1.749782038,12.79,17.67,2.56,0,0,0,0,0,1.313886822,3.91,1.3,0,0,8.6,5.21,0,0,2.5,69.5,0,1.47,0,0,0,0,0,0,0,2.11,1.219838203,3.14,0,0
5/05/2024 2:00,32.81,0,0.46,1.08,1.135983145,26.78,2.1,0.36,0.1,0.8,1.774749665,12.79,17.67,2.56,0,0,0,0,0,1.321672971,3.91,1.3,0,0,8.6,5.21,0,0,2.5,69.5,0,1.47,0,0,0,0,0,0,0,2.11,1.213063367,3.14,0,0
5/05/2024 2:30,32.81,0,0.46,1.08,1.126398117,26.78,2.1,0.36,0.1,0.8,1.778161245,12.79,17.67,2.56,0,0,0,0,0,1.328043518,3.91,1.3,0,0,8.6,5.21,0,0,2.5,69.5,0,1.47,0,0,0,0,0,0,0,2.11,1.215065941,3.14,0,0
5/05/2024 3:00,32.81,0,0.46,1.08,1.172818966,26.78,2.1,0.36,0.1,0.8,1.824916816,12.79,17.67,2.56,0,0,0,0,0,1.333397271,3.91,1.3,0,0,8.6,5.21,0,0,2.5,69.5,0,1.47,0,0,0,0,0,0,0,2.11,1.226264824,3.14,0,0
5/05/2024 3:30,32.81,0,0.46,1.08,1.27379575,26.78,2.1,0.36,0.1,0.8,1.997937324,12.79,17.67,2.56,0,0,0,0,0,1.319931293,3.91,1.3,0,0,8.6,5.21,0,0,2.5,69.5,0,1.47,0,0,0,0,0,0,0,2.11,1.305584056,3.14,0,0
5/05/2024 4:00,32.81,0,0.46,1.08,1.452706872,26.78,2.1,0.36,0.1,0.8,2.25420663,12.79,17.67,2.56,0,0,0,0,0,1.307939331,3.91,1.3,0,0,8.6,5.21,0,0,2.5,69.5,0,1.47,0,0,0,0,0,0,0,2.11,1.439983284,3.14,0,0
5/05/2024 4:30,32.81,0,0.46,1.08,1.46650949,26.78,2.1,0.36,0.1,0.8,2.299418219,12.79,17.67,2.56,0,0,0,0,0,1.275691554,3.91,1.3,0,0,8.6,5.21,0,0,2.5,69.5,0,1.47,0,0,0,0,0,0,0,2.11,1.496047015,3.14,0,0
5/05/2024 5:00,32.81,0,0.46,1.08,1.287597272,26.78,2.1,0.36,0.1,0.8,2.112068647,12.79,17.67,2.56,0,0,0,0,0,1.219893521,3.91,1.3,0,0,8.6,5.21,0,0,2.5,69.5,0,1.47,0,0,0,0,0,0,0,2.11,1.459115177,3.14,0,0
5/05/2024 5:30,32.81,0,0.46,1.08,1.238026262,26.78,2.1,0.36,0.1,0.8,1.984193667,12.79,17.67,2.56,0,0,0,0,0,1.162309083,3.91,1.3,0,0,8.6,5.21,0,0,2.5,69.5,0,1.47,0,0,0,0,0,0,0,2.11,1.434555667,3.14,0,0
5/05/2024 6:00,32.81,0,0.46,1.08,1.661529405,26.78,2.1,0.36,0.1,0.8,2.095384628,12.79,17.67,2.56,0,0,0,0,0,1.121942045,3.91,1.3,0,0,8.6,5.21,0,0,2.5,69.5,0,1.47,0,0,0,0,0,0,0,2.11,1.472138918,3.14,0,0
5/05/2024 6:30,32.81,0,0.46,1.08,1.666599681,26.78,2.1,0.36,0.1,0.8,2.234282079,12.79,17.67,2.56,0,0,0,0,0,1.063694061,3.91,1.3,0,0,8.6,5.21,0,0,2.5,69.5,0,1.47,0,0,0,0,0,0,0,2.11,1.498349215,3.14,0,0
5/05/2024 7:00,32.81,0,0.46,1.08,1.656460998,26.78,2.1,0.36,0.1,0.8,2.244459978,12.79,17.67,2.56,0,0,0,0,0,1.068089596,3.91,1.3,0,0,8.6,5.21,0,0,2.5,69.5,0,1.47,0,0,0,0,0,0,0,2.11,1.52200089,3.14,0,0
5/05/2024 7:30,32.81,0,0.46,1.08,1.648376152,26.78,2.1,0.36,0.1,0.8,2.202103326,12.79,17.67,2.56,0,0,0,0,0,1.084322817,3.91,1.3,0,0,8.6,5.21,0,0,2.5,69.5,0,1.47,0,0,0,0,0,0,0,2.11,1.521602177,3.14,0,0
5/05/2024 8:00,32.81,0,0.46,1.08,1.320712255,26.78,2.1,0.36,0.1,0.8,2.12909984,12.79,17.67,2.56,0,0,0,0,0,1.105468278,3.91,1.3,0,0,8.6,5.21,0,0,2.5,69.5,0,1.47,0,0,0,0,0,0,0,2.11,1.509519944,3.14,0,0
5/05/2024 8:30,32.81,0,0.46,1.08,1.316454202,26.78,2.1,0.36,0.1,0.8,2.085945039,12.79,17.67,2.56,0,0,0,0,0,1.142892077,3.91,1.3,0,0,8.6,5.21,0,0,2.5,69.5,0,1.47,0,0,0,0,0,0,0,2.11,1.494603796,3.14,0,0
5/05/2024 9:00,32.81,0,0.46,1.08,1.342365701,26.78,2.1,0.36,0.1,0.8,2.073142329,12.79,17.67,2.56,0,0,0,0,0,1.163309558,3.91,1.3,0,0,8.6,5.21,0,0,2.5,69.5,0,1.47,0,0,0,0,0,0,0,2.11,1.488818938,3.14,0,0
5/05/2024 9:30,32.81,0,0.46,1.08,1.387534688,26.78,2.1,0.36,0.1,0.8,2.18253079,12.79,17.67,2.56,0,0,0,0,0,1.189122682,3.91,1.3,0,0,8.6,5.21,0,0,2.5,69.5,0,1.47,0,0,0,0,0,0,0,2.11,1.540001181,3.14,0,0
5/05/2024 10:00,32.81,0,0.46,1.08,1.441320619,26.78,2.1,0.36,0.1,0.8,2.325598396,12.79,17.67,2.56,0,0,0,0,0,1.219455081,3.91,1.3,0,0,8.6,5.21,0,0,2.5,69.5,0,1.47,0,0,0,0,0,0,0,2.11,1.614538077,3.14,0,0
5/05/2024 10:30,32.81,0,0.46,1.08,1.488112542,26.78,2.1,0.36,0.1,0.8,2.418238216,12.79,17.67,2.56,0,0,0,0,0,1.249467808,3.91,1.3,0,0,8.6,5.21,0,0,2.5,69.5,0,1.47,0,0,0,0,0,0,0,2.11,1.675331881,3.14,0,0
5/05/2024 11:00,32.81,0,0.46,1.08,1.538407502,26.78,2.1,0.36,0.1,0.8,2.488978582,12.79,17.67,2.56,0,0,0,0,0,1.263215798,3.91,1.3,0,0,8.6,5.21,0,0,2.5,69.5,0,1.47,0,0,0,0,0,0,0,2.11,1.727885855,3.14,0,0
5/05/2024 11:30,32.81,0,0.46,1.08,1.580332056,26.78,2.1,0.36,0.1,0.8,2.548738168,12.79,17.67,2.56,0,0,0,0,0,1.287002596,3.91,1.3,0,0,8.6,5.21,0,0,2.5,69.5,0,1.47,0,0,0,0,0,0,0,2.11,1.773125664,3.14,0,0
5/05/2024 12:00,32.81,0,0.46,1.08,1.604332484,26.78,2.1,0.36,0.1,0.8,2.600592834,12.79,17.67,2.56,0,0,0,0,0,1.313066098,3.91,1.3,0,0,8.6,5.21,0,0,2.5,69.5,0,1.47,0,0,0,0,0,0,0,2.11,1.809796319,3.14,0,0
5/05/2024 12:30,32.81,0,0.46,1.08,1.628901626,26.78,2.1,0.36,0.1,0.8,2.656669117,12.79,17.67,2.56,0,0,0,0,0,1.328757908,3.91,1.3,0,0,8.6,5.21,0,0,2.5,69.5,0,1.47,0,0,0,0,0,0,0,2.11,1.841430441,3.14,0,0
5/05/2024 13:00,32.81,0,0.46,1.08,1.68779231,26.78,2.1,0.36,0.1,0.8,2.708016007,12.79,17.67,2.56,0,0,0,0,0,1.320159316,3.91,1.3,0,0,8.6,5.21,0,0,2.5,69.5,0,1.47,0,0,0,0,0,0,0,2.11,1.882867731,3.14,0,0
5/05/2024 13:30,32.81,0,0.46,1.08,1.739003576,26.78,2.1,0.36,0.1,0.8,2.768309477,12.79,17.67,2.56,0,0,0,0,0,1.319812828,3.91,1.3,0,0,8.6,5.21,0,0,2.5,69.5,0,1.47,0,0,0,0,0,0,0,2.11,1.931311209,3.14,0,0
5/05/2024 14:00,32.81,0,0.46,1.08,1.779273114,26.78,2.1,0.36,0.1,0.8,2.874399945,12.79,17.67,2.56,0,0,0,0,0,1.344670958,3.91,1.3,0,0,8.6,5.21,0,0,2.5,69.5,0,1.47,0,0,0,0,0,0,0,2.11,1.998670961,3.14,0,0
5/05/2024 14:30,32.81,0,0.46,1.08,1.791931801,26.78,2.1,0.36,0.1,0.8,2.927942531,12.79,17.67,2.56,0,0,0,0,0,1.356191743,3.91,1.3,0,0,8.6,5.21,0,0,2.5,69.5,0,1.47,0,0,0,0,0,0,0,2.11,2.043318561,3.14,0,0
5/05/2024 15:00,32.81,0,0.46,1.08,1.840091055,26.78,2.1,0.36,0.1,0.8,3.001574869,12.79,17.67,2.56,0,0,0,0,0,1.36009854,3.91,1.3,0,0,8.6,5.21,0,0,2.5,69.5,0,1.47,0,0,0,0,0,0,0,2.11,2.072016276,3.14,0,0
5/05/2024 15:30,32.81,0,0.46,1.08,1.893289519,26.78,2.1,0.36,0.1,0.8,3.101560384,12.79,17.67,2.56,0,0,0,0,0,1.365509377,3.91,1.3,0,0,8.6,5.21,0,0,2.5,69.5,0,1.47,0,0,0,0,0,0,0,2.11,2.122335383,3.14,0,0
5/05/2024 16:00,32.81,0,0.46,1.08,1.885813819,26.78,2.1,0.36,0.1,0.8,3.108831601,12.79,17.67,2.56,0,0,0,0,0,1.376513682,3.91,1.3,0,0,8.6,5.21,0,0,2.5,69.5,0,1.47,0,0,0,0,0,0,0,2.11,2.122700156,3.14,0,0
5/05/2024 16:30,32.81,0,0.46,1.08,1.783363179,26.78,2.1,0.36,0.1,0.8,2.948552749,12.79,17.67,2.56,0,0,0,0,0,1.330408665,3.91,1.3,0,0,8.6,5.21,0,0,2.5,69.5,0,1.47,0,0,0,0,0,0,0,2.11,2.06162439,3.14,0,0
5/05/2024 17:00,32.81,0,0.46,1.08,1.731159636,26.78,2.1,0.36,0.1,0.8,2.820570826,12.79,17.67,2.56,0,0,0,0,0,1.197504354,3.91,1.3,0,0,8.6,5.21,0,0,2.5,69.5,0,1.47,0,0,0,0,0,0,0,2.11,2.015518812,3.14,0,0
5/05/2024 17:30,32.81,0,0.46,1.08,1.789470649,26.78,2.1,0.36,0.1,0.8,2.868167696,12.79,17.67,2.56,0,0,0,0,0,1.139606148,3.91,1.3,0,0,8.6,5.21,0,0,2.5,69.5,0,1.47,0,0,0,0,0,0,0,2.11,2.059557529,3.14,0,0
5/05/2024 18:00,32.81,0,0.46,1.08,1.923146152,26.78,2.1,0.36,0.1,0.8,3.134557837,12.79,17.67,2.56,0,0,0,0,0,1.250425065,3.91,1.3,0,0,8.6,5.21,0,0,2.5,69.5,0,1.47,0,0,0,0,0,0,0,2.11,2.177728643,3.14,0,0
5/05/2024 18:30,32.81,0,0.46,1.08,1.957519089,26.78,2.1,0.36,0.1,0.8,3.341226544,12.79,17.67,2.56,0,0,0,0,0,1.335541702,3.91,1.3,0,0,8.6,5.21,0,0,2.5,69.5,0,1.47,0,0,0,0,0,0,0,2.11,2.259452773,3.14,0,0
5/05/2024 19:00,32.81,0,0.46,1.08,1.921607957,26.78,2.1,0.36,0.1,0.8,3.298255634,12.79,17.67,2.56,0,0,0,0,0,1.379305843,3.91,1.3,0,0,8.6,5.21,0,0,2.5,69.5,0,1.47,0,0,0,0,0,0,0,2.11,2.293292749,3.14,0,0
5/05/2024 19:30,32.81,0,0.46,1.08,1.817233624,26.78,2.1,0.36,0.1,0.8,3.069485201,12.79,17.67,2.56,0,0,0,0,0,1.390583505,3.91,1.3,0,0,8.6,5.21,0,0,2.5,69.5,0,1.47,0,0,0,0,0,0,0,2.11,2.203071392,3.14,0,0
5/05/2024 20:00,32.81,0,0.46,1.08,1.668564983,26.78,2.1,0.36,0.1,0.8,2.755214398,12.79,17.67,2.56,0,0,0,0,0,1.384284131,3.91,1.3,0,0,8.6,5.21,0,0,2.5,69.5,0,1.47,0,0,0,0,0,0,0,2.11,2.020614399,3.14,0,0
5/05/2024 20:30,32.81,0,0.46,1.08,1.5117201,26.78,2.1,0.36,0.1,0.8,2.438722797,12.79,17.67,2.56,0,0,0,0,0,1.36532385,3.91,1.3,0,0,8.6,5.21,0,0,2.5,69.5,0,1.47,0,0,0,0,0,0,0,2.11,1.826162646,3.14,0,0
5/05/2024 21:00,32.81,0,0.46,1.08,1.403328221,26.78,2.1,0.36,0.1,0.8,2.202781737,12.79,17.67,2.56,0,0,0,0,0,1.35552629,3.91,1.3,0,0,8.6,5.21,0,0,2.5,69.5,0,1.47,0,0,0,0,0,0,0,2.11,1.662304217,3.14,0,0
5/05/2024 21:30,32.81,0,0.46,1.08,1.325463941,26.78,2.1,0.36,0.1,0.8,2.074687911,12.79,17.67,2.56,0,0,0,0,0,1.342612131,3.91,1.3,0,0,8.6,5.21,0,0,2.5,69.5,0,1.47,0,0,0,0,0,0,0,2.11,1.567798838,3.14,0,0
5/05/2024 22:00,32.81,0,0.46,1.08,1.298463717,26.78,2.1,0.36,0.1,0.8,2.032073436,12.79,17.67,2.56,0,0,0,0,0,1.346479163,3.91,1.3,0,0,8.6,5.21,0,0,2.5,69.5,0,1.47,0,0,0,0,0,0,0,2.11,1.486574781,3.14,0,0
5/05/2024 22:30,32.81,0,0.46,1.08,1.254564572,26.78,2.1,0.36,0.1,0.8,1.976182975,12.79,17.67,2.56,0,0,0,0,0,1.349884471,3.91,1.3,0,0,8.6,5.21,0,0,2.5,69.5,0,1.47,0,0,0,0,0,0,0,2.11,1.413924538,3.14,0,0
5/05/2024 23:00,32.81,0,0.46,1.08,1.230110432,26.78,2.1,0.36,0.1,0.8,1.926314945,12.79,17.67,2.56,0,0,0,0,0,1.345126039,3.91,1.3,0,0,8.6,5.21,0,0,2.5,69.5,0,1.47,0,0,0,0,0,0,0,2.11,1.356450973,3.14,0,0
5/05/2024 23:30,32.81,0,0.46,1.08,1.208336691,26.78,2.1,0.36,0.1,0.8,1.876350004,12.79,17.67,2.56,0,0,0,0,0,1.336868789,3.91,1.3,0,0,8.6,5.21,0,0,2.5,69.5,0,1.47,0,0,0,0,0,0,0,2.11,1.31557915,3.14,0,0
6/05/2024 0:00,32.81,0,0.46,1.08,1.170466953,26.78,2.1,0.36,0.1,0.8,1.826728185,12.79,17.67,2.56,0,0,0,0,0,1.326186284,3.91,1.3,0,0,8.6,5.21,0,0,2.5,69.5,0,1.47,0,0,0,0,0,0,0,2.11,1.272898314,3.14,0,0
6/05/2024 0:30,32.81,0,0.46,1.08,1.145376013,26.78,2.1,0.36,0.1,0.8,1.790890807,12.79,17.67,2.56,0,0,0,0,0,1.322590163,3.91,1.3,0,0,8.6,5.21,0,0,2.5,69.5,0,1.47,0,0,0,0,0,0,0,2.11,1.244621976,3.14,0,0
6/05/2024 1:00,32.81,0,0.46,1.08,1.14954106,26.78,2.1,0.36,0.1,0.8,1.764788774,12.79,17.67,2.56,0,0,0,0,0,1.316215194,3.91,1.3,0,0,8.6,5.21,0,0,2.5,69.5,0,1.47,0,0,0,0,0,0,0,2.11,1.228377124,3.14,0,0
6/05/2024 1:30,32.81,0,0.46,1.08,1.138092054,26.78,2.1,0.36,0.1,0.8,1.742460774,12.79,17.67,2.56,0,0,0,0,0,1.313886822,3.91,1.3,0,0,8.6,5.21,0,0,2.5,69.5,0,1.47,0,0,0,0,0,0,0,2.11,1.212533782,3.14,0,0
6/05/2024 2:00,32.81,0,0.46,1.08,1.135983145,26.78,2.1,0.36,0.1,0.8,1.767323935,12.79,17.67,2.56,0,0,0,0,0,1.321672971,3.91,1.3,0,0,8.6,5.21,0,0,2.5,69.5,0,1.47,0,0,0,0,0,0,0,2.11,1.205799514,3.14,0,0
6/05/2024 2:30,32.81,0,0.46,1.08,1.126398117,26.78,2.1,0.36,0.1,0.8,1.77072124,12.79,17.67,2.56,0,0,0,0,0,1.328043518,3.91,1.3,0,0,8.6,5.21,0,0,2.5,69.5,0,1.47,0,0,0,0,0,0,0,2.11,1.207790097,3.14,0,0
6/05/2024 3:00,32.81,0,0.46,1.08,1.172818966,26.78,2.1,0.36,0.1,0.8,1.817281181,12.79,17.67,2.56,0,0,0,0,0,1.333397271,3.91,1.3,0,0,8.6,5.21,0,0,2.5,69.5,0,1.47,0,0,0,0,0,0,0,2.11,1.218921921,3.14,0,0
6/05/2024 3:30,32.81,0,0.46,1.08,1.27379575,26.78,2.1,0.36,0.1,0.8,1.989577753,12.79,17.67,2.56,0,0,0,0,0,1.319931293,3.91,1.3,0,0,8.6,5.21,0,0,2.5,69.5,0,1.47,0,0,0,0,0,0,0,2.11,1.297766188,3.14,0,0
6/05/2024 4:00,32.81,0,0.46,1.08,1.452706872,26.78,2.1,0.36,0.1,0.8,2.244774803,12.79,17.67,2.56,0,0,0,0,0,1.307939331,3.91,1.3,0,0,8.6,5.21,0,0,2.5,69.5,0,1.47,0,0,0,0,0,0,0,2.11,1.431360629,3.14,0,0
6/05/2024 4:30,32.81,0,0.46,1.08,1.46650949,26.78,2.1,0.36,0.1,0.8,2.289797223,12.79,17.67,2.56,0,0,0,0,0,1.275691554,3.91,1.3,0,0,8.6,5.21,0,0,2.5,69.5,0,1.47,0,0,0,0,0,0,0,2.11,1.48708865,3.14,0,0
6/05/2024 5:00,32.81,0,0.46,1.08,1.287597272,26.78,2.1,0.36,0.1,0.8,2.103231539,12.79,17.67,2.56,0,0,0,0,0,1.219893521,3.91,1.3,0,0,8.6,5.21,0,0,2.5,69.5,0,1.47,0,0,0,0,0,0,0,2.11,1.45037796,3.14,0,0
6/05/2024 5:30,32.81,0,0.46,1.08,1.238026262,26.78,2.1,0.36,0.1,0.8,1.975891601,12.79,17.67,2.56,0,0,0,0,0,1.162309083,3.91,1.3,0,0,8.6,5.21,0,0,2.5,69.5,0,1.47,0,0,0,0,0,0,0,2.11,1.425965513,3.14,0,0
6/05/2024 6:00,32.82,0,0.46,1.08,1.661529405,26.78,2.1,0.36,0.1,0.8,2.086617328,12.79,17.67,2.56,0,0,0,0,0,1.121942045,3.91,1.3,0,0,8.6,5.21,0,0,2.5,69.5,0,1.47,0,0,0,0,0,0,0,2.11,1.463323715,3.14,0,0
6/05/2024 6:30,32.82,0,0.46,1.08,1.666599681,26.78,2.1,0.36,0.1,0.8,2.224933618,12.79,17.67,2.56,0,0,0,0,0,1.063694061,3.91,1.3,0,0,8.6,5.21,0,0,2.5,69.5,0,1.47,0,0,0,0,0,0,0,2.11,1.489377064,3.14,0,0
6/05/2024 7:00,32.82,0,0.46,1.08,1.656460998,26.78,2.1,0.36,0.1,0.8,2.235068932,12.79,17.67,2.56,0,0,0,0,0,1.068089596,3.91,1.3,0,0,8.6,5.21,0,0,2.5,69.5,0,1.47,0,0,0,0,0,0,0,2.11,1.512887113,3.14,0,0
6/05/2024 7:30,32.82,0,0.46,1.08,1.648376152,26.78,2.1,0.36,0.1,0.8,2.192889505,12.79,17.67,2.56,0,0,0,0,0,1.084322817,3.91,1.3,0,0,8.6,5.21,0,0,2.5,69.5,0,1.47,0,0,0,0,0,0,0,2.11,1.512490787,3.14,0,0
6/05/2024 8:00,32.82,0,0.46,1.08,1.320712255,26.78,2.1,0.36,0.1,0.8,2.120191472,12.79,17.67,2.56,0,0,0,0,0,1.105468278,3.91,1.3,0,0,8.6,5.21,0,0,2.5,69.5,0,1.47,0,0,0,0,0,0,0,2.11,1.500480902,3.14,0,0
6/05/2024 8:30,32.82,0,0.46,1.08,1.316454202,26.78,2.1,0.36,0.1,0.8,2.077217236,12.79,17.67,2.56,0,0,0,0,0,1.142892077,3.91,1.3,0,0,8.6,5.21,0,0,2.5,69.5,0,1.47,0,0,0,0,0,0,0,2.11,1.485654072,3.14,0,0
6/05/2024 9:00,32.82,0,0.46,1.08,1.342365701,26.78,2.1,0.36,0.1,0.8,2.064468093,12.79,17.67,2.56,0,0,0,0,0,1.163309558,3.91,1.3,0,0,8.6,5.21,0,0,2.5,69.5,0,1.47,0,0,0,0,0,0,0,2.11,1.479903855,3.14,0,0
6/05/2024 9:30,32.82,0,0.46,1.08,1.387534688,26.78,2.1,0.36,0.1,0.8,2.173398862,12.79,17.67,2.56,0,0,0,0,0,1.189122682,3.91,1.3,0,0,8.6,5.21,0,0,2.5,69.5,0,1.47,0,0,0,0,0,0,0,2.11,1.530779617,3.14,0,0
6/05/2024 10:00,32.82,0,0.46,1.08,1.441320619,26.78,2.1,0.36,0.1,0.8,2.315867858,12.79,17.67,2.56,0,0,0,0,0,1.219455081,3.91,1.3,0,0,8.6,5.21,0,0,2.5,69.5,0,1.47,0,0,0,0,0,0,0,2.11,1.604870184,3.14,0,0
6/05/2024 10:30,32.82,0,0.46,1.08,1.488112542,26.78,2.1,0.36,0.1,0.8,2.408120064,12.79,17.67,2.56,0,0,0,0,0,1.249467808,3.91,1.3,0,0,8.6,5.21,0,0,2.5,69.5,0,1.47,0,0,0,0,0,0,0,2.11,1.665299954,3.14,0,0
6/05/2024 11:00,32.82,0,0.46,1.08,1.538407502,26.78,2.1,0.36,0.1,0.8,2.478564446,12.79,17.67,2.56,0,0,0,0,0,1.263215798,3.91,1.3,0,0,8.6,5.21,0,0,2.5,69.5,0,1.47,0,0,0,0,0,0,0,2.11,1.717539234,3.14,0,0
6/05/2024 11:30,32.82,0,0.46,1.08,1.580332056,26.78,2.1,0.36,0.1,0.8,2.538073992,12.79,17.67,2.56,0,0,0,0,0,1.287002596,3.91,1.3,0,0,8.6,5.21,0,0,2.5,69.5,0,1.47,0,0,0,0,0,0,0,2.11,1.762508145,3.14,0,0
6/05/2024 12:00,32.82,0,0.46,1.08,1.604332484,26.78,2.1,0.36,0.1,0.8,2.589711692,12.79,17.67,2.56,0,0,0,0,0,1.313066098,3.91,1.3,0,0,8.6,5.21,0,0,2.5,69.5,0,1.47,0,0,0,0,0,0,0,2.11,1.798959215,3.14,0,0
6/05/2024 12:30,32.82,0,0.46,1.08,1.628901626,26.78,2.1,0.36,0.1,0.8,2.645553347,12.79,17.67,2.56,0,0,0,0,0,1.328757908,3.91,1.3,0,0,8.6,5.21,0,0,2.5,69.5,0,1.47,0,0,0,0,0,0,0,2.11,1.830403912,3.14,0,0
6/05/2024 13:00,32.82,0,0.46,1.08,1.68779231,26.78,2.1,0.36,0.1,0.8,2.696685396,12.79,17.67,2.56,0,0,0,0,0,1.320159316,3.91,1.3,0,0,8.6,5.21,0,0,2.5,69.5,0,1.47,0,0,0,0,0,0,0,2.11,1.871593074,3.14,0,0
6/05/2024 13:30,32.82,0,0.46,1.08,1.739003576,26.78,2.1,0.36,0.1,0.8,2.756726593,12.79,17.67,2.56,0,0,0,0,0,1.319812828,3.91,1.3,0,0,8.6,5.21,0,0,2.5,69.5,0,1.47,0,0,0,0,0,0,0,2.11,1.919746471,3.14,0,0
6/05/2024 14:00,32.82,0,0.46,1.08,1.779273114,26.78,2.1,0.36,0.1,0.8,2.862373167,12.79,17.67,2.56,0,0,0,0,0,1.344670958,3.91,1.3,0,0,8.6,5.21,0,0,2.5,69.5,0,1.47,0,0,0,0,0,0,0,2.11,1.986702872,3.14,0,0
6/05/2024 14:30,32.82,0,0.46,1.08,1.791931801,26.78,2.1,0.36,0.1,0.8,2.915691725,12.79,17.67,2.56,0,0,0,0,0,1.356191743,3.91,1.3,0,0,8.6,5.21,0,0,2.5,69.5,0,1.47,0,0,0,0,0,0,0,2.11,2.031083121,3.14,0,0
6/05/2024 15:00,32.82,0,0.46,1.08,1.840091055,26.78,2.1,0.36,0.1,0.8,2.989015978,12.79,17.67,2.56,0,0,0,0,0,1.36009854,3.91,1.3,0,0,8.6,5.21,0,0,2.5,69.5,0,1.47,0,0,0,0,0,0,0,2.11,2.059608992,3.14,0,0
6/05/2024 15:30,32.82,0,0.46,1.08,1.893289519,26.78,2.1,0.36,0.1,0.8,3.088583144,12.79,17.67,2.56,0,0,0,0,0,1.365509377,3.91,1.3,0,0,8.6,5.21,0,0,2.5,69.5,0,1.47,0,0,0,0,0,0,0,2.11,2.109626788,3.14,0,0
6/05/2024 16:00,32.82,0,0.46,1.08,1.885813819,26.78,2.1,0.36,0.1,0.8,3.095823938,12.79,17.67,2.56,0,0,0,0,0,1.376513682,3.91,1.3,0,0,8.6,5.21,0,0,2.5,69.5,0,1.47,0,0,0,0,0,0,0,2.11,2.109989377,3.14,0,0
6/05/2024 16:30,32.82,0,0.46,1.08,1.783363179,26.78,2.1,0.36,0.1,0.8,2.936215708,12.79,17.67,2.56,0,0,0,0,0,1.330408665,3.91,1.3,0,0,8.6,5.21,0,0,2.5,69.5,0,1.47,0,0,0,0,0,0,0,2.11,2.049279334,3.14,0,0
6/05/2024 17:00,32.82,0,0.46,1.08,1.731159636,26.78,2.1,0.36,0.1,0.8,2.808769275,12.79,17.67,2.56,0,0,0,0,0,1.197504354,3.91,1.3,0,0,8.6,5.21,0,0,2.5,69.5,0,1.47,0,0,0,0,0,0,0,2.11,2.003449837,3.14,0,0
6/05/2024 17:30,32.82,0,0.46,1.08,1.789470649,26.78,2.1,0.36,0.1,0.8,2.856166994,12.79,17.67,2.56,0,0,0,0,0,1.139606148,3.91,1.3,0,0,8.6,5.21,0,0,2.5,69.5,0,1.47,0,0,0,0,0,0,0,2.11,2.047224849,3.14,0,0
6/05/2024 18:00,32.82,0,0.46,1.08,1.923146152,26.78,2.1,0.36,0.1,0.8,3.121442532,12.79,17.67,2.56,0,0,0,0,0,1.250425065,3.91,1.3,0,0,8.6,5.21,0,0,2.5,69.5,0,1.47,0,0,0,0,0,0,0,2.11,2.164688352,3.14,0,0
6/05/2024 18:30,32.82,0,0.46,1.08,1.957519089,26.78,2.1,0.36,0.1,0.8,3.327246516,12.79,17.67,2.56,0,0,0,0,0,1.335541702,3.91,1.3,0,0,8.6,5.21,0,0,2.5,69.5,0,1.47,0,0,0,0,0,0,0,2.11,2.245923116,3.14,0,0
6/05/2024 19:00,32.82,0,0.46,1.08,1.921607957,26.78,2.1,0.36,0.1,0.8,3.284455401,12.79,17.67,2.56,0,0,0,0,0,1.379305843,3.91,1.3,0,0,8.6,5.21,0,0,2.5,69.5,0,1.47,0,0,0,0,0,0,0,2.11,2.279560457,3.14,0,0
6/05/2024 19:30,32.82,0,0.46,1.08,1.817233624,26.78,2.1,0.36,0.1,0.8,3.056642167,12.79,17.67,2.56,0,0,0,0,0,1.390583505,3.91,1.3,0,0,8.6,5.21,0,0,2.5,69.5,0,1.47,0,0,0,0,0,0,0,2.11,2.189879348,3.14,0,0
6/05/2024 20:00,32.82,0,0.46,1.08,1.668564983,26.78,2.1,0.36,0.1,0.8,2.743686304,12.79,17.67,2.56,0,0,0,0,0,1.384284131,3.91,1.3,0,0,8.6,5.21,0,0,2.5,69.5,0,1.47,0,0,0,0,0,0,0,2.11,2.008514911,3.14,0,0
6/05/2024 20:30,32.82,0,0.46,1.08,1.5117201,26.78,2.1,0.36,0.1,0.8,2.428518936,12.79,17.67,2.56,0,0,0,0,0,1.36532385,3.91,1.3,0,0,8.6,5.21,0,0,2.5,69.5,0,1.47,0,0,0,0,0,0,0,2.11,1.815227541,3.14,0,0
6/05/2024 21:00,32.82,0,0.46,1.08,1.403328221,26.78,2.1,0.36,0.1,0.8,2.193565077,12.79,17.67,2.56,0,0,0,0,0,1.35552629,3.91,1.3,0,0,8.6,5.21,0,0,2.5,69.5,0,1.47,0,0,0,0,0,0,0,2.11,1.6523503,3.14,0,0
6/05/2024 21:30,32.82,0,0.46,1.08,1.325463941,26.78,2.1,0.36,0.1,0.8,2.066007208,12.79,17.67,2.56,0,0,0,0,0,1.342612131,3.91,1.3,0,0,8.6,5.21,0,0,2.5,69.5,0,1.47,0,0,0,0,0,0,0,2.11,1.558410821,3.14,0,0
6/05/2024 22:00,32.82,0,0.46,1.08,1.298463717,26.78,2.1,0.36,0.1,0.8,2.023571036,12.79,17.67,2.56,0,0,0,0,0,1.346479163,3.91,1.3,0,0,8.6,5.21,0,0,2.5,69.5,0,1.47,0,0,0,0,0,0,0,2.11,1.477673136,3.14,0,0
6/05/2024 22:30,32.82,0,0.46,1.08,1.254564572,26.78,2.1,0.36,0.1,0.8,1.967914427,12.79,17.67,2.56,0,0,0,0,0,1.349884471,3.91,1.3,0,0,8.6,5.21,0,0,2.5,69.5,0,1.47,0,0,0,0,0,0,0,2.11,1.405457924,3.14,0,0
6/05/2024 23:00,32.82,0,0.46,1.08,1.230110432,26.78,2.1,0.36,0.1,0.8,1.91825505,12.79,17.67,2.56,0,0,0,0,0,1.345126039,3.91,1.3,0,0,8.6,5.21,0,0,2.5,69.5,0,1.47,0,0,0,0,0,0,0,2.11,1.348328513,3.14,0,0
6/05/2024 23:30,32.82,0,0.46,1.08,1.208336691,26.78,2.1,0.36,0.1,0.8,1.868499167,12.79,17.67,2.56,0,0,0,0,0,1.336868789,3.91,1.3,0,0,8.6,5.21,0,0,2.5,69.5,0,1.47,0,0,0,0,0,0,0,2.11,1.30770143,3.14,0,0
7/05/2024 0:00,32.82,0,0.46,1.08,1.162715516,26.78,2.1,0.36,0.1,0.8,1.826728185,12.79,17.67,2.56,0,0,0,0,0,1.326186284,3.91,1.3,0,0,8.6,5.21,0,0,2.5,69.5,0,1.47,0,0,0,0,0,0,0,2.11,1.265230252,3.14,0,0
7/05/2024 0:30,32.82,0,0.46,1.08,1.137790742,26.78,2.1,0.36,0.1,0.8,1.790890807,12.79,17.67,2.56,0,0,0,0,0,1.322590163,3.91,1.3,0,0,8.6,5.21,0,0,2.5,69.5,0,1.47,0,0,0,0,0,0,0,2.11,1.237124254,3.14,0,0
7/05/2024 1:00,32.82,0,0.46,1.08,1.141928205,26.78,2.1,0.36,0.1,0.8,1.764788774,12.79,17.67,2.56,0,0,0,0,0,1.316215194,3.91,1.3,0,0,8.6,5.21,0,0,2.5,69.5,0,1.47,0,0,0,0,0,0,0,2.11,1.220977262,3.14,0,0
7/05/2024 1:30,32.82,0,0.46,1.08,1.130555021,26.78,2.1,0.36,0.1,0.8,1.742460774,12.79,17.67,2.56,0,0,0,0,0,1.313886822,3.91,1.3,0,0,8.6,5.21,0,0,2.5,69.5,0,1.47,0,0,0,0,0,0,0,2.11,1.205229362,3.14,0,0
7/05/2024 2:00,32.82,0,0.46,1.08,1.128460078,26.78,2.1,0.36,0.1,0.8,1.767323935,12.79,17.67,2.56,0,0,0,0,0,1.321672971,3.91,1.3,0,0,8.6,5.21,0,0,2.5,69.5,0,1.47,0,0,0,0,0,0,0,2.11,1.198535662,3.14,0,0
7/05/2024 2:30,32.82,0,0.46,1.08,1.118938527,26.78,2.1,0.36,0.1,0.8,1.77072124,12.79,17.67,2.56,0,0,0,0,0,1.328043518,3.91,1.3,0,0,8.6,5.21,0,0,2.5,69.5,0,1.47,0,0,0,0,0,0,0,2.11,1.200514253,3.14,0,0
7/05/2024 3:00,32.82,0,0.46,1.08,1.165051953,26.78,2.1,0.36,0.1,0.8,1.817281181,12.79,17.67,2.56,0,0,0,0,0,1.333397271,3.91,1.3,0,0,8.6,5.21,0,0,2.5,69.5,0,1.47,0,0,0,0,0,0,0,2.11,1.211579017,3.14,0,0
7/05/2024 3:30,32.82,0,0.46,1.08,1.265360017,26.78,2.1,0.36,0.1,0.8,1.989577753,12.79,17.67,2.56,0,0,0,0,0,1.319931293,3.91,1.3,0,0,8.6,5.21,0,0,2.5,69.5,0,1.47,0,0,0,0,0,0,0,2.11,1.289948319,3.14,0,0
7/05/2024 4:00,32.82,0,0.46,1.08,1.443086297,26.78,2.1,0.36,0.1,0.8,2.244774803,12.79,17.67,2.56,0,0,0,0,0,1.307939331,3.91,1.3,0,0,8.6,5.21,0,0,2.5,69.5,0,1.47,0,0,0,0,0,0,0,2.11,1.422737975,3.14,0,0
7/05/2024 4:30,32.82,0,0.46,1.08,1.456797507,26.78,2.1,0.36,0.1,0.8,2.289797223,12.79,17.67,2.56,0,0,0,0,0,1.275691554,3.91,1.3,0,0,8.6,5.21,0,0,2.5,69.5,0,1.47,0,0,0,0,0,0,0,2.11,1.478130284,3.14,0,0
7/05/2024 5:00,32.82,0,0.46,1.08,1.279070137,26.78,2.1,0.36,0.1,0.8,2.103231539,12.79,17.67,2.56,0,0,0,0,0,1.219893521,3.91,1.3,0,0,8.6,5.21,0,0,2.5,69.5,0,1.47,0,0,0,0,0,0,0,2.11,1.441640743,3.14,0,0
7/05/2024 5:30,32.82,0,0.46,1.08,1.229827413,26.78,2.1,0.36,0.1,0.8,1.975891601,12.79,17.67,2.56,0,0,0,0,0,1.162309083,3.91,1.3,0,0,8.6,5.21,0,0,2.5,69.5,0,1.47,0,0,0,0,0,0,0,2.11,1.417375359,3.14,0,0
7/05/2024 6:00,32.83,0,0.46,1.08,1.650525899,26.77,2.1,0.36,0.1,0.8,2.086617328,12.79,17.67,2.56,0,0,0,0,0,1.121942045,3.91,1.3,0,0,8.6,5.21,0,0,2.5,69.5,0,10.78,0,0,0,0,0,0,0,2.11,1.454508512,3.14,0,0
7/05/2024 6:30,32.83,0,0.46,1.08,1.655562597,26.77,2.1,0.36,0.1,0.8,2.224933618,12.79,17.67,2.56,0,0,0,0,0,1.063694061,3.91,1.3,0,0,8.6,5.21,0,0,2.5,69.5,0,10.78,0,0,0,0,0,0,0,2.11,1.480404913,3.14,0,0
7/05/2024 7:00,32.83,0,0.46,1.08,1.645491057,26.77,2.1,0.36,0.1,0.8,2.235068932,12.79,17.67,2.56,0,0,0,0,0,1.068089596,3.91,1.3,0,0,8.6,5.21,0,0,2.5,69.5,0,10.78,0,0,0,0,0,0,0,2.11,1.503773335,3.14,0,0
7/05/2024 7:30,32.83,0,0.46,1.08,1.637459754,26.77,2.1,0.36,0.1,0.8,2.192889505,12.79,17.67,2.56,0,0,0,0,0,1.084322817,3.91,1.3,0,0,8.6,5.21,0,0,2.5,69.5,0,10.78,0,0,0,0,0,0,0,2.11,1.503379397,3.14,0,0
7/05/2024 8:00,32.83,0,0.46,1.08,1.311965816,26.77,2.1,0.36,0.1,0.8,2.120191472,12.79,17.67,2.56,0,0,0,0,0,1.105468278,3.91,1.3,0,0,8.6,5.21,0,0,2.5,69.5,0,10.78,0,0,0,0,0,0,0,2.11,1.491441861,3.14,0,0
7/05/2024 8:30,32.83,0,0.46,1.08,1.307735962,26.77,2.1,0.36,0.1,0.8,2.077217236,12.79,17.67,2.56,0,0,0,0,0,1.142892077,3.91,1.3,0,0,8.6,5.21,0,0,2.5,69.5,0,10.78,0,0,0,0,0,0,0,2.11,1.476704349,3.14,0,0
7/05/2024 9:00,32.83,0,0.46,1.08,1.333475862,26.77,2.1,0.36,0.1,0.8,2.064468093,12.79,17.67,2.56,0,0,0,0,0,1.163309558,3.91,1.3,0,0,8.6,5.21,0,0,2.5,69.5,0,10.78,0,0,0,0,0,0,0,2.11,1.470988771,3.14,0,0
7/05/2024 9:30,32.83,0,0.46,1.08,1.378345716,26.77,2.1,0.36,0.1,0.8,2.173398862,12.79,17.67,2.56,0,0,0,0,0,1.189122682,3.91,1.3,0,0,8.6,5.21,0,0,2.5,69.5,0,10.78,0,0,0,0,0,0,0,2.11,1.521558053,3.14,0,0
7/05/2024 10:00,32.83,0,0.46,1.08,1.43177545,26.77,2.1,0.36,0.1,0.8,2.315867858,12.79,17.67,2.56,0,0,0,0,0,1.219455081,3.91,1.3,0,0,8.6,5.21,0,0,2.5,69.5,0,10.78,0,0,0,0,0,0,0,2.11,1.595202292,3.14,0,0
7/05/2024 10:30,32.83,0,0.46,1.08,1.478257492,26.77,2.1,0.36,0.1,0.8,2.408120064,12.79,17.67,2.56,0,0,0,0,0,1.249467808,3.91,1.3,0,0,8.6,5.21,0,0,2.5,69.5,0,10.78,0,0,0,0,0,0,0,2.11,1.655268027,3.14,0,0
7/05/2024 11:00,32.83,0,0.46,1.08,1.528219373,26.77,2.1,0.36,0.1,0.8,2.478564446,12.79,17.67,2.56,0,0,0,0,0,1.263215798,3.91,1.3,0,0,8.6,5.21,0,0,2.5,69.5,0,10.78,0,0,0,0,0,0,0,2.11,1.707192612,3.14,0,0
7/05/2024 11:30,32.83,0,0.46,1.08,1.569866281,26.77,2.1,0.36,0.1,0.8,2.538073992,12.79,17.67,2.56,0,0,0,0,0,1.287002596,3.91,1.3,0,0,8.6,5.21,0,0,2.5,69.5,0,10.78,0,0,0,0,0,0,0,2.11,1.751890626,3.14,0,0
7/05/2024 12:00,32.83,0,0.46,1.08,1.593707765,26.77,2.1,0.36,0.1,0.8,2.589711692,12.79,17.67,2.56,0,0,0,0,0,1.313066098,3.91,1.3,0,0,8.6,5.21,0,0,2.5,69.5,0,10.78,0,0,0,0,0,0,0,2.11,1.788122112,3.14,0,0
7/05/2024 12:30,32.83,0,0.46,1.08,1.618114198,26.77,2.1,0.36,0.1,0.8,2.645553347,12.79,17.67,2.56,0,0,0,0,0,1.328757908,3.91,1.3,0,0,8.6,5.21,0,0,2.5,69.5,0,10.78,0,0,0,0,0,0,0,2.11,1.819377382,3.14,0,0
7/05/2024 13:00,32.83,0,0.46,1.08,1.676614878,26.77,2.1,0.36,0.1,0.8,2.696685396,12.79,17.67,2.56,0,0,0,0,0,1.320159316,3.91,1.3,0,0,8.6,5.21,0,0,2.5,69.5,0,10.78,0,0,0,0,0,0,0,2.11,1.860318417,3.14,0,0
7/05/2024 13:30,32.83,0,0.46,1.08,1.727486996,26.77,2.1,0.36,0.1,0.8,2.756726593,12.79,17.67,2.56,0,0,0,0,0,1.319812828,3.91,1.3,0,0,8.6,5.21,0,0,2.5,69.5,0,10.78,0,0,0,0,0,0,0,2.11,1.908181733,3.14,0,0
7/05/2024 14:00,32.83,0,0.46,1.08,1.767489848,26.77,2.1,0.36,0.1,0.8,2.862373167,12.79,17.67,2.56,0,0,0,0,0,1.344670958,3.91,1.3,0,0,8.6,5.21,0,0,2.5,69.5,0,10.78,0,0,0,0,0,0,0,2.11,1.974734782,3.14,0,0
7/05/2024 14:30,32.83,0,0.46,1.08,1.780064703,26.77,2.1,0.36,0.1,0.8,2.915691725,12.79,17.67,2.56,0,0,0,0,0,1.356191743,3.91,1.3,0,0,8.6,5.21,0,0,2.5,69.5,0,10.78,0,0,0,0,0,0,0,2.11,2.01884768,3.14,0,0
7/05/2024 15:00,32.83,0,0.46,1.08,1.827905021,26.77,2.1,0.36,0.1,0.8,2.989015978,12.79,17.67,2.56,0,0,0,0,0,1.36009854,3.91,1.3,0,0,8.6,5.21,0,0,2.5,69.5,0,10.78,0,0,0,0,0,0,0,2.11,2.047201709,3.14,0,0
7/05/2024 15:30,32.83,0,0.46,1.08,1.880751178,26.77,2.1,0.36,0.1,0.8,3.088583144,12.79,17.67,2.56,0,0,0,0,0,1.365509377,3.91,1.3,0,0,8.6,5.21,0,0,2.5,69.5,0,10.78,0,0,0,0,0,0,0,2.11,2.096918193,3.14,0,0
7/05/2024 16:00,32.83,0,0.46,1.08,1.873324985,26.77,2.1,0.36,0.1,0.8,3.095823938,12.79,17.67,2.56,0,0,0,0,0,1.376513682,3.91,1.3,0,0,8.6,5.21,0,0,2.5,69.5,0,10.78,0,0,0,0,0,0,0,2.11,2.097278597,3.14,0,0
7/05/2024 16:30,32.83,0,0.46,1.08,1.771552826,26.77,2.1,0.36,0.1,0.8,2.936215708,12.79,17.67,2.56,0,0,0,0,0,1.330408665,3.91,1.3,0,0,8.6,5.21,0,0,2.5,69.5,0,10.78,0,0,0,0,0,0,0,2.11,2.036934277,3.14,0,0
7/05/2024 17:00,32.83,0,0.46,1.08,1.719695002,26.77,2.1,0.36,0.1,0.8,2.808769275,12.79,17.67,2.56,0,0,0,0,0,1.197504354,3.91,1.3,0,0,8.6,5.21,0,0,2.5,69.5,0,10.78,0,0,0,0,0,0,0,2.11,1.991380862,3.14,0,0
7/05/2024 17:30,32.83,0,0.46,1.08,1.77761985,26.77,2.1,0.36,0.1,0.8,2.856166994,12.79,17.67,2.56,0,0,0,0,0,1.139606148,3.91,1.3,0,0,8.6,5.21,0,0,2.5,69.5,0,10.78,0,0,0,0,0,0,0,2.11,2.03489217,3.14,0,0
7/05/2024 18:00,32.83,0,0.46,1.08,1.910410085,26.77,2.1,0.36,0.1,0.8,3.121442532,12.79,17.67,2.56,0,0,0,0,0,1.250425065,3.91,1.3,0,0,8.6,5.21,0,0,2.5,69.5,0,10.78,0,0,0,0,0,0,0,2.11,2.151648061,3.14,0,0
7/05/2024 18:30,32.83,0,0.46,1.08,1.944555386,26.77,2.1,0.36,0.1,0.8,3.327246516,12.79,17.67,2.56,0,0,0,0,0,1.335541702,3.91,1.3,0,0,8.6,5.21,0,0,2.5,69.5,0,10.78,0,0,0,0,0,0,0,2.11,2.232393459,3.14,0,0
7/05/2024 19:00,32.83,0,0.46,1.08,1.908882077,26.77,2.1,0.36,0.1,0.8,3.284455401,12.79,17.67,2.56,0,0,0,0,0,1.379305843,3.91,1.3,0,0,8.6,5.21,0,0,2.5,69.5,0,10.78,0,0,0,0,0,0,0,2.11,2.265828165,3.14,0,0
7/05/2024 19:30,32.83,0,0.46,1.08,1.805198965,26.77,2.1,0.36,0.1,0.8,3.056642167,12.79,17.67,2.56,0,0,0,0,0,1.390583505,3.91,1.3,0,0,8.6,5.21,0,0,2.5,69.5,0,10.78,0,0,0,0,0,0,0,2.11,2.176687304,3.14,0,0
7/05/2024 20:00,32.83,0,0.46,1.08,1.657514883,26.77,2.1,0.36,0.1,0.8,2.743686304,12.79,17.67,2.56,0,0,0,0,0,1.384284131,3.91,1.3,0,0,8.6,5.21,0,0,2.5,69.5,0,10.78,0,0,0,0,0,0,0,2.11,1.996415424,3.14,0,0
7/05/2024 20:30,32.83,0,0.46,1.08,1.501708709,26.77,2.1,0.36,0.1,0.8,2.428518936,12.79,17.67,2.56,0,0,0,0,0,1.36532385,3.91,1.3,0,0,8.6,5.21,0,0,2.5,69.5,0,10.78,0,0,0,0,0,0,0,2.11,1.804292435,3.14,0,0
7/05/2024 21:00,32.83,0,0.46,1.08,1.394034657,26.77,2.1,0.36,0.1,0.8,2.193565077,12.79,17.67,2.56,0,0,0,0,0,1.35552629,3.91,1.3,0,0,8.6,5.21,0,0,2.5,69.5,0,10.78,0,0,0,0,0,0,0,2.11,1.642396382,3.14,0,0
7/05/2024 21:30,32.83,0,0.46,1.08,1.316686034,26.77,2.1,0.36,0.1,0.8,2.066007208,12.79,17.67,2.56,0,0,0,0,0,1.342612131,3.91,1.3,0,0,8.6,5.21,0,0,2.5,69.5,0,10.78,0,0,0,0,0,0,0,2.11,1.549022804,3.14,0,0
7/05/2024 22:00,32.83,0,0.46,1.08,1.28986462,26.77,2.1,0.36,0.1,0.8,2.023571036,12.79,17.67,2.56,0,0,0,0,0,1.346479163,3.91,1.3,0,0,8.6,5.21,0,0,2.5,69.5,0,10.78,0,0,0,0,0,0,0,2.11,1.46877149,3.14,0,0
7/05/2024 22:30,32.83,0,0.46,1.08,1.246256197,26.77,2.1,0.36,0.1,0.8,1.967914427,12.79,17.67,2.56,0,0,0,0,0,1.349884471,3.91,1.3,0,0,8.6,5.21,0,0,2.5,69.5,0,10.78,0,0,0,0,0,0,0,2.11,1.39699131,3.14,0,0
7/05/2024 23:00,32.83,0,0.46,1.08,1.221964006,26.77,2.1,0.36,0.1,0.8,1.91825505,12.79,17.67,2.56,0,0,0,0,0,1.345126039,3.91,1.3,0,0,8.6,5.21,0,0,2.5,69.5,0,10.78,0,0,0,0,0,0,0,2.11,1.340206052,3.14,0,0
7/05/2024 23:30,32.83,0,0.46,1.08,1.200334461,26.77,2.1,0.36,0.1,0.8,1.868499167,12.79,17.67,2.56,0,0,0,0,0,1.336868789,3.91,1.3,0,0,8.6,5.21,0,0,2.5,69.5,0,10.78,0,0,0,0,0,0,0,2.11,1.299823711,3.14,0,0
8/05/2024 0:00,32.83,0,0.46,1.08,1.154964079,26.77,2.1,0.36,0.1,0.8,1.819052857,12.79,17.67,2.56,0,0,0,0,0,1.326186284,3.91,1.3,0,0,8.6,5.21,0,0,2.5,69.5,0,10.78,0,0,0,0,0,0,0,2.11,1.25756219,3.14,0,0
8/05/2024 0:30,32.83,0,0.46,1.08,1.13020547,26.77,2.1,0.36,0.1,0.8,1.783366056,12.79,17.67,2.56,0,0,0,0,0,1.322590163,3.91,1.3,0,0,8.6,5.21,0,0,2.5,69.5,0,10.78,0,0,0,0,0,0,0,2.11,1.229626531,3.14,0,0
8/05/2024 1:00,32.83,0,0.46,1.08,1.134315351,26.77,2.1,0.36,0.1,0.8,1.757373695,12.79,17.67,2.56,0,0,0,0,0,1.316215194,3.91,1.3,0,0,8.6,5.21,0,0,2.5,69.5,0,10.78,0,0,0,0,0,0,0,2.11,1.213577399,3.14,0,0
8/05/2024 1:30,32.83,0,0.46,1.08,1.123017987,26.77,2.1,0.36,0.1,0.8,1.735139511,12.79,17.67,2.56,0,0,0,0,0,1.313886822,3.91,1.3,0,0,8.6,5.21,0,0,2.5,69.5,0,10.78,0,0,0,0,0,0,0,2.11,1.197924941,3.14,0,0
8/05/2024 2:00,32.83,0,0.46,1.08,1.120937011,26.77,2.1,0.36,0.1,0.8,1.759898204,12.79,17.67,2.56,0,0,0,0,0,1.321672971,3.91,1.3,0,0,8.6,5.21,0,0,2.5,69.5,0,10.78,0,0,0,0,0,0,0,2.11,1.191271809,3.14,0,0
8/05/2024 2:30,32.83,0,0.46,1.08,1.111478937,26.77,2.1,0.36,0.1,0.8,1.763281234,12.79,17.67,2.56,0,0,0,0,0,1.328043518,3.91,1.3,0,0,8.6,5.21,0,0,2.5,69.5,0,10.78,0,0,0,0,0,0,0,2.11,1.193238409,3.14,0,0
8/05/2024 3:00,32.83,0,0.46,1.08,1.15728494,26.77,2.1,0.36,0.1,0.8,1.809645545,12.79,17.67,2.56,0,0,0,0,0,1.333397271,3.91,1.3,0,0,8.6,5.21,0,0,2.5,69.5,0,10.78,0,0,0,0,0,0,0,2.11,1.204236114,3.14,0,0
8/05/2024 3:30,32.83,0,0.46,1.08,1.256924283,26.77,2.1,0.36,0.1,0.8,1.981218183,12.79,17.67,2.56,0,0,0,0,0,1.319931293,3.91,1.3,0,0,8.6,5.21,0,0,2.5,69.5,0,10.78,0,0,0,0,0,0,0,2.11,1.28213045,3.14,0,0
8/05/2024 4:00,32.83,0,0.46,1.08,1.433465722,26.77,2.1,0.36,0.1,0.8,2.235342976,12.79,17.67,2.56,0,0,0,0,0,1.307939331,3.91,1.3,0,0,8.6,5.21,0,0,2.5,69.5,0,10.78,0,0,0,0,0,0,0,2.11,1.414115321,3.14,0,0
8/05/2024 4:30,32.83,0,0.46,1.08,1.447085523,26.77,2.1,0.36,0.1,0.8,2.280176226,12.79,17.67,2.56,0,0,0,0,0,1.275691554,3.91,1.3,0,0,8.6,5.21,0,0,2.5,69.5,0,10.78,0,0,0,0,0,0,0,2.11,1.469171919,3.14,0,0
8/05/2024 5:00,32.83,0,0.46,1.08,1.270543003,26.77,2.1,0.36,0.1,0.8,2.094394432,12.79,17.67,2.56,0,0,0,0,0,1.219893521,3.91,1.3,0,0,8.6,5.21,0,0,2.5,69.5,0,10.78,0,0,0,0,0,0,0,2.11,1.432903527,3.14,0,0
8/05/2024 5:30,32.83,0,0.46,1.08,1.221628563,26.77,2.1,0.36,0.1,0.8,1.967589536,12.79,17.67,2.56,0,0,0,0,0,1.162309083,3.91,1.3,0,0,8.6,5.21,0,0,2.5,69.5,0,10.78,0,0,0,0,0,0,0,2.11,1.408785206,3.14,0,0
8/05/2024 6:00,32.9,0,0.46,1.08,1.639522393,26.78,2.06,0.36,0.1,0.8,2.077850028,12.44,17.67,2.65,0,0,0,0,0,1.121942045,2.42,1.09,0,0,8.6,5.21,0,0,2.5,69.5,0,19.61,0,0,0,0,0,0,0,2.11,1.445693309,3.39,0,0
8/05/2024 6:30,32.9,0,0.46,1.08,1.644525513,26.78,2.06,0.36,0.1,0.8,2.215585158,12.44,17.67,2.65,0,0,0,0,0,1.063694061,2.42,1.09,0,0,8.6,5.21,0,0,2.5,69.5,0,19.61,0,0,0,0,0,0,0,2.11,1.471432762,3.39,0,0
8/05/2024 7:00,32.9,0,0.46,1.08,1.634521117,26.78,2.06,0.36,0.1,0.8,2.225677886,12.44,17.67,2.65,0,0,0,0,0,1.068089596,2.42,1.09,0,0,8.6,5.21,0,0,2.5,69.5,0,19.61,0,0,0,0,0,0,0,2.11,1.494659557,3.39,0,0
8/05/2024 7:30,32.9,0,0.46,1.08,1.626543356,26.78,2.06,0.36,0.1,0.8,2.183675683,12.44,17.67,2.65,0,0,0,0,0,1.084322817,2.42,1.09,0,0,8.6,5.21,0,0,2.5,69.5,0,19.61,0,0,0,0,0,0,0,2.11,1.494268007,3.39,0,0
8/05/2024 8:00,32.9,0,0.46,1.08,1.303219377,26.78,2.06,0.36,0.1,0.8,2.111283105,12.44,17.67,2.65,0,0,0,0,0,1.105468278,2.42,1.09,0,0,8.6,5.21,0,0,2.5,69.5,0,19.61,0,0,0,0,0,0,0,2.11,1.482402819,3.39,0,0
8/05/2024 8:30,32.9,0,0.46,1.08,1.299017722,26.78,2.06,0.36,0.1,0.8,2.068489432,12.44,17.67,2.65,0,0,0,0,0,1.142892077,2.42,1.09,0,0,8.6,5.21,0,0,2.5,69.5,0,19.61,0,0,0,0,0,0,0,2.11,1.467754626,3.39,0,0
8/05/2024 9:00,32.9,0,0.46,1.08,1.324586023,26.78,2.06,0.36,0.1,0.8,2.055793858,12.44,17.67,2.65,0,0,0,0,0,1.163309558,2.42,1.09,0,0,8.6,5.21,0,0,2.5,69.5,0,19.61,0,0,0,0,0,0,0,2.11,1.462073688,3.39,0,0
8/05/2024 9:30,32.9,0,0.46,1.08,1.369156745,26.78,2.06,0.36,0.1,0.8,2.164266934,12.44,17.67,2.65,0,0,0,0,0,1.189122682,2.42,1.09,0,0,8.6,5.21,0,0,2.5,69.5,0,19.61,0,0,0,0,0,0,0,2.11,1.512336489,3.39,0,0
8/05/2024 10:00,32.9,0,0.46,1.08,1.42223028,26.78,2.06,0.36,0.1,0.8,2.306137321,12.44,17.67,2.65,0,0,0,0,0,1.219455081,2.42,1.09,0,0,8.6,5.21,0,0,2.5,69.5,0,19.61,0,0,0,0,0,0,0,2.11,1.585534399,3.39,0,0
8/05/2024 10:30,32.9,0,0.46,1.08,1.468402442,26.78,2.06,0.36,0.1,0.8,2.398001913,12.44,17.67,2.65,0,0,0,0,0,1.249467808,2.42,1.09,0,0,8.6,5.21,0,0,2.5,69.5,0,19.61,0,0,0,0,0,0,0,2.11,1.645236099,3.39,0,0
8/05/2024 11:00,32.9,0,0.46,1.08,1.518031243,26.78,2.06,0.36,0.1,0.8,2.46815031,12.44,17.67,2.65,0,0,0,0,0,1.263215798,2.42,1.09,0,0,8.6,5.21,0,0,2.5,69.5,0,19.61,0,0,0,0,0,0,0,2.11,1.69684599,3.39,0,0
8/05/2024 11:30,32.9,0,0.46,1.08,1.559400505,26.78,2.06,0.36,0.1,0.8,2.527409815,12.44,17.67,2.65,0,0,0,0,0,1.287002596,2.42,1.09,0,0,8.6,5.21,0,0,2.5,69.5,0,19.61,0,0,0,0,0,0,0,2.11,1.741273107,3.39,0,0
8/05/2024 12:00,32.9,0,0.46,1.08,1.583083047,26.78,2.06,0.36,0.1,0.8,2.578830551,12.44,17.67,2.65,0,0,0,0,0,1.313066098,2.42,1.09,0,0,8.6,5.21,0,0,2.5,69.5,0,19.61,0,0,0,0,0,0,0,2.11,1.777285008,3.39,0,0
8/05/2024 12:30,32.9,0,0.46,1.08,1.60732677,26.78,2.06,0.36,0.1,0.8,2.634437576,12.44,17.67,2.65,0,0,0,0,0,1.328757908,2.42,1.09,0,0,8.6,5.21,0,0,2.5,69.5,0,19.61,0,0,0,0,0,0,0,2.11,1.808350853,3.39,0,0
8/05/2024 13:00,32.9,0,0.46,1.08,1.665437445,26.78,2.06,0.36,0.1,0.8,2.685354785,12.44,17.67,2.65,0,0,0,0,0,1.320159316,2.42,1.09,0,0,8.6,5.21,0,0,2.5,69.5,0,19.61,0,0,0,0,0,0,0,2.11,1.84904376,3.39,0,0
8/05/2024 13:30,32.9,0,0.46,1.08,1.715970416,26.78,2.06,0.36,0.1,0.8,2.745143708,12.44,17.67,2.65,0,0,0,0,0,1.319812828,2.42,1.09,0,0,8.6,5.21,0,0,2.5,69.5,0,19.61,0,0,0,0,0,0,0,2.11,1.896616995,3.39,0,0
8/05/2024 14:00,32.9,0,0.46,1.08,1.755706582,26.78,2.06,0.36,0.1,0.8,2.850346389,12.44,17.67,2.65,0,0,0,0,0,1.344670958,2.42,1.09,0,0,8.6,5.21,0,0,2.5,69.5,0,19.61,0,0,0,0,0,0,0,2.11,1.962766693,3.39,0,0
8/05/2024 14:30,32.9,0,0.46,1.08,1.768197605,26.78,2.06,0.36,0.1,0.8,2.90344092,12.44,17.67,2.65,0,0,0,0,0,1.356191743,2.42,1.09,0,0,8.6,5.21,0,0,2.5,69.5,0,19.61,0,0,0,0,0,0,0,2.11,2.00661224,3.39,0,0
8/05/2024 15:00,32.9,0,0.46,1.08,1.815718988,26.78,2.06,0.36,0.1,0.8,2.976457088,12.44,17.67,2.65,0,0,0,0,0,1.36009854,2.42,1.09,0,0,8.6,5.21,0,0,2.5,69.5,0,19.61,0,0,0,0,0,0,0,2.11,2.034794426,3.39,0,0
8/05/2024 15:30,32.9,0,0.46,1.08,1.868212837,26.78,2.06,0.36,0.1,0.8,3.075605904,12.44,17.67,2.65,0,0,0,0,0,1.365509377,2.42,1.09,0,0,8.6,5.21,0,0,2.5,69.5,0,19.61,0,0,0,0,0,0,0,2.11,2.084209598,3.39,0,0
8/05/2024 16:00,32.9,0,0.46,1.08,1.860836152,26.78,2.06,0.36,0.1,0.8,3.082816274,12.44,17.67,2.65,0,0,0,0,0,1.376513682,2.42,1.09,0,0,8.6,5.21,0,0,2.5,69.5,0,19.61,0,0,0,0,0,0,0,2.11,2.084567818,3.39,0,0
8/05/2024 16:30,32.9,0,0.46,1.08,1.759742474,26.78,2.06,0.36,0.1,0.8,2.923878667,12.44,17.67,2.65,0,0,0,0,0,1.330408665,2.42,1.09,0,0,8.6,5.21,0,0,2.5,69.5,0,19.61,0,0,0,0,0,0,0,2.11,2.024589221,3.39,0,0
8/05/2024 17:00,32.9,0,0.46,1.08,1.708230369,26.78,2.06,0.36,0.1,0.8,2.796967723,12.44,17.67,2.65,0,0,0,0,0,1.197504354,2.42,1.09,0,0,8.6,5.21,0,0,2.5,69.5,0,19.61,0,0,0,0,0,0,0,2.11,1.979311887,3.39,0,0
8/05/2024 17:30,32.9,0,0.46,1.08,1.765769051,26.78,2.06,0.36,0.1,0.8,2.844166293,12.44,17.67,2.65,0,0,0,0,0,1.139606148,2.42,1.09,0,0,8.6,5.21,0,0,2.5,69.5,0,19.61,0,0,0,0,0,0,0,2.11,2.02255949,3.39,0,0
8/05/2024 18:00,32.9,0,0.46,1.08,1.897674018,26.78,2.06,0.36,0.1,0.8,3.108327227,12.44,17.67,2.65,0,0,0,0,0,1.250425065,2.42,1.09,0,0,8.6,5.21,0,0,2.5,69.5,0,19.61,0,0,0,0,0,0,0,2.11,2.138607769,3.39,0,0
8/05/2024 18:30,32.9,0,0.46,1.08,1.931591683,26.78,2.06,0.36,0.1,0.8,3.313266489,12.44,17.67,2.65,0,0,0,0,0,1.335541702,2.42,1.09,0,0,8.6,5.21,0,0,2.5,69.5,0,19.61,0,0,0,0,0,0,0,2.11,2.218863801,3.39,0,0
8/05/2024 19:00,32.9,0,0.46,1.08,1.896156196,26.78,2.06,0.36,0.1,0.8,3.270655168,12.44,17.67,2.65,0,0,0,0,0,1.379305843,2.42,1.09,0,0,8.6,5.21,0,0,2.5,69.5,0,19.61,0,0,0,0,0,0,0,2.11,2.252095873,3.39,0,0
8/05/2024 19:30,32.9,0,0.46,1.08,1.793164305,26.78,2.06,0.36,0.1,0.8,3.043799132,12.44,17.67,2.65,0,0,0,0,0,1.390583505,2.42,1.09,0,0,8.6,5.21,0,0,2.5,69.5,0,19.61,0,0,0,0,0,0,0,2.11,2.163495259,3.39,0,0
8/05/2024 20:00,32.9,0,0.46,1.08,1.646464784,26.78,2.06,0.36,0.1,0.8,2.73215821,12.44,17.67,2.65,0,0,0,0,0,1.384284131,2.42,1.09,0,0,8.6,5.21,0,0,2.5,69.5,0,19.61,0,0,0,0,0,0,0,2.11,1.984315936,3.39,0,0
8/05/2024 20:30,32.9,0,0.46,1.08,1.491697317,26.78,2.06,0.36,0.1,0.8,2.418315075,12.44,17.67,2.65,0,0,0,0,0,1.36532385,2.42,1.09,0,0,8.6,5.21,0,0,2.5,69.5,0,19.61,0,0,0,0,0,0,0,2.11,1.793357329,3.39,0,0
8/05/2024 21:00,32.9,0,0.46,1.08,1.384741092,26.78,2.06,0.36,0.1,0.8,2.184348417,12.44,17.67,2.65,0,0,0,0,0,1.35552629,2.42,1.09,0,0,8.6,5.21,0,0,2.5,69.5,0,19.61,0,0,0,0,0,0,0,2.11,1.632442465,3.39,0,0
8/05/2024 21:30,32.9,0,0.46,1.08,1.307908127,26.78,2.06,0.36,0.1,0.8,2.057326505,12.44,17.67,2.65,0,0,0,0,0,1.342612131,2.42,1.09,0,0,8.6,5.21,0,0,2.5,69.5,0,19.61,0,0,0,0,0,0,0,2.11,1.539634787,3.39,0,0
8/05/2024 22:00,32.9,0,0.46,1.08,1.281265522,26.78,2.06,0.36,0.1,0.8,2.015068637,12.44,17.67,2.65,0,0,0,0,0,1.346479163,2.42,1.09,0,0,8.6,5.21,0,0,2.5,69.5,0,19.61,0,0,0,0,0,0,0,2.11,1.459869845,3.39,0,0
8/05/2024 22:30,32.9,0,0.46,1.08,1.237947823,26.78,2.06,0.36,0.1,0.8,1.959645879,12.44,17.67,2.65,0,0,0,0,0,1.349884471,2.42,1.09,0,0,8.6,5.21,0,0,2.5,69.5,0,19.61,0,0,0,0,0,0,0,2.11,1.388524696,3.39,0,0
8/05/2024 23:00,32.9,0,0.46,1.08,1.213817579,26.78,2.06,0.36,0.1,0.8,1.910195155,12.44,17.67,2.65,0,0,0,0,0,1.345126039,2.42,1.09,0,0,8.6,5.21,0,0,2.5,69.5,0,19.61,0,0,0,0,0,0,0,2.11,1.332083591,3.39,0,0
8/05/2024 23:30,32.9,0,0.46,1.08,1.192332232,26.78,2.06,0.36,0.1,0.8,1.860648331,12.44,17.67,2.65,0,0,0,0,0,1.336868789,2.42,1.09,0,0,8.6,5.21,0,0,2.5,69.5,0,19.61,0,0,0,0,0,0,0,2.11,1.291945991,3.39,0,0
9/05/2024 0:00,32.9,0,0.46,1.08,1.154964079,26.78,2.06,0.36,0.1,0.8,1.819052857,12.44,17.67,2.65,0,0,0,0,0,1.326186284,2.42,1.09,0,0,8.6,5.21,0,0,2.5,69.5,0,19.61,0,0,0,0,0,0,0,2.11,1.249894128,3.39,0,0
9/05/2024 0:30,32.9,0,0.46,1.08,1.13020547,26.78,2.06,0.36,0.1,0.8,1.783366056,12.44,17.67,2.65,0,0,0,0,0,1.322590163,2.42,1.09,0,0,8.6,5.21,0,0,2.5,69.5,0,19.61,0,0,0,0,0,0,0,2.11,1.222128808,3.39,0,0
9/05/2024 1:00,32.9,0,0.46,1.08,1.134315351,26.78,2.06,0.36,0.1,0.8,1.757373695,12.44,17.67,2.65,0,0,0,0,0,1.316215194,2.42,1.09,0,0,8.6,5.21,0,0,2.5,69.5,0,19.61,0,0,0,0,0,0,0,2.11,1.206177537,3.39,0,0
9/05/2024 1:30,32.9,0,0.46,1.08,1.123017987,26.78,2.06,0.36,0.1,0.8,1.735139511,12.44,17.67,2.65,0,0,0,0,0,1.313886822,2.42,1.09,0,0,8.6,5.21,0,0,2.5,69.5,0,19.61,0,0,0,0,0,0,0,2.11,1.190620521,3.39,0,0
9/05/2024 2:00,32.9,0,0.46,1.08,1.120937011,26.78,2.06,0.36,0.1,0.8,1.759898204,12.44,17.67,2.65,0,0,0,0,0,1.321672971,2.42,1.09,0,0,8.6,5.21,0,0,2.5,69.5,0,19.61,0,0,0,0,0,0,0,2.11,1.184007957,3.39,0,0
9/05/2024 2:30,32.9,0,0.46,1.08,1.111478937,26.78,2.06,0.36,0.1,0.8,1.763281234,12.44,17.67,2.65,0,0,0,0,0,1.328043518,2.42,1.09,0,0,8.6,5.21,0,0,2.5,69.5,0,19.61,0,0,0,0,0,0,0,2.11,1.185962565,3.39,0,0
9/05/2024 3:00,32.9,0,0.46,1.08,1.15728494,26.78,2.06,0.36,0.1,0.8,1.809645545,12.44,17.67,2.65,0,0,0,0,0,1.333397271,2.42,1.09,0,0,8.6,5.21,0,0,2.5,69.5,0,19.61,0,0,0,0,0,0,0,2.11,1.196893211,3.39,0,0
9/05/2024 3:30,32.9,0,0.46,1.08,1.256924283,26.78,2.06,0.36,0.1,0.8,1.981218183,12.44,17.67,2.65,0,0,0,0,0,1.319931293,2.42,1.09,0,0,8.6,5.21,0,0,2.5,69.5,0,19.61,0,0,0,0,0,0,0,2.11,1.274312582,3.39,0,0
9/05/2024 4:00,32.9,0,0.46,1.08,1.433465722,26.78,2.06,0.36,0.1,0.8,2.235342976,12.44,17.67,2.65,0,0,0,0,0,1.307939331,2.42,1.09,0,0,8.6,5.21,0,0,2.5,69.5,0,19.61,0,0,0,0,0,0,0,2.11,1.405492666,3.39,0,0
9/05/2024 4:30,32.9,0,0.46,1.08,1.447085523,26.78,2.06,0.36,0.1,0.8,2.280176226,12.44,17.67,2.65,0,0,0,0,0,1.275691554,2.42,1.09,0,0,8.6,5.21,0,0,2.5,69.5,0,19.61,0,0,0,0,0,0,0,2.11,1.460213554,3.39,0,0
9/05/2024 5:00,32.9,0,0.46,1.08,1.270543003,26.78,2.06,0.36,0.1,0.8,2.094394432,12.44,17.67,2.65,0,0,0,0,0,1.219893521,2.42,1.09,0,0,8.6,5.21,0,0,2.5,69.5,0,19.61,0,0,0,0,0,0,0,2.11,1.42416631,3.39,0,0
9/05/2024 5:30,32.9,0,0.46,1.08,1.221628563,26.78,2.06,0.36,0.1,0.8,1.967589536,12.44,17.67,2.65,0,0,0,0,0,1.162309083,2.42,1.09,0,0,8.6,5.21,0,0,2.5,69.5,0,19.61,0,0,0,0,0,0,0,2.11,1.400195052,3.39,0,0
9/05/2024 6:00,32.89,0,0.46,1.08,1.639522393,26.78,2.06,0.36,0.1,0.8,2.077850028,12.44,17.67,2.65,0,0,0,0,0,1.121942045,2.42,1.09,0,0,1.09,5.21,0,0,2.5,69.5,0,19.61,0,0,0,0,0,0,0,2.11,1.436878106,3.39,0,0
9/05/2024 6:30,32.89,0,0.46,1.08,1.644525513,26.78,2.06,0.36,0.1,0.8,2.215585158,12.44,17.67,2.65,0,0,0,0,0,1.063694061,2.42,1.09,0,0,1.09,5.21,0,0,2.5,69.5,0,19.61,0,0,0,0,0,0,0,2.11,1.462460611,3.39,0,0
9/05/2024 7:00,32.89,0,0.46,1.08,1.634521117,26.78,2.06,0.36,0.1,0.8,2.225677886,12.44,17.67,2.65,0,0,0,0,0,1.068089596,2.42,1.09,0,0,1.09,5.21,0,0,2.5,69.5,0,19.61,0,0,0,0,0,0,0,2.11,1.485545779,3.39,0,0
9/05/2024 7:30,32.89,0,0.46,1.08,1.626543356,26.78,2.06,0.36,0.1,0.8,2.183675683,12.44,17.67,2.65,0,0,0,0,0,1.084322817,2.42,1.09,0,0,1.09,5.21,0,0,2.5,69.5,0,19.61,0,0,0,0,0,0,0,2.11,1.485156616,3.39,0,0
9/05/2024 8:00,32.89,0,0.46,1.08,1.303219377,26.78,2.06,0.36,0.1,0.8,2.111283105,12.44,17.67,2.65,0,0,0,0,0,1.105468278,2.42,1.09,0,0,1.09,5.21,0,0,2.5,69.5,0,19.61,0,0,0,0,0,0,0,2.11,1.473363778,3.39,0,0
9/05/2024 8:30,32.89,0,0.46,1.08,1.299017722,26.78,2.06,0.36,0.1,0.8,2.068489432,12.44,17.67,2.65,0,0,0,0,0,1.142892077,2.42,1.09,0,0,1.09,5.21,0,0,2.5,69.5,0,19.61,0,0,0,0,0,0,0,2.11,1.458804902,3.39,0,0
9/05/2024 9:00,32.89,0,0.46,1.08,1.324586023,26.78,2.06,0.36,0.1,0.8,2.055793858,12.44,17.67,2.65,0,0,0,0,0,1.163309558,2.42,1.09,0,0,1.09,5.21,0,0,2.5,69.5,0,19.61,0,0,0,0,0,0,0,2.11,1.453158604,3.39,0,0
9/05/2024 9:30,32.89,0,0.46,1.08,1.369156745,26.78,2.06,0.36,0.1,0.8,2.164266934,12.44,17.67,2.65,0,0,0,0,0,1.189122682,2.42,1.09,0,0,1.09,5.21,0,0,2.5,69.5,0,19.61,0,0,0,0,0,0,0,2.11,1.503114925,3.39,0,0
9/05/2024 10:00,32.89,0,0.46,1.08,1.42223028,26.78,2.06,0.36,0.1,0.8,2.306137321,12.44,17.67,2.65,0,0,0,0,0,1.219455081,2.42,1.09,0,0,1.09,5.21,0,0,2.5,69.5,0,19.61,0,0,0,0,0,0,0,2.11,1.575866506,3.39,0,0
9/05/2024 10:30,32.89,0,0.46,1.08,1.468402442,26.78,2.06,0.36,0.1,0.8,2.398001913,12.44,17.67,2.65,0,0,0,0,0,1.249467808,2.42,1.09,0,0,1.09,5.21,0,0,2.5,69.5,0,19.61,0,0,0,0,0,0,0,2.11,1.635204172,3.39,0,0
9/05/2024 11:00,32.89,0,0.46,1.08,1.518031243,26.78,2.06,0.36,0.1,0.8,2.46815031,12.44,17.67,2.65,0,0,0,0,0,1.263215798,2.42,1.09,0,0,1.09,5.21,0,0,2.5,69.5,0,19.61,0,0,0,0,0,0,0,2.11,1.686499368,3.39,0,0
9/05/2024 11:30,32.89,0,0.46,1.08,1.559400505,26.78,2.06,0.36,0.1,0.8,2.527409815,12.44,17.67,2.65,0,0,0,0,0,1.287002596,2.42,1.09,0,0,1.09,5.21,0,0,2.5,69.5,0,19.61,0,0,0,0,0,0,0,2.11,1.730655588,3.39,0,0
9/05/2024 12:00,32.89,0,0.46,1.08,1.583083047,26.78,2.06,0.36,0.1,0.8,2.578830551,12.44,17.67,2.65,0,0,0,0,0,1.313066098,2.42,1.09,0,0,1.09,5.21,0,0,2.5,69.5,0,19.61,0,0,0,0,0,0,0,2.11,1.766447904,3.39,0,0
9/05/2024 12:30,32.89,0,0.46,1.08,1.60732677,26.78,2.06,0.36,0.1,0.8,2.634437576,12.44,17.67,2.65,0,0,0,0,0,1.328757908,2.42,1.09,0,0,1.09,5.21,0,0,2.5,69.5,0,19.61,0,0,0,0,0,0,0,2.11,1.797324323,3.39,0,0
9/05/2024 13:00,32.89,0,0.46,1.08,1.665437445,26.78,2.06,0.36,0.1,0.8,2.685354785,12.44,17.67,2.65,0,0,0,0,0,1.320159316,2.42,1.09,0,0,1.09,5.21,0,0,2.5,69.5,0,19.61,0,0,0,0,0,0,0,2.11,1.837769103,3.39,0,0
9/05/2024 13:30,32.89,0,0.46,1.08,1.715970416,26.78,2.06,0.36,0.1,0.8,2.745143708,12.44,17.67,2.65,0,0,0,0,0,1.319812828,2.42,1.09,0,0,1.09,5.21,0,0,2.5,69.5,0,19.61,0,0,0,0,0,0,0,2.11,1.885052258,3.39,0,0
9/05/2024 14:00,32.89,0,0.46,1.08,1.755706582,26.78,2.06,0.36,0.1,0.8,2.850346389,12.44,17.67,2.65,0,0,0,0,0,1.344670958,2.42,1.09,0,0,1.09,5.21,0,0,2.5,69.5,0,19.61,0,0,0,0,0,0,0,2.11,1.950798603,3.39,0,0
9/05/2024 14:30,32.89,0,0.46,1.08,1.768197605,26.78,2.06,0.36,0.1,0.8,2.90344092,12.44,17.67,2.65,0,0,0,0,0,1.356191743,2.42,1.09,0,0,1.09,5.21,0,0,2.5,69.5,0,19.61,0,0,0,0,0,0,0,2.11,1.994376799,3.39,0,0
9/05/2024 15:00,32.89,0,0.46,1.08,1.815718988,26.78,2.06,0.36,0.1,0.8,2.976457088,12.44,17.67,2.65,0,0,0,0,0,1.36009854,2.42,1.09,0,0,1.09,5.21,0,0,2.5,69.5,0,19.61,0,0,0,0,0,0,0,2.11,2.022387143,3.39,0,0
9/05/2024 15:30,32.89,0,0.46,1.08,1.868212837,26.78,2.06,0.36,0.1,0.8,3.075605904,12.44,17.67,2.65,0,0,0,0,0,1.365509377,2.42,1.09,0,0,1.09,5.21,0,0,2.5,69.5,0,19.61,0,0,0,0,0,0,0,2.11,2.071501002,3.39,0,0
9/05/2024 16:00,32.89,0,0.46,1.08,1.860836152,26.78,2.06,0.36,0.1,0.8,3.082816274,12.44,17.67,2.65,0,0,0,0,0,1.376513682,2.42,1.09,0,0,1.09,5.21,0,0,2.5,69.5,0,19.61,0,0,0,0,0,0,0,2.11,2.071857039,3.39,0,0
9/05/2024 16:30,32.89,0,0.46,1.08,1.759742474,26.78,2.06,0.36,0.1,0.8,2.923878667,12.44,17.67,2.65,0,0,0,0,0,1.330408665,2.42,1.09,0,0,1.09,5.21,0,0,2.5,69.5,0,19.61,0,0,0,0,0,0,0,2.11,2.012244165,3.39,0,0
9/05/2024 17:00,32.89,0,0.46,1.08,1.708230369,26.78,2.06,0.36,0.1,0.8,2.796967723,12.44,17.67,2.65,0,0,0,0,0,1.197504354,2.42,1.09,0,0,1.09,5.21,0,0,2.5,69.5,0,19.61,0,0,0,0,0,0,0,2.11,1.967242912,3.39,0,0
9/05/2024 17:30,32.89,0,0.46,1.08,1.765769051,26.78,2.06,0.36,0.1,0.8,2.844166293,12.44,17.67,2.65,0,0,0,0,0,1.139606148,2.42,1.09,0,0,1.09,5.21,0,0,2.5,69.5,0,19.61,0,0,0,0,0,0,0,2.11,2.01022681,3.39,0,0
9/05/2024 18:00,32.89,0,0.46,1.08,1.897674018,26.78,2.06,0.36,0.1,0.8,3.108327227,12.44,17.67,2.65,0,0,0,0,0,1.250425065,2.42,1.09,0,0,1.09,5.21,0,0,2.5,69.5,0,19.61,0,0,0,0,0,0,0,2.11,2.125567478,3.39,0,0
9/05/2024 18:30,32.89,0,0.46,1.08,1.931591683,26.78,2.06,0.36,0.1,0.8,3.313266489,12.44,17.67,2.65,0,0,0,0,0,1.335541702,2.42,1.09,0,0,1.09,5.21,0,0,2.5,69.5,0,19.61,0,0,0,0,0,0,0,2.11,2.205334144,3.39,0,0
9/05/2024 19:00,32.89,0,0.46,1.08,1.896156196,26.78,2.06,0.36,0.1,0.8,3.270655168,12.44,17.67,2.65,0,0,0,0,0,1.379305843,2.42,1.09,0,0,1.09,5.21,0,0,2.5,69.5,0,19.61,0,0,0,0,0,0,0,2.11,2.238363582,3.39,0,0
9/05/2024 19:30,32.89,0,0.46,1.08,1.793164305,26.78,2.06,0.36,0.1,0.8,3.043799132,12.44,17.67,2.65,0,0,0,0,0,1.390583505,2.42,1.09,0,0,1.09,5.21,0,0,2.5,69.5,0,19.61,0,0,0,0,0,0,0,2.11,2.150303215,3.39,0,0
9/05/2024 20:00,32.89,0,0.46,1.08,1.646464784,26.78,2.06,0.36,0.1,0.8,2.73215821,12.44,17.67,2.65,0,0,0,0,0,1.384284131,2.42,1.09,0,0,1.09,5.21,0,0,2.5,69.5,0,19.61,0,0,0,0,0,0,0,2.11,1.972216449,3.39,0,0
9/05/2024 20:30,32.89,0,0.46,1.08,1.491697317,26.78,2.06,0.36,0.1,0.8,2.418315075,12.44,17.67,2.65,0,0,0,0,0,1.36532385,2.42,1.09,0,0,1.09,5.21,0,0,2.5,69.5,0,19.61,0,0,0,0,0,0,0,2.11,1.782422224,3.39,0,0
9/05/2024 21:00,32.89,0,0.46,1.08,1.384741092,26.78,2.06,0.36,0.1,0.8,2.184348417,12.44,17.67,2.65,0,0,0,0,0,1.35552629,2.42,1.09,0,0,1.09,5.21,0,0,2.5,69.5,0,19.61,0,0,0,0,0,0,0,2.11,1.622488547,3.39,0,0
9/05/2024 21:30,32.89,0,0.46,1.08,1.307908127,26.78,2.06,0.36,0.1,0.8,2.057326505,12.44,17.67,2.65,0,0,0,0,0,1.342612131,2.42,1.09,0,0,1.09,5.21,0,0,2.5,69.5,0,19.61,0,0,0,0,0,0,0,2.11,1.53024677,3.39,0,0
9/05/2024 22:00,32.89,0,0.46,1.08,1.281265522,26.78,2.06,0.36,0.1,0.8,2.015068637,12.44,17.67,2.65,0,0,0,0,0,1.346479163,2.42,1.09,0,0,1.09,5.21,0,0,2.5,69.5,0,19.61,0,0,0,0,0,0,0,2.11,1.450968199,3.39,0,0
9/05/2024 22:30,32.89,0,0.46,1.08,1.237947823,26.78,2.06,0.36,0.1,0.8,1.959645879,12.44,17.67,2.65,0,0,0,0,0,1.349884471,2.42,1.09,0,0,1.09,5.21,0,0,2.5,69.5,0,19.61,0,0,0,0,0,0,0,2.11,1.380058082,3.39,0,0
9/05/2024 23:00,32.89,0,0.46,1.08,1.213817579,26.78,2.06,0.36,0.1,0.8,1.910195155,12.44,17.67,2.65,0,0,0,0,0,1.345126039,2.42,1.09,0,0,1.09,5.21,0,0,2.5,69.5,0,19.61,0,0,0,0,0,0,0,2.11,1.32396113,3.39,0,0
9/05/2024 23:30,32.89,0,0.46,1.08,1.192332232,26.78,2.06,0.36,0.1,0.8,1.860648331,12.44,17.67,2.65,0,0,0,0,0,1.336868789,2.42,1.09,0,0,1.09,5.21,0,0,2.5,69.5,0,19.61,0,0,0,0,0,0,0,2.11,1.284068272,3.39,0,0
10/05/2024 0:00,32.89,0,0.46,1.08,1.147212642,26.78,2.06,0.36,0.1,0.8,1.811377528,12.44,17.67,2.65,0,0,0,0,0,1.315825454,2.42,1.09,0,0,1.09,5.21,0,0,2.5,69.5,0,19.61,0,0,0,0,0,0,0,2.11,1.249894128,3.39,0,0
10/05/2024 0:30,32.89,0,0.46,1.08,1.122620198,26.78,2.06,0.36,0.1,0.8,1.775841304,12.44,17.67,2.65,0,0,0,0,0,1.312257427,2.42,1.09,0,0,1.09,5.21,0,0,2.5,69.5,0,19.61,0,0,0,0,0,0,0,2.11,1.222128808,3.39,0,0
10/05/2024 1:00,32.89,0,0.46,1.08,1.126702496,26.78,2.06,0.36,0.1,0.8,1.749958616,12.44,17.67,2.65,0,0,0,0,0,1.305932263,2.42,1.09,0,0,1.09,5.21,0,0,2.5,69.5,0,19.61,0,0,0,0,0,0,0,2.11,1.206177537,3.39,0,0
10/05/2024 1:30,32.89,0,0.46,1.08,1.115480954,26.78,2.06,0.36,0.1,0.8,1.727818247,12.44,17.67,2.65,0,0,0,0,0,1.303622081,2.42,1.09,0,0,1.09,5.21,0,0,2.5,69.5,0,19.61,0,0,0,0,0,0,0,2.11,1.190620521,3.39,0,0
10/05/2024 2:00,32.89,0,0.46,1.08,1.113413944,26.78,2.06,0.36,0.1,0.8,1.752472473,12.44,17.67,2.65,0,0,0,0,0,1.311347401,2.42,1.09,0,0,1.09,5.21,0,0,2.5,69.5,0,19.61,0,0,0,0,0,0,0,2.11,1.184007957,3.39,0,0
10/05/2024 2:30,32.89,0,0.46,1.08,1.104019347,26.78,2.06,0.36,0.1,0.8,1.755841229,12.44,17.67,2.65,0,0,0,0,0,1.317668178,2.42,1.09,0,0,1.09,5.21,0,0,2.5,69.5,0,19.61,0,0,0,0,0,0,0,2.11,1.185962565,3.39,0,0
10/05/2024 3:00,32.89,0,0.46,1.08,1.149517927,26.78,2.06,0.36,0.1,0.8,1.80200991,12.44,17.67,2.65,0,0,0,0,0,1.322980104,2.42,1.09,0,0,1.09,5.21,0,0,2.5,69.5,0,19.61,0,0,0,0,0,0,0,2.11,1.196893211,3.39,0,0
10/05/2024 3:30,32.89,0,0.46,1.08,1.24848855,26.78,2.06,0.36,0.1,0.8,1.972858613,12.44,17.67,2.65,0,0,0,0,0,1.30961933,2.42,1.09,0,0,1.09,5.21,0,0,2.5,69.5,0,19.61,0,0,0,0,0,0,0,2.11,1.274312582,3.39,0,0
10/05/2024 4:00,32.89,0,0.46,1.08,1.423845146,26.78,2.06,0.36,0.1,0.8,2.22591115,12.44,17.67,2.65,0,0,0,0,0,1.297721055,2.42,1.09,0,0,1.09,5.21,0,0,2.5,69.5,0,19.61,0,0,0,0,0,0,0,2.11,1.405492666,3.39,0,0
10/05/2024 4:30,32.89,0,0.46,1.08,1.43737354,26.78,2.06,0.36,0.1,0.8,2.270555229,12.44,17.67,2.65,0,0,0,0,0,1.265725214,2.42,1.09,0,0,1.09,5.21,0,0,2.5,69.5,0,19.61,0,0,0,0,0,0,0,2.11,1.460213554,3.39,0,0
10/05/2024 5:00,32.89,0,0.46,1.08,1.262015869,26.78,2.06,0.36,0.1,0.8,2.085557325,12.44,17.67,2.65,0,0,0,0,0,1.210363103,2.42,1.09,0,0,1.09,5.21,0,0,2.5,69.5,0,19.61,0,0,0,0,0,0,0,2.11,1.42416631,3.39,0,0
10/05/2024 5:30,32.89,0,0.46,1.08,1.213429714,26.78,2.06,0.36,0.1,0.8,1.95928747,12.44,17.67,2.65,0,0,0,0,0,1.153228544,2.42,1.09,0,0,1.09,5.21,0,0,2.5,69.5,0,19.61,0,0,0,0,0,0,0,2.11,1.400195052,3.39,0,0
10/05/2024 6:00,32.89,0,0.46,1.08,1.628518887,26.78,2.2,0.36,0.1,0.8,2.069082729,12.44,17.67,2.53,0,0,0,0,0,1.113176873,2.42,1.09,0,0,1.09,5.21,0,0,2.5,69.5,0,19.61,0,0,0,0,0,0,0,2.11,1.436878106,3.39,0,0
10/05/2024 6:30,32.89,0,0.46,1.08,1.633488429,26.78,2.2,0.36,0.1,0.8,2.206236697,12.44,17.67,2.53,0,0,0,0,0,1.055383951,2.42,1.09,0,0,1.09,5.21,0,0,2.5,69.5,0,19.61,0,0,0,0,0,0,0,2.11,1.462460611,3.39,0,0
10/05/2024 7:00,32.89,0,0.46,1.08,1.623551177,26.78,2.2,0.36,0.1,0.8,2.21628684,12.44,17.67,2.53,0,0,0,0,0,1.059745146,2.42,1.09,0,0,1.09,5.21,0,0,2.5,69.5,0,19.61,0,0,0,0,0,0,0,2.11,1.485545779,3.39,0,0
10/05/2024 7:30,32.89,0,0.46,1.08,1.615626957,26.78,2.2,0.36,0.1,0.8,2.174461862,12.44,17.67,2.53,0,0,0,0,0,1.075851545,2.42,1.09,0,0,1.09,5.21,0,0,2.5,69.5,0,19.61,0,0,0,0,0,0,0,2.11,1.485156616,3.39,0,0
10/05/2024 8:00,32.89,0,0.46,1.08,1.294472938,26.78,2.2,0.36,0.1,0.8,2.102374737,12.44,17.67,2.53,0,0,0,0,0,1.096831807,2.42,1.09,0,0,1.09,5.21,0,0,2.5,69.5,0,19.61,0,0,0,0,0,0,0,2.11,1.473363778,3.39,0,0
10/05/2024 8:30,32.89,0,0.46,1.08,1.290299483,26.78,2.2,0.36,0.1,0.8,2.059761629,12.44,17.67,2.53,0,0,0,0,0,1.133963232,2.42,1.09,0,0,1.09,5.21,0,0,2.5,69.5,0,19.61,0,0,0,0,0,0,0,2.11,1.458804902,3.39,0,0
10/05/2024 9:00,32.89,0,0.46,1.08,1.315696184,26.78,2.2,0.36,0.1,0.8,2.047119622,12.44,17.67,2.53,0,0,0,0,0,1.154221202,2.42,1.09,0,0,1.09,5.21,0,0,2.5,69.5,0,19.61,0,0,0,0,0,0,0,2.11,1.453158604,3.39,0,0
10/05/2024 9:30,32.89,0,0.46,1.08,1.359967773,26.78,2.2,0.36,0.1,0.8,2.155135006,12.44,17.67,2.53,0,0,0,0,0,1.179832661,2.42,1.09,0,0,1.09,5.21,0,0,2.5,69.5,0,19.61,0,0,0,0,0,0,0,2.11,1.503114925,3.39,0,0
10/05/2024 10:00,32.89,0,0.46,1.08,1.41268511,26.78,2.2,0.36,0.1,0.8,2.296406784,12.44,17.67,2.53,0,0,0,0,0,1.209928088,2.42,1.09,0,0,1.09,5.21,0,0,2.5,69.5,0,19.61,0,0,0,0,0,0,0,2.11,1.575866506,3.39,0,0
10/05/2024 10:30,32.89,0,0.46,1.08,1.458547392,26.78,2.2,0.36,0.1,0.8,2.387883761,12.44,17.67,2.53,0,0,0,0,0,1.23970634,2.42,1.09,0,0,1.09,5.21,0,0,2.5,69.5,0,19.61,0,0,0,0,0,0,0,2.11,1.635204172,3.39,0,0
10/05/2024 11:00,32.89,0,0.46,1.08,1.507843114,26.78,2.2,0.36,0.1,0.8,2.457736174,12.44,17.67,2.53,0,0,0,0,0,1.253346924,2.42,1.09,0,0,1.09,5.21,0,0,2.5,69.5,0,19.61,0,0,0,0,0,0,0,2.11,1.686499368,3.39,0,0
10/05/2024 11:30,32.89,0,0.46,1.08,1.54893473,26.78,2.2,0.36,0.1,0.8,2.516745639,12.44,17.67,2.53,0,0,0,0,0,1.276947888,2.42,1.09,0,0,1.09,5.21,0,0,2.5,69.5,0,19.61,0,0,0,0,0,0,0,2.11,1.730655588,3.39,0,0
10/05/2024 12:00,32.89,0,0.46,1.08,1.572458328,26.78,2.2,0.36,0.1,0.8,2.567949409,12.44,17.67,2.53,0,0,0,0,0,1.30280777,2.42,1.09,0,0,1.09,5.21,0,0,2.5,69.5,0,19.61,0,0,0,0,0,0,0,2.11,1.766447904,3.39,0,0
10/05/2024 12:30,32.89,0,0.46,1.08,1.596539342,26.78,2.2,0.36,0.1,0.8,2.623321806,12.44,17.67,2.53,0,0,0,0,0,1.318376987,2.42,1.09,0,0,1.09,5.21,0,0,2.5,69.5,0,19.61,0,0,0,0,0,0,0,2.11,1.797324323,3.39,0,0
10/05/2024 13:00,32.89,0,0.46,1.08,1.654260013,26.78,2.2,0.36,0.1,0.8,2.674024174,12.44,17.67,2.53,0,0,0,0,0,1.309845571,2.42,1.09,0,0,1.09,5.21,0,0,2.5,69.5,0,19.61,0,0,0,0,0,0,0,2.11,1.837769103,3.39,0,0
10/05/2024 13:30,32.89,0,0.46,1.08,1.704453836,26.78,2.2,0.36,0.1,0.8,2.733560823,12.44,17.67,2.53,0,0,0,0,0,1.30950179,2.42,1.09,0,0,1.09,5.21,0,0,2.5,69.5,0,19.61,0,0,0,0,0,0,0,2.11,1.885052258,3.39,0,0
10/05/2024 14:00,32.89,0,0.46,1.08,1.743923317,26.78,2.2,0.36,0.1,0.8,2.838319611,12.44,17.67,2.53,0,0,0,0,0,1.334165716,2.42,1.09,0,0,1.09,5.21,0,0,2.5,69.5,0,19.61,0,0,0,0,0,0,0,2.11,1.950798603,3.39,0,0
10/05/2024 14:30,32.89,0,0.46,1.08,1.756330506,26.78,2.2,0.36,0.1,0.8,2.891190114,12.44,17.67,2.53,0,0,0,0,0,1.345596495,2.42,1.09,0,0,1.09,5.21,0,0,2.5,69.5,0,19.61,0,0,0,0,0,0,0,2.11,1.994376799,3.39,0,0
10/05/2024 15:00,32.89,0,0.46,1.08,1.803532954,26.78,2.2,0.36,0.1,0.8,2.963898197,12.44,17.67,2.53,0,0,0,0,0,1.34947277,2.42,1.09,0,0,1.09,5.21,0,0,2.5,69.5,0,19.61,0,0,0,0,0,0,0,2.11,2.022387143,3.39,0,0
10/05/2024 15:30,32.89,0,0.46,1.08,1.855674495,26.78,2.2,0.36,0.1,0.8,3.062628664,12.44,17.67,2.53,0,0,0,0,0,1.354841335,2.42,1.09,0,0,1.09,5.21,0,0,2.5,69.5,0,19.61,0,0,0,0,0,0,0,2.11,2.071501002,3.39,0,0
10/05/2024 16:00,32.89,0,0.46,1.08,1.848347319,26.78,2.2,0.36,0.1,0.8,3.069808611,12.44,17.67,2.53,0,0,0,0,0,1.365759669,2.42,1.09,0,0,1.09,5.21,0,0,2.5,69.5,0,19.61,0,0,0,0,0,0,0,2.11,2.071857039,3.39,0,0
10/05/2024 16:30,32.89,0,0.46,1.08,1.747932122,26.78,2.2,0.36,0.1,0.8,2.911541626,12.44,17.67,2.53,0,0,0,0,0,1.320014847,2.42,1.09,0,0,1.09,5.21,0,0,2.5,69.5,0,19.61,0,0,0,0,0,0,0,2.11,2.012244165,3.39,0,0
10/05/2024 17:00,32.89,0,0.46,1.08,1.696765736,26.78,2.2,0.36,0.1,0.8,2.785166171,12.44,17.67,2.53,0,0,0,0,0,1.188148852,2.42,1.09,0,0,1.09,5.21,0,0,2.5,69.5,0,19.61,0,0,0,0,0,0,0,2.11,1.967242912,3.39,0,0
10/05/2024 17:30,32.89,0,0.46,1.08,1.753918252,26.78,2.2,0.36,0.1,0.8,2.832165591,12.44,17.67,2.53,0,0,0,0,0,1.130702975,2.42,1.09,0,0,1.09,5.21,0,0,2.5,69.5,0,19.61,0,0,0,0,0,0,0,2.11,2.01022681,3.39,0,0
10/05/2024 18:00,32.89,0,0.46,1.08,1.88493795,26.78,2.2,0.36,0.1,0.8,3.095211922,12.44,17.67,2.53,0,0,0,0,0,1.24065612,2.42,1.09,0,0,1.09,5.21,0,0,2.5,69.5,0,19.61,0,0,0,0,0,0,0,2.11,2.125567478,3.39,0,0
10/05/2024 18:30,32.89,0,0.46,1.08,1.918627981,26.78,2.2,0.36,0.1,0.8,3.299286462,12.44,17.67,2.53,0,0,0,0,0,1.325107783,2.42,1.09,0,0,1.09,5.21,0,0,2.5,69.5,0,19.61,0,0,0,0,0,0,0,2.11,2.205334144,3.39,0,0
10/05/2024 19:00,32.89,0,0.46,1.08,1.883430316,26.78,2.2,0.36,0.1,0.8,3.256854935,12.44,17.67,2.53,0,0,0,0,0,1.368530016,2.42,1.09,0,0,1.09,5.21,0,0,2.5,69.5,0,19.61,0,0,0,0,0,0,0,2.11,2.238363582,3.39,0,0
10/05/2024 19:30,32.89,0,0.46,1.08,1.781129645,26.78,2.2,0.36,0.1,0.8,3.030956098,12.44,17.67,2.53,0,0,0,0,0,1.379719571,2.42,1.09,0,0,1.09,5.21,0,0,2.5,69.5,0,19.61,0,0,0,0,0,0,0,2.11,2.150303215,3.39,0,0
10/05/2024 20:00,32.89,0,0.46,1.08,1.635414685,26.78,2.2,0.36,0.1,0.8,2.720630116,12.44,17.67,2.53,0,0,0,0,0,1.373469412,2.42,1.09,0,0,1.09,5.21,0,0,2.5,69.5,0,19.61,0,0,0,0,0,0,0,2.11,1.972216449,3.39,0,0
10/05/2024 20:30,32.89,0,0.46,1.08,1.481685926,26.78,2.2,0.36,0.1,0.8,2.408111214,12.44,17.67,2.53,0,0,0,0,0,1.354657258,2.42,1.09,0,0,1.09,5.21,0,0,2.5,69.5,0,19.61,0,0,0,0,0,0,0,2.11,1.782422224,3.39,0,0
10/05/2024 21:00,32.89,0,0.46,1.08,1.375447528,26.78,2.2,0.36,0.1,0.8,2.175131757,12.44,17.67,2.53,0,0,0,0,0,1.344936241,2.42,1.09,0,0,1.09,5.21,0,0,2.5,69.5,0,19.61,0,0,0,0,0,0,0,2.11,1.622488547,3.39,0,0
10/05/2024 21:30,32.89,0,0.46,1.08,1.29913022,26.78,2.2,0.36,0.1,0.8,2.048645803,12.44,17.67,2.53,0,0,0,0,0,1.332122973,2.42,1.09,0,0,1.09,5.21,0,0,2.5,69.5,0,19.61,0,0,0,0,0,0,0,2.11,1.53024677,3.39,0,0
10/05/2024 22:00,32.89,0,0.46,1.08,1.272666425,26.78,2.2,0.36,0.1,0.8,2.006566238,12.44,17.67,2.53,0,0,0,0,0,1.335959795,2.42,1.09,0,0,1.09,5.21,0,0,2.5,69.5,0,19.61,0,0,0,0,0,0,0,2.11,1.450968199,3.39,0,0
10/05/2024 22:30,32.89,0,0.46,1.08,1.229639448,26.78,2.2,0.36,0.1,0.8,1.951377331,12.44,17.67,2.53,0,0,0,0,0,1.339338498,2.42,1.09,0,0,1.09,5.21,0,0,2.5,69.5,0,19.61,0,0,0,0,0,0,0,2.11,1.380058082,3.39,0,0
10/05/2024 23:00,32.89,0,0.46,1.08,1.205671152,26.78,2.2,0.36,0.1,0.8,1.90213526,12.44,17.67,2.53,0,0,0,0,0,1.334617241,2.42,1.09,0,0,1.09,5.21,0,0,2.5,69.5,0,19.61,0,0,0,0,0,0,0,2.11,1.32396113,3.39,0,0
10/05/2024 23:30,32.89,0,0.46,1.08,1.184330002,26.78,2.2,0.36,0.1,0.8,1.852797494,12.44,17.67,2.53,0,0,0,0,0,1.326424502,2.42,1.09,0,0,1.09,5.21,0,0,2.5,69.5,0,19.61,0,0,0,0,0,0,0,2.11,1.284068272,3.39,0,0
11/05/2024 0:00,32.89,0,0.46,1.08,1.139461205,26.78,2.2,0.36,0.1,0.8,1.8037022,12.44,17.67,2.53,0,0,0,0,0,1.315825454,2.42,1.09,0,0,1.09,5.21,0,0,2.5,69.5,0,19.61,0,0,0,0,0,0,0,2.11,1.242226066,3.39,0,0
11/05/2024 0:30,32.89,0,0.46,1.08,1.115034927,26.78,2.2,0.36,0.1,0.8,1.768316553,12.44,17.67,2.53,0,0,0,0,0,1.312257427,2.42,1.09,0,0,1.09,5.21,0,0,2.5,69.5,0,19.61,0,0,0,0,0,0,0,2.11,1.214631085,3.39,0,0
11/05/2024 1:00,32.89,0,0.46,1.08,1.119089641,26.78,2.2,0.36,0.1,0.8,1.742543537,12.44,17.67,2.53,0,0,0,0,0,1.305932263,2.42,1.09,0,0,1.09,5.21,0,0,2.5,69.5,0,19.61,0,0,0,0,0,0,0,2.11,1.198777675,3.39,0,0
11/05/2024 1:30,32.89,0,0.46,1.08,1.10794392,26.78,2.2,0.36,0.1,0.8,1.720496983,12.44,17.67,2.53,0,0,0,0,0,1.303622081,2.42,1.09,0,0,1.09,5.21,0,0,2.5,69.5,0,19.61,0,0,0,0,0,0,0,2.11,1.183316101,3.39,0,0
11/05/2024 2:00,32.89,0,0.46,1.08,1.105890876,26.78,2.2,0.36,0.1,0.8,1.745046742,12.44,17.67,2.53,0,0,0,0,0,1.311347401,2.42,1.09,0,0,1.09,5.21,0,0,2.5,69.5,0,19.61,0,0,0,0,0,0,0,2.11,1.176744104,3.39,0,0
11/05/2024 2:30,32.89,0,0.46,1.08,1.096559757,26.78,2.2,0.36,0.1,0.8,1.748401224,12.44,17.67,2.53,0,0,0,0,0,1.317668178,2.42,1.09,0,0,1.09,5.21,0,0,2.5,69.5,0,19.61,0,0,0,0,0,0,0,2.11,1.178686721,3.39,0,0
11/05/2024 3:00,32.89,0,0.46,1.08,1.141750914,26.78,2.2,0.36,0.1,0.8,1.794374275,12.44,17.67,2.53,0,0,0,0,0,1.322980104,2.42,1.09,0,0,1.09,5.21,0,0,2.5,69.5,0,19.61,0,0,0,0,0,0,0,2.11,1.189550308,3.39,0,0
11/05/2024 3:30,32.89,0,0.46,1.08,1.240052817,26.78,2.2,0.36,0.1,0.8,1.964499042,12.44,17.67,2.53,0,0,0,0,0,1.30961933,2.42,1.09,0,0,1.09,5.21,0,0,2.5,69.5,0,19.61,0,0,0,0,0,0,0,2.11,1.266494713,3.39,0,0
11/05/2024 4:00,32.89,0,0.46,1.08,1.414224571,26.78,2.2,0.36,0.1,0.8,2.216479323,12.44,17.67,2.53,0,0,0,0,0,1.297721055,2.42,1.09,0,0,1.09,5.21,0,0,2.5,69.5,0,19.61,0,0,0,0,0,0,0,2.11,1.396870012,3.39,0,0
11/05/2024 4:30,32.89,0,0.46,1.08,1.427661557,26.78,2.2,0.36,0.1,0.8,2.260934232,12.44,17.67,2.53,0,0,0,0,0,1.265725214,2.42,1.09,0,0,1.09,5.21,0,0,2.5,69.5,0,19.61,0,0,0,0,0,0,0,2.11,1.451255188,3.39,0,0
11/05/2024 5:00,32.89,0,0.46,1.08,1.253488735,26.78,2.2,0.36,0.1,0.8,2.076720218,12.44,17.67,2.53,0,0,0,0,0,1.210363103,2.42,1.09,0,0,1.09,5.21,0,0,2.5,69.5,0,19.61,0,0,0,0,0,0,0,2.11,1.415429093,3.39,0,0
11/05/2024 5:30,32.89,0,0.46,1.08,1.205230864,26.78,2.2,0.36,0.1,0.8,1.950985404,12.44,17.67,2.53,0,0,0,0,0,1.153228544,2.42,1.09,0,0,1.09,5.21,0,0,2.5,69.5,0,19.61,0,0,0,0,0,0,0,2.11,1.391604898,3.39,0,0
11/05/2024 6:00,32.9,0,0.46,1.08,1.617515381,26.78,2.34,0.36,0.1,0.8,2.060315429,12.44,17.67,2.87,0,0,0,0,0,1.113176873,2.42,1.09,0,0,1.09,5.21,0,0,2.5,69.5,0,22.13,0,0,0,0,0,0,0,2.11,1.428062903,2.81,0,0
11/05/2024 6:30,32.9,0,0.46,1.08,1.622451345,26.78,2.34,0.36,0.1,0.8,2.196888237,12.44,17.67,2.87,0,0,0,0,0,1.055383951,2.42,1.09,0,0,1.09,5.21,0,0,2.5,69.5,0,22.13,0,0,0,0,0,0,0,2.11,1.45348846,2.81,0,0
11/05/2024 7:00,32.9,0,0.46,1.08,1.612581236,26.78,2.34,0.36,0.1,0.8,2.206895794,12.44,17.67,2.87,0,0,0,0,0,1.059745146,2.42,1.09,0,0,1.09,5.21,0,0,2.5,69.5,0,22.13,0,0,0,0,0,0,0,2.11,1.476432002,2.81,0,0
11/05/2024 7:30,32.9,0,0.46,1.08,1.604710559,26.78,2.34,0.36,0.1,0.8,2.16524804,12.44,17.67,2.87,0,0,0,0,0,1.075851545,2.42,1.09,0,0,1.09,5.21,0,0,2.5,69.5,0,22.13,0,0,0,0,0,0,0,2.11,1.476045226,2.81,0,0
11/05/2024 8:00,32.9,0,0.46,1.08,1.2857265,26.78,2.34,0.36,0.1,0.8,2.09346637,12.44,17.67,2.87,0,0,0,0,0,1.096831807,2.42,1.09,0,0,1.09,5.21,0,0,2.5,69.5,0,22.13,0,0,0,0,0,0,0,2.11,1.464324736,2.81,0,0
11/05/2024 8:30,32.9,0,0.46,1.08,1.281581243,26.78,2.34,0.36,0.1,0.8,2.051033825,12.44,17.67,2.87,0,0,0,0,0,1.133963232,2.42,1.09,0,0,1.09,5.21,0,0,2.5,69.5,0,22.13,0,0,0,0,0,0,0,2.11,1.449855179,2.81,0,0
11/05/2024 9:00,32.9,0,0.46,1.08,1.306806345,26.78,2.34,0.36,0.1,0.8,2.038445386,12.44,17.67,2.87,0,0,0,0,0,1.154221202,2.42,1.09,0,0,1.09,5.21,0,0,2.5,69.5,0,22.13,0,0,0,0,0,0,0,2.11,1.444243521,2.81,0,0
11/05/2024 9:30,32.9,0,0.46,1.08,1.350778802,26.78,2.34,0.36,0.1,0.8,2.146003078,12.44,17.67,2.87,0,0,0,0,0,1.179832661,2.42,1.09,0,0,1.09,5.21,0,0,2.5,69.5,0,22.13,0,0,0,0,0,0,0,2.11,1.493893361,2.81,0,0
11/05/2024 10:00,32.9,0,0.46,1.08,1.403139941,26.78,2.34,0.36,0.1,0.8,2.286676247,12.44,17.67,2.87,0,0,0,0,0,1.209928088,2.42,1.09,0,0,1.09,5.21,0,0,2.5,69.5,0,22.13,0,0,0,0,0,0,0,2.11,1.566198614,2.81,0,0
11/05/2024 10:30,32.9,0,0.46,1.08,1.448692342,26.78,2.34,0.36,0.1,0.8,2.37776561,12.44,17.67,2.87,0,0,0,0,0,1.23970634,2.42,1.09,0,0,1.09,5.21,0,0,2.5,69.5,0,22.13,0,0,0,0,0,0,0,2.11,1.625172244,2.81,0,0
11/05/2024 11:00,32.9,0,0.46,1.08,1.497654985,26.78,2.34,0.36,0.1,0.8,2.447322037,12.44,17.67,2.87,0,0,0,0,0,1.253346924,2.42,1.09,0,0,1.09,5.21,0,0,2.5,69.5,0,22.13,0,0,0,0,0,0,0,2.11,1.676152746,2.81,0,0
11/05/2024 11:30,32.9,0,0.46,1.08,1.538468955,26.78,2.34,0.36,0.1,0.8,2.506081462,12.44,17.67,2.87,0,0,0,0,0,1.276947888,2.42,1.09,0,0,1.09,5.21,0,0,2.5,69.5,0,22.13,0,0,0,0,0,0,0,2.11,1.720038069,2.81,0,0
11/05/2024 12:00,32.9,0,0.46,1.08,1.56183361,26.78,2.34,0.36,0.1,0.8,2.557068268,12.44,17.67,2.87,0,0,0,0,0,1.30280777,2.42,1.09,0,0,1.09,5.21,0,0,2.5,69.5,0,22.13,0,0,0,0,0,0,0,2.11,1.7556108,2.81,0,0
11/05/2024 12:30,32.9,0,0.46,1.08,1.585751914,26.78,2.34,0.36,0.1,0.8,2.612206036,12.44,17.67,2.87,0,0,0,0,0,1.318376987,2.42,1.09,0,0,1.09,5.21,0,0,2.5,69.5,0,22.13,0,0,0,0,0,0,0,2.11,1.786297794,2.81,0,0
11/05/2024 13:00,32.9,0,0.46,1.08,1.64308258,26.78,2.34,0.36,0.1,0.8,2.662693564,12.44,17.67,2.87,0,0,0,0,0,1.309845571,2.42,1.09,0,0,1.09,5.21,0,0,2.5,69.5,0,22.13,0,0,0,0,0,0,0,2.11,1.826494446,2.81,0,0
11/05/2024 13:30,32.9,0,0.46,1.08,1.692937256,26.78,2.34,0.36,0.1,0.8,2.721977938,12.44,17.67,2.87,0,0,0,0,0,1.30950179,2.42,1.09,0,0,1.09,5.21,0,0,2.5,69.5,0,22.13,0,0,0,0,0,0,0,2.11,1.87348752,2.81,0,0
11/05/2024 14:00,32.9,0,0.46,1.08,1.732140051,26.78,2.34,0.36,0.1,0.8,2.826292833,12.44,17.67,2.87,0,0,0,0,0,1.334165716,2.42,1.09,0,0,1.09,5.21,0,0,2.5,69.5,0,22.13,0,0,0,0,0,0,0,2.11,1.938830514,2.81,0,0
11/05/2024 14:30,32.9,0,0.46,1.08,1.744463408,26.78,2.34,0.36,0.1,0.8,2.878939309,12.44,17.67,2.87,0,0,0,0,0,1.345596495,2.42,1.09,0,0,1.09,5.21,0,0,2.5,69.5,0,22.13,0,0,0,0,0,0,0,2.11,1.982141359,2.81,0,0
11/05/2024 15:00,32.9,0,0.46,1.08,1.791346921,26.78,2.34,0.36,0.1,0.8,2.951339306,12.44,17.67,2.87,0,0,0,0,0,1.34947277,2.42,1.09,0,0,1.09,5.21,0,0,2.5,69.5,0,22.13,0,0,0,0,0,0,0,2.11,2.00997986,2.81,0,0
11/05/2024 15:30,32.9,0,0.46,1.08,1.843136154,26.78,2.34,0.36,0.1,0.8,3.049651424,12.44,17.67,2.87,0,0,0,0,0,1.354841335,2.42,1.09,0,0,1.09,5.21,0,0,2.5,69.5,0,22.13,0,0,0,0,0,0,0,2.11,2.058792407,2.81,0,0
11/05/2024 16:00,32.9,0,0.46,1.08,1.835858486,26.78,2.34,0.36,0.1,0.8,3.056800947,12.44,17.67,2.87,0,0,0,0,0,1.365759669,2.42,1.09,0,0,1.09,5.21,0,0,2.5,69.5,0,22.13,0,0,0,0,0,0,0,2.11,2.059146259,2.81,0,0
11/05/2024 16:30,32.9,0,0.46,1.08,1.73612177,26.78,2.34,0.36,0.1,0.8,2.899204586,12.44,17.67,2.87,0,0,0,0,0,1.320014847,2.42,1.09,0,0,1.09,5.21,0,0,2.5,69.5,0,22.13,0,0,0,0,0,0,0,2.11,1.999899109,2.81,0,0
11/05/2024 17:00,32.9,0,0.46,1.08,1.685301102,26.78,2.34,0.36,0.1,0.8,2.77336462,12.44,17.67,2.87,0,0,0,0,0,1.188148852,2.42,1.09,0,0,1.09,5.21,0,0,2.5,69.5,0,22.13,0,0,0,0,0,0,0,2.11,1.955173937,2.81,0,0
11/05/2024 17:30,32.9,0,0.46,1.08,1.742067453,26.78,2.34,0.36,0.1,0.8,2.820164889,12.44,17.67,2.87,0,0,0,0,0,1.130702975,2.42,1.09,0,0,1.09,5.21,0,0,2.5,69.5,0,22.13,0,0,0,0,0,0,0,2.11,1.99789413,2.81,0,0
11/05/2024 18:00,32.9,0,0.46,1.08,1.872201883,26.78,2.34,0.36,0.1,0.8,3.082096618,12.44,17.67,2.87,0,0,0,0,0,1.24065612,2.42,1.09,0,0,1.09,5.21,0,0,2.5,69.5,0,22.13,0,0,0,0,0,0,0,2.11,2.112527187,2.81,0,0
11/05/2024 18:30,32.9,0,0.46,1.08,1.905664278,26.78,2.34,0.36,0.1,0.8,3.285306434,12.44,17.67,2.87,0,0,0,0,0,1.325107783,2.42,1.09,0,0,1.09,5.21,0,0,2.5,69.5,0,22.13,0,0,0,0,0,0,0,2.11,2.191804487,2.81,0,0
11/05/2024 19:00,32.9,0,0.46,1.08,1.870704435,26.78,2.34,0.36,0.1,0.8,3.243054703,12.44,17.67,2.87,0,0,0,0,0,1.368530016,2.42,1.09,0,0,1.09,5.21,0,0,2.5,69.5,0,22.13,0,0,0,0,0,0,0,2.11,2.22463129,2.81,0,0
11/05/2024 19:30,32.9,0,0.46,1.08,1.769094985,26.78,2.34,0.36,0.1,0.8,3.018113064,12.44,17.67,2.87,0,0,0,0,0,1.379719571,2.42,1.09,0,0,1.09,5.21,0,0,2.5,69.5,0,22.13,0,0,0,0,0,0,0,2.11,2.137111171,2.81,0,0
11/05/2024 20:00,32.9,0,0.46,1.08,1.624364586,26.78,2.34,0.36,0.1,0.8,2.709102023,12.44,17.67,2.87,0,0,0,0,0,1.373469412,2.42,1.09,0,0,1.09,5.21,0,0,2.5,69.5,0,22.13,0,0,0,0,0,0,0,2.11,1.960116961,2.81,0,0
11/05/2024 20:30,32.9,0,0.46,1.08,1.471674535,26.78,2.34,0.36,0.1,0.8,2.397907353,12.44,17.67,2.87,0,0,0,0,0,1.354657258,2.42,1.09,0,0,1.09,5.21,0,0,2.5,69.5,0,22.13,0,0,0,0,0,0,0,2.11,1.771487118,2.81,0,0
11/05/2024 21:00,32.9,0,0.46,1.08,1.366153964,26.78,2.34,0.36,0.1,0.8,2.165915097,12.44,17.67,2.87,0,0,0,0,0,1.344936241,2.42,1.09,0,0,1.09,5.21,0,0,2.5,69.5,0,22.13,0,0,0,0,0,0,0,2.11,1.61253463,2.81,0,0
11/05/2024 21:30,32.9,0,0.46,1.08,1.290352313,26.78,2.34,0.36,0.1,0.8,2.0399651,12.44,17.67,2.87,0,0,0,0,0,1.332122973,2.42,1.09,0,0,1.09,5.21,0,0,2.5,69.5,0,22.13,0,0,0,0,0,0,0,2.11,1.520858753,2.81,0,0
11/05/2024 22:00,32.9,0,0.46,1.08,1.264067327,26.78,2.34,0.36,0.1,0.8,1.998063839,12.44,17.67,2.87,0,0,0,0,0,1.335959795,2.42,1.09,0,0,1.09,5.21,0,0,2.5,69.5,0,22.13,0,0,0,0,0,0,0,2.11,1.442066554,2.81,0,0
11/05/2024 22:30,32.9,0,0.46,1.08,1.221331073,26.78,2.34,0.36,0.1,0.8,1.943108783,12.44,17.67,2.87,0,0,0,0,0,1.339338498,2.42,1.09,0,0,1.09,5.21,0,0,2.5,69.5,0,22.13,0,0,0,0,0,0,0,2.11,1.371591468,2.81,0,0
11/05/2024 23:00,32.9,0,0.46,1.08,1.197524725,26.78,2.34,0.36,0.1,0.8,1.894075365,12.44,17.67,2.87,0,0,0,0,0,1.334617241,2.42,1.09,0,0,1.09,5.21,0,0,2.5,69.5,0,22.13,0,0,0,0,0,0,0,2.11,1.315838669,2.81,0,0
11/05/2024 23:30,32.9,0,0.46,1.08,1.176327772,26.78,2.34,0.36,0.1,0.8,1.844946657,12.44,17.67,2.87,0,0,0,0,0,1.326424502,2.42,1.09,0,0,1.09,5.21,0,0,2.5,69.5,0,22.13,0,0,0,0,0,0,0,2.11,1.276190552,2.81,0,0
12/05/2024 0:00,32.9,0,0.46,1.08,1.139461205,26.78,2.34,0.36,0.1,0.8,1.8037022,12.44,17.67,2.87,0,0,0,0,0,1.315825454,2.42,1.09,0,0,1.09,5.21,0,0,2.5,69.5,0,22.13,0,0,0,0,0,0,0,2.11,1.234558003,2.81,0,0
12/05/2024 0:30,32.9,0,0.46,1.08,1.115034927,26.78,2.34,0.36,0.1,0.8,1.768316553,12.44,17.67,2.87,0,0,0,0,0,1.312257427,2.42,1.09,0,0,1.09,5.21,0,0,2.5,69.5,0,22.13,0,0,0,0,0,0,0,2.11,1.207133363,2.81,0,0
12/05/2024 1:00,32.9,0,0.46,1.08,1.119089641,26.78,2.34,0.36,0.1,0.8,1.742543537,12.44,17.67,2.87,0,0,0,0,0,1.305932263,2.42,1.09,0,0,1.09,5.21,0,0,2.5,69.5,0,22.13,0,0,0,0,0,0,0,2.11,1.191377813,2.81,0,0
12/05/2024 1:30,32.9,0,0.46,1.08,1.10794392,26.78,2.34,0.36,0.1,0.8,1.720496983,12.44,17.67,2.87,0,0,0,0,0,1.303622081,2.42,1.09,0,0,1.09,5.21,0,0,2.5,69.5,0,22.13,0,0,0,0,0,0,0,2.11,1.17601168,2.81,0,0
12/05/2024 2:00,32.9,0,0.46,1.08,1.105890876,26.78,2.34,0.36,0.1,0.8,1.745046742,12.44,17.67,2.87,0,0,0,0,0,1.311347401,2.42,1.09,0,0,1.09,5.21,0,0,2.5,69.5,0,22.13,0,0,0,0,0,0,0,2.11,1.169480252,2.81,0,0
12/05/2024 2:30,32.9,0,0.46,1.08,1.096559757,26.78,2.34,0.36,0.1,0.8,1.748401224,12.44,17.67,2.87,0,0,0,0,0,1.317668178,2.42,1.09,0,0,1.09,5.21,0,0,2.5,69.5,0,22.13,0,0,0,0,0,0,0,2.11,1.171410877,2.81,0,0
12/05/2024 3:00,32.9,0,0.46,1.08,1.141750914,26.78,2.34,0.36,0.1,0.8,1.794374275,12.44,17.67,2.87,0,0,0,0,0,1.322980104,2.42,1.09,0,0,1.09,5.21,0,0,2.5,69.5,0,22.13,0,0,0,0,0,0,0,2.11,1.182207405,2.81,0,0
12/05/2024 3:30,32.9,0,0.46,1.08,1.240052817,26.78,2.34,0.36,0.1,0.8,1.964499042,12.44,17.67,2.87,0,0,0,0,0,1.30961933,2.42,1.09,0,0,1.09,5.21,0,0,2.5,69.5,0,22.13,0,0,0,0,0,0,0,2.11,1.258676845,2.81,0,0
12/05/2024 4:00,32.9,0,0.46,1.08,1.414224571,26.78,2.34,0.36,0.1,0.8,2.216479323,12.44,17.67,2.87,0,0,0,0,0,1.297721055,2.42,1.09,0,0,1.09,5.21,0,0,2.5,69.5,0,22.13,0,0,0,0,0,0,0,2.11,1.388247357,2.81,0,0
12/05/2024 4:30,32.9,0,0.46,1.08,1.427661557,26.78,2.34,0.36,0.1,0.8,2.260934232,12.44,17.67,2.87,0,0,0,0,0,1.265725214,2.42,1.09,0,0,1.09,5.21,0,0,2.5,69.5,0,22.13,0,0,0,0,0,0,0,2.11,1.442296823,2.81,0,0
12/05/2024 5:00,32.9,0,0.46,1.08,1.253488735,26.78,2.34,0.36,0.1,0.8,2.076720218,12.44,17.67,2.87,0,0,0,0,0,1.210363103,2.42,1.09,0,0,1.09,5.21,0,0,2.5,69.5,0,22.13,0,0,0,0,0,0,0,2.11,1.406691877,2.81,0,0
12/05/2024 5:30,32.9,0,0.46,1.08,1.205230864,26.78,2.34,0.36,0.1,0.8,1.950985404,12.44,17.67,2.87,0,0,0,0,0,1.153228544,2.42,1.09,0,0,1.09,5.21,0,0,2.5,69.5,0,22.13,0,0,0,0,0,0,0,2.11,1.383014744,2.81,0,0
12/05/2024 6:00,32.9,0,0.46,1.08,1.617515381,26.78,2.06,0.36,0.1,0.8,2.060315429,12.44,17.67,2.76,0,0,0,0,0,1.113176873,2.43,1.09,0,0,1.09,5.21,0,0,2.5,69.5,0,22.13,0,0,0,0,0,0,0,2.11,1.4192477,3.24,0,0
12/05/2024 6:30,32.9,0,0.46,1.08,1.622451345,26.78,2.06,0.36,0.1,0.8,2.196888237,12.44,17.67,2.76,0,0,0,0,0,1.055383951,2.43,1.09,0,0,1.09,5.21,0,0,2.5,69.5,0,22.13,0,0,0,0,0,0,0,2.11,1.444516309,3.24,0,0
12/05/2024 7:00,32.9,0,0.46,1.08,1.612581236,26.78,2.06,0.36,0.1,0.8,2.206895794,12.44,17.67,2.76,0,0,0,0,0,1.059745146,2.43,1.09,0,0,1.09,5.21,0,0,2.5,69.5,0,22.13,0,0,0,0,0,0,0,2.11,1.467318224,3.24,0,0
12/05/2024 7:30,32.9,0,0.46,1.08,1.604710559,26.78,2.06,0.36,0.1,0.8,2.16524804,12.44,17.67,2.76,0,0,0,0,0,1.075851545,2.43,1.09,0,0,1.09,5.21,0,0,2.5,69.5,0,22.13,0,0,0,0,0,0,0,2.11,1.466933836,3.24,0,0
12/05/2024 8:00,32.9,0,0.46,1.08,1.2857265,26.78,2.06,0.36,0.1,0.8,2.09346637,12.44,17.67,2.76,0,0,0,0,0,1.096831807,2.43,1.09,0,0,1.09,5.21,0,0,2.5,69.5,0,22.13,0,0,0,0,0,0,0,2.11,1.455285694,3.24,0,0
12/05/2024 8:30,32.9,0,0.46,1.08,1.281581243,26.78,2.06,0.36,0.1,0.8,2.051033825,12.44,17.67,2.76,0,0,0,0,0,1.133963232,2.43,1.09,0,0,1.09,5.21,0,0,2.5,69.5,0,22.13,0,0,0,0,0,0,0,2.11,1.440905456,3.24,0,0
12/05/2024 9:00,32.9,0,0.46,1.08,1.306806345,26.78,2.06,0.36,0.1,0.8,2.038445386,12.44,17.67,2.76,0,0,0,0,0,1.154221202,2.43,1.09,0,0,1.09,5.21,0,0,2.5,69.5,0,22.13,0,0,0,0,0,0,0,2.11,1.435328437,3.24,0,0
12/05/2024 9:30,32.9,0,0.46,1.08,1.350778802,26.78,2.06,0.36,0.1,0.8,2.146003078,12.44,17.67,2.76,0,0,0,0,0,1.179832661,2.43,1.09,0,0,1.09,5.21,0,0,2.5,69.5,0,22.13,0,0,0,0,0,0,0,2.11,1.484671797,3.24,0,0
12/05/2024 10:00,32.9,0,0.46,1.08,1.403139941,26.78,2.06,0.36,0.1,0.8,2.286676247,12.44,17.67,2.76,0,0,0,0,0,1.209928088,2.43,1.09,0,0,1.09,5.21,0,0,2.5,69.5,0,22.13,0,0,0,0,0,0,0,2.11,1.556530721,3.24,0,0
12/05/2024 10:30,32.9,0,0.46,1.08,1.448692342,26.78,2.06,0.36,0.1,0.8,2.37776561,12.44,17.67,2.76,0,0,0,0,0,1.23970634,2.43,1.09,0,0,1.09,5.21,0,0,2.5,69.5,0,22.13,0,0,0,0,0,0,0,2.11,1.615140317,3.24,0,0
12/05/2024 11:00,32.9,0,0.46,1.08,1.497654985,26.78,2.06,0.36,0.1,0.8,2.447322037,12.44,17.67,2.76,0,0,0,0,0,1.253346924,2.43,1.09,0,0,1.09,5.21,0,0,2.5,69.5,0,22.13,0,0,0,0,0,0,0,2.11,1.665806124,3.24,0,0
12/05/2024 11:30,32.9,0,0.46,1.08,1.538468955,26.78,2.06,0.36,0.1,0.8,2.506081462,12.44,17.67,2.76,0,0,0,0,0,1.276947888,2.43,1.09,0,0,1.09,5.21,0,0,2.5,69.5,0,22.13,0,0,0,0,0,0,0,2.11,1.70942055,3.24,0,0
12/05/2024 12:00,32.9,0,0.46,1.08,1.56183361,26.78,2.06,0.36,0.1,0.8,2.557068268,12.44,17.67,2.76,0,0,0,0,0,1.30280777,2.43,1.09,0,0,1.09,5.21,0,0,2.5,69.5,0,22.13,0,0,0,0,0,0,0,2.11,1.744773697,3.24,0,0
12/05/2024 12:30,32.9,0,0.46,1.08,1.585751914,26.78,2.06,0.36,0.1,0.8,2.612206036,12.44,17.67,2.76,0,0,0,0,0,1.318376987,2.43,1.09,0,0,1.09,5.21,0,0,2.5,69.5,0,22.13,0,0,0,0,0,0,0,2.11,1.775271264,3.24,0,0
12/05/2024 13:00,32.9,0,0.46,1.08,1.64308258,26.78,2.06,0.36,0.1,0.8,2.662693564,12.44,17.67,2.76,0,0,0,0,0,1.309845571,2.43,1.09,0,0,1.09,5.21,0,0,2.5,69.5,0,22.13,0,0,0,0,0,0,0,2.11,1.815219789,3.24,0,0
12/05/2024 13:30,32.9,0,0.46,1.08,1.692937256,26.78,2.06,0.36,0.1,0.8,2.721977938,12.44,17.67,2.76,0,0,0,0,0,1.30950179,2.43,1.09,0,0,1.09,5.21,0,0,2.5,69.5,0,22.13,0,0,0,0,0,0,0,2.11,1.861922782,3.24,0,0
12/05/2024 14:00,32.9,0,0.46,1.08,1.732140051,26.78,2.06,0.36,0.1,0.8,2.826292833,12.44,17.67,2.76,0,0,0,0,0,1.334165716,2.43,1.09,0,0,1.09,5.21,0,0,2.5,69.5,0,22.13,0,0,0,0,0,0,0,2.11,1.926862424,3.24,0,0
12/05/2024 14:30,32.9,0,0.46,1.08,1.744463408,26.78,2.06,0.36,0.1,0.8,2.878939309,12.44,17.67,2.76,0,0,0,0,0,1.345596495,2.43,1.09,0,0,1.09,5.21,0,0,2.5,69.5,0,22.13,0,0,0,0,0,0,0,2.11,1.969905918,3.24,0,0
12/05/2024 15:00,32.9,0,0.46,1.08,1.791346921,26.78,2.06,0.36,0.1,0.8,2.951339306,12.44,17.67,2.76,0,0,0,0,0,1.34947277,2.43,1.09,0,0,1.09,5.21,0,0,2.5,69.5,0,22.13,0,0,0,0,0,0,0,2.11,1.997572577,3.24,0,0
12/05/2024 15:30,32.9,0,0.46,1.08,1.843136154,26.78,2.06,0.36,0.1,0.8,3.049651424,12.44,17.67,2.76,0,0,0,0,0,1.354841335,2.43,1.09,0,0,1.09,5.21,0,0,2.5,69.5,0,22.13,0,0,0,0,0,0,0,2.11,2.046083812,3.24,0,0
12/05/2024 16:00,32.9,0,0.46,1.08,1.835858486,26.78,2.06,0.36,0.1,0.8,3.056800947,12.44,17.67,2.76,0,0,0,0,0,1.365759669,2.43,1.09,0,0,1.09,5.21,0,0,2.5,69.5,0,22.13,0,0,0,0,0,0,0,2.11,2.04643548,3.24,0,0
12/05/2024 16:30,32.9,0,0.46,1.08,1.73612177,26.78,2.06,0.36,0.1,0.8,2.899204586,12.44,17.67,2.76,0,0,0,0,0,1.320014847,2.43,1.09,0,0,1.09,5.21,0,0,2.5,69.5,0,22.13,0,0,0,0,0,0,0,2.11,1.987554053,3.24,0,0
12/05/2024 17:00,32.9,0,0.46,1.08,1.685301102,26.78,2.06,0.36,0.1,0.8,2.77336462,12.44,17.67,2.76,0,0,0,0,0,1.188148852,2.43,1.09,0,0,1.09,5.21,0,0,2.5,69.5,0,22.13,0,0,0,0,0,0,0,2.11,1.943104963,3.24,0,0
12/05/2024 17:30,32.9,0,0.46,1.08,1.742067453,26.78,2.06,0.36,0.1,0.8,2.820164889,12.44,17.67,2.76,0,0,0,0,0,1.130702975,2.43,1.09,0,0,1.09,5.21,0,0,2.5,69.5,0,22.13,0,0,0,0,0,0,0,2.11,1.98556145,3.24,0,0
12/05/2024 18:00,32.9,0,0.46,1.08,1.872201883,26.78,2.06,0.36,0.1,0.8,3.082096618,12.44,17.67,2.76,0,0,0,0,0,1.24065612,2.43,1.09,0,0,1.09,5.21,0,0,2.5,69.5,0,22.13,0,0,0,0,0,0,0,2.11,2.099486896,3.24,0,0
12/05/2024 18:30,32.9,0,0.46,1.08,1.905664278,26.78,2.06,0.36,0.1,0.8,3.285306434,12.44,17.67,2.76,0,0,0,0,0,1.325107783,2.43,1.09,0,0,1.09,5.21,0,0,2.5,69.5,0,22.13,0,0,0,0,0,0,0,2.11,2.178274829,3.24,0,0
12/05/2024 19:00,32.9,0,0.46,1.08,1.870704435,26.78,2.06,0.36,0.1,0.8,3.243054703,12.44,17.67,2.76,0,0,0,0,0,1.368530016,2.43,1.09,0,0,1.09,5.21,0,0,2.5,69.5,0,22.13,0,0,0,0,0,0,0,2.11,2.210898998,3.24,0,0
12/05/2024 19:30,32.9,0,0.46,1.08,1.769094985,26.78,2.06,0.36,0.1,0.8,3.018113064,12.44,17.67,2.76,0,0,0,0,0,1.379719571,2.43,1.09,0,0,1.09,5.21,0,0,2.5,69.5,0,22.13,0,0,0,0,0,0,0,2.11,2.123919127,3.24,0,0
12/05/2024 20:00,32.9,0,0.46,1.08,1.624364586,26.78,2.06,0.36,0.1,0.8,2.709102023,12.44,17.67,2.76,0,0,0,0,0,1.373469412,2.43,1.09,0,0,1.09,5.21,0,0,2.5,69.5,0,22.13,0,0,0,0,0,0,0,2.11,1.948017474,3.24,0,0
12/05/2024 20:30,32.9,0,0.46,1.08,1.471674535,26.78,2.06,0.36,0.1,0.8,2.397907353,12.44,17.67,2.76,0,0,0,0,0,1.354657258,2.43,1.09,0,0,1.09,5.21,0,0,2.5,69.5,0,22.13,0,0,0,0,0,0,0,2.11,1.760552012,3.24,0,0
12/05/2024 21:00,32.9,0,0.46,1.08,1.366153964,26.78,2.06,0.36,0.1,0.8,2.165915097,12.44,17.67,2.76,0,0,0,0,0,1.344936241,2.43,1.09,0,0,1.09,5.21,0,0,2.5,69.5,0,22.13,0,0,0,0,0,0,0,2.11,1.602580712,3.24,0,0
12/05/2024 21:30,32.9,0,0.46,1.08,1.290352313,26.78,2.06,0.36,0.1,0.8,2.0399651,12.44,17.67,2.76,0,0,0,0,0,1.332122973,2.43,1.09,0,0,1.09,5.21,0,0,2.5,69.5,0,22.13,0,0,0,0,0,0,0,2.11,1.511470736,3.24,0,0
12/05/2024 22:00,32.9,0,0.46,1.08,1.264067327,26.78,2.06,0.36,0.1,0.8,1.998063839,12.44,17.67,2.76,0,0,0,0,0,1.335959795,2.43,1.09,0,0,1.09,5.21,0,0,2.5,69.5,0,22.13,0,0,0,0,0,0,0,2.11,1.433164909,3.24,0,0
12/05/2024 22:30,32.9,0,0.46,1.08,1.221331073,26.78,2.06,0.36,0.1,0.8,1.943108783,12.44,17.67,2.76,0,0,0,0,0,1.339338498,2.43,1.09,0,0,1.09,5.21,0,0,2.5,69.5,0,22.13,0,0,0,0,0,0,0,2.11,1.363124854,3.24,0,0
12/05/2024 23:00,32.9,0,0.46,1.08,1.197524725,26.78,2.06,0.36,0.1,0.8,1.894075365,12.44,17.67,2.76,0,0,0,0,0,1.334617241,2.43,1.09,0,0,1.09,5.21,0,0,2.5,69.5,0,22.13,0,0,0,0,0,0,0,2.11,1.307716208,3.24,0,0
12/05/2024 23:30,32.9,0,0.46,1.08,1.176327772,26.78,2.06,0.36,0.1,0.8,1.844946657,12.44,17.67,2.76,0,0,0,0,0,1.326424502,2.43,1.09,0,0,1.09,5.21,0,0,2.5,69.5,0,22.13,0,0,0,0,0,0,0,2.11,1.268312833,3.24,0,0
13/05/2024 0:00,32.9,0,0.46,1.08,1.131709769,26.78,2.06,0.36,0.1,0.8,1.796026871,12.44,17.67,2.76,0,0,0,0,0,1.315825454,2.43,1.09,0,0,1.09,5.21,0,0,2.5,69.5,0,22.13,0,0,0,0,0,0,0,2.11,1.226889941,3.24,0,0
13/05/2024 0:30,32.9,0,0.46,1.08,1.107449655,26.78,2.06,0.36,0.1,0.8,1.760791802,12.44,17.67,2.76,0,0,0,0,0,1.312257427,2.43,1.09,0,0,1.09,5.21,0,0,2.5,69.5,0,22.13,0,0,0,0,0,0,0,2.11,1.19963564,3.24,0,0
13/05/2024 1:00,32.9,0,0.46,1.08,1.111476787,26.78,2.06,0.36,0.1,0.8,1.735128458,12.44,17.67,2.76,0,0,0,0,0,1.305932263,2.43,1.09,0,0,1.09,5.21,0,0,2.5,69.5,0,22.13,0,0,0,0,0,0,0,2.11,1.183977951,3.24,0,0
13/05/2024 1:30,32.9,0,0.46,1.08,1.100406887,26.78,2.06,0.36,0.1,0.8,1.713175719,12.44,17.67,2.76,0,0,0,0,0,1.303622081,2.43,1.09,0,0,1.09,5.21,0,0,2.5,69.5,0,22.13,0,0,0,0,0,0,0,2.11,1.16870726,3.24,0,0
13/05/2024 2:00,32.9,0,0.46,1.08,1.098367809,26.78,2.06,0.36,0.1,0.8,1.737621011,12.44,17.67,2.76,0,0,0,0,0,1.311347401,2.43,1.09,0,0,1.09,5.21,0,0,2.5,69.5,0,22.13,0,0,0,0,0,0,0,2.11,1.162216399,3.24,0,0
13/05/2024 2:30,32.9,0,0.46,1.08,1.089100166,26.78,2.06,0.36,0.1,0.8,1.740961219,12.44,17.67,2.76,0,0,0,0,0,1.317668178,2.43,1.09,0,0,1.09,5.21,0,0,2.5,69.5,0,22.13,0,0,0,0,0,0,0,2.11,1.164135034,3.24,0,0
13/05/2024 3:00,32.9,0,0.46,1.08,1.133983901,26.78,2.06,0.36,0.1,0.8,1.78673864,12.44,17.67,2.76,0,0,0,0,0,1.322980104,2.43,1.09,0,0,1.09,5.21,0,0,2.5,69.5,0,22.13,0,0,0,0,0,0,0,2.11,1.174864502,3.24,0,0
13/05/2024 3:30,32.9,0,0.46,1.08,1.231617083,26.78,2.06,0.36,0.1,0.8,1.956139472,12.44,17.67,2.76,0,0,0,0,0,1.30961933,2.43,1.09,0,0,1.09,5.21,0,0,2.5,69.5,0,22.13,0,0,0,0,0,0,0,2.11,1.250858976,3.24,0,0
13/05/2024 4:00,32.9,0,0.46,1.08,1.404603996,26.78,2.06,0.36,0.1,0.8,2.207047496,12.44,17.67,2.76,0,0,0,0,0,1.297721055,2.43,1.09,0,0,1.09,5.21,0,0,2.5,69.5,0,22.13,0,0,0,0,0,0,0,2.11,1.379624703,3.24,0,0
13/05/2024 4:30,32.9,0,0.46,1.08,1.417949573,26.78,2.06,0.36,0.1,0.8,2.251313236,12.44,17.67,2.76,0,0,0,0,0,1.265725214,2.43,1.09,0,0,1.09,5.21,0,0,2.5,69.5,0,22.13,0,0,0,0,0,0,0,2.11,1.433338458,3.24,0,0
13/05/2024 5:00,32.9,0,0.46,1.08,1.2449616,26.78,2.06,0.36,0.1,0.8,2.06788311,12.44,17.67,2.76,0,0,0,0,0,1.210363103,2.43,1.09,0,0,1.09,5.21,0,0,2.5,69.5,0,22.13,0,0,0,0,0,0,0,2.11,1.39795466,3.24,0,0
13/05/2024 5:30,32.9,0,0.46,1.08,1.197032015,26.78,2.06,0.36,0.1,0.8,1.942683339,12.44,17.67,2.76,0,0,0,0,0,1.153228544,2.43,1.09,0,0,1.09,5.21,0,0,2.5,69.5,0,22.13,0,0,0,0,0,0,0,2.11,1.374424591,3.24,0,0
13/05/2024 6:00,32.9,0,0.46,1.08,1.606511875,26.78,2.2,0.36,0.1,0.8,2.051548129,12.44,1.73,2.76,0,0,0,0,0,1.113176873,2.43,1.09,0,0,7.88,5.21,0,0,2.5,69.5,0,22.13,0,0,0,0,0,0,0,2.11,1.410432497,3.1,0,0
13/05/2024 6:30,32.9,0,0.46,1.08,1.611414261,26.78,2.2,0.36,0.1,0.8,2.187539776,12.44,1.73,2.76,0,0,0,0,0,1.055383951,2.43,1.09,0,0,7.88,5.21,0,0,2.5,69.5,0,22.13,0,0,0,0,0,0,0,2.11,1.435544158,3.1,0,0
13/05/2024 7:00,32.9,0,0.46,1.08,1.601611296,26.78,2.2,0.36,0.1,0.8,2.197504748,12.44,1.73,2.76,0,0,0,0,0,1.059745146,2.43,1.09,0,0,7.88,5.21,0,0,2.5,69.5,0,22.13,0,0,0,0,0,0,0,2.11,1.458204446,3.1,0,0
13/05/2024 7:30,32.9,0,0.46,1.08,1.593794161,26.78,2.2,0.36,0.1,0.8,2.156034219,12.44,1.73,2.76,0,0,0,0,0,1.075851545,2.43,1.09,0,0,7.88,5.21,0,0,2.5,69.5,0,22.13,0,0,0,0,0,0,0,2.11,1.457822445,3.1,0,0
13/05/2024 8:00,32.9,0,0.46,1.08,1.276980061,26.78,2.2,0.36,0.1,0.8,2.084558002,12.44,1.73,2.76,0,0,0,0,0,1.096831807,2.43,1.09,0,0,7.88,5.21,0,0,2.5,69.5,0,22.13,0,0,0,0,0,0,0,2.11,1.446246653,3.1,0,0
13/05/2024 8:30,32.9,0,0.46,1.08,1.272863003,26.78,2.2,0.36,0.1,0.8,2.042306021,12.44,1.73,2.76,0,0,0,0,0,1.133963232,2.43,1.09,0,0,7.88,5.21,0,0,2.5,69.5,0,22.13,0,0,0,0,0,0,0,2.11,1.431955732,3.1,0,0
13/05/2024 9:00,32.9,0,0.46,1.08,1.297916506,26.78,2.2,0.36,0.1,0.8,2.029771151,12.44,1.73,2.76,0,0,0,0,0,1.154221202,2.43,1.09,0,0,7.88,5.21,0,0,2.5,69.5,0,22.13,0,0,0,0,0,0,0,2.11,1.426413354,3.1,0,0
13/05/2024 9:30,32.9,0,0.46,1.08,1.34158983,26.78,2.2,0.36,0.1,0.8,2.13687115,12.44,1.73,2.76,0,0,0,0,0,1.179832661,2.43,1.09,0,0,7.88,5.21,0,0,2.5,69.5,0,22.13,0,0,0,0,0,0,0,2.11,1.475450233,3.1,0,0
13/05/2024 10:00,32.9,0,0.46,1.08,1.393594771,26.78,2.2,0.36,0.1,0.8,2.27694571,12.44,1.73,2.76,0,0,0,0,0,1.209928088,2.43,1.09,0,0,7.88,5.21,0,0,2.5,69.5,0,22.13,0,0,0,0,0,0,0,2.11,1.546862828,3.1,0,0
13/05/2024 10:30,32.9,0,0.46,1.08,1.438837292,26.78,2.2,0.36,0.1,0.8,2.367647458,12.44,1.73,2.76,0,0,0,0,0,1.23970634,2.43,1.09,0,0,7.88,5.21,0,0,2.5,69.5,0,22.13,0,0,0,0,0,0,0,2.11,1.605108389,3.1,0,0
13/05/2024 11:00,32.9,0,0.46,1.08,1.487466856,26.78,2.2,0.36,0.1,0.8,2.436907901,12.44,1.73,2.76,0,0,0,0,0,1.253346924,2.43,1.09,0,0,7.88,5.21,0,0,2.5,69.5,0,22.13,0,0,0,0,0,0,0,2.11,1.655459502,3.1,0,0
13/05/2024 11:30,32.9,0,0.46,1.08,1.52800318,26.78,2.2,0.36,0.1,0.8,2.495417286,12.44,1.73,2.76,0,0,0,0,0,1.276947888,2.43,1.09,0,0,7.88,5.21,0,0,2.5,69.5,0,22.13,0,0,0,0,0,0,0,2.11,1.698803031,3.1,0,0
13/05/2024 12:00,32.9,0,0.46,1.08,1.551208892,26.78,2.2,0.36,0.1,0.8,2.546187126,12.44,1.73,2.76,0,0,0,0,0,1.30280777,2.43,1.09,0,0,7.88,5.21,0,0,2.5,69.5,0,22.13,0,0,0,0,0,0,0,2.11,1.733936593,3.1,0,0
13/05/2024 12:30,32.9,0,0.46,1.08,1.574964486,26.78,2.2,0.36,0.1,0.8,2.601090265,12.44,1.73,2.76,0,0,0,0,0,1.318376987,2.43,1.09,0,0,7.88,5.21,0,0,2.5,69.5,0,22.13,0,0,0,0,0,0,0,2.11,1.764244734,3.1,0,0
13/05/2024 13:00,32.9,0,0.46,1.08,1.631905148,26.78,2.2,0.36,0.1,0.8,2.651362953,12.44,1.73,2.76,0,0,0,0,0,1.309845571,2.43,1.09,0,0,7.88,5.21,0,0,2.5,69.5,0,22.13,0,0,0,0,0,0,0,2.11,1.803945132,3.1,0,0
13/05/2024 13:30,32.9,0,0.46,1.08,1.681420676,26.78,2.2,0.36,0.1,0.8,2.710395053,12.44,1.73,2.76,0,0,0,0,0,1.30950179,2.43,1.09,0,0,7.88,5.21,0,0,2.5,69.5,0,22.13,0,0,0,0,0,0,0,2.11,1.850358044,3.1,0,0
13/05/2024 14:00,32.9,0,0.46,1.08,1.720356785,26.78,2.2,0.36,0.1,0.8,2.814266055,12.44,1.73,2.76,0,0,0,0,0,1.334165716,2.43,1.09,0,0,7.88,5.21,0,0,2.5,69.5,0,22.13,0,0,0,0,0,0,0,2.11,1.914894334,3.1,0,0
13/05/2024 14:30,32.9,0,0.46,1.08,1.73259631,26.78,2.2,0.36,0.1,0.8,2.866688503,12.44,1.73,2.76,0,0,0,0,0,1.345596495,2.43,1.09,0,0,7.88,5.21,0,0,2.5,69.5,0,22.13,0,0,0,0,0,0,0,2.11,1.957670478,3.1,0,0
13/05/2024 15:00,32.9,0,0.46,1.08,1.779160888,26.78,2.2,0.36,0.1,0.8,2.938780416,12.44,1.73,2.76,0,0,0,0,0,1.34947277,2.43,1.09,0,0,7.88,5.21,0,0,2.5,69.5,0,22.13,0,0,0,0,0,0,0,2.11,1.985165294,3.1,0,0
13/05/2024 15:30,32.9,0,0.46,1.08,1.830597813,26.78,2.2,0.36,0.1,0.8,3.036674184,12.44,1.73,2.76,0,0,0,0,0,1.354841335,2.43,1.09,0,0,7.88,5.21,0,0,2.5,69.5,0,22.13,0,0,0,0,0,0,0,2.11,2.033375217,3.1,0,0
13/05/2024 16:00,32.9,0,0.46,1.08,1.823369652,26.78,2.2,0.36,0.1,0.8,3.043793283,12.44,1.73,2.76,0,0,0,0,0,1.365759669,2.43,1.09,0,0,7.88,5.21,0,0,2.5,69.5,0,22.13,0,0,0,0,0,0,0,2.11,2.033724701,3.1,0,0
13/05/2024 16:30,32.9,0,0.46,1.08,1.724311418,26.78,2.2,0.36,0.1,0.8,2.886867545,12.44,1.73,2.76,0,0,0,0,0,1.320014847,2.43,1.09,0,0,7.88,5.21,0,0,2.5,69.5,0,22.13,0,0,0,0,0,0,0,2.11,1.975208996,3.1,0,0
13/05/2024 17:00,32.9,0,0.46,1.08,1.673836469,26.78,2.2,0.36,0.1,0.8,2.761563068,12.44,1.73,2.76,0,0,0,0,0,1.188148852,2.43,1.09,0,0,7.88,5.21,0,0,2.5,69.5,0,22.13,0,0,0,0,0,0,0,2.11,1.931035988,3.1,0,0
13/05/2024 17:30,32.9,0,0.46,1.08,1.730216654,26.78,2.2,0.36,0.1,0.8,2.808164188,12.44,1.73,2.76,0,0,0,0,0,1.130702975,2.43,1.09,0,0,7.88,5.21,0,0,2.5,69.5,0,22.13,0,0,0,0,0,0,0,2.11,1.97322877,3.1,0,0
13/05/2024 18:00,32.9,0,0.46,1.08,1.859465816,26.78,2.2,0.36,0.1,0.8,3.068981313,12.44,1.73,2.76,0,0,0,0,0,1.24065612,2.43,1.09,0,0,7.88,5.21,0,0,2.5,69.5,0,22.13,0,0,0,0,0,0,0,2.11,2.086446604,3.1,0,0
13/05/2024 18:30,32.9,0,0.46,1.08,1.892700576,26.78,2.2,0.36,0.1,0.8,3.271326407,12.44,1.73,2.76,0,0,0,0,0,1.325107783,2.43,1.09,0,0,7.88,5.21,0,0,2.5,69.5,0,22.13,0,0,0,0,0,0,0,2.11,2.164745172,3.1,0,0
13/05/2024 19:00,32.9,0,0.46,1.08,1.857978555,26.78,2.2,0.36,0.1,0.8,3.22925447,12.44,1.73,2.76,0,0,0,0,0,1.368530016,2.43,1.09,0,0,7.88,5.21,0,0,2.5,69.5,0,22.13,0,0,0,0,0,0,0,2.11,2.197166706,3.1,0,0
13/05/2024 19:30,32.9,0,0.46,1.08,1.757060325,26.78,2.2,0.36,0.1,0.8,3.00527003,12.44,1.73,2.76,0,0,0,0,0,1.379719571,2.43,1.09,0,0,7.88,5.21,0,0,2.5,69.5,0,22.13,0,0,0,0,0,0,0,2.11,2.110727082,3.1,0,0
13/05/2024 20:00,32.9,0,0.46,1.08,1.613314486,26.78,2.2,0.36,0.1,0.8,2.697573929,12.44,1.73,2.76,0,0,0,0,0,1.373469412,2.43,1.09,0,0,7.88,5.21,0,0,2.5,69.5,0,22.13,0,0,0,0,0,0,0,2.11,1.935917987,3.1,0,0
13/05/2024 20:30,32.9,0,0.46,1.08,1.461663143,26.78,2.2,0.36,0.1,0.8,2.387703492,12.44,1.73,2.76,0,0,0,0,0,1.354657258,2.43,1.09,0,0,7.88,5.21,0,0,2.5,69.5,0,22.13,0,0,0,0,0,0,0,2.11,1.749616907,3.1,0,0
13/05/2024 21:00,32.9,0,0.46,1.08,1.356860399,26.78,2.2,0.36,0.1,0.8,2.156698437,12.44,1.73,2.76,0,0,0,0,0,1.344936241,2.43,1.09,0,0,7.88,5.21,0,0,2.5,69.5,0,22.13,0,0,0,0,0,0,0,2.11,1.592626795,3.1,0,0
13/05/2024 21:30,32.9,0,0.46,1.08,1.281574406,26.78,2.2,0.36,0.1,0.8,2.031284398,12.44,1.73,2.76,0,0,0,0,0,1.332122973,2.43,1.09,0,0,7.88,5.21,0,0,2.5,69.5,0,22.13,0,0,0,0,0,0,0,2.11,1.502082719,3.1,0,0
13/05/2024 22:00,32.9,0,0.46,1.08,1.25546823,26.78,2.2,0.36,0.1,0.8,1.989561439,12.44,1.73,2.76,0,0,0,0,0,1.335959795,2.43,1.09,0,0,7.88,5.21,0,0,2.5,69.5,0,22.13,0,0,0,0,0,0,0,2.11,1.424263263,3.1,0,0
13/05/2024 22:30,32.9,0,0.46,1.08,1.213022699,26.78,2.2,0.36,0.1,0.8,1.934840235,12.44,1.73,2.76,0,0,0,0,0,1.339338498,2.43,1.09,0,0,7.88,5.21,0,0,2.5,69.5,0,22.13,0,0,0,0,0,0,0,2.11,1.35465824,3.1,0,0
13/05/2024 23:00,32.9,0,0.46,1.08,1.189378299,26.78,2.2,0.36,0.1,0.8,1.88601547,12.44,1.73,2.76,0,0,0,0,0,1.334617241,2.43,1.09,0,0,7.88,5.21,0,0,2.5,69.5,0,22.13,0,0,0,0,0,0,0,2.11,1.299593747,3.1,0,0
13/05/2024 23:30,32.9,0,0.46,1.08,1.168325542,26.78,2.2,0.36,0.1,0.8,1.83709582,12.44,1.73,2.76,0,0,0,0,0,1.326424502,2.43,1.09,0,0,7.88,5.21,0,0,2.5,69.5,0,22.13,0,0,0,0,0,0,0,2.11,1.260435113,3.1,0,0
14/05/2024 0:00,32.9,0,0.46,1.08,1.131709769,26.78,2.2,0.36,0.1,0.8,1.796026871,12.44,1.73,2.76,0,0,0,0,0,1.315825454,2.43,1.09,0,0,7.88,5.21,0,0,2.5,69.5,0,22.13,0,0,0,0,0,0,0,2.11,1.219221879,3.1,0,0
14/05/2024 0:30,32.9,0,0.46,1.08,1.107449655,26.78,2.2,0.36,0.1,0.8,1.760791802,12.44,1.73,2.76,0,0,0,0,0,1.312257427,2.43,1.09,0,0,7.88,5.21,0,0,2.5,69.5,0,22.13,0,0,0,0,0,0,0,2.11,1.192137917,3.1,0,0
14/05/2024 1:00,32.9,0,0.46,1.08,1.111476787,26.78,2.2,0.36,0.1,0.8,1.735128458,12.44,1.73,2.76,0,0,0,0,0,1.305932263,2.43,1.09,0,0,7.88,5.21,0,0,2.5,69.5,0,22.13,0,0,0,0,0,0,0,2.11,1.176578088,3.1,0,0
14/05/2024 1:30,32.9,0,0.46,1.08,1.100406887,26.78,2.2,0.36,0.1,0.8,1.713175719,12.44,1.73,2.76,0,0,0,0,0,1.303622081,2.43,1.09,0,0,7.88,5.21,0,0,2.5,69.5,0,22.13,0,0,0,0,0,0,0,2.11,1.16140284,3.1,0,0
14/05/2024 2:00,32.9,0,0.46,1.08,1.098367809,26.78,2.2,0.36,0.1,0.8,1.737621011,12.44,1.73,2.76,0,0,0,0,0,1.311347401,2.43,1.09,0,0,7.88,5.21,0,0,2.5,69.5,0,22.13,0,0,0,0,0,0,0,2.11,1.154952547,3.1,0,0
14/05/2024 2:30,32.9,0,0.46,1.08,1.089100166,26.78,2.2,0.36,0.1,0.8,1.740961219,12.44,1.73,2.76,0,0,0,0,0,1.317668178,2.43,1.09,0,0,7.88,5.21,0,0,2.5,69.5,0,22.13,0,0,0,0,0,0,0,2.11,1.15685919,3.1,0,0
14/05/2024 3:00,32.9,0,0.46,1.08,1.133983901,26.78,2.2,0.36,0.1,0.8,1.78673864,12.44,1.73,2.76,0,0,0,0,0,1.322980104,2.43,1.09,0,0,7.88,5.21,0,0,2.5,69.5,0,22.13,0,0,0,0,0,0,0,2.11,1.167521599,3.1,0,0
14/05/2024 3:30,32.9,0,0.46,1.08,1.231617083,26.78,2.2,0.36,0.1,0.8,1.956139472,12.44,1.73,2.76,0,0,0,0,0,1.30961933,2.43,1.09,0,0,7.88,5.21,0,0,2.5,69.5,0,22.13,0,0,0,0,0,0,0,2.11,1.243041107,3.1,0,0
14/05/2024 4:00,32.9,0,0.46,1.08,1.404603996,26.78,2.2,0.36,0.1,0.8,2.207047496,12.44,1.73,2.76,0,0,0,0,0,1.297721055,2.43,1.09,0,0,7.88,5.21,0,0,2.5,69.5,0,22.13,0,0,0,0,0,0,0,2.11,1.371002049,3.1,0,0
14/05/2024 4:30,32.9,0,0.46,1.08,1.417949573,26.78,2.2,0.36,0.1,0.8,2.251313236,12.44,1.73,2.76,0,0,0,0,0,1.265725214,2.43,1.09,0,0,7.88,5.21,0,0,2.5,69.5,0,22.13,0,0,0,0,0,0,0,2.11,1.424380092,3.1,0,0
14/05/2024 5:00,32.9,0,0.46,1.08,1.2449616,26.78,2.2,0.36,0.1,0.8,2.06788311,12.44,1.73,2.76,0,0,0,0,0,1.210363103,2.43,1.09,0,0,7.88,5.21,0,0,2.5,69.5,0,22.13,0,0,0,0,0,0,0,2.11,1.389217444,3.1,0,0
14/05/2024 5:30,32.9,0,0.46,1.08,1.197032015,26.78,2.2,0.36,0.1,0.8,1.942683339,12.44,1.73,2.76,0,0,0,0,0,1.153228544,2.43,1.09,0,0,7.88,5.21,0,0,2.5,69.5,0,22.13,0,0,0,0,0,0,0,2.11,1.365834437,3.1,0,0
14/05/2024 6:00,32.9,0,0.46,1.08,1.606511875,26.78,2.48,0.36,0.1,0.8,2.051548129,12.44,1.73,2.53,0,0,0,0,0,1.113176873,2.43,1.09,0,0,8.6,5.21,0,0,2.5,69.5,0,22.13,0,0,0,0,0,0,0,2.11,1.401617293,3.1,0,0
14/05/2024 6:30,32.9,0,0.46,1.08,1.611414261,26.78,2.48,0.36,0.1,0.8,2.187539776,12.44,1.73,2.53,0,0,0,0,0,1.055383951,2.43,1.09,0,0,8.6,5.21,0,0,2.5,69.5,0,22.13,0,0,0,0,0,0,0,2.11,1.426572007,3.1,0,0
14/05/2024 7:00,32.9,0,0.46,1.08,1.601611296,26.78,2.48,0.36,0.1,0.8,2.197504748,12.44,1.73,2.53,0,0,0,0,0,1.059745146,2.43,1.09,0,0,8.6,5.21,0,0,2.5,69.5,0,22.13,0,0,0,0,0,0,0,2.11,1.449090668,3.1,0,0
14/05/2024 7:30,32.9,0,0.46,1.08,1.593794161,26.78,2.48,0.36,0.1,0.8,2.156034219,12.44,1.73,2.53,0,0,0,0,0,1.075851545,2.43,1.09,0,0,8.6,5.21,0,0,2.5,69.5,0,22.13,0,0,0,0,0,0,0,2.11,1.448711055,3.1,0,0
14/05/2024 8:00,32.9,0,0.46,1.08,1.276980061,26.78,2.48,0.36,0.1,0.8,2.084558002,12.44,1.73,2.53,0,0,0,0,0,1.096831807,2.43,1.09,0,0,8.6,5.21,0,0,2.5,69.5,0,22.13,0,0,0,0,0,0,0,2.11,1.437207611,3.1,0,0
14/05/2024 8:30,32.9,0,0.46,1.08,1.272863003,26.78,2.48,0.36,0.1,0.8,2.042306021,12.44,1.73,2.53,0,0,0,0,0,1.133963232,2.43,1.09,0,0,8.6,5.21,0,0,2.5,69.5,0,22.13,0,0,0,0,0,0,0,2.11,1.423006009,3.1,0,0
14/05/2024 9:00,32.9,0,0.46,1.08,1.297916506,26.78,2.48,0.36,0.1,0.8,2.029771151,12.44,1.73,2.53,0,0,0,0,0,1.154221202,2.43,1.09,0,0,8.6,5.21,0,0,2.5,69.5,0,22.13,0,0,0,0,0,0,0,2.11,1.41749827,3.1,0,0
14/05/2024 9:30,32.9,0,0.46,1.08,1.34158983,26.78,2.48,0.36,0.1,0.8,2.13687115,12.44,1.73,2.53,0,0,0,0,0,1.179832661,2.43,1.09,0,0,8.6,5.21,0,0,2.5,69.5,0,22.13,0,0,0,0,0,0,0,2.11,1.466228669,3.1,0,0
14/05/2024 10:00,32.9,0,0.46,1.08,1.393594771,26.78,2.48,0.36,0.1,0.8,2.27694571,12.44,1.73,2.53,0,0,0,0,0,1.209928088,2.43,1.09,0,0,8.6,5.21,0,0,2.5,69.5,0,22.13,0,0,0,0,0,0,0,2.11,1.537194936,3.1,0,0
14/05/2024 10:30,32.9,0,0.46,1.08,1.438837292,26.78,2.48,0.36,0.1,0.8,2.367647458,12.44,1.73,2.53,0,0,0,0,0,1.23970634,2.43,1.09,0,0,8.6,5.21,0,0,2.5,69.5,0,22.13,0,0,0,0,0,0,0,2.11,1.595076462,3.1,0,0
14/05/2024 11:00,32.9,0,0.46,1.08,1.487466856,26.78,2.48,0.36,0.1,0.8,2.436907901,12.44,1.73,2.53,0,0,0,0,0,1.253346924,2.43,1.09,0,0,8.6,5.21,0,0,2.5,69.5,0,22.13,0,0,0,0,0,0,0,2.11,1.64511288,3.1,0,0
14/05/2024 11:30,32.9,0,0.46,1.08,1.52800318,26.78,2.48,0.36,0.1,0.8,2.495417286,12.44,1.73,2.53,0,0,0,0,0,1.276947888,2.43,1.09,0,0,8.6,5.21,0,0,2.5,69.5,0,22.13,0,0,0,0,0,0,0,2.11,1.688185512,3.1,0,0
14/05/2024 12:00,32.9,0,0.46,1.08,1.551208892,26.78,2.48,0.36,0.1,0.8,2.546187126,12.44,1.73,2.53,0,0,0,0,0,1.30280777,2.43,1.09,0,0,8.6,5.21,0,0,2.5,69.5,0,22.13,0,0,0,0,0,0,0,2.11,1.723099489,3.1,0,0
14/05/2024 12:30,32.9,0,0.46,1.08,1.574964486,26.78,2.48,0.36,0.1,0.8,2.601090265,12.44,1.73,2.53,0,0,0,0,0,1.318376987,2.43,1.09,0,0,8.6,5.21,0,0,2.5,69.5,0,22.13,0,0,0,0,0,0,0,2.11,1.753218205,3.1,0,0
14/05/2024 13:00,32.9,0,0.46,1.08,1.631905148,26.78,2.48,0.36,0.1,0.8,2.651362953,12.44,1.73,2.53,0,0,0,0,0,1.309845571,2.43,1.09,0,0,8.6,5.21,0,0,2.5,69.5,0,22.13,0,0,0,0,0,0,0,2.11,1.792670475,3.1,0,0
14/05/2024 13:30,32.9,0,0.46,1.08,1.681420676,26.78,2.48,0.36,0.1,0.8,2.710395053,12.44,1.73,2.53,0,0,0,0,0,1.30950179,2.43,1.09,0,0,8.6,5.21,0,0,2.5,69.5,0,22.13,0,0,0,0,0,0,0,2.11,1.838793306,3.1,0,0
14/05/2024 14:00,32.9,0,0.46,1.08,1.720356785,26.78,2.48,0.36,0.1,0.8,2.814266055,12.44,1.73,2.53,0,0,0,0,0,1.334165716,2.43,1.09,0,0,8.6,5.21,0,0,2.5,69.5,0,22.13,0,0,0,0,0,0,0,2.11,1.902926245,3.1,0,0
14/05/2024 14:30,32.9,0,0.46,1.08,1.73259631,26.78,2.48,0.36,0.1,0.8,2.866688503,12.44,1.73,2.53,0,0,0,0,0,1.345596495,2.43,1.09,0,0,8.6,5.21,0,0,2.5,69.5,0,22.13,0,0,0,0,0,0,0,2.11,1.945435037,3.1,0,0
14/05/2024 15:00,32.9,0,0.46,1.08,1.779160888,26.78,2.48,0.36,0.1,0.8,2.938780416,12.44,1.73,2.53,0,0,0,0,0,1.34947277,2.43,1.09,0,0,8.6,5.21,0,0,2.5,69.5,0,22.13,0,0,0,0,0,0,0,2.11,1.972758011,3.1,0,0
14/05/2024 15:30,32.9,0,0.46,1.08,1.830597813,26.78,2.48,0.36,0.1,0.8,3.036674184,12.44,1.73,2.53,0,0,0,0,0,1.354841335,2.43,1.09,0,0,8.6,5.21,0,0,2.5,69.5,0,22.13,0,0,0,0,0,0,0,2.11,2.020666622,3.1,0,0
14/05/2024 16:00,32.9,0,0.46,1.08,1.823369652,26.78,2.48,0.36,0.1,0.8,3.043793283,12.44,1.73,2.53,0,0,0,0,0,1.365759669,2.43,1.09,0,0,8.6,5.21,0,0,2.5,69.5,0,22.13,0,0,0,0,0,0,0,2.11,2.021013921,3.1,0,0
14/05/2024 16:30,32.9,0,0.46,1.08,1.724311418,26.78,2.48,0.36,0.1,0.8,2.886867545,12.44,1.73,2.53,0,0,0,0,0,1.320014847,2.43,1.09,0,0,8.6,5.21,0,0,2.5,69.5,0,22.13,0,0,0,0,0,0,0,2.11,1.96286394,3.1,0,0
14/05/2024 17:00,32.9,0,0.46,1.08,1.673836469,26.78,2.48,0.36,0.1,0.8,2.761563068,12.44,1.73,2.53,0,0,0,0,0,1.188148852,2.43,1.09,0,0,8.6,5.21,0,0,2.5,69.5,0,22.13,0,0,0,0,0,0,0,2.11,1.918967013,3.1,0,0
14/05/2024 17:30,32.9,0,0.46,1.08,1.730216654,26.78,2.48,0.36,0.1,0.8,2.808164188,12.44,1.73,2.53,0,0,0,0,0,1.130702975,2.43,1.09,0,0,8.6,5.21,0,0,2.5,69.5,0,22.13,0,0,0,0,0,0,0,2.11,1.960896091,3.1,0,0
14/05/2024 18:00,32.9,0,0.46,1.08,1.859465816,26.78,2.48,0.36,0.1,0.8,3.068981313,12.44,1.73,2.53,0,0,0,0,0,1.24065612,2.43,1.09,0,0,8.6,5.21,0,0,2.5,69.5,0,22.13,0,0,0,0,0,0,0,2.11,2.073406313,3.1,0,0
14/05/2024 18:30,32.9,0,0.46,1.08,1.892700576,26.78,2.48,0.36,0.1,0.8,3.271326407,12.44,1.73,2.53,0,0,0,0,0,1.325107783,2.43,1.09,0,0,8.6,5.21,0,0,2.5,69.5,0,22.13,0,0,0,0,0,0,0,2.11,2.151215515,3.1,0,0
14/05/2024 19:00,32.9,0,0.46,1.08,1.857978555,26.78,2.48,0.36,0.1,0.8,3.22925447,12.44,1.73,2.53,0,0,0,0,0,1.368530016,2.43,1.09,0,0,8.6,5.21,0,0,2.5,69.5,0,22.13,0,0,0,0,0,0,0,2.11,2.183434414,3.1,0,0
14/05/2024 19:30,32.9,0,0.46,1.08,1.757060325,26.78,2.48,0.36,0.1,0.8,3.00527003,12.44,1.73,2.53,0,0,0,0,0,1.379719571,2.43,1.09,0,0,8.6,5.21,0,0,2.5,69.5,0,22.13,0,0,0,0,0,0,0,2.11,2.097535038,3.1,0,0
14/05/2024 20:00,32.9,0,0.46,1.08,1.613314486,26.78,2.48,0.36,0.1,0.8,2.697573929,12.44,1.73,2.53,0,0,0,0,0,1.373469412,2.43,1.09,0,0,8.6,5.21,0,0,2.5,69.5,0,22.13,0,0,0,0,0,0,0,2.11,1.923818499,3.1,0,0
14/05/2024 20:30,32.9,0,0.46,1.08,1.461663143,26.78,2.48,0.36,0.1,0.8,2.387703492,12.44,1.73,2.53,0,0,0,0,0,1.354657258,2.43,1.09,0,0,8.6,5.21,0,0,2.5,69.5,0,22.13,0,0,0,0,0,0,0,2.11,1.738681801,3.1,0,0
14/05/2024 21:00,32.9,0,0.46,1.08,1.356860399,26.78,2.48,0.36,0.1,0.8,2.156698437,12.44,1.73,2.53,0,0,0,0,0,1.344936241,2.43,1.09,0,0,8.6,5.21,0,0,2.5,69.5,0,22.13,0,0,0,0,0,0,0,2.11,1.582672878,3.1,0,0
14/05/2024 21:30,32.9,0,0.46,1.08,1.281574406,26.78,2.48,0.36,0.1,0.8,2.031284398,12.44,1.73,2.53,0,0,0,0,0,1.332122973,2.43,1.09,0,0,8.6,5.21,0,0,2.5,69.5,0,22.13,0,0,0,0,0,0,0,2.11,1.492694702,3.1,0,0
14/05/2024 22:00,32.9,0,0.46,1.08,1.25546823,26.78,2.48,0.36,0.1,0.8,1.989561439,12.44,1.73,2.53,0,0,0,0,0,1.335959795,2.43,1.09,0,0,8.6,5.21,0,0,2.5,69.5,0,22.13,0,0,0,0,0,0,0,2.11,1.415361618,3.1,0,0
14/05/2024 22:30,32.9,0,0.46,1.08,1.213022699,26.78,2.48,0.36,0.1,0.8,1.934840235,12.44,1.73,2.53,0,0,0,0,0,1.339338498,2.43,1.09,0,0,8.6,5.21,0,0,2.5,69.5,0,22.13,0,0,0,0,0,0,0,2.11,1.346191626,3.1,0,0
14/05/2024 23:00,32.9,0,0.46,1.08,1.189378299,26.78,2.48,0.36,0.1,0.8,1.88601547,12.44,1.73,2.53,0,0,0,0,0,1.334617241,2.43,1.09,0,0,8.6,5.21,0,0,2.5,69.5,0,22.13,0,0,0,0,0,0,0,2.11,1.291471286,3.1,0,0
14/05/2024 23:30,32.9,0,0.46,1.08,1.168325542,26.78,2.48,0.36,0.1,0.8,1.83709582,12.44,1.73,2.53,0,0,0,0,0,1.326424502,2.43,1.09,0,0,8.6,5.21,0,0,2.5,69.5,0,22.13,0,0,0,0,0,0,0,2.11,1.252557394,3.1,0,0
15/05/2024 0:00,32.9,0,0.46,1.08,1.123958332,26.78,2.48,0.36,0.1,0.8,1.788351543,12.44,1.73,2.53,0,0,0,0,0,1.315825454,2.43,1.09,0,0,8.6,5.21,0,0,2.5,69.5,0,22.13,0,0,0,0,0,0,0,2.11,1.219221879,3.1,0,0
15/05/2024 0:30,32.9,0,0.46,1.08,1.099864383,26.78,2.48,0.36,0.1,0.8,1.75326705,12.44,1.73,2.53,0,0,0,0,0,1.312257427,2.43,1.09,0,0,8.6,5.21,0,0,2.5,69.5,0,22.13,0,0,0,0,0,0,0,2.11,1.192137917,3.1,0,0
15/05/2024 1:00,32.9,0,0.46,1.08,1.103863932,26.78,2.48,0.36,0.1,0.8,1.727713379,12.44,1.73,2.53,0,0,0,0,0,1.305932263,2.43,1.09,0,0,8.6,5.21,0,0,2.5,69.5,0,22.13,0,0,0,0,0,0,0,2.11,1.176578088,3.1,0,0
15/05/2024 1:30,32.9,0,0.46,1.08,1.092869853,26.78,2.48,0.36,0.1,0.8,1.705854456,12.44,1.73,2.53,0,0,0,0,0,1.303622081,2.43,1.09,0,0,8.6,5.21,0,0,2.5,69.5,0,22.13,0,0,0,0,0,0,0,2.11,1.16140284,3.1,0,0
15/05/2024 2:00,32.9,0,0.46,1.08,1.090844742,26.78,2.48,0.36,0.1,0.8,1.730195281,12.44,1.73,2.53,0,0,0,0,0,1.311347401,2.43,1.09,0,0,8.6,5.21,0,0,2.5,69.5,0,22.13,0,0,0,0,0,0,0,2.11,1.154952547,3.1,0,0
15/05/2024 2:30,32.9,0,0.46,1.08,1.081640576,26.78,2.48,0.36,0.1,0.8,1.733521214,12.44,1.73,2.53,0,0,0,0,0,1.317668178,2.43,1.09,0,0,8.6,5.21,0,0,2.5,69.5,0,22.13,0,0,0,0,0,0,0,2.11,1.15685919,3.1,0,0
15/05/2024 3:00,32.9,0,0.46,1.08,1.126216888,26.78,2.48,0.36,0.1,0.8,1.779103005,12.44,1.73,2.53,0,0,0,0,0,1.322980104,2.43,1.09,0,0,8.6,5.21,0,0,2.5,69.5,0,22.13,0,0,0,0,0,0,0,2.11,1.167521599,3.1,0,0
15/05/2024 3:30,32.9,0,0.46,1.08,1.22318135,26.78,2.48,0.36,0.1,0.8,1.947779901,12.44,1.73,2.53,0,0,0,0,0,1.30961933,2.43,1.09,0,0,8.6,5.21,0,0,2.5,69.5,0,22.13,0,0,0,0,0,0,0,2.11,1.243041107,3.1,0,0
15/05/2024 4:00,32.9,0,0.46,1.08,1.394983421,26.78,2.48,0.36,0.1,0.8,2.197615669,12.44,1.73,2.53,0,0,0,0,0,1.297721055,2.43,1.09,0,0,8.6,5.21,0,0,2.5,69.5,0,22.13,0,0,0,0,0,0,0,2.11,1.371002049,3.1,0,0
15/05/2024 4:30,32.9,0,0.46,1.08,1.40823759,26.78,2.48,0.36,0.1,0.8,2.241692239,12.44,1.73,2.53,0,0,0,0,0,1.265725214,2.43,1.09,0,0,8.6,5.21,0,0,2.5,69.5,0,22.13,0,0,0,0,0,0,0,2.11,1.424380092,3.1,0,0
15/05/2024 5:00,32.9,0,0.46,1.08,1.236434466,26.78,2.48,0.36,0.1,0.8,2.059046003,12.44,1.73,2.53,0,0,0,0,0,1.210363103,2.43,1.09,0,0,8.6,5.21,0,0,2.5,69.5,0,22.13,0,0,0,0,0,0,0,2.11,1.389217444,3.1,0,0
15/05/2024 5:30,32.9,0,0.46,1.08,1.188833166,26.78,2.48,0.36,0.1,0.8,1.934381273,12.44,1.73,2.53,0,0,0,0,0,1.153228544,2.43,1.09,0,0,8.6,5.21,0,0,2.5,69.5,0,22.13,0,0,0,0,0,0,0,2.11,1.365834437,3.1,0,0
15/05/2024 6:00,32.82,0,0.46,1.08,1.595508369,26.78,1.92,0.36,0.1,0.8,2.04278083,12.44,1.73,2.53,0,0,0,0,0,1.113176873,2.43,1.09,0,0,8.6,5.21,0,0,2.5,69.5,0,22.13,0,0,0,0,0,0,0,2.11,1.401617293,3.67,0,0
15/05/2024 6:30,32.82,0,0.46,1.08,1.600377177,26.78,1.92,0.36,0.1,0.8,2.178191316,12.44,1.73,2.53,0,0,0,0,0,1.055383951,2.43,1.09,0,0,8.6,5.21,0,0,2.5,69.5,0,22.13,0,0,0,0,0,0,0,2.11,1.426572007,3.67,0,0
15/05/2024 7:00,32.82,0,0.46,1.08,1.590641355,26.78,1.92,0.36,0.1,0.8,2.188113702,12.44,1.73,2.53,0,0,0,0,0,1.059745146,2.43,1.09,0,0,8.6,5.21,0,0,2.5,69.5,0,22.13,0,0,0,0,0,0,0,2.11,1.449090668,3.67,0,0
15/05/2024 7:30,32.82,0,0.46,1.08,1.582877762,26.78,1.92,0.36,0.1,0.8,2.146820397,12.44,1.73,2.53,0,0,0,0,0,1.075851545,2.43,1.09,0,0,8.6,5.21,0,0,2.5,69.5,0,22.13,0,0,0,0,0,0,0,2.11,1.448711055,3.67,0,0
15/05/2024 8:00,32.82,0,0.46,1.08,1.268233622,26.78,1.92,0.36,0.1,0.8,2.075649634,12.44,1.73,2.53,0,0,0,0,0,1.096831807,2.43,1.09,0,0,8.6,5.21,0,0,2.5,69.5,0,22.13,0,0,0,0,0,0,0,2.11,1.437207611,3.67,0,0
15/05/2024 8:30,32.82,0,0.46,1.08,1.264144763,26.78,1.92,0.36,0.1,0.8,2.033578218,12.44,1.73,2.53,0,0,0,0,0,1.133963232,2.43,1.09,0,0,8.6,5.21,0,0,2.5,69.5,0,22.13,0,0,0,0,0,0,0,2.11,1.423006009,3.67,0,0
15/05/2024 9:00,32.82,0,0.46,1.08,1.289026667,26.78,1.92,0.36,0.1,0.8,2.021096915,12.44,1.73,2.53,0,0,0,0,0,1.154221202,2.43,1.09,0,0,8.6,5.21,0,0,2.5,69.5,0,22.13,0,0,0,0,0,0,0,2.11,1.41749827,3.67,0,0
15/05/2024 9:30,32.82,0,0.46,1.08,1.332400859,26.78,1.92,0.36,0.1,0.8,2.127739222,12.44,1.73,2.53,0,0,0,0,0,1.179832661,2.43,1.09,0,0,8.6,5.21,0,0,2.5,69.5,0,22.13,0,0,0,0,0,0,0,2.11,1.466228669,3.67,0,0
15/05/2024 10:00,32.82,0,0.46,1.08,1.384049601,26.78,1.92,0.36,0.1,0.8,2.267215172,12.44,1.73,2.53,0,0,0,0,0,1.209928088,2.43,1.09,0,0,8.6,5.21,0,0,2.5,69.5,0,22.13,0,0,0,0,0,0,0,2.11,1.537194936,3.67,0,0
15/05/2024 10:30,32.82,0,0.46,1.08,1.428982242,26.78,1.92,0.36,0.1,0.8,2.357529307,12.44,1.73,2.53,0,0,0,0,0,1.23970634,2.43,1.09,0,0,8.6,5.21,0,0,2.5,69.5,0,22.13,0,0,0,0,0,0,0,2.11,1.595076462,3.67,0,0
15/05/2024 11:00,32.82,0,0.46,1.08,1.477278727,26.78,1.92,0.36,0.1,0.8,2.426493765,12.44,1.73,2.53,0,0,0,0,0,1.253346924,2.43,1.09,0,0,8.6,5.21,0,0,2.5,69.5,0,22.13,0,0,0,0,0,0,0,2.11,1.64511288,3.67,0,0
15/05/2024 11:30,32.82,0,0.46,1.08,1.517537405,26.78,1.92,0.36,0.1,0.8,2.48475311,12.44,1.73,2.53,0,0,0,0,0,1.276947888,2.43,1.09,0,0,8.6,5.21,0,0,2.5,69.5,0,22.13,0,0,0,0,0,0,0,2.11,1.688185512,3.67,0,0
15/05/2024 12:00,32.82,0,0.46,1.08,1.540584173,26.78,1.92,0.36,0.1,0.8,2.535305984,12.44,1.73,2.53,0,0,0,0,0,1.30280777,2.43,1.09,0,0,8.6,5.21,0,0,2.5,69.5,0,22.13,0,0,0,0,0,0,0,2.11,1.723099489,3.67,0,0
15/05/2024 12:30,32.82,0,0.46,1.08,1.564177058,26.78,1.92,0.36,0.1,0.8,2.589974495,12.44,1.73,2.53,0,0,0,0,0,1.318376987,2.43,1.09,0,0,8.6,5.21,0,0,2.5,69.5,0,22.13,0,0,0,0,0,0,0,2.11,1.753218205,3.67,0,0
15/05/2024 13:00,32.82,0,0.46,1.08,1.620727715,26.78,1.92,0.36,0.1,0.8,2.640032342,12.44,1.73,2.53,0,0,0,0,0,1.309845571,2.43,1.09,0,0,8.6,5.21,0,0,2.5,69.5,0,22.13,0,0,0,0,0,0,0,2.11,1.792670475,3.67,0,0
15/05/2024 13:30,32.82,0,0.46,1.08,1.669904096,26.78,1.92,0.36,0.1,0.8,2.698812168,12.44,1.73,2.53,0,0,0,0,0,1.30950179,2.43,1.09,0,0,8.6,5.21,0,0,2.5,69.5,0,22.13,0,0,0,0,0,0,0,2.11,1.838793306,3.67,0,0
15/05/2024 14:00,32.82,0,0.46,1.08,1.70857352,26.78,1.92,0.36,0.1,0.8,2.802239277,12.44,1.73,2.53,0,0,0,0,0,1.334165716,2.43,1.09,0,0,8.6,5.21,0,0,2.5,69.5,0,22.13,0,0,0,0,0,0,0,2.11,1.902926245,3.67,0,0
15/05/2024 14:30,32.82,0,0.46,1.08,1.720729212,26.78,1.92,0.36,0.1,0.8,2.854437698,12.44,1.73,2.53,0,0,0,0,0,1.345596495,2.43,1.09,0,0,8.6,5.21,0,0,2.5,69.5,0,22.13,0,0,0,0,0,0,0,2.11,1.945435037,3.67,0,0
15/05/2024 15:00,32.82,0,0.46,1.08,1.766974854,26.78,1.92,0.36,0.1,0.8,2.926221525,12.44,1.73,2.53,0,0,0,0,0,1.34947277,2.43,1.09,0,0,8.6,5.21,0,0,2.5,69.5,0,22.13,0,0,0,0,0,0,0,2.11,1.972758011,3.67,0,0
15/05/2024 15:30,32.82,0,0.46,1.08,1.818059472,26.78,1.92,0.36,0.1,0.8,3.023696943,12.44,1.73,2.53,0,0,0,0,0,1.354841335,2.43,1.09,0,0,8.6,5.21,0,0,2.5,69.5,0,22.13,0,0,0,0,0,0,0,2.11,2.020666622,3.67,0,0
15/05/2024 16:00,32.82,0,0.46,1.08,1.810880819,26.78,1.92,0.36,0.1,0.8,3.03078562,12.44,1.73,2.53,0,0,0,0,0,1.365759669,2.43,1.09,0,0,8.6,5.21,0,0,2.5,69.5,0,22.13,0,0,0,0,0,0,0,2.11,2.021013921,3.67,0,0
15/05/2024 16:30,32.82,0,0.46,1.08,1.712501065,26.78,1.92,0.36,0.1,0.8,2.874530504,12.44,1.73,2.53,0,0,0,0,0,1.320014847,2.43,1.09,0,0,8.6,5.21,0,0,2.5,69.5,0,22.13,0,0,0,0,0,0,0,2.11,1.96286394,3.67,0,0
15/05/2024 17:00,32.82,0,0.46,1.08,1.662371836,26.78,1.92,0.36,0.1,0.8,2.749761517,12.44,1.73,2.53,0,0,0,0,0,1.188148852,2.43,1.09,0,0,8.6,5.21,0,0,2.5,69.5,0,22.13,0,0,0,0,0,0,0,2.11,1.918967013,3.67,0,0
15/05/2024 17:30,32.82,0,0.46,1.08,1.718365855,26.78,1.92,0.36,0.1,0.8,2.796163486,12.44,1.73,2.53,0,0,0,0,0,1.130702975,2.43,1.09,0,0,8.6,5.21,0,0,2.5,69.5,0,22.13,0,0,0,0,0,0,0,2.11,1.960896091,3.67,0,0
15/05/2024 18:00,32.82,0,0.46,1.08,1.846729749,26.78,1.92,0.36,0.1,0.8,3.055866008,12.44,1.73,2.53,0,0,0,0,0,1.24065612,2.43,1.09,0,0,8.6,5.21,0,0,2.5,69.5,0,22.13,0,0,0,0,0,0,0,2.11,2.073406313,3.67,0,0
15/05/2024 18:30,32.82,0,0.46,1.08,1.879736873,26.78,1.92,0.36,0.1,0.8,3.257346379,12.44,1.73,2.53,0,0,0,0,0,1.325107783,2.43,1.09,0,0,8.6,5.21,0,0,2.5,69.5,0,22.13,0,0,0,0,0,0,0,2.11,2.151215515,3.67,0,0
15/05/2024 19:00,32.82,0,0.46,1.08,1.845252674,26.78,1.92,0.36,0.1,0.8,3.215454237,12.44,1.73,2.53,0,0,0,0,0,1.368530016,2.43,1.09,0,0,8.6,5.21,0,0,2.5,69.5,0,22.13,0,0,0,0,0,0,0,2.11,2.183434414,3.67,0,0
15/05/2024 19:30,32.82,0,0.46,1.08,1.745025666,26.78,1.92,0.36,0.1,0.8,2.992426995,12.44,1.73,2.53,0,0,0,0,0,1.379719571,2.43,1.09,0,0,8.6,5.21,0,0,2.5,69.5,0,22.13,0,0,0,0,0,0,0,2.11,2.097535038,3.67,0,0
15/05/2024 20:00,32.82,0,0.46,1.08,1.602264387,26.78,1.92,0.36,0.1,0.8,2.686045835,12.44,1.73,2.53,0,0,0,0,0,1.373469412,2.43,1.09,0,0,8.6,5.21,0,0,2.5,69.5,0,22.13,0,0,0,0,0,0,0,2.11,1.923818499,3.67,0,0
15/05/2024 20:30,32.82,0,0.46,1.08,1.451651752,26.78,1.92,0.36,0.1,0.8,2.377499631,12.44,1.73,2.53,0,0,0,0,0,1.354657258,2.43,1.09,0,0,8.6,5.21,0,0,2.5,69.5,0,22.13,0,0,0,0,0,0,0,2.11,1.738681801,3.67,0,0
15/05/2024 21:00,32.82,0,0.46,1.08,1.347566835,26.78,1.92,0.36,0.1,0.8,2.147481777,12.44,1.73,2.53,0,0,0,0,0,1.344936241,2.43,1.09,0,0,8.6,5.21,0,0,2.5,69.5,0,22.13,0,0,0,0,0,0,0,2.11,1.582672878,3.67,0,0
15/05/2024 21:30,32.82,0,0.46,1.08,1.272796499,26.78,1.92,0.36,0.1,0.8,2.022603695,12.44,1.73,2.53,0,0,0,0,0,1.332122973,2.43,1.09,0,0,8.6,5.21,0,0,2.5,69.5,0,22.13,0,0,0,0,0,0,0,2.11,1.492694702,3.67,0,0
15/05/2024 22:00,32.82,0,0.46,1.08,1.246869132,26.78,1.92,0.36,0.1,0.8,1.98105904,12.44,1.73,2.53,0,0,0,0,0,1.335959795,2.43,1.09,0,0,8.6,5.21,0,0,2.5,69.5,0,22.13,0,0,0,0,0,0,0,2.11,1.415361618,3.67,0,0
15/05/2024 22:30,32.82,0,0.46,1.08,1.204714324,26.78,1.92,0.36,0.1,0.8,1.926571687,12.44,1.73,2.53,0,0,0,0,0,1.339338498,2.43,1.09,0,0,8.6,5.21,0,0,2.5,69.5,0,22.13,0,0,0,0,0,0,0,2.11,1.346191626,3.67,0,0
15/05/2024 23:00,32.82,0,0.46,1.08,1.181231872,26.78,1.92,0.36,0.1,0.8,1.877955574,12.44,1.73,2.53,0,0,0,0,0,1.334617241,2.43,1.09,0,0,8.6,5.21,0,0,2.5,69.5,0,22.13,0,0,0,0,0,0,0,2.11,1.291471286,3.67,0,0
15/05/2024 23:30,32.82,0,0.46,1.08,1.160323313,26.78,1.92,0.36,0.1,0.8,1.829244983,12.44,1.73,2.53,0,0,0,0,0,1.326424502,2.43,1.09,0,0,8.6,5.21,0,0,2.5,69.5,0,22.13,0,0,0,0,0,0,0,2.11,1.252557394,3.67,0,0
16/05/2024 0:00,32.82,0,0.46,1.08,1.116206895,26.78,1.92,0.36,0.1,0.8,1.788351543,12.44,1.73,2.53,0,0,0,0,0,1.315825454,2.43,1.09,0,0,8.6,5.21,0,0,2.5,69.5,0,22.13,0,0,0,0,0,0,0,2.11,1.211553817,3.67,0,0
16/05/2024 0:30,32.82,0,0.46,1.08,1.092279112,26.78,1.92,0.36,0.1,0.8,1.75326705,12.44,1.73,2.53,0,0,0,0,0,1.312257427,2.43,1.09,0,0,8.6,5.21,0,0,2.5,69.5,0,22.13,0,0,0,0,0,0,0,2.11,1.184640194,3.67,0,0
16/05/2024 1:00,32.82,0,0.46,1.08,1.096251077,26.78,1.92,0.36,0.1,0.8,1.727713379,12.44,1.73,2.53,0,0,0,0,0,1.305932263,2.43,1.09,0,0,8.6,5.21,0,0,2.5,69.5,0,22.13,0,0,0,0,0,0,0,2.11,1.169178226,3.67,0,0
16/05/2024 1:30,32.82,0,0.46,1.08,1.08533282,26.78,1.92,0.36,0.1,0.8,1.705854456,12.44,1.73,2.53,0,0,0,0,0,1.303622081,2.43,1.09,0,0,8.6,5.21,0,0,2.5,69.5,0,22.13,0,0,0,0,0,0,0,2.11,1.154098419,3.67,0,0
16/05/2024 2:00,32.82,0,0.46,1.08,1.083321675,26.78,1.92,0.36,0.1,0.8,1.730195281,12.44,1.73,2.53,0,0,0,0,0,1.311347401,2.43,1.09,0,0,8.6,5.21,0,0,2.5,69.5,0,22.13,0,0,0,0,0,0,0,2.11,1.147688694,3.67,0,0
16/05/2024 2:30,32.82,0,0.46,1.08,1.074180986,26.78,1.92,0.36,0.1,0.8,1.733521214,12.44,1.73,2.53,0,0,0,0,0,1.317668178,2.43,1.09,0,0,8.6,5.21,0,0,2.5,69.5,0,22.13,0,0,0,0,0,0,0,2.11,1.149583346,3.67,0,0
16/05/2024 3:00,32.82,0,0.46,1.08,1.118449875,26.78,1.92,0.36,0.1,0.8,1.779103005,12.44,1.73,2.53,0,0,0,0,0,1.322980104,2.43,1.09,0,0,8.6,5.21,0,0,2.5,69.5,0,22.13,0,0,0,0,0,0,0,2.11,1.160178695,3.67,0,0
16/05/2024 3:30,32.82,0,0.46,1.08,1.214745616,26.78,1.92,0.36,0.1,0.8,1.947779901,12.44,1.73,2.53,0,0,0,0,0,1.30961933,2.43,1.09,0,0,8.6,5.21,0,0,2.5,69.5,0,22.13,0,0,0,0,0,0,0,2.11,1.235223239,3.67,0,0
16/05/2024 4:00,32.82,0,0.46,1.08,1.385362845,26.78,1.92,0.36,0.1,0.8,2.197615669,12.44,1.73,2.53,0,0,0,0,0,1.297721055,2.43,1.09,0,0,8.6,5.21,0,0,2.5,69.5,0,22.13,0,0,0,0,0,0,0,2.11,1.362379394,3.67,0,0
16/05/2024 4:30,32.82,0,0.46,1.08,1.398525607,26.78,1.92,0.36,0.1,0.8,2.241692239,12.44,1.73,2.53,0,0,0,0,0,1.265725214,2.43,1.09,0,0,8.6,5.21,0,0,2.5,69.5,0,22.13,0,0,0,0,0,0,0,2.11,1.415421727,3.67,0,0
16/05/2024 5:00,32.82,0,0.46,1.08,1.227907332,26.78,1.92,0.36,0.1,0.8,2.059046003,12.44,1.73,2.53,0,0,0,0,0,1.210363103,2.43,1.09,0,0,8.6,5.21,0,0,2.5,69.5,0,22.13,0,0,0,0,0,0,0,2.11,1.380480227,3.67,0,0
16/05/2024 5:30,32.82,0,0.46,1.08,1.180634316,26.78,1.92,0.36,0.1,0.8,1.934381273,12.44,1.73,2.53,0,0,0,0,0,1.153228544,2.43,1.09,0,0,8.6,5.21,0,0,2.5,69.5,0,22.13,0,0,0,0,0,0,0,2.11,1.357244283,3.67,0,0
16/05/2024 6:00,32.9,0,0.46,1.08,1.584504863,26.78,2.06,0.36,0.1,0.8,2.04278083,12.44,1.73,2.42,0,0,0,0,0,1.113176873,2.42,1.09,0,0,8.6,5.21,0,0,2.5,69.5,0,22.13,0,0,0,0,0,0,0,2.11,1.39280209,3.67,0,0
16/05/2024 6:30,32.9,0,0.46,1.08,1.589340093,26.78,2.06,0.36,0.1,0.8,2.178191316,12.44,1.73,2.42,0,0,0,0,0,1.055383951,2.42,1.09,0,0,8.6,5.21,0,0,2.5,69.5,0,22.13,0,0,0,0,0,0,0,2.11,1.417599856,3.67,0,0
16/05/2024 7:00,32.9,0,0.46,1.08,1.579671415,26.78,2.06,0.36,0.1,0.8,2.188113702,12.44,1.73,2.42,0,0,0,0,0,1.059745146,2.42,1.09,0,0,8.6,5.21,0,0,2.5,69.5,0,22.13,0,0,0,0,0,0,0,2.11,1.43997689,3.67,0,0
16/05/2024 7:30,32.9,0,0.46,1.08,1.571961364,26.78,2.06,0.36,0.1,0.8,2.146820397,12.44,1.73,2.42,0,0,0,0,0,1.075851545,2.42,1.09,0,0,8.6,5.21,0,0,2.5,69.5,0,22.13,0,0,0,0,0,0,0,2.11,1.439599665,3.67,0,0
16/05/2024 8:00,32.9,0,0.46,1.08,1.259487183,26.78,2.06,0.36,0.1,0.8,2.075649634,12.44,1.73,2.42,0,0,0,0,0,1.096831807,2.42,1.09,0,0,8.6,5.21,0,0,2.5,69.5,0,22.13,0,0,0,0,0,0,0,2.11,1.42816857,3.67,0,0
16/05/2024 8:30,32.9,0,0.46,1.08,1.255426524,26.78,2.06,0.36,0.1,0.8,2.033578218,12.44,1.73,2.42,0,0,0,0,0,1.133963232,2.42,1.09,0,0,8.6,5.21,0,0,2.5,69.5,0,22.13,0,0,0,0,0,0,0,2.11,1.414056286,3.67,0,0
16/05/2024 9:00,32.9,0,0.46,1.08,1.280136828,26.78,2.06,0.36,0.1,0.8,2.021096915,12.44,1.73,2.42,0,0,0,0,0,1.154221202,2.42,1.09,0,0,8.6,5.21,0,0,2.5,69.5,0,22.13,0,0,0,0,0,0,0,2.11,1.408583187,3.67,0,0
16/05/2024 9:30,32.9,0,0.46,1.08,1.323211887,26.78,2.06,0.36,0.1,0.8,2.127739222,12.44,1.73,2.42,0,0,0,0,0,1.179832661,2.42,1.09,0,0,8.6,5.21,0,0,2.5,69.5,0,22.13,0,0,0,0,0,0,0,2.11,1.457007105,3.67,0,0
16/05/2024 10:00,32.9,0,0.46,1.08,1.374504432,26.78,2.06,0.36,0.1,0.8,2.267215172,12.44,1.73,2.42,0,0,0,0,0,1.209928088,2.42,1.09,0,0,8.6,5.21,0,0,2.5,69.5,0,22.13,0,0,0,0,0,0,0,2.11,1.527527043,3.67,0,0
16/05/2024 10:30,32.9,0,0.46,1.08,1.419127192,26.78,2.06,0.36,0.1,0.8,2.357529307,12.44,1.73,2.42,0,0,0,0,0,1.23970634,2.42,1.09,0,0,8.6,5.21,0,0,2.5,69.5,0,22.13,0,0,0,0,0,0,0,2.11,1.585044534,3.67,0,0
16/05/2024 11:00,32.9,0,0.46,1.08,1.467090598,26.78,2.06,0.36,0.1,0.8,2.426493765,12.44,1.73,2.42,0,0,0,0,0,1.253346924,2.42,1.09,0,0,8.6,5.21,0,0,2.5,69.5,0,22.13,0,0,0,0,0,0,0,2.11,1.634766258,3.67,0,0
16/05/2024 11:30,32.9,0,0.46,1.08,1.507071629,26.78,2.06,0.36,0.1,0.8,2.48475311,12.44,1.73,2.42,0,0,0,0,0,1.276947888,2.42,1.09,0,0,8.6,5.21,0,0,2.5,69.5,0,22.13,0,0,0,0,0,0,0,2.11,1.677567993,3.67,0,0
16/05/2024 12:00,32.9,0,0.46,1.08,1.529959455,26.78,2.06,0.36,0.1,0.8,2.535305984,12.44,1.73,2.42,0,0,0,0,0,1.30280777,2.42,1.09,0,0,8.6,5.21,0,0,2.5,69.5,0,22.13,0,0,0,0,0,0,0,2.11,1.712262386,3.67,0,0
16/05/2024 12:30,32.9,0,0.46,1.08,1.55338963,26.78,2.06,0.36,0.1,0.8,2.589974495,12.44,1.73,2.42,0,0,0,0,0,1.318376987,2.42,1.09,0,0,8.6,5.21,0,0,2.5,69.5,0,22.13,0,0,0,0,0,0,0,2.11,1.742191675,3.67,0,0
16/05/2024 13:00,32.9,0,0.46,1.08,1.609550283,26.78,2.06,0.36,0.1,0.8,2.640032342,12.44,1.73,2.42,0,0,0,0,0,1.309845571,2.42,1.09,0,0,8.6,5.21,0,0,2.5,69.5,0,22.13,0,0,0,0,0,0,0,2.11,1.781395817,3.67,0,0
16/05/2024 13:30,32.9,0,0.46,1.08,1.658387516,26.78,2.06,0.36,0.1,0.8,2.698812168,12.44,1.73,2.42,0,0,0,0,0,1.30950179,2.42,1.09,0,0,8.6,5.21,0,0,2.5,69.5,0,22.13,0,0,0,0,0,0,0,2.11,1.827228569,3.67,0,0
16/05/2024 14:00,32.9,0,0.46,1.08,1.696790254,26.78,2.06,0.36,0.1,0.8,2.802239277,12.44,1.73,2.42,0,0,0,0,0,1.334165716,2.42,1.09,0,0,8.6,5.21,0,0,2.5,69.5,0,22.13,0,0,0,0,0,0,0,2.11,1.890958155,3.67,0,0
16/05/2024 14:30,32.9,0,0.46,1.08,1.708862114,26.78,2.06,0.36,0.1,0.8,2.854437698,12.44,1.73,2.42,0,0,0,0,0,1.345596495,2.42,1.09,0,0,8.6,5.21,0,0,2.5,69.5,0,22.13,0,0,0,0,0,0,0,2.11,1.933199597,3.67,0,0
16/05/2024 15:00,32.9,0,0.46,1.08,1.754788821,26.78,2.06,0.36,0.1,0.8,2.926221525,12.44,1.73,2.42,0,0,0,0,0,1.34947277,2.42,1.09,0,0,8.6,5.21,0,0,2.5,69.5,0,22.13,0,0,0,0,0,0,0,2.11,1.960350728,3.67,0,0
16/05/2024 15:30,32.9,0,0.46,1.08,1.805521131,26.78,2.06,0.36,0.1,0.8,3.023696943,12.44,1.73,2.42,0,0,0,0,0,1.354841335,2.42,1.09,0,0,8.6,5.21,0,0,2.5,69.5,0,22.13,0,0,0,0,0,0,0,2.11,2.007958027,3.67,0,0
16/05/2024 16:00,32.9,0,0.46,1.08,1.798391986,26.78,2.06,0.36,0.1,0.8,3.03078562,12.44,1.73,2.42,0,0,0,0,0,1.365759669,2.42,1.09,0,0,8.6,5.21,0,0,2.5,69.5,0,22.13,0,0,0,0,0,0,0,2.11,2.008303142,3.67,0,0
16/05/2024 16:30,32.9,0,0.46,1.08,1.700690713,26.78,2.06,0.36,0.1,0.8,2.874530504,12.44,1.73,2.42,0,0,0,0,0,1.320014847,2.42,1.09,0,0,8.6,5.21,0,0,2.5,69.5,0,22.13,0,0,0,0,0,0,0,2.11,1.950518884,3.67,0,0
16/05/2024 17:00,32.9,0,0.46,1.08,1.650907202,26.78,2.06,0.36,0.1,0.8,2.749761517,12.44,1.73,2.42,0,0,0,0,0,1.188148852,2.42,1.09,0,0,8.6,5.21,0,0,2.5,69.5,0,22.13,0,0,0,0,0,0,0,2.11,1.906898038,3.67,0,0
16/05/2024 17:30,32.9,0,0.46,1.08,1.706515056,26.78,2.06,0.36,0.1,0.8,2.796163486,12.44,1.73,2.42,0,0,0,0,0,1.130702975,2.42,1.09,0,0,8.6,5.21,0,0,2.5,69.5,0,22.13,0,0,0,0,0,0,0,2.11,1.948563411,3.67,0,0
16/05/2024 18:00,32.9,0,0.46,1.08,1.833993681,26.78,2.06,0.36,0.1,0.8,3.055866008,12.44,1.73,2.42,0,0,0,0,0,1.24065612,2.42,1.09,0,0,8.6,5.21,0,0,2.5,69.5,0,22.13,0,0,0,0,0,0,0,2.11,2.060366022,3.67,0,0
16/05/2024 18:30,32.9,0,0.46,1.08,1.866773171,26.78,2.06,0.36,0.1,0.8,3.257346379,12.44,1.73,2.42,0,0,0,0,0,1.325107783,2.42,1.09,0,0,8.6,5.21,0,0,2.5,69.5,0,22.13,0,0,0,0,0,0,0,2.11,2.137685857,3.67,0,0
16/05/2024 19:00,32.9,0,0.46,1.08,1.832526794,26.78,2.06,0.36,0.1,0.8,3.215454237,12.44,1.73,2.42,0,0,0,0,0,1.368530016,2.42,1.09,0,0,8.6,5.21,0,0,2.5,69.5,0,22.13,0,0,0,0,0,0,0,2.11,2.169702122,3.67,0,0
16/05/2024 19:30,32.9,0,0.46,1.08,1.732991006,26.78,2.06,0.36,0.1,0.8,2.992426995,12.44,1.73,2.42,0,0,0,0,0,1.379719571,2.42,1.09,0,0,8.6,5.21,0,0,2.5,69.5,0,22.13,0,0,0,0,0,0,0,2.11,2.084342994,3.67,0,0
16/05/2024 20:00,32.9,0,0.46,1.08,1.591214288,26.78,2.06,0.36,0.1,0.8,2.686045835,12.44,1.73,2.42,0,0,0,0,0,1.373469412,2.42,1.09,0,0,8.6,5.21,0,0,2.5,69.5,0,22.13,0,0,0,0,0,0,0,2.11,1.911719012,3.67,0,0
16/05/2024 20:30,32.9,0,0.46,1.08,1.441640361,26.78,2.06,0.36,0.1,0.8,2.377499631,12.44,1.73,2.42,0,0,0,0,0,1.354657258,2.42,1.09,0,0,8.6,5.21,0,0,2.5,69.5,0,22.13,0,0,0,0,0,0,0,2.11,1.727746695,3.67,0,0
16/05/2024 21:00,32.9,0,0.46,1.08,1.338273271,26.78,2.06,0.36,0.1,0.8,2.147481777,12.44,1.73,2.42,0,0,0,0,0,1.344936241,2.42,1.09,0,0,8.6,5.21,0,0,2.5,69.5,0,22.13,0,0,0,0,0,0,0,2.11,1.57271896,3.67,0,0
16/05/2024 21:30,32.9,0,0.46,1.08,1.264018592,26.78,2.06,0.36,0.1,0.8,2.022603695,12.44,1.73,2.42,0,0,0,0,0,1.332122973,2.42,1.09,0,0,8.6,5.21,0,0,2.5,69.5,0,22.13,0,0,0,0,0,0,0,2.11,1.483306685,3.67,0,0
16/05/2024 22:00,32.9,0,0.46,1.08,1.238270035,26.78,2.06,0.36,0.1,0.8,1.98105904,12.44,1.73,2.42,0,0,0,0,0,1.335959795,2.42,1.09,0,0,8.6,5.21,0,0,2.5,69.5,0,22.13,0,0,0,0,0,0,0,2.11,1.406459972,3.67,0,0
16/05/2024 22:30,32.9,0,0.46,1.08,1.196405949,26.78,2.06,0.36,0.1,0.8,1.926571687,12.44,1.73,2.42,0,0,0,0,0,1.339338498,2.42,1.09,0,0,8.6,5.21,0,0,2.5,69.5,0,22.13,0,0,0,0,0,0,0,2.11,1.337725012,3.67,0,0
16/05/2024 23:00,32.9,0,0.46,1.08,1.173085445,26.78,2.06,0.36,0.1,0.8,1.877955574,12.44,1.73,2.42,0,0,0,0,0,1.334617241,2.42,1.09,0,0,8.6,5.21,0,0,2.5,69.5,0,22.13,0,0,0,0,0,0,0,2.11,1.283348825,3.67,0,0
16/05/2024 23:30,32.9,0,0.46,1.08,1.152321083,26.78,2.06,0.36,0.1,0.8,1.829244983,12.44,1.73,2.42,0,0,0,0,0,1.326424502,2.42,1.09,0,0,8.6,5.21,0,0,2.5,69.5,0,22.13,0,0,0,0,0,0,0,2.11,1.244679675,3.67,0,0
17/05/2024 0:00,32.9,0,0.46,1.08,1.116206895,26.78,2.06,0.36,0.1,0.8,1.780676214,12.44,1.73,2.42,0,0,0,0,0,1.315825454,2.42,1.09,0,0,8.6,5.21,0,0,2.5,69.5,0,22.13,0,0,0,0,0,0,0,2.11,1.203885755,3.67,0,0
17/05/2024 0:30,32.9,0,0.46,1.08,1.092279112,26.78,2.06,0.36,0.1,0.8,1.745742299,12.44,1.73,2.42,0,0,0,0,0,1.312257427,2.42,1.09,0,0,8.6,5.21,0,0,2.5,69.5,0,22.13,0,0,0,0,0,0,0,2.11,1.177142472,3.67,0,0
17/05/2024 1:00,32.9,0,0.46,1.08,1.096251077,26.78,2.06,0.36,0.1,0.8,1.720298301,12.44,1.73,2.42,0,0,0,0,0,1.305932263,2.42,1.09,0,0,8.6,5.21,0,0,2.5,69.5,0,22.13,0,0,0,0,0,0,0,2.11,1.161778364,3.67,0,0
17/05/2024 1:30,32.9,0,0.46,1.08,1.08533282,26.78,2.06,0.36,0.1,0.8,1.698533192,12.44,1.73,2.42,0,0,0,0,0,1.303622081,2.42,1.09,0,0,8.6,5.21,0,0,2.5,69.5,0,22.13,0,0,0,0,0,0,0,2.11,1.146793999,3.67,0,0
17/05/2024 2:00,32.9,0,0.46,1.08,1.083321675,26.78,2.06,0.36,0.1,0.8,1.72276955,12.44,1.73,2.42,0,0,0,0,0,1.311347401,2.42,1.09,0,0,8.6,5.21,0,0,2.5,69.5,0,22.13,0,0,0,0,0,0,0,2.11,1.140424842,3.67,0,0
17/05/2024 2:30,32.9,0,0.46,1.08,1.074180986,26.78,2.06,0.36,0.1,0.8,1.726081208,12.44,1.73,2.42,0,0,0,0,0,1.317668178,2.42,1.09,0,0,8.6,5.21,0,0,2.5,69.5,0,22.13,0,0,0,0,0,0,0,2.11,1.142307502,3.67,0,0
17/05/2024 3:00,32.9,0,0.46,1.08,1.118449875,26.78,2.06,0.36,0.1,0.8,1.771467369,12.44,1.73,2.42,0,0,0,0,0,1.322980104,2.42,1.09,0,0,8.6,5.21,0,0,2.5,69.5,0,22.13,0,0,0,0,0,0,0,2.11,1.152835792,3.67,0,0
17/05/2024 3:30,32.9,0,0.46,1.08,1.214745616,26.78,2.06,0.36,0.1,0.8,1.939420331,12.44,1.73,2.42,0,0,0,0,0,1.30961933,2.42,1.09,0,0,8.6,5.21,0,0,2.5,69.5,0,22.13,0,0,0,0,0,0,0,2.11,1.22740537,3.67,0,0
17/05/2024 4:00,32.9,0,0.46,1.08,1.385362845,26.78,2.06,0.36,0.1,0.8,2.188183842,12.44,1.73,2.42,0,0,0,0,0,1.297721055,2.42,1.09,0,0,8.6,5.21,0,0,2.5,69.5,0,22.13,0,0,0,0,0,0,0,2.11,1.35375674,3.67,0,0
17/05/2024 4:30,32.9,0,0.46,1.08,1.398525607,26.78,2.06,0.36,0.1,0.8,2.232071242,12.44,1.73,2.42,0,0,0,0,0,1.265725214,2.42,1.09,0,0,8.6,5.21,0,0,2.5,69.5,0,22.13,0,0,0,0,0,0,0,2.11,1.406463361,3.67,0,0
17/05/2024 5:00,32.9,0,0.46,1.08,1.227907332,26.78,2.06,0.36,0.1,0.8,2.050208896,12.44,1.73,2.42,0,0,0,0,0,1.210363103,2.42,1.09,0,0,8.6,5.21,0,0,2.5,69.5,0,22.13,0,0,0,0,0,0,0,2.11,1.37174301,3.67,0,0
17/05/2024 5:30,32.9,0,0.46,1.08,1.180634316,26.78,2.06,0.36,0.1,0.8,1.926079208,12.44,1.73,2.42,0,0,0,0,0,1.153228544,2.42,1.09,0,0,8.6,5.21,0,0,2.5,69.5,0,22.13,0,0,0,0,0,0,0,2.11,1.34865413,3.67,0,0
17/05/2024 6:00,32.9,0,0.46,1.08,1.584504863,26.78,2.2,0.36,0.1,0.8,2.03401353,12.44,1.73,2.08,0,0,0,0,0,1.113176873,3.81,1.29,0,0,8.6,5.21,0,0,2.5,69.5,0,22.13,0,0,0,0,0,0,0,2.11,1.383986887,3.67,0,0
17/05/2024 6:30,32.9,0,0.46,1.08,1.589340093,26.78,2.2,0.36,0.1,0.8,2.168842855,12.44,1.73,2.08,0,0,0,0,0,1.055383951,3.81,1.29,0,0,8.6,5.21,0,0,2.5,69.5,0,22.13,0,0,0,0,0,0,0,2.11,1.408627705,3.67,0,0
17/05/2024 7:00,32.9,0,0.46,1.08,1.579671415,26.78,2.2,0.36,0.1,0.8,2.178722656,12.44,1.73,2.08,0,0,0,0,0,1.059745146,3.81,1.29,0,0,8.6,5.21,0,0,2.5,69.5,0,22.13,0,0,0,0,0,0,0,2.11,1.430863113,3.67,0,0
17/05/2024 7:30,32.9,0,0.46,1.08,1.571961364,26.78,2.2,0.36,0.1,0.8,2.137606576,12.44,1.73,2.08,0,0,0,0,0,1.075851545,3.81,1.29,0,0,8.6,5.21,0,0,2.5,69.5,0,22.13,0,0,0,0,0,0,0,2.11,1.430488275,3.67,0,0
17/05/2024 8:00,32.9,0,0.46,1.08,1.259487183,26.78,2.2,0.36,0.1,0.8,2.066741267,12.44,1.73,2.08,0,0,0,0,0,1.096831807,3.81,1.29,0,0,8.6,5.21,0,0,2.5,69.5,0,22.13,0,0,0,0,0,0,0,2.11,1.419129528,3.67,0,0
17/05/2024 8:30,32.9,0,0.46,1.08,1.255426524,26.78,2.2,0.36,0.1,0.8,2.024850414,12.44,1.73,2.08,0,0,0,0,0,1.133963232,3.81,1.29,0,0,8.6,5.21,0,0,2.5,69.5,0,22.13,0,0,0,0,0,0,0,2.11,1.405106562,3.67,0,0
17/05/2024 9:00,32.9,0,0.46,1.08,1.280136828,26.78,2.2,0.36,0.1,0.8,2.012422679,12.44,1.73,2.08,0,0,0,0,0,1.154221202,3.81,1.29,0,0,8.6,5.21,0,0,2.5,69.5,0,22.13,0,0,0,0,0,0,0,2.11,1.399668103,3.67,0,0
17/05/2024 9:30,32.9,0,0.46,1.08,1.323211887,26.78,2.2,0.36,0.1,0.8,2.118607294,12.44,1.73,2.08,0,0,0,0,0,1.179832661,3.81,1.29,0,0,8.6,5.21,0,0,2.5,69.5,0,22.13,0,0,0,0,0,0,0,2.11,1.447785541,3.67,0,0
17/05/2024 10:00,32.9,0,0.46,1.08,1.374504432,26.78,2.2,0.36,0.1,0.8,2.257484635,12.44,1.73,2.08,0,0,0,0,0,1.209928088,3.81,1.29,0,0,8.6,5.21,0,0,2.5,69.5,0,22.13,0,0,0,0,0,0,0,2.11,1.51785915,3.67,0,0
17/05/2024 10:30,32.9,0,0.46,1.08,1.419127192,26.78,2.2,0.36,0.1,0.8,2.347411155,12.44,1.73,2.08,0,0,0,0,0,1.23970634,3.81,1.29,0,0,8.6,5.21,0,0,2.5,69.5,0,22.13,0,0,0,0,0,0,0,2.11,1.575012607,3.67,0,0
17/05/2024 11:00,32.9,0,0.46,1.08,1.467090598,26.78,2.2,0.36,0.1,0.8,2.416079628,12.44,1.73,2.08,0,0,0,0,0,1.253346924,3.81,1.29,0,0,8.6,5.21,0,0,2.5,69.5,0,22.13,0,0,0,0,0,0,0,2.11,1.624419637,3.67,0,0
17/05/2024 11:30,32.9,0,0.46,1.08,1.507071629,26.78,2.2,0.36,0.1,0.8,2.474088933,12.44,1.73,2.08,0,0,0,0,0,1.276947888,3.81,1.29,0,0,8.6,5.21,0,0,2.5,69.5,0,22.13,0,0,0,0,0,0,0,2.11,1.666950474,3.67,0,0
17/05/2024 12:00,32.9,0,0.46,1.08,1.529959455,26.78,2.2,0.36,0.1,0.8,2.524424843,12.44,1.73,2.08,0,0,0,0,0,1.30280777,3.81,1.29,0,0,8.6,5.21,0,0,2.5,69.5,0,22.13,0,0,0,0,0,0,0,2.11,1.701425282,3.67,0,0
17/05/2024 12:30,32.9,0,0.46,1.08,1.55338963,26.78,2.2,0.36,0.1,0.8,2.578858725,12.44,1.73,2.08,0,0,0,0,0,1.318376987,3.81,1.29,0,0,8.6,5.21,0,0,2.5,69.5,0,22.13,0,0,0,0,0,0,0,2.11,1.731165146,3.67,0,0
17/05/2024 13:00,32.9,0,0.46,1.08,1.609550283,26.78,2.2,0.36,0.1,0.8,2.628701731,12.44,1.73,2.08,0,0,0,0,0,1.309845571,3.81,1.29,0,0,8.6,5.21,0,0,2.5,69.5,0,22.13,0,0,0,0,0,0,0,2.11,1.77012116,3.67,0,0
17/05/2024 13:30,32.9,0,0.46,1.08,1.658387516,26.78,2.2,0.36,0.1,0.8,2.687229284,12.44,1.73,2.08,0,0,0,0,0,1.30950179,3.81,1.29,0,0,8.6,5.21,0,0,2.5,69.5,0,22.13,0,0,0,0,0,0,0,2.11,1.815663831,3.67,0,0
17/05/2024 14:00,32.9,0,0.46,1.08,1.696790254,26.78,2.2,0.36,0.1,0.8,2.790212499,12.44,1.73,2.08,0,0,0,0,0,1.334165716,3.81,1.29,0,0,8.6,5.21,0,0,2.5,69.5,0,22.13,0,0,0,0,0,0,0,2.11,1.878990066,3.67,0,0
17/05/2024 14:30,32.9,0,0.46,1.08,1.708862114,26.78,2.2,0.36,0.1,0.8,2.842186892,12.44,1.73,2.08,0,0,0,0,0,1.345596495,3.81,1.29,0,0,8.6,5.21,0,0,2.5,69.5,0,22.13,0,0,0,0,0,0,0,2.11,1.920964156,3.67,0,0
17/05/2024 15:00,32.9,0,0.46,1.08,1.754788821,26.78,2.2,0.36,0.1,0.8,2.913662634,12.44,1.73,2.08,0,0,0,0,0,1.34947277,3.81,1.29,0,0,8.6,5.21,0,0,2.5,69.5,0,22.13,0,0,0,0,0,0,0,2.11,1.947943445,3.67,0,0
17/05/2024 15:30,32.9,0,0.46,1.08,1.805521131,26.78,2.2,0.36,0.1,0.8,3.010719703,12.44,1.73,2.08,0,0,0,0,0,1.354841335,3.81,1.29,0,0,8.6,5.21,0,0,2.5,69.5,0,22.13,0,0,0,0,0,0,0,2.11,1.995249432,3.67,0,0
17/05/2024 16:00,32.9,0,0.46,1.08,1.798391986,26.78,2.2,0.36,0.1,0.8,3.017777956,12.44,1.73,2.08,0,0,0,0,0,1.365759669,3.81,1.29,0,0,8.6,5.21,0,0,2.5,69.5,0,22.13,0,0,0,0,0,0,0,2.11,1.995592362,3.67,0,0
17/05/2024 16:30,32.9,0,0.46,1.08,1.700690713,26.78,2.2,0.36,0.1,0.8,2.862193463,12.44,1.73,2.08,0,0,0,0,0,1.320014847,3.81,1.29,0,0,8.6,5.21,0,0,2.5,69.5,0,22.13,0,0,0,0,0,0,0,2.11,1.938173828,3.67,0,0
17/05/2024 17:00,32.9,0,0.46,1.08,1.650907202,26.78,2.2,0.36,0.1,0.8,2.737959965,12.44,1.73,2.08,0,0,0,0,0,1.188148852,3.81,1.29,0,0,8.6,5.21,0,0,2.5,69.5,0,22.13,0,0,0,0,0,0,0,2.11,1.894829063,3.67,0,0
17/05/2024 17:30,32.9,0,0.46,1.08,1.706515056,26.78,2.2,0.36,0.1,0.8,2.784162784,12.44,1.73,2.08,0,0,0,0,0,1.130702975,3.81,1.29,0,0,8.6,5.21,0,0,2.5,69.5,0,22.13,0,0,0,0,0,0,0,2.11,1.936230731,3.67,0,0
17/05/2024 18:00,32.9,0,0.46,1.08,1.833993681,26.78,2.2,0.36,0.1,0.8,3.042750703,12.44,1.73,2.08,0,0,0,0,0,1.24065612,3.81,1.29,0,0,8.6,5.21,0,0,2.5,69.5,0,22.13,0,0,0,0,0,0,0,2.11,2.04732573,3.67,0,0
17/05/2024 18:30,32.9,0,0.46,1.08,1.866773171,26.78,2.2,0.36,0.1,0.8,3.243366352,12.44,1.73,2.08,0,0,0,0,0,1.325107783,3.81,1.29,0,0,8.6,5.21,0,0,2.5,69.5,0,22.13,0,0,0,0,0,0,0,2.11,2.1241562,3.67,0,0
17/05/2024 19:00,32.9,0,0.46,1.08,1.832526794,26.78,2.2,0.36,0.1,0.8,3.201654004,12.44,1.73,2.08,0,0,0,0,0,1.368530016,3.81,1.29,0,0,8.6,5.21,0,0,2.5,69.5,0,22.13,0,0,0,0,0,0,0,2.11,2.15596983,3.67,0,0
17/05/2024 19:30,32.9,0,0.46,1.08,1.732991006,26.78,2.2,0.36,0.1,0.8,2.979583961,12.44,1.73,2.08,0,0,0,0,0,1.379719571,3.81,1.29,0,0,8.6,5.21,0,0,2.5,69.5,0,22.13,0,0,0,0,0,0,0,2.11,2.07115095,3.67,0,0
17/05/2024 20:00,32.9,0,0.46,1.08,1.591214288,26.78,2.2,0.36,0.1,0.8,2.674517742,12.44,1.73,2.08,0,0,0,0,0,1.373469412,3.81,1.29,0,0,8.6,5.21,0,0,2.5,69.5,0,22.13,0,0,0,0,0,0,0,2.11,1.899619524,3.67,0,0
17/05/2024 20:30,32.9,0,0.46,1.08,1.441640361,26.78,2.2,0.36,0.1,0.8,2.36729577,12.44,1.73,2.08,0,0,0,0,0,1.354657258,3.81,1.29,0,0,8.6,5.21,0,0,2.5,69.5,0,22.13,0,0,0,0,0,0,0,2.11,1.71681159,3.67,0,0
17/05/2024 21:00,32.9,0,0.46,1.08,1.338273271,26.78,2.2,0.36,0.1,0.8,2.138265117,12.44,1.73,2.08,0,0,0,0,0,1.344936241,3.81,1.29,0,0,8.6,5.21,0,0,2.5,69.5,0,22.13,0,0,0,0,0,0,0,2.11,1.562765043,3.67,0,0
17/05/2024 21:30,32.9,0,0.46,1.08,1.264018592,26.78,2.2,0.36,0.1,0.8,2.013922993,12.44,1.73,2.08,0,0,0,0,0,1.332122973,3.81,1.29,0,0,8.6,5.21,0,0,2.5,69.5,0,22.13,0,0,0,0,0,0,0,2.11,1.473918668,3.67,0,0
17/05/2024 22:00,32.9,0,0.46,1.08,1.238270035,26.78,2.2,0.36,0.1,0.8,1.972556641,12.44,1.73,2.08,0,0,0,0,0,1.335959795,3.81,1.29,0,0,8.6,5.21,0,0,2.5,69.5,0,22.13,0,0,0,0,0,0,0,2.11,1.397558327,3.67,0,0
17/05/2024 22:30,32.9,0,0.46,1.08,1.196405949,26.78,2.2,0.36,0.1,0.8,1.918303139,12.44,1.73,2.08,0,0,0,0,0,1.339338498,3.81,1.29,0,0,8.6,5.21,0,0,2.5,69.5,0,22.13,0,0,0,0,0,0,0,2.11,1.329258398,3.67,0,0
17/05/2024 23:00,32.9,0,0.46,1.08,1.173085445,26.78,2.2,0.36,0.1,0.8,1.869895679,12.44,1.73,2.08,0,0,0,0,0,1.334617241,3.81,1.29,0,0,8.6,5.21,0,0,2.5,69.5,0,22.13,0,0,0,0,0,0,0,2.11,1.275226364,3.67,0,0
17/05/2024 23:30,32.9,0,0.46,1.08,1.152321083,26.78,2.2,0.36,0.1,0.8,1.821394146,12.44,1.73,2.08,0,0,0,0,0,1.326424502,3.81,1.29,0,0,8.6,5.21,0,0,2.5,69.5,0,22.13,0,0,0,0,0,0,0,2.11,1.236801955,3.67,0,0
18/05/2024 0:00,32.9,0,0.46,1.08,1.108455458,26.78,2.2,0.36,0.1,0.8,1.780676214,12.44,1.73,2.08,0,0,0,0,0,1.315825454,3.81,1.29,0,0,8.6,5.21,0,0,2.5,69.5,0,22.13,0,0,0,0,0,0,0,2.11,1.203885755,3.67,0,0
18/05/2024 0:30,32.9,0,0.46,1.08,1.08469384,26.78,2.2,0.36,0.1,0.8,1.745742299,12.44,1.73,2.08,0,0,0,0,0,1.312257427,3.81,1.29,0,0,8.6,5.21,0,0,2.5,69.5,0,22.13,0,0,0,0,0,0,0,2.11,1.177142472,3.67,0,0
18/05/2024 1:00,32.9,0,0.46,1.08,1.088638222,26.78,2.2,0.36,0.1,0.8,1.720298301,12.44,1.73,2.08,0,0,0,0,0,1.305932263,3.81,1.29,0,0,8.6,5.21,0,0,2.5,69.5,0,22.13,0,0,0,0,0,0,0,2.11,1.161778364,3.67,0,0
18/05/2024 1:30,32.9,0,0.46,1.08,1.077795786,26.78,2.2,0.36,0.1,0.8,1.698533192,12.44,1.73,2.08,0,0,0,0,0,1.303622081,3.81,1.29,0,0,8.6,5.21,0,0,2.5,69.5,0,22.13,0,0,0,0,0,0,0,2.11,1.146793999,3.67,0,0
18/05/2024 2:00,32.9,0,0.46,1.08,1.075798608,26.78,2.2,0.36,0.1,0.8,1.72276955,12.44,1.73,2.08,0,0,0,0,0,1.311347401,3.81,1.29,0,0,8.6,5.21,0,0,2.5,69.5,0,22.13,0,0,0,0,0,0,0,2.11,1.140424842,3.67,0,0
18/05/2024 2:30,32.9,0,0.46,1.08,1.066721396,26.78,2.2,0.36,0.1,0.8,1.726081208,12.44,1.73,2.08,0,0,0,0,0,1.317668178,3.81,1.29,0,0,8.6,5.21,0,0,2.5,69.5,0,22.13,0,0,0,0,0,0,0,2.11,1.142307502,3.67,0,0
18/05/2024 3:00,32.9,0,0.46,1.08,1.110682862,26.78,2.2,0.36,0.1,0.8,1.771467369,12.44,1.73,2.08,0,0,0,0,0,1.322980104,3.81,1.29,0,0,8.6,5.21,0,0,2.5,69.5,0,22.13,0,0,0,0,0,0,0,2.11,1.152835792,3.67,0,0
18/05/2024 3:30,32.9,0,0.46,1.08,1.206309883,26.78,2.2,0.36,0.1,0.8,1.939420331,12.44,1.73,2.08,0,0,0,0,0,1.30961933,3.81,1.29,0,0,8.6,5.21,0,0,2.5,69.5,0,22.13,0,0,0,0,0,0,0,2.11,1.22740537,3.67,0,0
18/05/2024 4:00,32.9,0,0.46,1.08,1.37574227,26.78,2.2,0.36,0.1,0.8,2.188183842,12.44,1.73,2.08,0,0,0,0,0,1.297721055,3.81,1.29,0,0,8.6,5.21,0,0,2.5,69.5,0,22.13,0,0,0,0,0,0,0,2.11,1.35375674,3.67,0,0
18/05/2024 4:30,32.9,0,0.46,1.08,1.388813623,26.78,2.2,0.36,0.1,0.8,2.232071242,12.44,1.73,2.08,0,0,0,0,0,1.265725214,3.81,1.29,0,0,8.6,5.21,0,0,2.5,69.5,0,22.13,0,0,0,0,0,0,0,2.11,1.406463361,3.67,0,0
18/05/2024 5:00,32.9,0,0.46,1.08,1.219380198,26.78,2.2,0.36,0.1,0.8,2.050208896,12.44,1.73,2.08,0,0,0,0,0,1.210363103,3.81,1.29,0,0,8.6,5.21,0,0,2.5,69.5,0,22.13,0,0,0,0,0,0,0,2.11,1.37174301,3.67,0,0
18/05/2024 5:30,32.9,0,0.46,1.08,1.172435467,26.78,2.2,0.36,0.1,0.8,1.926079208,12.44,1.73,2.08,0,0,0,0,0,1.153228544,3.81,1.29,0,0,8.6,5.21,0,0,2.5,69.5,0,22.13,0,0,0,0,0,0,0,2.11,1.34865413,3.67,0,0
18/05/2024 6:00,32.9,0,0.46,1.08,1.573501357,26.78,1.92,0.36,0.1,0.8,2.03401353,12.44,1.73,2.53,0,0,0,0,0,1.113176873,2.42,1.09,0,0,8.6,5.21,0,0,2.5,69.5,0,22.13,0,0,0,0,0,0,0,2.11,1.383986887,3.67,0,0
18/05/2024 6:30,32.9,0,0.46,1.08,1.578303009,26.78,1.92,0.36,0.1,0.8,2.168842855,12.44,1.73,2.53,0,0,0,0,0,1.055383951,2.42,1.09,0,0,8.6,5.21,0,0,2.5,69.5,0,22.13,0,0,0,0,0,0,0,2.11,1.408627705,3.67,0,0
18/05/2024 7:00,32.9,0,0.46,1.08,1.568701475,26.78,1.92,0.36,0.1,0.8,2.178722656,12.44,1.73,2.53,0,0,0,0,0,1.059745146,2.42,1.09,0,0,8.6,5.21,0,0,2.5,69.5,0,22.13,0,0,0,0,0,0,0,2.11,1.430863113,3.67,0,0
18/05/2024 7:30,32.9,0,0.46,1.08,1.561044965,26.78,1.92,0.36,0.1,0.8,2.137606576,12.44,1.73,2.53,0,0,0,0,0,1.075851545,2.42,1.09,0,0,8.6,5.21,0,0,2.5,69.5,0,22.13,0,0,0,0,0,0,0,2.11,1.430488275,3.67,0,0
18/05/2024 8:00,32.9,0,0.46,1.08,1.250740744,26.78,1.92,0.36,0.1,0.8,2.066741267,12.44,1.73,2.53,0,0,0,0,0,1.096831807,2.42,1.09,0,0,8.6,5.21,0,0,2.5,69.5,0,22.13,0,0,0,0,0,0,0,2.11,1.419129528,3.67,0,0
18/05/2024 8:30,32.9,0,0.46,1.08,1.246708284,26.78,1.92,0.36,0.1,0.8,2.024850414,12.44,1.73,2.53,0,0,0,0,0,1.133963232,2.42,1.09,0,0,8.6,5.21,0,0,2.5,69.5,0,22.13,0,0,0,0,0,0,0,2.11,1.405106562,3.67,0,0
18/05/2024 9:00,32.9,0,0.46,1.08,1.271246989,26.78,1.92,0.36,0.1,0.8,2.012422679,12.44,1.73,2.53,0,0,0,0,0,1.154221202,2.42,1.09,0,0,8.6,5.21,0,0,2.5,69.5,0,22.13,0,0,0,0,0,0,0,2.11,1.399668103,3.67,0,0
18/05/2024 9:30,32.9,0,0.46,1.08,1.314022916,26.78,1.92,0.36,0.1,0.8,2.118607294,12.44,1.73,2.53,0,0,0,0,0,1.179832661,2.42,1.09,0,0,8.6,5.21,0,0,2.5,69.5,0,22.13,0,0,0,0,0,0,0,2.11,1.447785541,3.67,0,0
18/05/2024 10:00,32.9,0,0.46,1.08,1.364959262,26.78,1.92,0.36,0.1,0.8,2.257484635,12.44,1.73,2.53,0,0,0,0,0,1.209928088,2.42,1.09,0,0,8.6,5.21,0,0,2.5,69.5,0,22.13,0,0,0,0,0,0,0,2.11,1.51785915,3.67,0,0
18/05/2024 10:30,32.9,0,0.46,1.08,1.409272142,26.78,1.92,0.36,0.1,0.8,2.347411155,12.44,1.73,2.53,0,0,0,0,0,1.23970634,2.42,1.09,0,0,8.6,5.21,0,0,2.5,69.5,0,22.13,0,0,0,0,0,0,0,2.11,1.575012607,3.67,0,0
18/05/2024 11:00,32.9,0,0.46,1.08,1.456902468,26.78,1.92,0.36,0.1,0.8,2.416079628,12.44,1.73,2.53,0,0,0,0,0,1.253346924,2.42,1.09,0,0,8.6,5.21,0,0,2.5,69.5,0,22.13,0,0,0,0,0,0,0,2.11,1.624419637,3.67,0,0
18/05/2024 11:30,32.9,0,0.46,1.08,1.496605854,26.78,1.92,0.36,0.1,0.8,2.474088933,12.44,1.73,2.53,0,0,0,0,0,1.276947888,2.42,1.09,0,0,8.6,5.21,0,0,2.5,69.5,0,22.13,0,0,0,0,0,0,0,2.11,1.666950474,3.67,0,0
18/05/2024 12:00,32.9,0,0.46,1.08,1.519334736,26.78,1.92,0.36,0.1,0.8,2.524424843,12.44,1.73,2.53,0,0,0,0,0,1.30280777,2.42,1.09,0,0,8.6,5.21,0,0,2.5,69.5,0,22.13,0,0,0,0,0,0,0,2.11,1.701425282,3.67,0,0
18/05/2024 12:30,32.9,0,0.46,1.08,1.542602202,26.78,1.92,0.36,0.1,0.8,2.578858725,12.44,1.73,2.53,0,0,0,0,0,1.318376987,2.42,1.09,0,0,8.6,5.21,0,0,2.5,69.5,0,22.13,0,0,0,0,0,0,0,2.11,1.731165146,3.67,0,0
18/05/2024 13:00,32.9,0,0.46,1.08,1.59837285,26.78,1.92,0.36,0.1,0.8,2.628701731,12.44,1.73,2.53,0,0,0,0,0,1.309845571,2.42,1.09,0,0,8.6,5.21,0,0,2.5,69.5,0,22.13,0,0,0,0,0,0,0,2.11,1.77012116,3.67,0,0
18/05/2024 13:30,32.9,0,0.46,1.08,1.646870936,26.78,1.92,0.36,0.1,0.8,2.687229284,12.44,1.73,2.53,0,0,0,0,0,1.30950179,2.42,1.09,0,0,8.6,5.21,0,0,2.5,69.5,0,22.13,0,0,0,0,0,0,0,2.11,1.815663831,3.67,0,0
18/05/2024 14:00,32.9,0,0.46,1.08,1.685006989,26.78,1.92,0.36,0.1,0.8,2.790212499,12.44,1.73,2.53,0,0,0,0,0,1.334165716,2.42,1.09,0,0,8.6,5.21,0,0,2.5,69.5,0,22.13,0,0,0,0,0,0,0,2.11,1.878990066,3.67,0,0
18/05/2024 14:30,32.9,0,0.46,1.08,1.696995016,26.78,1.92,0.36,0.1,0.8,2.842186892,12.44,1.73,2.53,0,0,0,0,0,1.345596495,2.42,1.09,0,0,8.6,5.21,0,0,2.5,69.5,0,22.13,0,0,0,0,0,0,0,2.11,1.920964156,3.67,0,0
18/05/2024 15:00,32.9,0,0.46,1.08,1.742602787,26.78,1.92,0.36,0.1,0.8,2.913662634,12.44,1.73,2.53,0,0,0,0,0,1.34947277,2.42,1.09,0,0,8.6,5.21,0,0,2.5,69.5,0,22.13,0,0,0,0,0,0,0,2.11,1.947943445,3.67,0,0
18/05/2024 15:30,32.9,0,0.46,1.08,1.792982789,26.78,1.92,0.36,0.1,0.8,3.010719703,12.44,1.73,2.53,0,0,0,0,0,1.354841335,2.42,1.09,0,0,8.6,5.21,0,0,2.5,69.5,0,22.13,0,0,0,0,0,0,0,2.11,1.995249432,3.67,0,0
18/05/2024 16:00,32.9,0,0.46,1.08,1.785903153,26.78,1.92,0.36,0.1,0.8,3.017777956,12.44,1.73,2.53,0,0,0,0,0,1.365759669,2.42,1.09,0,0,8.6,5.21,0,0,2.5,69.5,0,22.13,0,0,0,0,0,0,0,2.11,1.995592362,3.67,0,0
18/05/2024 16:30,32.9,0,0.46,1.08,1.688880361,26.78,1.92,0.36,0.1,0.8,2.862193463,12.44,1.73,2.53,0,0,0,0,0,1.320014847,2.42,1.09,0,0,8.6,5.21,0,0,2.5,69.5,0,22.13,0,0,0,0,0,0,0,2.11,1.938173828,3.67,0,0
18/05/2024 17:00,32.9,0,0.46,1.08,1.639442569,26.78,1.92,0.36,0.1,0.8,2.737959965,12.44,1.73,2.53,0,0,0,0,0,1.188148852,2.42,1.09,0,0,8.6,5.21,0,0,2.5,69.5,0,22.13,0,0,0,0,0,0,0,2.11,1.894829063,3.67,0,0
18/05/2024 17:30,32.9,0,0.46,1.08,1.694664257,26.78,1.92,0.36,0.1,0.8,2.784162784,12.44,1.73,2.53,0,0,0,0,0,1.130702975,2.42,1.09,0,0,8.6,5.21,0,0,2.5,69.5,0,22.13,0,0,0,0,0,0,0,2.11,1.936230731,3.67,0,0
18/05/2024 18:00,32.9,0,0.46,1.08,1.821257614,26.78,1.92,0.36,0.1,0.8,3.042750703,12.44,1.73,2.53,0,0,0,0,0,1.24065612,2.42,1.09,0,0,8.6,5.21,0,0,2.5,69.5,0,22.13,0,0,0,0,0,0,0,2.11,2.04732573,3.67,0,0
18/05/2024 18:30,32.9,0,0.46,1.08,1.853809468,26.78,1.92,0.36,0.1,0.8,3.243366352,12.44,1.73,2.53,0,0,0,0,0,1.325107783,2.42,1.09,0,0,8.6,5.21,0,0,2.5,69.5,0,22.13,0,0,0,0,0,0,0,2.11,2.1241562,3.67,0,0
18/05/2024 19:00,32.9,0,0.46,1.08,1.819800913,26.78,1.92,0.36,0.1,0.8,3.201654004,12.44,1.73,2.53,0,0,0,0,0,1.368530016,2.42,1.09,0,0,8.6,5.21,0,0,2.5,69.5,0,22.13,0,0,0,0,0,0,0,2.11,2.15596983,3.67,0,0
18/05/2024 19:30,32.9,0,0.46,1.08,1.720956346,26.78,1.92,0.36,0.1,0.8,2.979583961,12.44,1.73,2.53,0,0,0,0,0,1.379719571,2.42,1.09,0,0,8.6,5.21,0,0,2.5,69.5,0,22.13,0,0,0,0,0,0,0,2.11,2.07115095,3.67,0,0
18/05/2024 20:00,32.9,0,0.46,1.08,1.580164189,26.78,1.92,0.36,0.1,0.8,2.674517742,12.44,1.73,2.53,0,0,0,0,0,1.373469412,2.42,1.09,0,0,8.6,5.21,0,0,2.5,69.5,0,22.13,0,0,0,0,0,0,0,2.11,1.899619524,3.67,0,0
18/05/2024 20:30,32.9,0,0.46,1.08,1.431628969,26.78,1.92,0.36,0.1,0.8,2.36729577,12.44,1.73,2.53,0,0,0,0,0,1.354657258,2.42,1.09,0,0,8.6,5.21,0,0,2.5,69.5,0,22.13,0,0,0,0,0,0,0,2.11,1.71681159,3.67,0,0
18/05/2024 21:00,32.9,0,0.46,1.08,1.328979706,26.78,1.92,0.36,0.1,0.8,2.138265117,12.44,1.73,2.53,0,0,0,0,0,1.344936241,2.42,1.09,0,0,8.6,5.21,0,0,2.5,69.5,0,22.13,0,0,0,0,0,0,0,2.11,1.562765043,3.67,0,0
18/05/2024 21:30,32.9,0,0.46,1.08,1.255240686,26.78,1.92,0.36,0.1,0.8,2.013922993,12.44,1.73,2.53,0,0,0,0,0,1.332122973,2.42,1.09,0,0,8.6,5.21,0,0,2.5,69.5,0,22.13,0,0,0,0,0,0,0,2.11,1.473918668,3.67,0,0
18/05/2024 22:00,32.9,0,0.46,1.08,1.229670937,26.78,1.92,0.36,0.1,0.8,1.972556641,12.44,1.73,2.53,0,0,0,0,0,1.335959795,2.42,1.09,0,0,8.6,5.21,0,0,2.5,69.5,0,22.13,0,0,0,0,0,0,0,2.11,1.397558327,3.67,0,0
18/05/2024 22:30,32.9,0,0.46,1.08,1.188097575,26.78,1.92,0.36,0.1,0.8,1.918303139,12.44,1.73,2.53,0,0,0,0,0,1.339338498,2.42,1.09,0,0,8.6,5.21,0,0,2.5,69.5,0,22.13,0,0,0,0,0,0,0,2.11,1.329258398,3.67,0,0
18/05/2024 23:00,32.9,0,0.46,1.08,1.164939019,26.78,1.92,0.36,0.1,0.8,1.869895679,12.44,1.73,2.53,0,0,0,0,0,1.334617241,2.42,1.09,0,0,8.6,5.21,0,0,2.5,69.5,0,22.13,0,0,0,0,0,0,0,2.11,1.275226364,3.67,0,0
18/05/2024 23:30,32.9,0,0.46,1.08,1.144318853,26.78,1.92,0.36,0.1,0.8,1.821394146,12.44,1.73,2.53,0,0,0,0,0,1.326424502,2.42,1.09,0,0,8.6,5.21,0,0,2.5,69.5,0,22.13,0,0,0,0,0,0,0,2.11,1.236801955,3.67,0,0
19/05/2024 0:00,32.9,0,0.46,1.08,1.108455458,26.78,1.92,0.36,0.1,0.8,1.773000886,12.44,1.73,2.53,0,0,0,0,0,1.315825454,2.42,1.09,0,0,8.6,5.21,0,0,2.5,69.5,0,22.13,0,0,0,0,0,0,0,2.11,1.196217693,3.67,0,0
19/05/2024 0:30,32.9,0,0.46,1.08,1.08469384,26.78,1.92,0.36,0.1,0.8,1.738217548,12.44,1.73,2.53,0,0,0,0,0,1.312257427,2.42,1.09,0,0,8.6,5.21,0,0,2.5,69.5,0,22.13,0,0,0,0,0,0,0,2.11,1.169644749,3.67,0,0
19/05/2024 1:00,32.9,0,0.46,1.08,1.088638222,26.78,1.92,0.36,0.1,0.8,1.712883222,12.44,1.73,2.53,0,0,0,0,0,1.305932263,2.42,1.09,0,0,8.6,5.21,0,0,2.5,69.5,0,22.13,0,0,0,0,0,0,0,2.11,1.154378502,3.67,0,0
19/05/2024 1:30,32.9,0,0.46,1.08,1.077795786,26.78,1.92,0.36,0.1,0.8,1.691211928,12.44,1.73,2.53,0,0,0,0,0,1.303622081,2.42,1.09,0,0,8.6,5.21,0,0,2.5,69.5,0,22.13,0,0,0,0,0,0,0,2.11,1.139489578,3.67,0,0
19/05/2024 2:00,32.9,0,0.46,1.08,1.075798608,26.78,1.92,0.36,0.1,0.8,1.715343819,12.44,1.73,2.53,0,0,0,0,0,1.311347401,2.42,1.09,0,0,8.6,5.21,0,0,2.5,69.5,0,22.13,0,0,0,0,0,0,0,2.11,1.133160989,3.67,0,0
19/05/2024 2:30,32.9,0,0.46,1.08,1.066721396,26.78,1.92,0.36,0.1,0.8,1.718641203,12.44,1.73,2.53,0,0,0,0,0,1.317668178,2.42,1.09,0,0,8.6,5.21,0,0,2.5,69.5,0,22.13,0,0,0,0,0,0,0,2.11,1.135031658,3.67,0,0
19/05/2024 3:00,32.9,0,0.46,1.08,1.110682862,26.78,1.92,0.36,0.1,0.8,1.763831734,12.44,1.73,2.53,0,0,0,0,0,1.322980104,2.42,1.09,0,0,8.6,5.21,0,0,2.5,69.5,0,22.13,0,0,0,0,0,0,0,2.11,1.145492889,3.67,0,0
19/05/2024 3:30,32.9,0,0.46,1.08,1.206309883,26.78,1.92,0.36,0.1,0.8,1.931060761,12.44,1.73,2.53,0,0,0,0,0,1.30961933,2.42,1.09,0,0,8.6,5.21,0,0,2.5,69.5,0,22.13,0,0,0,0,0,0,0,2.11,1.219587502,3.67,0,0
19/05/2024 4:00,32.9,0,0.46,1.08,1.37574227,26.78,1.92,0.36,0.1,0.8,2.178752015,12.44,1.73,2.53,0,0,0,0,0,1.297721055,2.42,1.09,0,0,8.6,5.21,0,0,2.5,69.5,0,22.13,0,0,0,0,0,0,0,2.11,1.345134085,3.67,0,0
19/05/2024 4:30,32.9,0,0.46,1.08,1.388813623,26.78,1.92,0.36,0.1,0.8,2.222450245,12.44,1.73,2.53,0,0,0,0,0,1.265725214,2.42,1.09,0,0,8.6,5.21,0,0,2.5,69.5,0,22.13,0,0,0,0,0,0,0,2.11,1.397504996,3.67,0,0
19/05/2024 5:00,32.9,0,0.46,1.08,1.219380198,26.78,1.92,0.36,0.1,0.8,2.041371788,12.44,1.73,2.53,0,0,0,0,0,1.210363103,2.42,1.09,0,0,8.6,5.21,0,0,2.5,69.5,0,22.13,0,0,0,0,0,0,0,2.11,1.363005794,3.67,0,0
19/05/2024 5:30,32.9,0,0.46,1.08,1.172435467,26.78,1.92,0.36,0.1,0.8,1.917777142,12.44,1.73,2.53,0,0,0,0,0,1.153228544,2.42,1.09,0,0,8.6,5.21,0,0,2.5,69.5,0,22.13,0,0,0,0,0,0,0,2.11,1.340063976,3.67,0,0
19/05/2024 6:00,32.9,0,0.46,1.08,1.573501357,26.78,2.06,0.36,0.1,0.8,2.02524623,12.44,9.47,2.42,0,0,0,0,0,1.113176873,2.42,1.09,0,0,8.6,5.21,0,0,2.5,69.5,0,22.13,0,0,0,0,0,0,0,2.11,1.375171684,3.67,0,0
19/05/2024 6:30,32.9,0,0.46,1.08,1.578303009,26.78,2.06,0.36,0.1,0.8,2.159494394,12.44,9.47,2.42,0,0,0,0,0,1.055383951,2.42,1.09,0,0,8.6,5.21,0,0,2.5,69.5,0,22.13,0,0,0,0,0,0,0,2.11,1.399655554,3.67,0,0
19/05/2024 7:00,32.9,0,0.46,1.08,1.568701475,26.78,2.06,0.36,0.1,0.8,2.16933161,12.44,9.47,2.42,0,0,0,0,0,1.059745146,2.42,1.09,0,0,8.6,5.21,0,0,2.5,69.5,0,22.13,0,0,0,0,0,0,0,2.11,1.421749335,3.67,0,0
19/05/2024 7:30,32.9,0,0.46,1.08,1.561044965,26.78,2.06,0.36,0.1,0.8,2.128392755,12.44,9.47,2.42,0,0,0,0,0,1.075851545,2.42,1.09,0,0,8.6,5.21,0,0,2.5,69.5,0,22.13,0,0,0,0,0,0,0,2.11,1.421376884,3.67,0,0
19/05/2024 8:00,32.9,0,0.46,1.08,1.250740744,26.78,2.06,0.36,0.1,0.8,2.057832899,12.44,9.47,2.42,0,0,0,0,0,1.096831807,2.42,1.09,0,0,8.6,5.21,0,0,2.5,69.5,0,22.13,0,0,0,0,0,0,0,2.11,1.410090486,3.67,0,0
19/05/2024 8:30,32.9,0,0.46,1.08,1.246708284,26.78,2.06,0.36,0.1,0.8,2.016122611,12.44,9.47,2.42,0,0,0,0,0,1.133963232,2.42,1.09,0,0,8.6,5.21,0,0,2.5,69.5,0,22.13,0,0,0,0,0,0,0,2.11,1.396156839,3.67,0,0
19/05/2024 9:00,32.9,0,0.46,1.08,1.271246989,26.78,2.06,0.36,0.1,0.8,2.003748443,12.44,9.47,2.42,0,0,0,0,0,1.154221202,2.42,1.09,0,0,8.6,5.21,0,0,2.5,69.5,0,22.13,0,0,0,0,0,0,0,2.11,1.39075302,3.67,0,0
19/05/2024 9:30,32.9,0,0.46,1.08,1.314022916,26.78,2.06,0.36,0.1,0.8,2.109475366,12.44,9.47,2.42,0,0,0,0,0,1.179832661,2.42,1.09,0,0,8.6,5.21,0,0,2.5,69.5,0,22.13,0,0,0,0,0,0,0,2.11,1.438563977,3.67,0,0
19/05/2024 10:00,32.9,0,0.46,1.08,1.364959262,26.78,2.06,0.36,0.1,0.8,2.247754098,12.44,9.47,2.42,0,0,0,0,0,1.209928088,2.42,1.09,0,0,8.6,5.21,0,0,2.5,69.5,0,22.13,0,0,0,0,0,0,0,2.11,1.508191258,3.67,0,0
19/05/2024 10:30,32.9,0,0.46,1.08,1.409272142,26.78,2.06,0.36,0.1,0.8,2.337293003,12.44,9.47,2.42,0,0,0,0,0,1.23970634,2.42,1.09,0,0,8.6,5.21,0,0,2.5,69.5,0,22.13,0,0,0,0,0,0,0,2.11,1.56498068,3.67,0,0
19/05/2024 11:00,32.9,0,0.46,1.08,1.456902468,26.78,2.06,0.36,0.1,0.8,2.405665492,12.44,9.47,2.42,0,0,0,0,0,1.253346924,2.42,1.09,0,0,8.6,5.21,0,0,2.5,69.5,0,22.13,0,0,0,0,0,0,0,2.11,1.614073015,3.67,0,0
19/05/2024 11:30,32.9,0,0.46,1.08,1.496605854,26.78,2.06,0.36,0.1,0.8,2.463424757,12.44,9.47,2.42,0,0,0,0,0,1.276947888,2.42,1.09,0,0,8.6,5.21,0,0,2.5,69.5,0,22.13,0,0,0,0,0,0,0,2.11,1.656332955,3.67,0,0
19/05/2024 12:00,32.9,0,0.46,1.08,1.519334736,26.78,2.06,0.36,0.1,0.8,2.513543701,12.44,9.47,2.42,0,0,0,0,0,1.30280777,2.42,1.09,0,0,8.6,5.21,0,0,2.5,69.5,0,22.13,0,0,0,0,0,0,0,2.11,1.690588178,3.67,0,0
19/05/2024 12:30,32.9,0,0.46,1.08,1.542602202,26.78,2.06,0.36,0.1,0.8,2.567742954,12.44,9.47,2.42,0,0,0,0,0,1.318376987,2.42,1.09,0,0,8.6,5.21,0,0,2.5,69.5,0,22.13,0,0,0,0,0,0,0,2.11,1.720138616,3.67,0,0
19/05/2024 13:00,32.9,0,0.46,1.08,1.59837285,26.78,2.06,0.36,0.1,0.8,2.61737112,12.44,9.47,2.42,0,0,0,0,0,1.309845571,2.42,1.09,0,0,8.6,5.21,0,0,2.5,69.5,0,22.13,0,0,0,0,0,0,0,2.11,1.758846503,3.67,0,0
19/05/2024 13:30,32.9,0,0.46,1.08,1.646870936,26.78,2.06,0.36,0.1,0.8,2.675646399,12.44,9.47,2.42,0,0,0,0,0,1.30950179,2.42,1.09,0,0,8.6,5.21,0,0,2.5,69.5,0,22.13,0,0,0,0,0,0,0,2.11,1.804099093,3.67,0,0
19/05/2024 14:00,32.9,0,0.46,1.08,1.685006989,26.78,2.06,0.36,0.1,0.8,2.778185721,12.44,9.47,2.42,0,0,0,0,0,1.334165716,2.42,1.09,0,0,8.6,5.21,0,0,2.5,69.5,0,22.13,0,0,0,0,0,0,0,2.11,1.867021976,3.67,0,0
19/05/2024 14:30,32.9,0,0.46,1.08,1.696995016,26.78,2.06,0.36,0.1,0.8,2.829936086,12.44,9.47,2.42,0,0,0,0,0,1.345596495,2.42,1.09,0,0,8.6,5.21,0,0,2.5,69.5,0,22.13,0,0,0,0,0,0,0,2.11,1.908728716,3.67,0,0
19/05/2024 15:00,32.9,0,0.46,1.08,1.742602787,26.78,2.06,0.36,0.1,0.8,2.901103744,12.44,9.47,2.42,0,0,0,0,0,1.34947277,2.42,1.09,0,0,8.6,5.21,0,0,2.5,69.5,0,22.13,0,0,0,0,0,0,0,2.11,1.935536162,3.67,0,0
19/05/2024 15:30,32.9,0,0.46,1.08,1.792982789,26.78,2.06,0.36,0.1,0.8,2.997742463,12.44,9.47,2.42,0,0,0,0,0,1.354841335,2.42,1.09,0,0,8.6,5.21,0,0,2.5,69.5,0,22.13,0,0,0,0,0,0,0,2.11,1.982540837,3.67,0,0
19/05/2024 16:00,32.9,0,0.46,1.08,1.785903153,26.78,2.06,0.36,0.1,0.8,3.004770293,12.44,9.47,2.42,0,0,0,0,0,1.365759669,2.42,1.09,0,0,8.6,5.21,0,0,2.5,69.5,0,22.13,0,0,0,0,0,0,0,2.11,1.982881583,3.67,0,0
19/05/2024 16:30,32.9,0,0.46,1.08,1.688880361,26.78,2.06,0.36,0.1,0.8,2.849856422,12.44,9.47,2.42,0,0,0,0,0,1.320014847,2.42,1.09,0,0,8.6,5.21,0,0,2.5,69.5,0,22.13,0,0,0,0,0,0,0,2.11,1.925828771,3.67,0,0
19/05/2024 17:00,32.9,0,0.46,1.08,1.639442569,26.78,2.06,0.36,0.1,0.8,2.726158413,12.44,9.47,2.42,0,0,0,0,0,1.188148852,2.42,1.09,0,0,8.6,5.21,0,0,2.5,69.5,0,22.13,0,0,0,0,0,0,0,2.11,1.882760088,3.67,0,0
19/05/2024 17:30,32.9,0,0.46,1.08,1.694664257,26.78,2.06,0.36,0.1,0.8,2.772162083,12.44,9.47,2.42,0,0,0,0,0,1.130702975,2.42,1.09,0,0,8.6,5.21,0,0,2.5,69.5,0,22.13,0,0,0,0,0,0,0,2.11,1.923898051,3.67,0,0
19/05/2024 18:00,32.9,0,0.46,1.08,1.821257614,26.78,2.06,0.36,0.1,0.8,3.029635399,12.44,9.47,2.42,0,0,0,0,0,1.24065612,2.42,1.09,0,0,8.6,5.21,0,0,2.5,69.5,0,22.13,0,0,0,0,0,0,0,2.11,2.034285439,3.67,0,0
19/05/2024 18:30,32.9,0,0.46,1.08,1.853809468,26.78,2.06,0.36,0.1,0.8,3.229386325,12.44,9.47,2.42,0,0,0,0,0,1.325107783,2.42,1.09,0,0,8.6,5.21,0,0,2.5,69.5,0,22.13,0,0,0,0,0,0,0,2.11,2.110626543,3.67,0,0
19/05/2024 19:00,32.9,0,0.46,1.08,1.819800913,26.78,2.06,0.36,0.1,0.8,3.187853771,12.44,9.47,2.42,0,0,0,0,0,1.368530016,2.42,1.09,0,0,8.6,5.21,0,0,2.5,69.5,0,22.13,0,0,0,0,0,0,0,2.11,2.142237538,3.67,0,0
19/05/2024 19:30,32.9,0,0.46,1.08,1.720956346,26.78,2.06,0.36,0.1,0.8,2.966740927,12.44,9.47,2.42,0,0,0,0,0,1.379719571,2.42,1.09,0,0,8.6,5.21,0,0,2.5,69.5,0,22.13,0,0,0,0,0,0,0,2.11,2.057958905,3.67,0,0
19/05/2024 20:00,32.9,0,0.46,1.08,1.580164189,26.78,2.06,0.36,0.1,0.8,2.662989648,12.44,9.47,2.42,0,0,0,0,0,1.373469412,2.42,1.09,0,0,8.6,5.21,0,0,2.5,69.5,0,22.13,0,0,0,0,0,0,0,2.11,1.887520037,3.67,0,0
19/05/2024 20:30,32.9,0,0.46,1.08,1.431628969,26.78,2.06,0.36,0.1,0.8,2.357091909,12.44,9.47,2.42,0,0,0,0,0,1.354657258,2.42,1.09,0,0,8.6,5.21,0,0,2.5,69.5,0,22.13,0,0,0,0,0,0,0,2.11,1.705876484,3.67,0,0
19/05/2024 21:00,32.9,0,0.46,1.08,1.328979706,26.78,2.06,0.36,0.1,0.8,2.129048457,12.44,9.47,2.42,0,0,0,0,0,1.344936241,2.42,1.09,0,0,8.6,5.21,0,0,2.5,69.5,0,22.13,0,0,0,0,0,0,0,2.11,1.552811125,3.67,0,0
19/05/2024 21:30,32.9,0,0.46,1.08,1.255240686,26.78,2.06,0.36,0.1,0.8,2.00524229,12.44,9.47,2.42,0,0,0,0,0,1.332122973,2.42,1.09,0,0,8.6,5.21,0,0,2.5,69.5,0,22.13,0,0,0,0,0,0,0,2.11,1.464530651,3.67,0,0
19/05/2024 22:00,32.9,0,0.46,1.08,1.229670937,26.78,2.06,0.36,0.1,0.8,1.964054241,12.44,9.47,2.42,0,0,0,0,0,1.335959795,2.42,1.09,0,0,8.6,5.21,0,0,2.5,69.5,0,22.13,0,0,0,0,0,0,0,2.11,1.388656682,3.67,0,0
19/05/2024 22:30,32.9,0,0.46,1.08,1.188097575,26.78,2.06,0.36,0.1,0.8,1.910034591,12.44,9.47,2.42,0,0,0,0,0,1.339338498,2.42,1.09,0,0,8.6,5.21,0,0,2.5,69.5,0,22.13,0,0,0,0,0,0,0,2.11,1.320791784,3.67,0,0
19/05/2024 23:00,32.9,0,0.46,1.08,1.164939019,26.78,2.06,0.36,0.1,0.8,1.861835784,12.44,9.47,2.42,0,0,0,0,0,1.334617241,2.42,1.09,0,0,8.6,5.21,0,0,2.5,69.5,0,22.13,0,0,0,0,0,0,0,2.11,1.267103903,3.67,0,0
19/05/2024 23:30,32.9,0,0.46,1.08,1.144318853,26.78,2.06,0.36,0.1,0.8,1.81354331,12.44,9.47,2.42,0,0,0,0,0,1.326424502,2.42,1.09,0,0,8.6,5.21,0,0,2.5,69.5,0,22.13,0,0,0,0,0,0,0,2.11,1.228924236,3.67,0,0
20/05/2024 0:00,32.9,0,0.46,1.08,1.100704022,26.78,2.06,0.36,0.1,0.8,1.773000886,12.44,9.47,2.42,0,0,0,0,0,1.315825454,2.42,1.09,0,0,8.6,5.21,0,0,2.5,69.5,0,22.13,0,0,0,0,0,0,0,2.11,1.188549631,3.67,0,0
20/05/2024 0:30,32.9,0,0.46,1.08,1.077108569,26.78,2.06,0.36,0.1,0.8,1.738217548,12.44,9.47,2.42,0,0,0,0,0,1.312257427,2.42,1.09,0,0,8.6,5.21,0,0,2.5,69.5,0,22.13,0,0,0,0,0,0,0,2.11,1.162147026,3.67,0,0
20/05/2024 1:00,32.9,0,0.46,1.08,1.081025368,26.78,2.06,0.36,0.1,0.8,1.712883222,12.44,9.47,2.42,0,0,0,0,0,1.305932263,2.42,1.09,0,0,8.6,5.21,0,0,2.5,69.5,0,22.13,0,0,0,0,0,0,0,2.11,1.14697864,3.67,0,0
20/05/2024 1:30,32.9,0,0.46,1.08,1.070258753,26.78,2.06,0.36,0.1,0.8,1.691211928,12.44,9.47,2.42,0,0,0,0,0,1.303622081,2.42,1.09,0,0,8.6,5.21,0,0,2.5,69.5,0,22.13,0,0,0,0,0,0,0,2.11,1.132185158,3.67,0,0
20/05/2024 2:00,32.9,0,0.46,1.08,1.06827554,26.78,2.06,0.36,0.1,0.8,1.715343819,12.44,9.47,2.42,0,0,0,0,0,1.311347401,2.42,1.09,0,0,8.6,5.21,0,0,2.5,69.5,0,22.13,0,0,0,0,0,0,0,2.11,1.125897137,3.67,0,0
20/05/2024 2:30,32.9,0,0.46,1.08,1.059261806,26.78,2.06,0.36,0.1,0.8,1.718641203,12.44,9.47,2.42,0,0,0,0,0,1.317668178,2.42,1.09,0,0,8.6,5.21,0,0,2.5,69.5,0,22.13,0,0,0,0,0,0,0,2.11,1.127755814,3.67,0,0
20/05/2024 3:00,32.9,0,0.46,1.08,1.102915849,26.78,2.06,0.36,0.1,0.8,1.763831734,12.44,9.47,2.42,0,0,0,0,0,1.322980104,2.42,1.09,0,0,8.6,5.21,0,0,2.5,69.5,0,22.13,0,0,0,0,0,0,0,2.11,1.138149986,3.67,0,0
20/05/2024 3:30,32.9,0,0.46,1.08,1.197874149,26.78,2.06,0.36,0.1,0.8,1.931060761,12.44,9.47,2.42,0,0,0,0,0,1.30961933,2.42,1.09,0,0,8.6,5.21,0,0,2.5,69.5,0,22.13,0,0,0,0,0,0,0,2.11,1.211769633,3.67,0,0
20/05/2024 4:00,32.9,0,0.46,1.08,1.366121695,26.78,2.06,0.36,0.1,0.8,2.178752015,12.44,9.47,2.42,0,0,0,0,0,1.297721055,2.42,1.09,0,0,8.6,5.21,0,0,2.5,69.5,0,22.13,0,0,0,0,0,0,0,2.11,1.336511431,3.67,0,0
20/05/2024 4:30,32.9,0,0.46,1.08,1.37910164,26.78,2.06,0.36,0.1,0.8,2.222450245,12.44,9.47,2.42,0,0,0,0,0,1.265725214,2.42,1.09,0,0,8.6,5.21,0,0,2.5,69.5,0,22.13,0,0,0,0,0,0,0,2.11,1.388546631,3.67,0,0
20/05/2024 5:00,32.9,0,0.46,1.08,1.210853063,26.78,2.06,0.36,0.1,0.8,2.041371788,12.44,9.47,2.42,0,0,0,0,0,1.210363103,2.42,1.09,0,0,8.6,5.21,0,0,2.5,69.5,0,22.13,0,0,0,0,0,0,0,2.11,1.354268577,3.67,0,0
20/05/2024 5:30,32.9,0,0.46,1.08,1.164236617,26.78,2.06,0.36,0.1,0.8,1.917777142,12.44,9.47,2.42,0,0,0,0,0,1.153228544,2.42,1.09,0,0,8.6,5.21,0,0,2.5,69.5,0,22.13,0,0,0,0,0,0,0,2.11,1.331473822,3.67,0,0
20/05/2024 6:00,32.9,0,0.46,1.08,1.562497851,26.78,2.06,0.36,0.1,0.8,2.02524623,12.44,13.25,1.97,0,0,0,0,0,1.113176873,5.24,1.49,0,0,8.6,5.21,0,0,2.5,69.5,0,22.13,0,0,0,0,0,0,0,2.11,1.366356481,3.67,0,0
20/05/2024 6:30,32.9,0,0.46,1.08,1.567265925,26.78,2.06,0.36,0.1,0.8,2.159494394,12.44,13.25,1.97,0,0,0,0,0,1.055383951,5.24,1.49,0,0,8.6,5.21,0,0,2.5,69.5,0,22.13,0,0,0,0,0,0,0,2.11,1.390683403,3.67,0,0
20/05/2024 7:00,32.9,0,0.46,1.08,1.557731534,26.78,2.06,0.36,0.1,0.8,2.16933161,12.44,13.25,1.97,0,0,0,0,0,1.059745146,5.24,1.49,0,0,8.6,5.21,0,0,2.5,69.5,0,22.13,0,0,0,0,0,0,0,2.11,1.412635557,3.67,0,0
20/05/2024 7:30,32.9,0,0.46,1.08,1.550128567,26.78,2.06,0.36,0.1,0.8,2.128392755,12.44,13.25,1.97,0,0,0,0,0,1.075851545,5.24,1.49,0,0,8.6,5.21,0,0,2.5,69.5,0,22.13,0,0,0,0,0,0,0,2.11,1.412265494,3.67,0,0
20/05/2024 8:00,32.9,0,0.46,1.08,1.241994306,26.78,2.06,0.36,0.1,0.8,2.057832899,12.44,13.25,1.97,0,0,0,0,0,1.096831807,5.24,1.49,0,0,8.6,5.21,0,0,2.5,69.5,0,22.13,0,0,0,0,0,0,0,2.11,1.401051445,3.67,0,0
20/05/2024 8:30,32.9,0,0.46,1.08,1.237990044,26.78,2.06,0.36,0.1,0.8,2.016122611,12.44,13.25,1.97,0,0,0,0,0,1.133963232,5.24,1.49,0,0,8.6,5.21,0,0,2.5,69.5,0,22.13,0,0,0,0,0,0,0,2.11,1.387207116,3.67,0,0
20/05/2024 9:00,32.9,0,0.46,1.08,1.26235715,26.78,2.06,0.36,0.1,0.8,2.003748443,12.44,13.25,1.97,0,0,0,0,0,1.154221202,5.24,1.49,0,0,8.6,5.21,0,0,2.5,69.5,0,22.13,0,0,0,0,0,0,0,2.11,1.381837936,3.67,0,0
20/05/2024 9:30,32.9,0,0.46,1.08,1.304833945,26.78,2.06,0.36,0.1,0.8,2.109475366,12.44,13.25,1.97,0,0,0,0,0,1.179832661,5.24,1.49,0,0,8.6,5.21,0,0,2.5,69.5,0,22.13,0,0,0,0,0,0,0,2.11,1.429342413,3.67,0,0
20/05/2024 10:00,32.9,0,0.46,1.08,1.355414092,26.78,2.06,0.36,0.1,0.8,2.247754098,12.44,13.25,1.97,0,0,0,0,0,1.209928088,5.24,1.49,0,0,8.6,5.21,0,0,2.5,69.5,0,22.13,0,0,0,0,0,0,0,2.11,1.498523365,3.67,0,0
20/05/2024 10:30,32.9,0,0.46,1.08,1.399417092,26.78,2.06,0.36,0.1,0.8,2.337293003,12.44,13.25,1.97,0,0,0,0,0,1.23970634,5.24,1.49,0,0,8.6,5.21,0,0,2.5,69.5,0,22.13,0,0,0,0,0,0,0,2.11,1.554948752,3.67,0,0
20/05/2024 11:00,32.9,0,0.46,1.08,1.446714339,26.78,2.06,0.36,0.1,0.8,2.405665492,12.44,13.25,1.97,0,0,0,0,0,1.253346924,5.24,1.49,0,0,8.6,5.21,0,0,2.5,69.5,0,22.13,0,0,0,0,0,0,0,2.11,1.603726393,3.67,0,0
20/05/2024 11:30,32.9,0,0.46,1.08,1.486140079,26.78,2.06,0.36,0.1,0.8,2.463424757,12.44,13.25,1.97,0,0,0,0,0,1.276947888,5.24,1.49,0,0,8.6,5.21,0,0,2.5,69.5,0,22.13,0,0,0,0,0,0,0,2.11,1.645715436,3.67,0,0
20/05/2024 12:00,32.9,0,0.46,1.08,1.508710018,26.78,2.06,0.36,0.1,0.8,2.513543701,12.44,13.25,1.97,0,0,0,0,0,1.30280777,5.24,1.49,0,0,8.6,5.21,0,0,2.5,69.5,0,22.13,0,0,0,0,0,0,0,2.11,1.679751075,3.67,0,0
20/05/2024 12:30,32.9,0,0.46,1.08,1.531814774,26.78,2.06,0.36,0.1,0.8,2.567742954,12.44,13.25,1.97,0,0,0,0,0,1.318376987,5.24,1.49,0,0,8.6,5.21,0,0,2.5,69.5,0,22.13,0,0,0,0,0,0,0,2.11,1.709112086,3.67,0,0
20/05/2024 13:00,32.9,0,0.46,1.08,1.587195418,26.78,2.06,0.36,0.1,0.8,2.61737112,12.44,13.25,1.97,0,0,0,0,0,1.309845571,5.24,1.49,0,0,8.6,5.21,0,0,2.5,69.5,0,22.13,0,0,0,0,0,0,0,2.11,1.747571846,3.67,0,0
20/05/2024 13:30,32.9,0,0.46,1.08,1.635354356,26.78,2.06,0.36,0.1,0.8,2.675646399,12.44,13.25,1.97,0,0,0,0,0,1.30950179,5.24,1.49,0,0,8.6,5.21,0,0,2.5,69.5,0,22.13,0,0,0,0,0,0,0,2.11,1.792534355,3.67,0,0
20/05/2024 14:00,32.9,0,0.46,1.08,1.673223723,26.78,2.06,0.36,0.1,0.8,2.778185721,12.44,13.25,1.97,0,0,0,0,0,1.334165716,5.24,1.49,0,0,8.6,5.21,0,0,2.5,69.5,0,22.13,0,0,0,0,0,0,0,2.11,1.855053886,3.67,0,0
20/05/2024 14:30,32.9,0,0.46,1.08,1.685127918,26.78,2.06,0.36,0.1,0.8,2.829936086,12.44,13.25,1.97,0,0,0,0,0,1.345596495,5.24,1.49,0,0,8.6,5.21,0,0,2.5,69.5,0,22.13,0,0,0,0,0,0,0,2.11,1.896493275,3.67,0,0
20/05/2024 15:00,32.9,0,0.46,1.08,1.730416754,26.78,2.06,0.36,0.1,0.8,2.901103744,12.44,13.25,1.97,0,0,0,0,0,1.34947277,5.24,1.49,0,0,8.6,5.21,0,0,2.5,69.5,0,22.13,0,0,0,0,0,0,0,2.11,1.923128878,3.67,0,0
20/05/2024 15:30,32.9,0,0.46,1.08,1.780444448,26.78,2.06,0.36,0.1,0.8,2.997742463,12.44,13.25,1.97,0,0,0,0,0,1.354841335,5.24,1.49,0,0,8.6,5.21,0,0,2.5,69.5,0,22.13,0,0,0,0,0,0,0,2.11,1.969832242,3.67,0,0
20/05/2024 16:00,32.9,0,0.46,1.08,1.773414319,26.78,2.06,0.36,0.1,0.8,3.004770293,12.44,13.25,1.97,0,0,0,0,0,1.365759669,5.24,1.49,0,0,8.6,5.21,0,0,2.5,69.5,0,22.13,0,0,0,0,0,0,0,2.11,1.970170804,3.67,0,0
20/05/2024 16:30,32.9,0,0.46,1.08,1.677070009,26.78,2.06,0.36,0.1,0.8,2.849856422,12.44,13.25,1.97,0,0,0,0,0,1.320014847,5.24,1.49,0,0,8.6,5.21,0,0,2.5,69.5,0,22.13,0,0,0,0,0,0,0,2.11,1.913483715,3.67,0,0
20/05/2024 17:00,32.9,0,0.46,1.08,1.627977936,26.78,2.06,0.36,0.1,0.8,2.726158413,12.44,13.25,1.97,0,0,0,0,0,1.188148852,5.24,1.49,0,0,8.6,5.21,0,0,2.5,69.5,0,22.13,0,0,0,0,0,0,0,2.11,1.870691113,3.67,0,0
20/05/2024 17:30,32.9,0,0.46,1.08,1.682813458,26.78,2.06,0.36,0.1,0.8,2.772162083,12.44,13.25,1.97,0,0,0,0,0,1.130702975,5.24,1.49,0,0,8.6,5.21,0,0,2.5,69.5,0,22.13,0,0,0,0,0,0,0,2.11,1.911565371,3.67,0,0
20/05/2024 18:00,32.9,0,0.46,1.08,1.808521547,26.78,2.06,0.36,0.1,0.8,3.029635399,12.44,13.25,1.97,0,0,0,0,0,1.24065612,5.24,1.49,0,0,8.6,5.21,0,0,2.5,69.5,0,22.13,0,0,0,0,0,0,0,2.11,2.021245148,3.67,0,0
20/05/2024 18:30,32.9,0,0.46,1.08,1.840845765,26.78,2.06,0.36,0.1,0.8,3.229386325,12.44,13.25,1.97,0,0,0,0,0,1.325107783,5.24,1.49,0,0,8.6,5.21,0,0,2.5,69.5,0,22.13,0,0,0,0,0,0,0,2.11,2.097096885,3.67,0,0
20/05/2024 19:00,32.9,0,0.46,1.08,1.807075033,26.78,2.06,0.36,0.1,0.8,3.187853771,12.44,13.25,1.97,0,0,0,0,0,1.368530016,5.24,1.49,0,0,8.6,5.21,0,0,2.5,69.5,0,22.13,0,0,0,0,0,0,0,2.11,2.128505246,3.67,0,0
20/05/2024 19:30,32.9,0,0.46,1.08,1.708921686,26.78,2.06,0.36,0.1,0.8,2.966740927,12.44,13.25,1.97,0,0,0,0,0,1.379719571,5.24,1.49,0,0,8.6,5.21,0,0,2.5,69.5,0,22.13,0,0,0,0,0,0,0,2.11,2.044766861,3.67,0,0
20/05/2024 20:00,32.9,0,0.46,1.08,1.56911409,26.78,2.06,0.36,0.1,0.8,2.662989648,12.44,13.25,1.97,0,0,0,0,0,1.373469412,5.24,1.49,0,0,8.6,5.21,0,0,2.5,69.5,0,22.13,0,0,0,0,0,0,0,2.11,1.87542055,3.67,0,0
20/05/2024 20:30,32.9,0,0.46,1.08,1.421617578,26.78,2.06,0.36,0.1,0.8,2.357091909,12.44,13.25,1.97,0,0,0,0,0,1.354657258,5.24,1.49,0,0,8.6,5.21,0,0,2.5,69.5,0,22.13,0,0,0,0,0,0,0,2.11,1.694941378,3.67,0,0
20/05/2024 21:00,32.9,0,0.46,1.08,1.319686142,26.78,2.06,0.36,0.1,0.8,2.129048457,12.44,13.25,1.97,0,0,0,0,0,1.344936241,5.24,1.49,0,0,8.6,5.21,0,0,2.5,69.5,0,22.13,0,0,0,0,0,0,0,2.11,1.542857208,3.67,0,0
20/05/2024 21:30,32.9,0,0.46,1.08,1.246462779,26.78,2.06,0.36,0.1,0.8,2.00524229,12.44,13.25,1.97,0,0,0,0,0,1.332122973,5.24,1.49,0,0,8.6,5.21,0,0,2.5,69.5,0,22.13,0,0,0,0,0,0,0,2.11,1.455142634,3.67,0,0
20/05/2024 22:00,32.9,0,0.46,1.08,1.22107184,26.78,2.06,0.36,0.1,0.8,1.964054241,12.44,13.25,1.97,0,0,0,0,0,1.335959795,5.24,1.49,0,0,8.6,5.21,0,0,2.5,69.5,0,22.13,0,0,0,0,0,0,0,2.11,1.379755036,3.67,0,0
20/05/2024 22:30,32.9,0,0.46,1.08,1.1797892,26.78,2.06,0.36,0.1,0.8,1.910034591,12.44,13.25,1.97,0,0,0,0,0,1.339338498,5.24,1.49,0,0,8.6,5.21,0,0,2.5,69.5,0,22.13,0,0,0,0,0,0,0,2.11,1.31232517,3.67,0,0
20/05/2024 23:00,32.9,0,0.46,1.08,1.156792592,26.78,2.06,0.36,0.1,0.8,1.861835784,12.44,13.25,1.97,0,0,0,0,0,1.334617241,5.24,1.49,0,0,8.6,5.21,0,0,2.5,69.5,0,22.13,0,0,0,0,0,0,0,2.11,1.258981442,3.67,0,0
20/05/2024 23:30,32.9,0,0.46,1.08,1.136316623,26.78,2.06,0.36,0.1,0.8,1.81354331,12.44,13.25,1.97,0,0,0,0,0,1.326424502,5.24,1.49,0,0,8.6,5.21,0,0,2.5,69.5,0,22.13,0,0,0,0,0,0,0,2.11,1.221046516,3.67,0,0
21/05/2024 0:00,32.9,0,0.46,1.08,1.100704022,26.78,2.06,0.36,0.1,0.8,1.765325557,12.44,13.25,1.97,0,0,0,0,0,1.315825454,5.24,1.49,0,0,8.6,5.21,0,0,2.5,69.5,0,22.13,0,0,0,0,0,0,0,2.11,1.180881569,3.67,0,0
21/05/2024 0:30,32.9,0,0.46,1.08,1.077108569,26.78,2.06,0.36,0.1,0.8,1.730692797,12.44,13.25,1.97,0,0,0,0,0,1.312257427,5.24,1.49,0,0,8.6,5.21,0,0,2.5,69.5,0,22.13,0,0,0,0,0,0,0,2.11,1.154649303,3.67,0,0
21/05/2024 1:00,32.9,0,0.46,1.08,1.081025368,26.78,2.06,0.36,0.1,0.8,1.705468143,12.44,13.25,1.97,0,0,0,0,0,1.305932263,5.24,1.49,0,0,8.6,5.21,0,0,2.5,69.5,0,22.13,0,0,0,0,0,0,0,2.11,1.139578778,3.67,0,0
21/05/2024 1:30,32.9,0,0.46,1.08,1.070258753,26.78,2.06,0.36,0.1,0.8,1.683890664,12.44,13.25,1.97,0,0,0,0,0,1.303622081,5.24,1.49,0,0,8.6,5.21,0,0,2.5,69.5,0,22.13,0,0,0,0,0,0,0,2.11,1.124880738,3.67,0,0
21/05/2024 2:00,32.9,0,0.46,1.08,1.06827554,26.78,2.06,0.36,0.1,0.8,1.707918088,12.44,13.25,1.97,0,0,0,0,0,1.311347401,5.24,1.49,0,0,8.6,5.21,0,0,2.5,69.5,0,22.13,0,0,0,0,0,0,0,2.11,1.118633284,3.67,0,0
21/05/2024 2:30,32.9,0,0.46,1.08,1.059261806,26.78,2.06,0.36,0.1,0.8,1.711201198,12.44,13.25,1.97,0,0,0,0,0,1.317668178,5.24,1.49,0,0,8.6,5.21,0,0,2.5,69.5,0,22.13,0,0,0,0,0,0,0,2.11,1.12047997,3.67,0,0
21/05/2024 3:00,32.9,0,0.46,1.08,1.102915849,26.78,2.06,0.36,0.1,0.8,1.756196099,12.44,13.25,1.97,0,0,0,0,0,1.322980104,5.24,1.49,0,0,8.6,5.21,0,0,2.5,69.5,0,22.13,0,0,0,0,0,0,0,2.11,1.130807083,3.67,0,0
21/05/2024 3:30,32.9,0,0.46,1.08,1.197874149,26.78,2.06,0.36,0.1,0.8,1.92270119,12.44,13.25,1.97,0,0,0,0,0,1.30961933,5.24,1.49,0,0,8.6,5.21,0,0,2.5,69.5,0,22.13,0,0,0,0,0,0,0,2.11,1.203951764,3.67,0,0
21/05/2024 4:00,32.9,0,0.46,1.08,1.366121695,26.78,2.06,0.36,0.1,0.8,2.169320188,12.44,13.25,1.97,0,0,0,0,0,1.297721055,5.24,1.49,0,0,8.6,5.21,0,0,2.5,69.5,0,22.13,0,0,0,0,0,0,0,2.11,1.327888777,3.67,0,0
21/05/2024 4:30,32.9,0,0.46,1.08,1.37910164,26.78,2.06,0.36,0.1,0.8,2.212829249,12.44,13.25,1.97,0,0,0,0,0,1.265725214,5.24,1.49,0,0,8.6,5.21,0,0,2.5,69.5,0,22.13,0,0,0,0,0,0,0,2.11,1.379588265,3.67,0,0
21/05/2024 5:00,32.9,0,0.46,1.08,1.210853063,26.78,2.06,0.36,0.1,0.8,2.032534681,12.44,13.25,1.97,0,0,0,0,0,1.210363103,5.24,1.49,0,0,8.6,5.21,0,0,2.5,69.5,0,22.13,0,0,0,0,0,0,0,2.11,1.34553136,3.67,0,0
21/05/2024 5:30,32.9,0,0.46,1.08,1.164236617,26.78,2.06,0.36,0.1,0.8,1.909475077,12.44,13.25,1.97,0,0,0,0,0,1.153228544,5.24,1.49,0,0,8.6,5.21,0,0,2.5,69.5,0,22.13,0,0,0,0,0,0,0,2.11,1.322883669,3.67,0,0
21/05/2024 6:00,32.87,0,0.46,1.08,1.562497851,26.78,2.06,0.36,0.1,0.8,2.016478931,12.44,15.67,1.93,0,0,0,0,0,1.113176873,5.24,1.49,0,0,8.6,5.21,0,0,2.5,69.5,0,22.13,0,0,0,0,0,0,0,2.11,1.357541278,3.71,0,0
21/05/2024 6:30,32.87,0,0.46,1.08,1.567265925,26.78,2.06,0.36,0.1,0.8,2.150145934,12.44,15.67,1.93,0,0,0,0,0,1.055383951,5.24,1.49,0,0,8.6,5.21,0,0,2.5,69.5,0,22.13,0,0,0,0,0,0,0,2.11,1.381711252,3.71,0,0
21/05/2024 7:00,32.87,0,0.46,1.08,1.557731534,26.78,2.06,0.36,0.1,0.8,2.159940564,12.44,15.67,1.93,0,0,0,0,0,1.059745146,5.24,1.49,0,0,8.6,5.21,0,0,2.5,69.5,0,22.13,0,0,0,0,0,0,0,2.11,1.403521779,3.71,0,0
21/05/2024 7:30,32.87,0,0.46,1.08,1.550128567,26.78,2.06,0.36,0.1,0.8,2.119178933,12.44,15.67,1.93,0,0,0,0,0,1.075851545,5.24,1.49,0,0,8.6,5.21,0,0,2.5,69.5,0,22.13,0,0,0,0,0,0,0,2.11,1.403154104,3.71,0,0
21/05/2024 8:00,32.87,0,0.46,1.08,1.241994306,26.78,2.06,0.36,0.1,0.8,2.048924532,12.44,15.67,1.93,0,0,0,0,0,1.096831807,5.24,1.49,0,0,8.6,5.21,0,0,2.5,69.5,0,22.13,0,0,0,0,0,0,0,2.11,1.392012403,3.71,0,0
21/05/2024 8:30,32.87,0,0.46,1.08,1.237990044,26.78,2.06,0.36,0.1,0.8,2.007394807,12.44,15.67,1.93,0,0,0,0,0,1.133963232,5.24,1.49,0,0,8.6,5.21,0,0,2.5,69.5,0,22.13,0,0,0,0,0,0,0,2.11,1.378257392,3.71,0,0
21/05/2024 9:00,32.87,0,0.46,1.08,1.26235715,26.78,2.06,0.36,0.1,0.8,1.995074208,12.44,15.67,1.93,0,0,0,0,0,1.154221202,5.24,1.49,0,0,8.6,5.21,0,0,2.5,69.5,0,22.13,0,0,0,0,0,0,0,2.11,1.372922853,3.71,0,0
21/05/2024 9:30,32.87,0,0.46,1.08,1.304833945,26.78,2.06,0.36,0.1,0.8,2.100343438,12.44,15.67,1.93,0,0,0,0,0,1.179832661,5.24,1.49,0,0,8.6,5.21,0,0,2.5,69.5,0,22.13,0,0,0,0,0,0,0,2.11,1.42012085,3.71,0,0
21/05/2024 10:00,32.87,0,0.46,1.08,1.355414092,26.78,2.06,0.36,0.1,0.8,2.238023561,12.44,15.67,1.93,0,0,0,0,0,1.209928088,5.24,1.49,0,0,8.6,5.21,0,0,2.5,69.5,0,22.13,0,0,0,0,0,0,0,2.11,1.488855472,3.71,0,0
21/05/2024 10:30,32.87,0,0.46,1.08,1.399417092,26.78,2.06,0.36,0.1,0.8,2.327174852,12.44,15.67,1.93,0,0,0,0,0,1.23970634,5.24,1.49,0,0,8.6,5.21,0,0,2.5,69.5,0,22.13,0,0,0,0,0,0,0,2.11,1.544916825,3.71,0,0
21/05/2024 11:00,32.87,0,0.46,1.08,1.446714339,26.78,2.06,0.36,0.1,0.8,2.395251356,12.44,15.67,1.93,0,0,0,0,0,1.253346924,5.24,1.49,0,0,8.6,5.21,0,0,2.5,69.5,0,22.13,0,0,0,0,0,0,0,2.11,1.593379771,3.71,0,0
21/05/2024 11:30,32.87,0,0.46,1.08,1.486140079,26.78,2.06,0.36,0.1,0.8,2.45276058,12.44,15.67,1.93,0,0,0,0,0,1.276947888,5.24,1.49,0,0,8.6,5.21,0,0,2.5,69.5,0,22.13,0,0,0,0,0,0,0,2.11,1.635097917,3.71,0,0
21/05/2024 12:00,32.87,0,0.46,1.08,1.508710018,26.78,2.06,0.36,0.1,0.8,2.50266256,12.44,15.67,1.93,0,0,0,0,0,1.30280777,5.24,1.49,0,0,8.6,5.21,0,0,2.5,69.5,0,22.13,0,0,0,0,0,0,0,2.11,1.668913971,3.71,0,0
21/05/2024 12:30,32.87,0,0.46,1.08,1.531814774,26.78,2.06,0.36,0.1,0.8,2.556627184,12.44,15.67,1.93,0,0,0,0,0,1.318376987,5.24,1.49,0,0,8.6,5.21,0,0,2.5,69.5,0,22.13,0,0,0,0,0,0,0,2.11,1.698085557,3.71,0,0
21/05/2024 13:00,32.87,0,0.46,1.08,1.587195418,26.78,2.06,0.36,0.1,0.8,2.606040509,12.44,15.67,1.93,0,0,0,0,0,1.309845571,5.24,1.49,0,0,8.6,5.21,0,0,2.5,69.5,0,22.13,0,0,0,0,0,0,0,2.11,1.736297189,3.71,0,0
21/05/2024 13:30,32.87,0,0.46,1.08,1.635354356,26.78,2.06,0.36,0.1,0.8,2.664063514,12.44,15.67,1.93,0,0,0,0,0,1.30950179,5.24,1.49,0,0,8.6,5.21,0,0,2.5,69.5,0,22.13,0,0,0,0,0,0,0,2.11,1.780969618,3.71,0,0
21/05/2024 14:00,32.87,0,0.46,1.08,1.673223723,26.78,2.06,0.36,0.1,0.8,2.766158943,12.44,15.67,1.93,0,0,0,0,0,1.334165716,5.24,1.49,0,0,8.6,5.21,0,0,2.5,69.5,0,22.13,0,0,0,0,0,0,0,2.11,1.843085797,3.71,0,0
21/05/2024 14:30,32.87,0,0.46,1.08,1.685127918,26.78,2.06,0.36,0.1,0.8,2.817685281,12.44,15.67,1.93,0,0,0,0,0,1.345596495,5.24,1.49,0,0,8.6,5.21,0,0,2.5,69.5,0,22.13,0,0,0,0,0,0,0,2.11,1.884257835,3.71,0,0
21/05/2024 15:00,32.87,0,0.46,1.08,1.730416754,26.78,2.06,0.36,0.1,0.8,2.888544853,12.44,15.67,1.93,0,0,0,0,0,1.34947277,5.24,1.49,0,0,8.6,5.21,0,0,2.5,69.5,0,22.13,0,0,0,0,0,0,0,2.11,1.910721595,3.71,0,0
21/05/2024 15:30,32.87,0,0.46,1.08,1.780444448,26.78,2.06,0.36,0.1,0.8,2.984765223,12.44,15.67,1.93,0,0,0,0,0,1.354841335,5.24,1.49,0,0,8.6,5.21,0,0,2.5,69.5,0,22.13,0,0,0,0,0,0,0,2.11,1.957123647,3.71,0,0
21/05/2024 16:00,32.87,0,0.46,1.08,1.773414319,26.78,2.06,0.36,0.1,0.8,2.991762629,12.44,15.67,1.93,0,0,0,0,0,1.365759669,5.24,1.49,0,0,8.6,5.21,0,0,2.5,69.5,0,22.13,0,0,0,0,0,0,0,2.11,1.957460024,3.71,0,0
21/05/2024 16:30,32.87,0,0.46,1.08,1.677070009,26.78,2.06,0.36,0.1,0.8,2.837519382,12.44,15.67,1.93,0,0,0,0,0,1.320014847,5.24,1.49,0,0,8.6,5.21,0,0,2.5,69.5,0,22.13,0,0,0,0,0,0,0,2.11,1.901138659,3.71,0,0
21/05/2024 17:00,32.87,0,0.46,1.08,1.627977936,26.78,2.06,0.36,0.1,0.8,2.714356862,12.44,15.67,1.93,0,0,0,0,0,1.188148852,5.24,1.49,0,0,8.6,5.21,0,0,2.5,69.5,0,22.13,0,0,0,0,0,0,0,2.11,1.858622138,3.71,0,0
21/05/2024 17:30,32.87,0,0.46,1.08,1.682813458,26.78,2.06,0.36,0.1,0.8,2.760161381,12.44,15.67,1.93,0,0,0,0,0,1.130702975,5.24,1.49,0,0,8.6,5.21,0,0,2.5,69.5,0,22.13,0,0,0,0,0,0,0,2.11,1.899232692,3.71,0,0
21/05/2024 18:00,32.87,0,0.46,1.08,1.808521547,26.78,2.06,0.36,0.1,0.8,3.016520094,12.44,15.67,1.93,0,0,0,0,0,1.24065612,5.24,1.49,0,0,8.6,5.21,0,0,2.5,69.5,0,22.13,0,0,0,0,0,0,0,2.11,2.008204857,3.71,0,0
21/05/2024 18:30,32.87,0,0.46,1.08,1.840845765,26.78,2.06,0.36,0.1,0.8,3.215406297,12.44,15.67,1.93,0,0,0,0,0,1.325107783,5.24,1.49,0,0,8.6,5.21,0,0,2.5,69.5,0,22.13,0,0,0,0,0,0,0,2.11,2.083567228,3.71,0,0
21/05/2024 19:00,32.87,0,0.46,1.08,1.807075033,26.78,2.06,0.36,0.1,0.8,3.174053539,12.44,15.67,1.93,0,0,0,0,0,1.368530016,5.24,1.49,0,0,8.6,5.21,0,0,2.5,69.5,0,22.13,0,0,0,0,0,0,0,2.11,2.114772954,3.71,0,0
21/05/2024 19:30,32.87,0,0.46,1.08,1.708921686,26.78,2.06,0.36,0.1,0.8,2.953897892,12.44,15.67,1.93,0,0,0,0,0,1.379719571,5.24,1.49,0,0,8.6,5.21,0,0,2.5,69.5,0,22.13,0,0,0,0,0,0,0,2.11,2.031574817,3.71,0,0
21/05/2024 20:00,32.87,0,0.46,1.08,1.56911409,26.78,2.06,0.36,0.1,0.8,2.651461554,12.44,15.67,1.93,0,0,0,0,0,1.373469412,5.24,1.49,0,0,8.6,5.21,0,0,2.5,69.5,0,22.13,0,0,0,0,0,0,0,2.11,1.863321062,3.71,0,0
21/05/2024 20:30,32.87,0,0.46,1.08,1.421617578,26.78,2.06,0.36,0.1,0.8,2.346888047,12.44,15.67,1.93,0,0,0,0,0,1.354657258,5.24,1.49,0,0,8.6,5.21,0,0,2.5,69.5,0,22.13,0,0,0,0,0,0,0,2.11,1.684006273,3.71,0,0
21/05/2024 21:00,32.87,0,0.46,1.08,1.319686142,26.78,2.06,0.36,0.1,0.8,2.119831797,12.44,15.67,1.93,0,0,0,0,0,1.344936241,5.24,1.49,0,0,8.6,5.21,0,0,2.5,69.5,0,22.13,0,0,0,0,0,0,0,2.11,1.53290329,3.71,0,0
21/05/2024 21:30,32.87,0,0.46,1.08,1.246462779,26.78,2.06,0.36,0.1,0.8,1.996561588,12.44,15.67,1.93,0,0,0,0,0,1.332122973,5.24,1.49,0,0,8.6,5.21,0,0,2.5,69.5,0,22.13,0,0,0,0,0,0,0,2.11,1.445754617,3.71,0,0
21/05/2024 22:00,32.87,0,0.46,1.08,1.22107184,26.78,2.06,0.36,0.1,0.8,1.955551842,12.44,15.67,1.93,0,0,0,0,0,1.335959795,5.24,1.49,0,0,8.6,5.21,0,0,2.5,69.5,0,22.13,0,0,0,0,0,0,0,2.11,1.370853391,3.71,0,0
21/05/2024 22:30,32.87,0,0.46,1.08,1.1797892,26.78,2.06,0.36,0.1,0.8,1.901766043,12.44,15.67,1.93,0,0,0,0,0,1.339338498,5.24,1.49,0,0,8.6,5.21,0,0,2.5,69.5,0,22.13,0,0,0,0,0,0,0,2.11,1.303858556,3.71,0,0
21/05/2024 23:00,32.87,0,0.46,1.08,1.156792592,26.78,2.06,0.36,0.1,0.8,1.853775889,12.44,15.67,1.93,0,0,0,0,0,1.334617241,5.24,1.49,0,0,8.6,5.21,0,0,2.5,69.5,0,22.13,0,0,0,0,0,0,0,2.11,1.250858981,3.71,0,0
21/05/2024 23:30,32.87,0,0.46,1.08,1.136316623,26.78,2.06,0.36,0.1,0.8,1.805692473,12.44,15.67,1.93,0,0,0,0,0,1.326424502,5.24,1.49,0,0,8.6,5.21,0,0,2.5,69.5,0,22.13,0,0,0,0,0,0,0,2.11,1.213168797,3.71,0,0
22/05/2024 0:00,32.87,0,0.46,1.08,1.092952585,26.78,2.06,0.36,0.1,0.8,1.765325557,12.44,15.67,1.93,0,0,0,0,0,1.315825454,5.24,1.49,0,0,8.6,5.21,0,0,2.5,69.5,0,22.13,0,0,0,0,0,0,0,2.11,1.180881569,3.71,0,0
22/05/2024 0:30,32.87,0,0.46,1.08,1.069523297,26.78,2.06,0.36,0.1,0.8,1.730692797,12.44,15.67,1.93,0,0,0,0,0,1.312257427,5.24,1.49,0,0,8.6,5.21,0,0,2.5,69.5,0,22.13,0,0,0,0,0,0,0,2.11,1.154649303,3.71,0,0
22/05/2024 1:00,32.87,0,0.46,1.08,1.073412513,26.78,2.06,0.36,0.1,0.8,1.705468143,12.44,15.67,1.93,0,0,0,0,0,1.305932263,5.24,1.49,0,0,8.6,5.21,0,0,2.5,69.5,0,22.13,0,0,0,0,0,0,0,2.11,1.139578778,3.71,0,0
22/05/2024 1:30,32.87,0,0.46,1.08,1.062721719,26.78,2.06,0.36,0.1,0.8,1.683890664,12.44,15.67,1.93,0,0,0,0,0,1.303622081,5.24,1.49,0,0,8.6,5.21,0,0,2.5,69.5,0,22.13,0,0,0,0,0,0,0,2.11,1.124880738,3.71,0,0
22/05/2024 2:00,32.87,0,0.46,1.08,1.060752473,26.78,2.06,0.36,0.1,0.8,1.707918088,12.44,15.67,1.93,0,0,0,0,0,1.311347401,5.24,1.49,0,0,8.6,5.21,0,0,2.5,69.5,0,22.13,0,0,0,0,0,0,0,2.11,1.118633284,3.71,0,0
22/05/2024 2:30,32.87,0,0.46,1.08,1.051802215,26.78,2.06,0.36,0.1,0.8,1.711201198,12.44,15.67,1.93,0,0,0,0,0,1.317668178,5.24,1.49,0,0,8.6,5.21,0,0,2.5,69.5,0,22.13,0,0,0,0,0,0,0,2.11,1.12047997,3.71,0,0
22/05/2024 3:00,32.87,0,0.46,1.08,1.095148836,26.78,2.06,0.36,0.1,0.8,1.756196099,12.44,15.67,1.93,0,0,0,0,0,1.322980104,5.24,1.49,0,0,8.6,5.21,0,0,2.5,69.5,0,22.13,0,0,0,0,0,0,0,2.11,1.130807083,3.71,0,0
22/05/2024 3:30,32.87,0,0.46,1.08,1.189438416,26.78,2.06,0.36,0.1,0.8,1.92270119,12.44,15.67,1.93,0,0,0,0,0,1.30961933,5.24,1.49,0,0,8.6,5.21,0,0,2.5,69.5,0,22.13,0,0,0,0,0,0,0,2.11,1.203951764,3.71,0,0
22/05/2024 4:00,32.87,0,0.46,1.08,1.356501119,26.78,2.06,0.36,0.1,0.8,2.169320188,12.44,15.67,1.93,0,0,0,0,0,1.297721055,5.24,1.49,0,0,8.6,5.21,0,0,2.5,69.5,0,22.13,0,0,0,0,0,0,0,2.11,1.327888777,3.71,0,0
22/05/2024 4:30,32.87,0,0.46,1.08,1.369389656,26.78,2.06,0.36,0.1,0.8,2.212829249,12.44,15.67,1.93,0,0,0,0,0,1.265725214,5.24,1.49,0,0,8.6,5.21,0,0,2.5,69.5,0,22.13,0,0,0,0,0,0,0,2.11,1.379588265,3.71,0,0
22/05/2024 5:00,32.87,0,0.46,1.08,1.202325929,26.78,2.06,0.36,0.1,0.8,2.032534681,12.44,15.67,1.93,0,0,0,0,0,1.210363103,5.24,1.49,0,0,8.6,5.21,0,0,2.5,69.5,0,22.13,0,0,0,0,0,0,0,2.11,1.34553136,3.71,0,0
22/05/2024 5:30,32.87,0,0.46,1.08,1.156037768,26.78,2.06,0.36,0.1,0.8,1.909475077,12.44,15.67,1.93,0,0,0,0,0,1.153228544,5.24,1.49,0,0,8.6,5.21,0,0,2.5,69.5,0,22.13,0,0,0,0,0,0,0,2.11,1.322883669,3.71,0,0
22/05/2024 6:00,30.13,0,0.46,1.08,1.551494345,26.78,2.06,0.36,0.1,0.8,2.016478931,12.44,17.67,2.76,0,0,0,0,0,1.113176873,5.24,1.49,0,0,8.6,5.21,0,0,2.5,69.5,0,22.13,0,0,0,0,0,0,0,2.11,1.357541278,0,0,0
22/05/2024 6:30,30.13,0,0.46,1.08,1.556228841,26.78,2.06,0.36,0.1,0.8,2.150145934,12.44,17.67,2.76,0,0,0,0,0,1.055383951,5.24,1.49,0,0,8.6,5.21,0,0,2.5,69.5,0,22.13,0,0,0,0,0,0,0,2.11,1.381711252,0,0,0
22/05/2024 7:00,30.13,0,0.46,1.08,1.546761594,26.78,2.06,0.36,0.1,0.8,2.159940564,12.44,17.67,2.76,0,0,0,0,0,1.059745146,5.24,1.49,0,0,8.6,5.21,0,0,2.5,69.5,0,22.13,0,0,0,0,0,0,0,2.11,1.403521779,0,0,0
22/05/2024 7:30,30.13,0,0.46,1.08,1.539212169,26.78,2.06,0.36,0.1,0.8,2.119178933,12.44,17.67,2.76,0,0,0,0,0,1.075851545,5.24,1.49,0,0,8.6,5.21,0,0,2.5,69.5,0,22.13,0,0,0,0,0,0,0,2.11,1.403154104,0,0,0
22/05/2024 8:00,30.13,0,0.46,1.08,1.233247867,26.78,2.06,0.36,0.1,0.8,2.048924532,12.44,17.67,2.76,0,0,0,0,0,1.096831807,5.24,1.49,0,0,8.6,5.21,0,0,2.5,69.5,0,22.13,0,0,0,0,0,0,0,2.11,1.392012403,0,0,0
22/05/2024 8:30,30.13,0,0.46,1.08,1.229271804,26.78,2.06,0.36,0.1,0.8,2.007394807,12.44,17.67,2.76,0,0,0,0,0,1.133963232,5.24,1.49,0,0,8.6,5.21,0,0,2.5,69.5,0,22.13,0,0,0,0,0,0,0,2.11,1.378257392,0,0,0
22/05/2024 9:00,30.13,0,0.46,1.08,1.253467311,26.78,2.06,0.36,0.1,0.8,1.995074208,12.44,17.67,2.76,0,0,0,0,0,1.154221202,5.24,1.49,0,0,8.6,5.21,0,0,2.5,69.5,0,22.13,0,0,0,0,0,0,0,2.11,1.372922853,0,0,0
22/05/2024 9:30,30.13,0,0.46,1.08,1.295644973,26.78,2.06,0.36,0.1,0.8,2.100343438,12.44,17.67,2.76,0,0,0,0,0,1.179832661,5.24,1.49,0,0,8.6,5.21,0,0,2.5,69.5,0,22.13,0,0,0,0,0,0,0,2.11,1.42012085,0,0,0
22/05/2024 10:00,30.13,0,0.46,1.08,1.345868923,26.78,2.06,0.36,0.1,0.8,2.238023561,12.44,17.67,2.76,0,0,0,0,0,1.209928088,5.24,1.49,0,0,8.6,5.21,0,0,2.5,69.5,0,22.13,0,0,0,0,0,0,0,2.11,1.488855472,0,0,0
22/05/2024 10:30,30.13,0,0.46,1.08,1.389562042,26.78,2.06,0.36,0.1,0.8,2.327174852,12.44,17.67,2.76,0,0,0,0,0,1.23970634,5.24,1.49,0,0,8.6,5.21,0,0,2.5,69.5,0,22.13,0,0,0,0,0,0,0,2.11,1.544916825,0,0,0
22/05/2024 11:00,30.13,0,0.46,1.08,1.43652621,26.78,2.06,0.36,0.1,0.8,2.395251356,12.44,17.67,2.76,0,0,0,0,0,1.253346924,5.24,1.49,0,0,8.6,5.21,0,0,2.5,69.5,0,22.13,0,0,0,0,0,0,0,2.11,1.593379771,0,0,0
22/05/2024 11:30,30.13,0,0.46,1.08,1.475674304,26.78,2.06,0.36,0.1,0.8,2.45276058,12.44,17.67,2.76,0,0,0,0,0,1.276947888,5.24,1.49,0,0,8.6,5.21,0,0,2.5,69.5,0,22.13,0,0,0,0,0,0,0,2.11,1.635097917,0,0,0
22/05/2024 12:00,30.13,0,0.46,1.08,1.498085299,26.78,2.06,0.36,0.1,0.8,2.50266256,12.44,17.67,2.76,0,0,0,0,0,1.30280777,5.24,1.49,0,0,8.6,5.21,0,0,2.5,69.5,0,22.13,0,0,0,0,0,0,0,2.11,1.668913971,0,0,0
22/05/2024 12:30,30.13,0,0.46,1.08,1.521027346,26.78,2.06,0.36,0.1,0.8,2.556627184,12.44,17.67,2.76,0,0,0,0,0,1.318376987,5.24,1.49,0,0,8.6,5.21,0,0,2.5,69.5,0,22.13,0,0,0,0,0,0,0,2.11,1.698085557,0,0,0
22/05/2024 13:00,30.13,0,0.46,1.08,1.576017985,26.78,2.06,0.36,0.1,0.8,2.606040509,12.44,17.67,2.76,0,0,0,0,0,1.309845571,5.24,1.49,0,0,8.6,5.21,0,0,2.5,69.5,0,22.13,0,0,0,0,0,0,0,2.11,1.736297189,0,0,0
22/05/2024 13:30,30.13,0,0.46,1.08,1.623837776,26.78,2.06,0.36,0.1,0.8,2.664063514,12.44,17.67,2.76,0,0,0,0,0,1.30950179,5.24,1.49,0,0,8.6,5.21,0,0,2.5,69.5,0,22.13,0,0,0,0,0,0,0,2.11,1.780969618,0,0,0
22/05/2024 14:00,30.13,0,0.46,1.08,1.661440457,26.78,2.06,0.36,0.1,0.8,2.766158943,12.44,17.67,2.76,0,0,0,0,0,1.334165716,5.24,1.49,0,0,8.6,5.21,0,0,2.5,69.5,0,22.13,0,0,0,0,0,0,0,2.11,1.843085797,0,0,0
22/05/2024 14:30,30.13,0,0.46,1.08,1.67326082,26.78,2.06,0.36,0.1,0.8,2.817685281,12.44,17.67,2.76,0,0,0,0,0,1.345596495,5.24,1.49,0,0,8.6,5.21,0,0,2.5,69.5,0,22.13,0,0,0,0,0,0,0,2.11,1.884257835,0,0,0
22/05/2024 15:00,30.13,0,0.46,1.08,1.71823072,26.78,2.06,0.36,0.1,0.8,2.888544853,12.44,17.67,2.76,0,0,0,0,0,1.34947277,5.24,1.49,0,0,8.6,5.21,0,0,2.5,69.5,0,22.13,0,0,0,0,0,0,0,2.11,1.910721595,0,0,0
22/05/2024 15:30,30.13,0,0.46,1.08,1.767906107,26.78,2.06,0.36,0.1,0.8,2.984765223,12.44,17.67,2.76,0,0,0,0,0,1.354841335,5.24,1.49,0,0,8.6,5.21,0,0,2.5,69.5,0,22.13,0,0,0,0,0,0,0,2.11,1.957123647,0,0,0
22/05/2024 16:00,30.13,0,0.46,1.08,1.760925486,26.78,2.06,0.36,0.1,0.8,2.991762629,12.44,17.67,2.76,0,0,0,0,0,1.365759669,5.24,1.49,0,0,8.6,5.21,0,0,2.5,69.5,0,22.13,0,0,0,0,0,0,0,2.11,1.957460024,0,0,0
22/05/2024 16:30,30.13,0,0.46,1.08,1.665259657,26.78,2.06,0.36,0.1,0.8,2.837519382,12.44,17.67,2.76,0,0,0,0,0,1.320014847,5.24,1.49,0,0,8.6,5.21,0,0,2.5,69.5,0,22.13,0,0,0,0,0,0,0,2.11,1.901138659,0,0,0
22/05/2024 17:00,30.13,0,0.46,1.08,1.616513302,26.78,2.06,0.36,0.1,0.8,2.714356862,12.44,17.67,2.76,0,0,0,0,0,1.188148852,5.24,1.49,0,0,8.6,5.21,0,0,2.5,69.5,0,22.13,0,0,0,0,0,0,0,2.11,1.858622138,0,0,0
22/05/2024 17:30,30.13,0,0.46,1.08,1.670962659,26.78,2.06,0.36,0.1,0.8,2.760161381,12.44,17.67,2.76,0,0,0,0,0,1.130702975,5.24,1.49,0,0,8.6,5.21,0,0,2.5,69.5,0,22.13,0,0,0,0,0,0,0,2.11,1.899232692,0,0,0
22/05/2024 18:00,30.13,0,0.46,1.08,1.79578548,26.78,2.06,0.36,0.1,0.8,3.016520094,12.44,17.67,2.76,0,0,0,0,0,1.24065612,5.24,1.49,0,0,8.6,5.21,0,0,2.5,69.5,0,22.13,0,0,0,0,0,0,0,2.11,2.008204857,0,0,0
22/05/2024 18:30,30.13,0,0.46,1.08,1.827882063,26.78,2.06,0.36,0.1,0.8,3.215406297,12.44,17.67,2.76,0,0,0,0,0,1.325107783,5.24,1.49,0,0,8.6,5.21,0,0,2.5,69.5,0,22.13,0,0,0,0,0,0,0,2.11,2.083567228,0,0,0
22/05/2024 19:00,30.13,0,0.46,1.08,1.794349152,26.78,2.06,0.36,0.1,0.8,3.174053539,12.44,17.67,2.76,0,0,0,0,0,1.368530016,5.24,1.49,0,0,8.6,5.21,0,0,2.5,69.5,0,22.13,0,0,0,0,0,0,0,2.11,2.114772954,0,0,0
22/05/2024 19:30,30.13,0,0.46,1.08,1.696887027,26.78,2.06,0.36,0.1,0.8,2.953897892,12.44,17.67,2.76,0,0,0,0,0,1.379719571,5.24,1.49,0,0,8.6,5.21,0,0,2.5,69.5,0,22.13,0,0,0,0,0,0,0,2.11,2.031574817,0,0,0
22/05/2024 20:00,30.13,0,0.46,1.08,1.55806399,26.78,2.06,0.36,0.1,0.8,2.651461554,12.44,17.67,2.76,0,0,0,0,0,1.373469412,5.24,1.49,0,0,8.6,5.21,0,0,2.5,69.5,0,22.13,0,0,0,0,0,0,0,2.11,1.863321062,0,0,0
22/05/2024 20:30,30.13,0,0.46,1.08,1.411606186,26.78,2.06,0.36,0.1,0.8,2.346888047,12.44,17.67,2.76,0,0,0,0,0,1.354657258,5.24,1.49,0,0,8.6,5.21,0,0,2.5,69.5,0,22.13,0,0,0,0,0,0,0,2.11,1.684006273,0,0,0
22/05/2024 21:00,30.13,0,0.46,1.08,1.310392577,26.78,2.06,0.36,0.1,0.8,2.119831797,12.44,17.67,2.76,0,0,0,0,0,1.344936241,5.24,1.49,0,0,8.6,5.21,0,0,2.5,69.5,0,22.13,0,0,0,0,0,0,0,2.11,1.53290329,0,0,0
22/05/2024 21:30,30.13,0,0.46,1.08,1.237684872,26.78,2.06,0.36,0.1,0.8,1.996561588,12.44,17.67,2.76,0,0,0,0,0,1.332122973,5.24,1.49,0,0,8.6,5.21,0,0,2.5,69.5,0,22.13,0,0,0,0,0,0,0,2.11,1.445754617,0,0,0
22/05/2024 22:00,30.13,0,0.46,1.08,1.212472742,26.78,2.06,0.36,0.1,0.8,1.955551842,12.44,17.67,2.76,0,0,0,0,0,1.335959795,5.24,1.49,0,0,8.6,5.21,0,0,2.5,69.5,0,22.13,0,0,0,0,0,0,0,2.11,1.370853391,0,0,0
22/05/2024 22:30,30.13,0,0.46,1.08,1.171480825,26.78,2.06,0.36,0.1,0.8,1.901766043,12.44,17.67,2.76,0,0,0,0,0,1.339338498,5.24,1.49,0,0,8.6,5.21,0,0,2.5,69.5,0,22.13,0,0,0,0,0,0,0,2.11,1.303858556,0,0,0
22/05/2024 23:00,30.13,0,0.46,1.08,1.148646165,26.78,2.06,0.36,0.1,0.8,1.853775889,12.44,17.67,2.76,0,0,0,0,0,1.334617241,5.24,1.49,0,0,8.6,5.21,0,0,2.5,69.5,0,22.13,0,0,0,0,0,0,0,2.11,1.250858981,0,0,0
22/05/2024 23:30,30.13,0,0.46,1.08,1.128314394,26.78,2.06,0.36,0.1,0.8,1.805692473,12.44,17.67,2.76,0,0,0,0,0,1.326424502,5.24,1.49,0,0,8.6,5.21,0,0,2.5,69.5,0,22.13,0,0,0,0,0,0,0,2.11,1.213168797,0,0,0
23/05/2024 0:00,30.13,0,0.46,1.08,1.092952585,26.78,2.06,0.36,0.1,0.8,1.765325557,12.44,17.67,2.76,0,0,0,0,0,1.315825454,5.24,1.49,0,0,8.6,5.21,0,0,2.5,69.5,0,22.13,0,0,0,0,0,0,0,2.11,1.173213506,0,0,0
23/05/2024 0:30,30.13,0,0.46,1.08,1.069523297,26.78,2.06,0.36,0.1,0.8,1.730692797,12.44,17.67,2.76,0,0,0,0,0,1.312257427,5.24,1.49,0,0,8.6,5.21,0,0,2.5,69.5,0,22.13,0,0,0,0,0,0,0,2.11,1.147151581,0,0,0
23/05/2024 1:00,30.13,0,0.46,1.08,1.073412513,26.78,2.06,0.36,0.1,0.8,1.705468143,12.44,17.67,2.76,0,0,0,0,0,1.305932263,5.24,1.49,0,0,8.6,5.21,0,0,2.5,69.5,0,22.13,0,0,0,0,0,0,0,2.11,1.132178915,0,0,0
23/05/2024 1:30,30.13,0,0.46,1.08,1.062721719,26.78,2.06,0.36,0.1,0.8,1.683890664,12.44,17.67,2.76,0,0,0,0,0,1.303622081,5.24,1.49,0,0,8.6,5.21,0,0,2.5,69.5,0,22.13,0,0,0,0,0,0,0,2.11,1.117576317,0,0,0
23/05/2024 2:00,30.13,0,0.46,1.08,1.060752473,26.78,2.06,0.36,0.1,0.8,1.707918088,12.44,17.67,2.76,0,0,0,0,0,1.311347401,5.24,1.49,0,0,8.6,5.21,0,0,2.5,69.5,0,22.13,0,0,0,0,0,0,0,2.11,1.111369432,0,0,0
23/05/2024 2:30,30.13,0,0.46,1.08,1.051802215,26.78,2.06,0.36,0.1,0.8,1.711201198,12.44,17.67,2.76,0,0,0,0,0,1.317668178,5.24,1.49,0,0,8.6,5.21,0,0,2.5,69.5,0,22.13,0,0,0,0,0,0,0,2.11,1.113204126,0,0,0
23/05/2024 3:00,30.13,0,0.46,1.08,1.095148836,26.78,2.06,0.36,0.1,0.8,1.756196099,12.44,17.67,2.76,0,0,0,0,0,1.322980104,5.24,1.49,0,0,8.6,5.21,0,0,2.5,69.5,0,22.13,0,0,0,0,0,0,0,2.11,1.12346418,0,0,0
23/05/2024 3:30,30.13,0,0.46,1.08,1.189438416,26.78,2.06,0.36,0.1,0.8,1.92270119,12.44,17.67,2.76,0,0,0,0,0,1.30961933,5.24,1.49,0,0,8.6,5.21,0,0,2.5,69.5,0,22.13,0,0,0,0,0,0,0,2.11,1.196133896,0,0,0
23/05/2024 4:00,30.13,0,0.46,1.08,1.356501119,26.78,2.06,0.36,0.1,0.8,2.169320188,12.44,17.67,2.76,0,0,0,0,0,1.297721055,5.24,1.49,0,0,8.6,5.21,0,0,2.5,69.5,0,22.13,0,0,0,0,0,0,0,2.11,1.319266122,0,0,0
23/05/2024 4:30,30.13,0,0.46,1.08,1.369389656,26.78,2.06,0.36,0.1,0.8,2.212829249,12.44,17.67,2.76,0,0,0,0,0,1.265725214,5.24,1.49,0,0,8.6,5.21,0,0,2.5,69.5,0,22.13,0,0,0,0,0,0,0,2.11,1.3706299,0,0,0
23/05/2024 5:00,30.13,0,0.46,1.08,1.202325929,26.78,2.06,0.36,0.1,0.8,2.032534681,12.44,17.67,2.76,0,0,0,0,0,1.210363103,5.24,1.49,0,0,8.6,5.21,0,0,2.5,69.5,0,22.13,0,0,0,0,0,0,0,2.11,1.336794144,0,0,0
23/05/2024 5:30,30.13,0,0.46,1.08,1.156037768,26.78,2.06,0.36,0.1,0.8,1.909475077,12.44,17.67,2.76,0,0,0,0,0,1.153228544,5.24,1.49,0,0,8.6,5.21,0,0,2.5,69.5,0,22.13,0,0,0,0,0,0,0,2.11,1.314293515,0,0,0
23/05/2024 6:00,30.13,0,0.46,1.08,1.551494345,26.78,2.06,0.36,0.1,0.8,2.016478931,12.44,17.67,2.76,0,0,0,0,0,1.113176873,5.24,1.49,0,0,8.6,5.21,0,0,2.5,69.5,0,22.13,0,0,0,0,0,0,0,2.11,1.348726075,0,0,0
23/05/2024 6:30,30.13,0,0.46,1.08,1.556228841,26.78,2.06,0.36,0.1,0.8,2.150145934,12.44,17.67,2.76,0,0,0,0,0,1.055383951,5.24,1.49,0,0,8.6,5.21,0,0,2.5,69.5,0,22.13,0,0,0,0,0,0,0,2.11,1.372739101,0,0,0
23/05/2024 7:00,30.13,0,0.46,1.08,1.546761594,26.78,2.06,0.36,0.1,0.8,2.159940564,12.44,17.67,2.76,0,0,0,0,0,1.059745146,5.24,1.49,0,0,8.6,5.21,0,0,2.5,69.5,0,22.13,0,0,0,0,0,0,0,2.11,1.394408001,0,0,0
23/05/2024 7:30,30.13,0,0.46,1.08,1.539212169,26.78,2.06,0.36,0.1,0.8,2.119178933,12.44,17.67,2.76,0,0,0,0,0,1.075851545,5.24,1.49,0,0,8.6,5.21,0,0,2.5,69.5,0,22.13,0,0,0,0,0,0,0,2.11,1.394042714,0,0,0
23/05/2024 8:00,30.13,0,0.46,1.08,1.233247867,26.78,2.06,0.36,0.1,0.8,2.048924532,12.44,17.67,2.76,0,0,0,0,0,1.096831807,5.24,1.49,0,0,8.6,5.21,0,0,2.5,69.5,0,22.13,0,0,0,0,0,0,0,2.11,1.382973362,0,0,0
23/05/2024 8:30,30.13,0,0.46,1.08,1.229271804,26.78,2.06,0.36,0.1,0.8,2.007394807,12.44,17.67,2.76,0,0,0,0,0,1.133963232,5.24,1.49,0,0,8.6,5.21,0,0,2.5,69.5,0,22.13,0,0,0,0,0,0,0,2.11,1.369307669,0,0,0
23/05/2024 9:00,30.13,0,0.46,1.08,1.253467311,26.78,2.06,0.36,0.1,0.8,1.995074208,12.44,17.67,2.76,0,0,0,0,0,1.154221202,5.24,1.49,0,0,8.6,5.21,0,0,2.5,69.5,0,22.13,0,0,0,0,0,0,0,2.11,1.36400777,0,0,0
23/05/2024 9:30,30.13,0,0.46,1.08,1.295644973,26.78,2.06,0.36,0.1,0.8,2.100343438,12.44,17.67,2.76,0,0,0,0,0,1.179832661,5.24,1.49,0,0,8.6,5.21,0,0,2.5,69.5,0,22.13,0,0,0,0,0,0,0,2.11,1.410899286,0,0,0
23/05/2024 10:00,30.13,0,0.46,1.08,1.345868923,26.78,2.06,0.36,0.1,0.8,2.238023561,12.44,17.67,2.76,0,0,0,0,0,1.209928088,5.24,1.49,0,0,8.6,5.21,0,0,2.5,69.5,0,22.13,0,0,0,0,0,0,0,2.11,1.47918758,0,0,0
23/05/2024 10:30,30.13,0,0.46,1.08,1.389562042,26.78,2.06,0.36,0.1,0.8,2.327174852,12.44,17.67,2.76,0,0,0,0,0,1.23970634,5.24,1.49,0,0,8.6,5.21,0,0,2.5,69.5,0,22.13,0,0,0,0,0,0,0,2.11,1.534884897,0,0,0
23/05/2024 11:00,30.13,0,0.46,1.08,1.43652621,26.78,2.06,0.36,0.1,0.8,2.395251356,12.44,17.67,2.76,0,0,0,0,0,1.253346924,5.24,1.49,0,0,8.6,5.21,0,0,2.5,69.5,0,22.13,0,0,0,0,0,0,0,2.11,1.583033149,0,0,0
23/05/2024 11:30,30.13,0,0.46,1.08,1.475674304,26.78,2.06,0.36,0.1,0.8,2.45276058,12.44,17.67,2.76,0,0,0,0,0,1.276947888,5.24,1.49,0,0,8.6,5.21,0,0,2.5,69.5,0,22.13,0,0,0,0,0,0,0,2.11,1.624480399,0,0,0
23/05/2024 12:00,30.13,0,0.46,1.08,1.498085299,26.78,2.06,0.36,0.1,0.8,2.50266256,12.44,17.67,2.76,0,0,0,0,0,1.30280777,5.24,1.49,0,0,8.6,5.21,0,0,2.5,69.5,0,22.13,0,0,0,0,0,0,0,2.11,1.658076867,0,0,0
23/05/2024 12:30,30.13,0,0.46,1.08,1.521027346,26.78,2.06,0.36,0.1,0.8,2.556627184,12.44,17.67,2.76,0,0,0,0,0,1.318376987,5.24,1.49,0,0,8.6,5.21,0,0,2.5,69.5,0,22.13,0,0,0,0,0,0,0,2.11,1.687059027,0,0,0
23/05/2024 13:00,30.13,0,0.46,1.08,1.576017985,26.78,2.06,0.36,0.1,0.8,2.606040509,12.44,17.67,2.76,0,0,0,0,0,1.309845571,5.24,1.49,0,0,8.6,5.21,0,0,2.5,69.5,0,22.13,0,0,0,0,0,0,0,2.11,1.725022532,0,0,0
23/05/2024 13:30,30.13,0,0.46,1.08,1.623837776,26.78,2.06,0.36,0.1,0.8,2.664063514,12.44,17.67,2.76,0,0,0,0,0,1.30950179,5.24,1.49,0,0,8.6,5.21,0,0,2.5,69.5,0,22.13,0,0,0,0,0,0,0,2.11,1.76940488,0,0,0
23/05/2024 14:00,30.13,0,0.46,1.08,1.661440457,26.78,2.06,0.36,0.1,0.8,2.766158943,12.44,17.67,2.76,0,0,0,0,0,1.334165716,5.24,1.49,0,0,8.6,5.21,0,0,2.5,69.5,0,22.13,0,0,0,0,0,0,0,2.11,1.831117707,0,0,0
23/05/2024 14:30,30.13,0,0.46,1.08,1.67326082,26.78,2.06,0.36,0.1,0.8,2.817685281,12.44,17.67,2.76,0,0,0,0,0,1.345596495,5.24,1.49,0,0,8.6,5.21,0,0,2.5,69.5,0,22.13,0,0,0,0,0,0,0,2.11,1.872022394,0,0,0
23/05/2024 15:00,30.13,0,0.46,1.08,1.71823072,26.78,2.06,0.36,0.1,0.8,2.888544853,12.44,17.67,2.76,0,0,0,0,0,1.34947277,5.24,1.49,0,0,8.6,5.21,0,0,2.5,69.5,0,22.13,0,0,0,0,0,0,0,2.11,1.898314312,0,0,0
23/05/2024 15:30,30.13,0,0.46,1.08,1.767906107,26.78,2.06,0.36,0.1,0.8,2.984765223,12.44,17.67,2.76,0,0,0,0,0,1.354841335,5.24,1.49,0,0,8.6,5.21,0,0,2.5,69.5,0,22.13,0,0,0,0,0,0,0,2.11,1.944415051,0,0,0
23/05/2024 16:00,30.13,0,0.46,1.08,1.760925486,26.78,2.06,0.36,0.1,0.8,2.991762629,12.44,17.67,2.76,0,0,0,0,0,1.365759669,5.24,1.49,0,0,8.6,5.21,0,0,2.5,69.5,0,22.13,0,0,0,0,0,0,0,2.11,1.944749245,0,0,0
23/05/2024 16:30,30.13,0,0.46,1.08,1.665259657,26.78,2.06,0.36,0.1,0.8,2.837519382,12.44,17.67,2.76,0,0,0,0,0,1.320014847,5.24,1.49,0,0,8.6,5.21,0,0,2.5,69.5,0,22.13,0,0,0,0,0,0,0,2.11,1.888793603,0,0,0
23/05/2024 17:00,30.13,0,0.46,1.08,1.616513302,26.78,2.06,0.36,0.1,0.8,2.714356862,12.44,17.67,2.76,0,0,0,0,0,1.188148852,5.24,1.49,0,0,8.6,5.21,0,0,2.5,69.5,0,22.13,0,0,0,0,0,0,0,2.11,1.846553163,0,0,0
23/05/2024 17:30,30.13,0,0.46,1.08,1.670962659,26.78,2.06,0.36,0.1,0.8,2.760161381,12.44,17.67,2.76,0,0,0,0,0,1.130702975,5.24,1.49,0,0,8.6,5.21,0,0,2.5,69.5,0,22.13,0,0,0,0,0,0,0,2.11,1.886900012,0,0,0
23/05/2024 18:00,30.13,0,0.46,1.08,1.79578548,26.78,2.06,0.36,0.1,0.8,3.016520094,12.44,17.67,2.76,0,0,0,0,0,1.24065612,5.24,1.49,0,0,8.6,5.21,0,0,2.5,69.5,0,22.13,0,0,0,0,0,0,0,2.11,1.995164565,0,0,0
23/05/2024 18:30,30.13,0,0.46,1.08,1.827882063,26.78,2.06,0.36,0.1,0.8,3.215406297,12.44,17.67,2.76,0,0,0,0,0,1.325107783,5.24,1.49,0,0,8.6,5.21,0,0,2.5,69.5,0,22.13,0,0,0,0,0,0,0,2.11,2.070037571,0,0,0
23/05/2024 19:00,30.13,0,0.46,1.08,1.794349152,26.78,2.06,0.36,0.1,0.8,3.174053539,12.44,17.67,2.76,0,0,0,0,0,1.368530016,5.24,1.49,0,0,8.6,5.21,0,0,2.5,69.5,0,22.13,0,0,0,0,0,0,0,2.11,2.101040662,0,0,0
23/05/2024 19:30,30.13,0,0.46,1.08,1.696887027,26.78,2.06,0.36,0.1,0.8,2.953897892,12.44,17.67,2.76,0,0,0,0,0,1.379719571,5.24,1.49,0,0,8.6,5.21,0,0,2.5,69.5,0,22.13,0,0,0,0,0,0,0,2.11,2.018382773,0,0,0
23/05/2024 20:00,30.13,0,0.46,1.08,1.55806399,26.78,2.06,0.36,0.1,0.8,2.651461554,12.44,17.67,2.76,0,0,0,0,0,1.373469412,5.24,1.49,0,0,8.6,5.21,0,0,2.5,69.5,0,22.13,0,0,0,0,0,0,0,2.11,1.851221575,0,0,0
23/05/2024 20:30,30.13,0,0.46,1.08,1.411606186,26.78,2.06,0.36,0.1,0.8,2.346888047,12.44,17.67,2.76,0,0,0,0,0,1.354657258,5.24,1.49,0,0,8.6,5.21,0,0,2.5,69.5,0,22.13,0,0,0,0,0,0,0,2.11,1.673071167,0,0,0
23/05/2024 21:00,30.13,0,0.46,1.08,1.310392577,26.78,2.06,0.36,0.1,0.8,2.119831797,12.44,17.67,2.76,0,0,0,0,0,1.344936241,5.24,1.49,0,0,8.6,5.21,0,0,2.5,69.5,0,22.13,0,0,0,0,0,0,0,2.11,1.522949373,0,0,0
23/05/2024 21:30,30.13,0,0.46,1.08,1.237684872,26.78,2.06,0.36,0.1,0.8,1.996561588,12.44,17.67,2.76,0,0,0,0,0,1.332122973,5.24,1.49,0,0,8.6,5.21,0,0,2.5,69.5,0,22.13,0,0,0,0,0,0,0,2.11,1.4363666,0,0,0
23/05/2024 22:00,30.13,0,0.46,1.08,1.212472742,26.78,2.06,0.36,0.1,0.8,1.955551842,12.44,17.67,2.76,0,0,0,0,0,1.335959795,5.24,1.49,0,0,8.6,5.21,0,0,2.5,69.5,0,22.13,0,0,0,0,0,0,0,2.11,1.361951745,0,0,0
23/05/2024 22:30,30.13,0,0.46,1.08,1.171480825,26.78,2.06,0.36,0.1,0.8,1.901766043,12.44,17.67,2.76,0,0,0,0,0,1.339338498,5.24,1.49,0,0,8.6,5.21,0,0,2.5,69.5,0,22.13,0,0,0,0,0,0,0,2.11,1.295391942,0,0,0
23/05/2024 23:00,30.13,0,0.46,1.08,1.148646165,26.78,2.06,0.36,0.1,0.8,1.853775889,12.44,17.67,2.76,0,0,0,0,0,1.334617241,5.24,1.49,0,0,8.6,5.21,0,0,2.5,69.5,0,22.13,0,0,0,0,0,0,0,2.11,1.242736521,0,0,0
23/05/2024 23:30,30.13,0,0.46,1.08,1.128314394,26.78,2.06,0.36,0.1,0.8,1.805692473,12.44,17.67,2.76,0,0,0,0,0,1.326424502,5.24,1.49,0,0,8.6,5.21,0,0,2.5,69.5,0,22.13,0,0,0,0,0,0,0,2.11,1.205291077,0,0,0
24/05/2024 0:00,30.13,0,0.46,1.08,1.085201148,26.78,2.06,0.36,0.1,0.8,1.757650229,12.44,17.67,2.76,0,0,0,0,0,1.315825454,5.24,1.49,0,0,8.6,5.21,0,0,2.5,69.5,0,22.13,0,0,0,0,0,0,0,2.11,1.173213506,0,0,0
24/05/2024 0:30,30.13,0,0.46,1.08,1.061938025,26.78,2.06,0.36,0.1,0.8,1.723168045,12.44,17.67,2.76,0,0,0,0,0,1.312257427,5.24,1.49,0,0,8.6,5.21,0,0,2.5,69.5,0,22.13,0,0,0,0,0,0,0,2.11,1.147151581,0,0,0
24/05/2024 1:00,30.13,0,0.46,1.08,1.065799658,26.78,2.06,0.36,0.1,0.8,1.698053064,12.44,17.67,2.76,0,0,0,0,0,1.305932263,5.24,1.49,0,0,8.6,5.21,0,0,2.5,69.5,0,22.13,0,0,0,0,0,0,0,2.11,1.132178915,0,0,0
24/05/2024 1:30,30.13,0,0.46,1.08,1.055184686,26.78,2.06,0.36,0.1,0.8,1.676569401,12.44,17.67,2.76,0,0,0,0,0,1.303622081,5.24,1.49,0,0,8.6,5.21,0,0,2.5,69.5,0,22.13,0,0,0,0,0,0,0,2.11,1.117576317,0,0,0
24/05/2024 2:00,30.13,0,0.46,1.08,1.053229406,26.78,2.06,0.36,0.1,0.8,1.700492357,12.44,17.67,2.76,0,0,0,0,0,1.311347401,5.24,1.49,0,0,8.6,5.21,0,0,2.5,69.5,0,22.13,0,0,0,0,0,0,0,2.11,1.111369432,0,0,0
24/05/2024 2:30,30.13,0,0.46,1.08,1.044342625,26.78,2.06,0.36,0.1,0.8,1.703761193,12.44,17.67,2.76,0,0,0,0,0,1.317668178,5.24,1.49,0,0,8.6,5.21,0,0,2.5,69.5,0,22.13,0,0,0,0,0,0,0,2.11,1.113204126,0,0,0
24/05/2024 3:00,30.13,0,0.46,1.08,1.087381823,26.78,2.06,0.36,0.1,0.8,1.748560464,12.44,17.67,2.76,0,0,0,0,0,1.322980104,5.24,1.49,0,0,8.6,5.21,0,0,2.5,69.5,0,22.13,0,0,0,0,0,0,0,2.11,1.12346418,0,0,0
24/05/2024 3:30,30.13,0,0.46,1.08,1.181002682,26.78,2.06,0.36,0.1,0.8,1.91434162,12.44,17.67,2.76,0,0,0,0,0,1.30961933,5.24,1.49,0,0,8.6,5.21,0,0,2.5,69.5,0,22.13,0,0,0,0,0,0,0,2.11,1.196133896,0,0,0
24/05/2024 4:00,30.13,0,0.46,1.08,1.346880544,26.78,2.06,0.36,0.1,0.8,2.159888361,12.44,17.67,2.76,0,0,0,0,0,1.297721055,5.24,1.49,0,0,8.6,5.21,0,0,2.5,69.5,0,22.13,0,0,0,0,0,0,0,2.11,1.319266122,0,0,0
24/05/2024 4:30,30.13,0,0.46,1.08,1.359677673,26.78,2.06,0.36,0.1,0.8,2.203208252,12.44,17.67,2.76,0,0,0,0,0,1.265725214,5.24,1.49,0,0,8.6,5.21,0,0,2.5,69.5,0,22.13,0,0,0,0,0,0,0,2.11,1.3706299,0,0,0
24/05/2024 5:00,30.13,0,0.46,1.08,1.193798795,26.78,2.06,0.36,0.1,0.8,2.023697574,12.44,17.67,2.76,0,0,0,0,0,1.210363103,5.24,1.49,0,0,8.6,5.21,0,0,2.5,69.5,0,22.13,0,0,0,0,0,0,0,2.11,1.336794144,0,0,0
24/05/2024 5:30,30.13,0,0.46,1.08,1.147838918,26.78,2.06,0.36,0.1,0.8,1.901173011,12.44,17.67,2.76,0,0,0,0,0,1.153228544,5.24,1.49,0,0,8.6,5.21,0,0,2.5,69.5,0,22.13,0,0,0,0,0,0,0,2.11,1.314293515,0,0,0
24/05/2024 6:00,30.13,0,0.46,1.08,1.540490839,26.78,2.06,0.36,0.1,0.8,2.007711631,9.8,17.67,2.76,0,0,0,0,0,1.113176873,5.22,1.49,0,0,8.6,5.21,0,0,2.5,69.5,0,22.13,0,0,0,0,0,0,0,2.11,1.348726075,0,0,0
24/05/2024 6:30,30.13,0,0.46,1.08,1.545191757,26.78,2.06,0.36,0.1,0.8,2.140797473,9.8,17.67,2.76,0,0,0,0,0,1.055383951,5.22,1.49,0,0,8.6,5.21,0,0,2.5,69.5,0,22.13,0,0,0,0,0,0,0,2.11,1.372739101,0,0,0
24/05/2024 7:00,30.13,0,0.46,1.08,1.535791653,26.78,2.06,0.36,0.1,0.8,2.150549518,9.8,17.67,2.76,0,0,0,0,0,1.059745146,5.22,1.49,0,0,8.6,5.21,0,0,2.5,69.5,0,22.13,0,0,0,0,0,0,0,2.11,1.394408001,0,0,0
24/05/2024 7:30,30.13,0,0.46,1.08,1.52829577,26.78,2.06,0.36,0.1,0.8,2.109965112,9.8,17.67,2.76,0,0,0,0,0,1.075851545,5.22,1.49,0,0,8.6,5.21,0,0,2.5,69.5,0,22.13,0,0,0,0,0,0,0,2.11,1.394042714,0,0,0
24/05/2024 8:00,30.13,0,0.46,1.08,1.224501428,26.78,2.06,0.36,0.1,0.8,2.040016164,9.8,17.67,2.76,0,0,0,0,0,1.096831807,5.22,1.49,0,0,8.6,5.21,0,0,2.5,69.5,0,22.13,0,0,0,0,0,0,0,2.11,1.382973362,0,0,0
24/05/2024 8:30,30.13,0,0.46,1.08,1.220553565,26.78,2.06,0.36,0.1,0.8,1.998667004,9.8,17.67,2.76,0,0,0,0,0,1.133963232,5.22,1.49,0,0,8.6,5.21,0,0,2.5,69.5,0,22.13,0,0,0,0,0,0,0,2.11,1.369307669,0,0,0
24/05/2024 9:00,30.13,0,0.46,1.08,1.244577471,26.78,2.06,0.36,0.1,0.8,1.986399972,9.8,17.67,2.76,0,0,0,0,0,1.154221202,5.22,1.49,0,0,8.6,5.21,0,0,2.5,69.5,0,22.13,0,0,0,0,0,0,0,2.11,1.36400777,0,0,0
24/05/2024 9:30,30.13,0,0.46,1.08,1.286456002,26.78,2.06,0.36,0.1,0.8,2.09121151,9.8,17.67,2.76,0,0,0,0,0,1.179832661,5.22,1.49,0,0,8.6,5.21,0,0,2.5,69.5,0,22.13,0,0,0,0,0,0,0,2.11,1.410899286,0,0,0
24/05/2024 10:00,30.13,0,0.46,1.08,1.336323753,26.78,2.06,0.36,0.1,0.8,2.228293023,9.8,17.67,2.76,0,0,0,0,0,1.209928088,5.22,1.49,0,0,8.6,5.21,0,0,2.5,69.5,0,22.13,0,0,0,0,0,0,0,2.11,1.47918758,0,0,0
24/05/2024 10:30,30.13,0,0.46,1.08,1.379706992,26.78,2.06,0.36,0.1,0.8,2.3170567,9.8,17.67,2.76,0,0,0,0,0,1.23970634,5.22,1.49,0,0,8.6,5.21,0,0,2.5,69.5,0,22.13,0,0,0,0,0,0,0,2.11,1.534884897,0,0,0
24/05/2024 11:00,30.13,0,0.46,1.08,1.426338081,26.78,2.06,0.36,0.1,0.8,2.384837219,9.8,17.67,2.76,0,0,0,0,0,1.253346924,5.22,1.49,0,0,8.6,5.21,0,0,2.5,69.5,0,22.13,0,0,0,0,0,0,0,2.11,1.583033149,0,0,0
24/05/2024 11:30,30.13,0,0.46,1.08,1.465208529,26.78,2.06,0.36,0.1,0.8,2.442096404,9.8,17.67,2.76,0,0,0,0,0,1.276947888,5.22,1.49,0,0,8.6,5.21,0,0,2.5,69.5,0,22.13,0,0,0,0,0,0,0,2.11,1.624480399,0,0,0
24/05/2024 12:00,30.13,0,0.46,1.08,1.487460581,26.78,2.06,0.36,0.1,0.8,2.491781418,9.8,17.67,2.76,0,0,0,0,0,1.30280777,5.22,1.49,0,0,8.6,5.21,0,0,2.5,69.5,0,22.13,0,0,0,0,0,0,0,2.11,1.658076867,0,0,0
24/05/2024 12:30,30.13,0,0.46,1.08,1.510239918,26.78,2.06,0.36,0.1,0.8,2.545511414,9.8,17.67,2.76,0,0,0,0,0,1.318376987,5.22,1.49,0,0,8.6,5.21,0,0,2.5,69.5,0,22.13,0,0,0,0,0,0,0,2.11,1.687059027,0,0,0
24/05/2024 13:00,30.13,0,0.46,1.08,1.564840553,26.78,2.06,0.36,0.1,0.8,2.594709898,9.8,17.67,2.76,0,0,0,0,0,1.309845571,5.22,1.49,0,0,8.6,5.21,0,0,2.5,69.5,0,22.13,0,0,0,0,0,0,0,2.11,1.725022532,0,0,0
24/05/2024 13:30,30.13,0,0.46,1.08,1.612321196,26.78,2.06,0.36,0.1,0.8,2.652480629,9.8,17.67,2.76,0,0,0,0,0,1.30950179,5.22,1.49,0,0,8.6,5.21,0,0,2.5,69.5,0,22.13,0,0,0,0,0,0,0,2.11,1.76940488,0,0,0
24/05/2024 14:00,30.13,0,0.46,1.08,1.649657192,26.78,2.06,0.36,0.1,0.8,2.754132165,9.8,17.67,2.76,0,0,0,0,0,1.334165716,5.22,1.49,0,0,8.6,5.21,0,0,2.5,69.5,0,22.13,0,0,0,0,0,0,0,2.11,1.831117707,0,0,0
24/05/2024 14:30,30.13,0,0.46,1.08,1.661393722,26.78,2.06,0.36,0.1,0.8,2.805434475,9.8,17.67,2.76,0,0,0,0,0,1.345596495,5.22,1.49,0,0,8.6,5.21,0,0,2.5,69.5,0,22.13,0,0,0,0,0,0,0,2.11,1.872022394,0,0,0
24/05/2024 15:00,30.13,0,0.46,1.08,1.706044687,26.78,2.06,0.36,0.1,0.8,2.875985962,9.8,17.67,2.76,0,0,0,0,0,1.34947277,5.22,1.49,0,0,8.6,5.21,0,0,2.5,69.5,0,22.13,0,0,0,0,0,0,0,2.11,1.898314312,0,0,0
24/05/2024 15:30,30.13,0,0.46,1.08,1.755367766,26.78,2.06,0.36,0.1,0.8,2.971787983,9.8,17.67,2.76,0,0,0,0,0,1.354841335,5.22,1.49,0,0,8.6,5.21,0,0,2.5,69.5,0,22.13,0,0,0,0,0,0,0,2.11,1.944415051,0,0,0
24/05/2024 16:00,30.13,0,0.46,1.08,1.748436653,26.78,2.06,0.36,0.1,0.8,2.978754965,9.8,17.67,2.76,0,0,0,0,0,1.365759669,5.22,1.49,0,0,8.6,5.21,0,0,2.5,69.5,0,22.13,0,0,0,0,0,0,0,2.11,1.944749245,0,0,0
24/05/2024 16:30,30.13,0,0.46,1.08,1.653449305,26.78,2.06,0.36,0.1,0.8,2.825182341,9.8,17.67,2.76,0,0,0,0,0,1.320014847,5.22,1.49,0,0,8.6,5.21,0,0,2.5,69.5,0,22.13,0,0,0,0,0,0,0,2.11,1.888793603,0,0,0
24/05/2024 17:00,30.13,0,0.46,1.08,1.605048669,26.78,2.06,0.36,0.1,0.8,2.70255531,9.8,17.67,2.76,0,0,0,0,0,1.188148852,5.22,1.49,0,0,8.6,5.21,0,0,2.5,69.5,0,22.13,0,0,0,0,0,0,0,2.11,1.846553163,0,0,0
24/05/2024 17:30,30.13,0,0.46,1.08,1.65911186,26.78,2.06,0.36,0.1,0.8,2.748160679,9.8,17.67,2.76,0,0,0,0,0,1.130702975,5.22,1.49,0,0,8.6,5.21,0,0,2.5,69.5,0,22.13,0,0,0,0,0,0,0,2.11,1.886900012,0,0,0
24/05/2024 18:00,30.13,0,0.46,1.08,1.783049412,26.78,2.06,0.36,0.1,0.8,3.003404789,9.8,17.67,2.76,0,0,0,0,0,1.24065612,5.22,1.49,0,0,8.6,5.21,0,0,2.5,69.5,0,22.13,0,0,0,0,0,0,0,2.11,1.995164565,0,0,0
24/05/2024 18:30,30.13,0,0.46,1.08,1.81491836,26.78,2.06,0.36,0.1,0.8,3.20142627,9.8,17.67,2.76,0,0,0,0,0,1.325107783,5.22,1.49,0,0,8.6,5.21,0,0,2.5,69.5,0,22.13,0,0,0,0,0,0,0,2.11,2.070037571,0,0,0
24/05/2024 19:00,30.13,0,0.46,1.08,1.781623271,26.78,2.06,0.36,0.1,0.8,3.160253306,9.8,17.67,2.76,0,0,0,0,0,1.368530016,5.22,1.49,0,0,8.6,5.21,0,0,2.5,69.5,0,22.13,0,0,0,0,0,0,0,2.11,2.101040662,0,0,0
24/05/2024 19:30,30.13,0,0.46,1.08,1.684852367,26.78,2.06,0.36,0.1,0.8,2.941054858,9.8,17.67,2.76,0,0,0,0,0,1.379719571,5.22,1.49,0,0,8.6,5.21,0,0,2.5,69.5,0,22.13,0,0,0,0,0,0,0,2.11,2.018382773,0,0,0
24/05/2024 20:00,30.13,0,0.46,1.08,1.547013891,26.78,2.06,0.36,0.1,0.8,2.63993346,9.8,17.67,2.76,0,0,0,0,0,1.373469412,5.22,1.49,0,0,8.6,5.21,0,0,2.5,69.5,0,22.13,0,0,0,0,0,0,0,2.11,1.851221575,0,0,0
24/05/2024 20:30,30.13,0,0.46,1.08,1.401594795,26.78,2.06,0.36,0.1,0.8,2.336684186,9.8,17.67,2.76,0,0,0,0,0,1.354657258,5.22,1.49,0,0,8.6,5.21,0,0,2.5,69.5,0,22.13,0,0,0,0,0,0,0,2.11,1.673071167,0,0,0
24/05/2024 21:00,30.13,0,0.46,1.08,1.301099013,26.78,2.06,0.36,0.1,0.8,2.110615137,9.8,17.67,2.76,0,0,0,0,0,1.344936241,5.22,1.49,0,0,8.6,5.21,0,0,2.5,69.5,0,22.13,0,0,0,0,0,0,0,2.11,1.522949373,0,0,0
24/05/2024 21:30,30.13,0,0.46,1.08,1.228906965,26.78,2.06,0.36,0.1,0.8,1.987880885,9.8,17.67,2.76,0,0,0,0,0,1.332122973,5.22,1.49,0,0,8.6,5.21,0,0,2.5,69.5,0,22.13,0,0,0,0,0,0,0,2.11,1.4363666,0,0,0
24/05/2024 22:00,30.13,0,0.46,1.08,1.203873645,26.78,2.06,0.36,0.1,0.8,1.947049443,9.8,17.67,2.76,0,0,0,0,0,1.335959795,5.22,1.49,0,0,8.6,5.21,0,0,2.5,69.5,0,22.13,0,0,0,0,0,0,0,2.11,1.361951745,0,0,0
24/05/2024 22:30,30.13,0,0.46,1.08,1.163172451,26.78,2.06,0.36,0.1,0.8,1.893497495,9.8,17.67,2.76,0,0,0,0,0,1.339338498,5.22,1.49,0,0,8.6,5.21,0,0,2.5,69.5,0,22.13,0,0,0,0,0,0,0,2.11,1.295391942,0,0,0
24/05/2024 23:00,30.13,0,0.46,1.08,1.140499738,26.78,2.06,0.36,0.1,0.8,1.845715994,9.8,17.67,2.76,0,0,0,0,0,1.334617241,5.22,1.49,0,0,8.6,5.21,0,0,2.5,69.5,0,22.13,0,0,0,0,0,0,0,2.11,1.242736521,0,0,0
24/05/2024 23:30,30.13,0,0.46,1.08,1.120312164,26.78,2.06,0.36,0.1,0.8,1.797841636,9.8,17.67,2.76,0,0,0,0,0,1.326424502,5.22,1.49,0,0,8.6,5.21,0,0,2.5,69.5,0,22.13,0,0,0,0,0,0,0,2.11,1.205291077,0,0,0
25/05/2024 0:00,30.13,0,0.46,1.08,1.085201148,26.78,2.06,0.36,0.1,0.8,1.757650229,9.8,17.67,2.76,0,0,0,0,0,1.315825454,5.22,1.49,0,0,8.6,5.21,0,0,2.5,69.5,0,22.13,0,0,0,0,0,0,0,2.11,1.165545444,0,0,0
25/05/2024 0:30,30.13,0,0.46,1.08,1.061938025,26.78,2.06,0.36,0.1,0.8,1.723168045,9.8,17.67,2.76,0,0,0,0,0,1.312257427,5.22,1.49,0,0,8.6,5.21,0,0,2.5,69.5,0,22.13,0,0,0,0,0,0,0,2.11,1.139653858,0,0,0
25/05/2024 1:00,30.13,0,0.46,1.08,1.065799658,26.78,2.06,0.36,0.1,0.8,1.698053064,9.8,17.67,2.76,0,0,0,0,0,1.305932263,5.22,1.49,0,0,8.6,5.21,0,0,2.5,69.5,0,22.13,0,0,0,0,0,0,0,2.11,1.124779053,0,0,0
25/05/2024 1:30,30.13,0,0.46,1.08,1.055184686,26.78,2.06,0.36,0.1,0.8,1.676569401,9.8,17.67,2.76,0,0,0,0,0,1.303622081,5.22,1.49,0,0,8.6,5.21,0,0,2.5,69.5,0,22.13,0,0,0,0,0,0,0,2.11,1.110271897,0,0,0
25/05/2024 2:00,30.13,0,0.46,1.08,1.053229406,26.78,2.06,0.36,0.1,0.8,1.700492357,9.8,17.67,2.76,0,0,0,0,0,1.311347401,5.22,1.49,0,0,8.6,5.21,0,0,2.5,69.5,0,22.13,0,0,0,0,0,0,0,2.11,1.104105579,0,0,0
25/05/2024 2:30,30.13,0,0.46,1.08,1.044342625,26.78,2.06,0.36,0.1,0.8,1.703761193,9.8,17.67,2.76,0,0,0,0,0,1.317668178,5.22,1.49,0,0,8.6,5.21,0,0,2.5,69.5,0,22.13,0,0,0,0,0,0,0,2.11,1.105928282,0,0,0
25/05/2024 3:00,30.13,0,0.46,1.08,1.087381823,26.78,2.06,0.36,0.1,0.8,1.748560464,9.8,17.67,2.76,0,0,0,0,0,1.322980104,5.22,1.49,0,0,8.6,5.21,0,0,2.5,69.5,0,22.13,0,0,0,0,0,0,0,2.11,1.116121277,0,0,0
25/05/2024 3:30,30.13,0,0.46,1.08,1.181002682,26.78,2.06,0.36,0.1,0.8,1.91434162,9.8,17.67,2.76,0,0,0,0,0,1.30961933,5.22,1.49,0,0,8.6,5.21,0,0,2.5,69.5,0,22.13,0,0,0,0,0,0,0,2.11,1.188316027,0,0,0
25/05/2024 4:00,30.13,0,0.46,1.08,1.346880544,26.78,2.06,0.36,0.1,0.8,2.159888361,9.8,17.67,2.76,0,0,0,0,0,1.297721055,5.22,1.49,0,0,8.6,5.21,0,0,2.5,69.5,0,22.13,0,0,0,0,0,0,0,2.11,1.310643468,0,0,0
25/05/2024 4:30,30.13,0,0.46,1.08,1.359677673,26.78,2.06,0.36,0.1,0.8,2.203208252,9.8,17.67,2.76,0,0,0,0,0,1.265725214,5.22,1.49,0,0,8.6,5.21,0,0,2.5,69.5,0,22.13,0,0,0,0,0,0,0,2.11,1.361671535,0,0,0
25/05/2024 5:00,30.13,0,0.46,1.08,1.193798795,26.78,2.06,0.36,0.1,0.8,2.023697574,9.8,17.67,2.76,0,0,0,0,0,1.210363103,5.22,1.49,0,0,8.6,5.21,0,0,2.5,69.5,0,22.13,0,0,0,0,0,0,0,2.11,1.328056927,0,0,0
25/05/2024 5:30,30.13,0,0.46,1.08,1.147838918,26.78,2.06,0.36,0.1,0.8,1.901173011,9.8,17.67,2.76,0,0,0,0,0,1.153228544,5.22,1.49,0,0,8.6,5.21,0,0,2.5,69.5,0,22.13,0,0,0,0,0,0,0,2.11,1.305703361,0,0,0
25/05/2024 6:00,30.13,0,0.46,1.08,1.540490839,26.78,2.06,0.36,0.1,0.8,2.007711631,12.44,17.67,2.76,0,0,0,0,0,1.113176873,5.21,1.49,0,0,8.6,5.21,0,0,2.5,69.5,0,22.13,0,0,0,0,0,0,0,2.11,1.339910872,0,0,0
25/05/2024 6:30,30.13,0,0.46,1.08,1.545191757,26.78,2.06,0.36,0.1,0.8,2.140797473,12.44,17.67,2.76,0,0,0,0,0,1.055383951,5.21,1.49,0,0,8.6,5.21,0,0,2.5,69.5,0,22.13,0,0,0,0,0,0,0,2.11,1.36376695,0,0,0
25/05/2024 7:00,30.13,0,0.46,1.08,1.535791653,26.78,2.06,0.36,0.1,0.8,2.150549518,12.44,17.67,2.76,0,0,0,0,0,1.059745146,5.21,1.49,0,0,8.6,5.21,0,0,2.5,69.5,0,22.13,0,0,0,0,0,0,0,2.11,1.385294224,0,0,0
25/05/2024 7:30,30.13,0,0.46,1.08,1.52829577,26.78,2.06,0.36,0.1,0.8,2.109965112,12.44,17.67,2.76,0,0,0,0,0,1.075851545,5.21,1.49,0,0,8.6,5.21,0,0,2.5,69.5,0,22.13,0,0,0,0,0,0,0,2.11,1.384931323,0,0,0
25/05/2024 8:00,30.13,0,0.46,1.08,1.224501428,26.78,2.06,0.36,0.1,0.8,2.040016164,12.44,17.67,2.76,0,0,0,0,0,1.096831807,5.21,1.49,0,0,8.6,5.21,0,0,2.5,69.5,0,22.13,0,0,0,0,0,0,0,2.11,1.37393432,0,0,0
25/05/2024 8:30,30.13,0,0.46,1.08,1.220553565,26.78,2.06,0.36,0.1,0.8,1.998667004,12.44,17.67,2.76,0,0,0,0,0,1.133963232,5.21,1.49,0,0,8.6,5.21,0,0,2.5,69.5,0,22.13,0,0,0,0,0,0,0,2.11,1.360357946,0,0,0
25/05/2024 9:00,30.13,0,0.46,1.08,1.244577471,26.78,2.06,0.36,0.1,0.8,1.986399972,12.44,17.67,2.76,0,0,0,0,0,1.154221202,5.21,1.49,0,0,8.6,5.21,0,0,2.5,69.5,0,22.13,0,0,0,0,0,0,0,2.11,1.355092686,0,0,0
25/05/2024 9:30,30.13,0,0.46,1.08,1.286456002,26.78,2.06,0.36,0.1,0.8,2.09121151,12.44,17.67,2.76,0,0,0,0,0,1.179832661,5.21,1.49,0,0,8.6,5.21,0,0,2.5,69.5,0,22.13,0,0,0,0,0,0,0,2.11,1.401677722,0,0,0
25/05/2024 10:00,30.13,0,0.46,1.08,1.336323753,26.78,2.06,0.36,0.1,0.8,2.228293023,12.44,17.67,2.76,0,0,0,0,0,1.209928088,5.21,1.49,0,0,8.6,5.21,0,0,2.5,69.5,0,22.13,0,0,0,0,0,0,0,2.11,1.469519687,0,0,0
25/05/2024 10:30,30.13,0,0.46,1.08,1.379706992,26.78,2.06,0.36,0.1,0.8,2.3170567,12.44,17.67,2.76,0,0,0,0,0,1.23970634,5.21,1.49,0,0,8.6,5.21,0,0,2.5,69.5,0,22.13,0,0,0,0,0,0,0,2.11,1.52485297,0,0,0
25/05/2024 11:00,30.13,0,0.46,1.08,1.426338081,26.78,2.06,0.36,0.1,0.8,2.384837219,12.44,17.67,2.76,0,0,0,0,0,1.253346924,5.21,1.49,0,0,8.6,5.21,0,0,2.5,69.5,0,22.13,0,0,0,0,0,0,0,2.11,1.572686527,0,0,0
25/05/2024 11:30,30.13,0,0.46,1.08,1.465208529,26.78,2.06,0.36,0.1,0.8,2.442096404,12.44,17.67,2.76,0,0,0,0,0,1.276947888,5.21,1.49,0,0,8.6,5.21,0,0,2.5,69.5,0,22.13,0,0,0,0,0,0,0,2.11,1.61386288,0,0,0
25/05/2024 12:00,30.13,0,0.46,1.08,1.487460581,26.78,2.06,0.36,0.1,0.8,2.491781418,12.44,17.67,2.76,0,0,0,0,0,1.30280777,5.21,1.49,0,0,8.6,5.21,0,0,2.5,69.5,0,22.13,0,0,0,0,0,0,0,2.11,1.647239763,0,0,0
25/05/2024 12:30,30.13,0,0.46,1.08,1.510239918,26.78,2.06,0.36,0.1,0.8,2.545511414,12.44,17.67,2.76,0,0,0,0,0,1.318376987,5.21,1.49,0,0,8.6,5.21,0,0,2.5,69.5,0,22.13,0,0,0,0,0,0,0,2.11,1.676032498,0,0,0
25/05/2024 13:00,30.13,0,0.46,1.08,1.564840553,26.78,2.06,0.36,0.1,0.8,2.594709898,12.44,17.67,2.76,0,0,0,0,0,1.309845571,5.21,1.49,0,0,8.6,5.21,0,0,2.5,69.5,0,22.13,0,0,0,0,0,0,0,2.11,1.713747875,0,0,0
25/05/2024 13:30,30.13,0,0.46,1.08,1.612321196,26.78,2.06,0.36,0.1,0.8,2.652480629,12.44,17.67,2.76,0,0,0,0,0,1.30950179,5.21,1.49,0,0,8.6,5.21,0,0,2.5,69.5,0,22.13,0,0,0,0,0,0,0,2.11,1.757840142,0,0,0
25/05/2024 14:00,30.13,0,0.46,1.08,1.649657192,26.78,2.06,0.36,0.1,0.8,2.754132165,12.44,17.67,2.76,0,0,0,0,0,1.334165716,5.21,1.49,0,0,8.6,5.21,0,0,2.5,69.5,0,22.13,0,0,0,0,0,0,0,2.11,1.819149618,0,0,0
25/05/2024 14:30,30.13,0,0.46,1.08,1.661393722,26.78,2.06,0.36,0.1,0.8,2.805434475,12.44,17.67,2.76,0,0,0,0,0,1.345596495,5.21,1.49,0,0,8.6,5.21,0,0,2.5,69.5,0,22.13,0,0,0,0,0,0,0,2.11,1.859786954,0,0,0
25/05/2024 15:00,30.13,0,0.46,1.08,1.706044687,26.78,2.06,0.36,0.1,0.8,2.875985962,12.44,17.67,2.76,0,0,0,0,0,1.34947277,5.21,1.49,0,0,8.6,5.21,0,0,2.5,69.5,0,22.13,0,0,0,0,0,0,0,2.11,1.885907029,0,0,0
25/05/2024 15:30,30.13,0,0.46,1.08,1.755367766,26.78,2.06,0.36,0.1,0.8,2.971787983,12.44,17.67,2.76,0,0,0,0,0,1.354841335,5.21,1.49,0,0,8.6,5.21,0,0,2.5,69.5,0,22.13,0,0,0,0,0,0,0,2.11,1.931706456,0,0,0
25/05/2024 16:00,30.13,0,0.46,1.08,1.748436653,26.78,2.06,0.36,0.1,0.8,2.978754965,12.44,17.67,2.76,0,0,0,0,0,1.365759669,5.21,1.49,0,0,8.6,5.21,0,0,2.5,69.5,0,22.13,0,0,0,0,0,0,0,2.11,1.932038466,0,0,0
25/05/2024 16:30,30.13,0,0.46,1.08,1.653449305,26.78,2.06,0.36,0.1,0.8,2.825182341,12.44,17.67,2.76,0,0,0,0,0,1.320014847,5.21,1.49,0,0,8.6,5.21,0,0,2.5,69.5,0,22.13,0,0,0,0,0,0,0,2.11,1.876448547,0,0,0
25/05/2024 17:00,30.13,0,0.46,1.08,1.605048669,26.78,2.06,0.36,0.1,0.8,2.70255531,12.44,17.67,2.76,0,0,0,0,0,1.188148852,5.21,1.49,0,0,8.6,5.21,0,0,2.5,69.5,0,22.13,0,0,0,0,0,0,0,2.11,1.834484188,0,0,0
25/05/2024 17:30,30.13,0,0.46,1.08,1.65911186,26.78,2.06,0.36,0.1,0.8,2.748160679,12.44,17.67,2.76,0,0,0,0,0,1.130702975,5.21,1.49,0,0,8.6,5.21,0,0,2.5,69.5,0,22.13,0,0,0,0,0,0,0,2.11,1.874567332,0,0,0
25/05/2024 18:00,30.13,0,0.46,1.08,1.783049412,26.78,2.06,0.36,0.1,0.8,3.003404789,12.44,17.67,2.76,0,0,0,0,0,1.24065612,5.21,1.49,0,0,8.6,5.21,0,0,2.5,69.5,0,22.13,0,0,0,0,0,0,0,2.11,1.982124274,0,0,0
25/05/2024 18:30,30.13,0,0.46,1.08,1.81491836,26.78,2.06,0.36,0.1,0.8,3.20142627,12.44,17.67,2.76,0,0,0,0,0,1.325107783,5.21,1.49,0,0,8.6,5.21,0,0,2.5,69.5,0,22.13,0,0,0,0,0,0,0,2.11,2.056507913,0,0,0
25/05/2024 19:00,30.13,0,0.46,1.08,1.781623271,26.78,2.06,0.36,0.1,0.8,3.160253306,12.44,17.67,2.76,0,0,0,0,0,1.368530016,5.21,1.49,0,0,8.6,5.21,0,0,2.5,69.5,0,22.13,0,0,0,0,0,0,0,2.11,2.087308371,0,0,0
25/05/2024 19:30,30.13,0,0.46,1.08,1.684852367,26.78,2.06,0.36,0.1,0.8,2.941054858,12.44,17.67,2.76,0,0,0,0,0,1.379719571,5.21,1.49,0,0,8.6,5.21,0,0,2.5,69.5,0,22.13,0,0,0,0,0,0,0,2.11,2.005190728,0,0,0
25/05/2024 20:00,30.13,0,0.46,1.08,1.547013891,26.78,2.06,0.36,0.1,0.8,2.63993346,12.44,17.67,2.76,0,0,0,0,0,1.373469412,5.21,1.49,0,0,8.6,5.21,0,0,2.5,69.5,0,22.13,0,0,0,0,0,0,0,2.11,1.839122087,0,0,0
25/05/2024 20:30,30.13,0,0.46,1.08,1.401594795,26.78,2.06,0.36,0.1,0.8,2.336684186,12.44,17.67,2.76,0,0,0,0,0,1.354657258,5.21,1.49,0,0,8.6,5.21,0,0,2.5,69.5,0,22.13,0,0,0,0,0,0,0,2.11,1.662136061,0,0,0
25/05/2024 21:00,30.13,0,0.46,1.08,1.301099013,26.78,2.06,0.36,0.1,0.8,2.110615137,12.44,17.67,2.76,0,0,0,0,0,1.344936241,5.21,1.49,0,0,8.6,5.21,0,0,2.5,69.5,0,22.13,0,0,0,0,0,0,0,2.11,1.512995455,0,0,0
25/05/2024 21:30,30.13,0,0.46,1.08,1.228906965,26.78,2.06,0.36,0.1,0.8,1.987880885,12.44,17.67,2.76,0,0,0,0,0,1.332122973,5.21,1.49,0,0,8.6,5.21,0,0,2.5,69.5,0,22.13,0,0,0,0,0,0,0,2.11,1.426978583,0,0,0
25/05/2024 22:00,30.13,0,0.46,1.08,1.203873645,26.78,2.06,0.36,0.1,0.8,1.947049443,12.44,17.67,2.76,0,0,0,0,0,1.335959795,5.21,1.49,0,0,8.6,5.21,0,0,2.5,69.5,0,22.13,0,0,0,0,0,0,0,2.11,1.3530501,0,0,0
25/05/2024 22:30,30.13,0,0.46,1.08,1.163172451,26.78,2.06,0.36,0.1,0.8,1.893497495,12.44,17.67,2.76,0,0,0,0,0,1.339338498,5.21,1.49,0,0,8.6,5.21,0,0,2.5,69.5,0,22.13,0,0,0,0,0,0,0,2.11,1.286925328,0,0,0
25/05/2024 23:00,30.13,0,0.46,1.08,1.140499738,26.78,2.06,0.36,0.1,0.8,1.845715994,12.44,17.67,2.76,0,0,0,0,0,1.334617241,5.21,1.49,0,0,8.6,5.21,0,0,2.5,69.5,0,22.13,0,0,0,0,0,0,0,2.11,1.23461406,0,0,0
25/05/2024 23:30,30.13,0,0.46,1.08,1.120312164,26.78,2.06,0.36,0.1,0.8,1.797841636,12.44,17.67,2.76,0,0,0,0,0,1.326424502,5.21,1.49,0,0,8.6,5.21,0,0,2.5,69.5,0,22.13,0,0,0,0,0,0,0,2.11,1.197413358,0,0,0
26/05/2024 0:00,30.13,0,0.46,1.08,1.077449711,26.78,2.06,0.36,0.1,0.8,1.7499749,12.44,17.67,2.76,0,0,0,0,0,1.315825454,5.21,1.49,0,0,8.6,5.21,0,0,2.5,69.5,0,22.13,0,0,0,0,0,0,0,2.11,1.157877382,0,0,0
26/05/2024 0:30,30.13,0,0.46,1.08,1.054352754,26.78,2.06,0.36,0.1,0.8,1.715643294,12.44,17.67,2.76,0,0,0,0,0,1.312257427,5.21,1.49,0,0,8.6,5.21,0,0,2.5,69.5,0,22.13,0,0,0,0,0,0,0,2.11,1.132156135,0,0,0
26/05/2024 1:00,30.13,0,0.46,1.08,1.058186804,26.78,2.06,0.36,0.1,0.8,1.690637985,12.44,17.67,2.76,0,0,0,0,0,1.305932263,5.21,1.49,0,0,8.6,5.21,0,0,2.5,69.5,0,22.13,0,0,0,0,0,0,0,2.11,1.117379191,0,0,0
26/05/2024 1:30,30.13,0,0.46,1.08,1.047647652,26.78,2.06,0.36,0.1,0.8,1.669248137,12.44,17.67,2.76,0,0,0,0,0,1.303622081,5.21,1.49,0,0,8.6,5.21,0,0,2.5,69.5,0,22.13,0,0,0,0,0,0,0,2.11,1.102967477,0,0,0
26/05/2024 2:00,30.13,0,0.46,1.08,1.045706339,26.78,2.06,0.36,0.1,0.8,1.693066626,12.44,17.67,2.76,0,0,0,0,0,1.311347401,5.21,1.49,0,0,8.6,5.21,0,0,2.5,69.5,0,22.13,0,0,0,0,0,0,0,2.11,1.096841727,0,0,0
26/05/2024 2:30,30.13,0,0.46,1.08,1.036883035,26.78,2.06,0.36,0.1,0.8,1.696321188,12.44,17.67,2.76,0,0,0,0,0,1.317668178,5.21,1.49,0,0,8.6,5.21,0,0,2.5,69.5,0,22.13,0,0,0,0,0,0,0,2.11,1.098652438,0,0,0
26/05/2024 3:00,30.13,0,0.46,1.08,1.07961481,26.78,2.06,0.36,0.1,0.8,1.740924828,12.44,17.67,2.76,0,0,0,0,0,1.322980104,5.21,1.49,0,0,8.6,5.21,0,0,2.5,69.5,0,22.13,0,0,0,0,0,0,0,2.11,1.108778373,0,0,0
26/05/2024 3:30,30.13,0,0.46,1.08,1.172566949,26.78,2.06,0.36,0.1,0.8,1.905982049,12.44,17.67,2.76,0,0,0,0,0,1.30961933,5.21,1.49,0,0,8.6,5.21,0,0,2.5,69.5,0,22.13,0,0,0,0,0,0,0,2.11,1.180498159,0,0,0
26/05/2024 4:00,30.13,0,0.46,1.08,1.337259969,26.78,2.06,0.36,0.1,0.8,2.150456534,12.44,17.67,2.76,0,0,0,0,0,1.297721055,5.21,1.49,0,0,8.6,5.21,0,0,2.5,69.5,0,22.13,0,0,0,0,0,0,0,2.11,1.302020813,0,0,0
26/05/2024 4:30,30.13,0,0.46,1.08,1.34996569,26.78,2.06,0.36,0.1,0.8,2.193587255,12.44,17.67,2.76,0,0,0,0,0,1.265725214,5.21,1.49,0,0,8.6,5.21,0,0,2.5,69.5,0,22.13,0,0,0,0,0,0,0,2.11,1.352713169,0,0,0
26/05/2024 5:00,30.13,0,0.46,1.08,1.185271661,26.78,2.06,0.36,0.1,0.8,2.014860466,12.44,17.67,2.76,0,0,0,0,0,1.210363103,5.21,1.49,0,0,8.6,5.21,0,0,2.5,69.5,0,22.13,0,0,0,0,0,0,0,2.11,1.319319711,0,0,0
26/05/2024 5:30,30.13,0,0.46,1.08,1.139640069,26.78,2.06,0.36,0.1,0.8,1.892870946,12.44,17.67,2.76,0,0,0,0,0,1.153228544,5.21,1.49,0,0,8.6,5.21,0,0,2.5,69.5,0,22.13,0,0,0,0,0,0,0,2.11,1.297113208,0,0,0
26/05/2024 6:00,30.92,0,0.46,1.08,1.529487333,26.78,2.06,0.36,0.1,0.8,1.998944331,9.8,17.67,2.99,0,0,0,0,0,1.113176873,5.21,1.49,0,0,8.6,5.21,0,0,2.5,69.5,0,22.13,0,0,0,0,0,0,0,2.11,1.331095669,0,0,0
26/05/2024 6:30,30.92,0,0.46,1.08,1.534154673,26.78,2.06,0.36,0.1,0.8,2.131449013,9.8,17.67,2.99,0,0,0,0,0,1.055383951,5.21,1.49,0,0,8.6,5.21,0,0,2.5,69.5,0,22.13,0,0,0,0,0,0,0,2.11,1.354794799,0,0,0
26/05/2024 7:00,30.92,0,0.46,1.08,1.524821713,26.78,2.06,0.36,0.1,0.8,2.141158472,9.8,17.67,2.99,0,0,0,0,0,1.059745146,5.21,1.49,0,0,8.6,5.21,0,0,2.5,69.5,0,22.13,0,0,0,0,0,0,0,2.11,1.376180446,0,0,0
26/05/2024 7:30,30.92,0,0.46,1.08,1.517379372,26.78,2.06,0.36,0.1,0.8,2.10075129,9.8,17.67,2.99,0,0,0,0,0,1.075851545,5.21,1.49,0,0,8.6,5.21,0,0,2.5,69.5,0,22.13,0,0,0,0,0,0,0,2.11,1.375819933,0,0,0
26/05/2024 8:00,30.92,0,0.46,1.08,1.215754989,26.78,2.06,0.36,0.1,0.8,2.031107797,9.8,17.67,2.99,0,0,0,0,0,1.096831807,5.21,1.49,0,0,8.6,5.21,0,0,2.5,69.5,0,22.13,0,0,0,0,0,0,0,2.11,1.364895279,0,0,0
26/05/2024 8:30,30.92,0,0.46,1.08,1.211835325,26.78,2.06,0.36,0.1,0.8,1.9899392,9.8,17.67,2.99,0,0,0,0,0,1.133963232,5.21,1.49,0,0,8.6,5.21,0,0,2.5,69.5,0,22.13,0,0,0,0,0,0,0,2.11,1.351408222,0,0,0
26/05/2024 9:00,30.92,0,0.46,1.08,1.235687632,26.78,2.06,0.36,0.1,0.8,1.977725736,9.8,17.67,2.99,0,0,0,0,0,1.154221202,5.21,1.49,0,0,8.6,5.21,0,0,2.5,69.5,0,22.13,0,0,0,0,0,0,0,2.11,1.346177603,0,0,0
26/05/2024 9:30,30.92,0,0.46,1.08,1.27726703,26.78,2.06,0.36,0.1,0.8,2.082079582,9.8,17.67,2.99,0,0,0,0,0,1.179832661,5.21,1.49,0,0,8.6,5.21,0,0,2.5,69.5,0,22.13,0,0,0,0,0,0,0,2.11,1.392456158,0,0,0
26/05/2024 10:00,30.92,0,0.46,1.08,1.326778583,26.78,2.06,0.36,0.1,0.8,2.218562486,9.8,17.67,2.99,0,0,0,0,0,1.209928088,5.21,1.49,0,0,8.6,5.21,0,0,2.5,69.5,0,22.13,0,0,0,0,0,0,0,2.11,1.459851794,0,0,0
26/05/2024 10:30,30.92,0,0.46,1.08,1.369851942,26.78,2.06,0.36,0.1,0.8,2.306938549,9.8,17.67,2.99,0,0,0,0,0,1.23970634,5.21,1.49,0,0,8.6,5.21,0,0,2.5,69.5,0,22.13,0,0,0,0,0,0,0,2.11,1.514821042,0,0,0
26/05/2024 11:00,30.92,0,0.46,1.08,1.416149952,26.78,2.06,0.36,0.1,0.8,2.374423083,9.8,17.67,2.99,0,0,0,0,0,1.253346924,5.21,1.49,0,0,8.6,5.21,0,0,2.5,69.5,0,22.13,0,0,0,0,0,0,0,2.11,1.562339905,0,0,0
26/05/2024 11:30,30.92,0,0.46,1.08,1.454742753,26.78,2.06,0.36,0.1,0.8,2.431432227,9.8,17.67,2.99,0,0,0,0,0,1.276947888,5.21,1.49,0,0,8.6,5.21,0,0,2.5,69.5,0,22.13,0,0,0,0,0,0,0,2.11,1.603245361,0,0,0
26/05/2024 12:00,30.92,0,0.46,1.08,1.476835863,26.78,2.06,0.36,0.1,0.8,2.480900277,9.8,17.67,2.99,0,0,0,0,0,1.30280777,5.21,1.49,0,0,8.6,5.21,0,0,2.5,69.5,0,22.13,0,0,0,0,0,0,0,2.11,1.63640266,0,0,0
26/05/2024 12:30,30.92,0,0.46,1.08,1.49945249,26.78,2.06,0.36,0.1,0.8,2.534395643,9.8,17.67,2.99,0,0,0,0,0,1.318376987,5.21,1.49,0,0,8.6,5.21,0,0,2.5,69.5,0,22.13,0,0,0,0,0,0,0,2.11,1.665005968,0,0,0
26/05/2024 13:00,30.92,0,0.46,1.08,1.55366312,26.78,2.06,0.36,0.1,0.8,2.583379287,9.8,17.67,2.99,0,0,0,0,0,1.309845571,5.21,1.49,0,0,8.6,5.21,0,0,2.5,69.5,0,22.13,0,0,0,0,0,0,0,2.11,1.702473218,0,0,0
26/05/2024 13:30,30.92,0,0.46,1.08,1.600804616,26.78,2.06,0.36,0.1,0.8,2.640897744,9.8,17.67,2.99,0,0,0,0,0,1.30950179,5.21,1.49,0,0,8.6,5.21,0,0,2.5,69.5,0,22.13,0,0,0,0,0,0,0,2.11,1.746275404,0,0,0
26/05/2024 14:00,30.92,0,0.46,1.08,1.637873926,26.78,2.06,0.36,0.1,0.8,2.742105387,9.8,17.67,2.99,0,0,0,0,0,1.334165716,5.21,1.49,0,0,8.6,5.21,0,0,2.5,69.5,0,22.13,0,0,0,0,0,0,0,2.11,1.807181528,0,0,0
26/05/2024 14:30,30.92,0,0.46,1.08,1.649526624,26.78,2.06,0.36,0.1,0.8,2.79318367,9.8,17.67,2.99,0,0,0,0,0,1.345596495,5.21,1.49,0,0,8.6,5.21,0,0,2.5,69.5,0,22.13,0,0,0,0,0,0,0,2.11,1.847551513,0,0,0
26/05/2024 15:00,30.92,0,0.46,1.08,1.693858653,26.78,2.06,0.36,0.1,0.8,2.863427072,9.8,17.67,2.99,0,0,0,0,0,1.34947277,5.21,1.49,0,0,8.6,5.21,0,0,2.5,69.5,0,22.13,0,0,0,0,0,0,0,2.11,1.873499746,0,0,0
26/05/2024 15:30,30.92,0,0.46,1.08,1.742829425,26.78,2.06,0.36,0.1,0.8,2.958810743,9.8,17.67,2.99,0,0,0,0,0,1.354841335,5.21,1.49,0,0,8.6,5.21,0,0,2.5,69.5,0,22.13,0,0,0,0,0,0,0,2.11,1.918997861,0,0,0
26/05/2024 16:00,30.92,0,0.46,1.08,1.73594782,26.78,2.06,0.36,0.1,0.8,2.965747302,9.8,17.67,2.99,0,0,0,0,0,1.365759669,5.21,1.49,0,0,8.6,5.21,0,0,2.5,69.5,0,22.13,0,0,0,0,0,0,0,2.11,1.919327686,0,0,0
26/05/2024 16:30,30.92,0,0.46,1.08,1.641638952,26.78,2.06,0.36,0.1,0.8,2.8128453,9.8,17.67,2.99,0,0,0,0,0,1.320014847,5.21,1.49,0,0,8.6,5.21,0,0,2.5,69.5,0,22.13,0,0,0,0,0,0,0,2.11,1.86410349,0,0,0
26/05/2024 17:00,30.92,0,0.46,1.08,1.593584036,26.78,2.06,0.36,0.1,0.8,2.690753759,9.8,17.67,2.99,0,0,0,0,0,1.188148852,5.21,1.49,0,0,8.6,5.21,0,0,2.5,69.5,0,22.13,0,0,0,0,0,0,0,2.11,1.822415213,0,0,0
26/05/2024 17:30,30.92,0,0.46,1.08,1.647261061,26.78,2.06,0.36,0.1,0.8,2.736159978,9.8,17.67,2.99,0,0,0,0,0,1.130702975,5.21,1.49,0,0,8.6,5.21,0,0,2.5,69.5,0,22.13,0,0,0,0,0,0,0,2.11,1.862234652,0,0,0
26/05/2024 18:00,30.92,0,0.46,1.08,1.770313345,26.78,2.06,0.36,0.1,0.8,2.990289484,9.8,17.67,2.99,0,0,0,0,0,1.24065612,5.21,1.49,0,0,8.6,5.21,0,0,2.5,69.5,0,22.13,0,0,0,0,0,0,0,2.11,1.969083983,0,0,0
26/05/2024 18:30,30.92,0,0.46,1.08,1.801954658,26.78,2.06,0.36,0.1,0.8,3.187446243,9.8,17.67,2.99,0,0,0,0,0,1.325107783,5.21,1.49,0,0,8.6,5.21,0,0,2.5,69.5,0,22.13,0,0,0,0,0,0,0,2.11,2.042978256,0,0,0
26/05/2024 19:00,30.92,0,0.46,1.08,1.768897391,26.78,2.06,0.36,0.1,0.8,3.146453073,9.8,17.67,2.99,0,0,0,0,0,1.368530016,5.21,1.49,0,0,8.6,5.21,0,0,2.5,69.5,0,22.13,0,0,0,0,0,0,0,2.11,2.073576079,0,0,0
26/05/2024 19:30,30.92,0,0.46,1.08,1.672817707,26.78,2.06,0.36,0.1,0.8,2.928211824,9.8,17.67,2.99,0,0,0,0,0,1.379719571,5.21,1.49,0,0,8.6,5.21,0,0,2.5,69.5,0,22.13,0,0,0,0,0,0,0,2.11,1.991998684,0,0,0
26/05/2024 20:00,30.92,0,0.46,1.08,1.535963792,26.78,2.06,0.36,0.1,0.8,2.628405367,9.8,17.67,2.99,0,0,0,0,0,1.373469412,5.21,1.49,0,0,8.6,5.21,0,0,2.5,69.5,0,22.13,0,0,0,0,0,0,0,2.11,1.8270226,0,0,0
26/05/2024 20:30,30.92,0,0.46,1.08,1.391583404,26.78,2.06,0.36,0.1,0.8,2.326480325,9.8,17.67,2.99,0,0,0,0,0,1.354657258,5.21,1.49,0,0,8.6,5.21,0,0,2.5,69.5,0,22.13,0,0,0,0,0,0,0,2.11,1.651200956,0,0,0
26/05/2024 21:00,30.92,0,0.46,1.08,1.291805449,26.78,2.06,0.36,0.1,0.8,2.101398477,9.8,17.67,2.99,0,0,0,0,0,1.344936241,5.21,1.49,0,0,8.6,5.21,0,0,2.5,69.5,0,22.13,0,0,0,0,0,0,0,2.11,1.503041538,0,0,0
26/05/2024 21:30,30.92,0,0.46,1.08,1.220129058,26.78,2.06,0.36,0.1,0.8,1.979200182,9.8,17.67,2.99,0,0,0,0,0,1.332122973,5.21,1.49,0,0,8.6,5.21,0,0,2.5,69.5,0,22.13,0,0,0,0,0,0,0,2.11,1.417590566,0,0,0
26/05/2024 22:00,30.92,0,0.46,1.08,1.195274547,26.78,2.06,0.36,0.1,0.8,1.938547043,9.8,17.67,2.99,0,0,0,0,0,1.335959795,5.21,1.49,0,0,8.6,5.21,0,0,2.5,69.5,0,22.13,0,0,0,0,0,0,0,2.11,1.344148455,0,0,0
26/05/2024 22:30,30.92,0,0.46,1.08,1.154864076,26.78,2.06,0.36,0.1,0.8,1.885228947,9.8,17.67,2.99,0,0,0,0,0,1.339338498,5.21,1.49,0,0,8.6,5.21,0,0,2.5,69.5,0,22.13,0,0,0,0,0,0,0,2.11,1.278458714,0,0,0
26/05/2024 23:00,30.92,0,0.46,1.08,1.132353312,26.78,2.06,0.36,0.1,0.8,1.837656099,9.8,17.67,2.99,0,0,0,0,0,1.334617241,5.21,1.49,0,0,8.6,5.21,0,0,2.5,69.5,0,22.13,0,0,0,0,0,0,0,2.11,1.226491599,0,0,0
26/05/2024 23:30,30.92,0,0.46,1.08,1.112309934,26.78,2.06,0.36,0.1,0.8,1.789990799,9.8,17.67,2.99,0,0,0,0,0,1.326424502,5.21,1.49,0,0,8.6,5.21,0,0,2.5,69.5,0,22.13,0,0,0,0,0,0,0,2.11,1.189535638,0,0,0
27/05/2024 0:00,30.92,0,0.46,1.08,1.077449711,26.78,2.06,0.36,0.1,0.8,1.7499749,9.8,17.67,2.99,0,0,0,0,0,1.315825454,5.21,1.49,0,0,8.6,5.21,0,0,2.5,69.5,0,22.13,0,0,0,0,0,0,0,2.11,1.157877382,0,0,0
27/05/2024 0:30,30.92,0,0.46,1.08,1.054352754,26.78,2.06,0.36,0.1,0.8,1.715643294,9.8,17.67,2.99,0,0,0,0,0,1.312257427,5.21,1.49,0,0,8.6,5.21,0,0,2.5,69.5,0,22.13,0,0,0,0,0,0,0,2.11,1.132156135,0,0,0
27/05/2024 1:00,30.92,0,0.46,1.08,1.058186804,26.78,2.06,0.36,0.1,0.8,1.690637985,9.8,17.67,2.99,0,0,0,0,0,1.305932263,5.21,1.49,0,0,8.6,5.21,0,0,2.5,69.5,0,22.13,0,0,0,0,0,0,0,2.11,1.117379191,0,0,0
27/05/2024 1:30,30.92,0,0.46,1.08,1.047647652,26.78,2.06,0.36,0.1,0.8,1.669248137,9.8,17.67,2.99,0,0,0,0,0,1.303622081,5.21,1.49,0,0,8.6,5.21,0,0,2.5,69.5,0,22.13,0,0,0,0,0,0,0,2.11,1.102967477,0,0,0
27/05/2024 2:00,30.92,0,0.46,1.08,1.045706339,26.78,2.06,0.36,0.1,0.8,1.693066626,9.8,17.67,2.99,0,0,0,0,0,1.311347401,5.21,1.49,0,0,8.6,5.21,0,0,2.5,69.5,0,22.13,0,0,0,0,0,0,0,2.11,1.096841727,0,0,0
27/05/2024 2:30,30.92,0,0.46,1.08,1.036883035,26.78,2.06,0.36,0.1,0.8,1.696321188,9.8,17.67,2.99,0,0,0,0,0,1.317668178,5.21,1.49,0,0,8.6,5.21,0,0,2.5,69.5,0,22.13,0,0,0,0,0,0,0,2.11,1.098652438,0,0,0
27/05/2024 3:00,30.92,0,0.46,1.08,1.07961481,26.78,2.06,0.36,0.1,0.8,1.740924828,9.8,17.67,2.99,0,0,0,0,0,1.322980104,5.21,1.49,0,0,8.6,5.21,0,0,2.5,69.5,0,22.13,0,0,0,0,0,0,0,2.11,1.108778373,0,0,0
27/05/2024 3:30,30.92,0,0.46,1.08,1.172566949,26.78,2.06,0.36,0.1,0.8,1.905982049,9.8,17.67,2.99,0,0,0,0,0,1.30961933,5.21,1.49,0,0,8.6,5.21,0,0,2.5,69.5,0,22.13,0,0,0,0,0,0,0,2.11,1.180498159,0,0,0
27/05/2024 4:00,30.92,0,0.46,1.08,1.337259969,26.78,2.06,0.36,0.1,0.8,2.150456534,9.8,17.67,2.99,0,0,0,0,0,1.297721055,5.21,1.49,0,0,8.6,5.21,0,0,2.5,69.5,0,22.13,0,0,0,0,0,0,0,2.11,1.302020813,0,0,0
27/05/2024 4:30,30.92,0,0.46,1.08,1.34996569,26.78,2.06,0.36,0.1,0.8,2.193587255,9.8,17.67,2.99,0,0,0,0,0,1.265725214,5.21,1.49,0,0,8.6,5.21,0,0,2.5,69.5,0,22.13,0,0,0,0,0,0,0,2.11,1.352713169,0,0,0
27/05/2024 5:00,30.92,0,0.46,1.08,1.185271661,26.78,2.06,0.36,0.1,0.8,2.014860466,9.8,17.67,2.99,0,0,0,0,0,1.210363103,5.21,1.49,0,0,8.6,5.21,0,0,2.5,69.5,0,22.13,0,0,0,0,0,0,0,2.11,1.319319711,0,0,0
27/05/2024 5:30,30.92,0,0.46,1.08,1.139640069,26.78,2.06,0.36,0.1,0.8,1.892870946,9.8,17.67,2.99,0,0,0,0,0,1.153228544,5.21,1.49,0,0,8.6,5.21,0,0,2.5,69.5,0,22.13,0,0,0,0,0,0,0,2.11,1.297113208,0,0,0
27/05/2024 6:00,31.43,0,0.46,1.08,1.529487333,26.78,2.06,0.36,0.1,0.8,1.998944331,12.44,17.67,2.76,0,0,0,0,0,1.113176873,5.21,1.49,0,0,8.6,5.21,0,0,2.5,69.5,0,22.13,0,0,0,0,0,0,0,2.11,1.331095669,2.53,0,0
27/05/2024 6:30,31.43,0,0.46,1.08,1.534154673,26.78,2.06,0.36,0.1,0.8,2.131449013,12.44,17.67,2.76,0,0,0,0,0,1.055383951,5.21,1.49,0,0,8.6,5.21,0,0,2.5,69.5,0,22.13,0,0,0,0,0,0,0,2.11,1.354794799,2.53,0,0
27/05/2024 7:00,31.43,0,0.46,1.08,1.524821713,26.78,2.06,0.36,0.1,0.8,2.141158472,12.44,17.67,2.76,0,0,0,0,0,1.059745146,5.21,1.49,0,0,8.6,5.21,0,0,2.5,69.5,0,22.13,0,0,0,0,0,0,0,2.11,1.376180446,2.53,0,0
27/05/2024 7:30,31.43,0,0.46,1.08,1.517379372,26.78,2.06,0.36,0.1,0.8,2.10075129,12.44,17.67,2.76,0,0,0,0,0,1.075851545,5.21,1.49,0,0,8.6,5.21,0,0,2.5,69.5,0,22.13,0,0,0,0,0,0,0,2.11,1.375819933,2.53,0,0
27/05/2024 8:00,31.43,0,0.46,1.08,1.215754989,26.78,2.06,0.36,0.1,0.8,2.031107797,12.44,17.67,2.76,0,0,0,0,0,1.096831807,5.21,1.49,0,0,8.6,5.21,0,0,2.5,69.5,0,22.13,0,0,0,0,0,0,0,2.11,1.364895279,2.53,0,0
27/05/2024 8:30,31.43,0,0.46,1.08,1.211835325,26.78,2.06,0.36,0.1,0.8,1.9899392,12.44,17.67,2.76,0,0,0,0,0,1.133963232,5.21,1.49,0,0,8.6,5.21,0,0,2.5,69.5,0,22.13,0,0,0,0,0,0,0,2.11,1.351408222,2.53,0,0
27/05/2024 9:00,31.43,0,0.46,1.08,1.235687632,26.78,2.06,0.36,0.1,0.8,1.977725736,12.44,17.67,2.76,0,0,0,0,0,1.154221202,5.21,1.49,0,0,8.6,5.21,0,0,2.5,69.5,0,22.13,0,0,0,0,0,0,0,2.11,1.346177603,2.53,0,0
27/05/2024 9:30,31.43,0,0.46,1.08,1.27726703,26.78,2.06,0.36,0.1,0.8,2.082079582,12.44,17.67,2.76,0,0,0,0,0,1.179832661,5.21,1.49,0,0,8.6,5.21,0,0,2.5,69.5,0,22.13,0,0,0,0,0,0,0,2.11,1.392456158,2.53,0,0
27/05/2024 10:00,31.43,0,0.46,1.08,1.326778583,26.78,2.06,0.36,0.1,0.8,2.218562486,12.44,17.67,2.76,0,0,0,0,0,1.209928088,5.21,1.49,0,0,8.6,5.21,0,0,2.5,69.5,0,22.13,0,0,0,0,0,0,0,2.11,1.459851794,2.53,0,0
27/05/2024 10:30,31.43,0,0.46,1.08,1.369851942,26.78,2.06,0.36,0.1,0.8,2.306938549,12.44,17.67,2.76,0,0,0,0,0,1.23970634,5.21,1.49,0,0,8.6,5.21,0,0,2.5,69.5,0,22.13,0,0,0,0,0,0,0,2.11,1.514821042,2.53,0,0
27/05/2024 11:00,31.43,0,0.46,1.08,1.416149952,26.78,2.06,0.36,0.1,0.8,2.374423083,12.44,17.67,2.76,0,0,0,0,0,1.253346924,5.21,1.49,0,0,8.6,5.21,0,0,2.5,69.5,0,22.13,0,0,0,0,0,0,0,2.11,1.562339905,2.53,0,0
27/05/2024 11:30,31.43,0,0.46,1.08,1.454742753,26.78,2.06,0.36,0.1,0.8,2.431432227,12.44,17.67,2.76,0,0,0,0,0,1.276947888,5.21,1.49,0,0,8.6,5.21,0,0,2.5,69.5,0,22.13,0,0,0,0,0,0,0,2.11,1.603245361,2.53,0,0
27/05/2024 12:00,31.43,0,0.46,1.08,1.476835863,26.78,2.06,0.36,0.1,0.8,2.480900277,12.44,17.67,2.76,0,0,0,0,0,1.30280777,5.21,1.49,0,0,8.6,5.21,0,0,2.5,69.5,0,22.13,0,0,0,0,0,0,0,2.11,1.63640266,2.53,0,0
27/05/2024 12:30,31.43,0,0.46,1.08,1.49945249,26.78,2.06,0.36,0.1,0.8,2.534395643,12.44,17.67,2.76,0,0,0,0,0,1.318376987,5.21,1.49,0,0,8.6,5.21,0,0,2.5,69.5,0,22.13,0,0,0,0,0,0,0,2.11,1.665005968,2.53,0,0
27/05/2024 13:00,31.43,0,0.46,1.08,1.55366312,26.78,2.06,0.36,0.1,0.8,2.583379287,12.44,17.67,2.76,0,0,0,0,0,1.309845571,5.21,1.49,0,0,8.6,5.21,0,0,2.5,69.5,0,22.13,0,0,0,0,0,0,0,2.11,1.702473218,2.53,0,0
27/05/2024 13:30,31.43,0,0.46,1.08,1.600804616,26.78,2.06,0.36,0.1,0.8,2.640897744,12.44,17.67,2.76,0,0,0,0,0,1.30950179,5.21,1.49,0,0,8.6,5.21,0,0,2.5,69.5,0,22.13,0,0,0,0,0,0,0,2.11,1.746275404,2.53,0,0
27/05/2024 14:00,31.43,0,0.46,1.08,1.637873926,26.78,2.06,0.36,0.1,0.8,2.742105387,12.44,17.67,2.76,0,0,0,0,0,1.334165716,5.21,1.49,0,0,8.6,5.21,0,0,2.5,69.5,0,22.13,0,0,0,0,0,0,0,2.11,1.807181528,2.53,0,0
27/05/2024 14:30,31.43,0,0.46,1.08,1.649526624,26.78,2.06,0.36,0.1,0.8,2.79318367,12.44,17.67,2.76,0,0,0,0,0,1.345596495,5.21,1.49,0,0,8.6,5.21,0,0,2.5,69.5,0,22.13,0,0,0,0,0,0,0,2.11,1.847551513,2.53,0,0
27/05/2024 15:00,31.43,0,0.46,1.08,1.693858653,26.78,2.06,0.36,0.1,0.8,2.863427072,12.44,17.67,2.76,0,0,0,0,0,1.34947277,5.21,1.49,0,0,8.6,5.21,0,0,2.5,69.5,0,22.13,0,0,0,0,0,0,0,2.11,1.873499746,2.53,0,0
27/05/2024 15:30,31.43,0,0.46,1.08,1.742829425,26.78,2.06,0.36,0.1,0.8,2.958810743,12.44,17.67,2.76,0,0,0,0,0,1.354841335,5.21,1.49,0,0,8.6,5.21,0,0,2.5,69.5,0,22.13,0,0,0,0,0,0,0,2.11,1.918997861,2.53,0,0
27/05/2024 16:00,31.43,0,0.46,1.08,1.73594782,26.78,2.06,0.36,0.1,0.8,2.965747302,12.44,17.67,2.76,0,0,0,0,0,1.365759669,5.21,1.49,0,0,8.6,5.21,0,0,2.5,69.5,0,22.13,0,0,0,0,0,0,0,2.11,1.919327686,2.53,0,0
27/05/2024 16:30,31.43,0,0.46,1.08,1.641638952,26.78,2.06,0.36,0.1,0.8,2.8128453,12.44,17.67,2.76,0,0,0,0,0,1.320014847,5.21,1.49,0,0,8.6,5.21,0,0,2.5,69.5,0,22.13,0,0,0,0,0,0,0,2.11,1.86410349,2.53,0,0
27/05/2024 17:00,31.43,0,0.46,1.08,1.593584036,26.78,2.06,0.36,0.1,0.8,2.690753759,12.44,17.67,2.76,0,0,0,0,0,1.188148852,5.21,1.49,0,0,8.6,5.21,0,0,2.5,69.5,0,22.13,0,0,0,0,0,0,0,2.11,1.822415213,2.53,0,0
27/05/2024 17:30,31.43,0,0.46,1.08,1.647261061,26.78,2.06,0.36,0.1,0.8,2.736159978,12.44,17.67,2.76,0,0,0,0,0,1.130702975,5.21,1.49,0,0,8.6,5.21,0,0,2.5,69.5,0,22.13,0,0,0,0,0,0,0,2.11,1.862234652,2.53,0,0
27/05/2024 18:00,31.43,0,0.46,1.08,1.770313345,26.78,2.06,0.36,0.1,0.8,2.990289484,12.44,17.67,2.76,0,0,0,0,0,1.24065612,5.21,1.49,0,0,8.6,5.21,0,0,2.5,69.5,0,22.13,0,0,0,0,0,0,0,2.11,1.969083983,2.53,0,0
27/05/2024 18:30,31.43,0,0.46,1.08,1.801954658,26.78,2.06,0.36,0.1,0.8,3.187446243,12.44,17.67,2.76,0,0,0,0,0,1.325107783,5.21,1.49,0,0,8.6,5.21,0,0,2.5,69.5,0,22.13,0,0,0,0,0,0,0,2.11,2.042978256,2.53,0,0
27/05/2024 19:00,31.43,0,0.46,1.08,1.768897391,26.78,2.06,0.36,0.1,0.8,3.146453073,12.44,17.67,2.76,0,0,0,0,0,1.368530016,5.21,1.49,0,0,8.6,5.21,0,0,2.5,69.5,0,22.13,0,0,0,0,0,0,0,2.11,2.073576079,2.53,0,0
27/05/2024 19:30,31.43,0,0.46,1.08,1.672817707,26.78,2.06,0.36,0.1,0.8,2.928211824,12.44,17.67,2.76,0,0,0,0,0,1.379719571,5.21,1.49,0,0,8.6,5.21,0,0,2.5,69.5,0,22.13,0,0,0,0,0,0,0,2.11,1.991998684,2.53,0,0
27/05/2024 20:00,31.43,0,0.46,1.08,1.535963792,26.78,2.06,0.36,0.1,0.8,2.628405367,12.44,17.67,2.76,0,0,0,0,0,1.373469412,5.21,1.49,0,0,8.6,5.21,0,0,2.5,69.5,0,22.13,0,0,0,0,0,0,0,2.11,1.8270226,2.53,0,0
27/05/2024 20:30,31.43,0,0.46,1.08,1.391583404,26.78,2.06,0.36,0.1,0.8,2.326480325,12.44,17.67,2.76,0,0,0,0,0,1.354657258,5.21,1.49,0,0,8.6,5.21,0,0,2.5,69.5,0,22.13,0,0,0,0,0,0,0,2.11,1.651200956,2.53,0,0
27/05/2024 21:00,31.43,0,0.46,1.08,1.291805449,26.78,2.06,0.36,0.1,0.8,2.101398477,12.44,17.67,2.76,0,0,0,0,0,1.344936241,5.21,1.49,0,0,8.6,5.21,0,0,2.5,69.5,0,22.13,0,0,0,0,0,0,0,2.11,1.503041538,2.53,0,0
27/05/2024 21:30,31.43,0,0.46,1.08,1.220129058,26.78,2.06,0.36,0.1,0.8,1.979200182,12.44,17.67,2.76,0,0,0,0,0,1.332122973,5.21,1.49,0,0,8.6,5.21,0,0,2.5,69.5,0,22.13,0,0,0,0,0,0,0,2.11,1.417590566,2.53,0,0
27/05/2024 22:00,31.43,0,0.46,1.08,1.195274547,26.78,2.06,0.36,0.1,0.8,1.938547043,12.44,17.67,2.76,0,0,0,0,0,1.335959795,5.21,1.49,0,0,8.6,5.21,0,0,2.5,69.5,0,22.13,0,0,0,0,0,0,0,2.11,1.344148455,2.53,0,0
27/05/2024 22:30,31.43,0,0.46,1.08,1.154864076,26.78,2.06,0.36,0.1,0.8,1.885228947,12.44,17.67,2.76,0,0,0,0,0,1.339338498,5.21,1.49,0,0,8.6,5.21,0,0,2.5,69.5,0,22.13,0,0,0,0,0,0,0,2.11,1.278458714,2.53,0,0
27/05/2024 23:00,31.43,0,0.46,1.08,1.132353312,26.78,2.06,0.36,0.1,0.8,1.837656099,12.44,17.67,2.76,0,0,0,0,0,1.334617241,5.21,1.49,0,0,8.6,5.21,0,0,2.5,69.5,0,22.13,0,0,0,0,0,0,0,2.11,1.226491599,2.53,0,0
27/05/2024 23:30,31.43,0,0.46,1.08,1.112309934,26.78,2.06,0.36,0.1,0.8,1.789990799,12.44,17.67,2.76,0,0,0,0,0,1.326424502,5.21,1.49,0,0,8.6,5.21,0,0,2.5,69.5,0,22.13,0,0,0,0,0,0,0,2.11,1.189535638,2.53,0,0
28/05/2024 0:00,31.43,0,0.46,1.08,1.069698275,26.78,2.06,0.36,0.1,0.8,1.742299572,12.44,17.67,2.76,0,0,0,0,0,1.315825454,5.21,1.49,0,0,8.6,5.21,0,0,2.5,69.5,0,22.13,0,0,0,0,0,0,0,2.11,1.15020932,2.53,0,0
28/05/2024 0:30,31.43,0,0.46,1.08,1.046767482,26.78,2.06,0.36,0.1,0.8,1.708118543,12.44,17.67,2.76,0,0,0,0,0,1.312257427,5.21,1.49,0,0,8.6,5.21,0,0,2.5,69.5,0,22.13,0,0,0,0,0,0,0,2.11,1.124658412,2.53,0,0
28/05/2024 1:00,31.43,0,0.46,1.08,1.050573949,26.78,2.06,0.36,0.1,0.8,1.683222906,12.44,17.67,2.76,0,0,0,0,0,1.305932263,5.21,1.49,0,0,8.6,5.21,0,0,2.5,69.5,0,22.13,0,0,0,0,0,0,0,2.11,1.109979329,2.53,0,0
28/05/2024 1:30,31.43,0,0.46,1.08,1.040110619,26.78,2.06,0.36,0.1,0.8,1.661926873,12.44,17.67,2.76,0,0,0,0,0,1.303622081,5.21,1.49,0,0,8.6,5.21,0,0,2.5,69.5,0,22.13,0,0,0,0,0,0,0,2.11,1.095663056,2.53,0,0
28/05/2024 2:00,31.43,0,0.46,1.08,1.038183272,26.78,2.06,0.36,0.1,0.8,1.685640896,12.44,17.67,2.76,0,0,0,0,0,1.311347401,5.21,1.49,0,0,8.6,5.21,0,0,2.5,69.5,0,22.13,0,0,0,0,0,0,0,2.11,1.089577874,2.53,0,0
28/05/2024 2:30,31.43,0,0.46,1.08,1.029423445,26.78,2.06,0.36,0.1,0.8,1.688881182,12.44,17.67,2.76,0,0,0,0,0,1.317668178,5.21,1.49,0,0,8.6,5.21,0,0,2.5,69.5,0,22.13,0,0,0,0,0,0,0,2.11,1.091376594,2.53,0,0
28/05/2024 3:00,31.43,0,0.46,1.08,1.071847797,26.78,2.06,0.36,0.1,0.8,1.733289193,12.44,17.67,2.76,0,0,0,0,0,1.322980104,5.21,1.49,0,0,8.6,5.21,0,0,2.5,69.5,0,22.13,0,0,0,0,0,0,0,2.11,1.10143547,2.53,0,0
28/05/2024 3:30,31.43,0,0.46,1.08,1.164131216,26.78,2.06,0.36,0.1,0.8,1.897622479,12.44,17.67,2.76,0,0,0,0,0,1.30961933,5.21,1.49,0,0,8.6,5.21,0,0,2.5,69.5,0,22.13,0,0,0,0,0,0,0,2.11,1.17268029,2.53,0,0
28/05/2024 4:00,31.43,0,0.46,1.08,1.327639393,26.78,2.06,0.36,0.1,0.8,2.141024707,12.44,17.67,2.76,0,0,0,0,0,1.297721055,5.21,1.49,0,0,8.6,5.21,0,0,2.5,69.5,0,22.13,0,0,0,0,0,0,0,2.11,1.293398159,2.53,0,0
28/05/2024 4:30,31.43,0,0.46,1.08,1.340253706,26.78,2.06,0.36,0.1,0.8,2.183966259,12.44,17.67,2.76,0,0,0,0,0,1.265725214,5.21,1.49,0,0,8.6,5.21,0,0,2.5,69.5,0,22.13,0,0,0,0,0,0,0,2.11,1.343754804,2.53,0,0
28/05/2024 5:00,31.43,0,0.46,1.08,1.176744526,26.78,2.06,0.36,0.1,0.8,2.006023359,12.44,17.67,2.76,0,0,0,0,0,1.210363103,5.21,1.49,0,0,8.6,5.21,0,0,2.5,69.5,0,22.13,0,0,0,0,0,0,0,2.11,1.310582494,2.53,0,0
28/05/2024 5:30,31.43,0,0.46,1.08,1.13144122,26.78,2.06,0.36,0.1,0.8,1.88456888,12.44,17.67,2.76,0,0,0,0,0,1.153228544,5.21,1.49,0,0,8.6,5.21,0,0,2.5,69.5,0,22.13,0,0,0,0,0,0,0,2.11,1.288523054,2.53,0,0
28/05/2024 6:00,32.87,0,0.46,1.08,1.518483827,26.78,2.06,0.36,0.1,0.8,1.990177031,12.44,17.67,2.42,0,0,0,0,0,1.113176873,2.42,1.09,0,0,8.6,5.21,0,0,2.5,69.5,0,22.13,0,0,0,0,0,0,0,2.11,1.322280466,3.67,0,0
28/05/2024 6:30,32.87,0,0.46,1.08,1.523117589,26.78,2.06,0.36,0.1,0.8,2.122100552,12.44,17.67,2.42,0,0,0,0,0,1.055383951,2.42,1.09,0,0,8.6,5.21,0,0,2.5,69.5,0,22.13,0,0,0,0,0,0,0,2.11,1.345822648,3.67,0,0
28/05/2024 7:00,32.87,0,0.46,1.08,1.513851773,26.78,2.06,0.36,0.1,0.8,2.131767426,12.44,17.67,2.42,0,0,0,0,0,1.059745146,2.42,1.09,0,0,8.6,5.21,0,0,2.5,69.5,0,22.13,0,0,0,0,0,0,0,2.11,1.367066668,3.67,0,0
28/05/2024 7:30,32.87,0,0.46,1.08,1.506462974,26.78,2.06,0.36,0.1,0.8,2.091537469,12.44,17.67,2.42,0,0,0,0,0,1.075851545,2.42,1.09,0,0,8.6,5.21,0,0,2.5,69.5,0,22.13,0,0,0,0,0,0,0,2.11,1.366708543,3.67,0,0
28/05/2024 8:00,32.87,0,0.46,1.08,1.207008551,26.78,2.06,0.36,0.1,0.8,2.022199429,12.44,17.67,2.42,0,0,0,0,0,1.096831807,2.42,1.09,0,0,8.6,5.21,0,0,2.5,69.5,0,22.13,0,0,0,0,0,0,0,2.11,1.355856237,3.67,0,0
28/05/2024 8:30,32.87,0,0.46,1.08,1.203117085,26.78,2.06,0.36,0.1,0.8,1.981211397,12.44,17.67,2.42,0,0,0,0,0,1.133963232,2.42,1.09,0,0,8.6,5.21,0,0,2.5,69.5,0,22.13,0,0,0,0,0,0,0,2.11,1.342458499,3.67,0,0
28/05/2024 9:00,32.87,0,0.46,1.08,1.226797793,26.78,2.06,0.36,0.1,0.8,1.969051501,12.44,17.67,2.42,0,0,0,0,0,1.154221202,2.42,1.09,0,0,8.6,5.21,0,0,2.5,69.5,0,22.13,0,0,0,0,0,0,0,2.11,1.337262519,3.67,0,0
28/05/2024 9:30,32.87,0,0.46,1.08,1.268078059,26.78,2.06,0.36,0.1,0.8,2.072947654,12.44,17.67,2.42,0,0,0,0,0,1.179832661,2.42,1.09,0,0,8.6,5.21,0,0,2.5,69.5,0,22.13,0,0,0,0,0,0,0,2.11,1.383234594,3.67,0,0
28/05/2024 10:00,32.87,0,0.46,1.08,1.317233414,26.78,2.06,0.36,0.1,0.8,2.208831949,12.44,17.67,2.42,0,0,0,0,0,1.209928088,2.42,1.09,0,0,8.6,5.21,0,0,2.5,69.5,0,22.13,0,0,0,0,0,0,0,2.11,1.450183901,3.67,0,0
28/05/2024 10:30,32.87,0,0.46,1.08,1.359996892,26.78,2.06,0.36,0.1,0.8,2.296820397,12.44,17.67,2.42,0,0,0,0,0,1.23970634,2.42,1.09,0,0,8.6,5.21,0,0,2.5,69.5,0,22.13,0,0,0,0,0,0,0,2.11,1.504789115,3.67,0,0
28/05/2024 11:00,32.87,0,0.46,1.08,1.405961823,26.78,2.06,0.36,0.1,0.8,2.364008947,12.44,17.67,2.42,0,0,0,0,0,1.253346924,2.42,1.09,0,0,8.6,5.21,0,0,2.5,69.5,0,22.13,0,0,0,0,0,0,0,2.11,1.551993283,3.67,0,0
28/05/2024 11:30,32.87,0,0.46,1.08,1.444276978,26.78,2.06,0.36,0.1,0.8,2.420768051,12.44,17.67,2.42,0,0,0,0,0,1.276947888,2.42,1.09,0,0,8.6,5.21,0,0,2.5,69.5,0,22.13,0,0,0,0,0,0,0,2.11,1.592627842,3.67,0,0
28/05/2024 12:00,32.87,0,0.46,1.08,1.466211144,26.78,2.06,0.36,0.1,0.8,2.470019135,12.44,17.67,2.42,0,0,0,0,0,1.30280777,2.42,1.09,0,0,8.6,5.21,0,0,2.5,69.5,0,22.13,0,0,0,0,0,0,0,2.11,1.625565556,3.67,0,0
28/05/2024 12:30,32.87,0,0.46,1.08,1.488665063,26.78,2.06,0.36,0.1,0.8,2.523279873,12.44,17.67,2.42,0,0,0,0,0,1.318376987,2.42,1.09,0,0,8.6,5.21,0,0,2.5,69.5,0,22.13,0,0,0,0,0,0,0,2.11,1.653979438,3.67,0,0
28/05/2024 13:00,32.87,0,0.46,1.08,1.542485688,26.78,2.06,0.36,0.1,0.8,2.572048676,12.44,17.67,2.42,0,0,0,0,0,1.309845571,2.42,1.09,0,0,8.6,5.21,0,0,2.5,69.5,0,22.13,0,0,0,0,0,0,0,2.11,1.691198561,3.67,0,0
28/05/2024 13:30,32.87,0,0.46,1.08,1.589288036,26.78,2.06,0.36,0.1,0.8,2.629314859,12.44,17.67,2.42,0,0,0,0,0,1.30950179,2.42,1.09,0,0,8.6,5.21,0,0,2.5,69.5,0,22.13,0,0,0,0,0,0,0,2.11,1.734710666,3.67,0,0
28/05/2024 14:00,32.87,0,0.46,1.08,1.62609066,26.78,2.06,0.36,0.1,0.8,2.730078609,12.44,17.67,2.42,0,0,0,0,0,1.334165716,2.42,1.09,0,0,8.6,5.21,0,0,2.5,69.5,0,22.13,0,0,0,0,0,0,0,2.11,1.795213438,3.67,0,0
28/05/2024 14:30,32.87,0,0.46,1.08,1.637659526,26.78,2.06,0.36,0.1,0.8,2.780932864,12.44,17.67,2.42,0,0,0,0,0,1.345596495,2.42,1.09,0,0,8.6,5.21,0,0,2.5,69.5,0,22.13,0,0,0,0,0,0,0,2.11,1.835316073,3.67,0,0
28/05/2024 15:00,32.87,0,0.46,1.08,1.68167262,26.78,2.06,0.36,0.1,0.8,2.850868181,12.44,17.67,2.42,0,0,0,0,0,1.34947277,2.42,1.09,0,0,8.6,5.21,0,0,2.5,69.5,0,22.13,0,0,0,0,0,0,0,2.11,1.861092463,3.67,0,0
28/05/2024 15:30,32.87,0,0.46,1.08,1.730291084,26.78,2.06,0.36,0.1,0.8,2.945833503,12.44,17.67,2.42,0,0,0,0,0,1.354841335,2.42,1.09,0,0,8.6,5.21,0,0,2.5,69.5,0,22.13,0,0,0,0,0,0,0,2.11,1.906289266,3.67,0,0
28/05/2024 16:00,32.87,0,0.46,1.08,1.723458987,26.78,2.06,0.36,0.1,0.8,2.952739638,12.44,17.67,2.42,0,0,0,0,0,1.365759669,2.42,1.09,0,0,8.6,5.21,0,0,2.5,69.5,0,22.13,0,0,0,0,0,0,0,2.11,1.906616907,3.67,0,0
28/05/2024 16:30,32.87,0,0.46,1.08,1.6298286,26.78,2.06,0.36,0.1,0.8,2.800508259,12.44,17.67,2.42,0,0,0,0,0,1.320014847,2.42,1.09,0,0,8.6,5.21,0,0,2.5,69.5,0,22.13,0,0,0,0,0,0,0,2.11,1.851758434,3.67,0,0
28/05/2024 17:00,32.87,0,0.46,1.08,1.582119402,26.78,2.06,0.36,0.1,0.8,2.678952207,12.44,17.67,2.42,0,0,0,0,0,1.188148852,2.42,1.09,0,0,8.6,5.21,0,0,2.5,69.5,0,22.13,0,0,0,0,0,0,0,2.11,1.810346238,3.67,0,0
28/05/2024 17:30,32.87,0,0.46,1.08,1.635410262,26.78,2.06,0.36,0.1,0.8,2.724159276,12.44,17.67,2.42,0,0,0,0,0,1.130702975,2.42,1.09,0,0,8.6,5.21,0,0,2.5,69.5,0,22.13,0,0,0,0,0,0,0,2.11,1.849901972,3.67,0,0
28/05/2024 18:00,32.87,0,0.46,1.08,1.757577278,26.78,2.06,0.36,0.1,0.8,2.97717418,12.44,17.67,2.42,0,0,0,0,0,1.24065612,2.42,1.09,0,0,8.6,5.21,0,0,2.5,69.5,0,22.13,0,0,0,0,0,0,0,2.11,1.956043691,3.67,0,0
28/05/2024 18:30,32.87,0,0.46,1.08,1.788990955,26.78,2.06,0.36,0.1,0.8,3.173466215,12.44,17.67,2.42,0,0,0,0,0,1.325107783,2.42,1.09,0,0,8.6,5.21,0,0,2.5,69.5,0,22.13,0,0,0,0,0,0,0,2.11,2.029448599,3.67,0,0
28/05/2024 19:00,32.87,0,0.46,1.08,1.75617151,26.78,2.06,0.36,0.1,0.8,3.13265284,12.44,17.67,2.42,0,0,0,0,0,1.368530016,2.42,1.09,0,0,8.6,5.21,0,0,2.5,69.5,0,22.13,0,0,0,0,0,0,0,2.11,2.059843787,3.67,0,0
28/05/2024 19:30,32.87,0,0.46,1.08,1.660783047,26.78,2.06,0.36,0.1,0.8,2.915368789,12.44,17.67,2.42,0,0,0,0,0,1.379719571,2.42,1.09,0,0,8.6,5.21,0,0,2.5,69.5,0,22.13,0,0,0,0,0,0,0,2.11,1.97880664,3.67,0,0
28/05/2024 20:00,32.87,0,0.46,1.08,1.524913693,26.78,2.06,0.36,0.1,0.8,2.616877273,12.44,17.67,2.42,0,0,0,0,0,1.373469412,2.42,1.09,0,0,8.6,5.21,0,0,2.5,69.5,0,22.13,0,0,0,0,0,0,0,2.11,1.814923112,3.67,0,0
28/05/2024 20:30,32.87,0,0.46,1.08,1.381572012,26.78,2.06,0.36,0.1,0.8,2.316276464,12.44,17.67,2.42,0,0,0,0,0,1.354657258,2.42,1.09,0,0,8.6,5.21,0,0,2.5,69.5,0,22.13,0,0,0,0,0,0,0,2.11,1.64026585,3.67,0,0
28/05/2024 21:00,32.87,0,0.46,1.08,1.282511884,26.78,2.06,0.36,0.1,0.8,2.092181817,12.44,17.67,2.42,0,0,0,0,0,1.344936241,2.42,1.09,0,0,8.6,5.21,0,0,2.5,69.5,0,22.13,0,0,0,0,0,0,0,2.11,1.49308762,3.67,0,0
28/05/2024 21:30,32.87,0,0.46,1.08,1.211351151,26.78,2.06,0.36,0.1,0.8,1.97051948,12.44,17.67,2.42,0,0,0,0,0,1.332122973,2.42,1.09,0,0,8.6,5.21,0,0,2.5,69.5,0,22.13,0,0,0,0,0,0,0,2.11,1.408202549,3.67,0,0
28/05/2024 22:00,32.87,0,0.46,1.08,1.18667545,26.78,2.06,0.36,0.1,0.8,1.930044644,12.44,17.67,2.42,0,0,0,0,0,1.335959795,2.42,1.09,0,0,8.6,5.21,0,0,2.5,69.5,0,22.13,0,0,0,0,0,0,0,2.11,1.335246809,3.67,0,0
28/05/2024 22:30,32.87,0,0.46,1.08,1.146555701,26.78,2.06,0.36,0.1,0.8,1.876960399,12.44,17.67,2.42,0,0,0,0,0,1.339338498,2.42,1.09,0,0,8.6,5.21,0,0,2.5,69.5,0,22.13,0,0,0,0,0,0,0,2.11,1.2699921,3.67,0,0
28/05/2024 23:00,32.87,0,0.46,1.08,1.124206885,26.78,2.06,0.36,0.1,0.8,1.829596203,12.44,17.67,2.42,0,0,0,0,0,1.334617241,2.42,1.09,0,0,8.6,5.21,0,0,2.5,69.5,0,22.13,0,0,0,0,0,0,0,2.11,1.218369138,3.67,0,0
28/05/2024 23:30,32.87,0,0.46,1.08,1.104307704,26.78,2.06,0.36,0.1,0.8,1.782139962,12.44,17.67,2.42,0,0,0,0,0,1.326424502,2.42,1.09,0,0,8.6,5.21,0,0,2.5,69.5,0,22.13,0,0,0,0,0,0,0,2.11,1.181657919,3.67,0,0
29/05/2024 0:00,32.87,0,0.46,1.08,1.069698275,26.78,2.06,0.36,0.1,0.8,1.742299572,12.44,17.67,2.42,0,0,0,0,0,1.315825454,2.42,1.09,0,0,8.6,5.21,0,0,2.5,69.5,0,22.13,0,0,0,0,0,0,0,2.11,1.15020932,3.67,0,0
29/05/2024 0:30,32.87,0,0.46,1.08,1.046767482,26.78,2.06,0.36,0.1,0.8,1.708118543,12.44,17.67,2.42,0,0,0,0,0,1.312257427,2.42,1.09,0,0,8.6,5.21,0,0,2.5,69.5,0,22.13,0,0,0,0,0,0,0,2.11,1.124658412,3.67,0,0
29/05/2024 1:00,32.87,0,0.46,1.08,1.050573949,26.78,2.06,0.36,0.1,0.8,1.683222906,12.44,17.67,2.42,0,0,0,0,0,1.305932263,2.42,1.09,0,0,8.6,5.21,0,0,2.5,69.5,0,22.13,0,0,0,0,0,0,0,2.11,1.109979329,3.67,0,0
29/05/2024 1:30,32.87,0,0.46,1.08,1.040110619,26.78,2.06,0.36,0.1,0.8,1.661926873,12.44,17.67,2.42,0,0,0,0,0,1.303622081,2.42,1.09,0,0,8.6,5.21,0,0,2.5,69.5,0,22.13,0,0,0,0,0,0,0,2.11,1.095663056,3.67,0,0
29/05/2024 2:00,32.87,0,0.46,1.08,1.038183272,26.78,2.06,0.36,0.1,0.8,1.685640896,12.44,17.67,2.42,0,0,0,0,0,1.311347401,2.42,1.09,0,0,8.6,5.21,0,0,2.5,69.5,0,22.13,0,0,0,0,0,0,0,2.11,1.089577874,3.67,0,0
29/05/2024 2:30,32.87,0,0.46,1.08,1.029423445,26.78,2.06,0.36,0.1,0.8,1.688881182,12.44,17.67,2.42,0,0,0,0,0,1.317668178,2.42,1.09,0,0,8.6,5.21,0,0,2.5,69.5,0,22.13,0,0,0,0,0,0,0,2.11,1.091376594,3.67,0,0
29/05/2024 3:00,32.87,0,0.46,1.08,1.071847797,26.78,2.06,0.36,0.1,0.8,1.733289193,12.44,17.67,2.42,0,0,0,0,0,1.322980104,2.42,1.09,0,0,8.6,5.21,0,0,2.5,69.5,0,22.13,0,0,0,0,0,0,0,2.11,1.10143547,3.67,0,0
29/05/2024 3:30,32.87,0,0.46,1.08,1.164131216,26.78,2.06,0.36,0.1,0.8,1.897622479,12.44,17.67,2.42,0,0,0,0,0,1.30961933,2.42,1.09,0,0,8.6,5.21,0,0,2.5,69.5,0,22.13,0,0,0,0,0,0,0,2.11,1.17268029,3.67,0,0
29/05/2024 4:00,32.87,0,0.46,1.08,1.327639393,26.78,2.06,0.36,0.1,0.8,2.141024707,12.44,17.67,2.42,0,0,0,0,0,1.297721055,2.42,1.09,0,0,8.6,5.21,0,0,2.5,69.5,0,22.13,0,0,0,0,0,0,0,2.11,1.293398159,3.67,0,0
29/05/2024 4:30,32.87,0,0.46,1.08,1.340253706,26.78,2.06,0.36,0.1,0.8,2.183966259,12.44,17.67,2.42,0,0,0,0,0,1.265725214,2.42,1.09,0,0,8.6,5.21,0,0,2.5,69.5,0,22.13,0,0,0,0,0,0,0,2.11,1.343754804,3.67,0,0
29/05/2024 5:00,32.87,0,0.46,1.08,1.176744526,26.78,2.06,0.36,0.1,0.8,2.006023359,12.44,17.67,2.42,0,0,0,0,0,1.210363103,2.42,1.09,0,0,8.6,5.21,0,0,2.5,69.5,0,22.13,0,0,0,0,0,0,0,2.11,1.310582494,3.67,0,0
29/05/2024 5:30,32.87,0,0.46,1.08,1.13144122,26.78,2.06,0.36,0.1,0.8,1.88456888,12.44,17.67,2.42,0,0,0,0,0,1.153228544,2.42,1.09,0,0,8.6,5.21,0,0,2.5,69.5,0,22.13,0,0,0,0,0,0,0,2.11,1.288523054,3.67,0,0
29/05/2024 6:00,32.04,0,0.46,1.08,1.518483827,26.78,2.06,0.36,0.1,0.8,1.990177031,12.44,17.67,2.42,0,0,0,0,0,1.113176873,2.42,1.09,0,0,8.6,5.21,0,0,2.5,69.5,0,22.13,0,0,0,0,0,0,0,2.11,1.322280466,3.67,0,0
29/05/2024 6:30,32.04,0,0.46,1.08,1.523117589,26.78,2.06,0.36,0.1,0.8,2.122100552,12.44,17.67,2.42,0,0,0,0,0,1.055383951,2.42,1.09,0,0,8.6,5.21,0,0,2.5,69.5,0,22.13,0,0,0,0,0,0,0,2.11,1.345822648,3.67,0,0
29/05/2024 7:00,32.04,0,0.46,1.08,1.513851773,26.78,2.06,0.36,0.1,0.8,2.131767426,12.44,17.67,2.42,0,0,0,0,0,1.059745146,2.42,1.09,0,0,8.6,5.21,0,0,2.5,69.5,0,22.13,0,0,0,0,0,0,0,2.11,1.367066668,3.67,0,0
29/05/2024 7:30,32.04,0,0.46,1.08,1.506462974,26.78,2.06,0.36,0.1,0.8,2.091537469,12.44,17.67,2.42,0,0,0,0,0,1.075851545,2.42,1.09,0,0,8.6,5.21,0,0,2.5,69.5,0,22.13,0,0,0,0,0,0,0,2.11,1.366708543,3.67,0,0
29/05/2024 8:00,32.04,0,0.46,1.08,1.207008551,26.78,2.06,0.36,0.1,0.8,2.022199429,12.44,17.67,2.42,0,0,0,0,0,1.096831807,2.42,1.09,0,0,8.6,5.21,0,0,2.5,69.5,0,22.13,0,0,0,0,0,0,0,2.11,1.355856237,3.67,0,0
29/05/2024 8:30,32.04,0,0.46,1.08,1.203117085,26.78,2.06,0.36,0.1,0.8,1.981211397,12.44,17.67,2.42,0,0,0,0,0,1.133963232,2.42,1.09,0,0,8.6,5.21,0,0,2.5,69.5,0,22.13,0,0,0,0,0,0,0,2.11,1.342458499,3.67,0,0
29/05/2024 9:00,32.04,0,0.46,1.08,1.226797793,26.78,2.06,0.36,0.1,0.8,1.969051501,12.44,17.67,2.42,0,0,0,0,0,1.154221202,2.42,1.09,0,0,8.6,5.21,0,0,2.5,69.5,0,22.13,0,0,0,0,0,0,0,2.11,1.337262519,3.67,0,0
29/05/2024 9:30,32.04,0,0.46,1.08,1.268078059,26.78,2.06,0.36,0.1,0.8,2.072947654,12.44,17.67,2.42,0,0,0,0,0,1.179832661,2.42,1.09,0,0,8.6,5.21,0,0,2.5,69.5,0,22.13,0,0,0,0,0,0,0,2.11,1.383234594,3.67,0,0
29/05/2024 10:00,32.04,0,0.46,1.08,1.317233414,26.78,2.06,0.36,0.1,0.8,2.208831949,12.44,17.67,2.42,0,0,0,0,0,1.209928088,2.42,1.09,0,0,8.6,5.21,0,0,2.5,69.5,0,22.13,0,0,0,0,0,0,0,2.11,1.450183901,3.67,0,0
29/05/2024 10:30,32.04,0,0.46,1.08,1.359996892,26.78,2.06,0.36,0.1,0.8,2.296820397,12.44,17.67,2.42,0,0,0,0,0,1.23970634,2.42,1.09,0,0,8.6,5.21,0,0,2.5,69.5,0,22.13,0,0,0,0,0,0,0,2.11,1.504789115,3.67,0,0
29/05/2024 11:00,32.04,0,0.46,1.08,1.405961823,26.78,2.06,0.36,0.1,0.8,2.364008947,12.44,17.67,2.42,0,0,0,0,0,1.253346924,2.42,1.09,0,0,8.6,5.21,0,0,2.5,69.5,0,22.13,0,0,0,0,0,0,0,2.11,1.551993283,3.67,0,0
29/05/2024 11:30,32.04,0,0.46,1.08,1.444276978,26.78,2.06,0.36,0.1,0.8,2.420768051,12.44,17.67,2.42,0,0,0,0,0,1.276947888,2.42,1.09,0,0,8.6,5.21,0,0,2.5,69.5,0,22.13,0,0,0,0,0,0,0,2.11,1.592627842,3.67,0,0
29/05/2024 12:00,32.04,0,0.46,1.08,1.466211144,26.78,2.06,0.36,0.1,0.8,2.470019135,12.44,17.67,2.42,0,0,0,0,0,1.30280777,2.42,1.09,0,0,8.6,5.21,0,0,2.5,69.5,0,22.13,0,0,0,0,0,0,0,2.11,1.625565556,3.67,0,0
29/05/2024 12:30,32.04,0,0.46,1.08,1.488665063,26.78,2.06,0.36,0.1,0.8,2.523279873,12.44,17.67,2.42,0,0,0,0,0,1.318376987,2.42,1.09,0,0,8.6,5.21,0,0,2.5,69.5,0,22.13,0,0,0,0,0,0,0,2.11,1.653979438,3.67,0,0
29/05/2024 13:00,32.04,0,0.46,1.08,1.542485688,26.78,2.06,0.36,0.1,0.8,2.572048676,12.44,17.67,2.42,0,0,0,0,0,1.309845571,2.42,1.09,0,0,8.6,5.21,0,0,2.5,69.5,0,22.13,0,0,0,0,0,0,0,2.11,1.691198561,3.67,0,0
29/05/2024 13:30,32.04,0,0.46,1.08,1.589288036,26.78,2.06,0.36,0.1,0.8,2.629314859,12.44,17.67,2.42,0,0,0,0,0,1.30950179,2.42,1.09,0,0,8.6,5.21,0,0,2.5,69.5,0,22.13,0,0,0,0,0,0,0,2.11,1.734710666,3.67,0,0
29/05/2024 14:00,32.04,0,0.46,1.08,1.62609066,26.78,2.06,0.36,0.1,0.8,2.730078609,12.44,17.67,2.42,0,0,0,0,0,1.334165716,2.42,1.09,0,0,8.6,5.21,0,0,2.5,69.5,0,22.13,0,0,0,0,0,0,0,2.11,1.795213438,3.67,0,0
29/05/2024 14:30,32.04,0,0.46,1.08,1.637659526,26.78,2.06,0.36,0.1,0.8,2.780932864,12.44,17.67,2.42,0,0,0,0,0,1.345596495,2.42,1.09,0,0,8.6,5.21,0,0,2.5,69.5,0,22.13,0,0,0,0,0,0,0,2.11,1.835316073,3.67,0,0
29/05/2024 15:00,32.04,0,0.46,1.08,1.68167262,26.78,2.06,0.36,0.1,0.8,2.850868181,12.44,17.67,2.42,0,0,0,0,0,1.34947277,2.42,1.09,0,0,8.6,5.21,0,0,2.5,69.5,0,22.13,0,0,0,0,0,0,0,2.11,1.861092463,3.67,0,0
29/05/2024 15:30,32.04,0,0.46,1.08,1.730291084,26.78,2.06,0.36,0.1,0.8,2.945833503,12.44,17.67,2.42,0,0,0,0,0,1.354841335,2.42,1.09,0,0,8.6,5.21,0,0,2.5,69.5,0,22.13,0,0,0,0,0,0,0,2.11,1.906289266,3.67,0,0
29/05/2024 16:00,32.04,0,0.46,1.08,1.723458987,26.78,2.06,0.36,0.1,0.8,2.952739638,12.44,17.67,2.42,0,0,0,0,0,1.365759669,2.42,1.09,0,0,8.6,5.21,0,0,2.5,69.5,0,22.13,0,0,0,0,0,0,0,2.11,1.906616907,3.67,0,0
29/05/2024 16:30,32.04,0,0.46,1.08,1.6298286,26.78,2.06,0.36,0.1,0.8,2.800508259,12.44,17.67,2.42,0,0,0,0,0,1.320014847,2.42,1.09,0,0,8.6,5.21,0,0,2.5,69.5,0,22.13,0,0,0,0,0,0,0,2.11,1.851758434,3.67,0,0
29/05/2024 17:00,32.04,0,0.46,1.08,1.582119402,26.78,2.06,0.36,0.1,0.8,2.678952207,12.44,17.67,2.42,0,0,0,0,0,1.188148852,2.42,1.09,0,0,8.6,5.21,0,0,2.5,69.5,0,22.13,0,0,0,0,0,0,0,2.11,1.810346238,3.67,0,0
29/05/2024 17:30,32.04,0,0.46,1.08,1.635410262,26.78,2.06,0.36,0.1,0.8,2.724159276,12.44,17.67,2.42,0,0,0,0,0,1.130702975,2.42,1.09,0,0,8.6,5.21,0,0,2.5,69.5,0,22.13,0,0,0,0,0,0,0,2.11,1.849901972,3.67,0,0
29/05/2024 18:00,32.04,0,0.46,1.08,1.757577278,26.78,2.06,0.36,0.1,0.8,2.97717418,12.44,17.67,2.42,0,0,0,0,0,1.24065612,2.42,1.09,0,0,8.6,5.21,0,0,2.5,69.5,0,22.13,0,0,0,0,0,0,0,2.11,1.956043691,3.67,0,0
29/05/2024 18:30,32.04,0,0.46,1.08,1.788990955,26.78,2.06,0.36,0.1,0.8,3.173466215,12.44,17.67,2.42,0,0,0,0,0,1.325107783,2.42,1.09,0,0,8.6,5.21,0,0,2.5,69.5,0,22.13,0,0,0,0,0,0,0,2.11,2.029448599,3.67,0,0
29/05/2024 19:00,32.04,0,0.46,1.08,1.75617151,26.78,2.06,0.36,0.1,0.8,3.13265284,12.44,17.67,2.42,0,0,0,0,0,1.368530016,2.42,1.09,0,0,8.6,5.21,0,0,2.5,69.5,0,22.13,0,0,0,0,0,0,0,2.11,2.059843787,3.67,0,0
29/05/2024 19:30,32.04,0,0.46,1.08,1.660783047,26.78,2.06,0.36,0.1,0.8,2.915368789,12.44,17.67,2.42,0,0,0,0,0,1.379719571,2.42,1.09,0,0,8.6,5.21,0,0,2.5,69.5,0,22.13,0,0,0,0,0,0,0,2.11,1.97880664,3.67,0,0
29/05/2024 20:00,32.04,0,0.46,1.08,1.524913693,26.78,2.06,0.36,0.1,0.8,2.616877273,12.44,17.67,2.42,0,0,0,0,0,1.373469412,2.42,1.09,0,0,8.6,5.21,0,0,2.5,69.5,0,22.13,0,0,0,0,0,0,0,2.11,1.814923112,3.67,0,0
29/05/2024 20:30,32.04,0,0.46,1.08,1.381572012,26.78,2.06,0.36,0.1,0.8,2.316276464,12.44,17.67,2.42,0,0,0,0,0,1.354657258,2.42,1.09,0,0,8.6,5.21,0,0,2.5,69.5,0,22.13,0,0,0,0,0,0,0,2.11,1.64026585,3.67,0,0
29/05/2024 21:00,32.04,0,0.46,1.08,1.282511884,26.78,2.06,0.36,0.1,0.8,2.092181817,12.44,17.67,2.42,0,0,0,0,0,1.344936241,2.42,1.09,0,0,8.6,5.21,0,0,2.5,69.5,0,22.13,0,0,0,0,0,0,0,2.11,1.49308762,3.67,0,0
29/05/2024 21:30,32.04,0,0.46,1.08,1.211351151,26.78,2.06,0.36,0.1,0.8,1.97051948,12.44,17.67,2.42,0,0,0,0,0,1.332122973,2.42,1.09,0,0,8.6,5.21,0,0,2.5,69.5,0,22.13,0,0,0,0,0,0,0,2.11,1.408202549,3.67,0,0
29/05/2024 22:00,32.04,0,0.46,1.08,1.18667545,26.78,2.06,0.36,0.1,0.8,1.930044644,12.44,17.67,2.42,0,0,0,0,0,1.335959795,2.42,1.09,0,0,8.6,5.21,0,0,2.5,69.5,0,22.13,0,0,0,0,0,0,0,2.11,1.335246809,3.67,0,0
29/05/2024 22:30,32.04,0,0.46,1.08,1.146555701,26.78,2.06,0.36,0.1,0.8,1.876960399,12.44,17.67,2.42,0,0,0,0,0,1.339338498,2.42,1.09,0,0,8.6,5.21,0,0,2.5,69.5,0,22.13,0,0,0,0,0,0,0,2.11,1.2699921,3.67,0,0
29/05/2024 23:00,32.04,0,0.46,1.08,1.124206885,26.78,2.06,0.36,0.1,0.8,1.829596203,12.44,17.67,2.42,0,0,0,0,0,1.334617241,2.42,1.09,0,0,8.6,5.21,0,0,2.5,69.5,0,22.13,0,0,0,0,0,0,0,2.11,1.218369138,3.67,0,0
29/05/2024 23:30,32.04,0,0.46,1.08,1.104307704,26.78,2.06,0.36,0.1,0.8,1.782139962,12.44,17.67,2.42,0,0,0,0,0,1.326424502,2.42,1.09,0,0,8.6,5.21,0,0,2.5,69.5,0,22.13,0,0,0,0,0,0,0,2.11,1.181657919,3.67,0,0
30/05/2024 0:00,32.04,0,0.46,1.08,1.061946838,26.78,2.06,0.36,0.1,0.8,1.742299572,12.44,17.67,2.42,0,0,0,0,0,1.315825454,2.42,1.09,0,0,8.6,5.21,0,0,2.5,69.5,0,22.13,0,0,0,0,0,0,0,2.11,1.142541258,3.67,0,0
30/05/2024 0:30,32.04,0,0.46,1.08,1.039182211,26.78,2.06,0.36,0.1,0.8,1.708118543,12.44,17.67,2.42,0,0,0,0,0,1.312257427,2.42,1.09,0,0,8.6,5.21,0,0,2.5,69.5,0,22.13,0,0,0,0,0,0,0,2.11,1.11716069,3.67,0,0
30/05/2024 1:00,32.04,0,0.46,1.08,1.042961094,26.78,2.06,0.36,0.1,0.8,1.683222906,12.44,17.67,2.42,0,0,0,0,0,1.305932263,2.42,1.09,0,0,8.6,5.21,0,0,2.5,69.5,0,22.13,0,0,0,0,0,0,0,2.11,1.102579467,3.67,0,0
30/05/2024 1:30,32.04,0,0.46,1.08,1.032573585,26.78,2.06,0.36,0.1,0.8,1.661926873,12.44,17.67,2.42,0,0,0,0,0,1.303622081,2.42,1.09,0,0,8.6,5.21,0,0,2.5,69.5,0,22.13,0,0,0,0,0,0,0,2.11,1.088358636,3.67,0,0
30/05/2024 2:00,32.04,0,0.46,1.08,1.030660204,26.78,2.06,0.36,0.1,0.8,1.685640896,12.44,17.67,2.42,0,0,0,0,0,1.311347401,2.42,1.09,0,0,8.6,5.21,0,0,2.5,69.5,0,22.13,0,0,0,0,0,0,0,2.11,1.082314022,3.67,0,0
30/05/2024 2:30,32.04,0,0.46,1.08,1.021963855,26.78,2.06,0.36,0.1,0.8,1.688881182,12.44,17.67,2.42,0,0,0,0,0,1.317668178,2.42,1.09,0,0,8.6,5.21,0,0,2.5,69.5,0,22.13,0,0,0,0,0,0,0,2.11,1.08410075,3.67,0,0
30/05/2024 3:00,32.04,0,0.46,1.08,1.064080784,26.78,2.06,0.36,0.1,0.8,1.733289193,12.44,17.67,2.42,0,0,0,0,0,1.322980104,2.42,1.09,0,0,8.6,5.21,0,0,2.5,69.5,0,22.13,0,0,0,0,0,0,0,2.11,1.094092567,3.67,0,0
30/05/2024 3:30,32.04,0,0.46,1.08,1.155695482,26.78,2.06,0.36,0.1,0.8,1.897622479,12.44,17.67,2.42,0,0,0,0,0,1.30961933,2.42,1.09,0,0,8.6,5.21,0,0,2.5,69.5,0,22.13,0,0,0,0,0,0,0,2.11,1.164862421,3.67,0,0
30/05/2024 4:00,32.04,0,0.46,1.08,1.318018818,26.78,2.06,0.36,0.1,0.8,2.141024707,12.44,17.67,2.42,0,0,0,0,0,1.297721055,2.42,1.09,0,0,8.6,5.21,0,0,2.5,69.5,0,22.13,0,0,0,0,0,0,0,2.11,1.284775505,3.67,0,0
30/05/2024 4:30,32.04,0,0.46,1.08,1.330541723,26.78,2.06,0.36,0.1,0.8,2.183966259,12.44,17.67,2.42,0,0,0,0,0,1.265725214,2.42,1.09,0,0,8.6,5.21,0,0,2.5,69.5,0,22.13,0,0,0,0,0,0,0,2.11,1.334796439,3.67,0,0
30/05/2024 5:00,32.04,0,0.46,1.08,1.168217392,26.78,2.06,0.36,0.1,0.8,2.006023359,12.44,17.67,2.42,0,0,0,0,0,1.210363103,2.42,1.09,0,0,8.6,5.21,0,0,2.5,69.5,0,22.13,0,0,0,0,0,0,0,2.11,1.301845277,3.67,0,0
30/05/2024 5:30,32.04,0,0.46,1.08,1.12324237,26.78,2.06,0.36,0.1,0.8,1.88456888,12.44,17.67,2.42,0,0,0,0,0,1.153228544,2.42,1.09,0,0,8.6,5.21,0,0,2.5,69.5,0,22.13,0,0,0,0,0,0,0,2.11,1.2799329,3.67,0,0
30/05/2024 6:00,32.87,0,0.46,1.08,1.507480321,26.78,2.34,0.36,0.1,0.8,1.990177031,12.44,17.67,2.19,0,0,0,0,0,1.113176873,2.42,1.09,0,0,8.6,5.21,0,0,2.5,69.5,0,19.61,0,0,0,0,0,0,0,2.11,1.313465262,3.67,0,0
30/05/2024 6:30,32.87,0,0.46,1.08,1.512080505,26.78,2.34,0.36,0.1,0.8,2.122100552,12.44,17.67,2.19,0,0,0,0,0,1.055383951,2.42,1.09,0,0,8.6,5.21,0,0,2.5,69.5,0,19.61,0,0,0,0,0,0,0,2.11,1.336850497,3.67,0,0
30/05/2024 7:00,32.87,0,0.46,1.08,1.502881832,26.78,2.34,0.36,0.1,0.8,2.131767426,12.44,17.67,2.19,0,0,0,0,0,1.059745146,2.42,1.09,0,0,8.6,5.21,0,0,2.5,69.5,0,19.61,0,0,0,0,0,0,0,2.11,1.35795289,3.67,0,0
30/05/2024 7:30,32.87,0,0.46,1.08,1.495546575,26.78,2.34,0.36,0.1,0.8,2.091537469,12.44,17.67,2.19,0,0,0,0,0,1.075851545,2.42,1.09,0,0,8.6,5.21,0,0,2.5,69.5,0,19.61,0,0,0,0,0,0,0,2.11,1.357597152,3.67,0,0
30/05/2024 8:00,32.87,0,0.46,1.08,1.198262112,26.78,2.34,0.36,0.1,0.8,2.022199429,12.44,17.67,2.19,0,0,0,0,0,1.096831807,2.42,1.09,0,0,8.6,5.21,0,0,2.5,69.5,0,19.61,0,0,0,0,0,0,0,2.11,1.346817195,3.67,0,0
30/05/2024 8:30,32.87,0,0.46,1.08,1.194398845,26.78,2.34,0.36,0.1,0.8,1.981211397,12.44,17.67,2.19,0,0,0,0,0,1.133963232,2.42,1.09,0,0,8.6,5.21,0,0,2.5,69.5,0,19.61,0,0,0,0,0,0,0,2.11,1.333508776,3.67,0,0
30/05/2024 9:00,32.87,0,0.46,1.08,1.217907954,26.78,2.34,0.36,0.1,0.8,1.969051501,12.44,17.67,2.19,0,0,0,0,0,1.154221202,2.42,1.09,0,0,8.6,5.21,0,0,2.5,69.5,0,19.61,0,0,0,0,0,0,0,2.11,1.328347436,3.67,0,0
30/05/2024 9:30,32.87,0,0.46,1.08,1.258889087,26.78,2.34,0.36,0.1,0.8,2.072947654,12.44,17.67,2.19,0,0,0,0,0,1.179832661,2.42,1.09,0,0,8.6,5.21,0,0,2.5,69.5,0,19.61,0,0,0,0,0,0,0,2.11,1.37401303,3.67,0,0
30/05/2024 10:00,32.87,0,0.46,1.08,1.307688244,26.78,2.34,0.36,0.1,0.8,2.208831949,12.44,17.67,2.19,0,0,0,0,0,1.209928088,2.42,1.09,0,0,8.6,5.21,0,0,2.5,69.5,0,19.61,0,0,0,0,0,0,0,2.11,1.440516009,3.67,0,0
30/05/2024 10:30,32.87,0,0.46,1.08,1.350141843,26.78,2.34,0.36,0.1,0.8,2.296820397,12.44,17.67,2.19,0,0,0,0,0,1.23970634,2.42,1.09,0,0,8.6,5.21,0,0,2.5,69.5,0,19.61,0,0,0,0,0,0,0,2.11,1.494757188,3.67,0,0
30/05/2024 11:00,32.87,0,0.46,1.08,1.395773694,26.78,2.34,0.36,0.1,0.8,2.364008947,12.44,17.67,2.19,0,0,0,0,0,1.253346924,2.42,1.09,0,0,8.6,5.21,0,0,2.5,69.5,0,19.61,0,0,0,0,0,0,0,2.11,1.541646661,3.67,0,0
30/05/2024 11:30,32.87,0,0.46,1.08,1.433811203,26.78,2.34,0.36,0.1,0.8,2.420768051,12.44,17.67,2.19,0,0,0,0,0,1.276947888,2.42,1.09,0,0,8.6,5.21,0,0,2.5,69.5,0,19.61,0,0,0,0,0,0,0,2.11,1.582010323,3.67,0,0
30/05/2024 12:00,32.87,0,0.46,1.08,1.455586426,26.78,2.34,0.36,0.1,0.8,2.470019135,12.44,17.67,2.19,0,0,0,0,0,1.30280777,2.42,1.09,0,0,8.6,5.21,0,0,2.5,69.5,0,19.61,0,0,0,0,0,0,0,2.11,1.614728452,3.67,0,0
30/05/2024 12:30,32.87,0,0.46,1.08,1.477877635,26.78,2.34,0.36,0.1,0.8,2.523279873,12.44,17.67,2.19,0,0,0,0,0,1.318376987,2.42,1.09,0,0,8.6,5.21,0,0,2.5,69.5,0,19.61,0,0,0,0,0,0,0,2.11,1.642952909,3.67,0,0
30/05/2024 13:00,32.87,0,0.46,1.08,1.531308255,26.78,2.34,0.36,0.1,0.8,2.572048676,12.44,17.67,2.19,0,0,0,0,0,1.309845571,2.42,1.09,0,0,8.6,5.21,0,0,2.5,69.5,0,19.61,0,0,0,0,0,0,0,2.11,1.679923904,3.67,0,0
30/05/2024 13:30,32.87,0,0.46,1.08,1.577771456,26.78,2.34,0.36,0.1,0.8,2.629314859,12.44,17.67,2.19,0,0,0,0,0,1.30950179,2.42,1.09,0,0,8.6,5.21,0,0,2.5,69.5,0,19.61,0,0,0,0,0,0,0,2.11,1.723145929,3.67,0,0
30/05/2024 14:00,32.87,0,0.46,1.08,1.614307395,26.78,2.34,0.36,0.1,0.8,2.730078609,12.44,17.67,2.19,0,0,0,0,0,1.334165716,2.42,1.09,0,0,8.6,5.21,0,0,2.5,69.5,0,19.61,0,0,0,0,0,0,0,2.11,1.783245349,3.67,0,0
30/05/2024 14:30,32.87,0,0.46,1.08,1.625792428,26.78,2.34,0.36,0.1,0.8,2.780932864,12.44,17.67,2.19,0,0,0,0,0,1.345596495,2.42,1.09,0,0,8.6,5.21,0,0,2.5,69.5,0,19.61,0,0,0,0,0,0,0,2.11,1.823080632,3.67,0,0
30/05/2024 15:00,32.87,0,0.46,1.08,1.669486586,26.78,2.34,0.36,0.1,0.8,2.850868181,12.44,17.67,2.19,0,0,0,0,0,1.34947277,2.42,1.09,0,0,8.6,5.21,0,0,2.5,69.5,0,19.61,0,0,0,0,0,0,0,2.11,1.84868518,3.67,0,0
30/05/2024 15:30,32.87,0,0.46,1.08,1.717752742,26.78,2.34,0.36,0.1,0.8,2.945833503,12.44,17.67,2.19,0,0,0,0,0,1.354841335,2.42,1.09,0,0,8.6,5.21,0,0,2.5,69.5,0,19.61,0,0,0,0,0,0,0,2.11,1.893580671,3.67,0,0
30/05/2024 16:00,32.87,0,0.46,1.08,1.710970153,26.78,2.34,0.36,0.1,0.8,2.952739638,12.44,17.67,2.19,0,0,0,0,0,1.365759669,2.42,1.09,0,0,8.6,5.21,0,0,2.5,69.5,0,19.61,0,0,0,0,0,0,0,2.11,1.893906127,3.67,0,0
30/05/2024 16:30,32.87,0,0.46,1.08,1.618018248,26.78,2.34,0.36,0.1,0.8,2.800508259,12.44,17.67,2.19,0,0,0,0,0,1.320014847,2.42,1.09,0,0,8.6,5.21,0,0,2.5,69.5,0,19.61,0,0,0,0,0,0,0,2.11,1.839413378,3.67,0,0
30/05/2024 17:00,32.87,0,0.46,1.08,1.570654769,26.78,2.34,0.36,0.1,0.8,2.678952207,12.44,17.67,2.19,0,0,0,0,0,1.188148852,2.42,1.09,0,0,8.6,5.21,0,0,2.5,69.5,0,19.61,0,0,0,0,0,0,0,2.11,1.798277263,3.67,0,0
30/05/2024 17:30,32.87,0,0.46,1.08,1.623559463,26.78,2.34,0.36,0.1,0.8,2.724159276,12.44,17.67,2.19,0,0,0,0,0,1.130702975,2.42,1.09,0,0,8.6,5.21,0,0,2.5,69.5,0,19.61,0,0,0,0,0,0,0,2.11,1.837569293,3.67,0,0
30/05/2024 18:00,32.87,0,0.46,1.08,1.744841211,26.78,2.34,0.36,0.1,0.8,2.97717418,12.44,17.67,2.19,0,0,0,0,0,1.24065612,2.42,1.09,0,0,8.6,5.21,0,0,2.5,69.5,0,19.61,0,0,0,0,0,0,0,2.11,1.9430034,3.67,0,0
30/05/2024 18:30,32.87,0,0.46,1.08,1.776027253,26.78,2.34,0.36,0.1,0.8,3.173466215,12.44,17.67,2.19,0,0,0,0,0,1.325107783,2.42,1.09,0,0,8.6,5.21,0,0,2.5,69.5,0,19.61,0,0,0,0,0,0,0,2.11,2.015918941,3.67,0,0
30/05/2024 19:00,32.87,0,0.46,1.08,1.74344563,26.78,2.34,0.36,0.1,0.8,3.13265284,12.44,17.67,2.19,0,0,0,0,0,1.368530016,2.42,1.09,0,0,8.6,5.21,0,0,2.5,69.5,0,19.61,0,0,0,0,0,0,0,2.11,2.046111495,3.67,0,0
30/05/2024 19:30,32.87,0,0.46,1.08,1.648748388,26.78,2.34,0.36,0.1,0.8,2.915368789,12.44,17.67,2.19,0,0,0,0,0,1.379719571,2.42,1.09,0,0,8.6,5.21,0,0,2.5,69.5,0,19.61,0,0,0,0,0,0,0,2.11,1.965614595,3.67,0,0
30/05/2024 20:00,32.87,0,0.46,1.08,1.513863593,26.78,2.34,0.36,0.1,0.8,2.616877273,12.44,17.67,2.19,0,0,0,0,0,1.373469412,2.42,1.09,0,0,8.6,5.21,0,0,2.5,69.5,0,19.61,0,0,0,0,0,0,0,2.11,1.802823625,3.67,0,0
30/05/2024 20:30,32.87,0,0.46,1.08,1.371560621,26.78,2.34,0.36,0.1,0.8,2.316276464,12.44,17.67,2.19,0,0,0,0,0,1.354657258,2.42,1.09,0,0,8.6,5.21,0,0,2.5,69.5,0,19.61,0,0,0,0,0,0,0,2.11,1.629330744,3.67,0,0
30/05/2024 21:00,32.87,0,0.46,1.08,1.27321832,26.78,2.34,0.36,0.1,0.8,2.092181817,12.44,17.67,2.19,0,0,0,0,0,1.344936241,2.42,1.09,0,0,8.6,5.21,0,0,2.5,69.5,0,19.61,0,0,0,0,0,0,0,2.11,1.483133703,3.67,0,0
30/05/2024 21:30,32.87,0,0.46,1.08,1.202573244,26.78,2.34,0.36,0.1,0.8,1.97051948,12.44,17.67,2.19,0,0,0,0,0,1.332122973,2.42,1.09,0,0,8.6,5.21,0,0,2.5,69.5,0,19.61,0,0,0,0,0,0,0,2.11,1.398814532,3.67,0,0
30/05/2024 22:00,32.87,0,0.46,1.08,1.178076353,26.78,2.34,0.36,0.1,0.8,1.930044644,12.44,17.67,2.19,0,0,0,0,0,1.335959795,2.42,1.09,0,0,8.6,5.21,0,0,2.5,69.5,0,19.61,0,0,0,0,0,0,0,2.11,1.326345164,3.67,0,0
30/05/2024 22:30,32.87,0,0.46,1.08,1.138247327,26.78,2.34,0.36,0.1,0.8,1.876960399,12.44,17.67,2.19,0,0,0,0,0,1.339338498,2.42,1.09,0,0,8.6,5.21,0,0,2.5,69.5,0,19.61,0,0,0,0,0,0,0,2.11,1.261525486,3.67,0,0
30/05/2024 23:00,32.87,0,0.46,1.08,1.116060458,26.78,2.34,0.36,0.1,0.8,1.829596203,12.44,17.67,2.19,0,0,0,0,0,1.334617241,2.42,1.09,0,0,8.6,5.21,0,0,2.5,69.5,0,19.61,0,0,0,0,0,0,0,2.11,1.210246677,3.67,0,0
30/05/2024 23:30,32.87,0,0.46,1.08,1.096305475,26.78,2.34,0.36,0.1,0.8,1.782139962,12.44,17.67,2.19,0,0,0,0,0,1.326424502,2.42,1.09,0,0,8.6,5.21,0,0,2.5,69.5,0,19.61,0,0,0,0,0,0,0,2.11,1.173780199,3.67,0,0
31/05/2024 0:00,32.87,0,0.46,1.08,1.061946838,26.78,2.34,0.36,0.1,0.8,1.734624243,12.44,17.67,2.19,0,0,0,0,0,1.315825454,2.42,1.09,0,0,8.6,5.21,0,0,2.5,69.5,0,19.61,0,0,0,0,0,0,0,2.11,1.134873196,3.67,0,0
31/05/2024 0:30,32.87,0,0.46,1.08,1.039182211,26.78,2.34,0.36,0.1,0.8,1.700593791,12.44,17.67,2.19,0,0,0,0,0,1.312257427,2.42,1.09,0,0,8.6,5.21,0,0,2.5,69.5,0,19.61,0,0,0,0,0,0,0,2.11,1.109662967,3.67,0,0
31/05/2024 1:00,32.87,0,0.46,1.08,1.042961094,26.78,2.34,0.36,0.1,0.8,1.675807827,12.44,17.67,2.19,0,0,0,0,0,1.305932263,2.42,1.09,0,0,8.6,5.21,0,0,2.5,69.5,0,19.61,0,0,0,0,0,0,0,2.11,1.095179604,3.67,0,0
31/05/2024 1:30,32.87,0,0.46,1.08,1.032573585,26.78,2.34,0.36,0.1,0.8,1.654605609,12.44,17.67,2.19,0,0,0,0,0,1.303622081,2.42,1.09,0,0,8.6,5.21,0,0,2.5,69.5,0,19.61,0,0,0,0,0,0,0,2.11,1.081054215,3.67,0,0
31/05/2024 2:00,32.87,0,0.46,1.08,1.030660204,26.78,2.34,0.36,0.1,0.8,1.678215165,12.44,17.67,2.19,0,0,0,0,0,1.311347401,2.42,1.09,0,0,8.6,5.21,0,0,2.5,69.5,0,19.61,0,0,0,0,0,0,0,2.11,1.075050169,3.67,0,0
31/05/2024 2:30,32.87,0,0.46,1.08,1.021963855,26.78,2.34,0.36,0.1,0.8,1.681441177,12.44,17.67,2.19,0,0,0,0,0,1.317668178,2.42,1.09,0,0,8.6,5.21,0,0,2.5,69.5,0,19.61,0,0,0,0,0,0,0,2.11,1.076824906,3.67,0,0
31/05/2024 3:00,32.87,0,0.46,1.08,1.064080784,26.78,2.34,0.36,0.1,0.8,1.725653558,12.44,17.67,2.19,0,0,0,0,0,1.322980104,2.42,1.09,0,0,8.6,5.21,0,0,2.5,69.5,0,19.61,0,0,0,0,0,0,0,2.11,1.086749664,3.67,0,0
31/05/2024 3:30,32.87,0,0.46,1.08,1.155695482,26.78,2.34,0.36,0.1,0.8,1.889262909,12.44,17.67,2.19,0,0,0,0,0,1.30961933,2.42,1.09,0,0,8.6,5.21,0,0,2.5,69.5,0,19.61,0,0,0,0,0,0,0,2.11,1.157044553,3.67,0,0
31/05/2024 4:00,32.87,0,0.46,1.08,1.318018818,26.78,2.34,0.36,0.1,0.8,2.13159288,12.44,17.67,2.19,0,0,0,0,0,1.297721055,2.42,1.09,0,0,8.6,5.21,0,0,2.5,69.5,0,19.61,0,0,0,0,0,0,0,2.11,1.27615285,3.67,0,0
31/05/2024 4:30,32.87,0,0.46,1.08,1.330541723,26.78,2.34,0.36,0.1,0.8,2.174345262,12.44,17.67,2.19,0,0,0,0,0,1.265725214,2.42,1.09,0,0,8.6,5.21,0,0,2.5,69.5,0,19.61,0,0,0,0,0,0,0,2.11,1.325838073,3.67,0,0
31/05/2024 5:00,32.87,0,0.46,1.08,1.168217392,26.78,2.34,0.36,0.1,0.8,1.997186252,12.44,17.67,2.19,0,0,0,0,0,1.210363103,2.42,1.09,0,0,8.6,5.21,0,0,2.5,69.5,0,19.61,0,0,0,0,0,0,0,2.11,1.293108061,3.67,0,0
31/05/2024 5:30,32.87,0,0.46,1.08,1.12324237,26.78,2.34,0.36,0.1,0.8,1.876266815,12.44,17.67,2.19,0,0,0,0,0,1.153228544,2.42,1.09,0,0,8.6,5.21,0,0,2.5,69.5,0,19.61,0,0,0,0,0,0,0,2.11,1.271342746,3.67,0,0
31/05/2024 6:00,32.9,0,0.46,1.08,1.507480321,26.78,1.78,0.36,0.1,0.8,1.981409732,12.44,17.67,2.65,0,0,0,0,0,1.113176873,2.42,1.09,0,0,8.6,5.21,0,0,2.5,69.5,0,19.61,0,0,0,0,0,0,0,2.11,1.304650059,3.67,0,0
31/05/2024 6:30,32.9,0,0.46,1.08,1.512080505,26.78,1.78,0.36,0.1,0.8,2.112752092,12.44,17.67,2.65,0,0,0,0,0,1.055383951,2.42,1.09,0,0,8.6,5.21,0,0,2.5,69.5,0,19.61,0,0,0,0,0,0,0,2.11,1.327878346,3.67,0,0
31/05/2024 7:00,32.9,0,0.46,1.08,1.502881832,26.78,1.78,0.36,0.1,0.8,2.122376381,12.44,17.67,2.65,0,0,0,0,0,1.059745146,2.42,1.09,0,0,8.6,5.21,0,0,2.5,69.5,0,19.61,0,0,0,0,0,0,0,2.11,1.348839112,3.67,0,0
31/05/2024 7:30,32.9,0,0.46,1.08,1.495546575,26.78,1.78,0.36,0.1,0.8,2.082323647,12.44,17.67,2.65,0,0,0,0,0,1.075851545,2.42,1.09,0,0,8.6,5.21,0,0,2.5,69.5,0,19.61,0,0,0,0,0,0,0,2.11,1.348485762,3.67,0,0
31/05/2024 8:00,32.9,0,0.46,1.08,1.198262112,26.78,1.78,0.36,0.1,0.8,2.013291062,12.44,17.67,2.65,0,0,0,0,0,1.096831807,2.42,1.09,0,0,8.6,5.21,0,0,2.5,69.5,0,19.61,0,0,0,0,0,0,0,2.11,1.337778154,3.67,0,0
31/05/2024 8:30,32.9,0,0.46,1.08,1.194398845,26.78,1.78,0.36,0.1,0.8,1.972483593,12.44,17.67,2.65,0,0,0,0,0,1.133963232,2.42,1.09,0,0,8.6,5.21,0,0,2.5,69.5,0,19.61,0,0,0,0,0,0,0,2.11,1.324559052,3.67,0,0
31/05/2024 9:00,32.9,0,0.46,1.08,1.217907954,26.78,1.78,0.36,0.1,0.8,1.960377265,12.44,17.67,2.65,0,0,0,0,0,1.154221202,2.42,1.09,0,0,8.6,5.21,0,0,2.5,69.5,0,19.61,0,0,0,0,0,0,0,2.11,1.319432352,3.67,0,0
31/05/2024 9:30,32.9,0,0.46,1.08,1.258889087,26.78,1.78,0.36,0.1,0.8,2.063815726,12.44,17.67,2.65,0,0,0,0,0,1.179832661,2.42,1.09,0,0,8.6,5.21,0,0,2.5,69.5,0,19.61,0,0,0,0,0,0,0,2.11,1.364791466,3.67,0,0
31/05/2024 10:00,32.9,0,0.46,1.08,1.307688244,26.78,1.78,0.36,0.1,0.8,2.199101412,12.44,17.67,2.65,0,0,0,0,0,1.209928088,2.42,1.09,0,0,8.6,5.21,0,0,2.5,69.5,0,19.61,0,0,0,0,0,0,0,2.11,1.430848116,3.67,0,0
31/05/2024 10:30,32.9,0,0.46,1.08,1.350141843,26.78,1.78,0.36,0.1,0.8,2.286702246,12.44,17.67,2.65,0,0,0,0,0,1.23970634,2.42,1.09,0,0,8.6,5.21,0,0,2.5,69.5,0,19.61,0,0,0,0,0,0,0,2.11,1.48472526,3.67,0,0
31/05/2024 11:00,32.9,0,0.46,1.08,1.395773694,26.78,1.78,0.36,0.1,0.8,2.35359481,12.44,17.67,2.65,0,0,0,0,0,1.253346924,2.42,1.09,0,0,8.6,5.21,0,0,2.5,69.5,0,19.61,0,0,0,0,0,0,0,2.11,1.53130004,3.67,0,0
31/05/2024 11:30,32.9,0,0.46,1.08,1.433811203,26.78,1.78,0.36,0.1,0.8,2.410103875,12.44,17.67,2.65,0,0,0,0,0,1.276947888,2.42,1.09,0,0,8.6,5.21,0,0,2.5,69.5,0,19.61,0,0,0,0,0,0,0,2.11,1.571392804,3.67,0,0
31/05/2024 12:00,32.9,0,0.46,1.08,1.455586426,26.78,1.78,0.36,0.1,0.8,2.459137994,12.44,17.67,2.65,0,0,0,0,0,1.30280777,2.42,1.09,0,0,8.6,5.21,0,0,2.5,69.5,0,19.61,0,0,0,0,0,0,0,2.11,1.603891349,3.67,0,0
31/05/2024 12:30,32.9,0,0.46,1.08,1.477877635,26.78,1.78,0.36,0.1,0.8,2.512164102,12.44,17.67,2.65,0,0,0,0,0,1.318376987,2.42,1.09,0,0,8.6,5.21,0,0,2.5,69.5,0,19.61,0,0,0,0,0,0,0,2.11,1.631926379,3.67,0,0
31/05/2024 13:00,32.9,0,0.46,1.08,1.531308255,26.78,1.78,0.36,0.1,0.8,2.560718065,12.44,17.67,2.65,0,0,0,0,0,1.309845571,2.42,1.09,0,0,8.6,5.21,0,0,2.5,69.5,0,19.61,0,0,0,0,0,0,0,2.11,1.668649247,3.67,0,0
31/05/2024 13:30,32.9,0,0.46,1.08,1.577771456,26.78,1.78,0.36,0.1,0.8,2.617731974,12.44,17.67,2.65,0,0,0,0,0,1.30950179,2.42,1.09,0,0,8.6,5.21,0,0,2.5,69.5,0,19.61,0,0,0,0,0,0,0,2.11,1.711581191,3.67,0,0
31/05/2024 14:00,32.9,0,0.46,1.08,1.614307395,26.78,1.78,0.36,0.1,0.8,2.718051831,12.44,17.67,2.65,0,0,0,0,0,1.334165716,2.42,1.09,0,0,8.6,5.21,0,0,2.5,69.5,0,19.61,0,0,0,0,0,0,0,2.11,1.771277259,3.67,0,0
31/05/2024 14:30,32.9,0,0.46,1.08,1.625792428,26.78,1.78,0.36,0.1,0.8,2.768682059,12.44,17.67,2.65,0,0,0,0,0,1.345596495,2.42,1.09,0,0,8.6,5.21,0,0,2.5,69.5,0,19.61,0,0,0,0,0,0,0,2.11,1.810845192,3.67,0,0
31/05/2024 15:00,32.9,0,0.46,1.08,1.669486586,26.78,1.78,0.36,0.1,0.8,2.83830929,12.44,17.67,2.65,0,0,0,0,0,1.34947277,2.42,1.09,0,0,8.6,5.21,0,0,2.5,69.5,0,19.61,0,0,0,0,0,0,0,2.11,1.836277897,3.67,0,0
31/05/2024 15:30,32.9,0,0.46,1.08,1.717752742,26.78,1.78,0.36,0.1,0.8,2.932856263,12.44,17.67,2.65,0,0,0,0,0,1.354841335,2.42,1.09,0,0,8.6,5.21,0,0,2.5,69.5,0,19.61,0,0,0,0,0,0,0,2.11,1.880872076,3.67,0,0
31/05/2024 16:00,32.9,0,0.46,1.08,1.710970153,26.78,1.78,0.36,0.1,0.8,2.939731975,12.44,17.67,2.65,0,0,0,0,0,1.365759669,2.42,1.09,0,0,8.6,5.21,0,0,2.5,69.5,0,19.61,0,0,0,0,0,0,0,2.11,1.881195348,3.67,0,0
31/05/2024 16:30,32.9,0,0.46,1.08,1.618018248,26.78,1.78,0.36,0.1,0.8,2.788171218,12.44,17.67,2.65,0,0,0,0,0,1.320014847,2.42,1.09,0,0,8.6,5.21,0,0,2.5,69.5,0,19.61,0,0,0,0,0,0,0,2.11,1.827068322,3.67,0,0
31/05/2024 17:00,32.9,0,0.46,1.08,1.570654769,26.78,1.78,0.36,0.1,0.8,2.667150656,12.44,17.67,2.65,0,0,0,0,0,1.188148852,2.42,1.09,0,0,8.6,5.21,0,0,2.5,69.5,0,19.61,0,0,0,0,0,0,0,2.11,1.786208289,3.67,0,0
31/05/2024 17:30,32.9,0,0.46,1.08,1.623559463,26.78,1.78,0.36,0.1,0.8,2.712158574,12.44,17.67,2.65,0,0,0,0,0,1.130702975,2.42,1.09,0,0,8.6,5.21,0,0,2.5,69.5,0,19.61,0,0,0,0,0,0,0,2.11,1.825236613,3.67,0,0
31/05/2024 18:00,32.9,0,0.46,1.08,1.744841211,26.78,1.78,0.36,0.1,0.8,2.964058875,12.44,17.67,2.65,0,0,0,0,0,1.24065612,2.42,1.09,0,0,8.6,5.21,0,0,2.5,69.5,0,19.61,0,0,0,0,0,0,0,2.11,1.929963109,3.67,0,0
31/05/2024 18:30,32.9,0,0.46,1.08,1.776027253,26.78,1.78,0.36,0.1,0.8,3.159486188,12.44,17.67,2.65,0,0,0,0,0,1.325107783,2.42,1.09,0,0,8.6,5.21,0,0,2.5,69.5,0,19.61,0,0,0,0,0,0,0,2.11,2.002389284,3.67,0,0
31/05/2024 19:00,32.9,0,0.46,1.08,1.74344563,26.78,1.78,0.36,0.1,0.8,3.118852608,12.44,17.67,2.65,0,0,0,0,0,1.368530016,2.42,1.09,0,0,8.6,5.21,0,0,2.5,69.5,0,19.61,0,0,0,0,0,0,0,2.11,2.032379203,3.67,0,0
31/05/2024 19:30,32.9,0,0.46,1.08,1.648748388,26.78,1.78,0.36,0.1,0.8,2.902525755,12.44,17.67,2.65,0,0,0,0,0,1.379719571,2.42,1.09,0,0,8.6,5.21,0,0,2.5,69.5,0,19.61,0,0,0,0,0,0,0,2.11,1.952422551,3.67,0,0
31/05/2024 20:00,32.9,0,0.46,1.08,1.513863593,26.78,1.78,0.36,0.1,0.8,2.605349179,12.44,17.67,2.65,0,0,0,0,0,1.373469412,2.42,1.09,0,0,8.6,5.21,0,0,2.5,69.5,0,19.61,0,0,0,0,0,0,0,2.11,1.790724138,3.67,0,0
31/05/2024 20:30,32.9,0,0.46,1.08,1.371560621,26.78,1.78,0.36,0.1,0.8,2.306072603,12.44,17.67,2.65,0,0,0,0,0,1.354657258,2.42,1.09,0,0,8.6,5.21,0,0,2.5,69.5,0,19.61,0,0,0,0,0,0,0,2.11,1.618395639,3.67,0,0
31/05/2024 21:00,32.9,0,0.46,1.08,1.27321832,26.78,1.78,0.36,0.1,0.8,2.082965157,12.44,17.67,2.65,0,0,0,0,0,1.344936241,2.42,1.09,0,0,8.6,5.21,0,0,2.5,69.5,0,19.61,0,0,0,0,0,0,0,2.11,1.473179785,3.67,0,0
31/05/2024 21:30,32.9,0,0.46,1.08,1.202573244,26.78,1.78,0.36,0.1,0.8,1.961838777,12.44,17.67,2.65,0,0,0,0,0,1.332122973,2.42,1.09,0,0,8.6,5.21,0,0,2.5,69.5,0,19.61,0,0,0,0,0,0,0,2.11,1.389426515,3.67,0,0
31/05/2024 22:00,32.9,0,0.46,1.08,1.178076353,26.78,1.78,0.36,0.1,0.8,1.921542245,12.44,17.67,2.65,0,0,0,0,0,1.335959795,2.42,1.09,0,0,8.6,5.21,0,0,2.5,69.5,0,19.61,0,0,0,0,0,0,0,2.11,1.317443518,3.67,0,0
31/05/2024 22:30,32.9,0,0.46,1.08,1.138247327,26.78,1.78,0.36,0.1,0.8,1.868691851,12.44,17.67,2.65,0,0,0,0,0,1.339338498,2.42,1.09,0,0,8.6,5.21,0,0,2.5,69.5,0,19.61,0,0,0,0,0,0,0,2.11,1.253058872,3.67,0,0
31/05/2024 23:00,32.9,0,0.46,1.08,1.116060458,26.78,1.78,0.36,0.1,0.8,1.821536308,12.44,17.67,2.65,0,0,0,0,0,1.334617241,2.42,1.09,0,0,8.6,5.21,0,0,2.5,69.5,0,19.61,0,0,0,0,0,0,0,2.11,1.202124216,3.67,0,0
31/05/2024 23:30,32.9,0,0.46,1.08,1.096305475,26.78,1.78,0.36,0.1,0.8,1.774289125,12.44,17.67,2.65,0,0,0,0,0,1.326424502,2.42,1.09,0,0,8.6,5.21,0,0,2.5,69.5,0,19.61,0,0,0,0,0,0,0,2.11,1.16590248,3.67,0,0
1/06/2024 0:00,32.9,0,0.46,1.08,1.061946838,26.78,1.78,0.36,0.1,0.8,1.734624243,12.44,17.67,2.65,0,0,0,0,0,1.315825454,2.42,1.09,0,0,8.6,5.21,0,0,2.5,69.5,0,19.61,0,0,0,0,0,0,0,2.11,1.134873196,3.67,0,0
1/06/2024 0:30,32.9,0,0.46,1.08,1.039182211,26.78,1.78,0.36,0.1,0.8,1.700593791,12.44,17.67,2.65,0,0,0,0,0,1.312257427,2.42,1.09,0,0,8.6,5.21,0,0,2.5,69.5,0,19.61,0,0,0,0,0,0,0,2.11,1.109662967,3.67,0,0
1/06/2024 1:00,32.9,0,0.46,1.08,1.042961094,26.78,1.78,0.36,0.1,0.8,1.675807827,12.44,17.67,2.65,0,0,0,0,0,1.305932263,2.42,1.09,0,0,8.6,5.21,0,0,2.5,69.5,0,19.61,0,0,0,0,0,0,0,2.11,1.095179604,3.67,0,0
1/06/2024 1:30,32.9,0,0.46,1.08,1.032573585,26.78,1.78,0.36,0.1,0.8,1.654605609,12.44,17.67,2.65,0,0,0,0,0,1.303622081,2.42,1.09,0,0,8.6,5.21,0,0,2.5,69.5,0,19.61,0,0,0,0,0,0,0,2.11,1.081054215,3.67,0,0
1/06/2024 2:00,32.9,0,0.46,1.08,1.030660204,26.78,1.78,0.36,0.1,0.8,1.678215165,12.44,17.67,2.65,0,0,0,0,0,1.311347401,2.42,1.09,0,0,8.6,5.21,0,0,2.5,69.5,0,19.61,0,0,0,0,0,0,0,2.11,1.075050169,3.67,0,0
1/06/2024 2:30,32.9,0,0.46,1.08,1.021963855,26.78,1.78,0.36,0.1,0.8,1.681441177,12.44,17.67,2.65,0,0,0,0,0,1.317668178,2.42,1.09,0,0,8.6,5.21,0,0,2.5,69.5,0,19.61,0,0,0,0,0,0,0,2.11,1.076824906,3.67,0,0
1/06/2024 3:00,32.9,0,0.46,1.08,1.064080784,26.78,1.78,0.36,0.1,0.8,1.725653558,12.44,17.67,2.65,0,0,0,0,0,1.322980104,2.42,1.09,0,0,8.6,5.21,0,0,2.5,69.5,0,19.61,0,0,0,0,0,0,0,2.11,1.086749664,3.67,0,0
1/06/2024 3:30,32.9,0,0.46,1.08,1.155695482,26.78,1.78,0.36,0.1,0.8,1.889262909,12.44,17.67,2.65,0,0,0,0,0,1.30961933,2.42,1.09,0,0,8.6,5.21,0,0,2.5,69.5,0,19.61,0,0,0,0,0,0,0,2.11,1.157044553,3.67,0,0
1/06/2024 4:00,32.9,0,0.46,1.08,1.318018818,26.78,1.78,0.36,0.1,0.8,2.13159288,12.44,17.67,2.65,0,0,0,0,0,1.297721055,2.42,1.09,0,0,8.6,5.21,0,0,2.5,69.5,0,19.61,0,0,0,0,0,0,0,2.11,1.27615285,3.67,0,0
1/06/2024 4:30,32.9,0,0.46,1.08,1.330541723,26.78,1.78,0.36,0.1,0.8,2.174345262,12.44,17.67,2.65,0,0,0,0,0,1.265725214,2.42,1.09,0,0,8.6,5.21,0,0,2.5,69.5,0,19.61,0,0,0,0,0,0,0,2.11,1.325838073,3.67,0,0
1/06/2024 5:00,32.9,0,0.46,1.08,1.168217392,26.78,1.78,0.36,0.1,0.8,1.997186252,12.44,17.67,2.65,0,0,0,0,0,1.210363103,2.42,1.09,0,0,8.6,5.21,0,0,2.5,69.5,0,19.61,0,0,0,0,0,0,0,2.11,1.293108061,3.67,0,0
1/06/2024 5:30,32.9,0,0.46,1.08,1.12324237,26.78,1.78,0.36,0.1,0.8,1.876266815,12.44,17.67,2.65,0,0,0,0,0,1.153228544,2.42,1.09,0,0,8.6,5.21,0,0,2.5,69.5,0,19.61,0,0,0,0,0,0,0,2.11,1.271342746,3.67,0,0
1/06/2024 6:00,32.9,0,0.46,1.08,1.507480321,26.78,2.34,0.36,0.1,0.8,1.981409732,16.78,17.67,2.19,0,0,0,0,0,1.113176873,2.39,1.09,0,0,8.3,6.4,0,0,2.5,92.87,0,20.2,0,0,0,0,0,0,0,2.11,1.304650059,3.67,0,0
1/06/2024 6:30,32.9,0,0.46,1.08,1.512080505,26.78,2.34,0.36,0.1,0.8,2.112752092,16.78,17.67,2.19,0,0,0,0,0,1.055383951,2.39,1.09,0,0,8.3,6.4,0,0,2.5,92.87,0,20.2,0,0,0,0,0,0,0,2.11,1.327878346,3.67,0,0
1/06/2024 7:00,32.9,0,0.46,1.08,1.502881832,26.78,2.34,0.36,0.1,0.8,2.122376381,16.78,17.67,2.19,0,0,0,0,0,1.059745146,2.39,1.09,0,0,8.3,6.4,0,0,2.5,92.87,0,20.2,0,0,0,0,0,0,0,2.11,1.348839112,3.67,0,0
1/06/2024 7:30,32.9,0,0.46,1.08,1.495546575,26.78,2.34,0.36,0.1,0.8,2.082323647,16.78,17.67,2.19,0,0,0,0,0,1.075851545,2.39,1.09,0,0,8.3,6.4,0,0,2.5,92.87,0,20.2,0,0,0,0,0,0,0,2.11,1.348485762,3.67,0,0
1/06/2024 8:00,32.9,0,0.46,1.08,1.198262112,26.78,2.34,0.36,0.1,0.8,2.013291062,16.78,17.67,2.19,0,0,0,0,0,1.096831807,2.39,1.09,0,0,8.3,6.4,0,0,2.5,92.87,0,20.2,0,0,0,0,0,0,0,2.11,1.337778154,3.67,0,0
1/06/2024 8:30,32.9,0,0.46,1.08,1.194398845,26.78,2.34,0.36,0.1,0.8,1.972483593,16.78,17.67,2.19,0,0,0,0,0,1.133963232,2.39,1.09,0,0,8.3,6.4,0,0,2.5,92.87,0,20.2,0,0,0,0,0,0,0,2.11,1.324559052,3.67,0,0
1/06/2024 9:00,32.9,0,0.46,1.08,1.217907954,26.78,2.34,0.36,0.1,0.8,1.960377265,16.78,17.67,2.19,0,0,0,0,0,1.154221202,2.39,1.09,0,0,8.3,6.4,0,0,2.5,92.87,0,20.2,0,0,0,0,0,0,0,2.11,1.319432352,3.67,0,0
1/06/2024 9:30,32.9,0,0.46,1.08,1.258889087,26.78,2.34,0.36,0.1,0.8,2.063815726,16.78,17.67,2.19,0,0,0,0,0,1.179832661,2.39,1.09,0,0,8.3,6.4,0,0,2.5,92.87,0,20.2,0,0,0,0,0,0,0,2.11,1.364791466,3.67,0,0
1/06/2024 10:00,32.9,0,0.46,1.08,1.307688244,26.78,2.34,0.36,0.1,0.8,2.199101412,16.78,17.67,2.19,0,0,0,0,0,1.209928088,2.39,1.09,0,0,8.3,6.4,0,0,2.5,92.87,0,20.2,0,0,0,0,0,0,0,2.11,1.430848116,3.67,0,0
1/06/2024 10:30,32.9,0,0.46,1.08,1.350141843,26.78,2.34,0.36,0.1,0.8,2.286702246,16.78,17.67,2.19,0,0,0,0,0,1.23970634,2.39,1.09,0,0,8.3,6.4,0,0,2.5,92.87,0,20.2,0,0,0,0,0,0,0,2.11,1.48472526,3.67,0,0
1/06/2024 11:00,32.9,0,0.46,1.08,1.395773694,26.78,2.34,0.36,0.1,0.8,2.35359481,16.78,17.67,2.19,0,0,0,0,0,1.253346924,2.39,1.09,0,0,8.3,6.4,0,0,2.5,92.87,0,20.2,0,0,0,0,0,0,0,2.11,1.53130004,3.67,0,0
1/06/2024 11:30,32.9,0,0.46,1.08,1.433811203,26.78,2.34,0.36,0.1,0.8,2.410103875,16.78,17.67,2.19,0,0,0,0,0,1.276947888,2.39,1.09,0,0,8.3,6.4,0,0,2.5,92.87,0,20.2,0,0,0,0,0,0,0,2.11,1.571392804,3.67,0,0
1/06/2024 12:00,32.9,0,0.46,1.08,1.455586426,26.78,2.34,0.36,0.1,0.8,2.459137994,16.78,17.67,2.19,0,0,0,0,0,1.30280777,2.39,1.09,0,0,8.3,6.4,0,0,2.5,92.87,0,20.2,0,0,0,0,0,0,0,2.11,1.603891349,3.67,0,0
1/06/2024 12:30,32.9,0,0.46,1.08,1.477877635,26.78,2.34,0.36,0.1,0.8,2.512164102,16.78,17.67,2.19,0,0,0,0,0,1.318376987,2.39,1.09,0,0,8.3,6.4,0,0,2.5,92.87,0,20.2,0,0,0,0,0,0,0,2.11,1.631926379,3.67,0,0
1/06/2024 13:00,32.9,0,0.46,1.08,1.531308255,26.78,2.34,0.36,0.1,0.8,2.560718065,16.78,17.67,2.19,0,0,0,0,0,1.309845571,2.39,1.09,0,0,8.3,6.4,0,0,2.5,92.87,0,20.2,0,0,0,0,0,0,0,2.11,1.668649247,3.67,0,0
1/06/2024 13:30,32.9,0,0.46,1.08,1.577771456,26.78,2.34,0.36,0.1,0.8,2.617731974,16.78,17.67,2.19,0,0,0,0,0,1.30950179,2.39,1.09,0,0,8.3,6.4,0,0,2.5,92.87,0,20.2,0,0,0,0,0,0,0,2.11,1.711581191,3.67,0,0
1/06/2024 14:00,32.9,0,0.46,1.08,1.614307395,26.78,2.34,0.36,0.1,0.8,2.718051831,16.78,17.67,2.19,0,0,0,0,0,1.334165716,2.39,1.09,0,0,8.3,6.4,0,0,2.5,92.87,0,20.2,0,0,0,0,0,0,0,2.11,1.771277259,3.67,0,0
1/06/2024 14:30,32.9,0,0.46,1.08,1.625792428,26.78,2.34,0.36,0.1,0.8,2.768682059,16.78,17.67,2.19,0,0,0,0,0,1.345596495,2.39,1.09,0,0,8.3,6.4,0,0,2.5,92.87,0,20.2,0,0,0,0,0,0,0,2.11,1.810845192,3.67,0,0
1/06/2024 15:00,32.9,0,0.46,1.08,1.669486586,26.78,2.34,0.36,0.1,0.8,2.83830929,16.78,17.67,2.19,0,0,0,0,0,1.34947277,2.39,1.09,0,0,8.3,6.4,0,0,2.5,92.87,0,20.2,0,0,0,0,0,0,0,2.11,1.836277897,3.67,0,0
1/06/2024 15:30,32.9,0,0.46,1.08,1.717752742,26.78,2.34,0.36,0.1,0.8,2.932856263,16.78,17.67,2.19,0,0,0,0,0,1.354841335,2.39,1.09,0,0,8.3,6.4,0,0,2.5,92.87,0,20.2,0,0,0,0,0,0,0,2.11,1.880872076,3.67,0,0
1/06/2024 16:00,32.9,0,0.46,1.08,1.710970153,26.78,2.34,0.36,0.1,0.8,2.939731975,16.78,17.67,2.19,0,0,0,0,0,1.365759669,2.39,1.09,0,0,8.3,6.4,0,0,2.5,92.87,0,20.2,0,0,0,0,0,0,0,2.11,1.881195348,3.67,0,0
1/06/2024 16:30,32.9,0,0.46,1.08,1.618018248,26.78,2.34,0.36,0.1,0.8,2.788171218,16.78,17.67,2.19,0,0,0,0,0,1.320014847,2.39,1.09,0,0,8.3,6.4,0,0,2.5,92.87,0,20.2,0,0,0,0,0,0,0,2.11,1.827068322,3.67,0,0
1/06/2024 17:00,32.9,0,0.46,1.08,1.570654769,26.78,2.34,0.36,0.1,0.8,2.667150656,16.78,17.67,2.19,0,0,0,0,0,1.188148852,2.39,1.09,0,0,8.3,6.4,0,0,2.5,92.87,0,20.2,0,0,0,0,0,0,0,2.11,1.786208289,3.67,0,0
1/06/2024 17:30,32.9,0,0.46,1.08,1.623559463,26.78,2.34,0.36,0.1,0.8,2.712158574,16.78,17.67,2.19,0,0,0,0,0,1.130702975,2.39,1.09,0,0,8.3,6.4,0,0,2.5,92.87,0,20.2,0,0,0,0,0,0,0,2.11,1.825236613,3.67,0,0
1/06/2024 18:00,32.9,0,0.46,1.08,1.744841211,26.78,2.34,0.36,0.1,0.8,2.964058875,16.78,17.67,2.19,0,0,0,0,0,1.24065612,2.39,1.09,0,0,8.3,6.4,0,0,2.5,92.87,0,20.2,0,0,0,0,0,0,0,2.11,1.929963109,3.67,0,0
1/06/2024 18:30,32.9,0,0.46,1.08,1.776027253,26.78,2.34,0.36,0.1,0.8,3.159486188,16.78,17.67,2.19,0,0,0,0,0,1.325107783,2.39,1.09,0,0,8.3,6.4,0,0,2.5,92.87,0,20.2,0,0,0,0,0,0,0,2.11,2.002389284,3.67,0,0
1/06/2024 19:00,32.9,0,0.46,1.08,1.74344563,26.78,2.34,0.36,0.1,0.8,3.118852608,16.78,17.67,2.19,0,0,0,0,0,1.368530016,2.39,1.09,0,0,8.3,6.4,0,0,2.5,92.87,0,20.2,0,0,0,0,0,0,0,2.11,2.032379203,3.67,0,0
1/06/2024 19:30,32.9,0,0.46,1.08,1.648748388,26.78,2.34,0.36,0.1,0.8,2.902525755,16.78,17.67,2.19,0,0,0,0,0,1.379719571,2.39,1.09,0,0,8.3,6.4,0,0,2.5,92.87,0,20.2,0,0,0,0,0,0,0,2.11,1.952422551,3.67,0,0
1/06/2024 20:00,32.9,0,0.46,1.08,1.513863593,26.78,2.34,0.36,0.1,0.8,2.605349179,16.78,17.67,2.19,0,0,0,0,0,1.373469412,2.39,1.09,0,0,8.3,6.4,0,0,2.5,92.87,0,20.2,0,0,0,0,0,0,0,2.11,1.790724138,3.67,0,0
1/06/2024 20:30,32.9,0,0.46,1.08,1.371560621,26.78,2.34,0.36,0.1,0.8,2.306072603,16.78,17.67,2.19,0,0,0,0,0,1.354657258,2.39,1.09,0,0,8.3,6.4,0,0,2.5,92.87,0,20.2,0,0,0,0,0,0,0,2.11,1.618395639,3.67,0,0
1/06/2024 21:00,32.9,0,0.46,1.08,1.27321832,26.78,2.34,0.36,0.1,0.8,2.082965157,16.78,17.67,2.19,0,0,0,0,0,1.344936241,2.39,1.09,0,0,8.3,6.4,0,0,2.5,92.87,0,20.2,0,0,0,0,0,0,0,2.11,1.473179785,3.67,0,0
1/06/2024 21:30,32.9,0,0.46,1.08,1.202573244,26.78,2.34,0.36,0.1,0.8,1.961838777,16.78,17.67,2.19,0,0,0,0,0,1.332122973,2.39,1.09,0,0,8.3,6.4,0,0,2.5,92.87,0,20.2,0,0,0,0,0,0,0,2.11,1.389426515,3.67,0,0
1/06/2024 22:00,32.9,0,0.46,1.08,1.178076353,26.78,2.34,0.36,0.1,0.8,1.921542245,16.78,17.67,2.19,0,0,0,0,0,1.335959795,2.39,1.09,0,0,8.3,6.4,0,0,2.5,92.87,0,20.2,0,0,0,0,0,0,0,2.11,1.317443518,3.67,0,0
1/06/2024 22:30,32.9,0,0.46,1.08,1.138247327,26.78,2.34,0.36,0.1,0.8,1.868691851,16.78,17.67,2.19,0,0,0,0,0,1.339338498,2.39,1.09,0,0,8.3,6.4,0,0,2.5,92.87,0,20.2,0,0,0,0,0,0,0,2.11,1.253058872,3.67,0,0
1/06/2024 23:00,32.9,0,0.46,1.08,1.116060458,26.78,2.34,0.36,0.1,0.8,1.821536308,16.78,17.67,2.19,0,0,0,0,0,1.334617241,2.39,1.09,0,0,8.3,6.4,0,0,2.5,92.87,0,20.2,0,0,0,0,0,0,0,2.11,1.202124216,3.67,0,0
1/06/2024 23:30,32.9,0,0.46,1.08,1.096305475,26.78,2.34,0.36,0.1,0.8,1.774289125,16.78,17.67,2.19,0,0,0,0,0,1.326424502,2.39,1.09,0,0,8.3,6.4,0,0,2.5,92.87,0,20.2,0,0,0,0,0,0,0,2.11,1.16590248,3.67,0,0
2/06/2024 0:00,32.9,0,0.46,1.08,1.054195401,26.78,2.34,0.36,0.1,0.8,1.734624243,16.78,17.67,2.19,0,0,0,0,0,1.315825454,2.39,1.09,0,0,8.3,6.4,0,0,2.5,92.87,0,20.2,0,0,0,0,0,0,0,2.11,1.127205134,3.67,0,0
2/06/2024 0:30,32.9,0,0.46,1.08,1.031596939,26.78,2.34,0.36,0.1,0.8,1.700593791,16.78,17.67,2.19,0,0,0,0,0,1.312257427,2.39,1.09,0,0,8.3,6.4,0,0,2.5,92.87,0,20.2,0,0,0,0,0,0,0,2.11,1.102165244,3.67,0,0
2/06/2024 1:00,32.9,0,0.46,1.08,1.035348239,26.78,2.34,0.36,0.1,0.8,1.675807827,16.78,17.67,2.19,0,0,0,0,0,1.305932263,2.39,1.09,0,0,8.3,6.4,0,0,2.5,92.87,0,20.2,0,0,0,0,0,0,0,2.11,1.087779742,3.67,0,0
2/06/2024 1:30,32.9,0,0.46,1.08,1.025036552,26.78,2.34,0.36,0.1,0.8,1.654605609,16.78,17.67,2.19,0,0,0,0,0,1.303622081,2.39,1.09,0,0,8.3,6.4,0,0,2.5,92.87,0,20.2,0,0,0,0,0,0,0,2.11,1.073749795,3.67,0,0
2/06/2024 2:00,32.9,0,0.46,1.08,1.023137137,26.78,2.34,0.36,0.1,0.8,1.678215165,16.78,17.67,2.19,0,0,0,0,0,1.311347401,2.39,1.09,0,0,8.3,6.4,0,0,2.5,92.87,0,20.2,0,0,0,0,0,0,0,2.11,1.067786317,3.67,0,0
2/06/2024 2:30,32.9,0,0.46,1.08,1.014504265,26.78,2.34,0.36,0.1,0.8,1.681441177,16.78,17.67,2.19,0,0,0,0,0,1.317668178,2.39,1.09,0,0,8.3,6.4,0,0,2.5,92.87,0,20.2,0,0,0,0,0,0,0,2.11,1.069549062,3.67,0,0
2/06/2024 3:00,32.9,0,0.46,1.08,1.05631377,26.78,2.34,0.36,0.1,0.8,1.725653558,16.78,17.67,2.19,0,0,0,0,0,1.322980104,2.39,1.09,0,0,8.3,6.4,0,0,2.5,92.87,0,20.2,0,0,0,0,0,0,0,2.11,1.079406761,3.67,0,0
2/06/2024 3:30,32.9,0,0.46,1.08,1.147259749,26.78,2.34,0.36,0.1,0.8,1.889262909,16.78,17.67,2.19,0,0,0,0,0,1.30961933,2.39,1.09,0,0,8.3,6.4,0,0,2.5,92.87,0,20.2,0,0,0,0,0,0,0,2.11,1.149226684,3.67,0,0
2/06/2024 4:00,32.9,0,0.46,1.08,1.308398243,26.78,2.34,0.36,0.1,0.8,2.13159288,16.78,17.67,2.19,0,0,0,0,0,1.297721055,2.39,1.09,0,0,8.3,6.4,0,0,2.5,92.87,0,20.2,0,0,0,0,0,0,0,2.11,1.267530196,3.67,0,0
2/06/2024 4:30,32.9,0,0.46,1.08,1.32082974,26.78,2.34,0.36,0.1,0.8,2.174345262,16.78,17.67,2.19,0,0,0,0,0,1.265725214,2.39,1.09,0,0,8.3,6.4,0,0,2.5,92.87,0,20.2,0,0,0,0,0,0,0,2.11,1.316879708,3.67,0,0
2/06/2024 5:00,32.9,0,0.46,1.08,1.159690258,26.78,2.34,0.36,0.1,0.8,1.997186252,16.78,17.67,2.19,0,0,0,0,0,1.210363103,2.39,1.09,0,0,8.3,6.4,0,0,2.5,92.87,0,20.2,0,0,0,0,0,0,0,2.11,1.284370844,3.67,0,0
2/06/2024 5:30,32.9,0,0.46,1.08,1.115043521,26.78,2.34,0.36,0.1,0.8,1.876266815,16.78,17.67,2.19,0,0,0,0,0,1.153228544,2.39,1.09,0,0,8.3,6.4,0,0,2.5,92.87,0,20.2,0,0,0,0,0,0,0,2.11,1.262752593,3.67,0,0
2/06/2024 6:00,32.9,0,0.46,1.08,1.496476815,26.78,2.06,0.36,0.1,0.8,1.981409732,16.78,17.67,2.42,0,0,0,0,0,1.113176873,2.39,1.09,0,0,8.3,6.4,0,0,2.5,92.87,0,20.2,0,0,0,0,0,0,0,2.11,1.295834856,3.67,0,0
2/06/2024 6:30,32.9,0,0.46,1.08,1.501043421,26.78,2.06,0.36,0.1,0.8,2.112752092,16.78,17.67,2.42,0,0,0,0,0,1.055383951,2.39,1.09,0,0,8.3,6.4,0,0,2.5,92.87,0,20.2,0,0,0,0,0,0,0,2.11,1.318906195,3.67,0,0
2/06/2024 7:00,32.9,0,0.46,1.08,1.491911892,26.78,2.06,0.36,0.1,0.8,2.122376381,16.78,17.67,2.42,0,0,0,0,0,1.059745146,2.39,1.09,0,0,8.3,6.4,0,0,2.5,92.87,0,20.2,0,0,0,0,0,0,0,2.11,1.339725335,3.67,0,0
2/06/2024 7:30,32.9,0,0.46,1.08,1.484630177,26.78,2.06,0.36,0.1,0.8,2.082323647,16.78,17.67,2.42,0,0,0,0,0,1.075851545,2.39,1.09,0,0,8.3,6.4,0,0,2.5,92.87,0,20.2,0,0,0,0,0,0,0,2.11,1.339374372,3.67,0,0
2/06/2024 8:00,32.9,0,0.46,1.08,1.189515673,26.78,2.06,0.36,0.1,0.8,2.013291062,16.78,17.67,2.42,0,0,0,0,0,1.096831807,2.39,1.09,0,0,8.3,6.4,0,0,2.5,92.87,0,20.2,0,0,0,0,0,0,0,2.11,1.328739112,3.67,0,0
2/06/2024 8:30,32.9,0,0.46,1.08,1.185680606,26.78,2.06,0.36,0.1,0.8,1.972483593,16.78,17.67,2.42,0,0,0,0,0,1.133963232,2.39,1.09,0,0,8.3,6.4,0,0,2.5,92.87,0,20.2,0,0,0,0,0,0,0,2.11,1.315609329,3.67,0,0
2/06/2024 9:00,32.9,0,0.46,1.08,1.209018115,26.78,2.06,0.36,0.1,0.8,1.960377265,16.78,17.67,2.42,0,0,0,0,0,1.154221202,2.39,1.09,0,0,8.3,6.4,0,0,2.5,92.87,0,20.2,0,0,0,0,0,0,0,2.11,1.310517269,3.67,0,0
2/06/2024 9:30,32.9,0,0.46,1.08,1.249700116,26.78,2.06,0.36,0.1,0.8,2.063815726,16.78,17.67,2.42,0,0,0,0,0,1.179832661,2.39,1.09,0,0,8.3,6.4,0,0,2.5,92.87,0,20.2,0,0,0,0,0,0,0,2.11,1.355569902,3.67,0,0
2/06/2024 10:00,32.9,0,0.46,1.08,1.298143074,26.78,2.06,0.36,0.1,0.8,2.199101412,16.78,17.67,2.42,0,0,0,0,0,1.209928088,2.39,1.09,0,0,8.3,6.4,0,0,2.5,92.87,0,20.2,0,0,0,0,0,0,0,2.11,1.421180223,3.67,0,0
2/06/2024 10:30,32.9,0,0.46,1.08,1.340286793,26.78,2.06,0.36,0.1,0.8,2.286702246,16.78,17.67,2.42,0,0,0,0,0,1.23970634,2.39,1.09,0,0,8.3,6.4,0,0,2.5,92.87,0,20.2,0,0,0,0,0,0,0,2.11,1.474693333,3.67,0,0
2/06/2024 11:00,32.9,0,0.46,1.08,1.385585564,26.78,2.06,0.36,0.1,0.8,2.35359481,16.78,17.67,2.42,0,0,0,0,0,1.253346924,2.39,1.09,0,0,8.3,6.4,0,0,2.5,92.87,0,20.2,0,0,0,0,0,0,0,2.11,1.520953418,3.67,0,0
2/06/2024 11:30,32.9,0,0.46,1.08,1.423345428,26.78,2.06,0.36,0.1,0.8,2.410103875,16.78,17.67,2.42,0,0,0,0,0,1.276947888,2.39,1.09,0,0,8.3,6.4,0,0,2.5,92.87,0,20.2,0,0,0,0,0,0,0,2.11,1.560775285,3.67,0,0
2/06/2024 12:00,32.9,0,0.46,1.08,1.444961707,26.78,2.06,0.36,0.1,0.8,2.459137994,16.78,17.67,2.42,0,0,0,0,0,1.30280777,2.39,1.09,0,0,8.3,6.4,0,0,2.5,92.87,0,20.2,0,0,0,0,0,0,0,2.11,1.593054245,3.67,0,0
2/06/2024 12:30,32.9,0,0.46,1.08,1.467090207,26.78,2.06,0.36,0.1,0.8,2.512164102,16.78,17.67,2.42,0,0,0,0,0,1.318376987,2.39,1.09,0,0,8.3,6.4,0,0,2.5,92.87,0,20.2,0,0,0,0,0,0,0,2.11,1.62089985,3.67,0,0
2/06/2024 13:00,32.9,0,0.46,1.08,1.520130823,26.78,2.06,0.36,0.1,0.8,2.560718065,16.78,17.67,2.42,0,0,0,0,0,1.309845571,2.39,1.09,0,0,8.3,6.4,0,0,2.5,92.87,0,20.2,0,0,0,0,0,0,0,2.11,1.65737459,3.67,0,0
2/06/2024 13:30,32.9,0,0.46,1.08,1.566254876,26.78,2.06,0.36,0.1,0.8,2.617731974,16.78,17.67,2.42,0,0,0,0,0,1.30950179,2.39,1.09,0,0,8.3,6.4,0,0,2.5,92.87,0,20.2,0,0,0,0,0,0,0,2.11,1.700016453,3.67,0,0
2/06/2024 14:00,32.9,0,0.46,1.08,1.602524129,26.78,2.06,0.36,0.1,0.8,2.718051831,16.78,17.67,2.42,0,0,0,0,0,1.334165716,2.39,1.09,0,0,8.3,6.4,0,0,2.5,92.87,0,20.2,0,0,0,0,0,0,0,2.11,1.75930917,3.67,0,0
2/06/2024 14:30,32.9,0,0.46,1.08,1.61392533,26.78,2.06,0.36,0.1,0.8,2.768682059,16.78,17.67,2.42,0,0,0,0,0,1.345596495,2.39,1.09,0,0,8.3,6.4,0,0,2.5,92.87,0,20.2,0,0,0,0,0,0,0,2.11,1.798609752,3.67,0,0
2/06/2024 15:00,32.9,0,0.46,1.08,1.657300553,26.78,2.06,0.36,0.1,0.8,2.83830929,16.78,17.67,2.42,0,0,0,0,0,1.34947277,2.39,1.09,0,0,8.3,6.4,0,0,2.5,92.87,0,20.2,0,0,0,0,0,0,0,2.11,1.823870614,3.67,0,0
2/06/2024 15:30,32.9,0,0.46,1.08,1.705214401,26.78,2.06,0.36,0.1,0.8,2.932856263,16.78,17.67,2.42,0,0,0,0,0,1.354841335,2.39,1.09,0,0,8.3,6.4,0,0,2.5,92.87,0,20.2,0,0,0,0,0,0,0,2.11,1.868163481,3.67,0,0
2/06/2024 16:00,32.9,0,0.46,1.08,1.69848132,26.78,2.06,0.36,0.1,0.8,2.939731975,16.78,17.67,2.42,0,0,0,0,0,1.365759669,2.39,1.09,0,0,8.3,6.4,0,0,2.5,92.87,0,20.2,0,0,0,0,0,0,0,2.11,1.868484569,3.67,0,0
2/06/2024 16:30,32.9,0,0.46,1.08,1.606207896,26.78,2.06,0.36,0.1,0.8,2.788171218,16.78,17.67,2.42,0,0,0,0,0,1.320014847,2.39,1.09,0,0,8.3,6.4,0,0,2.5,92.87,0,20.2,0,0,0,0,0,0,0,2.11,1.814723265,3.67,0,0
2/06/2024 17:00,32.9,0,0.46,1.08,1.559190136,26.78,2.06,0.36,0.1,0.8,2.667150656,16.78,17.67,2.42,0,0,0,0,0,1.188148852,2.39,1.09,0,0,8.3,6.4,0,0,2.5,92.87,0,20.2,0,0,0,0,0,0,0,2.11,1.774139314,3.67,0,0
2/06/2024 17:30,32.9,0,0.46,1.08,1.611708664,26.78,2.06,0.36,0.1,0.8,2.712158574,16.78,17.67,2.42,0,0,0,0,0,1.130702975,2.39,1.09,0,0,8.3,6.4,0,0,2.5,92.87,0,20.2,0,0,0,0,0,0,0,2.11,1.812903933,3.67,0,0
2/06/2024 18:00,32.9,0,0.46,1.08,1.732105144,26.78,2.06,0.36,0.1,0.8,2.964058875,16.78,17.67,2.42,0,0,0,0,0,1.24065612,2.39,1.09,0,0,8.3,6.4,0,0,2.5,92.87,0,20.2,0,0,0,0,0,0,0,2.11,1.916922818,3.67,0,0
2/06/2024 18:30,32.9,0,0.46,1.08,1.76306355,26.78,2.06,0.36,0.1,0.8,3.159486188,16.78,17.67,2.42,0,0,0,0,0,1.325107783,2.39,1.09,0,0,8.3,6.4,0,0,2.5,92.87,0,20.2,0,0,0,0,0,0,0,2.11,1.988859627,3.67,0,0
2/06/2024 19:00,32.9,0,0.46,1.08,1.730719749,26.78,2.06,0.36,0.1,0.8,3.118852608,16.78,17.67,2.42,0,0,0,0,0,1.368530016,2.39,1.09,0,0,8.3,6.4,0,0,2.5,92.87,0,20.2,0,0,0,0,0,0,0,2.11,2.018646911,3.67,0,0
2/06/2024 19:30,32.9,0,0.46,1.08,1.636713728,26.78,2.06,0.36,0.1,0.8,2.902525755,16.78,17.67,2.42,0,0,0,0,0,1.379719571,2.39,1.09,0,0,8.3,6.4,0,0,2.5,92.87,0,20.2,0,0,0,0,0,0,0,2.11,1.939230507,3.67,0,0
2/06/2024 20:00,32.9,0,0.46,1.08,1.502813494,26.78,2.06,0.36,0.1,0.8,2.605349179,16.78,17.67,2.42,0,0,0,0,0,1.373469412,2.39,1.09,0,0,8.3,6.4,0,0,2.5,92.87,0,20.2,0,0,0,0,0,0,0,2.11,1.77862465,3.67,0,0
2/06/2024 20:30,32.9,0,0.46,1.08,1.361549229,26.78,2.06,0.36,0.1,0.8,2.306072603,16.78,17.67,2.42,0,0,0,0,0,1.354657258,2.39,1.09,0,0,8.3,6.4,0,0,2.5,92.87,0,20.2,0,0,0,0,0,0,0,2.11,1.607460533,3.67,0,0
2/06/2024 21:00,32.9,0,0.46,1.08,1.263924756,26.78,2.06,0.36,0.1,0.8,2.082965157,16.78,17.67,2.42,0,0,0,0,0,1.344936241,2.39,1.09,0,0,8.3,6.4,0,0,2.5,92.87,0,20.2,0,0,0,0,0,0,0,2.11,1.463225868,3.67,0,0
2/06/2024 21:30,32.9,0,0.46,1.08,1.193795337,26.78,2.06,0.36,0.1,0.8,1.961838777,16.78,17.67,2.42,0,0,0,0,0,1.332122973,2.39,1.09,0,0,8.3,6.4,0,0,2.5,92.87,0,20.2,0,0,0,0,0,0,0,2.11,1.380038498,3.67,0,0
2/06/2024 22:00,32.9,0,0.46,1.08,1.169477255,26.78,2.06,0.36,0.1,0.8,1.921542245,16.78,17.67,2.42,0,0,0,0,0,1.335959795,2.39,1.09,0,0,8.3,6.4,0,0,2.5,92.87,0,20.2,0,0,0,0,0,0,0,2.11,1.308541873,3.67,0,0
2/06/2024 22:30,32.9,0,0.46,1.08,1.129938952,26.78,2.06,0.36,0.1,0.8,1.868691851,16.78,17.67,2.42,0,0,0,0,0,1.339338498,2.39,1.09,0,0,8.3,6.4,0,0,2.5,92.87,0,20.2,0,0,0,0,0,0,0,2.11,1.244592258,3.67,0,0
2/06/2024 23:00,32.9,0,0.46,1.08,1.107914032,26.78,2.06,0.36,0.1,0.8,1.821536308,16.78,17.67,2.42,0,0,0,0,0,1.334617241,2.39,1.09,0,0,8.3,6.4,0,0,2.5,92.87,0,20.2,0,0,0,0,0,0,0,2.11,1.194001755,3.67,0,0
2/06/2024 23:30,32.9,0,0.46,1.08,1.088303245,26.78,2.06,0.36,0.1,0.8,1.774289125,16.78,17.67,2.42,0,0,0,0,0,1.326424502,2.39,1.09,0,0,8.3,6.4,0,0,2.5,92.87,0,20.2,0,0,0,0,0,0,0,2.11,1.15802476,3.67,0,0
3/06/2024 0:00,32.9,0,0.46,1.08,1.054195401,26.78,2.06,0.36,0.1,0.8,1.726948915,16.78,17.67,2.42,0,0,0,0,0,1.315825454,2.39,1.09,0,0,8.3,6.4,0,0,2.5,92.87,0,20.2,0,0,0,0,0,0,0,2.11,1.127205134,3.67,0,0
3/06/2024 0:30,32.9,0,0.46,1.08,1.031596939,26.78,2.06,0.36,0.1,0.8,1.69306904,16.78,17.67,2.42,0,0,0,0,0,1.312257427,2.39,1.09,0,0,8.3,6.4,0,0,2.5,92.87,0,20.2,0,0,0,0,0,0,0,2.11,1.102165244,3.67,0,0
3/06/2024 1:00,32.9,0,0.46,1.08,1.035348239,26.78,2.06,0.36,0.1,0.8,1.668392748,16.78,17.67,2.42,0,0,0,0,0,1.305932263,2.39,1.09,0,0,8.3,6.4,0,0,2.5,92.87,0,20.2,0,0,0,0,0,0,0,2.11,1.087779742,3.67,0,0
3/06/2024 1:30,32.9,0,0.46,1.08,1.025036552,26.78,2.06,0.36,0.1,0.8,1.647284346,16.78,17.67,2.42,0,0,0,0,0,1.303622081,2.39,1.09,0,0,8.3,6.4,0,0,2.5,92.87,0,20.2,0,0,0,0,0,0,0,2.11,1.073749795,3.67,0,0
3/06/2024 2:00,32.9,0,0.46,1.08,1.023137137,26.78,2.06,0.36,0.1,0.8,1.670789434,16.78,17.67,2.42,0,0,0,0,0,1.311347401,2.39,1.09,0,0,8.3,6.4,0,0,2.5,92.87,0,20.2,0,0,0,0,0,0,0,2.11,1.067786317,3.67,0,0
3/06/2024 2:30,32.9,0,0.46,1.08,1.014504265,26.78,2.06,0.36,0.1,0.8,1.674001172,16.78,17.67,2.42,0,0,0,0,0,1.317668178,2.39,1.09,0,0,8.3,6.4,0,0,2.5,92.87,0,20.2,0,0,0,0,0,0,0,2.11,1.069549062,3.67,0,0
3/06/2024 3:00,32.9,0,0.46,1.08,1.05631377,26.78,2.06,0.36,0.1,0.8,1.718017923,16.78,17.67,2.42,0,0,0,0,0,1.322980104,2.39,1.09,0,0,8.3,6.4,0,0,2.5,92.87,0,20.2,0,0,0,0,0,0,0,2.11,1.079406761,3.67,0,0
3/06/2024 3:30,32.9,0,0.46,1.08,1.147259749,26.78,2.06,0.36,0.1,0.8,1.880903338,16.78,17.67,2.42,0,0,0,0,0,1.30961933,2.39,1.09,0,0,8.3,6.4,0,0,2.5,92.87,0,20.2,0,0,0,0,0,0,0,2.11,1.149226684,3.67,0,0
3/06/2024 4:00,32.9,0,0.46,1.08,1.308398243,26.78,2.06,0.36,0.1,0.8,2.122161054,16.78,17.67,2.42,0,0,0,0,0,1.297721055,2.39,1.09,0,0,8.3,6.4,0,0,2.5,92.87,0,20.2,0,0,0,0,0,0,0,2.11,1.267530196,3.67,0,0
3/06/2024 4:30,32.9,0,0.46,1.08,1.32082974,26.78,2.06,0.36,0.1,0.8,2.164724265,16.78,17.67,2.42,0,0,0,0,0,1.265725214,2.39,1.09,0,0,8.3,6.4,0,0,2.5,92.87,0,20.2,0,0,0,0,0,0,0,2.11,1.316879708,3.67,0,0
3/06/2024 5:00,32.9,0,0.46,1.08,1.159690258,26.78,2.06,0.36,0.1,0.8,1.988349144,16.78,17.67,2.42,0,0,0,0,0,1.210363103,2.39,1.09,0,0,8.3,6.4,0,0,2.5,92.87,0,20.2,0,0,0,0,0,0,0,2.11,1.284370844,3.67,0,0
3/06/2024 5:30,32.9,0,0.46,1.08,1.115043521,26.78,2.06,0.36,0.1,0.8,1.867964749,16.78,17.67,2.42,0,0,0,0,0,1.153228544,2.39,1.09,0,0,8.3,6.4,0,0,2.5,92.87,0,20.2,0,0,0,0,0,0,0,2.11,1.262752593,3.67,0,0
3/06/2024 6:00,32.9,0,0.46,1.08,1.496476815,26.78,2.06,0.36,0.1,0.8,1.972642432,16.78,17.67,2.42,0,0,0,0,0,1.113176873,2.39,1.09,0,0,8.3,6.4,0,0,2.5,92.87,0,22.72,0,0,0,0,0,0,0,2.11,1.295834856,3.67,0,0
3/06/2024 6:30,32.9,0,0.46,1.08,1.501043421,26.78,2.06,0.36,0.1,0.8,2.103403631,16.78,17.67,2.42,0,0,0,0,0,1.055383951,2.39,1.09,0,0,8.3,6.4,0,0,2.5,92.87,0,22.72,0,0,0,0,0,0,0,2.11,1.318906195,3.67,0,0
3/06/2024 7:00,32.9,0,0.46,1.08,1.491911892,26.78,2.06,0.36,0.1,0.8,2.112985335,16.78,17.67,2.42,0,0,0,0,0,1.059745146,2.39,1.09,0,0,8.3,6.4,0,0,2.5,92.87,0,22.72,0,0,0,0,0,0,0,2.11,1.339725335,3.67,0,0
3/06/2024 7:30,32.9,0,0.46,1.08,1.484630177,26.78,2.06,0.36,0.1,0.8,2.073109826,16.78,17.67,2.42,0,0,0,0,0,1.075851545,2.39,1.09,0,0,8.3,6.4,0,0,2.5,92.87,0,22.72,0,0,0,0,0,0,0,2.11,1.339374372,3.67,0,0
3/06/2024 8:00,32.9,0,0.46,1.08,1.189515673,26.78,2.06,0.36,0.1,0.8,2.004382694,16.78,17.67,2.42,0,0,0,0,0,1.096831807,2.39,1.09,0,0,8.3,6.4,0,0,2.5,92.87,0,22.72,0,0,0,0,0,0,0,2.11,1.328739112,3.67,0,0
3/06/2024 8:30,32.9,0,0.46,1.08,1.185680606,26.78,2.06,0.36,0.1,0.8,1.96375579,16.78,17.67,2.42,0,0,0,0,0,1.133963232,2.39,1.09,0,0,8.3,6.4,0,0,2.5,92.87,0,22.72,0,0,0,0,0,0,0,2.11,1.315609329,3.67,0,0
3/06/2024 9:00,32.9,0,0.46,1.08,1.209018115,26.78,2.06,0.36,0.1,0.8,1.951703029,16.78,17.67,2.42,0,0,0,0,0,1.154221202,2.39,1.09,0,0,8.3,6.4,0,0,2.5,92.87,0,22.72,0,0,0,0,0,0,0,2.11,1.310517269,3.67,0,0
3/06/2024 9:30,32.9,0,0.46,1.08,1.249700116,26.78,2.06,0.36,0.1,0.8,2.054683798,16.78,17.67,2.42,0,0,0,0,0,1.179832661,2.39,1.09,0,0,8.3,6.4,0,0,2.5,92.87,0,22.72,0,0,0,0,0,0,0,2.11,1.355569902,3.67,0,0
3/06/2024 10:00,32.9,0,0.46,1.08,1.298143074,26.78,2.06,0.36,0.1,0.8,2.189370875,16.78,17.67,2.42,0,0,0,0,0,1.209928088,2.39,1.09,0,0,8.3,6.4,0,0,2.5,92.87,0,22.72,0,0,0,0,0,0,0,2.11,1.421180223,3.67,0,0
3/06/2024 10:30,32.9,0,0.46,1.08,1.340286793,26.78,2.06,0.36,0.1,0.8,2.276584094,16.78,17.67,2.42,0,0,0,0,0,1.23970634,2.39,1.09,0,0,8.3,6.4,0,0,2.5,92.87,0,22.72,0,0,0,0,0,0,0,2.11,1.474693333,3.67,0,0
3/06/2024 11:00,32.9,0,0.46,1.08,1.385585564,26.78,2.06,0.36,0.1,0.8,2.343180674,16.78,17.67,2.42,0,0,0,0,0,1.253346924,2.39,1.09,0,0,8.3,6.4,0,0,2.5,92.87,0,22.72,0,0,0,0,0,0,0,2.11,1.520953418,3.67,0,0
3/06/2024 11:30,32.9,0,0.46,1.08,1.423345428,26.78,2.06,0.36,0.1,0.8,2.399439698,16.78,17.67,2.42,0,0,0,0,0,1.276947888,2.39,1.09,0,0,8.3,6.4,0,0,2.5,92.87,0,22.72,0,0,0,0,0,0,0,2.11,1.560775285,3.67,0,0
3/06/2024 12:00,32.9,0,0.46,1.08,1.444961707,26.78,2.06,0.36,0.1,0.8,2.448256852,16.78,17.67,2.42,0,0,0,0,0,1.30280777,2.39,1.09,0,0,8.3,6.4,0,0,2.5,92.87,0,22.72,0,0,0,0,0,0,0,2.11,1.593054245,3.67,0,0
3/06/2024 12:30,32.9,0,0.46,1.08,1.467090207,26.78,2.06,0.36,0.1,0.8,2.501048332,16.78,17.67,2.42,0,0,0,0,0,1.318376987,2.39,1.09,0,0,8.3,6.4,0,0,2.5,92.87,0,22.72,0,0,0,0,0,0,0,2.11,1.62089985,3.67,0,0
3/06/2024 13:00,32.9,0,0.46,1.08,1.520130823,26.78,2.06,0.36,0.1,0.8,2.549387454,16.78,17.67,2.42,0,0,0,0,0,1.309845571,2.39,1.09,0,0,8.3,6.4,0,0,2.5,92.87,0,22.72,0,0,0,0,0,0,0,2.11,1.65737459,3.67,0,0
3/06/2024 13:30,32.9,0,0.46,1.08,1.566254876,26.78,2.06,0.36,0.1,0.8,2.60614909,16.78,17.67,2.42,0,0,0,0,0,1.30950179,2.39,1.09,0,0,8.3,6.4,0,0,2.5,92.87,0,22.72,0,0,0,0,0,0,0,2.11,1.700016453,3.67,0,0
3/06/2024 14:00,32.9,0,0.46,1.08,1.602524129,26.78,2.06,0.36,0.1,0.8,2.706025053,16.78,17.67,2.42,0,0,0,0,0,1.334165716,2.39,1.09,0,0,8.3,6.4,0,0,2.5,92.87,0,22.72,0,0,0,0,0,0,0,2.11,1.75930917,3.67,0,0
3/06/2024 14:30,32.9,0,0.46,1.08,1.61392533,26.78,2.06,0.36,0.1,0.8,2.756431253,16.78,17.67,2.42,0,0,0,0,0,1.345596495,2.39,1.09,0,0,8.3,6.4,0,0,2.5,92.87,0,22.72,0,0,0,0,0,0,0,2.11,1.798609752,3.67,0,0
3/06/2024 15:00,32.9,0,0.46,1.08,1.657300553,26.78,2.06,0.36,0.1,0.8,2.8257504,16.78,17.67,2.42,0,0,0,0,0,1.34947277,2.39,1.09,0,0,8.3,6.4,0,0,2.5,92.87,0,22.72,0,0,0,0,0,0,0,2.11,1.823870614,3.67,0,0
3/06/2024 15:30,32.9,0,0.46,1.08,1.705214401,26.78,2.06,0.36,0.1,0.8,2.919879023,16.78,17.67,2.42,0,0,0,0,0,1.354841335,2.39,1.09,0,0,8.3,6.4,0,0,2.5,92.87,0,22.72,0,0,0,0,0,0,0,2.11,1.868163481,3.67,0,0
3/06/2024 16:00,32.9,0,0.46,1.08,1.69848132,26.78,2.06,0.36,0.1,0.8,2.926724311,16.78,17.67,2.42,0,0,0,0,0,1.365759669,2.39,1.09,0,0,8.3,6.4,0,0,2.5,92.87,0,22.72,0,0,0,0,0,0,0,2.11,1.868484569,3.67,0,0
3/06/2024 16:30,32.9,0,0.46,1.08,1.606207896,26.78,2.06,0.36,0.1,0.8,2.775834178,16.78,17.67,2.42,0,0,0,0,0,1.320014847,2.39,1.09,0,0,8.3,6.4,0,0,2.5,92.87,0,22.72,0,0,0,0,0,0,0,2.11,1.814723265,3.67,0,0
3/06/2024 17:00,32.9,0,0.46,1.08,1.559190136,26.78,2.06,0.36,0.1,0.8,2.655349104,16.78,17.67,2.42,0,0,0,0,0,1.188148852,2.39,1.09,0,0,8.3,6.4,0,0,2.5,92.87,0,22.72,0,0,0,0,0,0,0,2.11,1.774139314,3.67,0,0
3/06/2024 17:30,32.9,0,0.46,1.08,1.611708664,26.78,2.06,0.36,0.1,0.8,2.700157873,16.78,17.67,2.42,0,0,0,0,0,1.130702975,2.39,1.09,0,0,8.3,6.4,0,0,2.5,92.87,0,22.72,0,0,0,0,0,0,0,2.11,1.812903933,3.67,0,0
3/06/2024 18:00,32.9,0,0.46,1.08,1.732105144,26.78,2.06,0.36,0.1,0.8,2.95094357,16.78,17.67,2.42,0,0,0,0,0,1.24065612,2.39,1.09,0,0,8.3,6.4,0,0,2.5,92.87,0,22.72,0,0,0,0,0,0,0,2.11,1.916922818,3.67,0,0
3/06/2024 18:30,32.9,0,0.46,1.08,1.76306355,26.78,2.06,0.36,0.1,0.8,3.14550616,16.78,17.67,2.42,0,0,0,0,0,1.325107783,2.39,1.09,0,0,8.3,6.4,0,0,2.5,92.87,0,22.72,0,0,0,0,0,0,0,2.11,1.988859627,3.67,0,0
3/06/2024 19:00,32.9,0,0.46,1.08,1.730719749,26.78,2.06,0.36,0.1,0.8,3.105052375,16.78,17.67,2.42,0,0,0,0,0,1.368530016,2.39,1.09,0,0,8.3,6.4,0,0,2.5,92.87,0,22.72,0,0,0,0,0,0,0,2.11,2.018646911,3.67,0,0
3/06/2024 19:30,32.9,0,0.46,1.08,1.636713728,26.78,2.06,0.36,0.1,0.8,2.889682721,16.78,17.67,2.42,0,0,0,0,0,1.379719571,2.39,1.09,0,0,8.3,6.4,0,0,2.5,92.87,0,22.72,0,0,0,0,0,0,0,2.11,1.939230507,3.67,0,0
3/06/2024 20:00,32.9,0,0.46,1.08,1.502813494,26.78,2.06,0.36,0.1,0.8,2.593821086,16.78,17.67,2.42,0,0,0,0,0,1.373469412,2.39,1.09,0,0,8.3,6.4,0,0,2.5,92.87,0,22.72,0,0,0,0,0,0,0,2.11,1.77862465,3.67,0,0
3/06/2024 20:30,32.9,0,0.46,1.08,1.361549229,26.78,2.06,0.36,0.1,0.8,2.295868742,16.78,17.67,2.42,0,0,0,0,0,1.354657258,2.39,1.09,0,0,8.3,6.4,0,0,2.5,92.87,0,22.72,0,0,0,0,0,0,0,2.11,1.607460533,3.67,0,0
3/06/2024 21:00,32.9,0,0.46,1.08,1.263924756,26.78,2.06,0.36,0.1,0.8,2.073748497,16.78,17.67,2.42,0,0,0,0,0,1.344936241,2.39,1.09,0,0,8.3,6.4,0,0,2.5,92.87,0,22.72,0,0,0,0,0,0,0,2.11,1.463225868,3.67,0,0
3/06/2024 21:30,32.9,0,0.46,1.08,1.193795337,26.78,2.06,0.36,0.1,0.8,1.953158075,16.78,17.67,2.42,0,0,0,0,0,1.332122973,2.39,1.09,0,0,8.3,6.4,0,0,2.5,92.87,0,22.72,0,0,0,0,0,0,0,2.11,1.380038498,3.67,0,0
3/06/2024 22:00,32.9,0,0.46,1.08,1.169477255,26.78,2.06,0.36,0.1,0.8,1.913039845,16.78,17.67,2.42,0,0,0,0,0,1.335959795,2.39,1.09,0,0,8.3,6.4,0,0,2.5,92.87,0,22.72,0,0,0,0,0,0,0,2.11,1.308541873,3.67,0,0
3/06/2024 22:30,32.9,0,0.46,1.08,1.129938952,26.78,2.06,0.36,0.1,0.8,1.860423303,16.78,17.67,2.42,0,0,0,0,0,1.339338498,2.39,1.09,0,0,8.3,6.4,0,0,2.5,92.87,0,22.72,0,0,0,0,0,0,0,2.11,1.244592258,3.67,0,0
3/06/2024 23:00,32.9,0,0.46,1.08,1.107914032,26.78,2.06,0.36,0.1,0.8,1.813476413,16.78,17.67,2.42,0,0,0,0,0,1.334617241,2.39,1.09,0,0,8.3,6.4,0,0,2.5,92.87,0,22.72,0,0,0,0,0,0,0,2.11,1.194001755,3.67,0,0
3/06/2024 23:30,32.9,0,0.46,1.08,1.088303245,26.78,2.06,0.36,0.1,0.8,1.766438289,16.78,17.67,2.42,0,0,0,0,0,1.326424502,2.39,1.09,0,0,8.3,6.4,0,0,2.5,92.87,0,22.72,0,0,0,0,0,0,0,2.11,1.15802476,3.67,0,0
4/06/2024 0:00,32.9,0,0.46,1.08,1.046443964,26.78,2.06,0.36,0.1,0.8,1.726948915,16.78,17.67,2.42,0,0,0,0,0,1.315825454,2.39,1.09,0,0,8.3,6.4,0,0,2.5,92.87,0,22.72,0,0,0,0,0,0,0,2.11,1.119537071,3.67,0,0
4/06/2024 0:30,32.9,0,0.46,1.08,1.024011667,26.78,2.06,0.36,0.1,0.8,1.69306904,16.78,17.67,2.42,0,0,0,0,0,1.312257427,2.39,1.09,0,0,8.3,6.4,0,0,2.5,92.87,0,22.72,0,0,0,0,0,0,0,2.11,1.094667521,3.67,0,0
4/06/2024 1:00,32.9,0,0.46,1.08,1.027735385,26.78,2.06,0.36,0.1,0.8,1.668392748,16.78,17.67,2.42,0,0,0,0,0,1.305932263,2.39,1.09,0,0,8.3,6.4,0,0,2.5,92.87,0,22.72,0,0,0,0,0,0,0,2.11,1.08037988,3.67,0,0
4/06/2024 1:30,32.9,0,0.46,1.08,1.017499519,26.78,2.06,0.36,0.1,0.8,1.647284346,16.78,17.67,2.42,0,0,0,0,0,1.303622081,2.39,1.09,0,0,8.3,6.4,0,0,2.5,92.87,0,22.72,0,0,0,0,0,0,0,2.11,1.066445375,3.67,0,0
4/06/2024 2:00,32.9,0,0.46,1.08,1.01561407,26.78,2.06,0.36,0.1,0.8,1.670789434,16.78,17.67,2.42,0,0,0,0,0,1.311347401,2.39,1.09,0,0,8.3,6.4,0,0,2.5,92.87,0,22.72,0,0,0,0,0,0,0,2.11,1.060522464,3.67,0,0
4/06/2024 2:30,32.9,0,0.46,1.08,1.007044674,26.78,2.06,0.36,0.1,0.8,1.674001172,16.78,17.67,2.42,0,0,0,0,0,1.317668178,2.39,1.09,0,0,8.3,6.4,0,0,2.5,92.87,0,22.72,0,0,0,0,0,0,0,2.11,1.062273218,3.67,0,0
4/06/2024 3:00,32.9,0,0.46,1.08,1.048546757,26.78,2.06,0.36,0.1,0.8,1.718017923,16.78,17.67,2.42,0,0,0,0,0,1.322980104,2.39,1.09,0,0,8.3,6.4,0,0,2.5,92.87,0,22.72,0,0,0,0,0,0,0,2.11,1.072063858,3.67,0,0
4/06/2024 3:30,32.9,0,0.46,1.08,1.138824015,26.78,2.06,0.36,0.1,0.8,1.880903338,16.78,17.67,2.42,0,0,0,0,0,1.30961933,2.39,1.09,0,0,8.3,6.4,0,0,2.5,92.87,0,22.72,0,0,0,0,0,0,0,2.11,1.141408816,3.67,0,0
4/06/2024 4:00,32.9,0,0.46,1.08,1.298777667,26.78,2.06,0.36,0.1,0.8,2.122161054,16.78,17.67,2.42,0,0,0,0,0,1.297721055,2.39,1.09,0,0,8.3,6.4,0,0,2.5,92.87,0,22.72,0,0,0,0,0,0,0,2.11,1.258907542,3.67,0,0
4/06/2024 4:30,32.9,0,0.46,1.08,1.311117756,26.78,2.06,0.36,0.1,0.8,2.164724265,16.78,17.67,2.42,0,0,0,0,0,1.265725214,2.39,1.09,0,0,8.3,6.4,0,0,2.5,92.87,0,22.72,0,0,0,0,0,0,0,2.11,1.307921343,3.67,0,0
4/06/2024 5:00,32.9,0,0.46,1.08,1.151163124,26.78,2.06,0.36,0.1,0.8,1.988349144,16.78,17.67,2.42,0,0,0,0,0,1.210363103,2.39,1.09,0,0,8.3,6.4,0,0,2.5,92.87,0,22.72,0,0,0,0,0,0,0,2.11,1.275633627,3.67,0,0
4/06/2024 5:30,32.9,0,0.46,1.08,1.106844671,26.78,2.06,0.36,0.1,0.8,1.867964749,16.78,17.67,2.42,0,0,0,0,0,1.153228544,2.39,1.09,0,0,8.3,6.4,0,0,2.5,92.87,0,22.72,0,0,0,0,0,0,0,2.11,1.254162439,3.67,0,0
4/06/2024 6:00,32.9,0,0.46,1.08,1.485473309,26.78,2.06,0.36,0.1,0.8,1.972642432,16.78,17.67,2.42,0,0,0,0,0,1.113176873,2.39,1.09,0,0,8.3,6.4,0,0,2.5,92.87,0,22.72,0,0,0,0,0,0,0,2.11,1.287019653,3.67,0,0
4/06/2024 6:30,32.9,0,0.46,1.08,1.490006337,26.78,2.06,0.36,0.1,0.8,2.103403631,16.78,17.67,2.42,0,0,0,0,0,1.055383951,2.39,1.09,0,0,8.3,6.4,0,0,2.5,92.87,0,22.72,0,0,0,0,0,0,0,2.11,1.309934044,3.67,0,0
4/06/2024 7:00,32.9,0,0.46,1.08,1.480941952,26.78,2.06,0.36,0.1,0.8,2.112985335,16.78,17.67,2.42,0,0,0,0,0,1.059745146,2.39,1.09,0,0,8.3,6.4,0,0,2.5,92.87,0,22.72,0,0,0,0,0,0,0,2.11,1.330611557,3.67,0,0
4/06/2024 7:30,32.9,0,0.46,1.08,1.473713779,26.78,2.06,0.36,0.1,0.8,2.073109826,16.78,17.67,2.42,0,0,0,0,0,1.075851545,2.39,1.09,0,0,8.3,6.4,0,0,2.5,92.87,0,22.72,0,0,0,0,0,0,0,2.11,1.330262982,3.67,0,0
4/06/2024 8:00,32.9,0,0.46,1.08,1.180769234,26.78,2.06,0.36,0.1,0.8,2.004382694,16.78,17.67,2.42,0,0,0,0,0,1.096831807,2.39,1.09,0,0,8.3,6.4,0,0,2.5,92.87,0,22.72,0,0,0,0,0,0,0,2.11,1.319700071,3.67,0,0
4/06/2024 8:30,32.9,0,0.46,1.08,1.176962366,26.78,2.06,0.36,0.1,0.8,1.96375579,16.78,17.67,2.42,0,0,0,0,0,1.133963232,2.39,1.09,0,0,8.3,6.4,0,0,2.5,92.87,0,22.72,0,0,0,0,0,0,0,2.11,1.306659606,3.67,0,0
4/06/2024 9:00,32.9,0,0.46,1.08,1.200128276,26.78,2.06,0.36,0.1,0.8,1.951703029,16.78,17.67,2.42,0,0,0,0,0,1.154221202,2.39,1.09,0,0,8.3,6.4,0,0,2.5,92.87,0,22.72,0,0,0,0,0,0,0,2.11,1.301602185,3.67,0,0
4/06/2024 9:30,32.9,0,0.46,1.08,1.240511145,26.78,2.06,0.36,0.1,0.8,2.054683798,16.78,17.67,2.42,0,0,0,0,0,1.179832661,2.39,1.09,0,0,8.3,6.4,0,0,2.5,92.87,0,22.72,0,0,0,0,0,0,0,2.11,1.346348338,3.67,0,0
4/06/2024 10:00,32.9,0,0.46,1.08,1.288597905,26.78,2.06,0.36,0.1,0.8,2.189370875,16.78,17.67,2.42,0,0,0,0,0,1.209928088,2.39,1.09,0,0,8.3,6.4,0,0,2.5,92.87,0,22.72,0,0,0,0,0,0,0,2.11,1.411512331,3.67,0,0
4/06/2024 10:30,32.9,0,0.46,1.08,1.330431743,26.78,2.06,0.36,0.1,0.8,2.276584094,16.78,17.67,2.42,0,0,0,0,0,1.23970634,2.39,1.09,0,0,8.3,6.4,0,0,2.5,92.87,0,22.72,0,0,0,0,0,0,0,2.11,1.464661405,3.67,0,0
4/06/2024 11:00,32.9,0,0.46,1.08,1.375397435,26.78,2.06,0.36,0.1,0.8,2.343180674,16.78,17.67,2.42,0,0,0,0,0,1.253346924,2.39,1.09,0,0,8.3,6.4,0,0,2.5,92.87,0,22.72,0,0,0,0,0,0,0,2.11,1.510606796,3.67,0,0
4/06/2024 11:30,32.9,0,0.46,1.08,1.412879653,26.78,2.06,0.36,0.1,0.8,2.399439698,16.78,17.67,2.42,0,0,0,0,0,1.276947888,2.39,1.09,0,0,8.3,6.4,0,0,2.5,92.87,0,22.72,0,0,0,0,0,0,0,2.11,1.550157766,3.67,0,0
4/06/2024 12:00,32.9,0,0.46,1.08,1.434336989,26.78,2.06,0.36,0.1,0.8,2.448256852,16.78,17.67,2.42,0,0,0,0,0,1.30280777,2.39,1.09,0,0,8.3,6.4,0,0,2.5,92.87,0,22.72,0,0,0,0,0,0,0,2.11,1.582217141,3.67,0,0
4/06/2024 12:30,32.9,0,0.46,1.08,1.456302779,26.78,2.06,0.36,0.1,0.8,2.501048332,16.78,17.67,2.42,0,0,0,0,0,1.318376987,2.39,1.09,0,0,8.3,6.4,0,0,2.5,92.87,0,22.72,0,0,0,0,0,0,0,2.11,1.60987332,3.67,0,0
4/06/2024 13:00,32.9,0,0.46,1.08,1.50895339,26.78,2.06,0.36,0.1,0.8,2.549387454,16.78,17.67,2.42,0,0,0,0,0,1.309845571,2.39,1.09,0,0,8.3,6.4,0,0,2.5,92.87,0,22.72,0,0,0,0,0,0,0,2.11,1.646099933,3.67,0,0
4/06/2024 13:30,32.9,0,0.46,1.08,1.554738296,26.78,2.06,0.36,0.1,0.8,2.60614909,16.78,17.67,2.42,0,0,0,0,0,1.30950179,2.39,1.09,0,0,8.3,6.4,0,0,2.5,92.87,0,22.72,0,0,0,0,0,0,0,2.11,1.688451715,3.67,0,0
4/06/2024 14:00,32.9,0,0.46,1.08,1.590740863,26.78,2.06,0.36,0.1,0.8,2.706025053,16.78,17.67,2.42,0,0,0,0,0,1.334165716,2.39,1.09,0,0,8.3,6.4,0,0,2.5,92.87,0,22.72,0,0,0,0,0,0,0,2.11,1.74734108,3.67,0,0
4/06/2024 14:30,32.9,0,0.46,1.08,1.602058232,26.78,2.06,0.36,0.1,0.8,2.756431253,16.78,17.67,2.42,0,0,0,0,0,1.345596495,2.39,1.09,0,0,8.3,6.4,0,0,2.5,92.87,0,22.72,0,0,0,0,0,0,0,2.11,1.786374311,3.67,0,0
4/06/2024 15:00,32.9,0,0.46,1.08,1.645114519,26.78,2.06,0.36,0.1,0.8,2.8257504,16.78,17.67,2.42,0,0,0,0,0,1.34947277,2.39,1.09,0,0,8.3,6.4,0,0,2.5,92.87,0,22.72,0,0,0,0,0,0,0,2.11,1.811463331,3.67,0,0
4/06/2024 15:30,32.9,0,0.46,1.08,1.69267606,26.78,2.06,0.36,0.1,0.8,2.919879023,16.78,17.67,2.42,0,0,0,0,0,1.354841335,2.39,1.09,0,0,8.3,6.4,0,0,2.5,92.87,0,22.72,0,0,0,0,0,0,0,2.11,1.855454886,3.67,0,0
4/06/2024 16:00,32.9,0,0.46,1.08,1.685992487,26.78,2.06,0.36,0.1,0.8,2.926724311,16.78,17.67,2.42,0,0,0,0,0,1.365759669,2.39,1.09,0,0,8.3,6.4,0,0,2.5,92.87,0,22.72,0,0,0,0,0,0,0,2.11,1.855773789,3.67,0,0
4/06/2024 16:30,32.9,0,0.46,1.08,1.594397544,26.78,2.06,0.36,0.1,0.8,2.775834178,16.78,17.67,2.42,0,0,0,0,0,1.320014847,2.39,1.09,0,0,8.3,6.4,0,0,2.5,92.87,0,22.72,0,0,0,0,0,0,0,2.11,1.802378209,3.67,0,0
4/06/2024 17:00,32.9,0,0.46,1.08,1.547725502,26.78,2.06,0.36,0.1,0.8,2.655349104,16.78,17.67,2.42,0,0,0,0,0,1.188148852,2.39,1.09,0,0,8.3,6.4,0,0,2.5,92.87,0,22.72,0,0,0,0,0,0,0,2.11,1.762070339,3.67,0,0
4/06/2024 17:30,32.9,0,0.46,1.08,1.599857865,26.78,2.06,0.36,0.1,0.8,2.700157873,16.78,17.67,2.42,0,0,0,0,0,1.130702975,2.39,1.09,0,0,8.3,6.4,0,0,2.5,92.87,0,22.72,0,0,0,0,0,0,0,2.11,1.800571253,3.67,0,0
4/06/2024 18:00,32.9,0,0.46,1.08,1.719369076,26.78,2.06,0.36,0.1,0.8,2.95094357,16.78,17.67,2.42,0,0,0,0,0,1.24065612,2.39,1.09,0,0,8.3,6.4,0,0,2.5,92.87,0,22.72,0,0,0,0,0,0,0,2.11,1.903882526,3.67,0,0
4/06/2024 18:30,32.9,0,0.46,1.08,1.750099847,26.78,2.06,0.36,0.1,0.8,3.14550616,16.78,17.67,2.42,0,0,0,0,0,1.325107783,2.39,1.09,0,0,8.3,6.4,0,0,2.5,92.87,0,22.72,0,0,0,0,0,0,0,2.11,1.97532997,3.67,0,0
4/06/2024 19:00,32.9,0,0.46,1.08,1.717993869,26.78,2.06,0.36,0.1,0.8,3.105052375,16.78,17.67,2.42,0,0,0,0,0,1.368530016,2.39,1.09,0,0,8.3,6.4,0,0,2.5,92.87,0,22.72,0,0,0,0,0,0,0,2.11,2.004914619,3.67,0,0
4/06/2024 19:30,32.9,0,0.46,1.08,1.624679068,26.78,2.06,0.36,0.1,0.8,2.889682721,16.78,17.67,2.42,0,0,0,0,0,1.379719571,2.39,1.09,0,0,8.3,6.4,0,0,2.5,92.87,0,22.72,0,0,0,0,0,0,0,2.11,1.926038463,3.67,0,0
4/06/2024 20:00,32.9,0,0.46,1.08,1.491763395,26.78,2.06,0.36,0.1,0.8,2.593821086,16.78,17.67,2.42,0,0,0,0,0,1.373469412,2.39,1.09,0,0,8.3,6.4,0,0,2.5,92.87,0,22.72,0,0,0,0,0,0,0,2.11,1.766525163,3.67,0,0
4/06/2024 20:30,32.9,0,0.46,1.08,1.351537838,26.78,2.06,0.36,0.1,0.8,2.295868742,16.78,17.67,2.42,0,0,0,0,0,1.354657258,2.39,1.09,0,0,8.3,6.4,0,0,2.5,92.87,0,22.72,0,0,0,0,0,0,0,2.11,1.596525427,3.67,0,0
4/06/2024 21:00,32.9,0,0.46,1.08,1.254631191,26.78,2.06,0.36,0.1,0.8,2.073748497,16.78,17.67,2.42,0,0,0,0,0,1.344936241,2.39,1.09,0,0,8.3,6.4,0,0,2.5,92.87,0,22.72,0,0,0,0,0,0,0,2.11,1.45327195,3.67,0,0
4/06/2024 21:30,32.9,0,0.46,1.08,1.18501743,26.78,2.06,0.36,0.1,0.8,1.953158075,16.78,17.67,2.42,0,0,0,0,0,1.332122973,2.39,1.09,0,0,8.3,6.4,0,0,2.5,92.87,0,22.72,0,0,0,0,0,0,0,2.11,1.370650481,3.67,0,0
4/06/2024 22:00,32.9,0,0.46,1.08,1.160878158,26.78,2.06,0.36,0.1,0.8,1.913039845,16.78,17.67,2.42,0,0,0,0,0,1.335959795,2.39,1.09,0,0,8.3,6.4,0,0,2.5,92.87,0,22.72,0,0,0,0,0,0,0,2.11,1.299640228,3.67,0,0
4/06/2024 22:30,32.9,0,0.46,1.08,1.121630578,26.78,2.06,0.36,0.1,0.8,1.860423303,16.78,17.67,2.42,0,0,0,0,0,1.339338498,2.39,1.09,0,0,8.3,6.4,0,0,2.5,92.87,0,22.72,0,0,0,0,0,0,0,2.11,1.236125644,3.67,0,0
4/06/2024 23:00,32.9,0,0.46,1.08,1.099767605,26.78,2.06,0.36,0.1,0.8,1.813476413,16.78,17.67,2.42,0,0,0,0,0,1.334617241,2.39,1.09,0,0,8.3,6.4,0,0,2.5,92.87,0,22.72,0,0,0,0,0,0,0,2.11,1.185879294,3.67,0,0
4/06/2024 23:30,32.9,0,0.46,1.08,1.080301015,26.78,2.06,0.36,0.1,0.8,1.766438289,16.78,17.67,2.42,0,0,0,0,0,1.326424502,2.39,1.09,0,0,8.3,6.4,0,0,2.5,92.87,0,22.72,0,0,0,0,0,0,0,2.11,1.150147041,3.67,0,0
5/06/2024 0:00,32.9,0,0.46,1.08,1.046443964,26.78,2.06,0.36,0.1,0.8,1.726948915,16.78,17.67,2.42,0,0,0,0,0,1.315825454,2.39,1.09,0,0,8.3,6.4,0,0,2.5,92.87,0,22.72,0,0,0,0,0,0,0,2.11,1.119537071,3.67,0,0
5/06/2024 0:30,32.9,0,0.46,1.08,1.024011667,26.78,2.06,0.36,0.1,0.8,1.69306904,16.78,17.67,2.42,0,0,0,0,0,1.312257427,2.39,1.09,0,0,8.3,6.4,0,0,2.5,92.87,0,22.72,0,0,0,0,0,0,0,2.11,1.094667521,3.67,0,0
5/06/2024 1:00,32.9,0,0.46,1.08,1.027735385,26.78,2.06,0.36,0.1,0.8,1.668392748,16.78,17.67,2.42,0,0,0,0,0,1.305932263,2.39,1.09,0,0,8.3,6.4,0,0,2.5,92.87,0,22.72,0,0,0,0,0,0,0,2.11,1.08037988,3.67,0,0
5/06/2024 1:30,32.9,0,0.46,1.08,1.017499519,26.78,2.06,0.36,0.1,0.8,1.647284346,16.78,17.67,2.42,0,0,0,0,0,1.303622081,2.39,1.09,0,0,8.3,6.4,0,0,2.5,92.87,0,22.72,0,0,0,0,0,0,0,2.11,1.066445375,3.67,0,0
5/06/2024 2:00,32.9,0,0.46,1.08,1.01561407,26.78,2.06,0.36,0.1,0.8,1.670789434,16.78,17.67,2.42,0,0,0,0,0,1.311347401,2.39,1.09,0,0,8.3,6.4,0,0,2.5,92.87,0,22.72,0,0,0,0,0,0,0,2.11,1.060522464,3.67,0,0
5/06/2024 2:30,32.9,0,0.46,1.08,1.007044674,26.78,2.06,0.36,0.1,0.8,1.674001172,16.78,17.67,2.42,0,0,0,0,0,1.317668178,2.39,1.09,0,0,8.3,6.4,0,0,2.5,92.87,0,22.72,0,0,0,0,0,0,0,2.11,1.062273218,3.67,0,0
5/06/2024 3:00,32.9,0,0.46,1.08,1.048546757,26.78,2.06,0.36,0.1,0.8,1.718017923,16.78,17.67,2.42,0,0,0,0,0,1.322980104,2.39,1.09,0,0,8.3,6.4,0,0,2.5,92.87,0,22.72,0,0,0,0,0,0,0,2.11,1.072063858,3.67,0,0
5/06/2024 3:30,32.9,0,0.46,1.08,1.138824015,26.78,2.06,0.36,0.1,0.8,1.880903338,16.78,17.67,2.42,0,0,0,0,0,1.30961933,2.39,1.09,0,0,8.3,6.4,0,0,2.5,92.87,0,22.72,0,0,0,0,0,0,0,2.11,1.141408816,3.67,0,0
5/06/2024 4:00,32.9,0,0.46,1.08,1.298777667,26.78,2.06,0.36,0.1,0.8,2.122161054,16.78,17.67,2.42,0,0,0,0,0,1.297721055,2.39,1.09,0,0,8.3,6.4,0,0,2.5,92.87,0,22.72,0,0,0,0,0,0,0,2.11,1.258907542,3.67,0,0
5/06/2024 4:30,32.9,0,0.46,1.08,1.311117756,26.78,2.06,0.36,0.1,0.8,2.164724265,16.78,17.67,2.42,0,0,0,0,0,1.265725214,2.39,1.09,0,0,8.3,6.4,0,0,2.5,92.87,0,22.72,0,0,0,0,0,0,0,2.11,1.307921343,3.67,0,0
5/06/2024 5:00,32.9,0,0.46,1.08,1.151163124,26.78,2.06,0.36,0.1,0.8,1.988349144,16.78,17.67,2.42,0,0,0,0,0,1.210363103,2.39,1.09,0,0,8.3,6.4,0,0,2.5,92.87,0,22.72,0,0,0,0,0,0,0,2.11,1.275633627,3.67,0,0
5/06/2024 5:30,32.9,0,0.46,1.08,1.106844671,26.78,2.06,0.36,0.1,0.8,1.867964749,16.78,17.67,2.42,0,0,0,0,0,1.153228544,2.39,1.09,0,0,8.3,6.4,0,0,2.5,92.87,0,22.72,0,0,0,0,0,0,0,2.11,1.254162439,3.67,0,0
5/06/2024 6:00,32.9,0,0.46,1.08,1.485473309,26.78,2.06,0.36,0.1,0.8,1.972642432,16.78,17.67,2.65,0,0,0,0,0,1.113176873,2.39,1.09,0,0,8.3,6.4,0,0,2.5,92.87,0,22.72,0,0,0,0,0,0,0,2.11,1.287019653,3.39,0,0
5/06/2024 6:30,32.9,0,0.46,1.08,1.490006337,26.78,2.06,0.36,0.1,0.8,2.103403631,16.78,17.67,2.65,0,0,0,0,0,1.055383951,2.39,1.09,0,0,8.3,6.4,0,0,2.5,92.87,0,22.72,0,0,0,0,0,0,0,2.11,1.309934044,3.39,0,0
5/06/2024 7:00,32.9,0,0.46,1.08,1.480941952,26.78,2.06,0.36,0.1,0.8,2.112985335,16.78,17.67,2.65,0,0,0,0,0,1.059745146,2.39,1.09,0,0,8.3,6.4,0,0,2.5,92.87,0,22.72,0,0,0,0,0,0,0,2.11,1.330611557,3.39,0,0
5/06/2024 7:30,32.9,0,0.46,1.08,1.473713779,26.78,2.06,0.36,0.1,0.8,2.073109826,16.78,17.67,2.65,0,0,0,0,0,1.075851545,2.39,1.09,0,0,8.3,6.4,0,0,2.5,92.87,0,22.72,0,0,0,0,0,0,0,2.11,1.330262982,3.39,0,0
5/06/2024 8:00,32.9,0,0.46,1.08,1.180769234,26.78,2.06,0.36,0.1,0.8,2.004382694,16.78,17.67,2.65,0,0,0,0,0,1.096831807,2.39,1.09,0,0,8.3,6.4,0,0,2.5,92.87,0,22.72,0,0,0,0,0,0,0,2.11,1.319700071,3.39,0,0
5/06/2024 8:30,32.9,0,0.46,1.08,1.176962366,26.78,2.06,0.36,0.1,0.8,1.96375579,16.78,17.67,2.65,0,0,0,0,0,1.133963232,2.39,1.09,0,0,8.3,6.4,0,0,2.5,92.87,0,22.72,0,0,0,0,0,0,0,2.11,1.306659606,3.39,0,0
5/06/2024 9:00,32.9,0,0.46,1.08,1.200128276,26.78,2.06,0.36,0.1,0.8,1.951703029,16.78,17.67,2.65,0,0,0,0,0,1.154221202,2.39,1.09,0,0,8.3,6.4,0,0,2.5,92.87,0,22.72,0,0,0,0,0,0,0,2.11,1.301602185,3.39,0,0
5/06/2024 9:30,32.9,0,0.46,1.08,1.240511145,26.78,2.06,0.36,0.1,0.8,2.054683798,16.78,17.67,2.65,0,0,0,0,0,1.179832661,2.39,1.09,0,0,8.3,6.4,0,0,2.5,92.87,0,22.72,0,0,0,0,0,0,0,2.11,1.346348338,3.39,0,0
5/06/2024 10:00,32.9,0,0.46,1.08,1.288597905,26.78,2.06,0.36,0.1,0.8,2.189370875,16.78,17.67,2.65,0,0,0,0,0,1.209928088,2.39,1.09,0,0,8.3,6.4,0,0,2.5,92.87,0,22.72,0,0,0,0,0,0,0,2.11,1.411512331,3.39,0,0
5/06/2024 10:30,32.9,0,0.46,1.08,1.330431743,26.78,2.06,0.36,0.1,0.8,2.276584094,16.78,17.67,2.65,0,0,0,0,0,1.23970634,2.39,1.09,0,0,8.3,6.4,0,0,2.5,92.87,0,22.72,0,0,0,0,0,0,0,2.11,1.464661405,3.39,0,0
5/06/2024 11:00,32.9,0,0.46,1.08,1.375397435,26.78,2.06,0.36,0.1,0.8,2.343180674,16.78,17.67,2.65,0,0,0,0,0,1.253346924,2.39,1.09,0,0,8.3,6.4,0,0,2.5,92.87,0,22.72,0,0,0,0,0,0,0,2.11,1.510606796,3.39,0,0
5/06/2024 11:30,32.9,0,0.46,1.08,1.412879653,26.78,2.06,0.36,0.1,0.8,2.399439698,16.78,17.67,2.65,0,0,0,0,0,1.276947888,2.39,1.09,0,0,8.3,6.4,0,0,2.5,92.87,0,22.72,0,0,0,0,0,0,0,2.11,1.550157766,3.39,0,0
5/06/2024 12:00,32.9,0,0.46,1.08,1.434336989,26.78,2.06,0.36,0.1,0.8,2.448256852,16.78,17.67,2.65,0,0,0,0,0,1.30280777,2.39,1.09,0,0,8.3,6.4,0,0,2.5,92.87,0,22.72,0,0,0,0,0,0,0,2.11,1.582217141,3.39,0,0
5/06/2024 12:30,32.9,0,0.46,1.08,1.456302779,26.78,2.06,0.36,0.1,0.8,2.501048332,16.78,17.67,2.65,0,0,0,0,0,1.318376987,2.39,1.09,0,0,8.3,6.4,0,0,2.5,92.87,0,22.72,0,0,0,0,0,0,0,2.11,1.60987332,3.39,0,0
5/06/2024 13:00,32.9,0,0.46,1.08,1.50895339,26.78,2.06,0.36,0.1,0.8,2.549387454,16.78,17.67,2.65,0,0,0,0,0,1.309845571,2.39,1.09,0,0,8.3,6.4,0,0,2.5,92.87,0,22.72,0,0,0,0,0,0,0,2.11,1.646099933,3.39,0,0
5/06/2024 13:30,32.9,0,0.46,1.08,1.554738296,26.78,2.06,0.36,0.1,0.8,2.60614909,16.78,17.67,2.65,0,0,0,0,0,1.30950179,2.39,1.09,0,0,8.3,6.4,0,0,2.5,92.87,0,22.72,0,0,0,0,0,0,0,2.11,1.688451715,3.39,0,0
5/06/2024 14:00,32.9,0,0.46,1.08,1.590740863,26.78,2.06,0.36,0.1,0.8,2.706025053,16.78,17.67,2.65,0,0,0,0,0,1.334165716,2.39,1.09,0,0,8.3,6.4,0,0,2.5,92.87,0,22.72,0,0,0,0,0,0,0,2.11,1.74734108,3.39,0,0
5/06/2024 14:30,32.9,0,0.46,1.08,1.602058232,26.78,2.06,0.36,0.1,0.8,2.756431253,16.78,17.67,2.65,0,0,0,0,0,1.345596495,2.39,1.09,0,0,8.3,6.4,0,0,2.5,92.87,0,22.72,0,0,0,0,0,0,0,2.11,1.786374311,3.39,0,0
5/06/2024 15:00,32.9,0,0.46,1.08,1.645114519,26.78,2.06,0.36,0.1,0.8,2.8257504,16.78,17.67,2.65,0,0,0,0,0,1.34947277,2.39,1.09,0,0,8.3,6.4,0,0,2.5,92.87,0,22.72,0,0,0,0,0,0,0,2.11,1.811463331,3.39,0,0
5/06/2024 15:30,32.9,0,0.46,1.08,1.69267606,26.78,2.06,0.36,0.1,0.8,2.919879023,16.78,17.67,2.65,0,0,0,0,0,1.354841335,2.39,1.09,0,0,8.3,6.4,0,0,2.5,92.87,0,22.72,0,0,0,0,0,0,0,2.11,1.855454886,3.39,0,0
5/06/2024 16:00,32.9,0,0.46,1.08,1.685992487,26.78,2.06,0.36,0.1,0.8,2.926724311,16.78,17.67,2.65,0,0,0,0,0,1.365759669,2.39,1.09,0,0,8.3,6.4,0,0,2.5,92.87,0,22.72,0,0,0,0,0,0,0,2.11,1.855773789,3.39,0,0
5/06/2024 16:30,32.9,0,0.46,1.08,1.594397544,26.78,2.06,0.36,0.1,0.8,2.775834178,16.78,17.67,2.65,0,0,0,0,0,1.320014847,2.39,1.09,0,0,8.3,6.4,0,0,2.5,92.87,0,22.72,0,0,0,0,0,0,0,2.11,1.802378209,3.39,0,0
5/06/2024 17:00,32.9,0,0.46,1.08,1.547725502,26.78,2.06,0.36,0.1,0.8,2.655349104,16.78,17.67,2.65,0,0,0,0,0,1.188148852,2.39,1.09,0,0,8.3,6.4,0,0,2.5,92.87,0,22.72,0,0,0,0,0,0,0,2.11,1.762070339,3.39,0,0
5/06/2024 17:30,32.9,0,0.46,1.08,1.599857865,26.78,2.06,0.36,0.1,0.8,2.700157873,16.78,17.67,2.65,0,0,0,0,0,1.130702975,2.39,1.09,0,0,8.3,6.4,0,0,2.5,92.87,0,22.72,0,0,0,0,0,0,0,2.11,1.800571253,3.39,0,0
5/06/2024 18:00,32.9,0,0.46,1.08,1.719369076,26.78,2.06,0.36,0.1,0.8,2.95094357,16.78,17.67,2.65,0,0,0,0,0,1.24065612,2.39,1.09,0,0,8.3,6.4,0,0,2.5,92.87,0,22.72,0,0,0,0,0,0,0,2.11,1.903882526,3.39,0,0
5/06/2024 18:30,32.9,0,0.46,1.08,1.750099847,26.78,2.06,0.36,0.1,0.8,3.14550616,16.78,17.67,2.65,0,0,0,0,0,1.325107783,2.39,1.09,0,0,8.3,6.4,0,0,2.5,92.87,0,22.72,0,0,0,0,0,0,0,2.11,1.97532997,3.39,0,0
5/06/2024 19:00,32.9,0,0.46,1.08,1.717993869,26.78,2.06,0.36,0.1,0.8,3.105052375,16.78,17.67,2.65,0,0,0,0,0,1.368530016,2.39,1.09,0,0,8.3,6.4,0,0,2.5,92.87,0,22.72,0,0,0,0,0,0,0,2.11,2.004914619,3.39,0,0
5/06/2024 19:30,32.9,0,0.46,1.08,1.624679068,26.78,2.06,0.36,0.1,0.8,2.889682721,16.78,17.67,2.65,0,0,0,0,0,1.379719571,2.39,1.09,0,0,8.3,6.4,0,0,2.5,92.87,0,22.72,0,0,0,0,0,0,0,2.11,1.926038463,3.39,0,0
5/06/2024 20:00,32.9,0,0.46,1.08,1.491763395,26.78,2.06,0.36,0.1,0.8,2.593821086,16.78,17.67,2.65,0,0,0,0,0,1.373469412,2.39,1.09,0,0,8.3,6.4,0,0,2.5,92.87,0,22.72,0,0,0,0,0,0,0,2.11,1.766525163,3.39,0,0
5/06/2024 20:30,32.9,0,0.46,1.08,1.351537838,26.78,2.06,0.36,0.1,0.8,2.295868742,16.78,17.67,2.65,0,0,0,0,0,1.354657258,2.39,1.09,0,0,8.3,6.4,0,0,2.5,92.87,0,22.72,0,0,0,0,0,0,0,2.11,1.596525427,3.39,0,0
5/06/2024 21:00,32.9,0,0.46,1.08,1.254631191,26.78,2.06,0.36,0.1,0.8,2.073748497,16.78,17.67,2.65,0,0,0,0,0,1.344936241,2.39,1.09,0,0,8.3,6.4,0,0,2.5,92.87,0,22.72,0,0,0,0,0,0,0,2.11,1.45327195,3.39,0,0
5/06/2024 21:30,32.9,0,0.46,1.08,1.18501743,26.78,2.06,0.36,0.1,0.8,1.953158075,16.78,17.67,2.65,0,0,0,0,0,1.332122973,2.39,1.09,0,0,8.3,6.4,0,0,2.5,92.87,0,22.72,0,0,0,0,0,0,0,2.11,1.370650481,3.39,0,0
5/06/2024 22:00,32.9,0,0.46,1.08,1.160878158,26.78,2.06,0.36,0.1,0.8,1.913039845,16.78,17.67,2.65,0,0,0,0,0,1.335959795,2.39,1.09,0,0,8.3,6.4,0,0,2.5,92.87,0,22.72,0,0,0,0,0,0,0,2.11,1.299640228,3.39,0,0
5/06/2024 22:30,32.9,0,0.46,1.08,1.121630578,26.78,2.06,0.36,0.1,0.8,1.860423303,16.78,17.67,2.65,0,0,0,0,0,1.339338498,2.39,1.09,0,0,8.3,6.4,0,0,2.5,92.87,0,22.72,0,0,0,0,0,0,0,2.11,1.236125644,3.39,0,0
5/06/2024 23:00,32.9,0,0.46,1.08,1.099767605,26.78,2.06,0.36,0.1,0.8,1.813476413,16.78,17.67,2.65,0,0,0,0,0,1.334617241,2.39,1.09,0,0,8.3,6.4,0,0,2.5,92.87,0,22.72,0,0,0,0,0,0,0,2.11,1.185879294,3.39,0,0
5/06/2024 23:30,32.9,0,0.46,1.08,1.080301015,26.78,2.06,0.36,0.1,0.8,1.766438289,16.78,17.67,2.65,0,0,0,0,0,1.326424502,2.39,1.09,0,0,8.3,6.4,0,0,2.5,92.87,0,22.72,0,0,0,0,0,0,0,2.11,1.150147041,3.39,0,0
6/06/2024 0:00,32.9,0,0.46,1.08,1.046443964,26.78,2.06,0.36,0.1,0.8,1.719273586,16.78,17.67,2.65,0,0,0,0,0,1.315825454,2.39,1.09,0,0,8.3,6.4,0,0,2.5,92.87,0,22.72,0,0,0,0,0,0,0,2.11,1.111869009,3.39,0,0
6/06/2024 0:30,32.9,0,0.46,1.08,1.024011667,26.78,2.06,0.36,0.1,0.8,1.685544289,16.78,17.67,2.65,0,0,0,0,0,1.312257427,2.39,1.09,0,0,8.3,6.4,0,0,2.5,92.87,0,22.72,0,0,0,0,0,0,0,2.11,1.087169799,3.39,0,0
6/06/2024 1:00,32.9,0,0.46,1.08,1.027735385,26.78,2.06,0.36,0.1,0.8,1.66097767,16.78,17.67,2.65,0,0,0,0,0,1.305932263,2.39,1.09,0,0,8.3,6.4,0,0,2.5,92.87,0,22.72,0,0,0,0,0,0,0,2.11,1.072980018,3.39,0,0
6/06/2024 1:30,32.9,0,0.46,1.08,1.017499519,26.78,2.06,0.36,0.1,0.8,1.639963082,16.78,17.67,2.65,0,0,0,0,0,1.303622081,2.39,1.09,0,0,8.3,6.4,0,0,2.5,92.87,0,22.72,0,0,0,0,0,0,0,2.11,1.059140954,3.39,0,0
6/06/2024 2:00,32.9,0,0.46,1.08,1.01561407,26.78,2.06,0.36,0.1,0.8,1.663363703,16.78,17.67,2.65,0,0,0,0,0,1.311347401,2.39,1.09,0,0,8.3,6.4,0,0,2.5,92.87,0,22.72,0,0,0,0,0,0,0,2.11,1.053258612,3.39,0,0
6/06/2024 2:30,32.9,0,0.46,1.08,1.007044674,26.78,2.06,0.36,0.1,0.8,1.666561167,16.78,17.67,2.65,0,0,0,0,0,1.317668178,2.39,1.09,0,0,8.3,6.4,0,0,2.5,92.87,0,22.72,0,0,0,0,0,0,0,2.11,1.054997374,3.39,0,0
6/06/2024 3:00,32.9,0,0.46,1.08,1.048546757,26.78,2.06,0.36,0.1,0.8,1.710382288,16.78,17.67,2.65,0,0,0,0,0,1.322980104,2.39,1.09,0,0,8.3,6.4,0,0,2.5,92.87,0,22.72,0,0,0,0,0,0,0,2.11,1.064720955,3.39,0,0
6/06/2024 3:30,32.9,0,0.46,1.08,1.138824015,26.78,2.06,0.36,0.1,0.8,1.872543768,16.78,17.67,2.65,0,0,0,0,0,1.30961933,2.39,1.09,0,0,8.3,6.4,0,0,2.5,92.87,0,22.72,0,0,0,0,0,0,0,2.11,1.133590947,3.39,0,0
6/06/2024 4:00,32.9,0,0.46,1.08,1.298777667,26.78,2.06,0.36,0.1,0.8,2.112729227,16.78,17.67,2.65,0,0,0,0,0,1.297721055,2.39,1.09,0,0,8.3,6.4,0,0,2.5,92.87,0,22.72,0,0,0,0,0,0,0,2.11,1.250284887,3.39,0,0
6/06/2024 4:30,32.9,0,0.46,1.08,1.311117756,26.78,2.06,0.36,0.1,0.8,2.155103268,16.78,17.67,2.65,0,0,0,0,0,1.265725214,2.39,1.09,0,0,8.3,6.4,0,0,2.5,92.87,0,22.72,0,0,0,0,0,0,0,2.11,1.298962977,3.39,0,0
6/06/2024 5:00,32.9,0,0.46,1.08,1.151163124,26.78,2.06,0.36,0.1,0.8,1.979512037,16.78,17.67,2.65,0,0,0,0,0,1.210363103,2.39,1.09,0,0,8.3,6.4,0,0,2.5,92.87,0,22.72,0,0,0,0,0,0,0,2.11,1.266896411,3.39,0,0
6/06/2024 5:30,32.9,0,0.46,1.08,1.106844671,26.78,2.06,0.36,0.1,0.8,1.859662683,16.78,17.67,2.65,0,0,0,0,0,1.153228544,2.39,1.09,0,0,8.3,6.4,0,0,2.5,92.87,0,22.72,0,0,0,0,0,0,0,2.11,1.245572285,3.39,0,0
6/06/2024 6:00,32.9,0,0.46,1.08,1.485473309,26.78,1.78,0.36,0.1,0.8,1.963875132,16.78,17.67,2.65,0,0,0,0,0,1.113176873,2.39,1.09,0,0,8.3,6.4,0,0,2.5,92.87,0,22.72,0,0,0,0,0,0,0,2.11,1.27820445,3.67,0,0
6/06/2024 6:30,32.9,0,0.46,1.08,1.490006337,26.78,1.78,0.36,0.1,0.8,2.09405517,16.78,17.67,2.65,0,0,0,0,0,1.055383951,2.39,1.09,0,0,8.3,6.4,0,0,2.5,92.87,0,22.72,0,0,0,0,0,0,0,2.11,1.300961893,3.67,0,0
6/06/2024 7:00,32.9,0,0.46,1.08,1.480941952,26.78,1.78,0.36,0.1,0.8,2.103594289,16.78,17.67,2.65,0,0,0,0,0,1.059745146,2.39,1.09,0,0,8.3,6.4,0,0,2.5,92.87,0,22.72,0,0,0,0,0,0,0,2.11,1.321497779,3.67,0,0
6/06/2024 7:30,32.9,0,0.46,1.08,1.473713779,26.78,1.78,0.36,0.1,0.8,2.063896004,16.78,17.67,2.65,0,0,0,0,0,1.075851545,2.39,1.09,0,0,8.3,6.4,0,0,2.5,92.87,0,22.72,0,0,0,0,0,0,0,2.11,1.321151591,3.67,0,0
6/06/2024 8:00,32.9,0,0.46,1.08,1.180769234,26.78,1.78,0.36,0.1,0.8,1.995474327,16.78,17.67,2.65,0,0,0,0,0,1.096831807,2.39,1.09,0,0,8.3,6.4,0,0,2.5,92.87,0,22.72,0,0,0,0,0,0,0,2.11,1.310661029,3.67,0,0
6/06/2024 8:30,32.9,0,0.46,1.08,1.176962366,26.78,1.78,0.36,0.1,0.8,1.955027986,16.78,17.67,2.65,0,0,0,0,0,1.133963232,2.39,1.09,0,0,8.3,6.4,0,0,2.5,92.87,0,22.72,0,0,0,0,0,0,0,2.11,1.297709882,3.67,0,0
6/06/2024 9:00,32.9,0,0.46,1.08,1.200128276,26.78,1.78,0.36,0.1,0.8,1.943028794,16.78,17.67,2.65,0,0,0,0,0,1.154221202,2.39,1.09,0,0,8.3,6.4,0,0,2.5,92.87,0,22.72,0,0,0,0,0,0,0,2.11,1.292687102,3.67,0,0
6/06/2024 9:30,32.9,0,0.46,1.08,1.240511145,26.78,1.78,0.36,0.1,0.8,2.04555187,16.78,17.67,2.65,0,0,0,0,0,1.179832661,2.39,1.09,0,0,8.3,6.4,0,0,2.5,92.87,0,22.72,0,0,0,0,0,0,0,2.11,1.337126774,3.67,0,0
6/06/2024 10:00,32.9,0,0.46,1.08,1.288597905,26.78,1.78,0.36,0.1,0.8,2.179640337,16.78,17.67,2.65,0,0,0,0,0,1.209928088,2.39,1.09,0,0,8.3,6.4,0,0,2.5,92.87,0,22.72,0,0,0,0,0,0,0,2.11,1.401844438,3.67,0,0
6/06/2024 10:30,32.9,0,0.46,1.08,1.330431743,26.78,1.78,0.36,0.1,0.8,2.266465943,16.78,17.67,2.65,0,0,0,0,0,1.23970634,2.39,1.09,0,0,8.3,6.4,0,0,2.5,92.87,0,22.72,0,0,0,0,0,0,0,2.11,1.454629478,3.67,0,0
6/06/2024 11:00,32.9,0,0.46,1.08,1.375397435,26.78,1.78,0.36,0.1,0.8,2.332766538,16.78,17.67,2.65,0,0,0,0,0,1.253346924,2.39,1.09,0,0,8.3,6.4,0,0,2.5,92.87,0,22.72,0,0,0,0,0,0,0,2.11,1.500260174,3.67,0,0
6/06/2024 11:30,32.9,0,0.46,1.08,1.412879653,26.78,1.78,0.36,0.1,0.8,2.388775522,16.78,17.67,2.65,0,0,0,0,0,1.276947888,2.39,1.09,0,0,8.3,6.4,0,0,2.5,92.87,0,22.72,0,0,0,0,0,0,0,2.11,1.539540247,3.67,0,0
6/06/2024 12:00,32.9,0,0.46,1.08,1.434336989,26.78,1.78,0.36,0.1,0.8,2.43737571,16.78,17.67,2.65,0,0,0,0,0,1.30280777,2.39,1.09,0,0,8.3,6.4,0,0,2.5,92.87,0,22.72,0,0,0,0,0,0,0,2.11,1.571380037,3.67,0,0
6/06/2024 12:30,32.9,0,0.46,1.08,1.456302779,26.78,1.78,0.36,0.1,0.8,2.489932562,16.78,17.67,2.65,0,0,0,0,0,1.318376987,2.39,1.09,0,0,8.3,6.4,0,0,2.5,92.87,0,22.72,0,0,0,0,0,0,0,2.11,1.59884679,3.67,0,0
6/06/2024 13:00,32.9,0,0.46,1.08,1.50895339,26.78,1.78,0.36,0.1,0.8,2.538056844,16.78,17.67,2.65,0,0,0,0,0,1.309845571,2.39,1.09,0,0,8.3,6.4,0,0,2.5,92.87,0,22.72,0,0,0,0,0,0,0,2.11,1.634825275,3.67,0,0
6/06/2024 13:30,32.9,0,0.46,1.08,1.554738296,26.78,1.78,0.36,0.1,0.8,2.594566205,16.78,17.67,2.65,0,0,0,0,0,1.30950179,2.39,1.09,0,0,8.3,6.4,0,0,2.5,92.87,0,22.72,0,0,0,0,0,0,0,2.11,1.676886978,3.67,0,0
6/06/2024 14:00,32.9,0,0.46,1.08,1.590740863,26.78,1.78,0.36,0.1,0.8,2.693998275,16.78,17.67,2.65,0,0,0,0,0,1.334165716,2.39,1.09,0,0,8.3,6.4,0,0,2.5,92.87,0,22.72,0,0,0,0,0,0,0,2.11,1.73537299,3.67,0,0
6/06/2024 14:30,32.9,0,0.46,1.08,1.602058232,26.78,1.78,0.36,0.1,0.8,2.744180447,16.78,17.67,2.65,0,0,0,0,0,1.345596495,2.39,1.09,0,0,8.3,6.4,0,0,2.5,92.87,0,22.72,0,0,0,0,0,0,0,2.11,1.774138871,3.67,0,0
6/06/2024 15:00,32.9,0,0.46,1.08,1.645114519,26.78,1.78,0.36,0.1,0.8,2.813191509,16.78,17.67,2.65,0,0,0,0,0,1.34947277,2.39,1.09,0,0,8.3,6.4,0,0,2.5,92.87,0,22.72,0,0,0,0,0,0,0,2.11,1.799056048,3.67,0,0
6/06/2024 15:30,32.9,0,0.46,1.08,1.69267606,26.78,1.78,0.36,0.1,0.8,2.906901783,16.78,17.67,2.65,0,0,0,0,0,1.354841335,2.39,1.09,0,0,8.3,6.4,0,0,2.5,92.87,0,22.72,0,0,0,0,0,0,0,2.11,1.842746291,3.67,0,0
6/06/2024 16:00,32.9,0,0.46,1.08,1.685992487,26.78,1.78,0.36,0.1,0.8,2.913716647,16.78,17.67,2.65,0,0,0,0,0,1.365759669,2.39,1.09,0,0,8.3,6.4,0,0,2.5,92.87,0,22.72,0,0,0,0,0,0,0,2.11,1.84306301,3.67,0,0
6/06/2024 16:30,32.9,0,0.46,1.08,1.594397544,26.78,1.78,0.36,0.1,0.8,2.763497137,16.78,17.67,2.65,0,0,0,0,0,1.320014847,2.39,1.09,0,0,8.3,6.4,0,0,2.5,92.87,0,22.72,0,0,0,0,0,0,0,2.11,1.790033153,3.67,0,0
6/06/2024 17:00,32.9,0,0.46,1.08,1.547725502,26.78,1.78,0.36,0.1,0.8,2.643547552,16.78,17.67,2.65,0,0,0,0,0,1.188148852,2.39,1.09,0,0,8.3,6.4,0,0,2.5,92.87,0,22.72,0,0,0,0,0,0,0,2.11,1.750001364,3.67,0,0
6/06/2024 17:30,32.9,0,0.46,1.08,1.599857865,26.78,1.78,0.36,0.1,0.8,2.688157171,16.78,17.67,2.65,0,0,0,0,0,1.130702975,2.39,1.09,0,0,8.3,6.4,0,0,2.5,92.87,0,22.72,0,0,0,0,0,0,0,2.11,1.788238573,3.67,0,0
6/06/2024 18:00,32.9,0,0.46,1.08,1.719369076,26.78,1.78,0.36,0.1,0.8,2.937828265,16.78,17.67,2.65,0,0,0,0,0,1.24065612,2.39,1.09,0,0,8.3,6.4,0,0,2.5,92.87,0,22.72,0,0,0,0,0,0,0,2.11,1.890842235,3.67,0,0
6/06/2024 18:30,32.9,0,0.46,1.08,1.750099847,26.78,1.78,0.36,0.1,0.8,3.131526133,16.78,17.67,2.65,0,0,0,0,0,1.325107783,2.39,1.09,0,0,8.3,6.4,0,0,2.5,92.87,0,22.72,0,0,0,0,0,0,0,2.11,1.961800312,3.67,0,0
6/06/2024 19:00,32.9,0,0.46,1.08,1.717993869,26.78,1.78,0.36,0.1,0.8,3.091252142,16.78,17.67,2.65,0,0,0,0,0,1.368530016,2.39,1.09,0,0,8.3,6.4,0,0,2.5,92.87,0,22.72,0,0,0,0,0,0,0,2.11,1.991182327,3.67,0,0
6/06/2024 19:30,32.9,0,0.46,1.08,1.624679068,26.78,1.78,0.36,0.1,0.8,2.876839686,16.78,17.67,2.65,0,0,0,0,0,1.379719571,2.39,1.09,0,0,8.3,6.4,0,0,2.5,92.87,0,22.72,0,0,0,0,0,0,0,2.11,1.912846418,3.67,0,0
6/06/2024 20:00,32.9,0,0.46,1.08,1.491763395,26.78,1.78,0.36,0.1,0.8,2.582292992,16.78,17.67,2.65,0,0,0,0,0,1.373469412,2.39,1.09,0,0,8.3,6.4,0,0,2.5,92.87,0,22.72,0,0,0,0,0,0,0,2.11,1.754425675,3.67,0,0
6/06/2024 20:30,32.9,0,0.46,1.08,1.351537838,26.78,1.78,0.36,0.1,0.8,2.285664881,16.78,17.67,2.65,0,0,0,0,0,1.354657258,2.39,1.09,0,0,8.3,6.4,0,0,2.5,92.87,0,22.72,0,0,0,0,0,0,0,2.11,1.585590322,3.67,0,0
6/06/2024 21:00,32.9,0,0.46,1.08,1.254631191,26.78,1.78,0.36,0.1,0.8,2.064531837,16.78,17.67,2.65,0,0,0,0,0,1.344936241,2.39,1.09,0,0,8.3,6.4,0,0,2.5,92.87,0,22.72,0,0,0,0,0,0,0,2.11,1.443318033,3.67,0,0
6/06/2024 21:30,32.9,0,0.46,1.08,1.18501743,26.78,1.78,0.36,0.1,0.8,1.944477372,16.78,17.67,2.65,0,0,0,0,0,1.332122973,2.39,1.09,0,0,8.3,6.4,0,0,2.5,92.87,0,22.72,0,0,0,0,0,0,0,2.11,1.361262464,3.67,0,0
6/06/2024 22:00,32.9,0,0.46,1.08,1.160878158,26.78,1.78,0.36,0.1,0.8,1.904537446,16.78,17.67,2.65,0,0,0,0,0,1.335959795,2.39,1.09,0,0,8.3,6.4,0,0,2.5,92.87,0,22.72,0,0,0,0,0,0,0,2.11,1.290738582,3.67,0,0
6/06/2024 22:30,32.9,0,0.46,1.08,1.121630578,26.78,1.78,0.36,0.1,0.8,1.852154755,16.78,17.67,2.65,0,0,0,0,0,1.339338498,2.39,1.09,0,0,8.3,6.4,0,0,2.5,92.87,0,22.72,0,0,0,0,0,0,0,2.11,1.22765903,3.67,0,0
6/06/2024 23:00,32.9,0,0.46,1.08,1.099767605,26.78,1.78,0.36,0.1,0.8,1.805416518,16.78,17.67,2.65,0,0,0,0,0,1.334617241,2.39,1.09,0,0,8.3,6.4,0,0,2.5,92.87,0,22.72,0,0,0,0,0,0,0,2.11,1.177756833,3.67,0,0
6/06/2024 23:30,32.9,0,0.46,1.08,1.080301015,26.78,1.78,0.36,0.1,0.8,1.758587452,16.78,17.67,2.65,0,0,0,0,0,1.326424502,2.39,1.09,0,0,8.3,6.4,0,0,2.5,92.87,0,22.72,0,0,0,0,0,0,0,2.11,1.142269322,3.67,0,0
7/06/2024 0:00,32.9,0,0.46,1.08,1.038692527,26.78,1.78,0.36,0.1,0.8,1.719273586,16.78,17.67,2.65,0,0,0,0,0,1.315825454,2.39,1.09,0,0,8.3,6.4,0,0,2.5,92.87,0,22.72,0,0,0,0,0,0,0,2.11,1.111869009,3.67,0,0
7/06/2024 0:30,32.9,0,0.46,1.08,1.016426396,26.78,1.78,0.36,0.1,0.8,1.685544289,16.78,17.67,2.65,0,0,0,0,0,1.312257427,2.39,1.09,0,0,8.3,6.4,0,0,2.5,92.87,0,22.72,0,0,0,0,0,0,0,2.11,1.087169799,3.67,0,0
7/06/2024 1:00,32.9,0,0.46,1.08,1.02012253,26.78,1.78,0.36,0.1,0.8,1.66097767,16.78,17.67,2.65,0,0,0,0,0,1.305932263,2.39,1.09,0,0,8.3,6.4,0,0,2.5,92.87,0,22.72,0,0,0,0,0,0,0,2.11,1.072980018,3.67,0,0
7/06/2024 1:30,32.9,0,0.46,1.08,1.009962485,26.78,1.78,0.36,0.1,0.8,1.639963082,16.78,17.67,2.65,0,0,0,0,0,1.303622081,2.39,1.09,0,0,8.3,6.4,0,0,2.5,92.87,0,22.72,0,0,0,0,0,0,0,2.11,1.059140954,3.67,0,0
7/06/2024 2:00,32.9,0,0.46,1.08,1.008091003,26.78,1.78,0.36,0.1,0.8,1.663363703,16.78,17.67,2.65,0,0,0,0,0,1.311347401,2.39,1.09,0,0,8.3,6.4,0,0,2.5,92.87,0,22.72,0,0,0,0,0,0,0,2.11,1.053258612,3.67,0,0
7/06/2024 2:30,32.9,0,0.46,1.08,0.999585084,26.78,1.78,0.36,0.1,0.8,1.666561167,16.78,17.67,2.65,0,0,0,0,0,1.317668178,2.39,1.09,0,0,8.3,6.4,0,0,2.5,92.87,0,22.72,0,0,0,0,0,0,0,2.11,1.054997374,3.67,0,0
7/06/2024 3:00,32.9,0,0.46,1.08,1.040779744,26.78,1.78,0.36,0.1,0.8,1.710382288,16.78,17.67,2.65,0,0,0,0,0,1.322980104,2.39,1.09,0,0,8.3,6.4,0,0,2.5,92.87,0,22.72,0,0,0,0,0,0,0,2.11,1.064720955,3.67,0,0
7/06/2024 3:30,32.9,0,0.46,1.08,1.130388282,26.78,1.78,0.36,0.1,0.8,1.872543768,16.78,17.67,2.65,0,0,0,0,0,1.30961933,2.39,1.09,0,0,8.3,6.4,0,0,2.5,92.87,0,22.72,0,0,0,0,0,0,0,2.11,1.133590947,3.67,0,0
7/06/2024 4:00,32.9,0,0.46,1.08,1.289157092,26.78,1.78,0.36,0.1,0.8,2.112729227,16.78,17.67,2.65,0,0,0,0,0,1.297721055,2.39,1.09,0,0,8.3,6.4,0,0,2.5,92.87,0,22.72,0,0,0,0,0,0,0,2.11,1.250284887,3.67,0,0
7/06/2024 4:30,32.9,0,0.46,1.08,1.301405773,26.78,1.78,0.36,0.1,0.8,2.155103268,16.78,17.67,2.65,0,0,0,0,0,1.265725214,2.39,1.09,0,0,8.3,6.4,0,0,2.5,92.87,0,22.72,0,0,0,0,0,0,0,2.11,1.298962977,3.67,0,0
7/06/2024 5:00,32.9,0,0.46,1.08,1.142635989,26.78,1.78,0.36,0.1,0.8,1.979512037,16.78,17.67,2.65,0,0,0,0,0,1.210363103,2.39,1.09,0,0,8.3,6.4,0,0,2.5,92.87,0,22.72,0,0,0,0,0,0,0,2.11,1.266896411,3.67,0,0
7/06/2024 5:30,32.9,0,0.46,1.08,1.098645822,26.78,1.78,0.36,0.1,0.8,1.859662683,16.78,17.67,2.65,0,0,0,0,0,1.153228544,2.39,1.09,0,0,8.3,6.4,0,0,2.5,92.87,0,22.72,0,0,0,0,0,0,0,2.11,1.245572285,3.67,0,0
7/06/2024 6:00,32.9,0,0.46,1.08,1.474469803,26.78,2.06,0.36,0.1,0.8,1.963875132,16.78,17.67,2.42,0,0,0,0,0,1.113176873,2.39,1.09,0,0,8.3,6.4,0,0,2.5,92.87,0,22.72,0,0,0,0,0,0,0,2.11,1.27820445,3.67,0,0
7/06/2024 6:30,32.9,0,0.46,1.08,1.478969253,26.78,2.06,0.36,0.1,0.8,2.09405517,16.78,17.67,2.42,0,0,0,0,0,1.055383951,2.39,1.09,0,0,8.3,6.4,0,0,2.5,92.87,0,22.72,0,0,0,0,0,0,0,2.11,1.300961893,3.67,0,0
7/06/2024 7:00,32.9,0,0.46,1.08,1.469972011,26.78,2.06,0.36,0.1,0.8,2.103594289,16.78,17.67,2.42,0,0,0,0,0,1.059745146,2.39,1.09,0,0,8.3,6.4,0,0,2.5,92.87,0,22.72,0,0,0,0,0,0,0,2.11,1.321497779,3.67,0,0
7/06/2024 7:30,32.9,0,0.46,1.08,1.46279738,26.78,2.06,0.36,0.1,0.8,2.063896004,16.78,17.67,2.42,0,0,0,0,0,1.075851545,2.39,1.09,0,0,8.3,6.4,0,0,2.5,92.87,0,22.72,0,0,0,0,0,0,0,2.11,1.321151591,3.67,0,0
7/06/2024 8:00,32.9,0,0.46,1.08,1.172022796,26.78,2.06,0.36,0.1,0.8,1.995474327,16.78,17.67,2.42,0,0,0,0,0,1.096831807,2.39,1.09,0,0,8.3,6.4,0,0,2.5,92.87,0,22.72,0,0,0,0,0,0,0,2.11,1.310661029,3.67,0,0
7/06/2024 8:30,32.9,0,0.46,1.08,1.168244126,26.78,2.06,0.36,0.1,0.8,1.955027986,16.78,17.67,2.42,0,0,0,0,0,1.133963232,2.39,1.09,0,0,8.3,6.4,0,0,2.5,92.87,0,22.72,0,0,0,0,0,0,0,2.11,1.297709882,3.67,0,0
7/06/2024 9:00,32.9,0,0.46,1.08,1.191238437,26.78,2.06,0.36,0.1,0.8,1.943028794,16.78,17.67,2.42,0,0,0,0,0,1.154221202,2.39,1.09,0,0,8.3,6.4,0,0,2.5,92.87,0,22.72,0,0,0,0,0,0,0,2.11,1.292687102,3.67,0,0
7/06/2024 9:30,32.9,0,0.46,1.08,1.231322173,26.78,2.06,0.36,0.1,0.8,2.04555187,16.78,17.67,2.42,0,0,0,0,0,1.179832661,2.39,1.09,0,0,8.3,6.4,0,0,2.5,92.87,0,22.72,0,0,0,0,0,0,0,2.11,1.337126774,3.67,0,0
7/06/2024 10:00,32.9,0,0.46,1.08,1.279052735,26.78,2.06,0.36,0.1,0.8,2.179640337,16.78,17.67,2.42,0,0,0,0,0,1.209928088,2.39,1.09,0,0,8.3,6.4,0,0,2.5,92.87,0,22.72,0,0,0,0,0,0,0,2.11,1.401844438,3.67,0,0
7/06/2024 10:30,32.9,0,0.46,1.08,1.320576693,26.78,2.06,0.36,0.1,0.8,2.266465943,16.78,17.67,2.42,0,0,0,0,0,1.23970634,2.39,1.09,0,0,8.3,6.4,0,0,2.5,92.87,0,22.72,0,0,0,0,0,0,0,2.11,1.454629478,3.67,0,0
7/06/2024 11:00,32.9,0,0.46,1.08,1.365209306,26.78,2.06,0.36,0.1,0.8,2.332766538,16.78,17.67,2.42,0,0,0,0,0,1.253346924,2.39,1.09,0,0,8.3,6.4,0,0,2.5,92.87,0,22.72,0,0,0,0,0,0,0,2.11,1.500260174,3.67,0,0
7/06/2024 11:30,32.9,0,0.46,1.08,1.402413877,26.78,2.06,0.36,0.1,0.8,2.388775522,16.78,17.67,2.42,0,0,0,0,0,1.276947888,2.39,1.09,0,0,8.3,6.4,0,0,2.5,92.87,0,22.72,0,0,0,0,0,0,0,2.11,1.539540247,3.67,0,0
7/06/2024 12:00,32.9,0,0.46,1.08,1.42371227,26.78,2.06,0.36,0.1,0.8,2.43737571,16.78,17.67,2.42,0,0,0,0,0,1.30280777,2.39,1.09,0,0,8.3,6.4,0,0,2.5,92.87,0,22.72,0,0,0,0,0,0,0,2.11,1.571380037,3.67,0,0
7/06/2024 12:30,32.9,0,0.46,1.08,1.445515351,26.78,2.06,0.36,0.1,0.8,2.489932562,16.78,17.67,2.42,0,0,0,0,0,1.318376987,2.39,1.09,0,0,8.3,6.4,0,0,2.5,92.87,0,22.72,0,0,0,0,0,0,0,2.11,1.59884679,3.67,0,0
7/06/2024 13:00,32.9,0,0.46,1.08,1.497775958,26.78,2.06,0.36,0.1,0.8,2.538056844,16.78,17.67,2.42,0,0,0,0,0,1.309845571,2.39,1.09,0,0,8.3,6.4,0,0,2.5,92.87,0,22.72,0,0,0,0,0,0,0,2.11,1.634825275,3.67,0,0
7/06/2024 13:30,32.9,0,0.46,1.08,1.543221716,26.78,2.06,0.36,0.1,0.8,2.594566205,16.78,17.67,2.42,0,0,0,0,0,1.30950179,2.39,1.09,0,0,8.3,6.4,0,0,2.5,92.87,0,22.72,0,0,0,0,0,0,0,2.11,1.676886978,3.67,0,0
7/06/2024 14:00,32.9,0,0.46,1.08,1.578957598,26.78,2.06,0.36,0.1,0.8,2.693998275,16.78,17.67,2.42,0,0,0,0,0,1.334165716,2.39,1.09,0,0,8.3,6.4,0,0,2.5,92.87,0,22.72,0,0,0,0,0,0,0,2.11,1.73537299,3.67,0,0
7/06/2024 14:30,32.9,0,0.46,1.08,1.590191134,26.78,2.06,0.36,0.1,0.8,2.744180447,16.78,17.67,2.42,0,0,0,0,0,1.345596495,2.39,1.09,0,0,8.3,6.4,0,0,2.5,92.87,0,22.72,0,0,0,0,0,0,0,2.11,1.774138871,3.67,0,0
7/06/2024 15:00,32.9,0,0.46,1.08,1.632928486,26.78,2.06,0.36,0.1,0.8,2.813191509,16.78,17.67,2.42,0,0,0,0,0,1.34947277,2.39,1.09,0,0,8.3,6.4,0,0,2.5,92.87,0,22.72,0,0,0,0,0,0,0,2.11,1.799056048,3.67,0,0
7/06/2024 15:30,32.9,0,0.46,1.08,1.680137719,26.78,2.06,0.36,0.1,0.8,2.906901783,16.78,17.67,2.42,0,0,0,0,0,1.354841335,2.39,1.09,0,0,8.3,6.4,0,0,2.5,92.87,0,22.72,0,0,0,0,0,0,0,2.11,1.842746291,3.67,0,0
7/06/2024 16:00,32.9,0,0.46,1.08,1.673503654,26.78,2.06,0.36,0.1,0.8,2.913716647,16.78,17.67,2.42,0,0,0,0,0,1.365759669,2.39,1.09,0,0,8.3,6.4,0,0,2.5,92.87,0,22.72,0,0,0,0,0,0,0,2.11,1.84306301,3.67,0,0
7/06/2024 16:30,32.9,0,0.46,1.08,1.582587192,26.78,2.06,0.36,0.1,0.8,2.763497137,16.78,17.67,2.42,0,0,0,0,0,1.320014847,2.39,1.09,0,0,8.3,6.4,0,0,2.5,92.87,0,22.72,0,0,0,0,0,0,0,2.11,1.790033153,3.67,0,0
7/06/2024 17:00,32.9,0,0.46,1.08,1.536260869,26.78,2.06,0.36,0.1,0.8,2.643547552,16.78,17.67,2.42,0,0,0,0,0,1.188148852,2.39,1.09,0,0,8.3,6.4,0,0,2.5,92.87,0,22.72,0,0,0,0,0,0,0,2.11,1.750001364,3.67,0,0
7/06/2024 17:30,32.9,0,0.46,1.08,1.588007066,26.78,2.06,0.36,0.1,0.8,2.688157171,16.78,17.67,2.42,0,0,0,0,0,1.130702975,2.39,1.09,0,0,8.3,6.4,0,0,2.5,92.87,0,22.72,0,0,0,0,0,0,0,2.11,1.788238573,3.67,0,0
7/06/2024 18:00,32.9,0,0.46,1.08,1.706633009,26.78,2.06,0.36,0.1,0.8,2.937828265,16.78,17.67,2.42,0,0,0,0,0,1.24065612,2.39,1.09,0,0,8.3,6.4,0,0,2.5,92.87,0,22.72,0,0,0,0,0,0,0,2.11,1.890842235,3.67,0,0
7/06/2024 18:30,32.9,0,0.46,1.08,1.737136145,26.78,2.06,0.36,0.1,0.8,3.131526133,16.78,17.67,2.42,0,0,0,0,0,1.325107783,2.39,1.09,0,0,8.3,6.4,0,0,2.5,92.87,0,22.72,0,0,0,0,0,0,0,2.11,1.961800312,3.67,0,0
7/06/2024 19:00,32.9,0,0.46,1.08,1.705267988,26.78,2.06,0.36,0.1,0.8,3.091252142,16.78,17.67,2.42,0,0,0,0,0,1.368530016,2.39,1.09,0,0,8.3,6.4,0,0,2.5,92.87,0,22.72,0,0,0,0,0,0,0,2.11,1.991182327,3.67,0,0
7/06/2024 19:30,32.9,0,0.46,1.08,1.612644408,26.78,2.06,0.36,0.1,0.8,2.876839686,16.78,17.67,2.42,0,0,0,0,0,1.379719571,2.39,1.09,0,0,8.3,6.4,0,0,2.5,92.87,0,22.72,0,0,0,0,0,0,0,2.11,1.912846418,3.67,0,0
7/06/2024 20:00,32.9,0,0.46,1.08,1.480713296,26.78,2.06,0.36,0.1,0.8,2.582292992,16.78,17.67,2.42,0,0,0,0,0,1.373469412,2.39,1.09,0,0,8.3,6.4,0,0,2.5,92.87,0,22.72,0,0,0,0,0,0,0,2.11,1.754425675,3.67,0,0
7/06/2024 20:30,32.9,0,0.46,1.08,1.341526447,26.78,2.06,0.36,0.1,0.8,2.285664881,16.78,17.67,2.42,0,0,0,0,0,1.354657258,2.39,1.09,0,0,8.3,6.4,0,0,2.5,92.87,0,22.72,0,0,0,0,0,0,0,2.11,1.585590322,3.67,0,0
7/06/2024 21:00,32.9,0,0.46,1.08,1.245337627,26.78,2.06,0.36,0.1,0.8,2.064531837,16.78,17.67,2.42,0,0,0,0,0,1.344936241,2.39,1.09,0,0,8.3,6.4,0,0,2.5,92.87,0,22.72,0,0,0,0,0,0,0,2.11,1.443318033,3.67,0,0
7/06/2024 21:30,32.9,0,0.46,1.08,1.176239524,26.78,2.06,0.36,0.1,0.8,1.944477372,16.78,17.67,2.42,0,0,0,0,0,1.332122973,2.39,1.09,0,0,8.3,6.4,0,0,2.5,92.87,0,22.72,0,0,0,0,0,0,0,2.11,1.361262464,3.67,0,0
7/06/2024 22:00,32.9,0,0.46,1.08,1.15227906,26.78,2.06,0.36,0.1,0.8,1.904537446,16.78,17.67,2.42,0,0,0,0,0,1.335959795,2.39,1.09,0,0,8.3,6.4,0,0,2.5,92.87,0,22.72,0,0,0,0,0,0,0,2.11,1.290738582,3.67,0,0
7/06/2024 22:30,32.9,0,0.46,1.08,1.113322203,26.78,2.06,0.36,0.1,0.8,1.852154755,16.78,17.67,2.42,0,0,0,0,0,1.339338498,2.39,1.09,0,0,8.3,6.4,0,0,2.5,92.87,0,22.72,0,0,0,0,0,0,0,2.11,1.22765903,3.67,0,0
7/06/2024 23:00,32.9,0,0.46,1.08,1.091621178,26.78,2.06,0.36,0.1,0.8,1.805416518,16.78,17.67,2.42,0,0,0,0,0,1.334617241,2.39,1.09,0,0,8.3,6.4,0,0,2.5,92.87,0,22.72,0,0,0,0,0,0,0,2.11,1.177756833,3.67,0,0
7/06/2024 23:30,32.9,0,0.46,1.08,1.072298785,26.78,2.06,0.36,0.1,0.8,1.758587452,16.78,17.67,2.42,0,0,0,0,0,1.326424502,2.39,1.09,0,0,8.3,6.4,0,0,2.5,92.87,0,22.72,0,0,0,0,0,0,0,2.11,1.142269322,3.67,0,0
8/06/2024 0:00,32.9,0,0.46,1.08,1.038692527,26.78,2.06,0.36,0.1,0.8,1.719273586,16.78,17.67,2.42,0,0,0,0,0,1.315825454,2.39,1.09,0,0,8.3,6.4,0,0,2.5,92.87,0,22.72,0,0,0,0,0,0,0,2.11,1.111869009,3.67,0,0
8/06/2024 0:30,32.9,0,0.46,1.08,1.016426396,26.78,2.06,0.36,0.1,0.8,1.685544289,16.78,17.67,2.42,0,0,0,0,0,1.312257427,2.39,1.09,0,0,8.3,6.4,0,0,2.5,92.87,0,22.72,0,0,0,0,0,0,0,2.11,1.087169799,3.67,0,0
8/06/2024 1:00,32.9,0,0.46,1.08,1.02012253,26.78,2.06,0.36,0.1,0.8,1.66097767,16.78,17.67,2.42,0,0,0,0,0,1.305932263,2.39,1.09,0,0,8.3,6.4,0,0,2.5,92.87,0,22.72,0,0,0,0,0,0,0,2.11,1.072980018,3.67,0,0
8/06/2024 1:30,32.9,0,0.46,1.08,1.009962485,26.78,2.06,0.36,0.1,0.8,1.639963082,16.78,17.67,2.42,0,0,0,0,0,1.303622081,2.39,1.09,0,0,8.3,6.4,0,0,2.5,92.87,0,22.72,0,0,0,0,0,0,0,2.11,1.059140954,3.67,0,0
8/06/2024 2:00,32.9,0,0.46,1.08,1.008091003,26.78,2.06,0.36,0.1,0.8,1.663363703,16.78,17.67,2.42,0,0,0,0,0,1.311347401,2.39,1.09,0,0,8.3,6.4,0,0,2.5,92.87,0,22.72,0,0,0,0,0,0,0,2.11,1.053258612,3.67,0,0
8/06/2024 2:30,32.9,0,0.46,1.08,0.999585084,26.78,2.06,0.36,0.1,0.8,1.666561167,16.78,17.67,2.42,0,0,0,0,0,1.317668178,2.39,1.09,0,0,8.3,6.4,0,0,2.5,92.87,0,22.72,0,0,0,0,0,0,0,2.11,1.054997374,3.67,0,0
8/06/2024 3:00,32.9,0,0.46,1.08,1.040779744,26.78,2.06,0.36,0.1,0.8,1.710382288,16.78,17.67,2.42,0,0,0,0,0,1.322980104,2.39,1.09,0,0,8.3,6.4,0,0,2.5,92.87,0,22.72,0,0,0,0,0,0,0,2.11,1.064720955,3.67,0,0
8/06/2024 3:30,32.9,0,0.46,1.08,1.130388282,26.78,2.06,0.36,0.1,0.8,1.872543768,16.78,17.67,2.42,0,0,0,0,0,1.30961933,2.39,1.09,0,0,8.3,6.4,0,0,2.5,92.87,0,22.72,0,0,0,0,0,0,0,2.11,1.133590947,3.67,0,0
8/06/2024 4:00,32.9,0,0.46,1.08,1.289157092,26.78,2.06,0.36,0.1,0.8,2.112729227,16.78,17.67,2.42,0,0,0,0,0,1.297721055,2.39,1.09,0,0,8.3,6.4,0,0,2.5,92.87,0,22.72,0,0,0,0,0,0,0,2.11,1.250284887,3.67,0,0
8/06/2024 4:30,32.9,0,0.46,1.08,1.301405773,26.78,2.06,0.36,0.1,0.8,2.155103268,16.78,17.67,2.42,0,0,0,0,0,1.265725214,2.39,1.09,0,0,8.3,6.4,0,0,2.5,92.87,0,22.72,0,0,0,0,0,0,0,2.11,1.298962977,3.67,0,0
8/06/2024 5:00,32.9,0,0.46,1.08,1.142635989,26.78,2.06,0.36,0.1,0.8,1.979512037,16.78,17.67,2.42,0,0,0,0,0,1.210363103,2.39,1.09,0,0,8.3,6.4,0,0,2.5,92.87,0,22.72,0,0,0,0,0,0,0,2.11,1.266896411,3.67,0,0
8/06/2024 5:30,32.9,0,0.46,1.08,1.098645822,26.78,2.06,0.36,0.1,0.8,1.859662683,16.78,17.67,2.42,0,0,0,0,0,1.153228544,2.39,1.09,0,0,8.3,6.4,0,0,2.5,92.87,0,22.72,0,0,0,0,0,0,0,2.11,1.245572285,3.67,0,0
8/06/2024 6:00,32.9,0,0.46,1.08,1.474469803,26.78,1.78,0.36,0.1,0.8,1.963875132,16.78,17.67,2.65,0,0,0,0,0,1.113176873,2.39,1.09,0,0,8.3,6.4,0,0,2.5,92.87,0,22.72,0,0,0,0,0,0,0,2.11,1.27820445,3.67,0,0
8/06/2024 6:30,32.9,0,0.46,1.08,1.478969253,26.78,1.78,0.36,0.1,0.8,2.09405517,16.78,17.67,2.65,0,0,0,0,0,1.055383951,2.39,1.09,0,0,8.3,6.4,0,0,2.5,92.87,0,22.72,0,0,0,0,0,0,0,2.11,1.300961893,3.67,0,0
8/06/2024 7:00,32.9,0,0.46,1.08,1.469972011,26.78,1.78,0.36,0.1,0.8,2.103594289,16.78,17.67,2.65,0,0,0,0,0,1.059745146,2.39,1.09,0,0,8.3,6.4,0,0,2.5,92.87,0,22.72,0,0,0,0,0,0,0,2.11,1.321497779,3.67,0,0
8/06/2024 7:30,32.9,0,0.46,1.08,1.46279738,26.78,1.78,0.36,0.1,0.8,2.063896004,16.78,17.67,2.65,0,0,0,0,0,1.075851545,2.39,1.09,0,0,8.3,6.4,0,0,2.5,92.87,0,22.72,0,0,0,0,0,0,0,2.11,1.321151591,3.67,0,0
8/06/2024 8:00,32.9,0,0.46,1.08,1.172022796,26.78,1.78,0.36,0.1,0.8,1.995474327,16.78,17.67,2.65,0,0,0,0,0,1.096831807,2.39,1.09,0,0,8.3,6.4,0,0,2.5,92.87,0,22.72,0,0,0,0,0,0,0,2.11,1.310661029,3.67,0,0
8/06/2024 8:30,32.9,0,0.46,1.08,1.168244126,26.78,1.78,0.36,0.1,0.8,1.955027986,16.78,17.67,2.65,0,0,0,0,0,1.133963232,2.39,1.09,0,0,8.3,6.4,0,0,2.5,92.87,0,22.72,0,0,0,0,0,0,0,2.11,1.297709882,3.67,0,0
8/06/2024 9:00,32.9,0,0.46,1.08,1.191238437,26.78,1.78,0.36,0.1,0.8,1.943028794,16.78,17.67,2.65,0,0,0,0,0,1.154221202,2.39,1.09,0,0,8.3,6.4,0,0,2.5,92.87,0,22.72,0,0,0,0,0,0,0,2.11,1.292687102,3.67,0,0
8/06/2024 9:30,32.9,0,0.46,1.08,1.231322173,26.78,1.78,0.36,0.1,0.8,2.04555187,16.78,17.67,2.65,0,0,0,0,0,1.179832661,2.39,1.09,0,0,8.3,6.4,0,0,2.5,92.87,0,22.72,0,0,0,0,0,0,0,2.11,1.337126774,3.67,0,0
8/06/2024 10:00,32.9,0,0.46,1.08,1.279052735,26.78,1.78,0.36,0.1,0.8,2.179640337,16.78,17.67,2.65,0,0,0,0,0,1.209928088,2.39,1.09,0,0,8.3,6.4,0,0,2.5,92.87,0,22.72,0,0,0,0,0,0,0,2.11,1.401844438,3.67,0,0
8/06/2024 10:30,32.9,0,0.46,1.08,1.320576693,26.78,1.78,0.36,0.1,0.8,2.266465943,16.78,17.67,2.65,0,0,0,0,0,1.23970634,2.39,1.09,0,0,8.3,6.4,0,0,2.5,92.87,0,22.72,0,0,0,0,0,0,0,2.11,1.454629478,3.67,0,0
8/06/2024 11:00,32.9,0,0.46,1.08,1.365209306,26.78,1.78,0.36,0.1,0.8,2.332766538,16.78,17.67,2.65,0,0,0,0,0,1.253346924,2.39,1.09,0,0,8.3,6.4,0,0,2.5,92.87,0,22.72,0,0,0,0,0,0,0,2.11,1.500260174,3.67,0,0
8/06/2024 11:30,32.9,0,0.46,1.08,1.402413877,26.78,1.78,0.36,0.1,0.8,2.388775522,16.78,17.67,2.65,0,0,0,0,0,1.276947888,2.39,1.09,0,0,8.3,6.4,0,0,2.5,92.87,0,22.72,0,0,0,0,0,0,0,2.11,1.539540247,3.67,0,0
8/06/2024 12:00,32.9,0,0.46,1.08,1.42371227,26.78,1.78,0.36,0.1,0.8,2.43737571,16.78,17.67,2.65,0,0,0,0,0,1.30280777,2.39,1.09,0,0,8.3,6.4,0,0,2.5,92.87,0,22.72,0,0,0,0,0,0,0,2.11,1.571380037,3.67,0,0
8/06/2024 12:30,32.9,0,0.46,1.08,1.445515351,26.78,1.78,0.36,0.1,0.8,2.489932562,16.78,17.67,2.65,0,0,0,0,0,1.318376987,2.39,1.09,0,0,8.3,6.4,0,0,2.5,92.87,0,22.72,0,0,0,0,0,0,0,2.11,1.59884679,3.67,0,0
8/06/2024 13:00,32.9,0,0.46,1.08,1.497775958,26.78,1.78,0.36,0.1,0.8,2.538056844,16.78,17.67,2.65,0,0,0,0,0,1.309845571,2.39,1.09,0,0,8.3,6.4,0,0,2.5,92.87,0,22.72,0,0,0,0,0,0,0,2.11,1.634825275,3.67,0,0
8/06/2024 13:30,32.9,0,0.46,1.08,1.543221716,26.78,1.78,0.36,0.1,0.8,2.594566205,16.78,17.67,2.65,0,0,0,0,0,1.30950179,2.39,1.09,0,0,8.3,6.4,0,0,2.5,92.87,0,22.72,0,0,0,0,0,0,0,2.11,1.676886978,3.67,0,0
8/06/2024 14:00,32.9,0,0.46,1.08,1.578957598,26.78,1.78,0.36,0.1,0.8,2.693998275,16.78,17.67,2.65,0,0,0,0,0,1.334165716,2.39,1.09,0,0,8.3,6.4,0,0,2.5,92.87,0,22.72,0,0,0,0,0,0,0,2.11,1.73537299,3.67,0,0
8/06/2024 14:30,32.9,0,0.46,1.08,1.590191134,26.78,1.78,0.36,0.1,0.8,2.744180447,16.78,17.67,2.65,0,0,0,0,0,1.345596495,2.39,1.09,0,0,8.3,6.4,0,0,2.5,92.87,0,22.72,0,0,0,0,0,0,0,2.11,1.774138871,3.67,0,0
8/06/2024 15:00,32.9,0,0.46,1.08,1.632928486,26.78,1.78,0.36,0.1,0.8,2.813191509,16.78,17.67,2.65,0,0,0,0,0,1.34947277,2.39,1.09,0,0,8.3,6.4,0,0,2.5,92.87,0,22.72,0,0,0,0,0,0,0,2.11,1.799056048,3.67,0,0
8/06/2024 15:30,32.9,0,0.46,1.08,1.680137719,26.78,1.78,0.36,0.1,0.8,2.906901783,16.78,17.67,2.65,0,0,0,0,0,1.354841335,2.39,1.09,0,0,8.3,6.4,0,0,2.5,92.87,0,22.72,0,0,0,0,0,0,0,2.11,1.842746291,3.67,0,0
8/06/2024 16:00,32.9,0,0.46,1.08,1.673503654,26.78,1.78,0.36,0.1,0.8,2.913716647,16.78,17.67,2.65,0,0,0,0,0,1.365759669,2.39,1.09,0,0,8.3,6.4,0,0,2.5,92.87,0,22.72,0,0,0,0,0,0,0,2.11,1.84306301,3.67,0,0
8/06/2024 16:30,32.9,0,0.46,1.08,1.582587192,26.78,1.78,0.36,0.1,0.8,2.763497137,16.78,17.67,2.65,0,0,0,0,0,1.320014847,2.39,1.09,0,0,8.3,6.4,0,0,2.5,92.87,0,22.72,0,0,0,0,0,0,0,2.11,1.790033153,3.67,0,0
8/06/2024 17:00,32.9,0,0.46,1.08,1.536260869,26.78,1.78,0.36,0.1,0.8,2.643547552,16.78,17.67,2.65,0,0,0,0,0,1.188148852,2.39,1.09,0,0,8.3,6.4,0,0,2.5,92.87,0,22.72,0,0,0,0,0,0,0,2.11,1.750001364,3.67,0,0
8/06/2024 17:30,32.9,0,0.46,1.08,1.588007066,26.78,1.78,0.36,0.1,0.8,2.688157171,16.78,17.67,2.65,0,0,0,0,0,1.130702975,2.39,1.09,0,0,8.3,6.4,0,0,2.5,92.87,0,22.72,0,0,0,0,0,0,0,2.11,1.788238573,3.67,0,0
8/06/2024 18:00,32.9,0,0.46,1.08,1.706633009,26.78,1.78,0.36,0.1,0.8,2.937828265,16.78,17.67,2.65,0,0,0,0,0,1.24065612,2.39,1.09,0,0,8.3,6.4,0,0,2.5,92.87,0,22.72,0,0,0,0,0,0,0,2.11,1.890842235,3.67,0,0
8/06/2024 18:30,32.9,0,0.46,1.08,1.737136145,26.78,1.78,0.36,0.1,0.8,3.131526133,16.78,17.67,2.65,0,0,0,0,0,1.325107783,2.39,1.09,0,0,8.3,6.4,0,0,2.5,92.87,0,22.72,0,0,0,0,0,0,0,2.11,1.961800312,3.67,0,0
8/06/2024 19:00,32.9,0,0.46,1.08,1.705267988,26.78,1.78,0.36,0.1,0.8,3.091252142,16.78,17.67,2.65,0,0,0,0,0,1.368530016,2.39,1.09,0,0,8.3,6.4,0,0,2.5,92.87,0,22.72,0,0,0,0,0,0,0,2.11,1.991182327,3.67,0,0
8/06/2024 19:30,32.9,0,0.46,1.08,1.612644408,26.78,1.78,0.36,0.1,0.8,2.876839686,16.78,17.67,2.65,0,0,0,0,0,1.379719571,2.39,1.09,0,0,8.3,6.4,0,0,2.5,92.87,0,22.72,0,0,0,0,0,0,0,2.11,1.912846418,3.67,0,0
8/06/2024 20:00,32.9,0,0.46,1.08,1.480713296,26.78,1.78,0.36,0.1,0.8,2.582292992,16.78,17.67,2.65,0,0,0,0,0,1.373469412,2.39,1.09,0,0,8.3,6.4,0,0,2.5,92.87,0,22.72,0,0,0,0,0,0,0,2.11,1.754425675,3.67,0,0
8/06/2024 20:30,32.9,0,0.46,1.08,1.341526447,26.78,1.78,0.36,0.1,0.8,2.285664881,16.78,17.67,2.65,0,0,0,0,0,1.354657258,2.39,1.09,0,0,8.3,6.4,0,0,2.5,92.87,0,22.72,0,0,0,0,0,0,0,2.11,1.585590322,3.67,0,0
8/06/2024 21:00,32.9,0,0.46,1.08,1.245337627,26.78,1.78,0.36,0.1,0.8,2.064531837,16.78,17.67,2.65,0,0,0,0,0,1.344936241,2.39,1.09,0,0,8.3,6.4,0,0,2.5,92.87,0,22.72,0,0,0,0,0,0,0,2.11,1.443318033,3.67,0,0
8/06/2024 21:30,32.9,0,0.46,1.08,1.176239524,26.78,1.78,0.36,0.1,0.8,1.944477372,16.78,17.67,2.65,0,0,0,0,0,1.332122973,2.39,1.09,0,0,8.3,6.4,0,0,2.5,92.87,0,22.72,0,0,0,0,0,0,0,2.11,1.361262464,3.67,0,0
8/06/2024 22:00,32.9,0,0.46,1.08,1.15227906,26.78,1.78,0.36,0.1,0.8,1.904537446,16.78,17.67,2.65,0,0,0,0,0,1.335959795,2.39,1.09,0,0,8.3,6.4,0,0,2.5,92.87,0,22.72,0,0,0,0,0,0,0,2.11,1.290738582,3.67,0,0
8/06/2024 22:30,32.9,0,0.46,1.08,1.113322203,26.78,1.78,0.36,0.1,0.8,1.852154755,16.78,17.67,2.65,0,0,0,0,0,1.339338498,2.39,1.09,0,0,8.3,6.4,0,0,2.5,92.87,0,22.72,0,0,0,0,0,0,0,2.11,1.22765903,3.67,0,0
8/06/2024 23:00,32.9,0,0.46,1.08,1.091621178,26.78,1.78,0.36,0.1,0.8,1.805416518,16.78,17.67,2.65,0,0,0,0,0,1.334617241,2.39,1.09,0,0,8.3,6.4,0,0,2.5,92.87,0,22.72,0,0,0,0,0,0,0,2.11,1.177756833,3.67,0,0
8/06/2024 23:30,32.9,0,0.46,1.08,1.072298785,26.78,1.78,0.36,0.1,0.8,1.758587452,16.78,17.67,2.65,0,0,0,0,0,1.326424502,2.39,1.09,0,0,8.3,6.4,0,0,2.5,92.87,0,22.72,0,0,0,0,0,0,0,2.11,1.142269322,3.67,0,0
9/06/2024 0:00,32.9,0,0.46,1.08,1.038692527,26.78,1.78,0.36,0.1,0.8,1.711598257,16.78,17.67,2.65,0,0,0,0,0,1.315825454,2.39,1.09,0,0,8.3,6.4,0,0,2.5,92.87,0,22.72,0,0,0,0,0,0,0,2.11,1.104200947,3.67,0,0
9/06/2024 0:30,32.9,0,0.46,1.08,1.016426396,26.78,1.78,0.36,0.1,0.8,1.678019538,16.78,17.67,2.65,0,0,0,0,0,1.312257427,2.39,1.09,0,0,8.3,6.4,0,0,2.5,92.87,0,22.72,0,0,0,0,0,0,0,2.11,1.079672076,3.67,0,0
9/06/2024 1:00,32.9,0,0.46,1.08,1.02012253,26.78,1.78,0.36,0.1,0.8,1.653562591,16.78,17.67,2.65,0,0,0,0,0,1.305932263,2.39,1.09,0,0,8.3,6.4,0,0,2.5,92.87,0,22.72,0,0,0,0,0,0,0,2.11,1.065580156,3.67,0,0
9/06/2024 1:30,32.9,0,0.46,1.08,1.009962485,26.78,1.78,0.36,0.1,0.8,1.632641818,16.78,17.67,2.65,0,0,0,0,0,1.303622081,2.39,1.09,0,0,8.3,6.4,0,0,2.5,92.87,0,22.72,0,0,0,0,0,0,0,2.11,1.051836534,3.67,0,0
9/06/2024 2:00,32.9,0,0.46,1.08,1.008091003,26.78,1.78,0.36,0.1,0.8,1.655937972,16.78,17.67,2.65,0,0,0,0,0,1.311347401,2.39,1.09,0,0,8.3,6.4,0,0,2.5,92.87,0,22.72,0,0,0,0,0,0,0,2.11,1.045994759,3.67,0,0
9/06/2024 2:30,32.9,0,0.46,1.08,0.999585084,26.78,1.78,0.36,0.1,0.8,1.659121162,16.78,17.67,2.65,0,0,0,0,0,1.317668178,2.39,1.09,0,0,8.3,6.4,0,0,2.5,92.87,0,22.72,0,0,0,0,0,0,0,2.11,1.04772153,3.67,0,0
9/06/2024 3:00,32.9,0,0.46,1.08,1.040779744,26.78,1.78,0.36,0.1,0.8,1.702746652,16.78,17.67,2.65,0,0,0,0,0,1.322980104,2.39,1.09,0,0,8.3,6.4,0,0,2.5,92.87,0,22.72,0,0,0,0,0,0,0,2.11,1.057378052,3.67,0,0
9/06/2024 3:30,32.9,0,0.46,1.08,1.130388282,26.78,1.78,0.36,0.1,0.8,1.864184198,16.78,17.67,2.65,0,0,0,0,0,1.30961933,2.39,1.09,0,0,8.3,6.4,0,0,2.5,92.87,0,22.72,0,0,0,0,0,0,0,2.11,1.125773078,3.67,0,0
9/06/2024 4:00,32.9,0,0.46,1.08,1.289157092,26.78,1.78,0.36,0.1,0.8,2.1032974,16.78,17.67,2.65,0,0,0,0,0,1.297721055,2.39,1.09,0,0,8.3,6.4,0,0,2.5,92.87,0,22.72,0,0,0,0,0,0,0,2.11,1.241662233,3.67,0,0
9/06/2024 4:30,32.9,0,0.46,1.08,1.301405773,26.78,1.78,0.36,0.1,0.8,2.145482272,16.78,17.67,2.65,0,0,0,0,0,1.265725214,2.39,1.09,0,0,8.3,6.4,0,0,2.5,92.87,0,22.72,0,0,0,0,0,0,0,2.11,1.290004612,3.67,0,0
9/06/2024 5:00,32.9,0,0.46,1.08,1.142635989,26.78,1.78,0.36,0.1,0.8,1.97067493,16.78,17.67,2.65,0,0,0,0,0,1.210363103,2.39,1.09,0,0,8.3,6.4,0,0,2.5,92.87,0,22.72,0,0,0,0,0,0,0,2.11,1.258159194,3.67,0,0
9/06/2024 5:30,32.9,0,0.46,1.08,1.098645822,26.78,1.78,0.36,0.1,0.8,1.851360618,16.78,17.67,2.65,0,0,0,0,0,1.153228544,2.39,1.09,0,0,8.3,6.4,0,0,2.5,92.87,0,22.72,0,0,0,0,0,0,0,2.11,1.236982132,3.67,0,0
9/06/2024 6:00,32.9,0,0.46,1.08,1.474469803,26.78,2.06,0.36,0.1,0.8,1.955107833,16.78,17.67,2.42,0,0,0,0,0,1.113176873,2.39,1.09,0,0,8.3,6.4,0,0,2.5,92.87,0,22.72,0,0,0,0,0,0,0,2.11,1.269389247,3.67,0,0
9/06/2024 6:30,32.9,0,0.46,1.08,1.478969253,26.78,2.06,0.36,0.1,0.8,2.08470671,16.78,17.67,2.42,0,0,0,0,0,1.055383951,2.39,1.09,0,0,8.3,6.4,0,0,2.5,92.87,0,22.72,0,0,0,0,0,0,0,2.11,1.291989742,3.67,0,0
9/06/2024 7:00,32.9,0,0.46,1.08,1.469972011,26.78,2.06,0.36,0.1,0.8,2.094203243,16.78,17.67,2.42,0,0,0,0,0,1.059745146,2.39,1.09,0,0,8.3,6.4,0,0,2.5,92.87,0,22.72,0,0,0,0,0,0,0,2.11,1.312384001,3.67,0,0
9/06/2024 7:30,32.9,0,0.46,1.08,1.46279738,26.78,2.06,0.36,0.1,0.8,2.054682183,16.78,17.67,2.42,0,0,0,0,0,1.075851545,2.39,1.09,0,0,8.3,6.4,0,0,2.5,92.87,0,22.72,0,0,0,0,0,0,0,2.11,1.312040201,3.67,0,0
9/06/2024 8:00,32.9,0,0.46,1.08,1.172022796,26.78,2.06,0.36,0.1,0.8,1.986565959,16.78,17.67,2.42,0,0,0,0,0,1.096831807,2.39,1.09,0,0,8.3,6.4,0,0,2.5,92.87,0,22.72,0,0,0,0,0,0,0,2.11,1.301621988,3.67,0,0
9/06/2024 8:30,32.9,0,0.46,1.08,1.168244126,26.78,2.06,0.36,0.1,0.8,1.946300183,16.78,17.67,2.42,0,0,0,0,0,1.133963232,2.39,1.09,0,0,8.3,6.4,0,0,2.5,92.87,0,22.72,0,0,0,0,0,0,0,2.11,1.288760159,3.67,0,0
9/06/2024 9:00,32.9,0,0.46,1.08,1.191238437,26.78,2.06,0.36,0.1,0.8,1.934354558,16.78,17.67,2.42,0,0,0,0,0,1.154221202,2.39,1.09,0,0,8.3,6.4,0,0,2.5,92.87,0,22.72,0,0,0,0,0,0,0,2.11,1.283772018,3.67,0,0
9/06/2024 9:30,32.9,0,0.46,1.08,1.231322173,26.78,2.06,0.36,0.1,0.8,2.036419942,16.78,17.67,2.42,0,0,0,0,0,1.179832661,2.39,1.09,0,0,8.3,6.4,0,0,2.5,92.87,0,22.72,0,0,0,0,0,0,0,2.11,1.32790521,3.67,0,0
9/06/2024 10:00,32.9,0,0.46,1.08,1.279052735,26.78,2.06,0.36,0.1,0.8,2.1699098,16.78,17.67,2.42,0,0,0,0,0,1.209928088,2.39,1.09,0,0,8.3,6.4,0,0,2.5,92.87,0,22.72,0,0,0,0,0,0,0,2.11,1.392176545,3.67,0,0
9/06/2024 10:30,32.9,0,0.46,1.08,1.320576693,26.78,2.06,0.36,0.1,0.8,2.256347791,16.78,17.67,2.42,0,0,0,0,0,1.23970634,2.39,1.09,0,0,8.3,6.4,0,0,2.5,92.87,0,22.72,0,0,0,0,0,0,0,2.11,1.44459755,3.67,0,0
9/06/2024 11:00,32.9,0,0.46,1.08,1.365209306,26.78,2.06,0.36,0.1,0.8,2.322352401,16.78,17.67,2.42,0,0,0,0,0,1.253346924,2.39,1.09,0,0,8.3,6.4,0,0,2.5,92.87,0,22.72,0,0,0,0,0,0,0,2.11,1.489913552,3.67,0,0
9/06/2024 11:30,32.9,0,0.46,1.08,1.402413877,26.78,2.06,0.36,0.1,0.8,2.378111345,16.78,17.67,2.42,0,0,0,0,0,1.276947888,2.39,1.09,0,0,8.3,6.4,0,0,2.5,92.87,0,22.72,0,0,0,0,0,0,0,2.11,1.528922728,3.67,0,0
9/06/2024 12:00,32.9,0,0.46,1.08,1.42371227,26.78,2.06,0.36,0.1,0.8,2.426494569,16.78,17.67,2.42,0,0,0,0,0,1.30280777,2.39,1.09,0,0,8.3,6.4,0,0,2.5,92.87,0,22.72,0,0,0,0,0,0,0,2.11,1.560542934,3.67,0,0
9/06/2024 12:30,32.9,0,0.46,1.08,1.445515351,26.78,2.06,0.36,0.1,0.8,2.478816791,16.78,17.67,2.42,0,0,0,0,0,1.318376987,2.39,1.09,0,0,8.3,6.4,0,0,2.5,92.87,0,22.72,0,0,0,0,0,0,0,2.11,1.587820261,3.67,0,0
9/06/2024 13:00,32.9,0,0.46,1.08,1.497775958,26.78,2.06,0.36,0.1,0.8,2.526726233,16.78,17.67,2.42,0,0,0,0,0,1.309845571,2.39,1.09,0,0,8.3,6.4,0,0,2.5,92.87,0,22.72,0,0,0,0,0,0,0,2.11,1.623550618,3.67,0,0
9/06/2024 13:30,32.9,0,0.46,1.08,1.543221716,26.78,2.06,0.36,0.1,0.8,2.58298332,16.78,17.67,2.42,0,0,0,0,0,1.30950179,2.39,1.09,0,0,8.3,6.4,0,0,2.5,92.87,0,22.72,0,0,0,0,0,0,0,2.11,1.66532224,3.67,0,0
9/06/2024 14:00,32.9,0,0.46,1.08,1.578957598,26.78,2.06,0.36,0.1,0.8,2.681971497,16.78,17.67,2.42,0,0,0,0,0,1.334165716,2.39,1.09,0,0,8.3,6.4,0,0,2.5,92.87,0,22.72,0,0,0,0,0,0,0,2.11,1.723404901,3.67,0,0
9/06/2024 14:30,32.9,0,0.46,1.08,1.590191134,26.78,2.06,0.36,0.1,0.8,2.731929642,16.78,17.67,2.42,0,0,0,0,0,1.345596495,2.39,1.09,0,0,8.3,6.4,0,0,2.5,92.87,0,22.72,0,0,0,0,0,0,0,2.11,1.76190343,3.67,0,0
9/06/2024 15:00,32.9,0,0.46,1.08,1.632928486,26.78,2.06,0.36,0.1,0.8,2.800632618,16.78,17.67,2.42,0,0,0,0,0,1.34947277,2.39,1.09,0,0,8.3,6.4,0,0,2.5,92.87,0,22.72,0,0,0,0,0,0,0,2.11,1.786648765,3.67,0,0
9/06/2024 15:30,32.9,0,0.46,1.08,1.680137719,26.78,2.06,0.36,0.1,0.8,2.893924542,16.78,17.67,2.42,0,0,0,0,0,1.354841335,2.39,1.09,0,0,8.3,6.4,0,0,2.5,92.87,0,22.72,0,0,0,0,0,0,0,2.11,1.830037695,3.67,0,0
9/06/2024 16:00,32.9,0,0.46,1.08,1.673503654,26.78,2.06,0.36,0.1,0.8,2.900708984,16.78,17.67,2.42,0,0,0,0,0,1.365759669,2.39,1.09,0,0,8.3,6.4,0,0,2.5,92.87,0,22.72,0,0,0,0,0,0,0,2.11,1.83035223,3.67,0,0
9/06/2024 16:30,32.9,0,0.46,1.08,1.582587192,26.78,2.06,0.36,0.1,0.8,2.751160096,16.78,17.67,2.42,0,0,0,0,0,1.320014847,2.39,1.09,0,0,8.3,6.4,0,0,2.5,92.87,0,22.72,0,0,0,0,0,0,0,2.11,1.777688097,3.67,0,0
9/06/2024 17:00,32.9,0,0.46,1.08,1.536260869,26.78,2.06,0.36,0.1,0.8,2.631746001,16.78,17.67,2.42,0,0,0,0,0,1.188148852,2.39,1.09,0,0,8.3,6.4,0,0,2.5,92.87,0,22.72,0,0,0,0,0,0,0,2.11,1.737932389,3.67,0,0
9/06/2024 17:30,32.9,0,0.46,1.08,1.588007066,26.78,2.06,0.36,0.1,0.8,2.676156469,16.78,17.67,2.42,0,0,0,0,0,1.130702975,2.39,1.09,0,0,8.3,6.4,0,0,2.5,92.87,0,22.72,0,0,0,0,0,0,0,2.11,1.775905893,3.67,0,0
9/06/2024 18:00,32.9,0,0.46,1.08,1.706633009,26.78,2.06,0.36,0.1,0.8,2.924712961,16.78,17.67,2.42,0,0,0,0,0,1.24065612,2.39,1.09,0,0,8.3,6.4,0,0,2.5,92.87,0,22.72,0,0,0,0,0,0,0,2.11,1.877801944,3.67,0,0
9/06/2024 18:30,32.9,0,0.46,1.08,1.737136145,26.78,2.06,0.36,0.1,0.8,3.117546106,16.78,17.67,2.42,0,0,0,0,0,1.325107783,2.39,1.09,0,0,8.3,6.4,0,0,2.5,92.87,0,22.72,0,0,0,0,0,0,0,2.11,1.948270655,3.67,0,0
9/06/2024 19:00,32.9,0,0.46,1.08,1.705267988,26.78,2.06,0.36,0.1,0.8,3.077451909,16.78,17.67,2.42,0,0,0,0,0,1.368530016,2.39,1.09,0,0,8.3,6.4,0,0,2.5,92.87,0,22.72,0,0,0,0,0,0,0,2.11,1.977450035,3.67,0,0
9/06/2024 19:30,32.9,0,0.46,1.08,1.612644408,26.78,2.06,0.36,0.1,0.8,2.863996652,16.78,17.67,2.42,0,0,0,0,0,1.379719571,2.39,1.09,0,0,8.3,6.4,0,0,2.5,92.87,0,22.72,0,0,0,0,0,0,0,2.11,1.899654374,3.67,0,0
9/06/2024 20:00,32.9,0,0.46,1.08,1.480713296,26.78,2.06,0.36,0.1,0.8,2.570764898,16.78,17.67,2.42,0,0,0,0,0,1.373469412,2.39,1.09,0,0,8.3,6.4,0,0,2.5,92.87,0,22.72,0,0,0,0,0,0,0,2.11,1.742326188,3.67,0,0
9/06/2024 20:30,32.9,0,0.46,1.08,1.341526447,26.78,2.06,0.36,0.1,0.8,2.27546102,16.78,17.67,2.42,0,0,0,0,0,1.354657258,2.39,1.09,0,0,8.3,6.4,0,0,2.5,92.87,0,22.72,0,0,0,0,0,0,0,2.11,1.574655216,3.67,0,0
9/06/2024 21:00,32.9,0,0.46,1.08,1.245337627,26.78,2.06,0.36,0.1,0.8,2.055315177,16.78,17.67,2.42,0,0,0,0,0,1.344936241,2.39,1.09,0,0,8.3,6.4,0,0,2.5,92.87,0,22.72,0,0,0,0,0,0,0,2.11,1.433364115,3.67,0,0
9/06/2024 21:30,32.9,0,0.46,1.08,1.176239524,26.78,2.06,0.36,0.1,0.8,1.93579667,16.78,17.67,2.42,0,0,0,0,0,1.332122973,2.39,1.09,0,0,8.3,6.4,0,0,2.5,92.87,0,22.72,0,0,0,0,0,0,0,2.11,1.351874447,3.67,0,0
9/06/2024 22:00,32.9,0,0.46,1.08,1.15227906,26.78,2.06,0.36,0.1,0.8,1.896035047,16.78,17.67,2.42,0,0,0,0,0,1.335959795,2.39,1.09,0,0,8.3,6.4,0,0,2.5,92.87,0,22.72,0,0,0,0,0,0,0,2.11,1.281836937,3.67,0,0
9/06/2024 22:30,32.9,0,0.46,1.08,1.113322203,26.78,2.06,0.36,0.1,0.8,1.843886207,16.78,17.67,2.42,0,0,0,0,0,1.339338498,2.39,1.09,0,0,8.3,6.4,0,0,2.5,92.87,0,22.72,0,0,0,0,0,0,0,2.11,1.219192416,3.67,0,0
9/06/2024 23:00,32.9,0,0.46,1.08,1.091621178,26.78,2.06,0.36,0.1,0.8,1.797356623,16.78,17.67,2.42,0,0,0,0,0,1.334617241,2.39,1.09,0,0,8.3,6.4,0,0,2.5,92.87,0,22.72,0,0,0,0,0,0,0,2.11,1.169634372,3.67,0,0
9/06/2024 23:30,32.9,0,0.46,1.08,1.072298785,26.78,2.06,0.36,0.1,0.8,1.750736615,16.78,17.67,2.42,0,0,0,0,0,1.326424502,2.39,1.09,0,0,8.3,6.4,0,0,2.5,92.87,0,22.72,0,0,0,0,0,0,0,2.11,1.134391602,3.67,0,0
10/06/2024 0:00,32.9,0,0.46,1.08,1.030941091,26.78,2.06,0.36,0.1,0.8,1.711598257,16.78,17.67,2.42,0,0,0,0,0,1.315825454,2.39,1.09,0,0,8.3,6.4,0,0,2.5,92.87,0,22.72,0,0,0,0,0,0,0,2.11,1.104200947,3.67,0,0
10/06/2024 0:30,32.9,0,0.46,1.08,1.008841124,26.78,2.06,0.36,0.1,0.8,1.678019538,16.78,17.67,2.42,0,0,0,0,0,1.312257427,2.39,1.09,0,0,8.3,6.4,0,0,2.5,92.87,0,22.72,0,0,0,0,0,0,0,2.11,1.079672076,3.67,0,0
10/06/2024 1:00,32.9,0,0.46,1.08,1.012509675,26.78,2.06,0.36,0.1,0.8,1.653562591,16.78,17.67,2.42,0,0,0,0,0,1.305932263,2.39,1.09,0,0,8.3,6.4,0,0,2.5,92.87,0,22.72,0,0,0,0,0,0,0,2.11,1.065580156,3.67,0,0
10/06/2024 1:30,32.9,0,0.46,1.08,1.002425452,26.78,2.06,0.36,0.1,0.8,1.632641818,16.78,17.67,2.42,0,0,0,0,0,1.303622081,2.39,1.09,0,0,8.3,6.4,0,0,2.5,92.87,0,22.72,0,0,0,0,0,0,0,2.11,1.051836534,3.67,0,0
10/06/2024 2:00,32.9,0,0.46,1.08,1.000567936,26.78,2.06,0.36,0.1,0.8,1.655937972,16.78,17.67,2.42,0,0,0,0,0,1.311347401,2.39,1.09,0,0,8.3,6.4,0,0,2.5,92.87,0,22.72,0,0,0,0,0,0,0,2.11,1.045994759,3.67,0,0
10/06/2024 2:30,32.9,0,0.46,1.08,0.992125494,26.78,2.06,0.36,0.1,0.8,1.659121162,16.78,17.67,2.42,0,0,0,0,0,1.317668178,2.39,1.09,0,0,8.3,6.4,0,0,2.5,92.87,0,22.72,0,0,0,0,0,0,0,2.11,1.04772153,3.67,0,0
10/06/2024 3:00,32.9,0,0.46,1.08,1.033012731,26.78,2.06,0.36,0.1,0.8,1.702746652,16.78,17.67,2.42,0,0,0,0,0,1.322980104,2.39,1.09,0,0,8.3,6.4,0,0,2.5,92.87,0,22.72,0,0,0,0,0,0,0,2.11,1.057378052,3.67,0,0
10/06/2024 3:30,32.9,0,0.46,1.08,1.121952548,26.78,2.06,0.36,0.1,0.8,1.864184198,16.78,17.67,2.42,0,0,0,0,0,1.30961933,2.39,1.09,0,0,8.3,6.4,0,0,2.5,92.87,0,22.72,0,0,0,0,0,0,0,2.11,1.125773078,3.67,0,0
10/06/2024 4:00,32.9,0,0.46,1.08,1.279536517,26.78,2.06,0.36,0.1,0.8,2.1032974,16.78,17.67,2.42,0,0,0,0,0,1.297721055,2.39,1.09,0,0,8.3,6.4,0,0,2.5,92.87,0,22.72,0,0,0,0,0,0,0,2.11,1.241662233,3.67,0,0
10/06/2024 4:30,32.9,0,0.46,1.08,1.291693789,26.78,2.06,0.36,0.1,0.8,2.145482272,16.78,17.67,2.42,0,0,0,0,0,1.265725214,2.39,1.09,0,0,8.3,6.4,0,0,2.5,92.87,0,22.72,0,0,0,0,0,0,0,2.11,1.290004612,3.67,0,0
10/06/2024 5:00,32.9,0,0.46,1.08,1.134108855,26.78,2.06,0.36,0.1,0.8,1.97067493,16.78,17.67,2.42,0,0,0,0,0,1.210363103,2.39,1.09,0,0,8.3,6.4,0,0,2.5,92.87,0,22.72,0,0,0,0,0,0,0,2.11,1.258159194,3.67,0,0
10/06/2024 5:30,32.9,0,0.46,1.08,1.090446973,26.78,2.06,0.36,0.1,0.8,1.851360618,16.78,17.67,2.42,0,0,0,0,0,1.153228544,2.39,1.09,0,0,8.3,6.4,0,0,2.5,92.87,0,22.72,0,0,0,0,0,0,0,2.11,1.236982132,3.67,0,0
10/06/2024 6:00,32.9,0,0.46,1.08,1.463466297,22.22,1.78,0.36,0.1,0.8,1.955107833,16.78,17.67,2.65,0,0,0,0,0,1.113176873,2.39,1.09,0,0,8.3,6.4,0,0,2.5,92.87,0,22.72,0,0,0,0,0,0,0,2.11,1.269389247,3.67,0,0
10/06/2024 6:30,32.9,0,0.46,1.08,1.467932169,22.22,1.78,0.36,0.1,0.8,2.08470671,16.78,17.67,2.65,0,0,0,0,0,1.055383951,2.39,1.09,0,0,8.3,6.4,0,0,2.5,92.87,0,22.72,0,0,0,0,0,0,0,2.11,1.291989742,3.67,0,0
10/06/2024 7:00,32.9,0,0.46,1.08,1.459002071,22.22,1.78,0.36,0.1,0.8,2.094203243,16.78,17.67,2.65,0,0,0,0,0,1.059745146,2.39,1.09,0,0,8.3,6.4,0,0,2.5,92.87,0,22.72,0,0,0,0,0,0,0,2.11,1.312384001,3.67,0,0
10/06/2024 7:30,32.9,0,0.46,1.08,1.451880982,22.22,1.78,0.36,0.1,0.8,2.054682183,16.78,17.67,2.65,0,0,0,0,0,1.075851545,2.39,1.09,0,0,8.3,6.4,0,0,2.5,92.87,0,22.72,0,0,0,0,0,0,0,2.11,1.312040201,3.67,0,0
10/06/2024 8:00,32.9,0,0.46,1.08,1.163276357,22.22,1.78,0.36,0.1,0.8,1.986565959,16.78,17.67,2.65,0,0,0,0,0,1.096831807,2.39,1.09,0,0,8.3,6.4,0,0,2.5,92.87,0,22.72,0,0,0,0,0,0,0,2.11,1.301621988,3.67,0,0
10/06/2024 8:30,32.9,0,0.46,1.08,1.159525886,22.22,1.78,0.36,0.1,0.8,1.946300183,16.78,17.67,2.65,0,0,0,0,0,1.133963232,2.39,1.09,0,0,8.3,6.4,0,0,2.5,92.87,0,22.72,0,0,0,0,0,0,0,2.11,1.288760159,3.67,0,0
10/06/2024 9:00,32.9,0,0.46,1.08,1.182348598,22.22,1.78,0.36,0.1,0.8,1.934354558,16.78,17.67,2.65,0,0,0,0,0,1.154221202,2.39,1.09,0,0,8.3,6.4,0,0,2.5,92.87,0,22.72,0,0,0,0,0,0,0,2.11,1.283772018,3.67,0,0
10/06/2024 9:30,32.9,0,0.46,1.08,1.222133202,22.22,1.78,0.36,0.1,0.8,2.036419942,16.78,17.67,2.65,0,0,0,0,0,1.179832661,2.39,1.09,0,0,8.3,6.4,0,0,2.5,92.87,0,22.72,0,0,0,0,0,0,0,2.11,1.32790521,3.67,0,0
10/06/2024 10:00,32.9,0,0.46,1.08,1.269507565,22.22,1.78,0.36,0.1,0.8,2.1699098,16.78,17.67,2.65,0,0,0,0,0,1.209928088,2.39,1.09,0,0,8.3,6.4,0,0,2.5,92.87,0,22.72,0,0,0,0,0,0,0,2.11,1.392176545,3.67,0,0
10/06/2024 10:30,32.9,0,0.46,1.08,1.310721643,22.22,1.78,0.36,0.1,0.8,2.256347791,16.78,17.67,2.65,0,0,0,0,0,1.23970634,2.39,1.09,0,0,8.3,6.4,0,0,2.5,92.87,0,22.72,0,0,0,0,0,0,0,2.11,1.44459755,3.67,0,0
10/06/2024 11:00,32.9,0,0.46,1.08,1.355021177,22.22,1.78,0.36,0.1,0.8,2.322352401,16.78,17.67,2.65,0,0,0,0,0,1.253346924,2.39,1.09,0,0,8.3,6.4,0,0,2.5,92.87,0,22.72,0,0,0,0,0,0,0,2.11,1.489913552,3.67,0,0
10/06/2024 11:30,32.9,0,0.46,1.08,1.391948102,22.22,1.78,0.36,0.1,0.8,2.378111345,16.78,17.67,2.65,0,0,0,0,0,1.276947888,2.39,1.09,0,0,8.3,6.4,0,0,2.5,92.87,0,22.72,0,0,0,0,0,0,0,2.11,1.528922728,3.67,0,0
10/06/2024 12:00,32.9,0,0.46,1.08,1.413087552,22.22,1.78,0.36,0.1,0.8,2.426494569,16.78,17.67,2.65,0,0,0,0,0,1.30280777,2.39,1.09,0,0,8.3,6.4,0,0,2.5,92.87,0,22.72,0,0,0,0,0,0,0,2.11,1.560542934,3.67,0,0
10/06/2024 12:30,32.9,0,0.46,1.08,1.434727923,22.22,1.78,0.36,0.1,0.8,2.478816791,16.78,17.67,2.65,0,0,0,0,0,1.318376987,2.39,1.09,0,0,8.3,6.4,0,0,2.5,92.87,0,22.72,0,0,0,0,0,0,0,2.11,1.587820261,3.67,0,0
10/06/2024 13:00,32.9,0,0.46,1.08,1.486598525,22.22,1.78,0.36,0.1,0.8,2.526726233,16.78,17.67,2.65,0,0,0,0,0,1.309845571,2.39,1.09,0,0,8.3,6.4,0,0,2.5,92.87,0,22.72,0,0,0,0,0,0,0,2.11,1.623550618,3.67,0,0
10/06/2024 13:30,32.9,0,0.46,1.08,1.531705136,22.22,1.78,0.36,0.1,0.8,2.58298332,16.78,17.67,2.65,0,0,0,0,0,1.30950179,2.39,1.09,0,0,8.3,6.4,0,0,2.5,92.87,0,22.72,0,0,0,0,0,0,0,2.11,1.66532224,3.67,0,0
10/06/2024 14:00,32.9,0,0.46,1.08,1.567174332,22.22,1.78,0.36,0.1,0.8,2.681971497,16.78,17.67,2.65,0,0,0,0,0,1.334165716,2.39,1.09,0,0,8.3,6.4,0,0,2.5,92.87,0,22.72,0,0,0,0,0,0,0,2.11,1.723404901,3.67,0,0
10/06/2024 14:30,32.9,0,0.46,1.08,1.578324036,22.22,1.78,0.36,0.1,0.8,2.731929642,16.78,17.67,2.65,0,0,0,0,0,1.345596495,2.39,1.09,0,0,8.3,6.4,0,0,2.5,92.87,0,22.72,0,0,0,0,0,0,0,2.11,1.76190343,3.67,0,0
10/06/2024 15:00,32.9,0,0.46,1.08,1.620742452,22.22,1.78,0.36,0.1,0.8,2.800632618,16.78,17.67,2.65,0,0,0,0,0,1.34947277,2.39,1.09,0,0,8.3,6.4,0,0,2.5,92.87,0,22.72,0,0,0,0,0,0,0,2.11,1.786648765,3.67,0,0
10/06/2024 15:30,32.9,0,0.46,1.08,1.667599378,22.22,1.78,0.36,0.1,0.8,2.893924542,16.78,17.67,2.65,0,0,0,0,0,1.354841335,2.39,1.09,0,0,8.3,6.4,0,0,2.5,92.87,0,22.72,0,0,0,0,0,0,0,2.11,1.830037695,3.67,0,0
10/06/2024 16:00,32.9,0,0.46,1.08,1.66101482,22.22,1.78,0.36,0.1,0.8,2.900708984,16.78,17.67,2.65,0,0,0,0,0,1.365759669,2.39,1.09,0,0,8.3,6.4,0,0,2.5,92.87,0,22.72,0,0,0,0,0,0,0,2.11,1.83035223,3.67,0,0
10/06/2024 16:30,32.9,0,0.46,1.08,1.570776839,22.22,1.78,0.36,0.1,0.8,2.751160096,16.78,17.67,2.65,0,0,0,0,0,1.320014847,2.39,1.09,0,0,8.3,6.4,0,0,2.5,92.87,0,22.72,0,0,0,0,0,0,0,2.11,1.777688097,3.67,0,0
10/06/2024 17:00,32.9,0,0.46,1.08,1.524796235,22.22,1.78,0.36,0.1,0.8,2.631746001,16.78,17.67,2.65,0,0,0,0,0,1.188148852,2.39,1.09,0,0,8.3,6.4,0,0,2.5,92.87,0,22.72,0,0,0,0,0,0,0,2.11,1.737932389,3.67,0,0
10/06/2024 17:30,32.9,0,0.46,1.08,1.576156267,22.22,1.78,0.36,0.1,0.8,2.676156469,16.78,17.67,2.65,0,0,0,0,0,1.130702975,2.39,1.09,0,0,8.3,6.4,0,0,2.5,92.87,0,22.72,0,0,0,0,0,0,0,2.11,1.775905893,3.67,0,0
10/06/2024 18:00,32.9,0,0.46,1.08,1.693896942,22.22,1.78,0.36,0.1,0.8,2.924712961,16.78,17.67,2.65,0,0,0,0,0,1.24065612,2.39,1.09,0,0,8.3,6.4,0,0,2.5,92.87,0,22.72,0,0,0,0,0,0,0,2.11,1.877801944,3.67,0,0
10/06/2024 18:30,32.9,0,0.46,1.08,1.724172442,22.22,1.78,0.36,0.1,0.8,3.117546106,16.78,17.67,2.65,0,0,0,0,0,1.325107783,2.39,1.09,0,0,8.3,6.4,0,0,2.5,92.87,0,22.72,0,0,0,0,0,0,0,2.11,1.948270655,3.67,0,0
10/06/2024 19:00,32.9,0,0.46,1.08,1.692542108,22.22,1.78,0.36,0.1,0.8,3.077451909,16.78,17.67,2.65,0,0,0,0,0,1.368530016,2.39,1.09,0,0,8.3,6.4,0,0,2.5,92.87,0,22.72,0,0,0,0,0,0,0,2.11,1.977450035,3.67,0,0
10/06/2024 19:30,32.9,0,0.46,1.08,1.600609749,22.22,1.78,0.36,0.1,0.8,2.863996652,16.78,17.67,2.65,0,0,0,0,0,1.379719571,2.39,1.09,0,0,8.3,6.4,0,0,2.5,92.87,0,22.72,0,0,0,0,0,0,0,2.11,1.899654374,3.67,0,0
10/06/2024 20:00,32.9,0,0.46,1.08,1.469663197,22.22,1.78,0.36,0.1,0.8,2.570764898,16.78,17.67,2.65,0,0,0,0,0,1.373469412,2.39,1.09,0,0,8.3,6.4,0,0,2.5,92.87,0,22.72,0,0,0,0,0,0,0,2.11,1.742326188,3.67,0,0
10/06/2024 20:30,32.9,0,0.46,1.08,1.331515055,22.22,1.78,0.36,0.1,0.8,2.27546102,16.78,17.67,2.65,0,0,0,0,0,1.354657258,2.39,1.09,0,0,8.3,6.4,0,0,2.5,92.87,0,22.72,0,0,0,0,0,0,0,2.11,1.574655216,3.67,0,0
10/06/2024 21:00,32.9,0,0.46,1.08,1.236044062,22.22,1.78,0.36,0.1,0.8,2.055315177,16.78,17.67,2.65,0,0,0,0,0,1.344936241,2.39,1.09,0,0,8.3,6.4,0,0,2.5,92.87,0,22.72,0,0,0,0,0,0,0,2.11,1.433364115,3.67,0,0
10/06/2024 21:30,32.9,0,0.46,1.08,1.167461617,22.22,1.78,0.36,0.1,0.8,1.93579667,16.78,17.67,2.65,0,0,0,0,0,1.332122973,2.39,1.09,0,0,8.3,6.4,0,0,2.5,92.87,0,22.72,0,0,0,0,0,0,0,2.11,1.351874447,3.67,0,0
10/06/2024 22:00,32.9,0,0.46,1.08,1.143679963,22.22,1.78,0.36,0.1,0.8,1.896035047,16.78,17.67,2.65,0,0,0,0,0,1.335959795,2.39,1.09,0,0,8.3,6.4,0,0,2.5,92.87,0,22.72,0,0,0,0,0,0,0,2.11,1.281836937,3.67,0,0
10/06/2024 22:30,32.9,0,0.46,1.08,1.105013828,22.22,1.78,0.36,0.1,0.8,1.843886207,16.78,17.67,2.65,0,0,0,0,0,1.339338498,2.39,1.09,0,0,8.3,6.4,0,0,2.5,92.87,0,22.72,0,0,0,0,0,0,0,2.11,1.219192416,3.67,0,0
10/06/2024 23:00,32.9,0,0.46,1.08,1.083474752,22.22,1.78,0.36,0.1,0.8,1.797356623,16.78,17.67,2.65,0,0,0,0,0,1.334617241,2.39,1.09,0,0,8.3,6.4,0,0,2.5,92.87,0,22.72,0,0,0,0,0,0,0,2.11,1.169634372,3.67,0,0
10/06/2024 23:30,32.9,0,0.46,1.08,1.064296556,22.22,1.78,0.36,0.1,0.8,1.750736615,16.78,17.67,2.65,0,0,0,0,0,1.326424502,2.39,1.09,0,0,8.3,6.4,0,0,2.5,92.87,0,22.72,0,0,0,0,0,0,0,2.11,1.134391602,3.67,0,0
11/06/2024 0:00,32.9,0,0.46,1.08,1.030941091,22.22,1.78,0.36,0.1,0.8,1.711598257,16.78,17.67,2.65,0,0,0,0,0,1.315825454,2.39,1.09,0,0,8.3,6.4,0,0,2.5,92.87,0,22.72,0,0,0,0,0,0,0,2.11,1.096532885,3.67,0,0
11/06/2024 0:30,32.9,0,0.46,1.08,1.008841124,22.22,1.78,0.36,0.1,0.8,1.678019538,16.78,17.67,2.65,0,0,0,0,0,1.312257427,2.39,1.09,0,0,8.3,6.4,0,0,2.5,92.87,0,22.72,0,0,0,0,0,0,0,2.11,1.072174353,3.67,0,0
11/06/2024 1:00,32.9,0,0.46,1.08,1.012509675,22.22,1.78,0.36,0.1,0.8,1.653562591,16.78,17.67,2.65,0,0,0,0,0,1.305932263,2.39,1.09,0,0,8.3,6.4,0,0,2.5,92.87,0,22.72,0,0,0,0,0,0,0,2.11,1.058180293,3.67,0,0
11/06/2024 1:30,32.9,0,0.46,1.08,1.002425452,22.22,1.78,0.36,0.1,0.8,1.632641818,16.78,17.67,2.65,0,0,0,0,0,1.303622081,2.39,1.09,0,0,8.3,6.4,0,0,2.5,92.87,0,22.72,0,0,0,0,0,0,0,2.11,1.044532114,3.67,0,0
11/06/2024 2:00,32.9,0,0.46,1.08,1.000567936,22.22,1.78,0.36,0.1,0.8,1.655937972,16.78,17.67,2.65,0,0,0,0,0,1.311347401,2.39,1.09,0,0,8.3,6.4,0,0,2.5,92.87,0,22.72,0,0,0,0,0,0,0,2.11,1.038730907,3.67,0,0
11/06/2024 2:30,32.9,0,0.46,1.08,0.992125494,22.22,1.78,0.36,0.1,0.8,1.659121162,16.78,17.67,2.65,0,0,0,0,0,1.317668178,2.39,1.09,0,0,8.3,6.4,0,0,2.5,92.87,0,22.72,0,0,0,0,0,0,0,2.11,1.040445686,3.67,0,0
11/06/2024 3:00,32.9,0,0.46,1.08,1.033012731,22.22,1.78,0.36,0.1,0.8,1.702746652,16.78,17.67,2.65,0,0,0,0,0,1.322980104,2.39,1.09,0,0,8.3,6.4,0,0,2.5,92.87,0,22.72,0,0,0,0,0,0,0,2.11,1.050035148,3.67,0,0
11/06/2024 3:30,32.9,0,0.46,1.08,1.121952548,22.22,1.78,0.36,0.1,0.8,1.864184198,16.78,17.67,2.65,0,0,0,0,0,1.30961933,2.39,1.09,0,0,8.3,6.4,0,0,2.5,92.87,0,22.72,0,0,0,0,0,0,0,2.11,1.11795521,3.67,0,0
11/06/2024 4:00,32.9,0,0.46,1.08,1.279536517,22.22,1.78,0.36,0.1,0.8,2.1032974,16.78,17.67,2.65,0,0,0,0,0,1.297721055,2.39,1.09,0,0,8.3,6.4,0,0,2.5,92.87,0,22.72,0,0,0,0,0,0,0,2.11,1.233039578,3.67,0,0
11/06/2024 4:30,32.9,0,0.46,1.08,1.291693789,22.22,1.78,0.36,0.1,0.8,2.145482272,16.78,17.67,2.65,0,0,0,0,0,1.265725214,2.39,1.09,0,0,8.3,6.4,0,0,2.5,92.87,0,22.72,0,0,0,0,0,0,0,2.11,1.281046246,3.67,0,0
11/06/2024 5:00,32.9,0,0.46,1.08,1.134108855,22.22,1.78,0.36,0.1,0.8,1.97067493,16.78,17.67,2.65,0,0,0,0,0,1.210363103,2.39,1.09,0,0,8.3,6.4,0,0,2.5,92.87,0,22.72,0,0,0,0,0,0,0,2.11,1.249421978,3.67,0,0
11/06/2024 5:30,32.9,0,0.46,1.08,1.090446973,22.22,1.78,0.36,0.1,0.8,1.851360618,16.78,17.67,2.65,0,0,0,0,0,1.153228544,2.39,1.09,0,0,8.3,6.4,0,0,2.5,92.87,0,22.72,0,0,0,0,0,0,0,2.11,1.228391978,3.67,0,0
11/06/2024 6:00,32.9,0,0.46,1.08,1.463466297,20.7,1.5,0.36,0.1,0.8,1.955107833,16.78,17.67,2.87,0,0,0,0,0,1.113176873,2.39,1.09,0,0,8.3,6.4,0,0,2.5,92.87,0,22.72,0,0,0,0,0,0,0,2.11,1.260574044,3.67,0,0
11/06/2024 6:30,32.9,0,0.46,1.08,1.467932169,20.7,1.5,0.36,0.1,0.8,2.08470671,16.78,17.67,2.87,0,0,0,0,0,1.055383951,2.39,1.09,0,0,8.3,6.4,0,0,2.5,92.87,0,22.72,0,0,0,0,0,0,0,2.11,1.283017591,3.67,0,0
11/06/2024 7:00,32.9,0,0.46,1.08,1.459002071,20.7,1.5,0.36,0.1,0.8,2.094203243,16.78,17.67,2.87,0,0,0,0,0,1.059745146,2.39,1.09,0,0,8.3,6.4,0,0,2.5,92.87,0,22.72,0,0,0,0,0,0,0,2.11,1.303270224,3.67,0,0
11/06/2024 7:30,32.9,0,0.46,1.08,1.451880982,20.7,1.5,0.36,0.1,0.8,2.054682183,16.78,17.67,2.87,0,0,0,0,0,1.075851545,2.39,1.09,0,0,8.3,6.4,0,0,2.5,92.87,0,22.72,0,0,0,0,0,0,0,2.11,1.302928811,3.67,0,0
11/06/2024 8:00,32.9,0,0.46,1.08,1.163276357,20.7,1.5,0.36,0.1,0.8,1.986565959,16.78,17.67,2.87,0,0,0,0,0,1.096831807,2.39,1.09,0,0,8.3,6.4,0,0,2.5,92.87,0,22.72,0,0,0,0,0,0,0,2.11,1.292582946,3.67,0,0
11/06/2024 8:30,32.9,0,0.46,1.08,1.159525886,20.7,1.5,0.36,0.1,0.8,1.946300183,16.78,17.67,2.87,0,0,0,0,0,1.133963232,2.39,1.09,0,0,8.3,6.4,0,0,2.5,92.87,0,22.72,0,0,0,0,0,0,0,2.11,1.279810436,3.67,0,0
11/06/2024 9:00,32.9,0,0.46,1.08,1.182348598,20.7,1.5,0.36,0.1,0.8,1.934354558,16.78,17.67,2.87,0,0,0,0,0,1.154221202,2.39,1.09,0,0,8.3,6.4,0,0,2.5,92.87,0,22.72,0,0,0,0,0,0,0,2.11,1.274856935,3.67,0,0
11/06/2024 9:30,32.9,0,0.46,1.08,1.222133202,20.7,1.5,0.36,0.1,0.8,2.036419942,16.78,17.67,2.87,0,0,0,0,0,1.179832661,2.39,1.09,0,0,8.3,6.4,0,0,2.5,92.87,0,22.72,0,0,0,0,0,0,0,2.11,1.318683646,3.67,0,0
11/06/2024 10:00,32.9,0,0.46,1.08,1.269507565,20.7,1.5,0.36,0.1,0.8,2.1699098,16.78,17.67,2.87,0,0,0,0,0,1.209928088,2.39,1.09,0,0,8.3,6.4,0,0,2.5,92.87,0,22.72,0,0,0,0,0,0,0,2.11,1.382508653,3.67,0,0
11/06/2024 10:30,32.9,0,0.46,1.08,1.310721643,20.7,1.5,0.36,0.1,0.8,2.256347791,16.78,17.67,2.87,0,0,0,0,0,1.23970634,2.39,1.09,0,0,8.3,6.4,0,0,2.5,92.87,0,22.72,0,0,0,0,0,0,0,2.11,1.434565623,3.67,0,0
11/06/2024 11:00,32.9,0,0.46,1.08,1.355021177,20.7,1.5,0.36,0.1,0.8,2.322352401,16.78,17.67,2.87,0,0,0,0,0,1.253346924,2.39,1.09,0,0,8.3,6.4,0,0,2.5,92.87,0,22.72,0,0,0,0,0,0,0,2.11,1.47956693,3.67,0,0
11/06/2024 11:30,32.9,0,0.46,1.08,1.391948102,20.7,1.5,0.36,0.1,0.8,2.378111345,16.78,17.67,2.87,0,0,0,0,0,1.276947888,2.39,1.09,0,0,8.3,6.4,0,0,2.5,92.87,0,22.72,0,0,0,0,0,0,0,2.11,1.518305209,3.67,0,0
11/06/2024 12:00,32.9,0,0.46,1.08,1.413087552,20.7,1.5,0.36,0.1,0.8,2.426494569,16.78,17.67,2.87,0,0,0,0,0,1.30280777,2.39,1.09,0,0,8.3,6.4,0,0,2.5,92.87,0,22.72,0,0,0,0,0,0,0,2.11,1.54970583,3.67,0,0
11/06/2024 12:30,32.9,0,0.46,1.08,1.434727923,20.7,1.5,0.36,0.1,0.8,2.478816791,16.78,17.67,2.87,0,0,0,0,0,1.318376987,2.39,1.09,0,0,8.3,6.4,0,0,2.5,92.87,0,22.72,0,0,0,0,0,0,0,2.11,1.576793731,3.67,0,0
11/06/2024 13:00,32.9,0,0.46,1.08,1.486598525,20.7,1.5,0.36,0.1,0.8,2.526726233,16.78,17.67,2.87,0,0,0,0,0,1.309845571,2.39,1.09,0,0,8.3,6.4,0,0,2.5,92.87,0,22.72,0,0,0,0,0,0,0,2.11,1.612275961,3.67,0,0
11/06/2024 13:30,32.9,0,0.46,1.08,1.531705136,20.7,1.5,0.36,0.1,0.8,2.58298332,16.78,17.67,2.87,0,0,0,0,0,1.30950179,2.39,1.09,0,0,8.3,6.4,0,0,2.5,92.87,0,22.72,0,0,0,0,0,0,0,2.11,1.653757502,3.67,0,0
11/06/2024 14:00,32.9,0,0.46,1.08,1.567174332,20.7,1.5,0.36,0.1,0.8,2.681971497,16.78,17.67,2.87,0,0,0,0,0,1.334165716,2.39,1.09,0,0,8.3,6.4,0,0,2.5,92.87,0,22.72,0,0,0,0,0,0,0,2.11,1.711436811,3.67,0,0
11/06/2024 14:30,32.9,0,0.46,1.08,1.578324036,20.7,1.5,0.36,0.1,0.8,2.731929642,16.78,17.67,2.87,0,0,0,0,0,1.345596495,2.39,1.09,0,0,8.3,6.4,0,0,2.5,92.87,0,22.72,0,0,0,0,0,0,0,2.11,1.74966799,3.67,0,0
11/06/2024 15:00,32.9,0,0.46,1.08,1.620742452,20.7,1.5,0.36,0.1,0.8,2.800632618,16.78,17.67,2.87,0,0,0,0,0,1.34947277,2.39,1.09,0,0,8.3,6.4,0,0,2.5,92.87,0,22.72,0,0,0,0,0,0,0,2.11,1.774241481,3.67,0,0
11/06/2024 15:30,32.9,0,0.46,1.08,1.667599378,20.7,1.5,0.36,0.1,0.8,2.893924542,16.78,17.67,2.87,0,0,0,0,0,1.354841335,2.39,1.09,0,0,8.3,6.4,0,0,2.5,92.87,0,22.72,0,0,0,0,0,0,0,2.11,1.8173291,3.67,0,0
11/06/2024 16:00,32.9,0,0.46,1.08,1.66101482,20.7,1.5,0.36,0.1,0.8,2.900708984,16.78,17.67,2.87,0,0,0,0,0,1.365759669,2.39,1.09,0,0,8.3,6.4,0,0,2.5,92.87,0,22.72,0,0,0,0,0,0,0,2.11,1.817641451,3.67,0,0
11/06/2024 16:30,32.9,0,0.46,1.08,1.570776839,20.7,1.5,0.36,0.1,0.8,2.751160096,16.78,17.67,2.87,0,0,0,0,0,1.320014847,2.39,1.09,0,0,8.3,6.4,0,0,2.5,92.87,0,22.72,0,0,0,0,0,0,0,2.11,1.76534304,3.67,0,0
11/06/2024 17:00,32.9,0,0.46,1.08,1.524796235,20.7,1.5,0.36,0.1,0.8,2.631746001,16.78,17.67,2.87,0,0,0,0,0,1.188148852,2.39,1.09,0,0,8.3,6.4,0,0,2.5,92.87,0,22.72,0,0,0,0,0,0,0,2.11,1.725863414,3.67,0,0
11/06/2024 17:30,32.9,0,0.46,1.08,1.576156267,20.7,1.5,0.36,0.1,0.8,2.676156469,16.78,17.67,2.87,0,0,0,0,0,1.130702975,2.39,1.09,0,0,8.3,6.4,0,0,2.5,92.87,0,22.72,0,0,0,0,0,0,0,2.11,1.763573214,3.67,0,0
11/06/2024 18:00,32.9,0,0.46,1.08,1.693896942,20.7,1.5,0.36,0.1,0.8,2.924712961,16.78,17.67,2.87,0,0,0,0,0,1.24065612,2.39,1.09,0,0,8.3,6.4,0,0,2.5,92.87,0,22.72,0,0,0,0,0,0,0,2.11,1.864761653,3.67,0,0
11/06/2024 18:30,32.9,0,0.46,1.08,1.724172442,20.7,1.5,0.36,0.1,0.8,3.117546106,16.78,17.67,2.87,0,0,0,0,0,1.325107783,2.39,1.09,0,0,8.3,6.4,0,0,2.5,92.87,0,22.72,0,0,0,0,0,0,0,2.11,1.934740998,3.67,0,0
11/06/2024 19:00,32.9,0,0.46,1.08,1.692542108,20.7,1.5,0.36,0.1,0.8,3.077451909,16.78,17.67,2.87,0,0,0,0,0,1.368530016,2.39,1.09,0,0,8.3,6.4,0,0,2.5,92.87,0,22.72,0,0,0,0,0,0,0,2.11,1.963717743,3.67,0,0
11/06/2024 19:30,32.9,0,0.46,1.08,1.600609749,20.7,1.5,0.36,0.1,0.8,2.863996652,16.78,17.67,2.87,0,0,0,0,0,1.379719571,2.39,1.09,0,0,8.3,6.4,0,0,2.5,92.87,0,22.72,0,0,0,0,0,0,0,2.11,1.88646233,3.67,0,0
11/06/2024 20:00,32.9,0,0.46,1.08,1.469663197,20.7,1.5,0.36,0.1,0.8,2.570764898,16.78,17.67,2.87,0,0,0,0,0,1.373469412,2.39,1.09,0,0,8.3,6.4,0,0,2.5,92.87,0,22.72,0,0,0,0,0,0,0,2.11,1.730226701,3.67,0,0
11/06/2024 20:30,32.9,0,0.46,1.08,1.331515055,20.7,1.5,0.36,0.1,0.8,2.27546102,16.78,17.67,2.87,0,0,0,0,0,1.354657258,2.39,1.09,0,0,8.3,6.4,0,0,2.5,92.87,0,22.72,0,0,0,0,0,0,0,2.11,1.56372011,3.67,0,0
11/06/2024 21:00,32.9,0,0.46,1.08,1.236044062,20.7,1.5,0.36,0.1,0.8,2.055315177,16.78,17.67,2.87,0,0,0,0,0,1.344936241,2.39,1.09,0,0,8.3,6.4,0,0,2.5,92.87,0,22.72,0,0,0,0,0,0,0,2.11,1.423410198,3.67,0,0
11/06/2024 21:30,32.9,0,0.46,1.08,1.167461617,20.7,1.5,0.36,0.1,0.8,1.93579667,16.78,17.67,2.87,0,0,0,0,0,1.332122973,2.39,1.09,0,0,8.3,6.4,0,0,2.5,92.87,0,22.72,0,0,0,0,0,0,0,2.11,1.34248643,3.67,0,0
11/06/2024 22:00,32.9,0,0.46,1.08,1.143679963,20.7,1.5,0.36,0.1,0.8,1.896035047,16.78,17.67,2.87,0,0,0,0,0,1.335959795,2.39,1.09,0,0,8.3,6.4,0,0,2.5,92.87,0,22.72,0,0,0,0,0,0,0,2.11,1.272935291,3.67,0,0
11/06/2024 22:30,32.9,0,0.46,1.08,1.105013828,20.7,1.5,0.36,0.1,0.8,1.843886207,16.78,17.67,2.87,0,0,0,0,0,1.339338498,2.39,1.09,0,0,8.3,6.4,0,0,2.5,92.87,0,22.72,0,0,0,0,0,0,0,2.11,1.210725802,3.67,0,0
11/06/2024 23:00,32.9,0,0.46,1.08,1.083474752,20.7,1.5,0.36,0.1,0.8,1.797356623,16.78,17.67,2.87,0,0,0,0,0,1.334617241,2.39,1.09,0,0,8.3,6.4,0,0,2.5,92.87,0,22.72,0,0,0,0,0,0,0,2.11,1.161511911,3.67,0,0
11/06/2024 23:30,32.9,0,0.46,1.08,1.064296556,20.7,1.5,0.36,0.1,0.8,1.750736615,16.78,17.67,2.87,0,0,0,0,0,1.326424502,2.39,1.09,0,0,8.3,6.4,0,0,2.5,92.87,0,22.72,0,0,0,0,0,0,0,2.11,1.126513883,3.67,0,0
12/06/2024 0:00,32.9,0,0.46,1.08,1.030941091,20.7,1.5,0.36,0.1,0.8,1.711598257,16.78,17.67,2.87,0,0,0,0,0,1.315825454,2.39,1.09,0,0,8.3,6.4,0,0,2.5,92.87,0,22.72,0,0,0,0,0,0,0,2.11,1.096532885,3.67,0,0
12/06/2024 0:30,32.9,0,0.46,1.08,1.008841124,20.7,1.5,0.36,0.1,0.8,1.678019538,16.78,17.67,2.87,0,0,0,0,0,1.312257427,2.39,1.09,0,0,8.3,6.4,0,0,2.5,92.87,0,22.72,0,0,0,0,0,0,0,2.11,1.072174353,3.67,0,0
12/06/2024 1:00,32.9,0,0.46,1.08,1.012509675,20.7,1.5,0.36,0.1,0.8,1.653562591,16.78,17.67,2.87,0,0,0,0,0,1.305932263,2.39,1.09,0,0,8.3,6.4,0,0,2.5,92.87,0,22.72,0,0,0,0,0,0,0,2.11,1.058180293,3.67,0,0
12/06/2024 1:30,32.9,0,0.46,1.08,1.002425452,20.7,1.5,0.36,0.1,0.8,1.632641818,16.78,17.67,2.87,0,0,0,0,0,1.303622081,2.39,1.09,0,0,8.3,6.4,0,0,2.5,92.87,0,22.72,0,0,0,0,0,0,0,2.11,1.044532114,3.67,0,0
12/06/2024 2:00,32.9,0,0.46,1.08,1.000567936,20.7,1.5,0.36,0.1,0.8,1.655937972,16.78,17.67,2.87,0,0,0,0,0,1.311347401,2.39,1.09,0,0,8.3,6.4,0,0,2.5,92.87,0,22.72,0,0,0,0,0,0,0,2.11,1.038730907,3.67,0,0
12/06/2024 2:30,32.9,0,0.46,1.08,0.992125494,20.7,1.5,0.36,0.1,0.8,1.659121162,16.78,17.67,2.87,0,0,0,0,0,1.317668178,2.39,1.09,0,0,8.3,6.4,0,0,2.5,92.87,0,22.72,0,0,0,0,0,0,0,2.11,1.040445686,3.67,0,0
12/06/2024 3:00,32.9,0,0.46,1.08,1.033012731,20.7,1.5,0.36,0.1,0.8,1.702746652,16.78,17.67,2.87,0,0,0,0,0,1.322980104,2.39,1.09,0,0,8.3,6.4,0,0,2.5,92.87,0,22.72,0,0,0,0,0,0,0,2.11,1.050035148,3.67,0,0
12/06/2024 3:30,32.9,0,0.46,1.08,1.121952548,20.7,1.5,0.36,0.1,0.8,1.864184198,16.78,17.67,2.87,0,0,0,0,0,1.30961933,2.39,1.09,0,0,8.3,6.4,0,0,2.5,92.87,0,22.72,0,0,0,0,0,0,0,2.11,1.11795521,3.67,0,0
12/06/2024 4:00,32.9,0,0.46,1.08,1.279536517,20.7,1.5,0.36,0.1,0.8,2.1032974,16.78,17.67,2.87,0,0,0,0,0,1.297721055,2.39,1.09,0,0,8.3,6.4,0,0,2.5,92.87,0,22.72,0,0,0,0,0,0,0,2.11,1.233039578,3.67,0,0
12/06/2024 4:30,32.9,0,0.46,1.08,1.291693789,20.7,1.5,0.36,0.1,0.8,2.145482272,16.78,17.67,2.87,0,0,0,0,0,1.265725214,2.39,1.09,0,0,8.3,6.4,0,0,2.5,92.87,0,22.72,0,0,0,0,0,0,0,2.11,1.281046246,3.67,0,0
12/06/2024 5:00,32.9,0,0.46,1.08,1.134108855,20.7,1.5,0.36,0.1,0.8,1.97067493,16.78,17.67,2.87,0,0,0,0,0,1.210363103,2.39,1.09,0,0,8.3,6.4,0,0,2.5,92.87,0,22.72,0,0,0,0,0,0,0,2.11,1.249421978,3.67,0,0
12/06/2024 5:30,32.9,0,0.46,1.08,1.090446973,20.7,1.5,0.36,0.1,0.8,1.851360618,16.78,17.67,2.87,0,0,0,0,0,1.153228544,2.39,1.09,0,0,8.3,6.4,0,0,2.5,92.87,0,22.72,0,0,0,0,0,0,0,2.11,1.228391978,3.67,0,0
12/06/2024 6:00,32.9,0,0.46,1.08,1.463466297,20.7,1.64,0.36,0.1,0.8,1.955107833,16.78,17.67,2.76,0,0,0,0,0,1.113176873,2.39,1.09,0,0,8.3,6.4,0,0,2.5,92.87,0,22.72,0,0,0,0,0,0,0,2.11,1.260574044,3.67,0,0
12/06/2024 6:30,32.9,0,0.46,1.08,1.467932169,20.7,1.64,0.36,0.1,0.8,2.08470671,16.78,17.67,2.76,0,0,0,0,0,1.055383951,2.39,1.09,0,0,8.3,6.4,0,0,2.5,92.87,0,22.72,0,0,0,0,0,0,0,2.11,1.283017591,3.67,0,0
12/06/2024 7:00,32.9,0,0.46,1.08,1.459002071,20.7,1.64,0.36,0.1,0.8,2.094203243,16.78,17.67,2.76,0,0,0,0,0,1.059745146,2.39,1.09,0,0,8.3,6.4,0,0,2.5,92.87,0,22.72,0,0,0,0,0,0,0,2.11,1.303270224,3.67,0,0
12/06/2024 7:30,32.9,0,0.46,1.08,1.451880982,20.7,1.64,0.36,0.1,0.8,2.054682183,16.78,17.67,2.76,0,0,0,0,0,1.075851545,2.39,1.09,0,0,8.3,6.4,0,0,2.5,92.87,0,22.72,0,0,0,0,0,0,0,2.11,1.302928811,3.67,0,0
12/06/2024 8:00,32.9,0,0.46,1.08,1.163276357,20.7,1.64,0.36,0.1,0.8,1.986565959,16.78,17.67,2.76,0,0,0,0,0,1.096831807,2.39,1.09,0,0,8.3,6.4,0,0,2.5,92.87,0,22.72,0,0,0,0,0,0,0,2.11,1.292582946,3.67,0,0
12/06/2024 8:30,32.9,0,0.46,1.08,1.159525886,20.7,1.64,0.36,0.1,0.8,1.946300183,16.78,17.67,2.76,0,0,0,0,0,1.133963232,2.39,1.09,0,0,8.3,6.4,0,0,2.5,92.87,0,22.72,0,0,0,0,0,0,0,2.11,1.279810436,3.67,0,0
12/06/2024 9:00,32.9,0,0.46,1.08,1.182348598,20.7,1.64,0.36,0.1,0.8,1.934354558,16.78,17.67,2.76,0,0,0,0,0,1.154221202,2.39,1.09,0,0,8.3,6.4,0,0,2.5,92.87,0,22.72,0,0,0,0,0,0,0,2.11,1.274856935,3.67,0,0
12/06/2024 9:30,32.9,0,0.46,1.08,1.222133202,20.7,1.64,0.36,0.1,0.8,2.036419942,16.78,17.67,2.76,0,0,0,0,0,1.179832661,2.39,1.09,0,0,8.3,6.4,0,0,2.5,92.87,0,22.72,0,0,0,0,0,0,0,2.11,1.318683646,3.67,0,0
12/06/2024 10:00,32.9,0,0.46,1.08,1.269507565,20.7,1.64,0.36,0.1,0.8,2.1699098,16.78,17.67,2.76,0,0,0,0,0,1.209928088,2.39,1.09,0,0,8.3,6.4,0,0,2.5,92.87,0,22.72,0,0,0,0,0,0,0,2.11,1.382508653,3.67,0,0
12/06/2024 10:30,32.9,0,0.46,1.08,1.310721643,20.7,1.64,0.36,0.1,0.8,2.256347791,16.78,17.67,2.76,0,0,0,0,0,1.23970634,2.39,1.09,0,0,8.3,6.4,0,0,2.5,92.87,0,22.72,0,0,0,0,0,0,0,2.11,1.434565623,3.67,0,0
12/06/2024 11:00,32.9,0,0.46,1.08,1.355021177,20.7,1.64,0.36,0.1,0.8,2.322352401,16.78,17.67,2.76,0,0,0,0,0,1.253346924,2.39,1.09,0,0,8.3,6.4,0,0,2.5,92.87,0,22.72,0,0,0,0,0,0,0,2.11,1.47956693,3.67,0,0
12/06/2024 11:30,32.9,0,0.46,1.08,1.391948102,20.7,1.64,0.36,0.1,0.8,2.378111345,16.78,17.67,2.76,0,0,0,0,0,1.276947888,2.39,1.09,0,0,8.3,6.4,0,0,2.5,92.87,0,22.72,0,0,0,0,0,0,0,2.11,1.518305209,3.67,0,0
12/06/2024 12:00,32.9,0,0.46,1.08,1.413087552,20.7,1.64,0.36,0.1,0.8,2.426494569,16.78,17.67,2.76,0,0,0,0,0,1.30280777,2.39,1.09,0,0,8.3,6.4,0,0,2.5,92.87,0,22.72,0,0,0,0,0,0,0,2.11,1.54970583,3.67,0,0
12/06/2024 12:30,32.9,0,0.46,1.08,1.434727923,20.7,1.64,0.36,0.1,0.8,2.478816791,16.78,17.67,2.76,0,0,0,0,0,1.318376987,2.39,1.09,0,0,8.3,6.4,0,0,2.5,92.87,0,22.72,0,0,0,0,0,0,0,2.11,1.576793731,3.67,0,0
12/06/2024 13:00,32.9,0,0.46,1.08,1.486598525,20.7,1.64,0.36,0.1,0.8,2.526726233,16.78,17.67,2.76,0,0,0,0,0,1.309845571,2.39,1.09,0,0,8.3,6.4,0,0,2.5,92.87,0,22.72,0,0,0,0,0,0,0,2.11,1.612275961,3.67,0,0
12/06/2024 13:30,32.9,0,0.46,1.08,1.531705136,20.7,1.64,0.36,0.1,0.8,2.58298332,16.78,17.67,2.76,0,0,0,0,0,1.30950179,2.39,1.09,0,0,8.3,6.4,0,0,2.5,92.87,0,22.72,0,0,0,0,0,0,0,2.11,1.653757502,3.67,0,0
12/06/2024 14:00,32.9,0,0.46,1.08,1.567174332,20.7,1.64,0.36,0.1,0.8,2.681971497,16.78,17.67,2.76,0,0,0,0,0,1.334165716,2.39,1.09,0,0,8.3,6.4,0,0,2.5,92.87,0,22.72,0,0,0,0,0,0,0,2.11,1.711436811,3.67,0,0
12/06/2024 14:30,32.9,0,0.46,1.08,1.578324036,20.7,1.64,0.36,0.1,0.8,2.731929642,16.78,17.67,2.76,0,0,0,0,0,1.345596495,2.39,1.09,0,0,8.3,6.4,0,0,2.5,92.87,0,22.72,0,0,0,0,0,0,0,2.11,1.74966799,3.67,0,0
12/06/2024 15:00,32.9,0,0.46,1.08,1.620742452,20.7,1.64,0.36,0.1,0.8,2.800632618,16.78,17.67,2.76,0,0,0,0,0,1.34947277,2.39,1.09,0,0,8.3,6.4,0,0,2.5,92.87,0,22.72,0,0,0,0,0,0,0,2.11,1.774241481,3.67,0,0
12/06/2024 15:30,32.9,0,0.46,1.08,1.667599378,20.7,1.64,0.36,0.1,0.8,2.893924542,16.78,17.67,2.76,0,0,0,0,0,1.354841335,2.39,1.09,0,0,8.3,6.4,0,0,2.5,92.87,0,22.72,0,0,0,0,0,0,0,2.11,1.8173291,3.67,0,0
12/06/2024 16:00,32.9,0,0.46,1.08,1.66101482,20.7,1.64,0.36,0.1,0.8,2.900708984,16.78,17.67,2.76,0,0,0,0,0,1.365759669,2.39,1.09,0,0,8.3,6.4,0,0,2.5,92.87,0,22.72,0,0,0,0,0,0,0,2.11,1.817641451,3.67,0,0
12/06/2024 16:30,32.9,0,0.46,1.08,1.570776839,20.7,1.64,0.36,0.1,0.8,2.751160096,16.78,17.67,2.76,0,0,0,0,0,1.320014847,2.39,1.09,0,0,8.3,6.4,0,0,2.5,92.87,0,22.72,0,0,0,0,0,0,0,2.11,1.76534304,3.67,0,0
12/06/2024 17:00,32.9,0,0.46,1.08,1.524796235,20.7,1.64,0.36,0.1,0.8,2.631746001,16.78,17.67,2.76,0,0,0,0,0,1.188148852,2.39,1.09,0,0,8.3,6.4,0,0,2.5,92.87,0,22.72,0,0,0,0,0,0,0,2.11,1.725863414,3.67,0,0
12/06/2024 17:30,32.9,0,0.46,1.08,1.576156267,20.7,1.64,0.36,0.1,0.8,2.676156469,16.78,17.67,2.76,0,0,0,0,0,1.130702975,2.39,1.09,0,0,8.3,6.4,0,0,2.5,92.87,0,22.72,0,0,0,0,0,0,0,2.11,1.763573214,3.67,0,0
12/06/2024 18:00,32.9,0,0.46,1.08,1.693896942,20.7,1.64,0.36,0.1,0.8,2.924712961,16.78,17.67,2.76,0,0,0,0,0,1.24065612,2.39,1.09,0,0,8.3,6.4,0,0,2.5,92.87,0,22.72,0,0,0,0,0,0,0,2.11,1.864761653,3.67,0,0
12/06/2024 18:30,32.9,0,0.46,1.08,1.724172442,20.7,1.64,0.36,0.1,0.8,3.117546106,16.78,17.67,2.76,0,0,0,0,0,1.325107783,2.39,1.09,0,0,8.3,6.4,0,0,2.5,92.87,0,22.72,0,0,0,0,0,0,0,2.11,1.934740998,3.67,0,0
12/06/2024 19:00,32.9,0,0.46,1.08,1.692542108,20.7,1.64,0.36,0.1,0.8,3.077451909,16.78,17.67,2.76,0,0,0,0,0,1.368530016,2.39,1.09,0,0,8.3,6.4,0,0,2.5,92.87,0,22.72,0,0,0,0,0,0,0,2.11,1.963717743,3.67,0,0
12/06/2024 19:30,32.9,0,0.46,1.08,1.600609749,20.7,1.64,0.36,0.1,0.8,2.863996652,16.78,17.67,2.76,0,0,0,0,0,1.379719571,2.39,1.09,0,0,8.3,6.4,0,0,2.5,92.87,0,22.72,0,0,0,0,0,0,0,2.11,1.88646233,3.67,0,0
12/06/2024 20:00,32.9,0,0.46,1.08,1.469663197,20.7,1.64,0.36,0.1,0.8,2.570764898,16.78,17.67,2.76,0,0,0,0,0,1.373469412,2.39,1.09,0,0,8.3,6.4,0,0,2.5,92.87,0,22.72,0,0,0,0,0,0,0,2.11,1.730226701,3.67,0,0
12/06/2024 20:30,32.9,0,0.46,1.08,1.331515055,20.7,1.64,0.36,0.1,0.8,2.27546102,16.78,17.67,2.76,0,0,0,0,0,1.354657258,2.39,1.09,0,0,8.3,6.4,0,0,2.5,92.87,0,22.72,0,0,0,0,0,0,0,2.11,1.56372011,3.67,0,0
12/06/2024 21:00,32.9,0,0.46,1.08,1.236044062,20.7,1.64,0.36,0.1,0.8,2.055315177,16.78,17.67,2.76,0,0,0,0,0,1.344936241,2.39,1.09,0,0,8.3,6.4,0,0,2.5,92.87,0,22.72,0,0,0,0,0,0,0,2.11,1.423410198,3.67,0,0
12/06/2024 21:30,32.9,0,0.46,1.08,1.167461617,20.7,1.64,0.36,0.1,0.8,1.93579667,16.78,17.67,2.76,0,0,0,0,0,1.332122973,2.39,1.09,0,0,8.3,6.4,0,0,2.5,92.87,0,22.72,0,0,0,0,0,0,0,2.11,1.34248643,3.67,0,0
12/06/2024 22:00,32.9,0,0.46,1.08,1.143679963,20.7,1.64,0.36,0.1,0.8,1.896035047,16.78,17.67,2.76,0,0,0,0,0,1.335959795,2.39,1.09,0,0,8.3,6.4,0,0,2.5,92.87,0,22.72,0,0,0,0,0,0,0,2.11,1.272935291,3.67,0,0
12/06/2024 22:30,32.9,0,0.46,1.08,1.105013828,20.7,1.64,0.36,0.1,0.8,1.843886207,16.78,17.67,2.76,0,0,0,0,0,1.339338498,2.39,1.09,0,0,8.3,6.4,0,0,2.5,92.87,0,22.72,0,0,0,0,0,0,0,2.11,1.210725802,3.67,0,0
12/06/2024 23:00,32.9,0,0.46,1.08,1.083474752,20.7,1.64,0.36,0.1,0.8,1.797356623,16.78,17.67,2.76,0,0,0,0,0,1.334617241,2.39,1.09,0,0,8.3,6.4,0,0,2.5,92.87,0,22.72,0,0,0,0,0,0,0,2.11,1.161511911,3.67,0,0
12/06/2024 23:30,32.9,0,0.46,1.08,1.064296556,20.7,1.64,0.36,0.1,0.8,1.750736615,16.78,17.67,2.76,0,0,0,0,0,1.326424502,2.39,1.09,0,0,8.3,6.4,0,0,2.5,92.87,0,22.72,0,0,0,0,0,0,0,2.11,1.126513883,3.67,0,0
13/06/2024 0:00,32.9,0,0.46,1.08,1.030941091,20.7,1.64,0.36,0.1,0.8,1.703922929,16.78,17.67,2.76,0,0,0,0,0,1.315825454,2.39,1.09,0,0,8.3,6.4,0,0,2.5,92.87,0,22.72,0,0,0,0,0,0,0,2.11,1.096532885,3.67,0,0
13/06/2024 0:30,32.9,0,0.46,1.08,1.008841124,20.7,1.64,0.36,0.1,0.8,1.670494786,16.78,17.67,2.76,0,0,0,0,0,1.312257427,2.39,1.09,0,0,8.3,6.4,0,0,2.5,92.87,0,22.72,0,0,0,0,0,0,0,2.11,1.072174353,3.67,0,0
13/06/2024 1:00,32.9,0,0.46,1.08,1.012509675,20.7,1.64,0.36,0.1,0.8,1.646147512,16.78,17.67,2.76,0,0,0,0,0,1.305932263,2.39,1.09,0,0,8.3,6.4,0,0,2.5,92.87,0,22.72,0,0,0,0,0,0,0,2.11,1.058180293,3.67,0,0
13/06/2024 1:30,32.9,0,0.46,1.08,1.002425452,20.7,1.64,0.36,0.1,0.8,1.625320554,16.78,17.67,2.76,0,0,0,0,0,1.303622081,2.39,1.09,0,0,8.3,6.4,0,0,2.5,92.87,0,22.72,0,0,0,0,0,0,0,2.11,1.044532114,3.67,0,0
13/06/2024 2:00,32.9,0,0.46,1.08,1.000567936,20.7,1.64,0.36,0.1,0.8,1.648512242,16.78,17.67,2.76,0,0,0,0,0,1.311347401,2.39,1.09,0,0,8.3,6.4,0,0,2.5,92.87,0,22.72,0,0,0,0,0,0,0,2.11,1.038730907,3.67,0,0
13/06/2024 2:30,32.9,0,0.46,1.08,0.992125494,20.7,1.64,0.36,0.1,0.8,1.651681156,16.78,17.67,2.76,0,0,0,0,0,1.317668178,2.39,1.09,0,0,8.3,6.4,0,0,2.5,92.87,0,22.72,0,0,0,0,0,0,0,2.11,1.040445686,3.67,0,0
13/06/2024 3:00,32.9,0,0.46,1.08,1.033012731,20.7,1.64,0.36,0.1,0.8,1.695111017,16.78,17.67,2.76,0,0,0,0,0,1.322980104,2.39,1.09,0,0,8.3,6.4,0,0,2.5,92.87,0,22.72,0,0,0,0,0,0,0,2.11,1.050035148,3.67,0,0
13/06/2024 3:30,32.9,0,0.46,1.08,1.121952548,20.7,1.64,0.36,0.1,0.8,1.855824627,16.78,17.67,2.76,0,0,0,0,0,1.30961933,2.39,1.09,0,0,8.3,6.4,0,0,2.5,92.87,0,22.72,0,0,0,0,0,0,0,2.11,1.11795521,3.67,0,0
13/06/2024 4:00,32.9,0,0.46,1.08,1.279536517,20.7,1.64,0.36,0.1,0.8,2.093865573,16.78,17.67,2.76,0,0,0,0,0,1.297721055,2.39,1.09,0,0,8.3,6.4,0,0,2.5,92.87,0,22.72,0,0,0,0,0,0,0,2.11,1.233039578,3.67,0,0
13/06/2024 4:30,32.9,0,0.46,1.08,1.291693789,20.7,1.64,0.36,0.1,0.8,2.135861275,16.78,17.67,2.76,0,0,0,0,0,1.265725214,2.39,1.09,0,0,8.3,6.4,0,0,2.5,92.87,0,22.72,0,0,0,0,0,0,0,2.11,1.281046246,3.67,0,0
13/06/2024 5:00,32.9,0,0.46,1.08,1.134108855,20.7,1.64,0.36,0.1,0.8,1.961837823,16.78,17.67,2.76,0,0,0,0,0,1.210363103,2.39,1.09,0,0,8.3,6.4,0,0,2.5,92.87,0,22.72,0,0,0,0,0,0,0,2.11,1.249421978,3.67,0,0
13/06/2024 5:30,32.9,0,0.46,1.08,1.090446973,20.7,1.64,0.36,0.1,0.8,1.843058552,16.78,17.67,2.76,0,0,0,0,0,1.153228544,2.39,1.09,0,0,8.3,6.4,0,0,2.5,92.87,0,22.72,0,0,0,0,0,0,0,2.11,1.228391978,3.67,0,0
13/06/2024 6:00,32.9,0,0.46,1.08,1.463466297,25.26,1.92,0.36,0.1,0.8,1.946340533,16.78,17.67,2.53,0,0,0,0,0,1.113176873,2.39,1.09,0,0,8.3,6.4,0,0,2.5,92.87,0,22.72,0,0,0,0,0,0,0,2.11,1.260574044,3.67,0,0
13/06/2024 6:30,32.9,0,0.46,1.08,1.467932169,25.26,1.92,0.36,0.1,0.8,2.075358249,16.78,17.67,2.53,0,0,0,0,0,1.055383951,2.39,1.09,0,0,8.3,6.4,0,0,2.5,92.87,0,22.72,0,0,0,0,0,0,0,2.11,1.283017591,3.67,0,0
13/06/2024 7:00,32.9,0,0.46,1.08,1.459002071,25.26,1.92,0.36,0.1,0.8,2.084812197,16.78,17.67,2.53,0,0,0,0,0,1.059745146,2.39,1.09,0,0,8.3,6.4,0,0,2.5,92.87,0,22.72,0,0,0,0,0,0,0,2.11,1.303270224,3.67,0,0
13/06/2024 7:30,32.9,0,0.46,1.08,1.451880982,25.26,1.92,0.36,0.1,0.8,2.045468361,16.78,17.67,2.53,0,0,0,0,0,1.075851545,2.39,1.09,0,0,8.3,6.4,0,0,2.5,92.87,0,22.72,0,0,0,0,0,0,0,2.11,1.302928811,3.67,0,0
13/06/2024 8:00,32.9,0,0.46,1.08,1.163276357,25.26,1.92,0.36,0.1,0.8,1.977657592,16.78,17.67,2.53,0,0,0,0,0,1.096831807,2.39,1.09,0,0,8.3,6.4,0,0,2.5,92.87,0,22.72,0,0,0,0,0,0,0,2.11,1.292582946,3.67,0,0
13/06/2024 8:30,32.9,0,0.46,1.08,1.159525886,25.26,1.92,0.36,0.1,0.8,1.937572379,16.78,17.67,2.53,0,0,0,0,0,1.133963232,2.39,1.09,0,0,8.3,6.4,0,0,2.5,92.87,0,22.72,0,0,0,0,0,0,0,2.11,1.279810436,3.67,0,0
13/06/2024 9:00,32.9,0,0.46,1.08,1.182348598,25.26,1.92,0.36,0.1,0.8,1.925680322,16.78,17.67,2.53,0,0,0,0,0,1.154221202,2.39,1.09,0,0,8.3,6.4,0,0,2.5,92.87,0,22.72,0,0,0,0,0,0,0,2.11,1.274856935,3.67,0,0
13/06/2024 9:30,32.9,0,0.46,1.08,1.222133202,25.26,1.92,0.36,0.1,0.8,2.027288014,16.78,17.67,2.53,0,0,0,0,0,1.179832661,2.39,1.09,0,0,8.3,6.4,0,0,2.5,92.87,0,22.72,0,0,0,0,0,0,0,2.11,1.318683646,3.67,0,0
13/06/2024 10:00,32.9,0,0.46,1.08,1.269507565,25.26,1.92,0.36,0.1,0.8,2.160179263,16.78,17.67,2.53,0,0,0,0,0,1.209928088,2.39,1.09,0,0,8.3,6.4,0,0,2.5,92.87,0,22.72,0,0,0,0,0,0,0,2.11,1.382508653,3.67,0,0
13/06/2024 10:30,32.9,0,0.46,1.08,1.310721643,25.26,1.92,0.36,0.1,0.8,2.24622964,16.78,17.67,2.53,0,0,0,0,0,1.23970634,2.39,1.09,0,0,8.3,6.4,0,0,2.5,92.87,0,22.72,0,0,0,0,0,0,0,2.11,1.434565623,3.67,0,0
13/06/2024 11:00,32.9,0,0.46,1.08,1.355021177,25.26,1.92,0.36,0.1,0.8,2.311938265,16.78,17.67,2.53,0,0,0,0,0,1.253346924,2.39,1.09,0,0,8.3,6.4,0,0,2.5,92.87,0,22.72,0,0,0,0,0,0,0,2.11,1.47956693,3.67,0,0
13/06/2024 11:30,32.9,0,0.46,1.08,1.391948102,25.26,1.92,0.36,0.1,0.8,2.367447169,16.78,17.67,2.53,0,0,0,0,0,1.276947888,2.39,1.09,0,0,8.3,6.4,0,0,2.5,92.87,0,22.72,0,0,0,0,0,0,0,2.11,1.518305209,3.67,0,0
13/06/2024 12:00,32.9,0,0.46,1.08,1.413087552,25.26,1.92,0.36,0.1,0.8,2.415613427,16.78,17.67,2.53,0,0,0,0,0,1.30280777,2.39,1.09,0,0,8.3,6.4,0,0,2.5,92.87,0,22.72,0,0,0,0,0,0,0,2.11,1.54970583,3.67,0,0
13/06/2024 12:30,32.9,0,0.46,1.08,1.434727923,25.26,1.92,0.36,0.1,0.8,2.467701021,16.78,17.67,2.53,0,0,0,0,0,1.318376987,2.39,1.09,0,0,8.3,6.4,0,0,2.5,92.87,0,22.72,0,0,0,0,0,0,0,2.11,1.576793731,3.67,0,0
13/06/2024 13:00,32.9,0,0.46,1.08,1.486598525,25.26,1.92,0.36,0.1,0.8,2.515395622,16.78,17.67,2.53,0,0,0,0,0,1.309845571,2.39,1.09,0,0,8.3,6.4,0,0,2.5,92.87,0,22.72,0,0,0,0,0,0,0,2.11,1.612275961,3.67,0,0
13/06/2024 13:30,32.9,0,0.46,1.08,1.531705136,25.26,1.92,0.36,0.1,0.8,2.571400435,16.78,17.67,2.53,0,0,0,0,0,1.30950179,2.39,1.09,0,0,8.3,6.4,0,0,2.5,92.87,0,22.72,0,0,0,0,0,0,0,2.11,1.653757502,3.67,0,0
13/06/2024 14:00,32.9,0,0.46,1.08,1.567174332,25.26,1.92,0.36,0.1,0.8,2.669944719,16.78,17.67,2.53,0,0,0,0,0,1.334165716,2.39,1.09,0,0,8.3,6.4,0,0,2.5,92.87,0,22.72,0,0,0,0,0,0,0,2.11,1.711436811,3.67,0,0
13/06/2024 14:30,32.9,0,0.46,1.08,1.578324036,25.26,1.92,0.36,0.1,0.8,2.719678836,16.78,17.67,2.53,0,0,0,0,0,1.345596495,2.39,1.09,0,0,8.3,6.4,0,0,2.5,92.87,0,22.72,0,0,0,0,0,0,0,2.11,1.74966799,3.67,0,0
13/06/2024 15:00,32.9,0,0.46,1.08,1.620742452,25.26,1.92,0.36,0.1,0.8,2.788073728,16.78,17.67,2.53,0,0,0,0,0,1.34947277,2.39,1.09,0,0,8.3,6.4,0,0,2.5,92.87,0,22.72,0,0,0,0,0,0,0,2.11,1.774241481,3.67,0,0
13/06/2024 15:30,32.9,0,0.46,1.08,1.667599378,25.26,1.92,0.36,0.1,0.8,2.880947302,16.78,17.67,2.53,0,0,0,0,0,1.354841335,2.39,1.09,0,0,8.3,6.4,0,0,2.5,92.87,0,22.72,0,0,0,0,0,0,0,2.11,1.8173291,3.67,0,0
13/06/2024 16:00,32.9,0,0.46,1.08,1.66101482,25.26,1.92,0.36,0.1,0.8,2.88770132,16.78,17.67,2.53,0,0,0,0,0,1.365759669,2.39,1.09,0,0,8.3,6.4,0,0,2.5,92.87,0,22.72,0,0,0,0,0,0,0,2.11,1.817641451,3.67,0,0
13/06/2024 16:30,32.9,0,0.46,1.08,1.570776839,25.26,1.92,0.36,0.1,0.8,2.738823055,16.78,17.67,2.53,0,0,0,0,0,1.320014847,2.39,1.09,0,0,8.3,6.4,0,0,2.5,92.87,0,22.72,0,0,0,0,0,0,0,2.11,1.76534304,3.67,0,0
13/06/2024 17:00,32.9,0,0.46,1.08,1.524796235,25.26,1.92,0.36,0.1,0.8,2.619944449,16.78,17.67,2.53,0,0,0,0,0,1.188148852,2.39,1.09,0,0,8.3,6.4,0,0,2.5,92.87,0,22.72,0,0,0,0,0,0,0,2.11,1.725863414,3.67,0,0
13/06/2024 17:30,32.9,0,0.46,1.08,1.576156267,25.26,1.92,0.36,0.1,0.8,2.664155768,16.78,17.67,2.53,0,0,0,0,0,1.130702975,2.39,1.09,0,0,8.3,6.4,0,0,2.5,92.87,0,22.72,0,0,0,0,0,0,0,2.11,1.763573214,3.67,0,0
13/06/2024 18:00,32.9,0,0.46,1.08,1.693896942,25.26,1.92,0.36,0.1,0.8,2.911597656,16.78,17.67,2.53,0,0,0,0,0,1.24065612,2.39,1.09,0,0,8.3,6.4,0,0,2.5,92.87,0,22.72,0,0,0,0,0,0,0,2.11,1.864761653,3.67,0,0
13/06/2024 18:30,32.9,0,0.46,1.08,1.724172442,25.26,1.92,0.36,0.1,0.8,3.103566078,16.78,17.67,2.53,0,0,0,0,0,1.325107783,2.39,1.09,0,0,8.3,6.4,0,0,2.5,92.87,0,22.72,0,0,0,0,0,0,0,2.11,1.934740998,3.67,0,0
13/06/2024 19:00,32.9,0,0.46,1.08,1.692542108,25.26,1.92,0.36,0.1,0.8,3.063651676,16.78,17.67,2.53,0,0,0,0,0,1.368530016,2.39,1.09,0,0,8.3,6.4,0,0,2.5,92.87,0,22.72,0,0,0,0,0,0,0,2.11,1.963717743,3.67,0,0
13/06/2024 19:30,32.9,0,0.46,1.08,1.600609749,25.26,1.92,0.36,0.1,0.8,2.851153618,16.78,17.67,2.53,0,0,0,0,0,1.379719571,2.39,1.09,0,0,8.3,6.4,0,0,2.5,92.87,0,22.72,0,0,0,0,0,0,0,2.11,1.88646233,3.67,0,0
13/06/2024 20:00,32.9,0,0.46,1.08,1.469663197,25.26,1.92,0.36,0.1,0.8,2.559236804,16.78,17.67,2.53,0,0,0,0,0,1.373469412,2.39,1.09,0,0,8.3,6.4,0,0,2.5,92.87,0,22.72,0,0,0,0,0,0,0,2.11,1.730226701,3.67,0,0
13/06/2024 20:30,32.9,0,0.46,1.08,1.331515055,25.26,1.92,0.36,0.1,0.8,2.265257159,16.78,17.67,2.53,0,0,0,0,0,1.354657258,2.39,1.09,0,0,8.3,6.4,0,0,2.5,92.87,0,22.72,0,0,0,0,0,0,0,2.11,1.56372011,3.67,0,0
13/06/2024 21:00,32.9,0,0.46,1.08,1.236044062,25.26,1.92,0.36,0.1,0.8,2.046098517,16.78,17.67,2.53,0,0,0,0,0,1.344936241,2.39,1.09,0,0,8.3,6.4,0,0,2.5,92.87,0,22.72,0,0,0,0,0,0,0,2.11,1.423410198,3.67,0,0
13/06/2024 21:30,32.9,0,0.46,1.08,1.167461617,25.26,1.92,0.36,0.1,0.8,1.927115967,16.78,17.67,2.53,0,0,0,0,0,1.332122973,2.39,1.09,0,0,8.3,6.4,0,0,2.5,92.87,0,22.72,0,0,0,0,0,0,0,2.11,1.34248643,3.67,0,0
13/06/2024 22:00,32.9,0,0.46,1.08,1.143679963,25.26,1.92,0.36,0.1,0.8,1.887532647,16.78,17.67,2.53,0,0,0,0,0,1.335959795,2.39,1.09,0,0,8.3,6.4,0,0,2.5,92.87,0,22.72,0,0,0,0,0,0,0,2.11,1.272935291,3.67,0,0
13/06/2024 22:30,32.9,0,0.46,1.08,1.105013828,25.26,1.92,0.36,0.1,0.8,1.835617659,16.78,17.67,2.53,0,0,0,0,0,1.339338498,2.39,1.09,0,0,8.3,6.4,0,0,2.5,92.87,0,22.72,0,0,0,0,0,0,0,2.11,1.210725802,3.67,0,0
13/06/2024 23:00,32.9,0,0.46,1.08,1.083474752,25.26,1.92,0.36,0.1,0.8,1.789296728,16.78,17.67,2.53,0,0,0,0,0,1.334617241,2.39,1.09,0,0,8.3,6.4,0,0,2.5,92.87,0,22.72,0,0,0,0,0,0,0,2.11,1.161511911,3.67,0,0
13/06/2024 23:30,32.9,0,0.46,1.08,1.064296556,25.26,1.92,0.36,0.1,0.8,1.742885778,16.78,17.67,2.53,0,0,0,0,0,1.326424502,2.39,1.09,0,0,8.3,6.4,0,0,2.5,92.87,0,22.72,0,0,0,0,0,0,0,2.11,1.126513883,3.67,0,0
14/06/2024 0:00,32.9,0,0.46,1.08,1.023189654,25.26,1.92,0.36,0.1,0.8,1.703922929,16.78,17.67,2.53,0,0,0,0,0,1.315825454,2.39,1.09,0,0,8.3,6.4,0,0,2.5,92.87,0,22.72,0,0,0,0,0,0,0,2.11,1.088864823,3.67,0,0
14/06/2024 0:30,32.9,0,0.46,1.08,1.001255853,25.26,1.92,0.36,0.1,0.8,1.670494786,16.78,17.67,2.53,0,0,0,0,0,1.312257427,2.39,1.09,0,0,8.3,6.4,0,0,2.5,92.87,0,22.72,0,0,0,0,0,0,0,2.11,1.06467663,3.67,0,0
14/06/2024 1:00,32.9,0,0.46,1.08,1.004896821,25.26,1.92,0.36,0.1,0.8,1.646147512,16.78,17.67,2.53,0,0,0,0,0,1.305932263,2.39,1.09,0,0,8.3,6.4,0,0,2.5,92.87,0,22.72,0,0,0,0,0,0,0,2.11,1.050780431,3.67,0,0
14/06/2024 1:30,32.9,0,0.46,1.08,0.994888418,25.26,1.92,0.36,0.1,0.8,1.625320554,16.78,17.67,2.53,0,0,0,0,0,1.303622081,2.39,1.09,0,0,8.3,6.4,0,0,2.5,92.87,0,22.72,0,0,0,0,0,0,0,2.11,1.037227693,3.67,0,0
14/06/2024 2:00,32.9,0,0.46,1.08,0.993044869,25.26,1.92,0.36,0.1,0.8,1.648512242,16.78,17.67,2.53,0,0,0,0,0,1.311347401,2.39,1.09,0,0,8.3,6.4,0,0,2.5,92.87,0,22.72,0,0,0,0,0,0,0,2.11,1.031467054,3.67,0,0
14/06/2024 2:30,32.9,0,0.46,1.08,0.984665904,25.26,1.92,0.36,0.1,0.8,1.651681156,16.78,17.67,2.53,0,0,0,0,0,1.317668178,2.39,1.09,0,0,8.3,6.4,0,0,2.5,92.87,0,22.72,0,0,0,0,0,0,0,2.11,1.033169842,3.67,0,0
14/06/2024 3:00,32.9,0,0.46,1.08,1.025245718,25.26,1.92,0.36,0.1,0.8,1.695111017,16.78,17.67,2.53,0,0,0,0,0,1.322980104,2.39,1.09,0,0,8.3,6.4,0,0,2.5,92.87,0,22.72,0,0,0,0,0,0,0,2.11,1.042692245,3.67,0,0
14/06/2024 3:30,32.9,0,0.46,1.08,1.113516815,25.26,1.92,0.36,0.1,0.8,1.855824627,16.78,17.67,2.53,0,0,0,0,0,1.30961933,2.39,1.09,0,0,8.3,6.4,0,0,2.5,92.87,0,22.72,0,0,0,0,0,0,0,2.11,1.110137341,3.67,0,0
14/06/2024 4:00,32.9,0,0.46,1.08,1.269915941,25.26,1.92,0.36,0.1,0.8,2.093865573,16.78,17.67,2.53,0,0,0,0,0,1.297721055,2.39,1.09,0,0,8.3,6.4,0,0,2.5,92.87,0,22.72,0,0,0,0,0,0,0,2.11,1.224416924,3.67,0,0
14/06/2024 4:30,32.9,0,0.46,1.08,1.281981806,25.26,1.92,0.36,0.1,0.8,2.135861275,16.78,17.67,2.53,0,0,0,0,0,1.265725214,2.39,1.09,0,0,8.3,6.4,0,0,2.5,92.87,0,22.72,0,0,0,0,0,0,0,2.11,1.272087881,3.67,0,0
14/06/2024 5:00,32.9,0,0.46,1.08,1.125581721,25.26,1.92,0.36,0.1,0.8,1.961837823,16.78,17.67,2.53,0,0,0,0,0,1.210363103,2.39,1.09,0,0,8.3,6.4,0,0,2.5,92.87,0,22.72,0,0,0,0,0,0,0,2.11,1.240684761,3.67,0,0
14/06/2024 5:30,32.9,0,0.46,1.08,1.082248123,25.26,1.92,0.36,0.1,0.8,1.843058552,16.78,17.67,2.53,0,0,0,0,0,1.153228544,2.39,1.09,0,0,8.3,6.4,0,0,2.5,92.87,0,22.72,0,0,0,0,0,0,0,2.11,1.219801824,3.67,0,0
14/06/2024 6:00,32.9,0,0.46,1.08,1.452462791,20.32,1.92,0.36,0.1,0.8,1.946340533,16.78,17.67,2.53,0,0,0,0,0,1.113176873,2.39,1.09,0,0,8.3,6.4,0,0,2.5,92.87,0,22.72,0,0,0,0,0,0,0,2.11,1.251758841,3.67,0,0
14/06/2024 6:30,32.9,0,0.46,1.08,1.456895085,20.32,1.92,0.36,0.1,0.8,2.075358249,16.78,17.67,2.53,0,0,0,0,0,1.055383951,2.39,1.09,0,0,8.3,6.4,0,0,2.5,92.87,0,22.72,0,0,0,0,0,0,0,2.11,1.27404544,3.67,0,0
14/06/2024 7:00,32.9,0,0.46,1.08,1.44803213,20.32,1.92,0.36,0.1,0.8,2.084812197,16.78,17.67,2.53,0,0,0,0,0,1.059745146,2.39,1.09,0,0,8.3,6.4,0,0,2.5,92.87,0,22.72,0,0,0,0,0,0,0,2.11,1.294156446,3.67,0,0
14/06/2024 7:30,32.9,0,0.46,1.08,1.440964584,20.32,1.92,0.36,0.1,0.8,2.045468361,16.78,17.67,2.53,0,0,0,0,0,1.075851545,2.39,1.09,0,0,8.3,6.4,0,0,2.5,92.87,0,22.72,0,0,0,0,0,0,0,2.11,1.29381742,3.67,0,0
14/06/2024 8:00,32.9,0,0.46,1.08,1.154529918,20.32,1.92,0.36,0.1,0.8,1.977657592,16.78,17.67,2.53,0,0,0,0,0,1.096831807,2.39,1.09,0,0,8.3,6.4,0,0,2.5,92.87,0,22.72,0,0,0,0,0,0,0,2.11,1.283543904,3.67,0,0
14/06/2024 8:30,32.9,0,0.46,1.08,1.150807647,20.32,1.92,0.36,0.1,0.8,1.937572379,16.78,17.67,2.53,0,0,0,0,0,1.133963232,2.39,1.09,0,0,8.3,6.4,0,0,2.5,92.87,0,22.72,0,0,0,0,0,0,0,2.11,1.270860712,3.67,0,0
14/06/2024 9:00,32.9,0,0.46,1.08,1.173458759,20.32,1.92,0.36,0.1,0.8,1.925680322,16.78,17.67,2.53,0,0,0,0,0,1.154221202,2.39,1.09,0,0,8.3,6.4,0,0,2.5,92.87,0,22.72,0,0,0,0,0,0,0,2.11,1.265941851,3.67,0,0
14/06/2024 9:30,32.9,0,0.46,1.08,1.21294423,20.32,1.92,0.36,0.1,0.8,2.027288014,16.78,17.67,2.53,0,0,0,0,0,1.179832661,2.39,1.09,0,0,8.3,6.4,0,0,2.5,92.87,0,22.72,0,0,0,0,0,0,0,2.11,1.309462082,3.67,0,0
14/06/2024 10:00,32.9,0,0.46,1.08,1.259962396,20.32,1.92,0.36,0.1,0.8,2.160179263,16.78,17.67,2.53,0,0,0,0,0,1.209928088,2.39,1.09,0,0,8.3,6.4,0,0,2.5,92.87,0,22.72,0,0,0,0,0,0,0,2.11,1.37284076,3.67,0,0
14/06/2024 10:30,32.9,0,0.46,1.08,1.300866593,20.32,1.92,0.36,0.1,0.8,2.24622964,16.78,17.67,2.53,0,0,0,0,0,1.23970634,2.39,1.09,0,0,8.3,6.4,0,0,2.5,92.87,0,22.72,0,0,0,0,0,0,0,2.11,1.424533696,3.67,0,0
14/06/2024 11:00,32.9,0,0.46,1.08,1.344833048,20.32,1.92,0.36,0.1,0.8,2.311938265,16.78,17.67,2.53,0,0,0,0,0,1.253346924,2.39,1.09,0,0,8.3,6.4,0,0,2.5,92.87,0,22.72,0,0,0,0,0,0,0,2.11,1.469220308,3.67,0,0
14/06/2024 11:30,32.9,0,0.46,1.08,1.381482327,20.32,1.92,0.36,0.1,0.8,2.367447169,16.78,17.67,2.53,0,0,0,0,0,1.276947888,2.39,1.09,0,0,8.3,6.4,0,0,2.5,92.87,0,22.72,0,0,0,0,0,0,0,2.11,1.50768769,3.67,0,0
14/06/2024 12:00,32.9,0,0.46,1.08,1.402462834,20.32,1.92,0.36,0.1,0.8,2.415613427,16.78,17.67,2.53,0,0,0,0,0,1.30280777,2.39,1.09,0,0,8.3,6.4,0,0,2.5,92.87,0,22.72,0,0,0,0,0,0,0,2.11,1.538868726,3.67,0,0
14/06/2024 12:30,32.9,0,0.46,1.08,1.423940495,20.32,1.92,0.36,0.1,0.8,2.467701021,16.78,17.67,2.53,0,0,0,0,0,1.318376987,2.39,1.09,0,0,8.3,6.4,0,0,2.5,92.87,0,22.72,0,0,0,0,0,0,0,2.11,1.565767202,3.67,0,0
14/06/2024 13:00,32.9,0,0.46,1.08,1.475421093,20.32,1.92,0.36,0.1,0.8,2.515395622,16.78,17.67,2.53,0,0,0,0,0,1.309845571,2.39,1.09,0,0,8.3,6.4,0,0,2.5,92.87,0,22.72,0,0,0,0,0,0,0,2.11,1.601001304,3.67,0,0
14/06/2024 13:30,32.9,0,0.46,1.08,1.520188556,20.32,1.92,0.36,0.1,0.8,2.571400435,16.78,17.67,2.53,0,0,0,0,0,1.30950179,2.39,1.09,0,0,8.3,6.4,0,0,2.5,92.87,0,22.72,0,0,0,0,0,0,0,2.11,1.642192764,3.67,0,0
14/06/2024 14:00,32.9,0,0.46,1.08,1.555391066,20.32,1.92,0.36,0.1,0.8,2.669944719,16.78,17.67,2.53,0,0,0,0,0,1.334165716,2.39,1.09,0,0,8.3,6.4,0,0,2.5,92.87,0,22.72,0,0,0,0,0,0,0,2.11,1.699468722,3.67,0,0
14/06/2024 14:30,32.9,0,0.46,1.08,1.566456938,20.32,1.92,0.36,0.1,0.8,2.719678836,16.78,17.67,2.53,0,0,0,0,0,1.345596495,2.39,1.09,0,0,8.3,6.4,0,0,2.5,92.87,0,22.72,0,0,0,0,0,0,0,2.11,1.737432549,3.67,0,0
14/06/2024 15:00,32.9,0,0.46,1.08,1.608556419,20.32,1.92,0.36,0.1,0.8,2.788073728,16.78,17.67,2.53,0,0,0,0,0,1.34947277,2.39,1.09,0,0,8.3,6.4,0,0,2.5,92.87,0,22.72,0,0,0,0,0,0,0,2.11,1.761834198,3.67,0,0
14/06/2024 15:30,32.9,0,0.46,1.08,1.655061036,20.32,1.92,0.36,0.1,0.8,2.880947302,16.78,17.67,2.53,0,0,0,0,0,1.354841335,2.39,1.09,0,0,8.3,6.4,0,0,2.5,92.87,0,22.72,0,0,0,0,0,0,0,2.11,1.804620505,3.67,0,0
14/06/2024 16:00,32.9,0,0.46,1.08,1.648525987,20.32,1.92,0.36,0.1,0.8,2.88770132,16.78,17.67,2.53,0,0,0,0,0,1.365759669,2.39,1.09,0,0,8.3,6.4,0,0,2.5,92.87,0,22.72,0,0,0,0,0,0,0,2.11,1.804930672,3.67,0,0
14/06/2024 16:30,32.9,0,0.46,1.08,1.558966487,20.32,1.92,0.36,0.1,0.8,2.738823055,16.78,17.67,2.53,0,0,0,0,0,1.320014847,2.39,1.09,0,0,8.3,6.4,0,0,2.5,92.87,0,22.72,0,0,0,0,0,0,0,2.11,1.752997984,3.67,0,0
14/06/2024 17:00,32.9,0,0.46,1.08,1.513331602,20.32,1.92,0.36,0.1,0.8,2.619944449,16.78,17.67,2.53,0,0,0,0,0,1.188148852,2.39,1.09,0,0,8.3,6.4,0,0,2.5,92.87,0,22.72,0,0,0,0,0,0,0,2.11,1.713794439,3.67,0,0
14/06/2024 17:30,32.9,0,0.46,1.08,1.564305468,20.32,1.92,0.36,0.1,0.8,2.664155768,16.78,17.67,2.53,0,0,0,0,0,1.130702975,2.39,1.09,0,0,8.3,6.4,0,0,2.5,92.87,0,22.72,0,0,0,0,0,0,0,2.11,1.751240534,3.67,0,0
14/06/2024 18:00,32.9,0,0.46,1.08,1.681160875,20.32,1.92,0.36,0.1,0.8,2.911597656,16.78,17.67,2.53,0,0,0,0,0,1.24065612,2.39,1.09,0,0,8.3,6.4,0,0,2.5,92.87,0,22.72,0,0,0,0,0,0,0,2.11,1.851721361,3.67,0,0
14/06/2024 18:30,32.9,0,0.46,1.08,1.71120874,20.32,1.92,0.36,0.1,0.8,3.103566078,16.78,17.67,2.53,0,0,0,0,0,1.325107783,2.39,1.09,0,0,8.3,6.4,0,0,2.5,92.87,0,22.72,0,0,0,0,0,0,0,2.11,1.92121134,3.67,0,0
14/06/2024 19:00,32.9,0,0.46,1.08,1.679816227,20.32,1.92,0.36,0.1,0.8,3.063651676,16.78,17.67,2.53,0,0,0,0,0,1.368530016,2.39,1.09,0,0,8.3,6.4,0,0,2.5,92.87,0,22.72,0,0,0,0,0,0,0,2.11,1.949985451,3.67,0,0
14/06/2024 19:30,32.9,0,0.46,1.08,1.588575089,20.32,1.92,0.36,0.1,0.8,2.851153618,16.78,17.67,2.53,0,0,0,0,0,1.379719571,2.39,1.09,0,0,8.3,6.4,0,0,2.5,92.87,0,22.72,0,0,0,0,0,0,0,2.11,1.873270286,3.67,0,0
14/06/2024 20:00,32.9,0,0.46,1.08,1.458613097,20.32,1.92,0.36,0.1,0.8,2.559236804,16.78,17.67,2.53,0,0,0,0,0,1.373469412,2.39,1.09,0,0,8.3,6.4,0,0,2.5,92.87,0,22.72,0,0,0,0,0,0,0,2.11,1.718127213,3.67,0,0
14/06/2024 20:30,32.9,0,0.46,1.08,1.321503664,20.32,1.92,0.36,0.1,0.8,2.265257159,16.78,17.67,2.53,0,0,0,0,0,1.354657258,2.39,1.09,0,0,8.3,6.4,0,0,2.5,92.87,0,22.72,0,0,0,0,0,0,0,2.11,1.552785005,3.67,0,0
14/06/2024 21:00,32.9,0,0.46,1.08,1.226750498,20.32,1.92,0.36,0.1,0.8,2.046098517,16.78,17.67,2.53,0,0,0,0,0,1.344936241,2.39,1.09,0,0,8.3,6.4,0,0,2.5,92.87,0,22.72,0,0,0,0,0,0,0,2.11,1.413456281,3.67,0,0
14/06/2024 21:30,32.9,0,0.46,1.08,1.15868371,20.32,1.92,0.36,0.1,0.8,1.927115967,16.78,17.67,2.53,0,0,0,0,0,1.332122973,2.39,1.09,0,0,8.3,6.4,0,0,2.5,92.87,0,22.72,0,0,0,0,0,0,0,2.11,1.333098413,3.67,0,0
14/06/2024 22:00,32.9,0,0.46,1.08,1.135080865,20.32,1.92,0.36,0.1,0.8,1.887532647,16.78,17.67,2.53,0,0,0,0,0,1.335959795,2.39,1.09,0,0,8.3,6.4,0,0,2.5,92.87,0,22.72,0,0,0,0,0,0,0,2.11,1.264033646,3.67,0,0
14/06/2024 22:30,32.9,0,0.46,1.08,1.096705454,20.32,1.92,0.36,0.1,0.8,1.835617659,16.78,17.67,2.53,0,0,0,0,0,1.339338498,2.39,1.09,0,0,8.3,6.4,0,0,2.5,92.87,0,22.72,0,0,0,0,0,0,0,2.11,1.202259188,3.67,0,0
14/06/2024 23:00,32.9,0,0.46,1.08,1.075328325,20.32,1.92,0.36,0.1,0.8,1.789296728,16.78,17.67,2.53,0,0,0,0,0,1.334617241,2.39,1.09,0,0,8.3,6.4,0,0,2.5,92.87,0,22.72,0,0,0,0,0,0,0,2.11,1.15338945,3.67,0,0
14/06/2024 23:30,32.9,0,0.46,1.08,1.056294326,20.32,1.92,0.36,0.1,0.8,1.742885778,16.78,17.67,2.53,0,0,0,0,0,1.326424502,2.39,1.09,0,0,8.3,6.4,0,0,2.5,92.87,0,22.72,0,0,0,0,0,0,0,2.11,1.118636163,3.67,0,0
15/06/2024 0:00,32.9,0,0.46,1.08,1.023189654,20.32,1.92,0.36,0.1,0.8,1.703922929,16.78,17.67,2.53,0,0,0,0,0,1.315825454,2.39,1.09,0,0,8.3,6.4,0,0,2.5,92.87,0,22.72,0,0,0,0,0,0,0,2.11,1.088864823,3.67,0,0
15/06/2024 0:30,32.9,0,0.46,1.08,1.001255853,20.32,1.92,0.36,0.1,0.8,1.670494786,16.78,17.67,2.53,0,0,0,0,0,1.312257427,2.39,1.09,0,0,8.3,6.4,0,0,2.5,92.87,0,22.72,0,0,0,0,0,0,0,2.11,1.06467663,3.67,0,0
15/06/2024 1:00,32.9,0,0.46,1.08,1.004896821,20.32,1.92,0.36,0.1,0.8,1.646147512,16.78,17.67,2.53,0,0,0,0,0,1.305932263,2.39,1.09,0,0,8.3,6.4,0,0,2.5,92.87,0,22.72,0,0,0,0,0,0,0,2.11,1.050780431,3.67,0,0
15/06/2024 1:30,32.9,0,0.46,1.08,0.994888418,20.32,1.92,0.36,0.1,0.8,1.625320554,16.78,17.67,2.53,0,0,0,0,0,1.303622081,2.39,1.09,0,0,8.3,6.4,0,0,2.5,92.87,0,22.72,0,0,0,0,0,0,0,2.11,1.037227693,3.67,0,0
15/06/2024 2:00,32.9,0,0.46,1.08,0.993044869,20.32,1.92,0.36,0.1,0.8,1.648512242,16.78,17.67,2.53,0,0,0,0,0,1.311347401,2.39,1.09,0,0,8.3,6.4,0,0,2.5,92.87,0,22.72,0,0,0,0,0,0,0,2.11,1.031467054,3.67,0,0
15/06/2024 2:30,32.9,0,0.46,1.08,0.984665904,20.32,1.92,0.36,0.1,0.8,1.651681156,16.78,17.67,2.53,0,0,0,0,0,1.317668178,2.39,1.09,0,0,8.3,6.4,0,0,2.5,92.87,0,22.72,0,0,0,0,0,0,0,2.11,1.033169842,3.67,0,0
15/06/2024 3:00,32.9,0,0.46,1.08,1.025245718,20.32,1.92,0.36,0.1,0.8,1.695111017,16.78,17.67,2.53,0,0,0,0,0,1.322980104,2.39,1.09,0,0,8.3,6.4,0,0,2.5,92.87,0,22.72,0,0,0,0,0,0,0,2.11,1.042692245,3.67,0,0
15/06/2024 3:30,32.9,0,0.46,1.08,1.113516815,20.32,1.92,0.36,0.1,0.8,1.855824627,16.78,17.67,2.53,0,0,0,0,0,1.30961933,2.39,1.09,0,0,8.3,6.4,0,0,2.5,92.87,0,22.72,0,0,0,0,0,0,0,2.11,1.110137341,3.67,0,0
15/06/2024 4:00,32.9,0,0.46,1.08,1.269915941,20.32,1.92,0.36,0.1,0.8,2.093865573,16.78,17.67,2.53,0,0,0,0,0,1.297721055,2.39,1.09,0,0,8.3,6.4,0,0,2.5,92.87,0,22.72,0,0,0,0,0,0,0,2.11,1.224416924,3.67,0,0
15/06/2024 4:30,32.9,0,0.46,1.08,1.281981806,20.32,1.92,0.36,0.1,0.8,2.135861275,16.78,17.67,2.53,0,0,0,0,0,1.265725214,2.39,1.09,0,0,8.3,6.4,0,0,2.5,92.87,0,22.72,0,0,0,0,0,0,0,2.11,1.272087881,3.67,0,0
15/06/2024 5:00,32.9,0,0.46,1.08,1.125581721,20.32,1.92,0.36,0.1,0.8,1.961837823,16.78,17.67,2.53,0,0,0,0,0,1.210363103,2.39,1.09,0,0,8.3,6.4,0,0,2.5,92.87,0,22.72,0,0,0,0,0,0,0,2.11,1.240684761,3.67,0,0
15/06/2024 5:30,32.9,0,0.46,1.08,1.082248123,20.32,1.92,0.36,0.1,0.8,1.843058552,16.78,17.67,2.53,0,0,0,0,0,1.153228544,2.39,1.09,0,0,8.3,6.4,0,0,2.5,92.87,0,22.72,0,0,0,0,0,0,0,2.11,1.219801824,3.67,0,0
15/06/2024 6:00,28.46,0,0.46,1.08,1.452462791,18.17,2.2,0.36,0.1,0.8,1.946340533,16.78,17.67,2.53,0,0,0,0,0,1.113176873,0.5,0,0,0,8.3,6.4,0,0,2.5,92.87,0,22.72,0,0,0,0,0,0,0,2.11,1.251758841,3.84,0,0
15/06/2024 6:30,28.46,0,0.46,1.08,1.456895085,18.17,2.2,0.36,0.1,0.8,2.075358249,16.78,17.67,2.53,0,0,0,0,0,1.055383951,0.5,0,0,0,8.3,6.4,0,0,2.5,92.87,0,22.72,0,0,0,0,0,0,0,2.11,1.27404544,3.84,0,0
15/06/2024 7:00,28.46,0,0.46,1.08,1.44803213,18.17,2.2,0.36,0.1,0.8,2.084812197,16.78,17.67,2.53,0,0,0,0,0,1.059745146,0.5,0,0,0,8.3,6.4,0,0,2.5,92.87,0,22.72,0,0,0,0,0,0,0,2.11,1.294156446,3.84,0,0
15/06/2024 7:30,28.46,0,0.46,1.08,1.440964584,18.17,2.2,0.36,0.1,0.8,2.045468361,16.78,17.67,2.53,0,0,0,0,0,1.075851545,0.5,0,0,0,8.3,6.4,0,0,2.5,92.87,0,22.72,0,0,0,0,0,0,0,2.11,1.29381742,3.84,0,0
15/06/2024 8:00,28.46,0,0.46,1.08,1.154529918,18.17,2.2,0.36,0.1,0.8,1.977657592,16.78,17.67,2.53,0,0,0,0,0,1.096831807,0.5,0,0,0,8.3,6.4,0,0,2.5,92.87,0,22.72,0,0,0,0,0,0,0,2.11,1.283543904,3.84,0,0
15/06/2024 8:30,28.46,0,0.46,1.08,1.150807647,18.17,2.2,0.36,0.1,0.8,1.937572379,16.78,17.67,2.53,0,0,0,0,0,1.133963232,0.5,0,0,0,8.3,6.4,0,0,2.5,92.87,0,22.72,0,0,0,0,0,0,0,2.11,1.270860712,3.84,0,0
15/06/2024 9:00,28.46,0,0.46,1.08,1.173458759,18.17,2.2,0.36,0.1,0.8,1.925680322,16.78,17.67,2.53,0,0,0,0,0,1.154221202,0.5,0,0,0,8.3,6.4,0,0,2.5,92.87,0,22.72,0,0,0,0,0,0,0,2.11,1.265941851,3.84,0,0
15/06/2024 9:30,28.46,0,0.46,1.08,1.21294423,18.17,2.2,0.36,0.1,0.8,2.027288014,16.78,17.67,2.53,0,0,0,0,0,1.179832661,0.5,0,0,0,8.3,6.4,0,0,2.5,92.87,0,22.72,0,0,0,0,0,0,0,2.11,1.309462082,3.84,0,0
15/06/2024 10:00,28.46,0,0.46,1.08,1.259962396,18.17,2.2,0.36,0.1,0.8,2.160179263,16.78,17.67,2.53,0,0,0,0,0,1.209928088,0.5,0,0,0,8.3,6.4,0,0,2.5,92.87,0,22.72,0,0,0,0,0,0,0,2.11,1.37284076,3.84,0,0
15/06/2024 10:30,28.46,0,0.46,1.08,1.300866593,18.17,2.2,0.36,0.1,0.8,2.24622964,16.78,17.67,2.53,0,0,0,0,0,1.23970634,0.5,0,0,0,8.3,6.4,0,0,2.5,92.87,0,22.72,0,0,0,0,0,0,0,2.11,1.424533696,3.84,0,0
15/06/2024 11:00,28.46,0,0.46,1.08,1.344833048,18.17,2.2,0.36,0.1,0.8,2.311938265,16.78,17.67,2.53,0,0,0,0,0,1.253346924,0.5,0,0,0,8.3,6.4,0,0,2.5,92.87,0,22.72,0,0,0,0,0,0,0,2.11,1.469220308,3.84,0,0
15/06/2024 11:30,28.46,0,0.46,1.08,1.381482327,18.17,2.2,0.36,0.1,0.8,2.367447169,16.78,17.67,2.53,0,0,0,0,0,1.276947888,0.5,0,0,0,8.3,6.4,0,0,2.5,92.87,0,22.72,0,0,0,0,0,0,0,2.11,1.50768769,3.84,0,0
15/06/2024 12:00,28.46,0,0.46,1.08,1.402462834,18.17,2.2,0.36,0.1,0.8,2.415613427,16.78,17.67,2.53,0,0,0,0,0,1.30280777,0.5,0,0,0,8.3,6.4,0,0,2.5,92.87,0,22.72,0,0,0,0,0,0,0,2.11,1.538868726,3.84,0,0
15/06/2024 12:30,28.46,0,0.46,1.08,1.423940495,18.17,2.2,0.36,0.1,0.8,2.467701021,16.78,17.67,2.53,0,0,0,0,0,1.318376987,0.5,0,0,0,8.3,6.4,0,0,2.5,92.87,0,22.72,0,0,0,0,0,0,0,2.11,1.565767202,3.84,0,0
15/06/2024 13:00,28.46,0,0.46,1.08,1.475421093,18.17,2.2,0.36,0.1,0.8,2.515395622,16.78,17.67,2.53,0,0,0,0,0,1.309845571,0.5,0,0,0,8.3,6.4,0,0,2.5,92.87,0,22.72,0,0,0,0,0,0,0,2.11,1.601001304,3.84,0,0
15/06/2024 13:30,28.46,0,0.46,1.08,1.520188556,18.17,2.2,0.36,0.1,0.8,2.571400435,16.78,17.67,2.53,0,0,0,0,0,1.30950179,0.5,0,0,0,8.3,6.4,0,0,2.5,92.87,0,22.72,0,0,0,0,0,0,0,2.11,1.642192764,3.84,0,0
15/06/2024 14:00,28.46,0,0.46,1.08,1.555391066,18.17,2.2,0.36,0.1,0.8,2.669944719,16.78,17.67,2.53,0,0,0,0,0,1.334165716,0.5,0,0,0,8.3,6.4,0,0,2.5,92.87,0,22.72,0,0,0,0,0,0,0,2.11,1.699468722,3.84,0,0
15/06/2024 14:30,28.46,0,0.46,1.08,1.566456938,18.17,2.2,0.36,0.1,0.8,2.719678836,16.78,17.67,2.53,0,0,0,0,0,1.345596495,0.5,0,0,0,8.3,6.4,0,0,2.5,92.87,0,22.72,0,0,0,0,0,0,0,2.11,1.737432549,3.84,0,0
15/06/2024 15:00,28.46,0,0.46,1.08,1.608556419,18.17,2.2,0.36,0.1,0.8,2.788073728,16.78,17.67,2.53,0,0,0,0,0,1.34947277,0.5,0,0,0,8.3,6.4,0,0,2.5,92.87,0,22.72,0,0,0,0,0,0,0,2.11,1.761834198,3.84,0,0
15/06/2024 15:30,28.46,0,0.46,1.08,1.655061036,18.17,2.2,0.36,0.1,0.8,2.880947302,16.78,17.67,2.53,0,0,0,0,0,1.354841335,0.5,0,0,0,8.3,6.4,0,0,2.5,92.87,0,22.72,0,0,0,0,0,0,0,2.11,1.804620505,3.84,0,0
15/06/2024 16:00,28.46,0,0.46,1.08,1.648525987,18.17,2.2,0.36,0.1,0.8,2.88770132,16.78,17.67,2.53,0,0,0,0,0,1.365759669,0.5,0,0,0,8.3,6.4,0,0,2.5,92.87,0,22.72,0,0,0,0,0,0,0,2.11,1.804930672,3.84,0,0
15/06/2024 16:30,28.46,0,0.46,1.08,1.558966487,18.17,2.2,0.36,0.1,0.8,2.738823055,16.78,17.67,2.53,0,0,0,0,0,1.320014847,0.5,0,0,0,8.3,6.4,0,0,2.5,92.87,0,22.72,0,0,0,0,0,0,0,2.11,1.752997984,3.84,0,0
15/06/2024 17:00,28.46,0,0.46,1.08,1.513331602,18.17,2.2,0.36,0.1,0.8,2.619944449,16.78,17.67,2.53,0,0,0,0,0,1.188148852,0.5,0,0,0,8.3,6.4,0,0,2.5,92.87,0,22.72,0,0,0,0,0,0,0,2.11,1.713794439,3.84,0,0
15/06/2024 17:30,28.46,0,0.46,1.08,1.564305468,18.17,2.2,0.36,0.1,0.8,2.664155768,16.78,17.67,2.53,0,0,0,0,0,1.130702975,0.5,0,0,0,8.3,6.4,0,0,2.5,92.87,0,22.72,0,0,0,0,0,0,0,2.11,1.751240534,3.84,0,0
15/06/2024 18:00,28.46,0,0.46,1.08,1.681160875,18.17,2.2,0.36,0.1,0.8,2.911597656,16.78,17.67,2.53,0,0,0,0,0,1.24065612,0.5,0,0,0,8.3,6.4,0,0,2.5,92.87,0,22.72,0,0,0,0,0,0,0,2.11,1.851721361,3.84,0,0
15/06/2024 18:30,28.46,0,0.46,1.08,1.71120874,18.17,2.2,0.36,0.1,0.8,3.103566078,16.78,17.67,2.53,0,0,0,0,0,1.325107783,0.5,0,0,0,8.3,6.4,0,0,2.5,92.87,0,22.72,0,0,0,0,0,0,0,2.11,1.92121134,3.84,0,0
15/06/2024 19:00,28.46,0,0.46,1.08,1.679816227,18.17,2.2,0.36,0.1,0.8,3.063651676,16.78,17.67,2.53,0,0,0,0,0,1.368530016,0.5,0,0,0,8.3,6.4,0,0,2.5,92.87,0,22.72,0,0,0,0,0,0,0,2.11,1.949985451,3.84,0,0
15/06/2024 19:30,28.46,0,0.46,1.08,1.588575089,18.17,2.2,0.36,0.1,0.8,2.851153618,16.78,17.67,2.53,0,0,0,0,0,1.379719571,0.5,0,0,0,8.3,6.4,0,0,2.5,92.87,0,22.72,0,0,0,0,0,0,0,2.11,1.873270286,3.84,0,0
15/06/2024 20:00,28.46,0,0.46,1.08,1.458613097,18.17,2.2,0.36,0.1,0.8,2.559236804,16.78,17.67,2.53,0,0,0,0,0,1.373469412,0.5,0,0,0,8.3,6.4,0,0,2.5,92.87,0,22.72,0,0,0,0,0,0,0,2.11,1.718127213,3.84,0,0
15/06/2024 20:30,28.46,0,0.46,1.08,1.321503664,18.17,2.2,0.36,0.1,0.8,2.265257159,16.78,17.67,2.53,0,0,0,0,0,1.354657258,0.5,0,0,0,8.3,6.4,0,0,2.5,92.87,0,22.72,0,0,0,0,0,0,0,2.11,1.552785005,3.84,0,0
15/06/2024 21:00,28.46,0,0.46,1.08,1.226750498,18.17,2.2,0.36,0.1,0.8,2.046098517,16.78,17.67,2.53,0,0,0,0,0,1.344936241,0.5,0,0,0,8.3,6.4,0,0,2.5,92.87,0,22.72,0,0,0,0,0,0,0,2.11,1.413456281,3.84,0,0
15/06/2024 21:30,28.46,0,0.46,1.08,1.15868371,18.17,2.2,0.36,0.1,0.8,1.927115967,16.78,17.67,2.53,0,0,0,0,0,1.332122973,0.5,0,0,0,8.3,6.4,0,0,2.5,92.87,0,22.72,0,0,0,0,0,0,0,2.11,1.333098413,3.84,0,0
15/06/2024 22:00,28.46,0,0.46,1.08,1.135080865,18.17,2.2,0.36,0.1,0.8,1.887532647,16.78,17.67,2.53,0,0,0,0,0,1.335959795,0.5,0,0,0,8.3,6.4,0,0,2.5,92.87,0,22.72,0,0,0,0,0,0,0,2.11,1.264033646,3.84,0,0
15/06/2024 22:30,28.46,0,0.46,1.08,1.096705454,18.17,2.2,0.36,0.1,0.8,1.835617659,16.78,17.67,2.53,0,0,0,0,0,1.339338498,0.5,0,0,0,8.3,6.4,0,0,2.5,92.87,0,22.72,0,0,0,0,0,0,0,2.11,1.202259188,3.84,0,0
15/06/2024 23:00,28.46,0,0.46,1.08,1.075328325,18.17,2.2,0.36,0.1,0.8,1.789296728,16.78,17.67,2.53,0,0,0,0,0,1.334617241,0.5,0,0,0,8.3,6.4,0,0,2.5,92.87,0,22.72,0,0,0,0,0,0,0,2.11,1.15338945,3.84,0,0
15/06/2024 23:30,28.46,0,0.46,1.08,1.056294326,18.17,2.2,0.36,0.1,0.8,1.742885778,16.78,17.67,2.53,0,0,0,0,0,1.326424502,0.5,0,0,0,8.3,6.4,0,0,2.5,92.87,0,22.72,0,0,0,0,0,0,0,2.11,1.118636163,3.84,0,0
16/06/2024 0:00,28.46,0,0.46,1.08,1.023189654,18.17,2.2,0.36,0.1,0.8,1.703922929,16.78,17.67,2.53,0,0,0,0,0,1.315825454,0.5,0,0,0,8.3,6.4,0,0,2.5,92.87,0,22.72,0,0,0,0,0,0,0,2.11,1.088864823,3.84,0,0
16/06/2024 0:30,28.46,0,0.46,1.08,1.001255853,18.17,2.2,0.36,0.1,0.8,1.670494786,16.78,17.67,2.53,0,0,0,0,0,1.312257427,0.5,0,0,0,8.3,6.4,0,0,2.5,92.87,0,22.72,0,0,0,0,0,0,0,2.11,1.06467663,3.84,0,0
16/06/2024 1:00,28.46,0,0.46,1.08,1.004896821,18.17,2.2,0.36,0.1,0.8,1.646147512,16.78,17.67,2.53,0,0,0,0,0,1.305932263,0.5,0,0,0,8.3,6.4,0,0,2.5,92.87,0,22.72,0,0,0,0,0,0,0,2.11,1.050780431,3.84,0,0
16/06/2024 1:30,28.46,0,0.46,1.08,0.994888418,18.17,2.2,0.36,0.1,0.8,1.625320554,16.78,17.67,2.53,0,0,0,0,0,1.303622081,0.5,0,0,0,8.3,6.4,0,0,2.5,92.87,0,22.72,0,0,0,0,0,0,0,2.11,1.037227693,3.84,0,0
16/06/2024 2:00,28.46,0,0.46,1.08,0.993044869,18.17,2.2,0.36,0.1,0.8,1.648512242,16.78,17.67,2.53,0,0,0,0,0,1.311347401,0.5,0,0,0,8.3,6.4,0,0,2.5,92.87,0,22.72,0,0,0,0,0,0,0,2.11,1.031467054,3.84,0,0
16/06/2024 2:30,28.46,0,0.46,1.08,0.984665904,18.17,2.2,0.36,0.1,0.8,1.651681156,16.78,17.67,2.53,0,0,0,0,0,1.317668178,0.5,0,0,0,8.3,6.4,0,0,2.5,92.87,0,22.72,0,0,0,0,0,0,0,2.11,1.033169842,3.84,0,0
16/06/2024 3:00,28.46,0,0.46,1.08,1.025245718,18.17,2.2,0.36,0.1,0.8,1.695111017,16.78,17.67,2.53,0,0,0,0,0,1.322980104,0.5,0,0,0,8.3,6.4,0,0,2.5,92.87,0,22.72,0,0,0,0,0,0,0,2.11,1.042692245,3.84,0,0
16/06/2024 3:30,28.46,0,0.46,1.08,1.113516815,18.17,2.2,0.36,0.1,0.8,1.855824627,16.78,17.67,2.53,0,0,0,0,0,1.30961933,0.5,0,0,0,8.3,6.4,0,0,2.5,92.87,0,22.72,0,0,0,0,0,0,0,2.11,1.110137341,3.84,0,0
16/06/2024 4:00,28.46,0,0.46,1.08,1.269915941,18.17,2.2,0.36,0.1,0.8,2.093865573,16.78,17.67,2.53,0,0,0,0,0,1.297721055,0.5,0,0,0,8.3,6.4,0,0,2.5,92.87,0,22.72,0,0,0,0,0,0,0,2.11,1.224416924,3.84,0,0
16/06/2024 4:30,28.46,0,0.46,1.08,1.281981806,18.17,2.2,0.36,0.1,0.8,2.135861275,16.78,17.67,2.53,0,0,0,0,0,1.265725214,0.5,0,0,0,8.3,6.4,0,0,2.5,92.87,0,22.72,0,0,0,0,0,0,0,2.11,1.272087881,3.84,0,0
16/06/2024 5:00,28.46,0,0.46,1.08,1.125581721,18.17,2.2,0.36,0.1,0.8,1.961837823,16.78,17.67,2.53,0,0,0,0,0,1.210363103,0.5,0,0,0,8.3,6.4,0,0,2.5,92.87,0,22.72,0,0,0,0,0,0,0,2.11,1.240684761,3.84,0,0
16/06/2024 5:30,28.46,0,0.46,1.08,1.082248123,18.17,2.2,0.36,0.1,0.8,1.843058552,16.78,17.67,2.53,0,0,0,0,0,1.153228544,0.5,0,0,0,8.3,6.4,0,0,2.5,92.87,0,22.72,0,0,0,0,0,0,0,2.11,1.219801824,3.84,0,0
16/06/2024 6:00,33.34,0,0.46,1.08,1.452462791,18.17,2.2,0.36,0.1,0.8,1.946340533,16.78,17.67,2.66,0,0,0,0,0,1.113176873,0.5,0,0,0,8.3,6.4,0,0,2.5,92.87,0,22.72,0,0,0,0,0,0,0,2.11,1.251758841,3.67,0,0
16/06/2024 6:30,33.34,0,0.46,1.08,1.456895085,18.17,2.2,0.36,0.1,0.8,2.075358249,16.78,17.67,2.66,0,0,0,0,0,1.055383951,0.5,0,0,0,8.3,6.4,0,0,2.5,92.87,0,22.72,0,0,0,0,0,0,0,2.11,1.27404544,3.67,0,0
16/06/2024 7:00,33.34,0,0.46,1.08,1.44803213,18.17,2.2,0.36,0.1,0.8,2.084812197,16.78,17.67,2.66,0,0,0,0,0,1.059745146,0.5,0,0,0,8.3,6.4,0,0,2.5,92.87,0,22.72,0,0,0,0,0,0,0,2.11,1.294156446,3.67,0,0
16/06/2024 7:30,33.34,0,0.46,1.08,1.440964584,18.17,2.2,0.36,0.1,0.8,2.045468361,16.78,17.67,2.66,0,0,0,0,0,1.075851545,0.5,0,0,0,8.3,6.4,0,0,2.5,92.87,0,22.72,0,0,0,0,0,0,0,2.11,1.29381742,3.67,0,0
16/06/2024 8:00,33.34,0,0.46,1.08,1.154529918,18.17,2.2,0.36,0.1,0.8,1.977657592,16.78,17.67,2.66,0,0,0,0,0,1.096831807,0.5,0,0,0,8.3,6.4,0,0,2.5,92.87,0,22.72,0,0,0,0,0,0,0,2.11,1.283543904,3.67,0,0
16/06/2024 8:30,33.34,0,0.46,1.08,1.150807647,18.17,2.2,0.36,0.1,0.8,1.937572379,16.78,17.67,2.66,0,0,0,0,0,1.133963232,0.5,0,0,0,8.3,6.4,0,0,2.5,92.87,0,22.72,0,0,0,0,0,0,0,2.11,1.270860712,3.67,0,0
16/06/2024 9:00,33.34,0,0.46,1.08,1.173458759,18.17,2.2,0.36,0.1,0.8,1.925680322,16.78,17.67,2.66,0,0,0,0,0,1.154221202,0.5,0,0,0,8.3,6.4,0,0,2.5,92.87,0,22.72,0,0,0,0,0,0,0,2.11,1.265941851,3.67,0,0
16/06/2024 9:30,33.34,0,0.46,1.08,1.21294423,18.17,2.2,0.36,0.1,0.8,2.027288014,16.78,17.67,2.66,0,0,0,0,0,1.179832661,0.5,0,0,0,8.3,6.4,0,0,2.5,92.87,0,22.72,0,0,0,0,0,0,0,2.11,1.309462082,3.67,0,0
16/06/2024 10:00,33.34,0,0.46,1.08,1.259962396,18.17,2.2,0.36,0.1,0.8,2.160179263,16.78,17.67,2.66,0,0,0,0,0,1.209928088,0.5,0,0,0,8.3,6.4,0,0,2.5,92.87,0,22.72,0,0,0,0,0,0,0,2.11,1.37284076,3.67,0,0
16/06/2024 10:30,33.34,0,0.46,1.08,1.300866593,18.17,2.2,0.36,0.1,0.8,2.24622964,16.78,17.67,2.66,0,0,0,0,0,1.23970634,0.5,0,0,0,8.3,6.4,0,0,2.5,92.87,0,22.72,0,0,0,0,0,0,0,2.11,1.424533696,3.67,0,0
16/06/2024 11:00,33.34,0,0.46,1.08,1.344833048,18.17,2.2,0.36,0.1,0.8,2.311938265,16.78,17.67,2.66,0,0,0,0,0,1.253346924,0.5,0,0,0,8.3,6.4,0,0,2.5,92.87,0,22.72,0,0,0,0,0,0,0,2.11,1.469220308,3.67,0,0
16/06/2024 11:30,33.34,0,0.46,1.08,1.381482327,18.17,2.2,0.36,0.1,0.8,2.367447169,16.78,17.67,2.66,0,0,0,0,0,1.276947888,0.5,0,0,0,8.3,6.4,0,0,2.5,92.87,0,22.72,0,0,0,0,0,0,0,2.11,1.50768769,3.67,0,0
16/06/2024 12:00,33.34,0,0.46,1.08,1.402462834,18.17,2.2,0.36,0.1,0.8,2.415613427,16.78,17.67,2.66,0,0,0,0,0,1.30280777,0.5,0,0,0,8.3,6.4,0,0,2.5,92.87,0,22.72,0,0,0,0,0,0,0,2.11,1.538868726,3.67,0,0
16/06/2024 12:30,33.34,0,0.46,1.08,1.423940495,18.17,2.2,0.36,0.1,0.8,2.467701021,16.78,17.67,2.66,0,0,0,0,0,1.318376987,0.5,0,0,0,8.3,6.4,0,0,2.5,92.87,0,22.72,0,0,0,0,0,0,0,2.11,1.565767202,3.67,0,0
16/06/2024 13:00,33.34,0,0.46,1.08,1.475421093,18.17,2.2,0.36,0.1,0.8,2.515395622,16.78,17.67,2.66,0,0,0,0,0,1.309845571,0.5,0,0,0,8.3,6.4,0,0,2.5,92.87,0,22.72,0,0,0,0,0,0,0,2.11,1.601001304,3.67,0,0
16/06/2024 13:30,33.34,0,0.46,1.08,1.520188556,18.17,2.2,0.36,0.1,0.8,2.571400435,16.78,17.67,2.66,0,0,0,0,0,1.30950179,0.5,0,0,0,8.3,6.4,0,0,2.5,92.87,0,22.72,0,0,0,0,0,0,0,2.11,1.642192764,3.67,0,0
16/06/2024 14:00,33.34,0,0.46,1.08,1.555391066,18.17,2.2,0.36,0.1,0.8,2.669944719,16.78,17.67,2.66,0,0,0,0,0,1.334165716,0.5,0,0,0,8.3,6.4,0,0,2.5,92.87,0,22.72,0,0,0,0,0,0,0,2.11,1.699468722,3.67,0,0
16/06/2024 14:30,33.34,0,0.46,1.08,1.566456938,18.17,2.2,0.36,0.1,0.8,2.719678836,16.78,17.67,2.66,0,0,0,0,0,1.345596495,0.5,0,0,0,8.3,6.4,0,0,2.5,92.87,0,22.72,0,0,0,0,0,0,0,2.11,1.737432549,3.67,0,0
16/06/2024 15:00,33.34,0,0.46,1.08,1.608556419,18.17,2.2,0.36,0.1,0.8,2.788073728,16.78,17.67,2.66,0,0,0,0,0,1.34947277,0.5,0,0,0,8.3,6.4,0,0,2.5,92.87,0,22.72,0,0,0,0,0,0,0,2.11,1.761834198,3.67,0,0
16/06/2024 15:30,33.34,0,0.46,1.08,1.655061036,18.17,2.2,0.36,0.1,0.8,2.880947302,16.78,17.67,2.66,0,0,0,0,0,1.354841335,0.5,0,0,0,8.3,6.4,0,0,2.5,92.87,0,22.72,0,0,0,0,0,0,0,2.11,1.804620505,3.67,0,0
16/06/2024 16:00,33.34,0,0.46,1.08,1.648525987,18.17,2.2,0.36,0.1,0.8,2.88770132,16.78,17.67,2.66,0,0,0,0,0,1.365759669,0.5,0,0,0,8.3,6.4,0,0,2.5,92.87,0,22.72,0,0,0,0,0,0,0,2.11,1.804930672,3.67,0,0
16/06/2024 16:30,33.34,0,0.46,1.08,1.558966487,18.17,2.2,0.36,0.1,0.8,2.738823055,16.78,17.67,2.66,0,0,0,0,0,1.320014847,0.5,0,0,0,8.3,6.4,0,0,2.5,92.87,0,22.72,0,0,0,0,0,0,0,2.11,1.752997984,3.67,0,0
16/06/2024 17:00,33.34,0,0.46,1.08,1.513331602,18.17,2.2,0.36,0.1,0.8,2.619944449,16.78,17.67,2.66,0,0,0,0,0,1.188148852,0.5,0,0,0,8.3,6.4,0,0,2.5,92.87,0,22.72,0,0,0,0,0,0,0,2.11,1.713794439,3.67,0,0
16/06/2024 17:30,33.34,0,0.46,1.08,1.564305468,18.17,2.2,0.36,0.1,0.8,2.664155768,16.78,17.67,2.66,0,0,0,0,0,1.130702975,0.5,0,0,0,8.3,6.4,0,0,2.5,92.87,0,22.72,0,0,0,0,0,0,0,2.11,1.751240534,3.67,0,0
16/06/2024 18:00,33.34,0,0.46,1.08,1.681160875,18.17,2.2,0.36,0.1,0.8,2.911597656,16.78,17.67,2.66,0,0,0,0,0,1.24065612,0.5,0,0,0,8.3,6.4,0,0,2.5,92.87,0,22.72,0,0,0,0,0,0,0,2.11,1.851721361,3.67,0,0
16/06/2024 18:30,33.34,0,0.46,1.08,1.71120874,18.17,2.2,0.36,0.1,0.8,3.103566078,16.78,17.67,2.66,0,0,0,0,0,1.325107783,0.5,0,0,0,8.3,6.4,0,0,2.5,92.87,0,22.72,0,0,0,0,0,0,0,2.11,1.92121134,3.67,0,0
16/06/2024 19:00,33.34,0,0.46,1.08,1.679816227,18.17,2.2,0.36,0.1,0.8,3.063651676,16.78,17.67,2.66,0,0,0,0,0,1.368530016,0.5,0,0,0,8.3,6.4,0,0,2.5,92.87,0,22.72,0,0,0,0,0,0,0,2.11,1.949985451,3.67,0,0
16/06/2024 19:30,33.34,0,0.46,1.08,1.588575089,18.17,2.2,0.36,0.1,0.8,2.851153618,16.78,17.67,2.66,0,0,0,0,0,1.379719571,0.5,0,0,0,8.3,6.4,0,0,2.5,92.87,0,22.72,0,0,0,0,0,0,0,2.11,1.873270286,3.67,0,0
16/06/2024 20:00,33.34,0,0.46,1.08,1.458613097,18.17,2.2,0.36,0.1,0.8,2.559236804,16.78,17.67,2.66,0,0,0,0,0,1.373469412,0.5,0,0,0,8.3,6.4,0,0,2.5,92.87,0,22.72,0,0,0,0,0,0,0,2.11,1.718127213,3.67,0,0
16/06/2024 20:30,33.34,0,0.46,1.08,1.321503664,18.17,2.2,0.36,0.1,0.8,2.265257159,16.78,17.67,2.66,0,0,0,0,0,1.354657258,0.5,0,0,0,8.3,6.4,0,0,2.5,92.87,0,22.72,0,0,0,0,0,0,0,2.11,1.552785005,3.67,0,0
16/06/2024 21:00,33.34,0,0.46,1.08,1.226750498,18.17,2.2,0.36,0.1,0.8,2.046098517,16.78,17.67,2.66,0,0,0,0,0,1.344936241,0.5,0,0,0,8.3,6.4,0,0,2.5,92.87,0,22.72,0,0,0,0,0,0,0,2.11,1.413456281,3.67,0,0
16/06/2024 21:30,33.34,0,0.46,1.08,1.15868371,18.17,2.2,0.36,0.1,0.8,1.927115967,16.78,17.67,2.66,0,0,0,0,0,1.332122973,0.5,0,0,0,8.3,6.4,0,0,2.5,92.87,0,22.72,0,0,0,0,0,0,0,2.11,1.333098413,3.67,0,0
16/06/2024 22:00,33.34,0,0.46,1.08,1.135080865,18.17,2.2,0.36,0.1,0.8,1.887532647,16.78,17.67,2.66,0,0,0,0,0,1.335959795,0.5,0,0,0,8.3,6.4,0,0,2.5,92.87,0,22.72,0,0,0,0,0,0,0,2.11,1.264033646,3.67,0,0
16/06/2024 22:30,33.34,0,0.46,1.08,1.096705454,18.17,2.2,0.36,0.1,0.8,1.835617659,16.78,17.67,2.66,0,0,0,0,0,1.339338498,0.5,0,0,0,8.3,6.4,0,0,2.5,92.87,0,22.72,0,0,0,0,0,0,0,2.11,1.202259188,3.67,0,0
16/06/2024 23:00,33.34,0,0.46,1.08,1.075328325,18.17,2.2,0.36,0.1,0.8,1.789296728,16.78,17.67,2.66,0,0,0,0,0,1.334617241,0.5,0,0,0,8.3,6.4,0,0,2.5,92.87,0,22.72,0,0,0,0,0,0,0,2.11,1.15338945,3.67,0,0
16/06/2024 23:30,33.34,0,0.46,1.08,1.056294326,18.17,2.2,0.36,0.1,0.8,1.742885778,16.78,17.67,2.66,0,0,0,0,0,1.326424502,0.5,0,0,0,8.3,6.4,0,0,2.5,92.87,0,22.72,0,0,0,0,0,0,0,2.11,1.118636163,3.67,0,0
17/06/2024 0:00,33.34,0,0.46,1.08,1.023189654,18.17,2.2,0.36,0.1,0.8,1.703922929,16.78,17.67,2.66,0,0,0,0,0,1.315825454,0.5,0,0,0,8.3,6.4,0,0,2.5,92.87,0,22.72,0,0,0,0,0,0,0,2.11,1.088864823,3.67,0,0
17/06/2024 0:30,33.34,0,0.46,1.08,1.001255853,18.17,2.2,0.36,0.1,0.8,1.670494786,16.78,17.67,2.66,0,0,0,0,0,1.312257427,0.5,0,0,0,8.3,6.4,0,0,2.5,92.87,0,22.72,0,0,0,0,0,0,0,2.11,1.06467663,3.67,0,0
17/06/2024 1:00,33.34,0,0.46,1.08,1.004896821,18.17,2.2,0.36,0.1,0.8,1.646147512,16.78,17.67,2.66,0,0,0,0,0,1.305932263,0.5,0,0,0,8.3,6.4,0,0,2.5,92.87,0,22.72,0,0,0,0,0,0,0,2.11,1.050780431,3.67,0,0
17/06/2024 1:30,33.34,0,0.46,1.08,0.994888418,18.17,2.2,0.36,0.1,0.8,1.625320554,16.78,17.67,2.66,0,0,0,0,0,1.303622081,0.5,0,0,0,8.3,6.4,0,0,2.5,92.87,0,22.72,0,0,0,0,0,0,0,2.11,1.037227693,3.67,0,0
17/06/2024 2:00,33.34,0,0.46,1.08,0.993044869,18.17,2.2,0.36,0.1,0.8,1.648512242,16.78,17.67,2.66,0,0,0,0,0,1.311347401,0.5,0,0,0,8.3,6.4,0,0,2.5,92.87,0,22.72,0,0,0,0,0,0,0,2.11,1.031467054,3.67,0,0
17/06/2024 2:30,33.34,0,0.46,1.08,0.984665904,18.17,2.2,0.36,0.1,0.8,1.651681156,16.78,17.67,2.66,0,0,0,0,0,1.317668178,0.5,0,0,0,8.3,6.4,0,0,2.5,92.87,0,22.72,0,0,0,0,0,0,0,2.11,1.033169842,3.67,0,0
17/06/2024 3:00,33.34,0,0.46,1.08,1.025245718,18.17,2.2,0.36,0.1,0.8,1.695111017,16.78,17.67,2.66,0,0,0,0,0,1.322980104,0.5,0,0,0,8.3,6.4,0,0,2.5,92.87,0,22.72,0,0,0,0,0,0,0,2.11,1.042692245,3.67,0,0
17/06/2024 3:30,33.34,0,0.46,1.08,1.113516815,18.17,2.2,0.36,0.1,0.8,1.855824627,16.78,17.67,2.66,0,0,0,0,0,1.30961933,0.5,0,0,0,8.3,6.4,0,0,2.5,92.87,0,22.72,0,0,0,0,0,0,0,2.11,1.110137341,3.67,0,0
17/06/2024 4:00,33.34,0,0.46,1.08,1.269915941,18.17,2.2,0.36,0.1,0.8,2.093865573,16.78,17.67,2.66,0,0,0,0,0,1.297721055,0.5,0,0,0,8.3,6.4,0,0,2.5,92.87,0,22.72,0,0,0,0,0,0,0,2.11,1.224416924,3.67,0,0
17/06/2024 4:30,33.34,0,0.46,1.08,1.281981806,18.17,2.2,0.36,0.1,0.8,2.135861275,16.78,17.67,2.66,0,0,0,0,0,1.265725214,0.5,0,0,0,8.3,6.4,0,0,2.5,92.87,0,22.72,0,0,0,0,0,0,0,2.11,1.272087881,3.67,0,0
17/06/2024 5:00,33.34,0,0.46,1.08,1.125581721,18.17,2.2,0.36,0.1,0.8,1.961837823,16.78,17.67,2.66,0,0,0,0,0,1.210363103,0.5,0,0,0,8.3,6.4,0,0,2.5,92.87,0,22.72,0,0,0,0,0,0,0,2.11,1.240684761,3.67,0,0
17/06/2024 5:30,33.34,0,0.46,1.08,1.082248123,18.17,2.2,0.36,0.1,0.8,1.843058552,16.78,17.67,2.66,0,0,0,0,0,1.153228544,0.5,0,0,0,8.3,6.4,0,0,2.5,92.87,0,22.72,0,0,0,0,0,0,0,2.11,1.219801824,3.67,0,0
17/06/2024 6:00,32.2,0,0.46,1.08,1.452462791,24.63,2.2,0.36,0.1,0.8,1.946340533,16.78,17.67,2.53,0,0,0,0,0,1.113176873,0.5,0,0,0,8.3,6.4,0,0,2.5,92.87,0,22.72,0,0,0,0,0,0,0,2.11,1.251758841,3.82,0,0
17/06/2024 6:30,32.2,0,0.46,1.08,1.456895085,24.63,2.2,0.36,0.1,0.8,2.075358249,16.78,17.67,2.53,0,0,0,0,0,1.055383951,0.5,0,0,0,8.3,6.4,0,0,2.5,92.87,0,22.72,0,0,0,0,0,0,0,2.11,1.27404544,3.82,0,0
17/06/2024 7:00,32.2,0,0.46,1.08,1.44803213,24.63,2.2,0.36,0.1,0.8,2.084812197,16.78,17.67,2.53,0,0,0,0,0,1.059745146,0.5,0,0,0,8.3,6.4,0,0,2.5,92.87,0,22.72,0,0,0,0,0,0,0,2.11,1.294156446,3.82,0,0
17/06/2024 7:30,32.2,0,0.46,1.08,1.440964584,24.63,2.2,0.36,0.1,0.8,2.045468361,16.78,17.67,2.53,0,0,0,0,0,1.075851545,0.5,0,0,0,8.3,6.4,0,0,2.5,92.87,0,22.72,0,0,0,0,0,0,0,2.11,1.29381742,3.82,0,0
17/06/2024 8:00,32.2,0,0.46,1.08,1.154529918,24.63,2.2,0.36,0.1,0.8,1.977657592,16.78,17.67,2.53,0,0,0,0,0,1.096831807,0.5,0,0,0,8.3,6.4,0,0,2.5,92.87,0,22.72,0,0,0,0,0,0,0,2.11,1.283543904,3.82,0,0
17/06/2024 8:30,32.2,0,0.46,1.08,1.150807647,24.63,2.2,0.36,0.1,0.8,1.937572379,16.78,17.67,2.53,0,0,0,0,0,1.133963232,0.5,0,0,0,8.3,6.4,0,0,2.5,92.87,0,22.72,0,0,0,0,0,0,0,2.11,1.270860712,3.82,0,0
17/06/2024 9:00,32.2,0,0.46,1.08,1.173458759,24.63,2.2,0.36,0.1,0.8,1.925680322,16.78,17.67,2.53,0,0,0,0,0,1.154221202,0.5,0,0,0,8.3,6.4,0,0,2.5,92.87,0,22.72,0,0,0,0,0,0,0,2.11,1.265941851,3.82,0,0
17/06/2024 9:30,32.2,0,0.46,1.08,1.21294423,24.63,2.2,0.36,0.1,0.8,2.027288014,16.78,17.67,2.53,0,0,0,0,0,1.179832661,0.5,0,0,0,8.3,6.4,0,0,2.5,92.87,0,22.72,0,0,0,0,0,0,0,2.11,1.309462082,3.82,0,0
17/06/2024 10:00,32.2,0,0.46,1.08,1.259962396,24.63,2.2,0.36,0.1,0.8,2.160179263,16.78,17.67,2.53,0,0,0,0,0,1.209928088,0.5,0,0,0,8.3,6.4,0,0,2.5,92.87,0,22.72,0,0,0,0,0,0,0,2.11,1.37284076,3.82,0,0
17/06/2024 10:30,32.2,0,0.46,1.08,1.300866593,24.63,2.2,0.36,0.1,0.8,2.24622964,16.78,17.67,2.53,0,0,0,0,0,1.23970634,0.5,0,0,0,8.3,6.4,0,0,2.5,92.87,0,22.72,0,0,0,0,0,0,0,2.11,1.424533696,3.82,0,0
17/06/2024 11:00,32.2,0,0.46,1.08,1.344833048,24.63,2.2,0.36,0.1,0.8,2.311938265,16.78,17.67,2.53,0,0,0,0,0,1.253346924,0.5,0,0,0,8.3,6.4,0,0,2.5,92.87,0,22.72,0,0,0,0,0,0,0,2.11,1.469220308,3.82,0,0
17/06/2024 11:30,32.2,0,0.46,1.08,1.381482327,24.63,2.2,0.36,0.1,0.8,2.367447169,16.78,17.67,2.53,0,0,0,0,0,1.276947888,0.5,0,0,0,8.3,6.4,0,0,2.5,92.87,0,22.72,0,0,0,0,0,0,0,2.11,1.50768769,3.82,0,0
17/06/2024 12:00,32.2,0,0.46,1.08,1.402462834,24.63,2.2,0.36,0.1,0.8,2.415613427,16.78,17.67,2.53,0,0,0,0,0,1.30280777,0.5,0,0,0,8.3,6.4,0,0,2.5,92.87,0,22.72,0,0,0,0,0,0,0,2.11,1.538868726,3.82,0,0
17/06/2024 12:30,32.2,0,0.46,1.08,1.423940495,24.63,2.2,0.36,0.1,0.8,2.467701021,16.78,17.67,2.53,0,0,0,0,0,1.318376987,0.5,0,0,0,8.3,6.4,0,0,2.5,92.87,0,22.72,0,0,0,0,0,0,0,2.11,1.565767202,3.82,0,0
17/06/2024 13:00,32.2,0,0.46,1.08,1.475421093,24.63,2.2,0.36,0.1,0.8,2.515395622,16.78,17.67,2.53,0,0,0,0,0,1.309845571,0.5,0,0,0,8.3,6.4,0,0,2.5,92.87,0,22.72,0,0,0,0,0,0,0,2.11,1.601001304,3.82,0,0
17/06/2024 13:30,32.2,0,0.46,1.08,1.520188556,24.63,2.2,0.36,0.1,0.8,2.571400435,16.78,17.67,2.53,0,0,0,0,0,1.30950179,0.5,0,0,0,8.3,6.4,0,0,2.5,92.87,0,22.72,0,0,0,0,0,0,0,2.11,1.642192764,3.82,0,0
17/06/2024 14:00,32.2,0,0.46,1.08,1.555391066,24.63,2.2,0.36,0.1,0.8,2.669944719,16.78,17.67,2.53,0,0,0,0,0,1.334165716,0.5,0,0,0,8.3,6.4,0,0,2.5,92.87,0,22.72,0,0,0,0,0,0,0,2.11,1.699468722,3.82,0,0
17/06/2024 14:30,32.2,0,0.46,1.08,1.566456938,24.63,2.2,0.36,0.1,0.8,2.719678836,16.78,17.67,2.53,0,0,0,0,0,1.345596495,0.5,0,0,0,8.3,6.4,0,0,2.5,92.87,0,22.72,0,0,0,0,0,0,0,2.11,1.737432549,3.82,0,0
17/06/2024 15:00,32.2,0,0.46,1.08,1.608556419,24.63,2.2,0.36,0.1,0.8,2.788073728,16.78,17.67,2.53,0,0,0,0,0,1.34947277,0.5,0,0,0,8.3,6.4,0,0,2.5,92.87,0,22.72,0,0,0,0,0,0,0,2.11,1.761834198,3.82,0,0
17/06/2024 15:30,32.2,0,0.46,1.08,1.655061036,24.63,2.2,0.36,0.1,0.8,2.880947302,16.78,17.67,2.53,0,0,0,0,0,1.354841335,0.5,0,0,0,8.3,6.4,0,0,2.5,92.87,0,22.72,0,0,0,0,0,0,0,2.11,1.804620505,3.82,0,0
17/06/2024 16:00,32.2,0,0.46,1.08,1.648525987,24.63,2.2,0.36,0.1,0.8,2.88770132,16.78,17.67,2.53,0,0,0,0,0,1.365759669,0.5,0,0,0,8.3,6.4,0,0,2.5,92.87,0,22.72,0,0,0,0,0,0,0,2.11,1.804930672,3.82,0,0
17/06/2024 16:30,32.2,0,0.46,1.08,1.558966487,24.63,2.2,0.36,0.1,0.8,2.738823055,16.78,17.67,2.53,0,0,0,0,0,1.320014847,0.5,0,0,0,8.3,6.4,0,0,2.5,92.87,0,22.72,0,0,0,0,0,0,0,2.11,1.752997984,3.82,0,0
17/06/2024 17:00,32.2,0,0.46,1.08,1.513331602,24.63,2.2,0.36,0.1,0.8,2.619944449,16.78,17.67,2.53,0,0,0,0,0,1.188148852,0.5,0,0,0,8.3,6.4,0,0,2.5,92.87,0,22.72,0,0,0,0,0,0,0,2.11,1.713794439,3.82,0,0
17/06/2024 17:30,32.2,0,0.46,1.08,1.564305468,24.63,2.2,0.36,0.1,0.8,2.664155768,16.78,17.67,2.53,0,0,0,0,0,1.130702975,0.5,0,0,0,8.3,6.4,0,0,2.5,92.87,0,22.72,0,0,0,0,0,0,0,2.11,1.751240534,3.82,0,0
17/06/2024 18:00,32.2,0,0.46,1.08,1.681160875,24.63,2.2,0.36,0.1,0.8,2.911597656,16.78,17.67,2.53,0,0,0,0,0,1.24065612,0.5,0,0,0,8.3,6.4,0,0,2.5,92.87,0,22.72,0,0,0,0,0,0,0,2.11,1.851721361,3.82,0,0
17/06/2024 18:30,32.2,0,0.46,1.08,1.71120874,24.63,2.2,0.36,0.1,0.8,3.103566078,16.78,17.67,2.53,0,0,0,0,0,1.325107783,0.5,0,0,0,8.3,6.4,0,0,2.5,92.87,0,22.72,0,0,0,0,0,0,0,2.11,1.92121134,3.82,0,0
17/06/2024 19:00,32.2,0,0.46,1.08,1.679816227,24.63,2.2,0.36,0.1,0.8,3.063651676,16.78,17.67,2.53,0,0,0,0,0,1.368530016,0.5,0,0,0,8.3,6.4,0,0,2.5,92.87,0,22.72,0,0,0,0,0,0,0,2.11,1.949985451,3.82,0,0
17/06/2024 19:30,32.2,0,0.46,1.08,1.588575089,24.63,2.2,0.36,0.1,0.8,2.851153618,16.78,17.67,2.53,0,0,0,0,0,1.379719571,0.5,0,0,0,8.3,6.4,0,0,2.5,92.87,0,22.72,0,0,0,0,0,0,0,2.11,1.873270286,3.82,0,0
17/06/2024 20:00,32.2,0,0.46,1.08,1.458613097,24.63,2.2,0.36,0.1,0.8,2.559236804,16.78,17.67,2.53,0,0,0,0,0,1.373469412,0.5,0,0,0,8.3,6.4,0,0,2.5,92.87,0,22.72,0,0,0,0,0,0,0,2.11,1.718127213,3.82,0,0
17/06/2024 20:30,32.2,0,0.46,1.08,1.321503664,24.63,2.2,0.36,0.1,0.8,2.265257159,16.78,17.67,2.53,0,0,0,0,0,1.354657258,0.5,0,0,0,8.3,6.4,0,0,2.5,92.87,0,22.72,0,0,0,0,0,0,0,2.11,1.552785005,3.82,0,0
17/06/2024 21:00,32.2,0,0.46,1.08,1.226750498,24.63,2.2,0.36,0.1,0.8,2.046098517,16.78,17.67,2.53,0,0,0,0,0,1.344936241,0.5,0,0,0,8.3,6.4,0,0,2.5,92.87,0,22.72,0,0,0,0,0,0,0,2.11,1.413456281,3.82,0,0
17/06/2024 21:30,32.2,0,0.46,1.08,1.15868371,24.63,2.2,0.36,0.1,0.8,1.927115967,16.78,17.67,2.53,0,0,0,0,0,1.332122973,0.5,0,0,0,8.3,6.4,0,0,2.5,92.87,0,22.72,0,0,0,0,0,0,0,2.11,1.333098413,3.82,0,0
17/06/2024 22:00,32.2,0,0.46,1.08,1.135080865,24.63,2.2,0.36,0.1,0.8,1.887532647,16.78,17.67,2.53,0,0,0,0,0,1.335959795,0.5,0,0,0,8.3,6.4,0,0,2.5,92.87,0,22.72,0,0,0,0,0,0,0,2.11,1.264033646,3.82,0,0
17/06/2024 22:30,32.2,0,0.46,1.08,1.096705454,24.63,2.2,0.36,0.1,0.8,1.835617659,16.78,17.67,2.53,0,0,0,0,0,1.339338498,0.5,0,0,0,8.3,6.4,0,0,2.5,92.87,0,22.72,0,0,0,0,0,0,0,2.11,1.202259188,3.82,0,0
17/06/2024 23:00,32.2,0,0.46,1.08,1.075328325,24.63,2.2,0.36,0.1,0.8,1.789296728,16.78,17.67,2.53,0,0,0,0,0,1.334617241,0.5,0,0,0,8.3,6.4,0,0,2.5,92.87,0,22.72,0,0,0,0,0,0,0,2.11,1.15338945,3.82,0,0
17/06/2024 23:30,32.2,0,0.46,1.08,1.056294326,24.63,2.2,0.36,0.1,0.8,1.742885778,16.78,17.67,2.53,0,0,0,0,0,1.326424502,0.5,0,0,0,8.3,6.4,0,0,2.5,92.87,0,22.72,0,0,0,0,0,0,0,2.11,1.118636163,3.82,0,0
18/06/2024 0:00,32.2,0,0.46,1.08,1.015438217,24.63,2.2,0.36,0.1,0.8,1.6962476,16.78,17.67,2.53,0,0,0,0,0,1.315825454,0.5,0,0,0,8.3,6.4,0,0,2.5,92.87,0,22.72,0,0,0,0,0,0,0,2.11,1.081196761,3.82,0,0
18/06/2024 0:30,32.2,0,0.46,1.08,0.993670581,24.63,2.2,0.36,0.1,0.8,1.662970035,16.78,17.67,2.53,0,0,0,0,0,1.312257427,0.5,0,0,0,8.3,6.4,0,0,2.5,92.87,0,22.72,0,0,0,0,0,0,0,2.11,1.057178908,3.82,0,0
18/06/2024 1:00,32.2,0,0.46,1.08,0.997283966,24.63,2.2,0.36,0.1,0.8,1.638732433,16.78,17.67,2.53,0,0,0,0,0,1.305932263,0.5,0,0,0,8.3,6.4,0,0,2.5,92.87,0,22.72,0,0,0,0,0,0,0,2.11,1.043380569,3.82,0,0
18/06/2024 1:30,32.2,0,0.46,1.08,0.987351385,24.63,2.2,0.36,0.1,0.8,1.617999291,16.78,17.67,2.53,0,0,0,0,0,1.303622081,0.5,0,0,0,8.3,6.4,0,0,2.5,92.87,0,22.72,0,0,0,0,0,0,0,2.11,1.029923273,3.82,0,0
18/06/2024 2:00,32.2,0,0.46,1.08,0.985521801,24.63,2.2,0.36,0.1,0.8,1.641086511,16.78,17.67,2.53,0,0,0,0,0,1.311347401,0.5,0,0,0,8.3,6.4,0,0,2.5,92.87,0,22.72,0,0,0,0,0,0,0,2.11,1.024203202,3.82,0,0
18/06/2024 2:30,32.2,0,0.46,1.08,0.977206314,24.63,2.2,0.36,0.1,0.8,1.644241151,16.78,17.67,2.53,0,0,0,0,0,1.317668178,0.5,0,0,0,8.3,6.4,0,0,2.5,92.87,0,22.72,0,0,0,0,0,0,0,2.11,1.025893998,3.82,0,0
18/06/2024 3:00,32.2,0,0.46,1.08,1.017478705,24.63,2.2,0.36,0.1,0.8,1.687475382,16.78,17.67,2.53,0,0,0,0,0,1.322980104,0.5,0,0,0,8.3,6.4,0,0,2.5,92.87,0,22.72,0,0,0,0,0,0,0,2.11,1.035349342,3.82,0,0
18/06/2024 3:30,32.2,0,0.46,1.08,1.105081081,24.63,2.2,0.36,0.1,0.8,1.847465057,16.78,17.67,2.53,0,0,0,0,0,1.30961933,0.5,0,0,0,8.3,6.4,0,0,2.5,92.87,0,22.72,0,0,0,0,0,0,0,2.11,1.102319473,3.82,0,0
18/06/2024 4:00,32.2,0,0.46,1.08,1.260295366,24.63,2.2,0.36,0.1,0.8,2.084433746,16.78,17.67,2.53,0,0,0,0,0,1.297721055,0.5,0,0,0,8.3,6.4,0,0,2.5,92.87,0,22.72,0,0,0,0,0,0,0,2.11,1.21579427,3.82,0,0
18/06/2024 4:30,32.2,0,0.46,1.08,1.272269823,24.63,2.2,0.36,0.1,0.8,2.126240278,16.78,17.67,2.53,0,0,0,0,0,1.265725214,0.5,0,0,0,8.3,6.4,0,0,2.5,92.87,0,22.72,0,0,0,0,0,0,0,2.11,1.263129516,3.82,0,0
18/06/2024 5:00,32.2,0,0.46,1.08,1.117054587,24.63,2.2,0.36,0.1,0.8,1.953000715,16.78,17.67,2.53,0,0,0,0,0,1.210363103,0.5,0,0,0,8.3,6.4,0,0,2.5,92.87,0,22.72,0,0,0,0,0,0,0,2.11,1.231947544,3.82,0,0
18/06/2024 5:30,32.2,0,0.46,1.08,1.074049274,24.63,2.2,0.36,0.1,0.8,1.834756487,16.78,17.67,2.53,0,0,0,0,0,1.153228544,0.5,0,0,0,8.3,6.4,0,0,2.5,92.87,0,22.72,0,0,0,0,0,0,0,2.11,1.211211671,3.82,0,0
18/06/2024 6:00,33.33,0,0.46,1.08,1.441459285,22.22,2.2,0.36,0.1,0.8,1.937573233,16.78,17.67,2.66,0,0,0,0,0,1.113176873,0.5,0,0,0,8.3,6.4,0,0,2.5,92.87,0,22.72,0,0,0,0,0,0,0,2.11,1.242943638,3.67,0,0
18/06/2024 6:30,33.33,0,0.46,1.08,1.445858001,22.22,2.2,0.36,0.1,0.8,2.066009789,16.78,17.67,2.66,0,0,0,0,0,1.055383951,0.5,0,0,0,8.3,6.4,0,0,2.5,92.87,0,22.72,0,0,0,0,0,0,0,2.11,1.265073289,3.67,0,0
18/06/2024 7:00,33.33,0,0.46,1.08,1.43706219,22.22,2.2,0.36,0.1,0.8,2.075421151,16.78,17.67,2.66,0,0,0,0,0,1.059745146,0.5,0,0,0,8.3,6.4,0,0,2.5,92.87,0,22.72,0,0,0,0,0,0,0,2.11,1.285042668,3.67,0,0
18/06/2024 7:30,33.33,0,0.46,1.08,1.430048185,22.22,2.2,0.36,0.1,0.8,2.03625454,16.78,17.67,2.66,0,0,0,0,0,1.075851545,0.5,0,0,0,8.3,6.4,0,0,2.5,92.87,0,22.72,0,0,0,0,0,0,0,2.11,1.28470603,3.67,0,0
18/06/2024 8:00,33.33,0,0.46,1.08,1.145783479,22.22,2.2,0.36,0.1,0.8,1.968749224,16.78,17.67,2.66,0,0,0,0,0,1.096831807,0.5,0,0,0,8.3,6.4,0,0,2.5,92.87,0,22.72,0,0,0,0,0,0,0,2.11,1.274504863,3.67,0,0
18/06/2024 8:30,33.33,0,0.46,1.08,1.142089407,22.22,2.2,0.36,0.1,0.8,1.928844576,16.78,17.67,2.66,0,0,0,0,0,1.133963232,0.5,0,0,0,8.3,6.4,0,0,2.5,92.87,0,22.72,0,0,0,0,0,0,0,2.11,1.261910989,3.67,0,0
18/06/2024 9:00,33.33,0,0.46,1.08,1.16456892,22.22,2.2,0.36,0.1,0.8,1.917006087,16.78,17.67,2.66,0,0,0,0,0,1.154221202,0.5,0,0,0,8.3,6.4,0,0,2.5,92.87,0,22.72,0,0,0,0,0,0,0,2.11,1.257026768,3.67,0,0
18/06/2024 9:30,33.33,0,0.46,1.08,1.203755259,22.22,2.2,0.36,0.1,0.8,2.018156086,16.78,17.67,2.66,0,0,0,0,0,1.179832661,0.5,0,0,0,8.3,6.4,0,0,2.5,92.87,0,22.72,0,0,0,0,0,0,0,2.11,1.300240518,3.67,0,0
18/06/2024 10:00,33.33,0,0.46,1.08,1.250417226,22.22,2.2,0.36,0.1,0.8,2.150448726,16.78,17.67,2.66,0,0,0,0,0,1.209928088,0.5,0,0,0,8.3,6.4,0,0,2.5,92.87,0,22.72,0,0,0,0,0,0,0,2.11,1.363172867,3.67,0,0
18/06/2024 10:30,33.33,0,0.46,1.08,1.291011543,22.22,2.2,0.36,0.1,0.8,2.236111488,16.78,17.67,2.66,0,0,0,0,0,1.23970634,0.5,0,0,0,8.3,6.4,0,0,2.5,92.87,0,22.72,0,0,0,0,0,0,0,2.11,1.414501768,3.67,0,0
18/06/2024 11:00,33.33,0,0.46,1.08,1.334644919,22.22,2.2,0.36,0.1,0.8,2.301524129,16.78,17.67,2.66,0,0,0,0,0,1.253346924,0.5,0,0,0,8.3,6.4,0,0,2.5,92.87,0,22.72,0,0,0,0,0,0,0,2.11,1.458873686,3.67,0,0
18/06/2024 11:30,33.33,0,0.46,1.08,1.371016552,22.22,2.2,0.36,0.1,0.8,2.356782992,16.78,17.67,2.66,0,0,0,0,0,1.276947888,0.5,0,0,0,8.3,6.4,0,0,2.5,92.87,0,22.72,0,0,0,0,0,0,0,2.11,1.497070171,3.67,0,0
18/06/2024 12:00,33.33,0,0.46,1.08,1.391838115,22.22,2.2,0.36,0.1,0.8,2.404732286,16.78,17.67,2.66,0,0,0,0,0,1.30280777,0.5,0,0,0,8.3,6.4,0,0,2.5,92.87,0,22.72,0,0,0,0,0,0,0,2.11,1.528031623,3.67,0,0
18/06/2024 12:30,33.33,0,0.46,1.08,1.413153067,22.22,2.2,0.36,0.1,0.8,2.456585251,16.78,17.67,2.66,0,0,0,0,0,1.318376987,0.5,0,0,0,8.3,6.4,0,0,2.5,92.87,0,22.72,0,0,0,0,0,0,0,2.11,1.554740672,3.67,0,0
18/06/2024 13:00,33.33,0,0.46,1.08,1.46424366,22.22,2.2,0.36,0.1,0.8,2.504065011,16.78,17.67,2.66,0,0,0,0,0,1.309845571,0.5,0,0,0,8.3,6.4,0,0,2.5,92.87,0,22.72,0,0,0,0,0,0,0,2.11,1.589726647,3.67,0,0
18/06/2024 13:30,33.33,0,0.46,1.08,1.508671976,22.22,2.2,0.36,0.1,0.8,2.55981755,16.78,17.67,2.66,0,0,0,0,0,1.30950179,0.5,0,0,0,8.3,6.4,0,0,2.5,92.87,0,22.72,0,0,0,0,0,0,0,2.11,1.630628026,3.67,0,0
18/06/2024 14:00,33.33,0,0.46,1.08,1.543607801,22.22,2.2,0.36,0.1,0.8,2.657917941,16.78,17.67,2.66,0,0,0,0,0,1.334165716,0.5,0,0,0,8.3,6.4,0,0,2.5,92.87,0,22.72,0,0,0,0,0,0,0,2.11,1.687500632,3.67,0,0
18/06/2024 14:30,33.33,0,0.46,1.08,1.55458984,22.22,2.2,0.36,0.1,0.8,2.707428031,16.78,17.67,2.66,0,0,0,0,0,1.345596495,0.5,0,0,0,8.3,6.4,0,0,2.5,92.87,0,22.72,0,0,0,0,0,0,0,2.11,1.725197109,3.67,0,0
18/06/2024 15:00,33.33,0,0.46,1.08,1.596370385,22.22,2.2,0.36,0.1,0.8,2.775514837,16.78,17.67,2.66,0,0,0,0,0,1.34947277,0.5,0,0,0,8.3,6.4,0,0,2.5,92.87,0,22.72,0,0,0,0,0,0,0,2.11,1.749426915,3.67,0,0
18/06/2024 15:30,33.33,0,0.46,1.08,1.642522695,22.22,2.2,0.36,0.1,0.8,2.867970062,16.78,17.67,2.66,0,0,0,0,0,1.354841335,0.5,0,0,0,8.3,6.4,0,0,2.5,92.87,0,22.72,0,0,0,0,0,0,0,2.11,1.79191191,3.67,0,0
18/06/2024 16:00,33.33,0,0.46,1.08,1.636037154,22.22,2.2,0.36,0.1,0.8,2.874693657,16.78,17.67,2.66,0,0,0,0,0,1.365759669,0.5,0,0,0,8.3,6.4,0,0,2.5,92.87,0,22.72,0,0,0,0,0,0,0,2.11,1.792219892,3.67,0,0
18/06/2024 16:30,33.33,0,0.46,1.08,1.547156135,22.22,2.2,0.36,0.1,0.8,2.726486014,16.78,17.67,2.66,0,0,0,0,0,1.320014847,0.5,0,0,0,8.3,6.4,0,0,2.5,92.87,0,22.72,0,0,0,0,0,0,0,2.11,1.740652928,3.67,0,0
18/06/2024 17:00,33.33,0,0.46,1.08,1.501866969,22.22,2.2,0.36,0.1,0.8,2.608142898,16.78,17.67,2.66,0,0,0,0,0,1.188148852,0.5,0,0,0,8.3,6.4,0,0,2.5,92.87,0,22.72,0,0,0,0,0,0,0,2.11,1.701725464,3.67,0,0
18/06/2024 17:30,33.33,0,0.46,1.08,1.552454669,22.22,2.2,0.36,0.1,0.8,2.652155066,16.78,17.67,2.66,0,0,0,0,0,1.130702975,0.5,0,0,0,8.3,6.4,0,0,2.5,92.87,0,22.72,0,0,0,0,0,0,0,2.11,1.738907854,3.67,0,0
18/06/2024 18:00,33.33,0,0.46,1.08,1.668424807,22.22,2.2,0.36,0.1,0.8,2.898482351,16.78,17.67,2.66,0,0,0,0,0,1.24065612,0.5,0,0,0,8.3,6.4,0,0,2.5,92.87,0,22.72,0,0,0,0,0,0,0,2.11,1.83868107,3.67,0,0
18/06/2024 18:30,33.33,0,0.46,1.08,1.698245037,22.22,2.2,0.36,0.1,0.8,3.089586051,16.78,17.67,2.66,0,0,0,0,0,1.325107783,0.5,0,0,0,8.3,6.4,0,0,2.5,92.87,0,22.72,0,0,0,0,0,0,0,2.11,1.907681683,3.67,0,0
18/06/2024 19:00,33.33,0,0.46,1.08,1.667090347,22.22,2.2,0.36,0.1,0.8,3.049851444,16.78,17.67,2.66,0,0,0,0,0,1.368530016,0.5,0,0,0,8.3,6.4,0,0,2.5,92.87,0,22.72,0,0,0,0,0,0,0,2.11,1.936253159,3.67,0,0
18/06/2024 19:30,33.33,0,0.46,1.08,1.576540429,22.22,2.2,0.36,0.1,0.8,2.838310583,16.78,17.67,2.66,0,0,0,0,0,1.379719571,0.5,0,0,0,8.3,6.4,0,0,2.5,92.87,0,22.72,0,0,0,0,0,0,0,2.11,1.860078241,3.67,0,0
18/06/2024 20:00,33.33,0,0.46,1.08,1.447562998,22.22,2.2,0.36,0.1,0.8,2.547708711,16.78,17.67,2.66,0,0,0,0,0,1.373469412,0.5,0,0,0,8.3,6.4,0,0,2.5,92.87,0,22.72,0,0,0,0,0,0,0,2.11,1.706027726,3.67,0,0
18/06/2024 20:30,33.33,0,0.46,1.08,1.311492272,22.22,2.2,0.36,0.1,0.8,2.255053298,16.78,17.67,2.66,0,0,0,0,0,1.354657258,0.5,0,0,0,8.3,6.4,0,0,2.5,92.87,0,22.72,0,0,0,0,0,0,0,2.11,1.541849899,3.67,0,0
18/06/2024 21:00,33.33,0,0.46,1.08,1.217456934,22.22,2.2,0.36,0.1,0.8,2.036881857,16.78,17.67,2.66,0,0,0,0,0,1.344936241,0.5,0,0,0,8.3,6.4,0,0,2.5,92.87,0,22.72,0,0,0,0,0,0,0,2.11,1.403502363,3.67,0,0
18/06/2024 21:30,33.33,0,0.46,1.08,1.149905803,22.22,2.2,0.36,0.1,0.8,1.918435265,16.78,17.67,2.66,0,0,0,0,0,1.332122973,0.5,0,0,0,8.3,6.4,0,0,2.5,92.87,0,22.72,0,0,0,0,0,0,0,2.11,1.323710396,3.67,0,0
18/06/2024 22:00,33.33,0,0.46,1.08,1.126481768,22.22,2.2,0.36,0.1,0.8,1.879030248,16.78,17.67,2.66,0,0,0,0,0,1.335959795,0.5,0,0,0,8.3,6.4,0,0,2.5,92.87,0,22.72,0,0,0,0,0,0,0,2.11,1.255132001,3.67,0,0
18/06/2024 22:30,33.33,0,0.46,1.08,1.088397079,22.22,2.2,0.36,0.1,0.8,1.827349111,16.78,17.67,2.66,0,0,0,0,0,1.339338498,0.5,0,0,0,8.3,6.4,0,0,2.5,92.87,0,22.72,0,0,0,0,0,0,0,2.11,1.193792574,3.67,0,0
18/06/2024 23:00,33.33,0,0.46,1.08,1.067181898,22.22,2.2,0.36,0.1,0.8,1.781236832,16.78,17.67,2.66,0,0,0,0,0,1.334617241,0.5,0,0,0,8.3,6.4,0,0,2.5,92.87,0,22.72,0,0,0,0,0,0,0,2.11,1.14526699,3.67,0,0
18/06/2024 23:30,33.33,0,0.46,1.08,1.048292096,22.22,2.2,0.36,0.1,0.8,1.735034941,16.78,17.67,2.66,0,0,0,0,0,1.326424502,0.5,0,0,0,8.3,6.4,0,0,2.5,92.87,0,22.72,0,0,0,0,0,0,0,2.11,1.110758444,3.67,0,0
19/06/2024 0:00,33.33,0,0.46,1.08,1.015438217,22.22,2.2,0.36,0.1,0.8,1.6962476,16.78,17.67,2.66,0,0,0,0,0,1.315825454,0.5,0,0,0,8.3,6.4,0,0,2.5,92.87,0,22.72,0,0,0,0,0,0,0,2.11,1.081196761,3.67,0,0
19/06/2024 0:30,33.33,0,0.46,1.08,0.993670581,22.22,2.2,0.36,0.1,0.8,1.662970035,16.78,17.67,2.66,0,0,0,0,0,1.312257427,0.5,0,0,0,8.3,6.4,0,0,2.5,92.87,0,22.72,0,0,0,0,0,0,0,2.11,1.057178908,3.67,0,0
19/06/2024 1:00,33.33,0,0.46,1.08,0.997283966,22.22,2.2,0.36,0.1,0.8,1.638732433,16.78,17.67,2.66,0,0,0,0,0,1.305932263,0.5,0,0,0,8.3,6.4,0,0,2.5,92.87,0,22.72,0,0,0,0,0,0,0,2.11,1.043380569,3.67,0,0
19/06/2024 1:30,33.33,0,0.46,1.08,0.987351385,22.22,2.2,0.36,0.1,0.8,1.617999291,16.78,17.67,2.66,0,0,0,0,0,1.303622081,0.5,0,0,0,8.3,6.4,0,0,2.5,92.87,0,22.72,0,0,0,0,0,0,0,2.11,1.029923273,3.67,0,0
19/06/2024 2:00,33.33,0,0.46,1.08,0.985521801,22.22,2.2,0.36,0.1,0.8,1.641086511,16.78,17.67,2.66,0,0,0,0,0,1.311347401,0.5,0,0,0,8.3,6.4,0,0,2.5,92.87,0,22.72,0,0,0,0,0,0,0,2.11,1.024203202,3.67,0,0
19/06/2024 2:30,33.33,0,0.46,1.08,0.977206314,22.22,2.2,0.36,0.1,0.8,1.644241151,16.78,17.67,2.66,0,0,0,0,0,1.317668178,0.5,0,0,0,8.3,6.4,0,0,2.5,92.87,0,22.72,0,0,0,0,0,0,0,2.11,1.025893998,3.67,0,0
19/06/2024 3:00,33.33,0,0.46,1.08,1.017478705,22.22,2.2,0.36,0.1,0.8,1.687475382,16.78,17.67,2.66,0,0,0,0,0,1.322980104,0.5,0,0,0,8.3,6.4,0,0,2.5,92.87,0,22.72,0,0,0,0,0,0,0,2.11,1.035349342,3.67,0,0
19/06/2024 3:30,33.33,0,0.46,1.08,1.105081081,22.22,2.2,0.36,0.1,0.8,1.847465057,16.78,17.67,2.66,0,0,0,0,0,1.30961933,0.5,0,0,0,8.3,6.4,0,0,2.5,92.87,0,22.72,0,0,0,0,0,0,0,2.11,1.102319473,3.67,0,0
19/06/2024 4:00,33.33,0,0.46,1.08,1.260295366,22.22,2.2,0.36,0.1,0.8,2.084433746,16.78,17.67,2.66,0,0,0,0,0,1.297721055,0.5,0,0,0,8.3,6.4,0,0,2.5,92.87,0,22.72,0,0,0,0,0,0,0,2.11,1.21579427,3.67,0,0
19/06/2024 4:30,33.33,0,0.46,1.08,1.272269823,22.22,2.2,0.36,0.1,0.8,2.126240278,16.78,17.67,2.66,0,0,0,0,0,1.265725214,0.5,0,0,0,8.3,6.4,0,0,2.5,92.87,0,22.72,0,0,0,0,0,0,0,2.11,1.263129516,3.67,0,0
19/06/2024 5:00,33.33,0,0.46,1.08,1.117054587,22.22,2.2,0.36,0.1,0.8,1.953000715,16.78,17.67,2.66,0,0,0,0,0,1.210363103,0.5,0,0,0,8.3,6.4,0,0,2.5,92.87,0,22.72,0,0,0,0,0,0,0,2.11,1.231947544,3.67,0,0
19/06/2024 5:30,33.33,0,0.46,1.08,1.074049274,22.22,2.2,0.36,0.1,0.8,1.834756487,16.78,17.67,2.66,0,0,0,0,0,1.153228544,0.5,0,0,0,8.3,6.4,0,0,2.5,92.87,0,22.72,0,0,0,0,0,0,0,2.11,1.211211671,3.67,0,0
19/06/2024 6:00,30.58,0,0.46,1.08,1.441459285,20.7,1.78,0.36,0.1,0.8,1.937573233,16.78,17.67,2.87,0,0,0,0,0,1.113176873,0.5,0,0,0,8.3,6.4,0,0,2.5,92.87,0,22.72,0,0,0,0,0,0,0,2.11,1.242943638,3.84,0,0
19/06/2024 6:30,30.58,0,0.46,1.08,1.445858001,20.7,1.78,0.36,0.1,0.8,2.066009789,16.78,17.67,2.87,0,0,0,0,0,1.055383951,0.5,0,0,0,8.3,6.4,0,0,2.5,92.87,0,22.72,0,0,0,0,0,0,0,2.11,1.265073289,3.84,0,0
19/06/2024 7:00,30.58,0,0.46,1.08,1.43706219,20.7,1.78,0.36,0.1,0.8,2.075421151,16.78,17.67,2.87,0,0,0,0,0,1.059745146,0.5,0,0,0,8.3,6.4,0,0,2.5,92.87,0,22.72,0,0,0,0,0,0,0,2.11,1.285042668,3.84,0,0
19/06/2024 7:30,30.58,0,0.46,1.08,1.430048185,20.7,1.78,0.36,0.1,0.8,2.03625454,16.78,17.67,2.87,0,0,0,0,0,1.075851545,0.5,0,0,0,8.3,6.4,0,0,2.5,92.87,0,22.72,0,0,0,0,0,0,0,2.11,1.28470603,3.84,0,0
19/06/2024 8:00,30.58,0,0.46,1.08,1.145783479,20.7,1.78,0.36,0.1,0.8,1.968749224,16.78,17.67,2.87,0,0,0,0,0,1.096831807,0.5,0,0,0,8.3,6.4,0,0,2.5,92.87,0,22.72,0,0,0,0,0,0,0,2.11,1.274504863,3.84,0,0
19/06/2024 8:30,30.58,0,0.46,1.08,1.142089407,20.7,1.78,0.36,0.1,0.8,1.928844576,16.78,17.67,2.87,0,0,0,0,0,1.133963232,0.5,0,0,0,8.3,6.4,0,0,2.5,92.87,0,22.72,0,0,0,0,0,0,0,2.11,1.261910989,3.84,0,0
19/06/2024 9:00,30.58,0,0.46,1.08,1.16456892,20.7,1.78,0.36,0.1,0.8,1.917006087,16.78,17.67,2.87,0,0,0,0,0,1.154221202,0.5,0,0,0,8.3,6.4,0,0,2.5,92.87,0,22.72,0,0,0,0,0,0,0,2.11,1.257026768,3.84,0,0
19/06/2024 9:30,30.58,0,0.46,1.08,1.203755259,20.7,1.78,0.36,0.1,0.8,2.018156086,16.78,17.67,2.87,0,0,0,0,0,1.179832661,0.5,0,0,0,8.3,6.4,0,0,2.5,92.87,0,22.72,0,0,0,0,0,0,0,2.11,1.300240518,3.84,0,0
19/06/2024 10:00,30.58,0,0.46,1.08,1.250417226,20.7,1.78,0.36,0.1,0.8,2.150448726,16.78,17.67,2.87,0,0,0,0,0,1.209928088,0.5,0,0,0,8.3,6.4,0,0,2.5,92.87,0,22.72,0,0,0,0,0,0,0,2.11,1.363172867,3.84,0,0
19/06/2024 10:30,30.58,0,0.46,1.08,1.291011543,20.7,1.78,0.36,0.1,0.8,2.236111488,16.78,17.67,2.87,0,0,0,0,0,1.23970634,0.5,0,0,0,8.3,6.4,0,0,2.5,92.87,0,22.72,0,0,0,0,0,0,0,2.11,1.414501768,3.84,0,0
19/06/2024 11:00,30.58,0,0.46,1.08,1.334644919,20.7,1.78,0.36,0.1,0.8,2.301524129,16.78,17.67,2.87,0,0,0,0,0,1.253346924,0.5,0,0,0,8.3,6.4,0,0,2.5,92.87,0,22.72,0,0,0,0,0,0,0,2.11,1.458873686,3.84,0,0
19/06/2024 11:30,30.58,0,0.46,1.08,1.371016552,20.7,1.78,0.36,0.1,0.8,2.356782992,16.78,17.67,2.87,0,0,0,0,0,1.276947888,0.5,0,0,0,8.3,6.4,0,0,2.5,92.87,0,22.72,0,0,0,0,0,0,0,2.11,1.497070171,3.84,0,0
19/06/2024 12:00,30.58,0,0.46,1.08,1.391838115,20.7,1.78,0.36,0.1,0.8,2.404732286,16.78,17.67,2.87,0,0,0,0,0,1.30280777,0.5,0,0,0,8.3,6.4,0,0,2.5,92.87,0,22.72,0,0,0,0,0,0,0,2.11,1.528031623,3.84,0,0
19/06/2024 12:30,30.58,0,0.46,1.08,1.413153067,20.7,1.78,0.36,0.1,0.8,2.456585251,16.78,17.67,2.87,0,0,0,0,0,1.318376987,0.5,0,0,0,8.3,6.4,0,0,2.5,92.87,0,22.72,0,0,0,0,0,0,0,2.11,1.554740672,3.84,0,0
19/06/2024 13:00,30.58,0,0.46,1.08,1.46424366,20.7,1.78,0.36,0.1,0.8,2.504065011,16.78,17.67,2.87,0,0,0,0,0,1.309845571,0.5,0,0,0,8.3,6.4,0,0,2.5,92.87,0,22.72,0,0,0,0,0,0,0,2.11,1.589726647,3.84,0,0
19/06/2024 13:30,30.58,0,0.46,1.08,1.508671976,20.7,1.78,0.36,0.1,0.8,2.55981755,16.78,17.67,2.87,0,0,0,0,0,1.30950179,0.5,0,0,0,8.3,6.4,0,0,2.5,92.87,0,22.72,0,0,0,0,0,0,0,2.11,1.630628026,3.84,0,0
19/06/2024 14:00,30.58,0,0.46,1.08,1.543607801,20.7,1.78,0.36,0.1,0.8,2.657917941,16.78,17.67,2.87,0,0,0,0,0,1.334165716,0.5,0,0,0,8.3,6.4,0,0,2.5,92.87,0,22.72,0,0,0,0,0,0,0,2.11,1.687500632,3.84,0,0
19/06/2024 14:30,30.58,0,0.46,1.08,1.55458984,20.7,1.78,0.36,0.1,0.8,2.707428031,16.78,17.67,2.87,0,0,0,0,0,1.345596495,0.5,0,0,0,8.3,6.4,0,0,2.5,92.87,0,22.72,0,0,0,0,0,0,0,2.11,1.725197109,3.84,0,0
19/06/2024 15:00,30.58,0,0.46,1.08,1.596370385,20.7,1.78,0.36,0.1,0.8,2.775514837,16.78,17.67,2.87,0,0,0,0,0,1.34947277,0.5,0,0,0,8.3,6.4,0,0,2.5,92.87,0,22.72,0,0,0,0,0,0,0,2.11,1.749426915,3.84,0,0
19/06/2024 15:30,30.58,0,0.46,1.08,1.642522695,20.7,1.78,0.36,0.1,0.8,2.867970062,16.78,17.67,2.87,0,0,0,0,0,1.354841335,0.5,0,0,0,8.3,6.4,0,0,2.5,92.87,0,22.72,0,0,0,0,0,0,0,2.11,1.79191191,3.84,0,0
19/06/2024 16:00,30.58,0,0.46,1.08,1.636037154,20.7,1.78,0.36,0.1,0.8,2.874693657,16.78,17.67,2.87,0,0,0,0,0,1.365759669,0.5,0,0,0,8.3,6.4,0,0,2.5,92.87,0,22.72,0,0,0,0,0,0,0,2.11,1.792219892,3.84,0,0
19/06/2024 16:30,30.58,0,0.46,1.08,1.547156135,20.7,1.78,0.36,0.1,0.8,2.726486014,16.78,17.67,2.87,0,0,0,0,0,1.320014847,0.5,0,0,0,8.3,6.4,0,0,2.5,92.87,0,22.72,0,0,0,0,0,0,0,2.11,1.740652928,3.84,0,0
19/06/2024 17:00,30.58,0,0.46,1.08,1.501866969,20.7,1.78,0.36,0.1,0.8,2.608142898,16.78,17.67,2.87,0,0,0,0,0,1.188148852,0.5,0,0,0,8.3,6.4,0,0,2.5,92.87,0,22.72,0,0,0,0,0,0,0,2.11,1.701725464,3.84,0,0
19/06/2024 17:30,30.58,0,0.46,1.08,1.552454669,20.7,1.78,0.36,0.1,0.8,2.652155066,16.78,17.67,2.87,0,0,0,0,0,1.130702975,0.5,0,0,0,8.3,6.4,0,0,2.5,92.87,0,22.72,0,0,0,0,0,0,0,2.11,1.738907854,3.84,0,0
19/06/2024 18:00,30.58,0,0.46,1.08,1.668424807,20.7,1.78,0.36,0.1,0.8,2.898482351,16.78,17.67,2.87,0,0,0,0,0,1.24065612,0.5,0,0,0,8.3,6.4,0,0,2.5,92.87,0,22.72,0,0,0,0,0,0,0,2.11,1.83868107,3.84,0,0
19/06/2024 18:30,30.58,0,0.46,1.08,1.698245037,20.7,1.78,0.36,0.1,0.8,3.089586051,16.78,17.67,2.87,0,0,0,0,0,1.325107783,0.5,0,0,0,8.3,6.4,0,0,2.5,92.87,0,22.72,0,0,0,0,0,0,0,2.11,1.907681683,3.84,0,0
19/06/2024 19:00,30.58,0,0.46,1.08,1.667090347,20.7,1.78,0.36,0.1,0.8,3.049851444,16.78,17.67,2.87,0,0,0,0,0,1.368530016,0.5,0,0,0,8.3,6.4,0,0,2.5,92.87,0,22.72,0,0,0,0,0,0,0,2.11,1.936253159,3.84,0,0
19/06/2024 19:30,30.58,0,0.46,1.08,1.576540429,20.7,1.78,0.36,0.1,0.8,2.838310583,16.78,17.67,2.87,0,0,0,0,0,1.379719571,0.5,0,0,0,8.3,6.4,0,0,2.5,92.87,0,22.72,0,0,0,0,0,0,0,2.11,1.860078241,3.84,0,0
19/06/2024 20:00,30.58,0,0.46,1.08,1.447562998,20.7,1.78,0.36,0.1,0.8,2.547708711,16.78,17.67,2.87,0,0,0,0,0,1.373469412,0.5,0,0,0,8.3,6.4,0,0,2.5,92.87,0,22.72,0,0,0,0,0,0,0,2.11,1.706027726,3.84,0,0
19/06/2024 20:30,30.58,0,0.46,1.08,1.311492272,20.7,1.78,0.36,0.1,0.8,2.255053298,16.78,17.67,2.87,0,0,0,0,0,1.354657258,0.5,0,0,0,8.3,6.4,0,0,2.5,92.87,0,22.72,0,0,0,0,0,0,0,2.11,1.541849899,3.84,0,0
19/06/2024 21:00,30.58,0,0.46,1.08,1.217456934,20.7,1.78,0.36,0.1,0.8,2.036881857,16.78,17.67,2.87,0,0,0,0,0,1.344936241,0.5,0,0,0,8.3,6.4,0,0,2.5,92.87,0,22.72,0,0,0,0,0,0,0,2.11,1.403502363,3.84,0,0
19/06/2024 21:30,30.58,0,0.46,1.08,1.149905803,20.7,1.78,0.36,0.1,0.8,1.918435265,16.78,17.67,2.87,0,0,0,0,0,1.332122973,0.5,0,0,0,8.3,6.4,0,0,2.5,92.87,0,22.72,0,0,0,0,0,0,0,2.11,1.323710396,3.84,0,0
19/06/2024 22:00,30.58,0,0.46,1.08,1.126481768,20.7,1.78,0.36,0.1,0.8,1.879030248,16.78,17.67,2.87,0,0,0,0,0,1.335959795,0.5,0,0,0,8.3,6.4,0,0,2.5,92.87,0,22.72,0,0,0,0,0,0,0,2.11,1.255132001,3.84,0,0
19/06/2024 22:30,30.58,0,0.46,1.08,1.088397079,20.7,1.78,0.36,0.1,0.8,1.827349111,16.78,17.67,2.87,0,0,0,0,0,1.339338498,0.5,0,0,0,8.3,6.4,0,0,2.5,92.87,0,22.72,0,0,0,0,0,0,0,2.11,1.193792574,3.84,0,0
19/06/2024 23:00,30.58,0,0.46,1.08,1.067181898,20.7,1.78,0.36,0.1,0.8,1.781236832,16.78,17.67,2.87,0,0,0,0,0,1.334617241,0.5,0,0,0,8.3,6.4,0,0,2.5,92.87,0,22.72,0,0,0,0,0,0,0,2.11,1.14526699,3.84,0,0
19/06/2024 23:30,30.58,0,0.46,1.08,1.048292096,20.7,1.78,0.36,0.1,0.8,1.735034941,16.78,17.67,2.87,0,0,0,0,0,1.326424502,0.5,0,0,0,8.3,6.4,0,0,2.5,92.87,0,22.72,0,0,0,0,0,0,0,2.11,1.110758444,3.84,0,0
20/06/2024 0:00,30.58,0,0.46,1.08,1.015438217,20.7,1.78,0.36,0.1,0.8,1.6962476,16.78,17.67,2.87,0,0,0,0,0,1.305464624,0.5,0,0,0,8.3,6.4,0,0,2.5,92.87,0,22.72,0,0,0,0,0,0,0,2.11,1.081196761,3.84,0,0
20/06/2024 0:30,30.58,0,0.46,1.08,0.993670581,20.7,1.78,0.36,0.1,0.8,1.662970035,16.78,17.67,2.87,0,0,0,0,0,1.301924692,0.5,0,0,0,8.3,6.4,0,0,2.5,92.87,0,22.72,0,0,0,0,0,0,0,2.11,1.057178908,3.84,0,0
20/06/2024 1:00,30.58,0,0.46,1.08,0.997283966,20.7,1.78,0.36,0.1,0.8,1.638732433,16.78,17.67,2.87,0,0,0,0,0,1.295649331,0.5,0,0,0,8.3,6.4,0,0,2.5,92.87,0,22.72,0,0,0,0,0,0,0,2.11,1.043380569,3.84,0,0
20/06/2024 1:30,30.58,0,0.46,1.08,0.987351385,20.7,1.78,0.36,0.1,0.8,1.617999291,16.78,17.67,2.87,0,0,0,0,0,1.293357341,0.5,0,0,0,8.3,6.4,0,0,2.5,92.87,0,22.72,0,0,0,0,0,0,0,2.11,1.029923273,3.84,0,0
20/06/2024 2:00,30.58,0,0.46,1.08,0.985521801,20.7,1.78,0.36,0.1,0.8,1.641086511,16.78,17.67,2.87,0,0,0,0,0,1.301021831,0.5,0,0,0,8.3,6.4,0,0,2.5,92.87,0,22.72,0,0,0,0,0,0,0,2.11,1.024203202,3.84,0,0
20/06/2024 2:30,30.58,0,0.46,1.08,0.977206314,20.7,1.78,0.36,0.1,0.8,1.644241151,16.78,17.67,2.87,0,0,0,0,0,1.307292838,0.5,0,0,0,8.3,6.4,0,0,2.5,92.87,0,22.72,0,0,0,0,0,0,0,2.11,1.025893998,3.84,0,0
20/06/2024 3:00,30.58,0,0.46,1.08,1.017478705,20.7,1.78,0.36,0.1,0.8,1.687475382,16.78,17.67,2.87,0,0,0,0,0,1.312562938,0.5,0,0,0,8.3,6.4,0,0,2.5,92.87,0,22.72,0,0,0,0,0,0,0,2.11,1.035349342,3.84,0,0
20/06/2024 3:30,30.58,0,0.46,1.08,1.105081081,20.7,1.78,0.36,0.1,0.8,1.847465057,16.78,17.67,2.87,0,0,0,0,0,1.299307367,0.5,0,0,0,8.3,6.4,0,0,2.5,92.87,0,22.72,0,0,0,0,0,0,0,2.11,1.102319473,3.84,0,0
20/06/2024 4:00,30.58,0,0.46,1.08,1.260295366,20.7,1.78,0.36,0.1,0.8,2.084433746,16.78,17.67,2.87,0,0,0,0,0,1.287502779,0.5,0,0,0,8.3,6.4,0,0,2.5,92.87,0,22.72,0,0,0,0,0,0,0,2.11,1.21579427,3.84,0,0
20/06/2024 4:30,30.58,0,0.46,1.08,1.272269823,20.7,1.78,0.36,0.1,0.8,2.126240278,16.78,17.67,2.87,0,0,0,0,0,1.255758874,0.5,0,0,0,8.3,6.4,0,0,2.5,92.87,0,22.72,0,0,0,0,0,0,0,2.11,1.263129516,3.84,0,0
20/06/2024 5:00,30.58,0,0.46,1.08,1.117054587,20.7,1.78,0.36,0.1,0.8,1.953000715,16.78,17.67,2.87,0,0,0,0,0,1.200832685,0.5,0,0,0,8.3,6.4,0,0,2.5,92.87,0,22.72,0,0,0,0,0,0,0,2.11,1.231947544,3.84,0,0
20/06/2024 5:30,30.58,0,0.46,1.08,1.074049274,20.7,1.78,0.36,0.1,0.8,1.834756487,16.78,17.67,2.87,0,0,0,0,0,1.144148004,0.5,0,0,0,8.3,6.4,0,0,2.5,92.87,0,22.72,0,0,0,0,0,0,0,2.11,1.211211671,3.84,0,0
20/06/2024 6:00,33.7,0,0.46,1.08,1.441459285,20.7,2.06,0.36,0.1,0.8,1.937573233,16.78,17.67,2.78,0,0,0,0,0,1.104411701,0.5,0,0,0,8.3,6.4,0,0,2.5,92.87,0,22.72,0,0,0,0,0,0,0,2.11,1.242943638,3.67,0,0
20/06/2024 6:30,33.7,0,0.46,1.08,1.445858001,20.7,2.06,0.36,0.1,0.8,2.066009789,16.78,17.67,2.78,0,0,0,0,0,1.047073841,0.5,0,0,0,8.3,6.4,0,0,2.5,92.87,0,22.72,0,0,0,0,0,0,0,2.11,1.265073289,3.67,0,0
20/06/2024 7:00,33.7,0,0.46,1.08,1.43706219,20.7,2.06,0.36,0.1,0.8,2.075421151,16.78,17.67,2.78,0,0,0,0,0,1.051400696,0.5,0,0,0,8.3,6.4,0,0,2.5,92.87,0,22.72,0,0,0,0,0,0,0,2.11,1.285042668,3.67,0,0
20/06/2024 7:30,33.7,0,0.46,1.08,1.430048185,20.7,2.06,0.36,0.1,0.8,2.03625454,16.78,17.67,2.78,0,0,0,0,0,1.067380273,0.5,0,0,0,8.3,6.4,0,0,2.5,92.87,0,22.72,0,0,0,0,0,0,0,2.11,1.28470603,3.67,0,0
20/06/2024 8:00,33.7,0,0.46,1.08,1.145783479,20.7,2.06,0.36,0.1,0.8,1.968749224,16.78,17.67,2.78,0,0,0,0,0,1.088195336,0.5,0,0,0,8.3,6.4,0,0,2.5,92.87,0,22.72,0,0,0,0,0,0,0,2.11,1.274504863,3.67,0,0
20/06/2024 8:30,33.7,0,0.46,1.08,1.142089407,20.7,2.06,0.36,0.1,0.8,1.928844576,16.78,17.67,2.78,0,0,0,0,0,1.125034388,0.5,0,0,0,8.3,6.4,0,0,2.5,92.87,0,22.72,0,0,0,0,0,0,0,2.11,1.261910989,3.67,0,0
20/06/2024 9:00,33.7,0,0.46,1.08,1.16456892,20.7,2.06,0.36,0.1,0.8,1.917006087,16.78,17.67,2.78,0,0,0,0,0,1.145132846,0.5,0,0,0,8.3,6.4,0,0,2.5,92.87,0,22.72,0,0,0,0,0,0,0,2.11,1.257026768,3.67,0,0
20/06/2024 9:30,33.7,0,0.46,1.08,1.203755259,20.7,2.06,0.36,0.1,0.8,2.018156086,16.78,17.67,2.78,0,0,0,0,0,1.17054264,0.5,0,0,0,8.3,6.4,0,0,2.5,92.87,0,22.72,0,0,0,0,0,0,0,2.11,1.300240518,3.67,0,0
20/06/2024 10:00,33.7,0,0.46,1.08,1.250417226,20.7,2.06,0.36,0.1,0.8,2.150448726,16.78,17.67,2.78,0,0,0,0,0,1.200401096,0.5,0,0,0,8.3,6.4,0,0,2.5,92.87,0,22.72,0,0,0,0,0,0,0,2.11,1.363172867,3.67,0,0
20/06/2024 10:30,33.7,0,0.46,1.08,1.291011543,20.7,2.06,0.36,0.1,0.8,2.236111488,16.78,17.67,2.78,0,0,0,0,0,1.229944873,0.5,0,0,0,8.3,6.4,0,0,2.5,92.87,0,22.72,0,0,0,0,0,0,0,2.11,1.414501768,3.67,0,0
20/06/2024 11:00,33.7,0,0.46,1.08,1.334644919,20.7,2.06,0.36,0.1,0.8,2.301524129,16.78,17.67,2.78,0,0,0,0,0,1.243478051,0.5,0,0,0,8.3,6.4,0,0,2.5,92.87,0,22.72,0,0,0,0,0,0,0,2.11,1.458873686,3.67,0,0
20/06/2024 11:30,33.7,0,0.46,1.08,1.371016552,20.7,2.06,0.36,0.1,0.8,2.356782992,16.78,17.67,2.78,0,0,0,0,0,1.26689318,0.5,0,0,0,8.3,6.4,0,0,2.5,92.87,0,22.72,0,0,0,0,0,0,0,2.11,1.497070171,3.67,0,0
20/06/2024 12:00,33.7,0,0.46,1.08,1.391838115,20.7,2.06,0.36,0.1,0.8,2.404732286,16.78,17.67,2.78,0,0,0,0,0,1.292549441,0.5,0,0,0,8.3,6.4,0,0,2.5,92.87,0,22.72,0,0,0,0,0,0,0,2.11,1.528031623,3.67,0,0
20/06/2024 12:30,33.7,0,0.46,1.08,1.413153067,20.7,2.06,0.36,0.1,0.8,2.456585251,16.78,17.67,2.78,0,0,0,0,0,1.307996065,0.5,0,0,0,8.3,6.4,0,0,2.5,92.87,0,22.72,0,0,0,0,0,0,0,2.11,1.554740672,3.67,0,0
20/06/2024 13:00,33.7,0,0.46,1.08,1.46424366,20.7,2.06,0.36,0.1,0.8,2.504065011,16.78,17.67,2.78,0,0,0,0,0,1.299531826,0.5,0,0,0,8.3,6.4,0,0,2.5,92.87,0,22.72,0,0,0,0,0,0,0,2.11,1.589726647,3.67,0,0
20/06/2024 13:30,33.7,0,0.46,1.08,1.508671976,20.7,2.06,0.36,0.1,0.8,2.55981755,16.78,17.67,2.78,0,0,0,0,0,1.299190752,0.5,0,0,0,8.3,6.4,0,0,2.5,92.87,0,22.72,0,0,0,0,0,0,0,2.11,1.630628026,3.67,0,0
20/06/2024 14:00,33.7,0,0.46,1.08,1.543607801,20.7,2.06,0.36,0.1,0.8,2.657917941,16.78,17.67,2.78,0,0,0,0,0,1.323660474,0.5,0,0,0,8.3,6.4,0,0,2.5,92.87,0,22.72,0,0,0,0,0,0,0,2.11,1.687500632,3.67,0,0
20/06/2024 14:30,33.7,0,0.46,1.08,1.55458984,20.7,2.06,0.36,0.1,0.8,2.707428031,16.78,17.67,2.78,0,0,0,0,0,1.335001247,0.5,0,0,0,8.3,6.4,0,0,2.5,92.87,0,22.72,0,0,0,0,0,0,0,2.11,1.725197109,3.67,0,0
20/06/2024 15:00,33.7,0,0.46,1.08,1.596370385,20.7,2.06,0.36,0.1,0.8,2.775514837,16.78,17.67,2.78,0,0,0,0,0,1.338847,0.5,0,0,0,8.3,6.4,0,0,2.5,92.87,0,22.72,0,0,0,0,0,0,0,2.11,1.749426915,3.67,0,0
20/06/2024 15:30,33.7,0,0.46,1.08,1.642522695,20.7,2.06,0.36,0.1,0.8,2.867970062,16.78,17.67,2.78,0,0,0,0,0,1.344173293,0.5,0,0,0,8.3,6.4,0,0,2.5,92.87,0,22.72,0,0,0,0,0,0,0,2.11,1.79191191,3.67,0,0
20/06/2024 16:00,33.7,0,0.46,1.08,1.636037154,20.7,2.06,0.36,0.1,0.8,2.874693657,16.78,17.67,2.78,0,0,0,0,0,1.355005655,0.5,0,0,0,8.3,6.4,0,0,2.5,92.87,0,22.72,0,0,0,0,0,0,0,2.11,1.792219892,3.67,0,0
20/06/2024 16:30,33.7,0,0.46,1.08,1.547156135,20.7,2.06,0.36,0.1,0.8,2.726486014,16.78,17.67,2.78,0,0,0,0,0,1.30962103,0.5,0,0,0,8.3,6.4,0,0,2.5,92.87,0,22.72,0,0,0,0,0,0,0,2.11,1.740652928,3.67,0,0
20/06/2024 17:00,33.7,0,0.46,1.08,1.501866969,20.7,2.06,0.36,0.1,0.8,2.608142898,16.78,17.67,2.78,0,0,0,0,0,1.178793349,0.5,0,0,0,8.3,6.4,0,0,2.5,92.87,0,22.72,0,0,0,0,0,0,0,2.11,1.701725464,3.67,0,0
20/06/2024 17:30,33.7,0,0.46,1.08,1.552454669,20.7,2.06,0.36,0.1,0.8,2.652155066,16.78,17.67,2.78,0,0,0,0,0,1.121799802,0.5,0,0,0,8.3,6.4,0,0,2.5,92.87,0,22.72,0,0,0,0,0,0,0,2.11,1.738907854,3.67,0,0
20/06/2024 18:00,33.7,0,0.46,1.08,1.668424807,20.7,2.06,0.36,0.1,0.8,2.898482351,16.78,17.67,2.78,0,0,0,0,0,1.230887174,0.5,0,0,0,8.3,6.4,0,0,2.5,92.87,0,22.72,0,0,0,0,0,0,0,2.11,1.83868107,3.67,0,0
20/06/2024 18:30,33.7,0,0.46,1.08,1.698245037,20.7,2.06,0.36,0.1,0.8,3.089586051,16.78,17.67,2.78,0,0,0,0,0,1.314673863,0.5,0,0,0,8.3,6.4,0,0,2.5,92.87,0,22.72,0,0,0,0,0,0,0,2.11,1.907681683,3.67,0,0
20/06/2024 19:00,33.7,0,0.46,1.08,1.667090347,20.7,2.06,0.36,0.1,0.8,3.049851444,16.78,17.67,2.78,0,0,0,0,0,1.357754189,0.5,0,0,0,8.3,6.4,0,0,2.5,92.87,0,22.72,0,0,0,0,0,0,0,2.11,1.936253159,3.67,0,0
20/06/2024 19:30,33.7,0,0.46,1.08,1.576540429,20.7,2.06,0.36,0.1,0.8,2.838310583,16.78,17.67,2.78,0,0,0,0,0,1.368855637,0.5,0,0,0,8.3,6.4,0,0,2.5,92.87,0,22.72,0,0,0,0,0,0,0,2.11,1.860078241,3.67,0,0
20/06/2024 20:00,33.7,0,0.46,1.08,1.447562998,20.7,2.06,0.36,0.1,0.8,2.547708711,16.78,17.67,2.78,0,0,0,0,0,1.362654692,0.5,0,0,0,8.3,6.4,0,0,2.5,92.87,0,22.72,0,0,0,0,0,0,0,2.11,1.706027726,3.67,0,0
20/06/2024 20:30,33.7,0,0.46,1.08,1.311492272,20.7,2.06,0.36,0.1,0.8,2.255053298,16.78,17.67,2.78,0,0,0,0,0,1.343990665,0.5,0,0,0,8.3,6.4,0,0,2.5,92.87,0,22.72,0,0,0,0,0,0,0,2.11,1.541849899,3.67,0,0
20/06/2024 21:00,33.7,0,0.46,1.08,1.217456934,20.7,2.06,0.36,0.1,0.8,2.036881857,16.78,17.67,2.78,0,0,0,0,0,1.334346192,0.5,0,0,0,8.3,6.4,0,0,2.5,92.87,0,22.72,0,0,0,0,0,0,0,2.11,1.403502363,3.67,0,0
20/06/2024 21:30,33.7,0,0.46,1.08,1.149905803,20.7,2.06,0.36,0.1,0.8,1.918435265,16.78,17.67,2.78,0,0,0,0,0,1.321633816,0.5,0,0,0,8.3,6.4,0,0,2.5,92.87,0,22.72,0,0,0,0,0,0,0,2.11,1.323710396,3.67,0,0
20/06/2024 22:00,33.7,0,0.46,1.08,1.126481768,20.7,2.06,0.36,0.1,0.8,1.879030248,16.78,17.67,2.78,0,0,0,0,0,1.325440426,0.5,0,0,0,8.3,6.4,0,0,2.5,92.87,0,22.72,0,0,0,0,0,0,0,2.11,1.255132001,3.67,0,0
20/06/2024 22:30,33.7,0,0.46,1.08,1.088397079,20.7,2.06,0.36,0.1,0.8,1.827349111,16.78,17.67,2.78,0,0,0,0,0,1.328792526,0.5,0,0,0,8.3,6.4,0,0,2.5,92.87,0,22.72,0,0,0,0,0,0,0,2.11,1.193792574,3.67,0,0
20/06/2024 23:00,33.7,0,0.46,1.08,1.067181898,20.7,2.06,0.36,0.1,0.8,1.781236832,16.78,17.67,2.78,0,0,0,0,0,1.324108444,0.5,0,0,0,8.3,6.4,0,0,2.5,92.87,0,22.72,0,0,0,0,0,0,0,2.11,1.14526699,3.67,0,0
20/06/2024 23:30,33.7,0,0.46,1.08,1.048292096,20.7,2.06,0.36,0.1,0.8,1.735034941,16.78,17.67,2.78,0,0,0,0,0,1.315980214,0.5,0,0,0,8.3,6.4,0,0,2.5,92.87,0,22.72,0,0,0,0,0,0,0,2.11,1.110758444,3.67,0,0
21/06/2024 0:00,33.7,0,0.46,1.08,1.015438217,20.7,2.06,0.36,0.1,0.8,1.6962476,16.78,17.67,2.78,0,0,0,0,0,1.305464624,0.5,0,0,0,8.3,6.4,0,0,2.5,92.87,0,22.72,0,0,0,0,0,0,0,2.11,1.081196761,3.67,0,0
21/06/2024 0:30,33.7,0,0.46,1.08,0.993670581,20.7,2.06,0.36,0.1,0.8,1.662970035,16.78,17.67,2.78,0,0,0,0,0,1.301924692,0.5,0,0,0,8.3,6.4,0,0,2.5,92.87,0,22.72,0,0,0,0,0,0,0,2.11,1.057178908,3.67,0,0
21/06/2024 1:00,33.7,0,0.46,1.08,0.997283966,20.7,2.06,0.36,0.1,0.8,1.638732433,16.78,17.67,2.78,0,0,0,0,0,1.295649331,0.5,0,0,0,8.3,6.4,0,0,2.5,92.87,0,22.72,0,0,0,0,0,0,0,2.11,1.043380569,3.67,0,0
21/06/2024 1:30,33.7,0,0.46,1.08,0.987351385,20.7,2.06,0.36,0.1,0.8,1.617999291,16.78,17.67,2.78,0,0,0,0,0,1.293357341,0.5,0,0,0,8.3,6.4,0,0,2.5,92.87,0,22.72,0,0,0,0,0,0,0,2.11,1.029923273,3.67,0,0
21/06/2024 2:00,33.7,0,0.46,1.08,0.985521801,20.7,2.06,0.36,0.1,0.8,1.641086511,16.78,17.67,2.78,0,0,0,0,0,1.301021831,0.5,0,0,0,8.3,6.4,0,0,2.5,92.87,0,22.72,0,0,0,0,0,0,0,2.11,1.024203202,3.67,0,0
21/06/2024 2:30,33.7,0,0.46,1.08,0.977206314,20.7,2.06,0.36,0.1,0.8,1.644241151,16.78,17.67,2.78,0,0,0,0,0,1.307292838,0.5,0,0,0,8.3,6.4,0,0,2.5,92.87,0,22.72,0,0,0,0,0,0,0,2.11,1.025893998,3.67,0,0
21/06/2024 3:00,33.7,0,0.46,1.08,1.017478705,20.7,2.06,0.36,0.1,0.8,1.687475382,16.78,17.67,2.78,0,0,0,0,0,1.312562938,0.5,0,0,0,8.3,6.4,0,0,2.5,92.87,0,22.72,0,0,0,0,0,0,0,2.11,1.035349342,3.67,0,0
21/06/2024 3:30,33.7,0,0.46,1.08,1.105081081,20.7,2.06,0.36,0.1,0.8,1.847465057,16.78,17.67,2.78,0,0,0,0,0,1.299307367,0.5,0,0,0,8.3,6.4,0,0,2.5,92.87,0,22.72,0,0,0,0,0,0,0,2.11,1.102319473,3.67,0,0
21/06/2024 4:00,33.7,0,0.46,1.08,1.260295366,20.7,2.06,0.36,0.1,0.8,2.084433746,16.78,17.67,2.78,0,0,0,0,0,1.287502779,0.5,0,0,0,8.3,6.4,0,0,2.5,92.87,0,22.72,0,0,0,0,0,0,0,2.11,1.21579427,3.67,0,0
21/06/2024 4:30,33.7,0,0.46,1.08,1.272269823,20.7,2.06,0.36,0.1,0.8,2.126240278,16.78,17.67,2.78,0,0,0,0,0,1.255758874,0.5,0,0,0,8.3,6.4,0,0,2.5,92.87,0,22.72,0,0,0,0,0,0,0,2.11,1.263129516,3.67,0,0
21/06/2024 5:00,33.7,0,0.46,1.08,1.117054587,20.7,2.06,0.36,0.1,0.8,1.953000715,16.78,17.67,2.78,0,0,0,0,0,1.200832685,0.5,0,0,0,8.3,6.4,0,0,2.5,92.87,0,22.72,0,0,0,0,0,0,0,2.11,1.231947544,3.67,0,0
21/06/2024 5:30,33.7,0,0.46,1.08,1.074049274,20.7,2.06,0.36,0.1,0.8,1.834756487,16.78,17.67,2.78,0,0,0,0,0,1.144148004,0.5,0,0,0,8.3,6.4,0,0,2.5,92.87,0,22.72,0,0,0,0,0,0,0,2.11,1.211211671,3.67,0,0
21/06/2024 6:00,34.14,0,0.46,1.08,1.441459285,25.26,1.78,0.36,0.1,0.8,1.937573233,16.78,17.67,2.87,0,0,0,0,0,1.104411701,0.5,0,0,0,8.3,6.4,0,0,2.5,92.87,0,22.72,0,0,0,0,0,0,0,2.11,1.242943638,3.83,0,0
21/06/2024 6:30,34.14,0,0.46,1.08,1.445858001,25.26,1.78,0.36,0.1,0.8,2.066009789,16.78,17.67,2.87,0,0,0,0,0,1.047073841,0.5,0,0,0,8.3,6.4,0,0,2.5,92.87,0,22.72,0,0,0,0,0,0,0,2.11,1.265073289,3.83,0,0
21/06/2024 7:00,34.14,0,0.46,1.08,1.43706219,25.26,1.78,0.36,0.1,0.8,2.075421151,16.78,17.67,2.87,0,0,0,0,0,1.051400696,0.5,0,0,0,8.3,6.4,0,0,2.5,92.87,0,22.72,0,0,0,0,0,0,0,2.11,1.285042668,3.83,0,0
21/06/2024 7:30,34.14,0,0.46,1.08,1.430048185,25.26,1.78,0.36,0.1,0.8,2.03625454,16.78,17.67,2.87,0,0,0,0,0,1.067380273,0.5,0,0,0,8.3,6.4,0,0,2.5,92.87,0,22.72,0,0,0,0,0,0,0,2.11,1.28470603,3.83,0,0
21/06/2024 8:00,34.14,0,0.46,1.08,1.145783479,25.26,1.78,0.36,0.1,0.8,1.968749224,16.78,17.67,2.87,0,0,0,0,0,1.088195336,0.5,0,0,0,8.3,6.4,0,0,2.5,92.87,0,22.72,0,0,0,0,0,0,0,2.11,1.274504863,3.83,0,0
21/06/2024 8:30,34.14,0,0.46,1.08,1.142089407,25.26,1.78,0.36,0.1,0.8,1.928844576,16.78,17.67,2.87,0,0,0,0,0,1.125034388,0.5,0,0,0,8.3,6.4,0,0,2.5,92.87,0,22.72,0,0,0,0,0,0,0,2.11,1.261910989,3.83,0,0
21/06/2024 9:00,34.14,0,0.46,1.08,1.16456892,25.26,1.78,0.36,0.1,0.8,1.917006087,16.78,17.67,2.87,0,0,0,0,0,1.145132846,0.5,0,0,0,8.3,6.4,0,0,2.5,92.87,0,22.72,0,0,0,0,0,0,0,2.11,1.257026768,3.83,0,0
21/06/2024 9:30,34.14,0,0.46,1.08,1.203755259,25.26,1.78,0.36,0.1,0.8,2.018156086,16.78,17.67,2.87,0,0,0,0,0,1.17054264,0.5,0,0,0,8.3,6.4,0,0,2.5,92.87,0,22.72,0,0,0,0,0,0,0,2.11,1.300240518,3.83,0,0
21/06/2024 10:00,34.14,0,0.46,1.08,1.250417226,25.26,1.78,0.36,0.1,0.8,2.150448726,16.78,17.67,2.87,0,0,0,0,0,1.200401096,0.5,0,0,0,8.3,6.4,0,0,2.5,92.87,0,22.72,0,0,0,0,0,0,0,2.11,1.363172867,3.83,0,0
21/06/2024 10:30,34.14,0,0.46,1.08,1.291011543,25.26,1.78,0.36,0.1,0.8,2.236111488,16.78,17.67,2.87,0,0,0,0,0,1.229944873,0.5,0,0,0,8.3,6.4,0,0,2.5,92.87,0,22.72,0,0,0,0,0,0,0,2.11,1.414501768,3.83,0,0
21/06/2024 11:00,34.14,0,0.46,1.08,1.334644919,25.26,1.78,0.36,0.1,0.8,2.301524129,16.78,17.67,2.87,0,0,0,0,0,1.243478051,0.5,0,0,0,8.3,6.4,0,0,2.5,92.87,0,22.72,0,0,0,0,0,0,0,2.11,1.458873686,3.83,0,0
21/06/2024 11:30,34.14,0,0.46,1.08,1.371016552,25.26,1.78,0.36,0.1,0.8,2.356782992,16.78,17.67,2.87,0,0,0,0,0,1.26689318,0.5,0,0,0,8.3,6.4,0,0,2.5,92.87,0,22.72,0,0,0,0,0,0,0,2.11,1.497070171,3.83,0,0
21/06/2024 12:00,34.14,0,0.46,1.08,1.391838115,25.26,1.78,0.36,0.1,0.8,2.404732286,16.78,17.67,2.87,0,0,0,0,0,1.292549441,0.5,0,0,0,8.3,6.4,0,0,2.5,92.87,0,22.72,0,0,0,0,0,0,0,2.11,1.528031623,3.83,0,0
21/06/2024 12:30,34.14,0,0.46,1.08,1.413153067,25.26,1.78,0.36,0.1,0.8,2.456585251,16.78,17.67,2.87,0,0,0,0,0,1.307996065,0.5,0,0,0,8.3,6.4,0,0,2.5,92.87,0,22.72,0,0,0,0,0,0,0,2.11,1.554740672,3.83,0,0
21/06/2024 13:00,34.14,0,0.46,1.08,1.46424366,25.26,1.78,0.36,0.1,0.8,2.504065011,16.78,17.67,2.87,0,0,0,0,0,1.299531826,0.5,0,0,0,8.3,6.4,0,0,2.5,92.87,0,22.72,0,0,0,0,0,0,0,2.11,1.589726647,3.83,0,0
21/06/2024 13:30,34.14,0,0.46,1.08,1.508671976,25.26,1.78,0.36,0.1,0.8,2.55981755,16.78,17.67,2.87,0,0,0,0,0,1.299190752,0.5,0,0,0,8.3,6.4,0,0,2.5,92.87,0,22.72,0,0,0,0,0,0,0,2.11,1.630628026,3.83,0,0
21/06/2024 14:00,34.14,0,0.46,1.08,1.543607801,25.26,1.78,0.36,0.1,0.8,2.657917941,16.78,17.67,2.87,0,0,0,0,0,1.323660474,0.5,0,0,0,8.3,6.4,0,0,2.5,92.87,0,22.72,0,0,0,0,0,0,0,2.11,1.687500632,3.83,0,0
21/06/2024 14:30,34.14,0,0.46,1.08,1.55458984,25.26,1.78,0.36,0.1,0.8,2.707428031,16.78,17.67,2.87,0,0,0,0,0,1.335001247,0.5,0,0,0,8.3,6.4,0,0,2.5,92.87,0,22.72,0,0,0,0,0,0,0,2.11,1.725197109,3.83,0,0
21/06/2024 15:00,34.14,0,0.46,1.08,1.596370385,25.26,1.78,0.36,0.1,0.8,2.775514837,16.78,17.67,2.87,0,0,0,0,0,1.338847,0.5,0,0,0,8.3,6.4,0,0,2.5,92.87,0,22.72,0,0,0,0,0,0,0,2.11,1.749426915,3.83,0,0
21/06/2024 15:30,34.14,0,0.46,1.08,1.642522695,25.26,1.78,0.36,0.1,0.8,2.867970062,16.78,17.67,2.87,0,0,0,0,0,1.344173293,0.5,0,0,0,8.3,6.4,0,0,2.5,92.87,0,22.72,0,0,0,0,0,0,0,2.11,1.79191191,3.83,0,0
21/06/2024 16:00,34.14,0,0.46,1.08,1.636037154,25.26,1.78,0.36,0.1,0.8,2.874693657,16.78,17.67,2.87,0,0,0,0,0,1.355005655,0.5,0,0,0,8.3,6.4,0,0,2.5,92.87,0,22.72,0,0,0,0,0,0,0,2.11,1.792219892,3.83,0,0
21/06/2024 16:30,34.14,0,0.46,1.08,1.547156135,25.26,1.78,0.36,0.1,0.8,2.726486014,16.78,17.67,2.87,0,0,0,0,0,1.30962103,0.5,0,0,0,8.3,6.4,0,0,2.5,92.87,0,22.72,0,0,0,0,0,0,0,2.11,1.740652928,3.83,0,0
21/06/2024 17:00,34.14,0,0.46,1.08,1.501866969,25.26,1.78,0.36,0.1,0.8,2.608142898,16.78,17.67,2.87,0,0,0,0,0,1.178793349,0.5,0,0,0,8.3,6.4,0,0,2.5,92.87,0,22.72,0,0,0,0,0,0,0,2.11,1.701725464,3.83,0,0
21/06/2024 17:30,34.14,0,0.46,1.08,1.552454669,25.26,1.78,0.36,0.1,0.8,2.652155066,16.78,17.67,2.87,0,0,0,0,0,1.121799802,0.5,0,0,0,8.3,6.4,0,0,2.5,92.87,0,22.72,0,0,0,0,0,0,0,2.11,1.738907854,3.83,0,0
21/06/2024 18:00,34.14,0,0.46,1.08,1.668424807,25.26,1.78,0.36,0.1,0.8,2.898482351,16.78,17.67,2.87,0,0,0,0,0,1.230887174,0.5,0,0,0,8.3,6.4,0,0,2.5,92.87,0,22.72,0,0,0,0,0,0,0,2.11,1.83868107,3.83,0,0
21/06/2024 18:30,34.14,0,0.46,1.08,1.698245037,25.26,1.78,0.36,0.1,0.8,3.089586051,16.78,17.67,2.87,0,0,0,0,0,1.314673863,0.5,0,0,0,8.3,6.4,0,0,2.5,92.87,0,22.72,0,0,0,0,0,0,0,2.11,1.907681683,3.83,0,0
21/06/2024 19:00,34.14,0,0.46,1.08,1.667090347,25.26,1.78,0.36,0.1,0.8,3.049851444,16.78,17.67,2.87,0,0,0,0,0,1.357754189,0.5,0,0,0,8.3,6.4,0,0,2.5,92.87,0,22.72,0,0,0,0,0,0,0,2.11,1.936253159,3.83,0,0
21/06/2024 19:30,34.14,0,0.46,1.08,1.576540429,25.26,1.78,0.36,0.1,0.8,2.838310583,16.78,17.67,2.87,0,0,0,0,0,1.368855637,0.5,0,0,0,8.3,6.4,0,0,2.5,92.87,0,22.72,0,0,0,0,0,0,0,2.11,1.860078241,3.83,0,0
21/06/2024 20:00,34.14,0,0.46,1.08,1.447562998,25.26,1.78,0.36,0.1,0.8,2.547708711,16.78,17.67,2.87,0,0,0,0,0,1.362654692,0.5,0,0,0,8.3,6.4,0,0,2.5,92.87,0,22.72,0,0,0,0,0,0,0,2.11,1.706027726,3.83,0,0
21/06/2024 20:30,34.14,0,0.46,1.08,1.311492272,25.26,1.78,0.36,0.1,0.8,2.255053298,16.78,17.67,2.87,0,0,0,0,0,1.343990665,0.5,0,0,0,8.3,6.4,0,0,2.5,92.87,0,22.72,0,0,0,0,0,0,0,2.11,1.541849899,3.83,0,0
21/06/2024 21:00,34.14,0,0.46,1.08,1.217456934,25.26,1.78,0.36,0.1,0.8,2.036881857,16.78,17.67,2.87,0,0,0,0,0,1.334346192,0.5,0,0,0,8.3,6.4,0,0,2.5,92.87,0,22.72,0,0,0,0,0,0,0,2.11,1.403502363,3.83,0,0
21/06/2024 21:30,34.14,0,0.46,1.08,1.149905803,25.26,1.78,0.36,0.1,0.8,1.918435265,16.78,17.67,2.87,0,0,0,0,0,1.321633816,0.5,0,0,0,8.3,6.4,0,0,2.5,92.87,0,22.72,0,0,0,0,0,0,0,2.11,1.323710396,3.83,0,0
21/06/2024 22:00,34.14,0,0.46,1.08,1.126481768,25.26,1.78,0.36,0.1,0.8,1.879030248,16.78,17.67,2.87,0,0,0,0,0,1.325440426,0.5,0,0,0,8.3,6.4,0,0,2.5,92.87,0,22.72,0,0,0,0,0,0,0,2.11,1.255132001,3.83,0,0
21/06/2024 22:30,34.14,0,0.46,1.08,1.088397079,25.26,1.78,0.36,0.1,0.8,1.827349111,16.78,17.67,2.87,0,0,0,0,0,1.328792526,0.5,0,0,0,8.3,6.4,0,0,2.5,92.87,0,22.72,0,0,0,0,0,0,0,2.11,1.193792574,3.83,0,0
21/06/2024 23:00,34.14,0,0.46,1.08,1.067181898,25.26,1.78,0.36,0.1,0.8,1.781236832,16.78,17.67,2.87,0,0,0,0,0,1.324108444,0.5,0,0,0,8.3,6.4,0,0,2.5,92.87,0,22.72,0,0,0,0,0,0,0,2.11,1.14526699,3.83,0,0
21/06/2024 23:30,34.14,0,0.46,1.08,1.048292096,25.26,1.78,0.36,0.1,0.8,1.735034941,16.78,17.67,2.87,0,0,0,0,0,1.315980214,0.5,0,0,0,8.3,6.4,0,0,2.5,92.87,0,22.72,0,0,0,0,0,0,0,2.11,1.110758444,3.83,0,0
22/06/2024 0:00,34.14,0,0.46,1.08,1.015438217,25.26,1.78,0.36,0.1,0.8,1.6962476,16.78,17.67,2.87,0,0,0,0,0,1.305464624,0.5,0,0,0,8.3,6.4,0,0,2.5,92.87,0,22.72,0,0,0,0,0,0,0,2.11,1.073528699,3.83,0,0
22/06/2024 0:30,34.14,0,0.46,1.08,0.993670581,25.26,1.78,0.36,0.1,0.8,1.662970035,16.78,17.67,2.87,0,0,0,0,0,1.301924692,0.5,0,0,0,8.3,6.4,0,0,2.5,92.87,0,22.72,0,0,0,0,0,0,0,2.11,1.049681185,3.83,0,0
22/06/2024 1:00,34.14,0,0.46,1.08,0.997283966,25.26,1.78,0.36,0.1,0.8,1.638732433,16.78,17.67,2.87,0,0,0,0,0,1.295649331,0.5,0,0,0,8.3,6.4,0,0,2.5,92.87,0,22.72,0,0,0,0,0,0,0,2.11,1.035980707,3.83,0,0
22/06/2024 1:30,34.14,0,0.46,1.08,0.987351385,25.26,1.78,0.36,0.1,0.8,1.617999291,16.78,17.67,2.87,0,0,0,0,0,1.293357341,0.5,0,0,0,8.3,6.4,0,0,2.5,92.87,0,22.72,0,0,0,0,0,0,0,2.11,1.022618852,3.83,0,0
22/06/2024 2:00,34.14,0,0.46,1.08,0.985521801,25.26,1.78,0.36,0.1,0.8,1.641086511,16.78,17.67,2.87,0,0,0,0,0,1.301021831,0.5,0,0,0,8.3,6.4,0,0,2.5,92.87,0,22.72,0,0,0,0,0,0,0,2.11,1.01693935,3.83,0,0
22/06/2024 2:30,34.14,0,0.46,1.08,0.977206314,25.26,1.78,0.36,0.1,0.8,1.644241151,16.78,17.67,2.87,0,0,0,0,0,1.307292838,0.5,0,0,0,8.3,6.4,0,0,2.5,92.87,0,22.72,0,0,0,0,0,0,0,2.11,1.018618154,3.83,0,0
22/06/2024 3:00,34.14,0,0.46,1.08,1.017478705,25.26,1.78,0.36,0.1,0.8,1.687475382,16.78,17.67,2.87,0,0,0,0,0,1.312562938,0.5,0,0,0,8.3,6.4,0,0,2.5,92.87,0,22.72,0,0,0,0,0,0,0,2.11,1.028006439,3.83,0,0
22/06/2024 3:30,34.14,0,0.46,1.08,1.105081081,25.26,1.78,0.36,0.1,0.8,1.847465057,16.78,17.67,2.87,0,0,0,0,0,1.299307367,0.5,0,0,0,8.3,6.4,0,0,2.5,92.87,0,22.72,0,0,0,0,0,0,0,2.11,1.094501604,3.83,0,0
22/06/2024 4:00,34.14,0,0.46,1.08,1.260295366,25.26,1.78,0.36,0.1,0.8,2.084433746,16.78,17.67,2.87,0,0,0,0,0,1.287502779,0.5,0,0,0,8.3,6.4,0,0,2.5,92.87,0,22.72,0,0,0,0,0,0,0,2.11,1.207171615,3.83,0,0
22/06/2024 4:30,34.14,0,0.46,1.08,1.272269823,25.26,1.78,0.36,0.1,0.8,2.126240278,16.78,17.67,2.87,0,0,0,0,0,1.255758874,0.5,0,0,0,8.3,6.4,0,0,2.5,92.87,0,22.72,0,0,0,0,0,0,0,2.11,1.25417115,3.83,0,0
22/06/2024 5:00,34.14,0,0.46,1.08,1.117054587,25.26,1.78,0.36,0.1,0.8,1.953000715,16.78,17.67,2.87,0,0,0,0,0,1.200832685,0.5,0,0,0,8.3,6.4,0,0,2.5,92.87,0,22.72,0,0,0,0,0,0,0,2.11,1.223210328,3.83,0,0
22/06/2024 5:30,34.14,0,0.46,1.08,1.074049274,25.26,1.78,0.36,0.1,0.8,1.834756487,16.78,17.67,2.87,0,0,0,0,0,1.144148004,0.5,0,0,0,8.3,6.4,0,0,2.5,92.87,0,22.72,0,0,0,0,0,0,0,2.11,1.202621517,3.83,0,0
22/06/2024 6:00,34.14,0,0.46,1.08,1.441459285,26.78,1.92,0.36,0.1,0.8,1.937573233,16.78,17.67,2.89,0,0,0,0,0,1.104411701,0.5,0,0,0,8.3,6.4,0,0,2.5,92.87,0,22.72,0,0,0,0,0,0,0,2.11,1.234128435,3.67,0,0
22/06/2024 6:30,34.14,0,0.46,1.08,1.445858001,26.78,1.92,0.36,0.1,0.8,2.066009789,16.78,17.67,2.89,0,0,0,0,0,1.047073841,0.5,0,0,0,8.3,6.4,0,0,2.5,92.87,0,22.72,0,0,0,0,0,0,0,2.11,1.256101138,3.67,0,0
22/06/2024 7:00,34.14,0,0.46,1.08,1.43706219,26.78,1.92,0.36,0.1,0.8,2.075421151,16.78,17.67,2.89,0,0,0,0,0,1.051400696,0.5,0,0,0,8.3,6.4,0,0,2.5,92.87,0,22.72,0,0,0,0,0,0,0,2.11,1.27592889,3.67,0,0
22/06/2024 7:30,34.14,0,0.46,1.08,1.430048185,26.78,1.92,0.36,0.1,0.8,2.03625454,16.78,17.67,2.89,0,0,0,0,0,1.067380273,0.5,0,0,0,8.3,6.4,0,0,2.5,92.87,0,22.72,0,0,0,0,0,0,0,2.11,1.27559464,3.67,0,0
22/06/2024 8:00,34.14,0,0.46,1.08,1.145783479,26.78,1.92,0.36,0.1,0.8,1.968749224,16.78,17.67,2.89,0,0,0,0,0,1.088195336,0.5,0,0,0,8.3,6.4,0,0,2.5,92.87,0,22.72,0,0,0,0,0,0,0,2.11,1.265465821,3.67,0,0
22/06/2024 8:30,34.14,0,0.46,1.08,1.142089407,26.78,1.92,0.36,0.1,0.8,1.928844576,16.78,17.67,2.89,0,0,0,0,0,1.125034388,0.5,0,0,0,8.3,6.4,0,0,2.5,92.87,0,22.72,0,0,0,0,0,0,0,2.11,1.252961266,3.67,0,0
22/06/2024 9:00,34.14,0,0.46,1.08,1.16456892,26.78,1.92,0.36,0.1,0.8,1.917006087,16.78,17.67,2.89,0,0,0,0,0,1.145132846,0.5,0,0,0,8.3,6.4,0,0,2.5,92.87,0,22.72,0,0,0,0,0,0,0,2.11,1.248111685,3.67,0,0
22/06/2024 9:30,34.14,0,0.46,1.08,1.203755259,26.78,1.92,0.36,0.1,0.8,2.018156086,16.78,17.67,2.89,0,0,0,0,0,1.17054264,0.5,0,0,0,8.3,6.4,0,0,2.5,92.87,0,22.72,0,0,0,0,0,0,0,2.11,1.291018954,3.67,0,0
22/06/2024 10:00,34.14,0,0.46,1.08,1.250417226,26.78,1.92,0.36,0.1,0.8,2.150448726,16.78,17.67,2.89,0,0,0,0,0,1.200401096,0.5,0,0,0,8.3,6.4,0,0,2.5,92.87,0,22.72,0,0,0,0,0,0,0,2.11,1.353504975,3.67,0,0
22/06/2024 10:30,34.14,0,0.46,1.08,1.291011543,26.78,1.92,0.36,0.1,0.8,2.236111488,16.78,17.67,2.89,0,0,0,0,0,1.229944873,0.5,0,0,0,8.3,6.4,0,0,2.5,92.87,0,22.72,0,0,0,0,0,0,0,2.11,1.404469841,3.67,0,0
22/06/2024 11:00,34.14,0,0.46,1.08,1.334644919,26.78,1.92,0.36,0.1,0.8,2.301524129,16.78,17.67,2.89,0,0,0,0,0,1.243478051,0.5,0,0,0,8.3,6.4,0,0,2.5,92.87,0,22.72,0,0,0,0,0,0,0,2.11,1.448527064,3.67,0,0
22/06/2024 11:30,34.14,0,0.46,1.08,1.371016552,26.78,1.92,0.36,0.1,0.8,2.356782992,16.78,17.67,2.89,0,0,0,0,0,1.26689318,0.5,0,0,0,8.3,6.4,0,0,2.5,92.87,0,22.72,0,0,0,0,0,0,0,2.11,1.486452652,3.67,0,0
22/06/2024 12:00,34.14,0,0.46,1.08,1.391838115,26.78,1.92,0.36,0.1,0.8,2.404732286,16.78,17.67,2.89,0,0,0,0,0,1.292549441,0.5,0,0,0,8.3,6.4,0,0,2.5,92.87,0,22.72,0,0,0,0,0,0,0,2.11,1.517194519,3.67,0,0
22/06/2024 12:30,34.14,0,0.46,1.08,1.413153067,26.78,1.92,0.36,0.1,0.8,2.456585251,16.78,17.67,2.89,0,0,0,0,0,1.307996065,0.5,0,0,0,8.3,6.4,0,0,2.5,92.87,0,22.72,0,0,0,0,0,0,0,2.11,1.543714143,3.67,0,0
22/06/2024 13:00,34.14,0,0.46,1.08,1.46424366,26.78,1.92,0.36,0.1,0.8,2.504065011,16.78,17.67,2.89,0,0,0,0,0,1.299531826,0.5,0,0,0,8.3,6.4,0,0,2.5,92.87,0,22.72,0,0,0,0,0,0,0,2.11,1.57845199,3.67,0,0
22/06/2024 13:30,34.14,0,0.46,1.08,1.508671976,26.78,1.92,0.36,0.1,0.8,2.55981755,16.78,17.67,2.89,0,0,0,0,0,1.299190752,0.5,0,0,0,8.3,6.4,0,0,2.5,92.87,0,22.72,0,0,0,0,0,0,0,2.11,1.619063289,3.67,0,0
22/06/2024 14:00,34.14,0,0.46,1.08,1.543607801,26.78,1.92,0.36,0.1,0.8,2.657917941,16.78,17.67,2.89,0,0,0,0,0,1.323660474,0.5,0,0,0,8.3,6.4,0,0,2.5,92.87,0,22.72,0,0,0,0,0,0,0,2.11,1.675532543,3.67,0,0
22/06/2024 14:30,34.14,0,0.46,1.08,1.55458984,26.78,1.92,0.36,0.1,0.8,2.707428031,16.78,17.67,2.89,0,0,0,0,0,1.335001247,0.5,0,0,0,8.3,6.4,0,0,2.5,92.87,0,22.72,0,0,0,0,0,0,0,2.11,1.712961668,3.67,0,0
22/06/2024 15:00,34.14,0,0.46,1.08,1.596370385,26.78,1.92,0.36,0.1,0.8,2.775514837,16.78,17.67,2.89,0,0,0,0,0,1.338847,0.5,0,0,0,8.3,6.4,0,0,2.5,92.87,0,22.72,0,0,0,0,0,0,0,2.11,1.737019632,3.67,0,0
22/06/2024 15:30,34.14,0,0.46,1.08,1.642522695,26.78,1.92,0.36,0.1,0.8,2.867970062,16.78,17.67,2.89,0,0,0,0,0,1.344173293,0.5,0,0,0,8.3,6.4,0,0,2.5,92.87,0,22.72,0,0,0,0,0,0,0,2.11,1.779203315,3.67,0,0
22/06/2024 16:00,34.14,0,0.46,1.08,1.636037154,26.78,1.92,0.36,0.1,0.8,2.874693657,16.78,17.67,2.89,0,0,0,0,0,1.355005655,0.5,0,0,0,8.3,6.4,0,0,2.5,92.87,0,22.72,0,0,0,0,0,0,0,2.11,1.779509113,3.67,0,0
22/06/2024 16:30,34.14,0,0.46,1.08,1.547156135,26.78,1.92,0.36,0.1,0.8,2.726486014,16.78,17.67,2.89,0,0,0,0,0,1.30962103,0.5,0,0,0,8.3,6.4,0,0,2.5,92.87,0,22.72,0,0,0,0,0,0,0,2.11,1.728307872,3.67,0,0
22/06/2024 17:00,34.14,0,0.46,1.08,1.501866969,26.78,1.92,0.36,0.1,0.8,2.608142898,16.78,17.67,2.89,0,0,0,0,0,1.178793349,0.5,0,0,0,8.3,6.4,0,0,2.5,92.87,0,22.72,0,0,0,0,0,0,0,2.11,1.689656489,3.67,0,0
22/06/2024 17:30,34.14,0,0.46,1.08,1.552454669,26.78,1.92,0.36,0.1,0.8,2.652155066,16.78,17.67,2.89,0,0,0,0,0,1.121799802,0.5,0,0,0,8.3,6.4,0,0,2.5,92.87,0,22.72,0,0,0,0,0,0,0,2.11,1.726575174,3.67,0,0
22/06/2024 18:00,34.14,0,0.46,1.08,1.668424807,26.78,1.92,0.36,0.1,0.8,2.898482351,16.78,17.67,2.89,0,0,0,0,0,1.230887174,0.5,0,0,0,8.3,6.4,0,0,2.5,92.87,0,22.72,0,0,0,0,0,0,0,2.11,1.825640779,3.67,0,0
22/06/2024 18:30,34.14,0,0.46,1.08,1.698245037,26.78,1.92,0.36,0.1,0.8,3.089586051,16.78,17.67,2.89,0,0,0,0,0,1.314673863,0.5,0,0,0,8.3,6.4,0,0,2.5,92.87,0,22.72,0,0,0,0,0,0,0,2.11,1.894152026,3.67,0,0
22/06/2024 19:00,34.14,0,0.46,1.08,1.667090347,26.78,1.92,0.36,0.1,0.8,3.049851444,16.78,17.67,2.89,0,0,0,0,0,1.357754189,0.5,0,0,0,8.3,6.4,0,0,2.5,92.87,0,22.72,0,0,0,0,0,0,0,2.11,1.922520868,3.67,0,0
22/06/2024 19:30,34.14,0,0.46,1.08,1.576540429,26.78,1.92,0.36,0.1,0.8,2.838310583,16.78,17.67,2.89,0,0,0,0,0,1.368855637,0.5,0,0,0,8.3,6.4,0,0,2.5,92.87,0,22.72,0,0,0,0,0,0,0,2.11,1.846886197,3.67,0,0
22/06/2024 20:00,34.14,0,0.46,1.08,1.447562998,26.78,1.92,0.36,0.1,0.8,2.547708711,16.78,17.67,2.89,0,0,0,0,0,1.362654692,0.5,0,0,0,8.3,6.4,0,0,2.5,92.87,0,22.72,0,0,0,0,0,0,0,2.11,1.693928238,3.67,0,0
22/06/2024 20:30,34.14,0,0.46,1.08,1.311492272,26.78,1.92,0.36,0.1,0.8,2.255053298,16.78,17.67,2.89,0,0,0,0,0,1.343990665,0.5,0,0,0,8.3,6.4,0,0,2.5,92.87,0,22.72,0,0,0,0,0,0,0,2.11,1.530914793,3.67,0,0
22/06/2024 21:00,34.14,0,0.46,1.08,1.217456934,26.78,1.92,0.36,0.1,0.8,2.036881857,16.78,17.67,2.89,0,0,0,0,0,1.334346192,0.5,0,0,0,8.3,6.4,0,0,2.5,92.87,0,22.72,0,0,0,0,0,0,0,2.11,1.393548446,3.67,0,0
22/06/2024 21:30,34.14,0,0.46,1.08,1.149905803,26.78,1.92,0.36,0.1,0.8,1.918435265,16.78,17.67,2.89,0,0,0,0,0,1.321633816,0.5,0,0,0,8.3,6.4,0,0,2.5,92.87,0,22.72,0,0,0,0,0,0,0,2.11,1.314322379,3.67,0,0
22/06/2024 22:00,34.14,0,0.46,1.08,1.126481768,26.78,1.92,0.36,0.1,0.8,1.879030248,16.78,17.67,2.89,0,0,0,0,0,1.325440426,0.5,0,0,0,8.3,6.4,0,0,2.5,92.87,0,22.72,0,0,0,0,0,0,0,2.11,1.246230355,3.67,0,0
22/06/2024 22:30,34.14,0,0.46,1.08,1.088397079,26.78,1.92,0.36,0.1,0.8,1.827349111,16.78,17.67,2.89,0,0,0,0,0,1.328792526,0.5,0,0,0,8.3,6.4,0,0,2.5,92.87,0,22.72,0,0,0,0,0,0,0,2.11,1.18532596,3.67,0,0
22/06/2024 23:00,34.14,0,0.46,1.08,1.067181898,26.78,1.92,0.36,0.1,0.8,1.781236832,16.78,17.67,2.89,0,0,0,0,0,1.324108444,0.5,0,0,0,8.3,6.4,0,0,2.5,92.87,0,22.72,0,0,0,0,0,0,0,2.11,1.137144529,3.67,0,0
22/06/2024 23:30,34.14,0,0.46,1.08,1.048292096,26.78,1.92,0.36,0.1,0.8,1.735034941,16.78,17.67,2.89,0,0,0,0,0,1.315980214,0.5,0,0,0,8.3,6.4,0,0,2.5,92.87,0,22.72,0,0,0,0,0,0,0,2.11,1.102880724,3.67,0,0
23/06/2024 0:00,34.14,0,0.46,1.08,1.015438217,26.78,1.92,0.36,0.1,0.8,1.6962476,16.78,17.67,2.89,0,0,0,0,0,1.305464624,0.5,0,0,0,8.3,6.4,0,0,2.5,92.87,0,22.72,0,0,0,0,0,0,0,2.11,1.073528699,3.67,0,0
23/06/2024 0:30,34.14,0,0.46,1.08,0.993670581,26.78,1.92,0.36,0.1,0.8,1.662970035,16.78,17.67,2.89,0,0,0,0,0,1.301924692,0.5,0,0,0,8.3,6.4,0,0,2.5,92.87,0,22.72,0,0,0,0,0,0,0,2.11,1.049681185,3.67,0,0
23/06/2024 1:00,34.14,0,0.46,1.08,0.997283966,26.78,1.92,0.36,0.1,0.8,1.638732433,16.78,17.67,2.89,0,0,0,0,0,1.295649331,0.5,0,0,0,8.3,6.4,0,0,2.5,92.87,0,22.72,0,0,0,0,0,0,0,2.11,1.035980707,3.67,0,0
23/06/2024 1:30,34.14,0,0.46,1.08,0.987351385,26.78,1.92,0.36,0.1,0.8,1.617999291,16.78,17.67,2.89,0,0,0,0,0,1.293357341,0.5,0,0,0,8.3,6.4,0,0,2.5,92.87,0,22.72,0,0,0,0,0,0,0,2.11,1.022618852,3.67,0,0
23/06/2024 2:00,34.14,0,0.46,1.08,0.985521801,26.78,1.92,0.36,0.1,0.8,1.641086511,16.78,17.67,2.89,0,0,0,0,0,1.301021831,0.5,0,0,0,8.3,6.4,0,0,2.5,92.87,0,22.72,0,0,0,0,0,0,0,2.11,1.01693935,3.67,0,0
23/06/2024 2:30,34.14,0,0.46,1.08,0.977206314,26.78,1.92,0.36,0.1,0.8,1.644241151,16.78,17.67,2.89,0,0,0,0,0,1.307292838,0.5,0,0,0,8.3,6.4,0,0,2.5,92.87,0,22.72,0,0,0,0,0,0,0,2.11,1.018618154,3.67,0,0
23/06/2024 3:00,34.14,0,0.46,1.08,1.017478705,26.78,1.92,0.36,0.1,0.8,1.687475382,16.78,17.67,2.89,0,0,0,0,0,1.312562938,0.5,0,0,0,8.3,6.4,0,0,2.5,92.87,0,22.72,0,0,0,0,0,0,0,2.11,1.028006439,3.67,0,0
23/06/2024 3:30,34.14,0,0.46,1.08,1.105081081,26.78,1.92,0.36,0.1,0.8,1.847465057,16.78,17.67,2.89,0,0,0,0,0,1.299307367,0.5,0,0,0,8.3,6.4,0,0,2.5,92.87,0,22.72,0,0,0,0,0,0,0,2.11,1.094501604,3.67,0,0
23/06/2024 4:00,34.14,0,0.46,1.08,1.260295366,26.78,1.92,0.36,0.1,0.8,2.084433746,16.78,17.67,2.89,0,0,0,0,0,1.287502779,0.5,0,0,0,8.3,6.4,0,0,2.5,92.87,0,22.72,0,0,0,0,0,0,0,2.11,1.207171615,3.67,0,0
23/06/2024 4:30,34.14,0,0.46,1.08,1.272269823,26.78,1.92,0.36,0.1,0.8,2.126240278,16.78,17.67,2.89,0,0,0,0,0,1.255758874,0.5,0,0,0,8.3,6.4,0,0,2.5,92.87,0,22.72,0,0,0,0,0,0,0,2.11,1.25417115,3.67,0,0
23/06/2024 5:00,34.14,0,0.46,1.08,1.117054587,26.78,1.92,0.36,0.1,0.8,1.953000715,16.78,17.67,2.89,0,0,0,0,0,1.200832685,0.5,0,0,0,8.3,6.4,0,0,2.5,92.87,0,22.72,0,0,0,0,0,0,0,2.11,1.223210328,3.67,0,0
23/06/2024 5:30,34.14,0,0.46,1.08,1.074049274,26.78,1.92,0.36,0.1,0.8,1.834756487,16.78,17.67,2.89,0,0,0,0,0,1.144148004,0.5,0,0,0,8.3,6.4,0,0,2.5,92.87,0,22.72,0,0,0,0,0,0,0,2.11,1.202621517,3.67,0,0
23/06/2024 6:00,36.42,0,0.46,1.08,1.441459285,26.78,2.2,0.36,0.1,0.8,1.937573233,16.78,17.67,2.76,0,0,0,0,0,1.104411701,0.5,0,0,0,8.3,6.4,0,0,2.5,92.87,0,22.72,0,0,0,0,0,0,0,2.11,1.234128435,3.55,0,0
23/06/2024 6:30,36.42,0,0.46,1.08,1.445858001,26.78,2.2,0.36,0.1,0.8,2.066009789,16.78,17.67,2.76,0,0,0,0,0,1.047073841,0.5,0,0,0,8.3,6.4,0,0,2.5,92.87,0,22.72,0,0,0,0,0,0,0,2.11,1.256101138,3.55,0,0
23/06/2024 7:00,36.42,0,0.46,1.08,1.43706219,26.78,2.2,0.36,0.1,0.8,2.075421151,16.78,17.67,2.76,0,0,0,0,0,1.051400696,0.5,0,0,0,8.3,6.4,0,0,2.5,92.87,0,22.72,0,0,0,0,0,0,0,2.11,1.27592889,3.55,0,0
23/06/2024 7:30,36.42,0,0.46,1.08,1.430048185,26.78,2.2,0.36,0.1,0.8,2.03625454,16.78,17.67,2.76,0,0,0,0,0,1.067380273,0.5,0,0,0,8.3,6.4,0,0,2.5,92.87,0,22.72,0,0,0,0,0,0,0,2.11,1.27559464,3.55,0,0
23/06/2024 8:00,36.42,0,0.46,1.08,1.145783479,26.78,2.2,0.36,0.1,0.8,1.968749224,16.78,17.67,2.76,0,0,0,0,0,1.088195336,0.5,0,0,0,8.3,6.4,0,0,2.5,92.87,0,22.72,0,0,0,0,0,0,0,2.11,1.265465821,3.55,0,0
23/06/2024 8:30,36.42,0,0.46,1.08,1.142089407,26.78,2.2,0.36,0.1,0.8,1.928844576,16.78,17.67,2.76,0,0,0,0,0,1.125034388,0.5,0,0,0,8.3,6.4,0,0,2.5,92.87,0,22.72,0,0,0,0,0,0,0,2.11,1.252961266,3.55,0,0
23/06/2024 9:00,36.42,0,0.46,1.08,1.16456892,26.78,2.2,0.36,0.1,0.8,1.917006087,16.78,17.67,2.76,0,0,0,0,0,1.145132846,0.5,0,0,0,8.3,6.4,0,0,2.5,92.87,0,22.72,0,0,0,0,0,0,0,2.11,1.248111685,3.55,0,0
23/06/2024 9:30,36.42,0,0.46,1.08,1.203755259,26.78,2.2,0.36,0.1,0.8,2.018156086,16.78,17.67,2.76,0,0,0,0,0,1.17054264,0.5,0,0,0,8.3,6.4,0,0,2.5,92.87,0,22.72,0,0,0,0,0,0,0,2.11,1.291018954,3.55,0,0
23/06/2024 10:00,36.42,0,0.46,1.08,1.250417226,26.78,2.2,0.36,0.1,0.8,2.150448726,16.78,17.67,2.76,0,0,0,0,0,1.200401096,0.5,0,0,0,8.3,6.4,0,0,2.5,92.87,0,22.72,0,0,0,0,0,0,0,2.11,1.353504975,3.55,0,0
23/06/2024 10:30,36.42,0,0.46,1.08,1.291011543,26.78,2.2,0.36,0.1,0.8,2.236111488,16.78,17.67,2.76,0,0,0,0,0,1.229944873,0.5,0,0,0,8.3,6.4,0,0,2.5,92.87,0,22.72,0,0,0,0,0,0,0,2.11,1.404469841,3.55,0,0
23/06/2024 11:00,36.42,0,0.46,1.08,1.334644919,26.78,2.2,0.36,0.1,0.8,2.301524129,16.78,17.67,2.76,0,0,0,0,0,1.243478051,0.5,0,0,0,8.3,6.4,0,0,2.5,92.87,0,22.72,0,0,0,0,0,0,0,2.11,1.448527064,3.55,0,0
23/06/2024 11:30,36.42,0,0.46,1.08,1.371016552,26.78,2.2,0.36,0.1,0.8,2.356782992,16.78,17.67,2.76,0,0,0,0,0,1.26689318,0.5,0,0,0,8.3,6.4,0,0,2.5,92.87,0,22.72,0,0,0,0,0,0,0,2.11,1.486452652,3.55,0,0
23/06/2024 12:00,36.42,0,0.46,1.08,1.391838115,26.78,2.2,0.36,0.1,0.8,2.404732286,16.78,17.67,2.76,0,0,0,0,0,1.292549441,0.5,0,0,0,8.3,6.4,0,0,2.5,92.87,0,22.72,0,0,0,0,0,0,0,2.11,1.517194519,3.55,0,0
23/06/2024 12:30,36.42,0,0.46,1.08,1.413153067,26.78,2.2,0.36,0.1,0.8,2.456585251,16.78,17.67,2.76,0,0,0,0,0,1.307996065,0.5,0,0,0,8.3,6.4,0,0,2.5,92.87,0,22.72,0,0,0,0,0,0,0,2.11,1.543714143,3.55,0,0
23/06/2024 13:00,36.42,0,0.46,1.08,1.46424366,26.78,2.2,0.36,0.1,0.8,2.504065011,16.78,17.67,2.76,0,0,0,0,0,1.299531826,0.5,0,0,0,8.3,6.4,0,0,2.5,92.87,0,22.72,0,0,0,0,0,0,0,2.11,1.57845199,3.55,0,0
23/06/2024 13:30,36.42,0,0.46,1.08,1.508671976,26.78,2.2,0.36,0.1,0.8,2.55981755,16.78,17.67,2.76,0,0,0,0,0,1.299190752,0.5,0,0,0,8.3,6.4,0,0,2.5,92.87,0,22.72,0,0,0,0,0,0,0,2.11,1.619063289,3.55,0,0
23/06/2024 14:00,36.42,0,0.46,1.08,1.543607801,26.78,2.2,0.36,0.1,0.8,2.657917941,16.78,17.67,2.76,0,0,0,0,0,1.323660474,0.5,0,0,0,8.3,6.4,0,0,2.5,92.87,0,22.72,0,0,0,0,0,0,0,2.11,1.675532543,3.55,0,0
23/06/2024 14:30,36.42,0,0.46,1.08,1.55458984,26.78,2.2,0.36,0.1,0.8,2.707428031,16.78,17.67,2.76,0,0,0,0,0,1.335001247,0.5,0,0,0,8.3,6.4,0,0,2.5,92.87,0,22.72,0,0,0,0,0,0,0,2.11,1.712961668,3.55,0,0
23/06/2024 15:00,36.42,0,0.46,1.08,1.596370385,26.78,2.2,0.36,0.1,0.8,2.775514837,16.78,17.67,2.76,0,0,0,0,0,1.338847,0.5,0,0,0,8.3,6.4,0,0,2.5,92.87,0,22.72,0,0,0,0,0,0,0,2.11,1.737019632,3.55,0,0
23/06/2024 15:30,36.42,0,0.46,1.08,1.642522695,26.78,2.2,0.36,0.1,0.8,2.867970062,16.78,17.67,2.76,0,0,0,0,0,1.344173293,0.5,0,0,0,8.3,6.4,0,0,2.5,92.87,0,22.72,0,0,0,0,0,0,0,2.11,1.779203315,3.55,0,0
23/06/2024 16:00,36.42,0,0.46,1.08,1.636037154,26.78,2.2,0.36,0.1,0.8,2.874693657,16.78,17.67,2.76,0,0,0,0,0,1.355005655,0.5,0,0,0,8.3,6.4,0,0,2.5,92.87,0,22.72,0,0,0,0,0,0,0,2.11,1.779509113,3.55,0,0
23/06/2024 16:30,36.42,0,0.46,1.08,1.547156135,26.78,2.2,0.36,0.1,0.8,2.726486014,16.78,17.67,2.76,0,0,0,0,0,1.30962103,0.5,0,0,0,8.3,6.4,0,0,2.5,92.87,0,22.72,0,0,0,0,0,0,0,2.11,1.728307872,3.55,0,0
23/06/2024 17:00,36.42,0,0.46,1.08,1.501866969,26.78,2.2,0.36,0.1,0.8,2.608142898,16.78,17.67,2.76,0,0,0,0,0,1.178793349,0.5,0,0,0,8.3,6.4,0,0,2.5,92.87,0,22.72,0,0,0,0,0,0,0,2.11,1.689656489,3.55,0,0
23/06/2024 17:30,36.42,0,0.46,1.08,1.552454669,26.78,2.2,0.36,0.1,0.8,2.652155066,16.78,17.67,2.76,0,0,0,0,0,1.121799802,0.5,0,0,0,8.3,6.4,0,0,2.5,92.87,0,22.72,0,0,0,0,0,0,0,2.11,1.726575174,3.55,0,0
23/06/2024 18:00,36.42,0,0.46,1.08,1.668424807,26.78,2.2,0.36,0.1,0.8,2.898482351,16.78,17.67,2.76,0,0,0,0,0,1.230887174,0.5,0,0,0,8.3,6.4,0,0,2.5,92.87,0,22.72,0,0,0,0,0,0,0,2.11,1.825640779,3.55,0,0
23/06/2024 18:30,36.42,0,0.46,1.08,1.698245037,26.78,2.2,0.36,0.1,0.8,3.089586051,16.78,17.67,2.76,0,0,0,0,0,1.314673863,0.5,0,0,0,8.3,6.4,0,0,2.5,92.87,0,22.72,0,0,0,0,0,0,0,2.11,1.894152026,3.55,0,0
23/06/2024 19:00,36.42,0,0.46,1.08,1.667090347,26.78,2.2,0.36,0.1,0.8,3.049851444,16.78,17.67,2.76,0,0,0,0,0,1.357754189,0.5,0,0,0,8.3,6.4,0,0,2.5,92.87,0,22.72,0,0,0,0,0,0,0,2.11,1.922520868,3.55,0,0
23/06/2024 19:30,36.42,0,0.46,1.08,1.576540429,26.78,2.2,0.36,0.1,0.8,2.838310583,16.78,17.67,2.76,0,0,0,0,0,1.368855637,0.5,0,0,0,8.3,6.4,0,0,2.5,92.87,0,22.72,0,0,0,0,0,0,0,2.11,1.846886197,3.55,0,0
23/06/2024 20:00,36.42,0,0.46,1.08,1.447562998,26.78,2.2,0.36,0.1,0.8,2.547708711,16.78,17.67,2.76,0,0,0,0,0,1.362654692,0.5,0,0,0,8.3,6.4,0,0,2.5,92.87,0,22.72,0,0,0,0,0,0,0,2.11,1.693928238,3.55,0,0
23/06/2024 20:30,36.42,0,0.46,1.08,1.311492272,26.78,2.2,0.36,0.1,0.8,2.255053298,16.78,17.67,2.76,0,0,0,0,0,1.343990665,0.5,0,0,0,8.3,6.4,0,0,2.5,92.87,0,22.72,0,0,0,0,0,0,0,2.11,1.530914793,3.55,0,0
23/06/2024 21:00,36.42,0,0.46,1.08,1.217456934,26.78,2.2,0.36,0.1,0.8,2.036881857,16.78,17.67,2.76,0,0,0,0,0,1.334346192,0.5,0,0,0,8.3,6.4,0,0,2.5,92.87,0,22.72,0,0,0,0,0,0,0,2.11,1.393548446,3.55,0,0
23/06/2024 21:30,36.42,0,0.46,1.08,1.149905803,26.78,2.2,0.36,0.1,0.8,1.918435265,16.78,17.67,2.76,0,0,0,0,0,1.321633816,0.5,0,0,0,8.3,6.4,0,0,2.5,92.87,0,22.72,0,0,0,0,0,0,0,2.11,1.314322379,3.55,0,0
23/06/2024 22:00,36.42,0,0.46,1.08,1.126481768,26.78,2.2,0.36,0.1,0.8,1.879030248,16.78,17.67,2.76,0,0,0,0,0,1.325440426,0.5,0,0,0,8.3,6.4,0,0,2.5,92.87,0,22.72,0,0,0,0,0,0,0,2.11,1.246230355,3.55,0,0
23/06/2024 22:30,36.42,0,0.46,1.08,1.088397079,26.78,2.2,0.36,0.1,0.8,1.827349111,16.78,17.67,2.76,0,0,0,0,0,1.328792526,0.5,0,0,0,8.3,6.4,0,0,2.5,92.87,0,22.72,0,0,0,0,0,0,0,2.11,1.18532596,3.55,0,0
23/06/2024 23:00,36.42,0,0.46,1.08,1.067181898,26.78,2.2,0.36,0.1,0.8,1.781236832,16.78,17.67,2.76,0,0,0,0,0,1.324108444,0.5,0,0,0,8.3,6.4,0,0,2.5,92.87,0,22.72,0,0,0,0,0,0,0,2.11,1.137144529,3.55,0,0
23/06/2024 23:30,36.42,0,0.46,1.08,1.048292096,26.78,2.2,0.36,0.1,0.8,1.735034941,16.78,17.67,2.76,0,0,0,0,0,1.315980214,0.5,0,0,0,8.3,6.4,0,0,2.5,92.87,0,22.72,0,0,0,0,0,0,0,2.11,1.102880724,3.55,0,0
24/06/2024 0:00,36.42,0,0.46,1.08,1.00768678,26.78,2.2,0.36,0.1,0.8,1.6962476,16.78,17.67,2.76,0,0,0,0,0,1.305464624,0.5,0,0,0,8.3,6.4,0,0,2.5,92.87,0,22.72,0,0,0,0,0,0,0,2.11,1.073528699,3.55,0,0
24/06/2024 0:30,36.42,0,0.46,1.08,0.986085309,26.78,2.2,0.36,0.1,0.8,1.662970035,16.78,17.67,2.76,0,0,0,0,0,1.301924692,0.5,0,0,0,8.3,6.4,0,0,2.5,92.87,0,22.72,0,0,0,0,0,0,0,2.11,1.049681185,3.55,0,0
24/06/2024 1:00,36.42,0,0.46,1.08,0.989671111,26.78,2.2,0.36,0.1,0.8,1.638732433,16.78,17.67,2.76,0,0,0,0,0,1.295649331,0.5,0,0,0,8.3,6.4,0,0,2.5,92.87,0,22.72,0,0,0,0,0,0,0,2.11,1.035980707,3.55,0,0
24/06/2024 1:30,36.42,0,0.46,1.08,0.979814351,26.78,2.2,0.36,0.1,0.8,1.617999291,16.78,17.67,2.76,0,0,0,0,0,1.293357341,0.5,0,0,0,8.3,6.4,0,0,2.5,92.87,0,22.72,0,0,0,0,0,0,0,2.11,1.022618852,3.55,0,0
24/06/2024 2:00,36.42,0,0.46,1.08,0.977998734,26.78,2.2,0.36,0.1,0.8,1.641086511,16.78,17.67,2.76,0,0,0,0,0,1.301021831,0.5,0,0,0,8.3,6.4,0,0,2.5,92.87,0,22.72,0,0,0,0,0,0,0,2.11,1.01693935,3.55,0,0
24/06/2024 2:30,36.42,0,0.46,1.08,0.969746723,26.78,2.2,0.36,0.1,0.8,1.644241151,16.78,17.67,2.76,0,0,0,0,0,1.307292838,0.5,0,0,0,8.3,6.4,0,0,2.5,92.87,0,22.72,0,0,0,0,0,0,0,2.11,1.018618154,3.55,0,0
24/06/2024 3:00,36.42,0,0.46,1.08,1.009711692,26.78,2.2,0.36,0.1,0.8,1.687475382,16.78,17.67,2.76,0,0,0,0,0,1.312562938,0.5,0,0,0,8.3,6.4,0,0,2.5,92.87,0,22.72,0,0,0,0,0,0,0,2.11,1.028006439,3.55,0,0
24/06/2024 3:30,36.42,0,0.46,1.08,1.096645348,26.78,2.2,0.36,0.1,0.8,1.847465057,16.78,17.67,2.76,0,0,0,0,0,1.299307367,0.5,0,0,0,8.3,6.4,0,0,2.5,92.87,0,22.72,0,0,0,0,0,0,0,2.11,1.094501604,3.55,0,0
24/06/2024 4:00,36.42,0,0.46,1.08,1.250674791,26.78,2.2,0.36,0.1,0.8,2.084433746,16.78,17.67,2.76,0,0,0,0,0,1.287502779,0.5,0,0,0,8.3,6.4,0,0,2.5,92.87,0,22.72,0,0,0,0,0,0,0,2.11,1.207171615,3.55,0,0
24/06/2024 4:30,36.42,0,0.46,1.08,1.262557839,26.78,2.2,0.36,0.1,0.8,2.126240278,16.78,17.67,2.76,0,0,0,0,0,1.255758874,0.5,0,0,0,8.3,6.4,0,0,2.5,92.87,0,22.72,0,0,0,0,0,0,0,2.11,1.25417115,3.55,0,0
24/06/2024 5:00,36.42,0,0.46,1.08,1.108527452,26.78,2.2,0.36,0.1,0.8,1.953000715,16.78,17.67,2.76,0,0,0,0,0,1.200832685,0.5,0,0,0,8.3,6.4,0,0,2.5,92.87,0,22.72,0,0,0,0,0,0,0,2.11,1.223210328,3.55,0,0
24/06/2024 5:30,36.42,0,0.46,1.08,1.065850424,26.78,2.2,0.36,0.1,0.8,1.834756487,16.78,17.67,2.76,0,0,0,0,0,1.144148004,0.5,0,0,0,8.3,6.4,0,0,2.5,92.87,0,22.72,0,0,0,0,0,0,0,2.11,1.202621517,3.55,0,0
24/06/2024 6:00,36.66,0,0.46,1.08,1.430455779,26.78,2.34,0.36,0.1,0.8,1.937573233,16.78,17.67,2.77,0,0,0,0,0,1.104411701,0.5,0,0,0,8.3,6.4,0,0,2.5,92.87,0,22.72,0,0,0,0,0,0,0,2.11,1.234128435,3.39,0,0
24/06/2024 6:30,36.66,0,0.46,1.08,1.434820917,26.78,2.34,0.36,0.1,0.8,2.066009789,16.78,17.67,2.77,0,0,0,0,0,1.047073841,0.5,0,0,0,8.3,6.4,0,0,2.5,92.87,0,22.72,0,0,0,0,0,0,0,2.11,1.256101138,3.39,0,0
24/06/2024 7:00,36.66,0,0.46,1.08,1.42609225,26.78,2.34,0.36,0.1,0.8,2.075421151,16.78,17.67,2.77,0,0,0,0,0,1.051400696,0.5,0,0,0,8.3,6.4,0,0,2.5,92.87,0,22.72,0,0,0,0,0,0,0,2.11,1.27592889,3.39,0,0
24/06/2024 7:30,36.66,0,0.46,1.08,1.419131787,26.78,2.34,0.36,0.1,0.8,2.03625454,16.78,17.67,2.77,0,0,0,0,0,1.067380273,0.5,0,0,0,8.3,6.4,0,0,2.5,92.87,0,22.72,0,0,0,0,0,0,0,2.11,1.27559464,3.39,0,0
24/06/2024 8:00,36.66,0,0.46,1.08,1.13703704,26.78,2.34,0.36,0.1,0.8,1.968749224,16.78,17.67,2.77,0,0,0,0,0,1.088195336,0.5,0,0,0,8.3,6.4,0,0,2.5,92.87,0,22.72,0,0,0,0,0,0,0,2.11,1.265465821,3.39,0,0
24/06/2024 8:30,36.66,0,0.46,1.08,1.133371167,26.78,2.34,0.36,0.1,0.8,1.928844576,16.78,17.67,2.77,0,0,0,0,0,1.125034388,0.5,0,0,0,8.3,6.4,0,0,2.5,92.87,0,22.72,0,0,0,0,0,0,0,2.11,1.252961266,3.39,0,0
24/06/2024 9:00,36.66,0,0.46,1.08,1.155679081,26.78,2.34,0.36,0.1,0.8,1.917006087,16.78,17.67,2.77,0,0,0,0,0,1.145132846,0.5,0,0,0,8.3,6.4,0,0,2.5,92.87,0,22.72,0,0,0,0,0,0,0,2.11,1.248111685,3.39,0,0
24/06/2024 9:30,36.66,0,0.46,1.08,1.194566287,26.78,2.34,0.36,0.1,0.8,2.018156086,16.78,17.67,2.77,0,0,0,0,0,1.17054264,0.5,0,0,0,8.3,6.4,0,0,2.5,92.87,0,22.72,0,0,0,0,0,0,0,2.11,1.291018954,3.39,0,0
24/06/2024 10:00,36.66,0,0.46,1.08,1.240872056,26.78,2.34,0.36,0.1,0.8,2.150448726,16.78,17.67,2.77,0,0,0,0,0,1.200401096,0.5,0,0,0,8.3,6.4,0,0,2.5,92.87,0,22.72,0,0,0,0,0,0,0,2.11,1.353504975,3.39,0,0
24/06/2024 10:30,36.66,0,0.46,1.08,1.281156493,26.78,2.34,0.36,0.1,0.8,2.236111488,16.78,17.67,2.77,0,0,0,0,0,1.229944873,0.5,0,0,0,8.3,6.4,0,0,2.5,92.87,0,22.72,0,0,0,0,0,0,0,2.11,1.404469841,3.39,0,0
24/06/2024 11:00,36.66,0,0.46,1.08,1.32445679,26.78,2.34,0.36,0.1,0.8,2.301524129,16.78,17.67,2.77,0,0,0,0,0,1.243478051,0.5,0,0,0,8.3,6.4,0,0,2.5,92.87,0,22.72,0,0,0,0,0,0,0,2.11,1.448527064,3.39,0,0
24/06/2024 11:30,36.66,0,0.46,1.08,1.360550777,26.78,2.34,0.36,0.1,0.8,2.356782992,16.78,17.67,2.77,0,0,0,0,0,1.26689318,0.5,0,0,0,8.3,6.4,0,0,2.5,92.87,0,22.72,0,0,0,0,0,0,0,2.11,1.486452652,3.39,0,0
24/06/2024 12:00,36.66,0,0.46,1.08,1.381213397,26.78,2.34,0.36,0.1,0.8,2.404732286,16.78,17.67,2.77,0,0,0,0,0,1.292549441,0.5,0,0,0,8.3,6.4,0,0,2.5,92.87,0,22.72,0,0,0,0,0,0,0,2.11,1.517194519,3.39,0,0
24/06/2024 12:30,36.66,0,0.46,1.08,1.402365639,26.78,2.34,0.36,0.1,0.8,2.456585251,16.78,17.67,2.77,0,0,0,0,0,1.307996065,0.5,0,0,0,8.3,6.4,0,0,2.5,92.87,0,22.72,0,0,0,0,0,0,0,2.11,1.543714143,3.39,0,0
24/06/2024 13:00,36.66,0,0.46,1.08,1.453066228,26.78,2.34,0.36,0.1,0.8,2.504065011,16.78,17.67,2.77,0,0,0,0,0,1.299531826,0.5,0,0,0,8.3,6.4,0,0,2.5,92.87,0,22.72,0,0,0,0,0,0,0,2.11,1.57845199,3.39,0,0
24/06/2024 13:30,36.66,0,0.46,1.08,1.497155396,26.78,2.34,0.36,0.1,0.8,2.55981755,16.78,17.67,2.77,0,0,0,0,0,1.299190752,0.5,0,0,0,8.3,6.4,0,0,2.5,92.87,0,22.72,0,0,0,0,0,0,0,2.11,1.619063289,3.39,0,0
24/06/2024 14:00,36.66,0,0.46,1.08,1.531824535,26.78,2.34,0.36,0.1,0.8,2.657917941,16.78,17.67,2.77,0,0,0,0,0,1.323660474,0.5,0,0,0,8.3,6.4,0,0,2.5,92.87,0,22.72,0,0,0,0,0,0,0,2.11,1.675532543,3.39,0,0
24/06/2024 14:30,36.66,0,0.46,1.08,1.542722742,26.78,2.34,0.36,0.1,0.8,2.707428031,16.78,17.67,2.77,0,0,0,0,0,1.335001247,0.5,0,0,0,8.3,6.4,0,0,2.5,92.87,0,22.72,0,0,0,0,0,0,0,2.11,1.712961668,3.39,0,0
24/06/2024 15:00,36.66,0,0.46,1.08,1.584184352,26.78,2.34,0.36,0.1,0.8,2.775514837,16.78,17.67,2.77,0,0,0,0,0,1.338847,0.5,0,0,0,8.3,6.4,0,0,2.5,92.87,0,22.72,0,0,0,0,0,0,0,2.11,1.737019632,3.39,0,0
24/06/2024 15:30,36.66,0,0.46,1.08,1.629984354,26.78,2.34,0.36,0.1,0.8,2.867970062,16.78,17.67,2.77,0,0,0,0,0,1.344173293,0.5,0,0,0,8.3,6.4,0,0,2.5,92.87,0,22.72,0,0,0,0,0,0,0,2.11,1.779203315,3.39,0,0
24/06/2024 16:00,36.66,0,0.46,1.08,1.623548321,26.78,2.34,0.36,0.1,0.8,2.874693657,16.78,17.67,2.77,0,0,0,0,0,1.355005655,0.5,0,0,0,8.3,6.4,0,0,2.5,92.87,0,22.72,0,0,0,0,0,0,0,2.11,1.779509113,3.39,0,0
24/06/2024 16:30,36.66,0,0.46,1.08,1.535345783,26.78,2.34,0.36,0.1,0.8,2.726486014,16.78,17.67,2.77,0,0,0,0,0,1.30962103,0.5,0,0,0,8.3,6.4,0,0,2.5,92.87,0,22.72,0,0,0,0,0,0,0,2.11,1.728307872,3.39,0,0
24/06/2024 17:00,36.66,0,0.46,1.08,1.490402335,26.78,2.34,0.36,0.1,0.8,2.608142898,16.78,17.67,2.77,0,0,0,0,0,1.178793349,0.5,0,0,0,8.3,6.4,0,0,2.5,92.87,0,22.72,0,0,0,0,0,0,0,2.11,1.689656489,3.39,0,0
24/06/2024 17:30,36.66,0,0.46,1.08,1.54060387,26.78,2.34,0.36,0.1,0.8,2.652155066,16.78,17.67,2.77,0,0,0,0,0,1.121799802,0.5,0,0,0,8.3,6.4,0,0,2.5,92.87,0,22.72,0,0,0,0,0,0,0,2.11,1.726575174,3.39,0,0
24/06/2024 18:00,36.66,0,0.46,1.08,1.65568874,26.78,2.34,0.36,0.1,0.8,2.898482351,16.78,17.67,2.77,0,0,0,0,0,1.230887174,0.5,0,0,0,8.3,6.4,0,0,2.5,92.87,0,22.72,0,0,0,0,0,0,0,2.11,1.825640779,3.39,0,0
24/06/2024 18:30,36.66,0,0.46,1.08,1.685281335,26.78,2.34,0.36,0.1,0.8,3.089586051,16.78,17.67,2.77,0,0,0,0,0,1.314673863,0.5,0,0,0,8.3,6.4,0,0,2.5,92.87,0,22.72,0,0,0,0,0,0,0,2.11,1.894152026,3.39,0,0
24/06/2024 19:00,36.66,0,0.46,1.08,1.654364466,26.78,2.34,0.36,0.1,0.8,3.049851444,16.78,17.67,2.77,0,0,0,0,0,1.357754189,0.5,0,0,0,8.3,6.4,0,0,2.5,92.87,0,22.72,0,0,0,0,0,0,0,2.11,1.922520868,3.39,0,0
24/06/2024 19:30,36.66,0,0.46,1.08,1.564505769,26.78,2.34,0.36,0.1,0.8,2.838310583,16.78,17.67,2.77,0,0,0,0,0,1.368855637,0.5,0,0,0,8.3,6.4,0,0,2.5,92.87,0,22.72,0,0,0,0,0,0,0,2.11,1.846886197,3.39,0,0
24/06/2024 20:00,36.66,0,0.46,1.08,1.436512899,26.78,2.34,0.36,0.1,0.8,2.547708711,16.78,17.67,2.77,0,0,0,0,0,1.362654692,0.5,0,0,0,8.3,6.4,0,0,2.5,92.87,0,22.72,0,0,0,0,0,0,0,2.11,1.693928238,3.39,0,0
24/06/2024 20:30,36.66,0,0.46,1.08,1.301480881,26.78,2.34,0.36,0.1,0.8,2.255053298,16.78,17.67,2.77,0,0,0,0,0,1.343990665,0.5,0,0,0,8.3,6.4,0,0,2.5,92.87,0,22.72,0,0,0,0,0,0,0,2.11,1.530914793,3.39,0,0
24/06/2024 21:00,36.66,0,0.46,1.08,1.208163369,26.78,2.34,0.36,0.1,0.8,2.036881857,16.78,17.67,2.77,0,0,0,0,0,1.334346192,0.5,0,0,0,8.3,6.4,0,0,2.5,92.87,0,22.72,0,0,0,0,0,0,0,2.11,1.393548446,3.39,0,0
24/06/2024 21:30,36.66,0,0.46,1.08,1.141127896,26.78,2.34,0.36,0.1,0.8,1.918435265,16.78,17.67,2.77,0,0,0,0,0,1.321633816,0.5,0,0,0,8.3,6.4,0,0,2.5,92.87,0,22.72,0,0,0,0,0,0,0,2.11,1.314322379,3.39,0,0
24/06/2024 22:00,36.66,0,0.46,1.08,1.11788267,26.78,2.34,0.36,0.1,0.8,1.879030248,16.78,17.67,2.77,0,0,0,0,0,1.325440426,0.5,0,0,0,8.3,6.4,0,0,2.5,92.87,0,22.72,0,0,0,0,0,0,0,2.11,1.246230355,3.39,0,0
24/06/2024 22:30,36.66,0,0.46,1.08,1.080088704,26.78,2.34,0.36,0.1,0.8,1.827349111,16.78,17.67,2.77,0,0,0,0,0,1.328792526,0.5,0,0,0,8.3,6.4,0,0,2.5,92.87,0,22.72,0,0,0,0,0,0,0,2.11,1.18532596,3.39,0,0
24/06/2024 23:00,36.66,0,0.46,1.08,1.059035471,26.78,2.34,0.36,0.1,0.8,1.781236832,16.78,17.67,2.77,0,0,0,0,0,1.324108444,0.5,0,0,0,8.3,6.4,0,0,2.5,92.87,0,22.72,0,0,0,0,0,0,0,2.11,1.137144529,3.39,0,0
24/06/2024 23:30,36.66,0,0.46,1.08,1.040289866,26.78,2.34,0.36,0.1,0.8,1.735034941,16.78,17.67,2.77,0,0,0,0,0,1.315980214,0.5,0,0,0,8.3,6.4,0,0,2.5,92.87,0,22.72,0,0,0,0,0,0,0,2.11,1.102880724,3.39,0,0
25/06/2024 0:00,36.66,0,0.46,1.08,1.00768678,26.78,2.34,0.36,0.1,0.8,1.688572272,16.78,17.67,2.77,0,0,0,0,0,1.305464624,0.5,0,0,0,8.3,6.4,0,0,2.5,92.87,0,22.72,0,0,0,0,0,0,0,2.11,1.073528699,3.39,0,0
25/06/2024 0:30,36.66,0,0.46,1.08,0.986085309,26.78,2.34,0.36,0.1,0.8,1.655445284,16.78,17.67,2.77,0,0,0,0,0,1.301924692,0.5,0,0,0,8.3,6.4,0,0,2.5,92.87,0,22.72,0,0,0,0,0,0,0,2.11,1.049681185,3.39,0,0
25/06/2024 1:00,36.66,0,0.46,1.08,0.989671111,26.78,2.34,0.36,0.1,0.8,1.631317354,16.78,17.67,2.77,0,0,0,0,0,1.295649331,0.5,0,0,0,8.3,6.4,0,0,2.5,92.87,0,22.72,0,0,0,0,0,0,0,2.11,1.035980707,3.39,0,0
25/06/2024 1:30,36.66,0,0.46,1.08,0.979814351,26.78,2.34,0.36,0.1,0.8,1.610678027,16.78,17.67,2.77,0,0,0,0,0,1.293357341,0.5,0,0,0,8.3,6.4,0,0,2.5,92.87,0,22.72,0,0,0,0,0,0,0,2.11,1.022618852,3.39,0,0
25/06/2024 2:00,36.66,0,0.46,1.08,0.977998734,26.78,2.34,0.36,0.1,0.8,1.63366078,16.78,17.67,2.77,0,0,0,0,0,1.301021831,0.5,0,0,0,8.3,6.4,0,0,2.5,92.87,0,22.72,0,0,0,0,0,0,0,2.11,1.01693935,3.39,0,0
25/06/2024 2:30,36.66,0,0.46,1.08,0.969746723,26.78,2.34,0.36,0.1,0.8,1.636801146,16.78,17.67,2.77,0,0,0,0,0,1.307292838,0.5,0,0,0,8.3,6.4,0,0,2.5,92.87,0,22.72,0,0,0,0,0,0,0,2.11,1.018618154,3.39,0,0
25/06/2024 3:00,36.66,0,0.46,1.08,1.009711692,26.78,2.34,0.36,0.1,0.8,1.679839747,16.78,17.67,2.77,0,0,0,0,0,1.312562938,0.5,0,0,0,8.3,6.4,0,0,2.5,92.87,0,22.72,0,0,0,0,0,0,0,2.11,1.028006439,3.39,0,0
25/06/2024 3:30,36.66,0,0.46,1.08,1.096645348,26.78,2.34,0.36,0.1,0.8,1.839105486,16.78,17.67,2.77,0,0,0,0,0,1.299307367,0.5,0,0,0,8.3,6.4,0,0,2.5,92.87,0,22.72,0,0,0,0,0,0,0,2.11,1.094501604,3.39,0,0
25/06/2024 4:00,36.66,0,0.46,1.08,1.250674791,26.78,2.34,0.36,0.1,0.8,2.075001919,16.78,17.67,2.77,0,0,0,0,0,1.287502779,0.5,0,0,0,8.3,6.4,0,0,2.5,92.87,0,22.72,0,0,0,0,0,0,0,2.11,1.207171615,3.39,0,0
25/06/2024 4:30,36.66,0,0.46,1.08,1.262557839,26.78,2.34,0.36,0.1,0.8,2.116619281,16.78,17.67,2.77,0,0,0,0,0,1.255758874,0.5,0,0,0,8.3,6.4,0,0,2.5,92.87,0,22.72,0,0,0,0,0,0,0,2.11,1.25417115,3.39,0,0
25/06/2024 5:00,36.66,0,0.46,1.08,1.108527452,26.78,2.34,0.36,0.1,0.8,1.944163608,16.78,17.67,2.77,0,0,0,0,0,1.200832685,0.5,0,0,0,8.3,6.4,0,0,2.5,92.87,0,22.72,0,0,0,0,0,0,0,2.11,1.223210328,3.39,0,0
25/06/2024 5:30,36.66,0,0.46,1.08,1.065850424,26.78,2.34,0.36,0.1,0.8,1.826454421,16.78,17.67,2.77,0,0,0,0,0,1.144148004,0.5,0,0,0,8.3,6.4,0,0,2.5,92.87,0,22.72,0,0,0,0,0,0,0,2.11,1.202621517,3.39,0,0
25/06/2024 6:00,36,0,0.46,1.08,1.430455779,26.78,2.34,0.36,0.1,0.8,1.928805934,16.78,17.67,2.65,0,0,0,0,0,1.104411701,0.5,0,0,0,8.3,6.4,0,0,2.5,92.87,0,22.72,0,0,0,0,0,0,0,2.11,1.234128435,3.55,0,0
25/06/2024 6:30,36,0,0.46,1.08,1.434820917,26.78,2.34,0.36,0.1,0.8,2.056661328,16.78,17.67,2.65,0,0,0,0,0,1.047073841,0.5,0,0,0,8.3,6.4,0,0,2.5,92.87,0,22.72,0,0,0,0,0,0,0,2.11,1.256101138,3.55,0,0
25/06/2024 7:00,36,0,0.46,1.08,1.42609225,26.78,2.34,0.36,0.1,0.8,2.066030105,16.78,17.67,2.65,0,0,0,0,0,1.051400696,0.5,0,0,0,8.3,6.4,0,0,2.5,92.87,0,22.72,0,0,0,0,0,0,0,2.11,1.27592889,3.55,0,0
25/06/2024 7:30,36,0,0.46,1.08,1.419131787,26.78,2.34,0.36,0.1,0.8,2.027040719,16.78,17.67,2.65,0,0,0,0,0,1.067380273,0.5,0,0,0,8.3,6.4,0,0,2.5,92.87,0,22.72,0,0,0,0,0,0,0,2.11,1.27559464,3.55,0,0
25/06/2024 8:00,36,0,0.46,1.08,1.13703704,26.78,2.34,0.36,0.1,0.8,1.959840857,16.78,17.67,2.65,0,0,0,0,0,1.088195336,0.5,0,0,0,8.3,6.4,0,0,2.5,92.87,0,22.72,0,0,0,0,0,0,0,2.11,1.265465821,3.55,0,0
25/06/2024 8:30,36,0,0.46,1.08,1.133371167,26.78,2.34,0.36,0.1,0.8,1.920116772,16.78,17.67,2.65,0,0,0,0,0,1.125034388,0.5,0,0,0,8.3,6.4,0,0,2.5,92.87,0,22.72,0,0,0,0,0,0,0,2.11,1.252961266,3.55,0,0
25/06/2024 9:00,36,0,0.46,1.08,1.155679081,26.78,2.34,0.36,0.1,0.8,1.908331851,16.78,17.67,2.65,0,0,0,0,0,1.145132846,0.5,0,0,0,8.3,6.4,0,0,2.5,92.87,0,22.72,0,0,0,0,0,0,0,2.11,1.248111685,3.55,0,0
25/06/2024 9:30,36,0,0.46,1.08,1.194566287,26.78,2.34,0.36,0.1,0.8,2.009024158,16.78,17.67,2.65,0,0,0,0,0,1.17054264,0.5,0,0,0,8.3,6.4,0,0,2.5,92.87,0,22.72,0,0,0,0,0,0,0,2.11,1.291018954,3.55,0,0
25/06/2024 10:00,36,0,0.46,1.08,1.240872056,26.78,2.34,0.36,0.1,0.8,2.140718188,16.78,17.67,2.65,0,0,0,0,0,1.200401096,0.5,0,0,0,8.3,6.4,0,0,2.5,92.87,0,22.72,0,0,0,0,0,0,0,2.11,1.353504975,3.55,0,0
25/06/2024 10:30,36,0,0.46,1.08,1.281156493,26.78,2.34,0.36,0.1,0.8,2.225993337,16.78,17.67,2.65,0,0,0,0,0,1.229944873,0.5,0,0,0,8.3,6.4,0,0,2.5,92.87,0,22.72,0,0,0,0,0,0,0,2.11,1.404469841,3.55,0,0
25/06/2024 11:00,36,0,0.46,1.08,1.32445679,26.78,2.34,0.36,0.1,0.8,2.291109992,16.78,17.67,2.65,0,0,0,0,0,1.243478051,0.5,0,0,0,8.3,6.4,0,0,2.5,92.87,0,22.72,0,0,0,0,0,0,0,2.11,1.448527064,3.55,0,0
25/06/2024 11:30,36,0,0.46,1.08,1.360550777,26.78,2.34,0.36,0.1,0.8,2.346118816,16.78,17.67,2.65,0,0,0,0,0,1.26689318,0.5,0,0,0,8.3,6.4,0,0,2.5,92.87,0,22.72,0,0,0,0,0,0,0,2.11,1.486452652,3.55,0,0
25/06/2024 12:00,36,0,0.46,1.08,1.381213397,26.78,2.34,0.36,0.1,0.8,2.393851144,16.78,17.67,2.65,0,0,0,0,0,1.292549441,0.5,0,0,0,8.3,6.4,0,0,2.5,92.87,0,22.72,0,0,0,0,0,0,0,2.11,1.517194519,3.55,0,0
25/06/2024 12:30,36,0,0.46,1.08,1.402365639,26.78,2.34,0.36,0.1,0.8,2.44546948,16.78,17.67,2.65,0,0,0,0,0,1.307996065,0.5,0,0,0,8.3,6.4,0,0,2.5,92.87,0,22.72,0,0,0,0,0,0,0,2.11,1.543714143,3.55,0,0
25/06/2024 13:00,36,0,0.46,1.08,1.453066228,26.78,2.34,0.36,0.1,0.8,2.4927344,16.78,17.67,2.65,0,0,0,0,0,1.299531826,0.5,0,0,0,8.3,6.4,0,0,2.5,92.87,0,22.72,0,0,0,0,0,0,0,2.11,1.57845199,3.55,0,0
25/06/2024 13:30,36,0,0.46,1.08,1.497155396,26.78,2.34,0.36,0.1,0.8,2.548234665,16.78,17.67,2.65,0,0,0,0,0,1.299190752,0.5,0,0,0,8.3,6.4,0,0,2.5,92.87,0,22.72,0,0,0,0,0,0,0,2.11,1.619063289,3.55,0,0
25/06/2024 14:00,36,0,0.46,1.08,1.531824535,26.78,2.34,0.36,0.1,0.8,2.645891163,16.78,17.67,2.65,0,0,0,0,0,1.323660474,0.5,0,0,0,8.3,6.4,0,0,2.5,92.87,0,22.72,0,0,0,0,0,0,0,2.11,1.675532543,3.55,0,0
25/06/2024 14:30,36,0,0.46,1.08,1.542722742,26.78,2.34,0.36,0.1,0.8,2.695177225,16.78,17.67,2.65,0,0,0,0,0,1.335001247,0.5,0,0,0,8.3,6.4,0,0,2.5,92.87,0,22.72,0,0,0,0,0,0,0,2.11,1.712961668,3.55,0,0
25/06/2024 15:00,36,0,0.46,1.08,1.584184352,26.78,2.34,0.36,0.1,0.8,2.762955946,16.78,17.67,2.65,0,0,0,0,0,1.338847,0.5,0,0,0,8.3,6.4,0,0,2.5,92.87,0,22.72,0,0,0,0,0,0,0,2.11,1.737019632,3.55,0,0
25/06/2024 15:30,36,0,0.46,1.08,1.629984354,26.78,2.34,0.36,0.1,0.8,2.854992822,16.78,17.67,2.65,0,0,0,0,0,1.344173293,0.5,0,0,0,8.3,6.4,0,0,2.5,92.87,0,22.72,0,0,0,0,0,0,0,2.11,1.779203315,3.55,0,0
25/06/2024 16:00,36,0,0.46,1.08,1.623548321,26.78,2.34,0.36,0.1,0.8,2.861685993,16.78,17.67,2.65,0,0,0,0,0,1.355005655,0.5,0,0,0,8.3,6.4,0,0,2.5,92.87,0,22.72,0,0,0,0,0,0,0,2.11,1.779509113,3.55,0,0
25/06/2024 16:30,36,0,0.46,1.08,1.535345783,26.78,2.34,0.36,0.1,0.8,2.714148974,16.78,17.67,2.65,0,0,0,0,0,1.30962103,0.5,0,0,0,8.3,6.4,0,0,2.5,92.87,0,22.72,0,0,0,0,0,0,0,2.11,1.728307872,3.55,0,0
25/06/2024 17:00,36,0,0.46,1.08,1.490402335,26.78,2.34,0.36,0.1,0.8,2.596341346,16.78,17.67,2.65,0,0,0,0,0,1.178793349,0.5,0,0,0,8.3,6.4,0,0,2.5,92.87,0,22.72,0,0,0,0,0,0,0,2.11,1.689656489,3.55,0,0
25/06/2024 17:30,36,0,0.46,1.08,1.54060387,26.78,2.34,0.36,0.1,0.8,2.640154365,16.78,17.67,2.65,0,0,0,0,0,1.121799802,0.5,0,0,0,8.3,6.4,0,0,2.5,92.87,0,22.72,0,0,0,0,0,0,0,2.11,1.726575174,3.55,0,0
25/06/2024 18:00,36,0,0.46,1.08,1.65568874,26.78,2.34,0.36,0.1,0.8,2.885367046,16.78,17.67,2.65,0,0,0,0,0,1.230887174,0.5,0,0,0,8.3,6.4,0,0,2.5,92.87,0,22.72,0,0,0,0,0,0,0,2.11,1.825640779,3.55,0,0
25/06/2024 18:30,36,0,0.46,1.08,1.685281335,26.78,2.34,0.36,0.1,0.8,3.075606023,16.78,17.67,2.65,0,0,0,0,0,1.314673863,0.5,0,0,0,8.3,6.4,0,0,2.5,92.87,0,22.72,0,0,0,0,0,0,0,2.11,1.894152026,3.55,0,0
25/06/2024 19:00,36,0,0.46,1.08,1.654364466,26.78,2.34,0.36,0.1,0.8,3.036051211,16.78,17.67,2.65,0,0,0,0,0,1.357754189,0.5,0,0,0,8.3,6.4,0,0,2.5,92.87,0,22.72,0,0,0,0,0,0,0,2.11,1.922520868,3.55,0,0
25/06/2024 19:30,36,0,0.46,1.08,1.564505769,26.78,2.34,0.36,0.1,0.8,2.825467549,16.78,17.67,2.65,0,0,0,0,0,1.368855637,0.5,0,0,0,8.3,6.4,0,0,2.5,92.87,0,22.72,0,0,0,0,0,0,0,2.11,1.846886197,3.55,0,0
25/06/2024 20:00,36,0,0.46,1.08,1.436512899,26.78,2.34,0.36,0.1,0.8,2.536180617,16.78,17.67,2.65,0,0,0,0,0,1.362654692,0.5,0,0,0,8.3,6.4,0,0,2.5,92.87,0,22.72,0,0,0,0,0,0,0,2.11,1.693928238,3.55,0,0
25/06/2024 20:30,36,0,0.46,1.08,1.301480881,26.78,2.34,0.36,0.1,0.8,2.244849437,16.78,17.67,2.65,0,0,0,0,0,1.343990665,0.5,0,0,0,8.3,6.4,0,0,2.5,92.87,0,22.72,0,0,0,0,0,0,0,2.11,1.530914793,3.55,0,0
25/06/2024 21:00,36,0,0.46,1.08,1.208163369,26.78,2.34,0.36,0.1,0.8,2.027665197,16.78,17.67,2.65,0,0,0,0,0,1.334346192,0.5,0,0,0,8.3,6.4,0,0,2.5,92.87,0,22.72,0,0,0,0,0,0,0,2.11,1.393548446,3.55,0,0
25/06/2024 21:30,36,0,0.46,1.08,1.141127896,26.78,2.34,0.36,0.1,0.8,1.909754562,16.78,17.67,2.65,0,0,0,0,0,1.321633816,0.5,0,0,0,8.3,6.4,0,0,2.5,92.87,0,22.72,0,0,0,0,0,0,0,2.11,1.314322379,3.55,0,0
25/06/2024 22:00,36,0,0.46,1.08,1.11788267,26.78,2.34,0.36,0.1,0.8,1.870527849,16.78,17.67,2.65,0,0,0,0,0,1.325440426,0.5,0,0,0,8.3,6.4,0,0,2.5,92.87,0,22.72,0,0,0,0,0,0,0,2.11,1.246230355,3.55,0,0
25/06/2024 22:30,36,0,0.46,1.08,1.080088704,26.78,2.34,0.36,0.1,0.8,1.819080563,16.78,17.67,2.65,0,0,0,0,0,1.328792526,0.5,0,0,0,8.3,6.4,0,0,2.5,92.87,0,22.72,0,0,0,0,0,0,0,2.11,1.18532596,3.55,0,0
25/06/2024 23:00,36,0,0.46,1.08,1.059035471,26.78,2.34,0.36,0.1,0.8,1.773176937,16.78,17.67,2.65,0,0,0,0,0,1.324108444,0.5,0,0,0,8.3,6.4,0,0,2.5,92.87,0,22.72,0,0,0,0,0,0,0,2.11,1.137144529,3.55,0,0
25/06/2024 23:30,36,0,0.46,1.08,1.040289866,26.78,2.34,0.36,0.1,0.8,1.727184104,16.78,17.67,2.65,0,0,0,0,0,1.315980214,0.5,0,0,0,8.3,6.4,0,0,2.5,92.87,0,22.72,0,0,0,0,0,0,0,2.11,1.102880724,3.55,0,0
26/06/2024 0:00,36,0,0.46,1.08,1.00768678,26.78,2.34,0.36,0.1,0.8,1.688572272,16.78,17.67,2.65,0,0,0,0,0,1.305464624,0.5,0,0,0,8.3,6.4,0,0,2.5,92.87,0,22.72,0,0,0,0,0,0,0,2.11,1.073528699,3.55,0,0
26/06/2024 0:30,36,0,0.46,1.08,0.986085309,26.78,2.34,0.36,0.1,0.8,1.655445284,16.78,17.67,2.65,0,0,0,0,0,1.301924692,0.5,0,0,0,8.3,6.4,0,0,2.5,92.87,0,22.72,0,0,0,0,0,0,0,2.11,1.049681185,3.55,0,0
26/06/2024 1:00,36,0,0.46,1.08,0.989671111,26.78,2.34,0.36,0.1,0.8,1.631317354,16.78,17.67,2.65,0,0,0,0,0,1.295649331,0.5,0,0,0,8.3,6.4,0,0,2.5,92.87,0,22.72,0,0,0,0,0,0,0,2.11,1.035980707,3.55,0,0
26/06/2024 1:30,36,0,0.46,1.08,0.979814351,26.78,2.34,0.36,0.1,0.8,1.610678027,16.78,17.67,2.65,0,0,0,0,0,1.293357341,0.5,0,0,0,8.3,6.4,0,0,2.5,92.87,0,22.72,0,0,0,0,0,0,0,2.11,1.022618852,3.55,0,0
26/06/2024 2:00,36,0,0.46,1.08,0.977998734,26.78,2.34,0.36,0.1,0.8,1.63366078,16.78,17.67,2.65,0,0,0,0,0,1.301021831,0.5,0,0,0,8.3,6.4,0,0,2.5,92.87,0,22.72,0,0,0,0,0,0,0,2.11,1.01693935,3.55,0,0
26/06/2024 2:30,36,0,0.46,1.08,0.969746723,26.78,2.34,0.36,0.1,0.8,1.636801146,16.78,17.67,2.65,0,0,0,0,0,1.307292838,0.5,0,0,0,8.3,6.4,0,0,2.5,92.87,0,22.72,0,0,0,0,0,0,0,2.11,1.018618154,3.55,0,0
26/06/2024 3:00,36,0,0.46,1.08,1.009711692,26.78,2.34,0.36,0.1,0.8,1.679839747,16.78,17.67,2.65,0,0,0,0,0,1.312562938,0.5,0,0,0,8.3,6.4,0,0,2.5,92.87,0,22.72,0,0,0,0,0,0,0,2.11,1.028006439,3.55,0,0
26/06/2024 3:30,36,0,0.46,1.08,1.096645348,26.78,2.34,0.36,0.1,0.8,1.839105486,16.78,17.67,2.65,0,0,0,0,0,1.299307367,0.5,0,0,0,8.3,6.4,0,0,2.5,92.87,0,22.72,0,0,0,0,0,0,0,2.11,1.094501604,3.55,0,0
26/06/2024 4:00,36,0,0.46,1.08,1.250674791,26.78,2.34,0.36,0.1,0.8,2.075001919,16.78,17.67,2.65,0,0,0,0,0,1.287502779,0.5,0,0,0,8.3,6.4,0,0,2.5,92.87,0,22.72,0,0,0,0,0,0,0,2.11,1.207171615,3.55,0,0
26/06/2024 4:30,36,0,0.46,1.08,1.262557839,26.78,2.34,0.36,0.1,0.8,2.116619281,16.78,17.67,2.65,0,0,0,0,0,1.255758874,0.5,0,0,0,8.3,6.4,0,0,2.5,92.87,0,22.72,0,0,0,0,0,0,0,2.11,1.25417115,3.55,0,0
26/06/2024 5:00,36,0,0.46,1.08,1.108527452,26.78,2.34,0.36,0.1,0.8,1.944163608,16.78,17.67,2.65,0,0,0,0,0,1.200832685,0.5,0,0,0,8.3,6.4,0,0,2.5,92.87,0,22.72,0,0,0,0,0,0,0,2.11,1.223210328,3.55,0,0
26/06/2024 5:30,36,0,0.46,1.08,1.065850424,26.78,2.34,0.36,0.1,0.8,1.826454421,16.78,17.67,2.65,0,0,0,0,0,1.144148004,0.5,0,0,0,8.3,6.4,0,0,2.5,92.87,0,22.72,0,0,0,0,0,0,0,2.11,1.202621517,3.55,0,0
26/06/2024 6:00,35.99,0,0.46,1.08,1.430455779,26.78,2.34,0.36,0.1,0.8,1.928805934,16.78,17.67,2.77,0,0,0,0,0,1.104411701,0.5,0,0,0,8.3,6.4,0,0,2.5,92.87,0,22.72,0,0,0,0,0,0,0,2.11,1.234128435,3.39,0,0
26/06/2024 6:30,35.99,0,0.46,1.08,1.434820917,26.78,2.34,0.36,0.1,0.8,2.056661328,16.78,17.67,2.77,0,0,0,0,0,1.047073841,0.5,0,0,0,8.3,6.4,0,0,2.5,92.87,0,22.72,0,0,0,0,0,0,0,2.11,1.256101138,3.39,0,0
26/06/2024 7:00,35.99,0,0.46,1.08,1.42609225,26.78,2.34,0.36,0.1,0.8,2.066030105,16.78,17.67,2.77,0,0,0,0,0,1.051400696,0.5,0,0,0,8.3,6.4,0,0,2.5,92.87,0,22.72,0,0,0,0,0,0,0,2.11,1.27592889,3.39,0,0
26/06/2024 7:30,35.99,0,0.46,1.08,1.419131787,26.78,2.34,0.36,0.1,0.8,2.027040719,16.78,17.67,2.77,0,0,0,0,0,1.067380273,0.5,0,0,0,8.3,6.4,0,0,2.5,92.87,0,22.72,0,0,0,0,0,0,0,2.11,1.27559464,3.39,0,0
26/06/2024 8:00,35.99,0,0.46,1.08,1.13703704,26.78,2.34,0.36,0.1,0.8,1.959840857,16.78,17.67,2.77,0,0,0,0,0,1.088195336,0.5,0,0,0,8.3,6.4,0,0,2.5,92.87,0,22.72,0,0,0,0,0,0,0,2.11,1.265465821,3.39,0,0
26/06/2024 8:30,35.99,0,0.46,1.08,1.133371167,26.78,2.34,0.36,0.1,0.8,1.920116772,16.78,17.67,2.77,0,0,0,0,0,1.125034388,0.5,0,0,0,8.3,6.4,0,0,2.5,92.87,0,22.72,0,0,0,0,0,0,0,2.11,1.252961266,3.39,0,0
26/06/2024 9:00,35.99,0,0.46,1.08,1.155679081,26.78,2.34,0.36,0.1,0.8,1.908331851,16.78,17.67,2.77,0,0,0,0,0,1.145132846,0.5,0,0,0,8.3,6.4,0,0,2.5,92.87,0,22.72,0,0,0,0,0,0,0,2.11,1.248111685,3.39,0,0
26/06/2024 9:30,35.99,0,0.46,1.08,1.194566287,26.78,2.34,0.36,0.1,0.8,2.009024158,16.78,17.67,2.77,0,0,0,0,0,1.17054264,0.5,0,0,0,8.3,6.4,0,0,2.5,92.87,0,22.72,0,0,0,0,0,0,0,2.11,1.291018954,3.39,0,0
26/06/2024 10:00,35.99,0,0.46,1.08,1.240872056,26.78,2.34,0.36,0.1,0.8,2.140718188,16.78,17.67,2.77,0,0,0,0,0,1.200401096,0.5,0,0,0,8.3,6.4,0,0,2.5,92.87,0,22.72,0,0,0,0,0,0,0,2.11,1.353504975,3.39,0,0
26/06/2024 10:30,35.99,0,0.46,1.08,1.281156493,26.78,2.34,0.36,0.1,0.8,2.225993337,16.78,17.67,2.77,0,0,0,0,0,1.229944873,0.5,0,0,0,8.3,6.4,0,0,2.5,92.87,0,22.72,0,0,0,0,0,0,0,2.11,1.404469841,3.39,0,0
26/06/2024 11:00,35.99,0,0.46,1.08,1.32445679,26.78,2.34,0.36,0.1,0.8,2.291109992,16.78,17.67,2.77,0,0,0,0,0,1.243478051,0.5,0,0,0,8.3,6.4,0,0,2.5,92.87,0,22.72,0,0,0,0,0,0,0,2.11,1.448527064,3.39,0,0
26/06/2024 11:30,35.99,0,0.46,1.08,1.360550777,26.78,2.34,0.36,0.1,0.8,2.346118816,16.78,17.67,2.77,0,0,0,0,0,1.26689318,0.5,0,0,0,8.3,6.4,0,0,2.5,92.87,0,22.72,0,0,0,0,0,0,0,2.11,1.486452652,3.39,0,0
26/06/2024 12:00,35.99,0,0.46,1.08,1.381213397,26.78,2.34,0.36,0.1,0.8,2.393851144,16.78,17.67,2.77,0,0,0,0,0,1.292549441,0.5,0,0,0,8.3,6.4,0,0,2.5,92.87,0,22.72,0,0,0,0,0,0,0,2.11,1.517194519,3.39,0,0
26/06/2024 12:30,35.99,0,0.46,1.08,1.402365639,26.78,2.34,0.36,0.1,0.8,2.44546948,16.78,17.67,2.77,0,0,0,0,0,1.307996065,0.5,0,0,0,8.3,6.4,0,0,2.5,92.87,0,22.72,0,0,0,0,0,0,0,2.11,1.543714143,3.39,0,0
26/06/2024 13:00,35.99,0,0.46,1.08,1.453066228,26.78,2.34,0.36,0.1,0.8,2.4927344,16.78,17.67,2.77,0,0,0,0,0,1.299531826,0.5,0,0,0,8.3,6.4,0,0,2.5,92.87,0,22.72,0,0,0,0,0,0,0,2.11,1.57845199,3.39,0,0
26/06/2024 13:30,35.99,0,0.46,1.08,1.497155396,26.78,2.34,0.36,0.1,0.8,2.548234665,16.78,17.67,2.77,0,0,0,0,0,1.299190752,0.5,0,0,0,8.3,6.4,0,0,2.5,92.87,0,22.72,0,0,0,0,0,0,0,2.11,1.619063289,3.39,0,0
26/06/2024 14:00,35.99,0,0.46,1.08,1.531824535,26.78,2.34,0.36,0.1,0.8,2.645891163,16.78,17.67,2.77,0,0,0,0,0,1.323660474,0.5,0,0,0,8.3,6.4,0,0,2.5,92.87,0,22.72,0,0,0,0,0,0,0,2.11,1.675532543,3.39,0,0
26/06/2024 14:30,35.99,0,0.46,1.08,1.542722742,26.78,2.34,0.36,0.1,0.8,2.695177225,16.78,17.67,2.77,0,0,0,0,0,1.335001247,0.5,0,0,0,8.3,6.4,0,0,2.5,92.87,0,22.72,0,0,0,0,0,0,0,2.11,1.712961668,3.39,0,0
26/06/2024 15:00,35.99,0,0.46,1.08,1.584184352,26.78,2.34,0.36,0.1,0.8,2.762955946,16.78,17.67,2.77,0,0,0,0,0,1.338847,0.5,0,0,0,8.3,6.4,0,0,2.5,92.87,0,22.72,0,0,0,0,0,0,0,2.11,1.737019632,3.39,0,0
26/06/2024 15:30,35.99,0,0.46,1.08,1.629984354,26.78,2.34,0.36,0.1,0.8,2.854992822,16.78,17.67,2.77,0,0,0,0,0,1.344173293,0.5,0,0,0,8.3,6.4,0,0,2.5,92.87,0,22.72,0,0,0,0,0,0,0,2.11,1.779203315,3.39,0,0
26/06/2024 16:00,35.99,0,0.46,1.08,1.623548321,26.78,2.34,0.36,0.1,0.8,2.861685993,16.78,17.67,2.77,0,0,0,0,0,1.355005655,0.5,0,0,0,8.3,6.4,0,0,2.5,92.87,0,22.72,0,0,0,0,0,0,0,2.11,1.779509113,3.39,0,0
26/06/2024 16:30,35.99,0,0.46,1.08,1.535345783,26.78,2.34,0.36,0.1,0.8,2.714148974,16.78,17.67,2.77,0,0,0,0,0,1.30962103,0.5,0,0,0,8.3,6.4,0,0,2.5,92.87,0,22.72,0,0,0,0,0,0,0,2.11,1.728307872,3.39,0,0
26/06/2024 17:00,35.99,0,0.46,1.08,1.490402335,26.78,2.34,0.36,0.1,0.8,2.596341346,16.78,17.67,2.77,0,0,0,0,0,1.178793349,0.5,0,0,0,8.3,6.4,0,0,2.5,92.87,0,22.72,0,0,0,0,0,0,0,2.11,1.689656489,3.39,0,0
26/06/2024 17:30,35.99,0,0.46,1.08,1.54060387,26.78,2.34,0.36,0.1,0.8,2.640154365,16.78,17.67,2.77,0,0,0,0,0,1.121799802,0.5,0,0,0,8.3,6.4,0,0,2.5,92.87,0,22.72,0,0,0,0,0,0,0,2.11,1.726575174,3.39,0,0
26/06/2024 18:00,35.99,0,0.46,1.08,1.65568874,26.78,2.34,0.36,0.1,0.8,2.885367046,16.78,17.67,2.77,0,0,0,0,0,1.230887174,0.5,0,0,0,8.3,6.4,0,0,2.5,92.87,0,22.72,0,0,0,0,0,0,0,2.11,1.825640779,3.39,0,0
26/06/2024 18:30,35.99,0,0.46,1.08,1.685281335,26.78,2.34,0.36,0.1,0.8,3.075606023,16.78,17.67,2.77,0,0,0,0,0,1.314673863,0.5,0,0,0,8.3,6.4,0,0,2.5,92.87,0,22.72,0,0,0,0,0,0,0,2.11,1.894152026,3.39,0,0
26/06/2024 19:00,35.99,0,0.46,1.08,1.654364466,26.78,2.34,0.36,0.1,0.8,3.036051211,16.78,17.67,2.77,0,0,0,0,0,1.357754189,0.5,0,0,0,8.3,6.4,0,0,2.5,92.87,0,22.72,0,0,0,0,0,0,0,2.11,1.922520868,3.39,0,0
26/06/2024 19:30,35.99,0,0.46,1.08,1.564505769,26.78,2.34,0.36,0.1,0.8,2.825467549,16.78,17.67,2.77,0,0,0,0,0,1.368855637,0.5,0,0,0,8.3,6.4,0,0,2.5,92.87,0,22.72,0,0,0,0,0,0,0,2.11,1.846886197,3.39,0,0
26/06/2024 20:00,35.99,0,0.46,1.08,1.436512899,26.78,2.34,0.36,0.1,0.8,2.536180617,16.78,17.67,2.77,0,0,0,0,0,1.362654692,0.5,0,0,0,8.3,6.4,0,0,2.5,92.87,0,22.72,0,0,0,0,0,0,0,2.11,1.693928238,3.39,0,0
26/06/2024 20:30,35.99,0,0.46,1.08,1.301480881,26.78,2.34,0.36,0.1,0.8,2.244849437,16.78,17.67,2.77,0,0,0,0,0,1.343990665,0.5,0,0,0,8.3,6.4,0,0,2.5,92.87,0,22.72,0,0,0,0,0,0,0,2.11,1.530914793,3.39,0,0
26/06/2024 21:00,35.99,0,0.46,1.08,1.208163369,26.78,2.34,0.36,0.1,0.8,2.027665197,16.78,17.67,2.77,0,0,0,0,0,1.334346192,0.5,0,0,0,8.3,6.4,0,0,2.5,92.87,0,22.72,0,0,0,0,0,0,0,2.11,1.393548446,3.39,0,0
26/06/2024 21:30,35.99,0,0.46,1.08,1.141127896,26.78,2.34,0.36,0.1,0.8,1.909754562,16.78,17.67,2.77,0,0,0,0,0,1.321633816,0.5,0,0,0,8.3,6.4,0,0,2.5,92.87,0,22.72,0,0,0,0,0,0,0,2.11,1.314322379,3.39,0,0
26/06/2024 22:00,35.99,0,0.46,1.08,1.11788267,26.78,2.34,0.36,0.1,0.8,1.870527849,16.78,17.67,2.77,0,0,0,0,0,1.325440426,0.5,0,0,0,8.3,6.4,0,0,2.5,92.87,0,22.72,0,0,0,0,0,0,0,2.11,1.246230355,3.39,0,0
26/06/2024 22:30,35.99,0,0.46,1.08,1.080088704,26.78,2.34,0.36,0.1,0.8,1.819080563,16.78,17.67,2.77,0,0,0,0,0,1.328792526,0.5,0,0,0,8.3,6.4,0,0,2.5,92.87,0,22.72,0,0,0,0,0,0,0,2.11,1.18532596,3.39,0,0
26/06/2024 23:00,35.99,0,0.46,1.08,1.059035471,26.78,2.34,0.36,0.1,0.8,1.773176937,16.78,17.67,2.77,0,0,0,0,0,1.324108444,0.5,0,0,0,8.3,6.4,0,0,2.5,92.87,0,22.72,0,0,0,0,0,0,0,2.11,1.137144529,3.39,0,0
26/06/2024 23:30,35.99,0,0.46,1.08,1.040289866,26.78,2.34,0.36,0.1,0.8,1.727184104,16.78,17.67,2.77,0,0,0,0,0,1.315980214,0.5,0,0,0,8.3,6.4,0,0,2.5,92.87,0,22.72,0,0,0,0,0,0,0,2.11,1.102880724,3.39,0,0
27/06/2024 0:00,35.99,0,0.46,1.08,1.00768678,26.78,2.34,0.36,0.1,0.8,1.688572272,16.78,17.67,2.77,0,0,0,0,0,1.305464624,0.5,0,0,0,8.3,6.4,0,0,2.5,92.87,0,22.72,0,0,0,0,0,0,0,2.11,1.073528699,3.39,0,0
27/06/2024 0:30,35.99,0,0.46,1.08,0.986085309,26.78,2.34,0.36,0.1,0.8,1.655445284,16.78,17.67,2.77,0,0,0,0,0,1.301924692,0.5,0,0,0,8.3,6.4,0,0,2.5,92.87,0,22.72,0,0,0,0,0,0,0,2.11,1.049681185,3.39,0,0
27/06/2024 1:00,35.99,0,0.46,1.08,0.989671111,26.78,2.34,0.36,0.1,0.8,1.631317354,16.78,17.67,2.77,0,0,0,0,0,1.295649331,0.5,0,0,0,8.3,6.4,0,0,2.5,92.87,0,22.72,0,0,0,0,0,0,0,2.11,1.035980707,3.39,0,0
27/06/2024 1:30,35.99,0,0.46,1.08,0.979814351,26.78,2.34,0.36,0.1,0.8,1.610678027,16.78,17.67,2.77,0,0,0,0,0,1.293357341,0.5,0,0,0,8.3,6.4,0,0,2.5,92.87,0,22.72,0,0,0,0,0,0,0,2.11,1.022618852,3.39,0,0
27/06/2024 2:00,35.99,0,0.46,1.08,0.977998734,26.78,2.34,0.36,0.1,0.8,1.63366078,16.78,17.67,2.77,0,0,0,0,0,1.301021831,0.5,0,0,0,8.3,6.4,0,0,2.5,92.87,0,22.72,0,0,0,0,0,0,0,2.11,1.01693935,3.39,0,0
27/06/2024 2:30,35.99,0,0.46,1.08,0.969746723,26.78,2.34,0.36,0.1,0.8,1.636801146,16.78,17.67,2.77,0,0,0,0,0,1.307292838,0.5,0,0,0,8.3,6.4,0,0,2.5,92.87,0,22.72,0,0,0,0,0,0,0,2.11,1.018618154,3.39,0,0
27/06/2024 3:00,35.99,0,0.46,1.08,1.009711692,26.78,2.34,0.36,0.1,0.8,1.679839747,16.78,17.67,2.77,0,0,0,0,0,1.312562938,0.5,0,0,0,8.3,6.4,0,0,2.5,92.87,0,22.72,0,0,0,0,0,0,0,2.11,1.028006439,3.39,0,0
27/06/2024 3:30,35.99,0,0.46,1.08,1.096645348,26.78,2.34,0.36,0.1,0.8,1.839105486,16.78,17.67,2.77,0,0,0,0,0,1.299307367,0.5,0,0,0,8.3,6.4,0,0,2.5,92.87,0,22.72,0,0,0,0,0,0,0,2.11,1.094501604,3.39,0,0
27/06/2024 4:00,35.99,0,0.46,1.08,1.250674791,26.78,2.34,0.36,0.1,0.8,2.075001919,16.78,17.67,2.77,0,0,0,0,0,1.287502779,0.5,0,0,0,8.3,6.4,0,0,2.5,92.87,0,22.72,0,0,0,0,0,0,0,2.11,1.207171615,3.39,0,0
27/06/2024 4:30,35.99,0,0.46,1.08,1.262557839,26.78,2.34,0.36,0.1,0.8,2.116619281,16.78,17.67,2.77,0,0,0,0,0,1.255758874,0.5,0,0,0,8.3,6.4,0,0,2.5,92.87,0,22.72,0,0,0,0,0,0,0,2.11,1.25417115,3.39,0,0
27/06/2024 5:00,35.99,0,0.46,1.08,1.108527452,26.78,2.34,0.36,0.1,0.8,1.944163608,16.78,17.67,2.77,0,0,0,0,0,1.200832685,0.5,0,0,0,8.3,6.4,0,0,2.5,92.87,0,22.72,0,0,0,0,0,0,0,2.11,1.223210328,3.39,0,0
27/06/2024 5:30,35.99,0,0.46,1.08,1.065850424,26.78,2.34,0.36,0.1,0.8,1.826454421,16.78,17.67,2.77,0,0,0,0,0,1.144148004,0.5,0,0,0,8.3,6.4,0,0,2.5,92.87,0,22.72,0,0,0,0,0,0,0,2.11,1.202621517,3.39,0,0
27/06/2024 6:00,34.86,0,0.46,1.08,1.430455779,26.78,2.34,0.36,0.1,0.8,1.928805934,16.78,17.67,2.65,0,0,0,0,0,1.104411701,0.5,0,0,0,8.3,6.4,0,0,2.5,92.87,0,22.72,0,0,0,0,0,0,0,2.11,1.234128435,3.55,0,0
27/06/2024 6:30,34.86,0,0.46,1.08,1.434820917,26.78,2.34,0.36,0.1,0.8,2.056661328,16.78,17.67,2.65,0,0,0,0,0,1.047073841,0.5,0,0,0,8.3,6.4,0,0,2.5,92.87,0,22.72,0,0,0,0,0,0,0,2.11,1.256101138,3.55,0,0
27/06/2024 7:00,34.86,0,0.46,1.08,1.42609225,26.78,2.34,0.36,0.1,0.8,2.066030105,16.78,17.67,2.65,0,0,0,0,0,1.051400696,0.5,0,0,0,8.3,6.4,0,0,2.5,92.87,0,22.72,0,0,0,0,0,0,0,2.11,1.27592889,3.55,0,0
27/06/2024 7:30,34.86,0,0.46,1.08,1.419131787,26.78,2.34,0.36,0.1,0.8,2.027040719,16.78,17.67,2.65,0,0,0,0,0,1.067380273,0.5,0,0,0,8.3,6.4,0,0,2.5,92.87,0,22.72,0,0,0,0,0,0,0,2.11,1.27559464,3.55,0,0
27/06/2024 8:00,34.86,0,0.46,1.08,1.13703704,26.78,2.34,0.36,0.1,0.8,1.959840857,16.78,17.67,2.65,0,0,0,0,0,1.088195336,0.5,0,0,0,8.3,6.4,0,0,2.5,92.87,0,22.72,0,0,0,0,0,0,0,2.11,1.265465821,3.55,0,0
27/06/2024 8:30,34.86,0,0.46,1.08,1.133371167,26.78,2.34,0.36,0.1,0.8,1.920116772,16.78,17.67,2.65,0,0,0,0,0,1.125034388,0.5,0,0,0,8.3,6.4,0,0,2.5,92.87,0,22.72,0,0,0,0,0,0,0,2.11,1.252961266,3.55,0,0
27/06/2024 9:00,34.86,0,0.46,1.08,1.155679081,26.78,2.34,0.36,0.1,0.8,1.908331851,16.78,17.67,2.65,0,0,0,0,0,1.145132846,0.5,0,0,0,8.3,6.4,0,0,2.5,92.87,0,22.72,0,0,0,0,0,0,0,2.11,1.248111685,3.55,0,0
27/06/2024 9:30,34.86,0,0.46,1.08,1.194566287,26.78,2.34,0.36,0.1,0.8,2.009024158,16.78,17.67,2.65,0,0,0,0,0,1.17054264,0.5,0,0,0,8.3,6.4,0,0,2.5,92.87,0,22.72,0,0,0,0,0,0,0,2.11,1.291018954,3.55,0,0
27/06/2024 10:00,34.86,0,0.46,1.08,1.240872056,26.78,2.34,0.36,0.1,0.8,2.140718188,16.78,17.67,2.65,0,0,0,0,0,1.200401096,0.5,0,0,0,8.3,6.4,0,0,2.5,92.87,0,22.72,0,0,0,0,0,0,0,2.11,1.353504975,3.55,0,0
27/06/2024 10:30,34.86,0,0.46,1.08,1.281156493,26.78,2.34,0.36,0.1,0.8,2.225993337,16.78,17.67,2.65,0,0,0,0,0,1.229944873,0.5,0,0,0,8.3,6.4,0,0,2.5,92.87,0,22.72,0,0,0,0,0,0,0,2.11,1.404469841,3.55,0,0
27/06/2024 11:00,34.86,0,0.46,1.08,1.32445679,26.78,2.34,0.36,0.1,0.8,2.291109992,16.78,17.67,2.65,0,0,0,0,0,1.243478051,0.5,0,0,0,8.3,6.4,0,0,2.5,92.87,0,22.72,0,0,0,0,0,0,0,2.11,1.448527064,3.55,0,0
27/06/2024 11:30,34.86,0,0.46,1.08,1.360550777,26.78,2.34,0.36,0.1,0.8,2.346118816,16.78,17.67,2.65,0,0,0,0,0,1.26689318,0.5,0,0,0,8.3,6.4,0,0,2.5,92.87,0,22.72,0,0,0,0,0,0,0,2.11,1.486452652,3.55,0,0
27/06/2024 12:00,34.86,0,0.46,1.08,1.381213397,26.78,2.34,0.36,0.1,0.8,2.393851144,16.78,17.67,2.65,0,0,0,0,0,1.292549441,0.5,0,0,0,8.3,6.4,0,0,2.5,92.87,0,22.72,0,0,0,0,0,0,0,2.11,1.517194519,3.55,0,0
27/06/2024 12:30,34.86,0,0.46,1.08,1.402365639,26.78,2.34,0.36,0.1,0.8,2.44546948,16.78,17.67,2.65,0,0,0,0,0,1.307996065,0.5,0,0,0,8.3,6.4,0,0,2.5,92.87,0,22.72,0,0,0,0,0,0,0,2.11,1.543714143,3.55,0,0
27/06/2024 13:00,34.86,0,0.46,1.08,1.453066228,26.78,2.34,0.36,0.1,0.8,2.4927344,16.78,17.67,2.65,0,0,0,0,0,1.299531826,0.5,0,0,0,8.3,6.4,0,0,2.5,92.87,0,22.72,0,0,0,0,0,0,0,2.11,1.57845199,3.55,0,0
27/06/2024 13:30,34.86,0,0.46,1.08,1.497155396,26.78,2.34,0.36,0.1,0.8,2.548234665,16.78,17.67,2.65,0,0,0,0,0,1.299190752,0.5,0,0,0,8.3,6.4,0,0,2.5,92.87,0,22.72,0,0,0,0,0,0,0,2.11,1.619063289,3.55,0,0
27/06/2024 14:00,34.86,0,0.46,1.08,1.531824535,26.78,2.34,0.36,0.1,0.8,2.645891163,16.78,17.67,2.65,0,0,0,0,0,1.323660474,0.5,0,0,0,8.3,6.4,0,0,2.5,92.87,0,22.72,0,0,0,0,0,0,0,2.11,1.675532543,3.55,0,0
27/06/2024 14:30,34.86,0,0.46,1.08,1.542722742,26.78,2.34,0.36,0.1,0.8,2.695177225,16.78,17.67,2.65,0,0,0,0,0,1.335001247,0.5,0,0,0,8.3,6.4,0,0,2.5,92.87,0,22.72,0,0,0,0,0,0,0,2.11,1.712961668,3.55,0,0
27/06/2024 15:00,34.86,0,0.46,1.08,1.584184352,26.78,2.34,0.36,0.1,0.8,2.762955946,16.78,17.67,2.65,0,0,0,0,0,1.338847,0.5,0,0,0,8.3,6.4,0,0,2.5,92.87,0,22.72,0,0,0,0,0,0,0,2.11,1.737019632,3.55,0,0
27/06/2024 15:30,34.86,0,0.46,1.08,1.629984354,26.78,2.34,0.36,0.1,0.8,2.854992822,16.78,17.67,2.65,0,0,0,0,0,1.344173293,0.5,0,0,0,8.3,6.4,0,0,2.5,92.87,0,22.72,0,0,0,0,0,0,0,2.11,1.779203315,3.55,0,0
27/06/2024 16:00,34.86,0,0.46,1.08,1.623548321,26.78,2.34,0.36,0.1,0.8,2.861685993,16.78,17.67,2.65,0,0,0,0,0,1.355005655,0.5,0,0,0,8.3,6.4,0,0,2.5,92.87,0,22.72,0,0,0,0,0,0,0,2.11,1.779509113,3.55,0,0
27/06/2024 16:30,34.86,0,0.46,1.08,1.535345783,26.78,2.34,0.36,0.1,0.8,2.714148974,16.78,17.67,2.65,0,0,0,0,0,1.30962103,0.5,0,0,0,8.3,6.4,0,0,2.5,92.87,0,22.72,0,0,0,0,0,0,0,2.11,1.728307872,3.55,0,0
27/06/2024 17:00,34.86,0,0.46,1.08,1.490402335,26.78,2.34,0.36,0.1,0.8,2.596341346,16.78,17.67,2.65,0,0,0,0,0,1.178793349,0.5,0,0,0,8.3,6.4,0,0,2.5,92.87,0,22.72,0,0,0,0,0,0,0,2.11,1.689656489,3.55,0,0
27/06/2024 17:30,34.86,0,0.46,1.08,1.54060387,26.78,2.34,0.36,0.1,0.8,2.640154365,16.78,17.67,2.65,0,0,0,0,0,1.121799802,0.5,0,0,0,8.3,6.4,0,0,2.5,92.87,0,22.72,0,0,0,0,0,0,0,2.11,1.726575174,3.55,0,0
27/06/2024 18:00,34.86,0,0.46,1.08,1.65568874,26.78,2.34,0.36,0.1,0.8,2.885367046,16.78,17.67,2.65,0,0,0,0,0,1.230887174,0.5,0,0,0,8.3,6.4,0,0,2.5,92.87,0,22.72,0,0,0,0,0,0,0,2.11,1.825640779,3.55,0,0
27/06/2024 18:30,34.86,0,0.46,1.08,1.685281335,26.78,2.34,0.36,0.1,0.8,3.075606023,16.78,17.67,2.65,0,0,0,0,0,1.314673863,0.5,0,0,0,8.3,6.4,0,0,2.5,92.87,0,22.72,0,0,0,0,0,0,0,2.11,1.894152026,3.55,0,0
27/06/2024 19:00,34.86,0,0.46,1.08,1.654364466,26.78,2.34,0.36,0.1,0.8,3.036051211,16.78,17.67,2.65,0,0,0,0,0,1.357754189,0.5,0,0,0,8.3,6.4,0,0,2.5,92.87,0,22.72,0,0,0,0,0,0,0,2.11,1.922520868,3.55,0,0
27/06/2024 19:30,34.86,0,0.46,1.08,1.564505769,26.78,2.34,0.36,0.1,0.8,2.825467549,16.78,17.67,2.65,0,0,0,0,0,1.368855637,0.5,0,0,0,8.3,6.4,0,0,2.5,92.87,0,22.72,0,0,0,0,0,0,0,2.11,1.846886197,3.55,0,0
27/06/2024 20:00,34.86,0,0.46,1.08,1.436512899,26.78,2.34,0.36,0.1,0.8,2.536180617,16.78,17.67,2.65,0,0,0,0,0,1.362654692,0.5,0,0,0,8.3,6.4,0,0,2.5,92.87,0,22.72,0,0,0,0,0,0,0,2.11,1.693928238,3.55,0,0
27/06/2024 20:30,34.86,0,0.46,1.08,1.301480881,26.78,2.34,0.36,0.1,0.8,2.244849437,16.78,17.67,2.65,0,0,0,0,0,1.343990665,0.5,0,0,0,8.3,6.4,0,0,2.5,92.87,0,22.72,0,0,0,0,0,0,0,2.11,1.530914793,3.55,0,0
27/06/2024 21:00,34.86,0,0.46,1.08,1.208163369,26.78,2.34,0.36,0.1,0.8,2.027665197,16.78,17.67,2.65,0,0,0,0,0,1.334346192,0.5,0,0,0,8.3,6.4,0,0,2.5,92.87,0,22.72,0,0,0,0,0,0,0,2.11,1.393548446,3.55,0,0
27/06/2024 21:30,34.86,0,0.46,1.08,1.141127896,26.78,2.34,0.36,0.1,0.8,1.909754562,16.78,17.67,2.65,0,0,0,0,0,1.321633816,0.5,0,0,0,8.3,6.4,0,0,2.5,92.87,0,22.72,0,0,0,0,0,0,0,2.11,1.314322379,3.55,0,0
27/06/2024 22:00,34.86,0,0.46,1.08,1.11788267,26.78,2.34,0.36,0.1,0.8,1.870527849,16.78,17.67,2.65,0,0,0,0,0,1.325440426,0.5,0,0,0,8.3,6.4,0,0,2.5,92.87,0,22.72,0,0,0,0,0,0,0,2.11,1.246230355,3.55,0,0
27/06/2024 22:30,34.86,0,0.46,1.08,1.080088704,26.78,2.34,0.36,0.1,0.8,1.819080563,16.78,17.67,2.65,0,0,0,0,0,1.328792526,0.5,0,0,0,8.3,6.4,0,0,2.5,92.87,0,22.72,0,0,0,0,0,0,0,2.11,1.18532596,3.55,0,0
27/06/2024 23:00,34.86,0,0.46,1.08,1.059035471,26.78,2.34,0.36,0.1,0.8,1.773176937,16.78,17.67,2.65,0,0,0,0,0,1.324108444,0.5,0,0,0,8.3,6.4,0,0,2.5,92.87,0,22.72,0,0,0,0,0,0,0,2.11,1.137144529,3.55,0,0
27/06/2024 23:30,34.86,0,0.46,1.08,1.040289866,26.78,2.34,0.36,0.1,0.8,1.727184104,16.78,17.67,2.65,0,0,0,0,0,1.315980214,0.5,0,0,0,8.3,6.4,0,0,2.5,92.87,0,22.72,0,0,0,0,0,0,0,2.11,1.102880724,3.55,0,0
28/06/2024 0:00,34.86,0,0.46,1.08,1.00768678,26.78,2.34,0.36,0.1,0.8,1.688572272,16.78,17.67,2.65,0,0,0,0,0,1.305464624,0.5,0,0,0,8.3,6.4,0,0,2.5,92.87,0,22.72,0,0,0,0,0,0,0,2.11,1.073528699,3.55,0,0
28/06/2024 0:30,34.86,0,0.46,1.08,0.986085309,26.78,2.34,0.36,0.1,0.8,1.655445284,16.78,17.67,2.65,0,0,0,0,0,1.301924692,0.5,0,0,0,8.3,6.4,0,0,2.5,92.87,0,22.72,0,0,0,0,0,0,0,2.11,1.049681185,3.55,0,0
28/06/2024 1:00,34.86,0,0.46,1.08,0.989671111,26.78,2.34,0.36,0.1,0.8,1.631317354,16.78,17.67,2.65,0,0,0,0,0,1.295649331,0.5,0,0,0,8.3,6.4,0,0,2.5,92.87,0,22.72,0,0,0,0,0,0,0,2.11,1.035980707,3.55,0,0
28/06/2024 1:30,34.86,0,0.46,1.08,0.979814351,26.78,2.34,0.36,0.1,0.8,1.610678027,16.78,17.67,2.65,0,0,0,0,0,1.293357341,0.5,0,0,0,8.3,6.4,0,0,2.5,92.87,0,22.72,0,0,0,0,0,0,0,2.11,1.022618852,3.55,0,0
28/06/2024 2:00,34.86,0,0.46,1.08,0.977998734,26.78,2.34,0.36,0.1,0.8,1.63366078,16.78,17.67,2.65,0,0,0,0,0,1.301021831,0.5,0,0,0,8.3,6.4,0,0,2.5,92.87,0,22.72,0,0,0,0,0,0,0,2.11,1.01693935,3.55,0,0
28/06/2024 2:30,34.86,0,0.46,1.08,0.969746723,26.78,2.34,0.36,0.1,0.8,1.636801146,16.78,17.67,2.65,0,0,0,0,0,1.307292838,0.5,0,0,0,8.3,6.4,0,0,2.5,92.87,0,22.72,0,0,0,0,0,0,0,2.11,1.018618154,3.55,0,0
28/06/2024 3:00,34.86,0,0.46,1.08,1.009711692,26.78,2.34,0.36,0.1,0.8,1.679839747,16.78,17.67,2.65,0,0,0,0,0,1.312562938,0.5,0,0,0,8.3,6.4,0,0,2.5,92.87,0,22.72,0,0,0,0,0,0,0,2.11,1.028006439,3.55,0,0
28/06/2024 3:30,34.86,0,0.46,1.08,1.096645348,26.78,2.34,0.36,0.1,0.8,1.839105486,16.78,17.67,2.65,0,0,0,0,0,1.299307367,0.5,0,0,0,8.3,6.4,0,0,2.5,92.87,0,22.72,0,0,0,0,0,0,0,2.11,1.094501604,3.55,0,0
28/06/2024 4:00,34.86,0,0.46,1.08,1.250674791,26.78,2.34,0.36,0.1,0.8,2.075001919,16.78,17.67,2.65,0,0,0,0,0,1.287502779,0.5,0,0,0,8.3,6.4,0,0,2.5,92.87,0,22.72,0,0,0,0,0,0,0,2.11,1.207171615,3.55,0,0
28/06/2024 4:30,34.86,0,0.46,1.08,1.262557839,26.78,2.34,0.36,0.1,0.8,2.116619281,16.78,17.67,2.65,0,0,0,0,0,1.255758874,0.5,0,0,0,8.3,6.4,0,0,2.5,92.87,0,22.72,0,0,0,0,0,0,0,2.11,1.25417115,3.55,0,0
28/06/2024 5:00,34.86,0,0.46,1.08,1.108527452,26.78,2.34,0.36,0.1,0.8,1.944163608,16.78,17.67,2.65,0,0,0,0,0,1.200832685,0.5,0,0,0,8.3,6.4,0,0,2.5,92.87,0,22.72,0,0,0,0,0,0,0,2.11,1.223210328,3.55,0,0
28/06/2024 5:30,34.86,0,0.46,1.08,1.065850424,26.78,2.34,0.36,0.1,0.8,1.826454421,16.78,17.67,2.65,0,0,0,0,0,1.144148004,0.5,0,0,0,8.3,6.4,0,0,2.5,92.87,0,22.72,0,0,0,0,0,0,0,2.11,1.202621517,3.55,0,0
28/06/2024 6:00,33.19,0,0.46,1.08,1.430455779,26.78,2.34,0.36,0.1,0.8,1.928805934,16.78,17.67,2.55,0,0,0,0,0,1.104411701,0.5,0,0,0,8.3,6.4,0,0,2.5,92.87,0,22.72,0,0,0,0,0,0,0,2.11,1.234128435,3.67,0,0
28/06/2024 6:30,33.19,0,0.46,1.08,1.434820917,26.78,2.34,0.36,0.1,0.8,2.056661328,16.78,17.67,2.55,0,0,0,0,0,1.047073841,0.5,0,0,0,8.3,6.4,0,0,2.5,92.87,0,22.72,0,0,0,0,0,0,0,2.11,1.256101138,3.67,0,0
28/06/2024 7:00,33.19,0,0.46,1.08,1.42609225,26.78,2.34,0.36,0.1,0.8,2.066030105,16.78,17.67,2.55,0,0,0,0,0,1.051400696,0.5,0,0,0,8.3,6.4,0,0,2.5,92.87,0,22.72,0,0,0,0,0,0,0,2.11,1.27592889,3.67,0,0
28/06/2024 7:30,33.19,0,0.46,1.08,1.419131787,26.78,2.34,0.36,0.1,0.8,2.027040719,16.78,17.67,2.55,0,0,0,0,0,1.067380273,0.5,0,0,0,8.3,6.4,0,0,2.5,92.87,0,22.72,0,0,0,0,0,0,0,2.11,1.27559464,3.67,0,0
28/06/2024 8:00,33.19,0,0.46,1.08,1.13703704,26.78,2.34,0.36,0.1,0.8,1.959840857,16.78,17.67,2.55,0,0,0,0,0,1.088195336,0.5,0,0,0,8.3,6.4,0,0,2.5,92.87,0,22.72,0,0,0,0,0,0,0,2.11,1.265465821,3.67,0,0
28/06/2024 8:30,33.19,0,0.46,1.08,1.133371167,26.78,2.34,0.36,0.1,0.8,1.920116772,16.78,17.67,2.55,0,0,0,0,0,1.125034388,0.5,0,0,0,8.3,6.4,0,0,2.5,92.87,0,22.72,0,0,0,0,0,0,0,2.11,1.252961266,3.67,0,0
28/06/2024 9:00,33.19,0,0.46,1.08,1.155679081,26.78,2.34,0.36,0.1,0.8,1.908331851,16.78,17.67,2.55,0,0,0,0,0,1.145132846,0.5,0,0,0,8.3,6.4,0,0,2.5,92.87,0,22.72,0,0,0,0,0,0,0,2.11,1.248111685,3.67,0,0
28/06/2024 9:30,33.19,0,0.46,1.08,1.194566287,26.78,2.34,0.36,0.1,0.8,2.009024158,16.78,17.67,2.55,0,0,0,0,0,1.17054264,0.5,0,0,0,8.3,6.4,0,0,2.5,92.87,0,22.72,0,0,0,0,0,0,0,2.11,1.291018954,3.67,0,0
28/06/2024 10:00,33.19,0,0.46,1.08,1.240872056,26.78,2.34,0.36,0.1,0.8,2.140718188,16.78,17.67,2.55,0,0,0,0,0,1.200401096,0.5,0,0,0,8.3,6.4,0,0,2.5,92.87,0,22.72,0,0,0,0,0,0,0,2.11,1.353504975,3.67,0,0
28/06/2024 10:30,33.19,0,0.46,1.08,1.281156493,26.78,2.34,0.36,0.1,0.8,2.225993337,16.78,17.67,2.55,0,0,0,0,0,1.229944873,0.5,0,0,0,8.3,6.4,0,0,2.5,92.87,0,22.72,0,0,0,0,0,0,0,2.11,1.404469841,3.67,0,0
28/06/2024 11:00,33.19,0,0.46,1.08,1.32445679,26.78,2.34,0.36,0.1,0.8,2.291109992,16.78,17.67,2.55,0,0,0,0,0,1.243478051,0.5,0,0,0,8.3,6.4,0,0,2.5,92.87,0,22.72,0,0,0,0,0,0,0,2.11,1.448527064,3.67,0,0
28/06/2024 11:30,33.19,0,0.46,1.08,1.360550777,26.78,2.34,0.36,0.1,0.8,2.346118816,16.78,17.67,2.55,0,0,0,0,0,1.26689318,0.5,0,0,0,8.3,6.4,0,0,2.5,92.87,0,22.72,0,0,0,0,0,0,0,2.11,1.486452652,3.67,0,0
28/06/2024 12:00,33.19,0,0.46,1.08,1.381213397,26.78,2.34,0.36,0.1,0.8,2.393851144,16.78,17.67,2.55,0,0,0,0,0,1.292549441,0.5,0,0,0,8.3,6.4,0,0,2.5,92.87,0,22.72,0,0,0,0,0,0,0,2.11,1.517194519,3.67,0,0
28/06/2024 12:30,33.19,0,0.46,1.08,1.402365639,26.78,2.34,0.36,0.1,0.8,2.44546948,16.78,17.67,2.55,0,0,0,0,0,1.307996065,0.5,0,0,0,8.3,6.4,0,0,2.5,92.87,0,22.72,0,0,0,0,0,0,0,2.11,1.543714143,3.67,0,0
28/06/2024 13:00,33.19,0,0.46,1.08,1.453066228,26.78,2.34,0.36,0.1,0.8,2.4927344,16.78,17.67,2.55,0,0,0,0,0,1.299531826,0.5,0,0,0,8.3,6.4,0,0,2.5,92.87,0,22.72,0,0,0,0,0,0,0,2.11,1.57845199,3.67,0,0
28/06/2024 13:30,33.19,0,0.46,1.08,1.497155396,26.78,2.34,0.36,0.1,0.8,2.548234665,16.78,17.67,2.55,0,0,0,0,0,1.299190752,0.5,0,0,0,8.3,6.4,0,0,2.5,92.87,0,22.72,0,0,0,0,0,0,0,2.11,1.619063289,3.67,0,0
28/06/2024 14:00,33.19,0,0.46,1.08,1.531824535,26.78,2.34,0.36,0.1,0.8,2.645891163,16.78,17.67,2.55,0,0,0,0,0,1.323660474,0.5,0,0,0,8.3,6.4,0,0,2.5,92.87,0,22.72,0,0,0,0,0,0,0,2.11,1.675532543,3.67,0,0
28/06/2024 14:30,33.19,0,0.46,1.08,1.542722742,26.78,2.34,0.36,0.1,0.8,2.695177225,16.78,17.67,2.55,0,0,0,0,0,1.335001247,0.5,0,0,0,8.3,6.4,0,0,2.5,92.87,0,22.72,0,0,0,0,0,0,0,2.11,1.712961668,3.67,0,0
28/06/2024 15:00,33.19,0,0.46,1.08,1.584184352,26.78,2.34,0.36,0.1,0.8,2.762955946,16.78,17.67,2.55,0,0,0,0,0,1.338847,0.5,0,0,0,8.3,6.4,0,0,2.5,92.87,0,22.72,0,0,0,0,0,0,0,2.11,1.737019632,3.67,0,0
28/06/2024 15:30,33.19,0,0.46,1.08,1.629984354,26.78,2.34,0.36,0.1,0.8,2.854992822,16.78,17.67,2.55,0,0,0,0,0,1.344173293,0.5,0,0,0,8.3,6.4,0,0,2.5,92.87,0,22.72,0,0,0,0,0,0,0,2.11,1.779203315,3.67,0,0
28/06/2024 16:00,33.19,0,0.46,1.08,1.623548321,26.78,2.34,0.36,0.1,0.8,2.861685993,16.78,17.67,2.55,0,0,0,0,0,1.355005655,0.5,0,0,0,8.3,6.4,0,0,2.5,92.87,0,22.72,0,0,0,0,0,0,0,2.11,1.779509113,3.67,0,0
28/06/2024 16:30,33.19,0,0.46,1.08,1.535345783,26.78,2.34,0.36,0.1,0.8,2.714148974,16.78,17.67,2.55,0,0,0,0,0,1.30962103,0.5,0,0,0,8.3,6.4,0,0,2.5,92.87,0,22.72,0,0,0,0,0,0,0,2.11,1.728307872,3.67,0,0
28/06/2024 17:00,33.19,0,0.46,1.08,1.490402335,26.78,2.34,0.36,0.1,0.8,2.596341346,16.78,17.67,2.55,0,0,0,0,0,1.178793349,0.5,0,0,0,8.3,6.4,0,0,2.5,92.87,0,22.72,0,0,0,0,0,0,0,2.11,1.689656489,3.67,0,0
28/06/2024 17:30,33.19,0,0.46,1.08,1.54060387,26.78,2.34,0.36,0.1,0.8,2.640154365,16.78,17.67,2.55,0,0,0,0,0,1.121799802,0.5,0,0,0,8.3,6.4,0,0,2.5,92.87,0,22.72,0,0,0,0,0,0,0,2.11,1.726575174,3.67,0,0
28/06/2024 18:00,33.19,0,0.46,1.08,1.65568874,26.78,2.34,0.36,0.1,0.8,2.885367046,16.78,17.67,2.55,0,0,0,0,0,1.230887174,0.5,0,0,0,8.3,6.4,0,0,2.5,92.87,0,22.72,0,0,0,0,0,0,0,2.11,1.825640779,3.67,0,0
28/06/2024 18:30,33.19,0,0.46,1.08,1.685281335,26.78,2.34,0.36,0.1,0.8,3.075606023,16.78,17.67,2.55,0,0,0,0,0,1.314673863,0.5,0,0,0,8.3,6.4,0,0,2.5,92.87,0,22.72,0,0,0,0,0,0,0,2.11,1.894152026,3.67,0,0
28/06/2024 19:00,33.19,0,0.46,1.08,1.654364466,26.78,2.34,0.36,0.1,0.8,3.036051211,16.78,17.67,2.55,0,0,0,0,0,1.357754189,0.5,0,0,0,8.3,6.4,0,0,2.5,92.87,0,22.72,0,0,0,0,0,0,0,2.11,1.922520868,3.67,0,0
28/06/2024 19:30,33.19,0,0.46,1.08,1.564505769,26.78,2.34,0.36,0.1,0.8,2.825467549,16.78,17.67,2.55,0,0,0,0,0,1.368855637,0.5,0,0,0,8.3,6.4,0,0,2.5,92.87,0,22.72,0,0,0,0,0,0,0,2.11,1.846886197,3.67,0,0
28/06/2024 20:00,33.19,0,0.46,1.08,1.436512899,26.78,2.34,0.36,0.1,0.8,2.536180617,16.78,17.67,2.55,0,0,0,0,0,1.362654692,0.5,0,0,0,8.3,6.4,0,0,2.5,92.87,0,22.72,0,0,0,0,0,0,0,2.11,1.693928238,3.67,0,0
28/06/2024 20:30,33.19,0,0.46,1.08,1.301480881,26.78,2.34,0.36,0.1,0.8,2.244849437,16.78,17.67,2.55,0,0,0,0,0,1.343990665,0.5,0,0,0,8.3,6.4,0,0,2.5,92.87,0,22.72,0,0,0,0,0,0,0,2.11,1.530914793,3.67,0,0
28/06/2024 21:00,33.19,0,0.46,1.08,1.208163369,26.78,2.34,0.36,0.1,0.8,2.027665197,16.78,17.67,2.55,0,0,0,0,0,1.334346192,0.5,0,0,0,8.3,6.4,0,0,2.5,92.87,0,22.72,0,0,0,0,0,0,0,2.11,1.393548446,3.67,0,0
28/06/2024 21:30,33.19,0,0.46,1.08,1.141127896,26.78,2.34,0.36,0.1,0.8,1.909754562,16.78,17.67,2.55,0,0,0,0,0,1.321633816,0.5,0,0,0,8.3,6.4,0,0,2.5,92.87,0,22.72,0,0,0,0,0,0,0,2.11,1.314322379,3.67,0,0
28/06/2024 22:00,33.19,0,0.46,1.08,1.11788267,26.78,2.34,0.36,0.1,0.8,1.870527849,16.78,17.67,2.55,0,0,0,0,0,1.325440426,0.5,0,0,0,8.3,6.4,0,0,2.5,92.87,0,22.72,0,0,0,0,0,0,0,2.11,1.246230355,3.67,0,0
28/06/2024 22:30,33.19,0,0.46,1.08,1.080088704,26.78,2.34,0.36,0.1,0.8,1.819080563,16.78,17.67,2.55,0,0,0,0,0,1.328792526,0.5,0,0,0,8.3,6.4,0,0,2.5,92.87,0,22.72,0,0,0,0,0,0,0,2.11,1.18532596,3.67,0,0
28/06/2024 23:00,33.19,0,0.46,1.08,1.059035471,26.78,2.34,0.36,0.1,0.8,1.773176937,16.78,17.67,2.55,0,0,0,0,0,1.324108444,0.5,0,0,0,8.3,6.4,0,0,2.5,92.87,0,22.72,0,0,0,0,0,0,0,2.11,1.137144529,3.67,0,0
28/06/2024 23:30,33.19,0,0.46,1.08,1.040289866,26.78,2.34,0.36,0.1,0.8,1.727184104,16.78,17.67,2.55,0,0,0,0,0,1.315980214,0.5,0,0,0,8.3,6.4,0,0,2.5,92.87,0,22.72,0,0,0,0,0,0,0,2.11,1.102880724,3.67,0,0
29/06/2024 0:00,33.19,0,0.46,1.08,1.00768678,26.78,2.34,0.36,0.1,0.8,1.688572272,16.78,17.67,2.55,0,0,0,0,0,1.305464624,0.5,0,0,0,8.3,6.4,0,0,2.5,92.87,0,22.72,0,0,0,0,0,0,0,2.11,1.073528699,3.67,0,0
29/06/2024 0:30,33.19,0,0.46,1.08,0.986085309,26.78,2.34,0.36,0.1,0.8,1.655445284,16.78,17.67,2.55,0,0,0,0,0,1.301924692,0.5,0,0,0,8.3,6.4,0,0,2.5,92.87,0,22.72,0,0,0,0,0,0,0,2.11,1.049681185,3.67,0,0
29/06/2024 1:00,33.19,0,0.46,1.08,0.989671111,26.78,2.34,0.36,0.1,0.8,1.631317354,16.78,17.67,2.55,0,0,0,0,0,1.295649331,0.5,0,0,0,8.3,6.4,0,0,2.5,92.87,0,22.72,0,0,0,0,0,0,0,2.11,1.035980707,3.67,0,0
29/06/2024 1:30,33.19,0,0.46,1.08,0.979814351,26.78,2.34,0.36,0.1,0.8,1.610678027,16.78,17.67,2.55,0,0,0,0,0,1.293357341,0.5,0,0,0,8.3,6.4,0,0,2.5,92.87,0,22.72,0,0,0,0,0,0,0,2.11,1.022618852,3.67,0,0
29/06/2024 2:00,33.19,0,0.46,1.08,0.977998734,26.78,2.34,0.36,0.1,0.8,1.63366078,16.78,17.67,2.55,0,0,0,0,0,1.301021831,0.5,0,0,0,8.3,6.4,0,0,2.5,92.87,0,22.72,0,0,0,0,0,0,0,2.11,1.01693935,3.67,0,0
29/06/2024 2:30,33.19,0,0.46,1.08,0.969746723,26.78,2.34,0.36,0.1,0.8,1.636801146,16.78,17.67,2.55,0,0,0,0,0,1.307292838,0.5,0,0,0,8.3,6.4,0,0,2.5,92.87,0,22.72,0,0,0,0,0,0,0,2.11,1.018618154,3.67,0,0
29/06/2024 3:00,33.19,0,0.46,1.08,1.009711692,26.78,2.34,0.36,0.1,0.8,1.679839747,16.78,17.67,2.55,0,0,0,0,0,1.312562938,0.5,0,0,0,8.3,6.4,0,0,2.5,92.87,0,22.72,0,0,0,0,0,0,0,2.11,1.028006439,3.67,0,0
29/06/2024 3:30,33.19,0,0.46,1.08,1.096645348,26.78,2.34,0.36,0.1,0.8,1.839105486,16.78,17.67,2.55,0,0,0,0,0,1.299307367,0.5,0,0,0,8.3,6.4,0,0,2.5,92.87,0,22.72,0,0,0,0,0,0,0,2.11,1.094501604,3.67,0,0
29/06/2024 4:00,33.19,0,0.46,1.08,1.250674791,26.78,2.34,0.36,0.1,0.8,2.075001919,16.78,17.67,2.55,0,0,0,0,0,1.287502779,0.5,0,0,0,8.3,6.4,0,0,2.5,92.87,0,22.72,0,0,0,0,0,0,0,2.11,1.207171615,3.67,0,0
29/06/2024 4:30,33.19,0,0.46,1.08,1.262557839,26.78,2.34,0.36,0.1,0.8,2.116619281,16.78,17.67,2.55,0,0,0,0,0,1.255758874,0.5,0,0,0,8.3,6.4,0,0,2.5,92.87,0,22.72,0,0,0,0,0,0,0,2.11,1.25417115,3.67,0,0
29/06/2024 5:00,33.19,0,0.46,1.08,1.108527452,26.78,2.34,0.36,0.1,0.8,1.944163608,16.78,17.67,2.55,0,0,0,0,0,1.200832685,0.5,0,0,0,8.3,6.4,0,0,2.5,92.87,0,22.72,0,0,0,0,0,0,0,2.11,1.223210328,3.67,0,0
29/06/2024 5:30,33.19,0,0.46,1.08,1.065850424,26.78,2.34,0.36,0.1,0.8,1.826454421,16.78,17.67,2.55,0,0,0,0,0,1.144148004,0.5,0,0,0,8.3,6.4,0,0,2.5,92.87,0,22.72,0,0,0,0,0,0,0,2.11,1.202621517,3.67,0,0
29/06/2024 6:00,31.41,0,0.46,1.08,1.430455779,26.78,2.34,0.36,0.1,0.8,1.928805934,16.78,17.67,2.65,0,0,0,0,0,1.104411701,0.5,0,0,0,8.3,6.4,0,0,2.5,92.87,0,22.72,0,0,0,0,0,0,0,2.11,1.234128435,3.55,0,0
